Timestamp,User Count,Type,Name,Requests/s,Failures/s,50%,66%,75%,80%,90%,95%,98%,99%,99.9%,99.99%,100%,Total Request Count,Total Failure Count,Total Median Response Time,Total Average Response Time,Total Min Response Time,Total Max Response Time,Total Average Content Size
1790240754,0,,Aggregated,0.000000,0.000000,N/A,N/A,N/A,N/A,N/A,N/A,N/A,N/A,N/A,N/A,N/A,0,0,0,0.0,0,0,0
1790240755,1,,Aggregated,0.000000,0.000000,N/A,N/A,N/A,N/A,N/A,N/A,N/A,N/A,N/A,N/A,N/A,0,0,0,0.0,0,0,0
1790240756,2,,Aggregated,0.000000,0.000000,N/A,N/A,N/A,N/A,N/A,N/A,N/A,N/A,N/A,N/A,N/A,0,0,0,0.0,0,0,0
1790240757,3,,Aggregated,0.000000,0.000000,N/A,N/A,N/A,N/A,N/A,N/A,N/A,N/A,N/A,N/A,N/A,0,0,0,0.0,0,0,0
1790240758,4,,Aggregated,0.000000,0.000000,N/A,N/A,N/A,N/A,N/A,N/A,N/A,N/A,N/A,N/A,N/A,0,0,0,0.0,0,0,0
1790240759,5,,Aggregated,0.000000,0.000000,N/A,N/A,N/A,N/A,N/A,N/A,N/A,N/A,N/A,N/A,N/A,0,0,0,0.0,0,0,0
1790240760,6,,Aggregated,0.000000,0.000000,N/A,N/A,N/A,N/A,N/A,N/A,N/A,N/A,N/A,N/A,N/A,0,0,0,0.0,0,0,0
1790240761,7,,Aggregated,0.000000,0.000000,N/A,N/A,N/A,N/A,N/A,N/A,N/A,N/A,N/A,N/A,N/A,0,0,0,0.0,0,0,0
1790240762,8,,Aggregated,0.000000,0.000000,N/A,N/A,N/A,N/A,N/A,N/A,N/A,N/A,N/A,N/A,N/A,0,0,0,0.0,0,0,0
1790240763,9,,Aggregated,0.000000,0.000000,N/A,N/A,N/A,N/A,N/A,N/A,N/A,N/A,N/A,N/A,N/A,0,0,0,0.0,0,0,0
1790240764,10,,Aggregated,0.000000,0.000000,N/A,N/A,N/A,N/A,N/A,N/A,N/A,N/A,N/A,N/A,N/A,0,0,0,0.0,0,0,0
1790240765,11,,Aggregated,0.000000,0.000000,N/A,N/A,N/A,N/A,N/A,N/A,N/A,N/A,N/A,N/A,N/A,0,0,0,0.0,0,0,0
1790240766,12,,Aggregated,0.000000,0.000000,N/A,N/A,N/A,N/A,N/A,N/A,N/A,N/A,N/A,N/A,N/A,0,0,0,0.0,0,0,0
1790240767,13,,Aggregated,0.000000,0.000000,N/A,N/A,N/A,N/A,N/A,N/A,N/A,N/A,N/A,N/A,N/A,0,0,0,0.0,0,0,0
1790240768,14,,Aggregated,0.000000,0.000000,N/A,N/A,N/A,N/A,N/A,N/A,N/A,N/A,N/A,N/A,N/A,0,0,0,0.0,0,0,0
1790240769,15,,Aggregated,0.000000,0.000000,N/A,N/A,N/A,N/A,N/A,N/A,N/A,N/A,N/A,N/A,N/A,0,0,0,0.0,0,0,0
1790240770,16,,Aggregated,0.000000,0.000000,N/A,N/A,N/A,N/A,N/A,N/A,N/A,N/A,N/A,N/A,N/A,0,0,0,0.0,0,0,0
1790240771,16,,Aggregated,0.000000,0.000000,N/A,N/A,N/A,N/A,N/A,N/A,N/A,N/A,N/A,N/A,N/A,0,0,0,0.0,0,0,0
1790240772,16,,Aggregated,0.000000,0.000000,N/A,N/A,N/A,N/A,N/A,N/A,N/A,N/A,N/A,N/A,N/A,0,0,0,0.0,0,0,0
1790240773,16,,Aggregated,0.000000,0.000000,N/A,N/A,N/A,N/A,N/A,N/A,N/A,N/A,N/A,N/A,N/A,0,0,0,0.0,0,0,0
1790240774,16,,Aggregated,0.000000,0.000000,N/A,N/A,N/A,N/A,N/A,N/A,N/A,N/A,N/A,N/A,N/A,0,0,0,0.0,0,0,0
1790240775,16,,Aggregated,0.000000,0.000000,N/A,N/A,N/A,N/A,N/A,N/A,N/A,N/A,N/A,N/A,N/A,0,0,0,0.0,0,0,0
1790240776,16,,Aggregated,0.000000,0.000000,N/A,N/A,N/A,N/A,N/A,N/A,N/A,N/A,N/A,N/A,N/A,0,0,0,0.0,0,0,0
1790240777,16,,Aggregated,0.000000,0.000000,N/A,N/A,N/A,N/A,N/A,N/A,N/A,N/A,N/A,N/A,N/A,0,0,0,0.0,0,0,0
1790240778,16,,Aggregated,0.000000,0.000000,N/A,N/A,N/A,N/A,N/A,N/A,N/A,N/A,N/A,N/A,N/A,0,0,0,0.0,0,0,0
1790240779,16,,Aggregated,0.000000,0.000000,N/A,N/A,N/A,N/A,N/A,N/A,N/A,N/A,N/A,N/A,N/A,0,0,0,0.0,0,0,0
1790240780,16,,Aggregated,0.000000,0.000000,N/A,N/A,N/A,N/A,N/A,N/A,N/A,N/A,N/A,N/A,N/A,0,0,0,0.0,0,0,0
1790240781,16,,Aggregated,0.000000,0.000000,N/A,N/A,N/A,N/A,N/A,N/A,N/A,N/A,N/A,N/A,N/A,0,0,0,0.0,0,0,0
1790240782,16,,Aggregated,0.000000,0.000000,N/A,N/A,N/A,N/A,N/A,N/A,N/A,N/A,N/A,N/A,N/A,0,0,0,0.0,0,0,0
1790240783,16,,Aggregated,0.000000,0.000000,N/A,N/A,N/A,N/A,N/A,N/A,N/A,N/A,N/A,N/A,N/A,0,0,0,0.0,0,0,0
1790240784,16,,Aggregated,0.000000,0.000000,N/A,N/A,N/A,N/A,N/A,N/A,N/A,N/A,N/A,N/A,N/A,0,0,0,0.0,0,0,0
1790240785,16,,Aggregated,0.000000,0.000000,N/A,N/A,N/A,N/A,N/A,N/A,N/A,N/A,N/A,N/A,N/A,0,0,0,0.0,0,0,0
1790240786,16,,Aggregated,0.000000,0.000000,N/A,N/A,N/A,N/A,N/A,N/A,N/A,N/A,N/A,N/A,N/A,0,0,0,0.0,0,0,0
1790240787,16,,Aggregated,0.000000,0.000000,N/A,N/A,N/A,N/A,N/A,N/A,N/A,N/A,N/A,N/A,N/A,0,0,0,0.0,0,0,0
1790240788,16,,Aggregated,0.000000,0.000000,N/A,N/A,N/A,N/A,N/A,N/A,N/A,N/A,N/A,N/A,N/A,0,0,0,0.0,0,0,0
1790240789,16,,Aggregated,0.000000,0.000000,N/A,N/A,N/A,N/A,N/A,N/A,N/A,N/A,N/A,N/A,N/A,0,0,0,0.0,0,0,0
1790240790,16,,Aggregated,0.000000,0.000000,N/A,N/A,N/A,N/A,N/A,N/A,N/A,N/A,N/A,N/A,N/A,0,0,0,0.0,0,0,0
1790240791,16,,Aggregated,0.000000,0.000000,N/A,N/A,N/A,N/A,N/A,N/A,N/A,N/A,N/A,N/A,N/A,0,0,0,0.0,0,0,0
1790240792,16,,Aggregated,0.000000,0.000000,N/A,N/A,N/A,N/A,N/A,N/A,N/A,N/A,N/A,N/A,N/A,0,0,0,0.0,0,0,0
1790240793,16,,Aggregated,0.000000,0.000000,N/A,N/A,N/A,N/A,N/A,N/A,N/A,N/A,N/A,N/A,N/A,0,0,0,0.0,0,0,0
1790240794,16,,Aggregated,0.000000,0.000000,N/A,N/A,N/A,N/A,N/A,N/A,N/A,N/A,N/A,N/A,N/A,0,0,0,0.0,0,0,0
1790240795,16,,Aggregated,0.000000,0.000000,N/A,N/A,N/A,N/A,N/A,N/A,N/A,N/A,N/A,N/A,N/A,0,0,0,0.0,0,0,0
1790240796,16,,Aggregated,0.000000,0.000000,N/A,N/A,N/A,N/A,N/A,N/A,N/A,N/A,N/A,N/A,N/A,0,0,0,0.0,0,0,0
1790240797,16,,Aggregated,0.000000,0.000000,N/A,N/A,N/A,N/A,N/A,N/A,N/A,N/A,N/A,N/A,N/A,0,0,0,0.0,0,0,0
1790240798,16,,Aggregated,0.000000,0.000000,N/A,N/A,N/A,N/A,N/A,N/A,N/A,N/A,N/A,N/A,N/A,0,0,0,0.0,0,0,0
1790240799,16,,Aggregated,0.000000,0.000000,N/A,N/A,N/A,N/A,N/A,N/A,N/A,N/A,N/A,N/A,N/A,0,0,0,0.0,0,0,0
1790240800,16,,Aggregated,0.000000,0.000000,N/A,N/A,N/A,N/A,N/A,N/A,N/A,N/A,N/A,N/A,N/A,0,0,0,0.0,0,0,0
1790240801,16,,Aggregated,0.000000,0.000000,N/A,N/A,N/A,N/A,N/A,N/A,N/A,N/A,N/A,N/A,N/A,0,0,0,0.0,0,0,0
1790240802,16,,Aggregated,0.000000,0.000000,N/A,N/A,N/A,N/A,N/A,N/A,N/A,N/A,N/A,N/A,N/A,0,0,0,0.0,0,0,0
1790240803,16,,Aggregated,0.000000,0.000000,N/A,N/A,N/A,N/A,N/A,N/A,N/A,N/A,N/A,N/A,N/A,0,0,0,0.0,0,0,0
1790240804,16,,Aggregated,0.000000,0.000000,N/A,N/A,N/A,N/A,N/A,N/A,N/A,N/A,N/A,N/A,N/A,0,0,0,0.0,0,0,0
1790240805,16,,Aggregated,0.000000,0.000000,N/A,N/A,N/A,N/A,N/A,N/A,N/A,N/A,N/A,N/A,N/A,0,0,0,0.0,0,0,0
1790240806,16,,Aggregated,0.000000,0.000000,N/A,N/A,N/A,N/A,N/A,N/A,N/A,N/A,N/A,N/A,N/A,0,0,0,0.0,0,0,0
1790240807,16,,Aggregated,0.000000,0.000000,N/A,N/A,N/A,N/A,N/A,N/A,N/A,N/A,N/A,N/A,N/A,0,0,0,0.0,0,0,0
1790240808,16,,Aggregated,0.000000,0.000000,N/A,N/A,N/A,N/A,N/A,N/A,N/A,N/A,N/A,N/A,N/A,0,0,0,0.0,0,0,0
1790240809,16,,Aggregated,0.000000,0.000000,N/A,N/A,N/A,N/A,N/A,N/A,N/A,N/A,N/A,N/A,N/A,0,0,0,0.0,0,0,0
1790240810,16,,Aggregated,0.000000,0.000000,N/A,N/A,N/A,N/A,N/A,N/A,N/A,N/A,N/A,N/A,N/A,0,0,0,0.0,0,0,0
1790240811,16,,Aggregated,0.000000,0.000000,N/A,N/A,N/A,N/A,N/A,N/A,N/A,N/A,N/A,N/A,N/A,0,0,0,0.0,0,0,0
1790240812,16,,Aggregated,0.000000,0.000000,N/A,N/A,N/A,N/A,N/A,N/A,N/A,N/A,N/A,N/A,N/A,0,0,0,0.0,0,0,0
1790240813,16,,Aggregated,0.000000,0.000000,N/A,N/A,N/A,N/A,N/A,N/A,N/A,N/A,N/A,N/A,N/A,0,0,0,0.0,0,0,0
1790240814,16,,Aggregated,0.000000,0.000000,N/A,N/A,N/A,N/A,N/A,N/A,N/A,N/A,N/A,N/A,N/A,0,0,0,0.0,0,0,0
1790240815,16,,Aggregated,0.000000,0.000000,N/A,N/A,N/A,N/A,N/A,N/A,N/A,N/A,N/A,N/A,N/A,0,0,0,0.0,0,0,0
1790240816,16,,Aggregated,0.000000,0.000000,N/A,N/A,N/A,N/A,N/A,N/A,N/A,N/A,N/A,N/A,N/A,0,0,0,0.0,0,0,0
1790240817,16,,Aggregated,0.000000,0.000000,N/A,N/A,N/A,N/A,N/A,N/A,N/A,N/A,N/A,N/A,N/A,0,0,0,0.0,0,0,0
1790240818,16,,Aggregated,0.000000,0.000000,N/A,N/A,N/A,N/A,N/A,N/A,N/A,N/A,N/A,N/A,N/A,0,0,0,0.0,0,0,0
1790240819,16,,Aggregated,0.000000,0.000000,N/A,N/A,N/A,N/A,N/A,N/A,N/A,N/A,N/A,N/A,N/A,0,0,0,0.0,0,0,0
1790240820,16,,Aggregated,0.000000,0.000000,N/A,N/A,N/A,N/A,N/A,N/A,N/A,N/A,N/A,N/A,N/A,0,0,0,0.0,0,0,0
1790240821,16,,Aggregated,0.000000,0.000000,N/A,N/A,N/A,N/A,N/A,N/A,N/A,N/A,N/A,N/A,N/A,0,0,0,0.0,0,0,0
1790240822,16,POST,completion,0.000000,0.000000,0,0,0,0,0,0,0,0,0,0,0,1,0,62380.85852190852,62380.85852190852,62380.85852190852,62380.85852190852,128.0
1790240822,16,TPOT,completion,0.000000,0.000000,0,0,0,0,0,0,0,0,0,0,0,1,0,461.9114390083068,461.9114390083068,461.9114390083068,461.9114390083068,0.0
1790240822,16,TTFT,completion,0.000000,0.000000,0,0,0,0,0,0,0,0,0,0,0,1,0,3717.9541389923543,3717.9541389923543,3717.9541389923543,3717.9541389923543,0.0
1790240822,16,,Aggregated,0.000000,0.000000,0,0,0,0,0,0,0,0,0,0,0,3,0,3700,22186.90803330306,461.9114390083068,62380.85852190852,42.666666666666664
1790240823,16,POST,completion,0.000000,0.000000,0,0,0,0,0,0,0,0,0,0,0,1,0,62380.85852190852,62380.85852190852,62380.85852190852,62380.85852190852,128.0
1790240823,16,TPOT,completion,0.000000,0.000000,0,0,0,0,0,0,0,0,0,0,0,1,0,461.9114390083068,461.9114390083068,461.9114390083068,461.9114390083068,0.0
1790240823,16,TTFT,completion,0.000000,0.000000,0,0,0,0,0,0,0,0,0,0,0,1,0,3717.9541389923543,3717.9541389923543,3717.9541389923543,3717.9541389923543,0.0
1790240823,16,,Aggregated,0.000000,0.000000,0,0,0,0,0,0,0,0,0,0,0,3,0,3700,22186.90803330306,461.9114390083068,62380.85852190852,42.666666666666664
1790240825,16,POST,completion,0.000000,0.000000,62000,62000,62000,62000,62000,62000,62000,62000,62000,62000,62000,1,0,62380.85852190852,62380.85852190852,62380.85852190852,62380.85852190852,128.0
1790240825,16,TPOT,completion,0.000000,0.000000,460,460,460,460,460,460,460,460,460,460,460,1,0,461.9114390083068,461.9114390083068,461.9114390083068,461.9114390083068,0.0
1790240825,16,TTFT,completion,0.000000,0.000000,3700,3700,3700,3700,3700,3700,3700,3700,3700,3700,3700,1,0,3717.9541389923543,3717.9541389923543,3717.9541389923543,3717.9541389923543,0.0
1790240825,16,,Aggregated,0.000000,0.000000,0,0,0,0,0,0,0,0,0,0,0,3,0,3700,22186.90803330306,461.9114390083068,62380.85852190852,42.666666666666664
1790240826,16,POST,completion,0.000000,0.000000,62000,62000,62000,62000,62000,62000,62000,62000,62000,62000,62000,1,0,62380.85852190852,62380.85852190852,62380.85852190852,62380.85852190852,128.0
1790240826,16,TPOT,completion,0.000000,0.000000,460,460,460,460,460,460,460,460,460,460,460,1,0,461.9114390083068,461.9114390083068,461.9114390083068,461.9114390083068,0.0
1790240826,16,TTFT,completion,0.000000,0.000000,3700,3700,3700,3700,3700,3700,3700,3700,3700,3700,3700,1,0,3717.9541389923543,3717.9541389923543,3717.9541389923543,3717.9541389923543,0.0
1790240826,16,,Aggregated,0.000000,0.000000,0,0,0,0,0,0,0,0,0,0,0,3,0,3700,22186.90803330306,461.9114390083068,62380.85852190852,42.666666666666664
1790240827,16,POST,completion,0.000000,0.000000,62000,62000,62000,62000,62000,62000,62000,62000,62000,62000,62000,1,0,62380.85852190852,62380.85852190852,62380.85852190852,62380.85852190852,128.0
1790240827,16,TPOT,completion,0.000000,0.000000,460,460,460,460,460,460,460,460,460,460,460,1,0,461.9114390083068,461.9114390083068,461.9114390083068,461.9114390083068,0.0
1790240827,16,TTFT,completion,0.000000,0.000000,3700,3700,3700,3700,3700,3700,3700,3700,3700,3700,3700,1,0,3717.9541389923543,3717.9541389923543,3717.9541389923543,3717.9541389923543,0.0
1790240827,16,,Aggregated,0.000000,0.000000,0,0,0,0,0,0,0,0,0,0,0,3,0,3700,22186.90803330306,461.9114390083068,62380.85852190852,42.666666666666664
1790240828,16,POST,completion,0.000000,0.000000,62000,62000,62000,62000,62000,62000,62000,62000,62000,62000,62000,1,0,62380.85852190852,62380.85852190852,62380.85852190852,62380.85852190852,128.0
1790240828,16,TPOT,completion,0.000000,0.000000,460,460,460,460,460,460,460,460,460,460,460,1,0,461.9114390083068,461.9114390083068,461.9114390083068,461.9114390083068,0.0
1790240828,16,TTFT,completion,0.000000,0.000000,3700,3700,3700,3700,3700,3700,3700,3700,3700,3700,3700,1,0,3717.9541389923543,3717.9541389923543,3717.9541389923543,3717.9541389923543,0.0
1790240828,16,,Aggregated,0.000000,0.000000,0,0,0,0,0,0,0,0,0,0,0,3,0,3700,22186.90803330306,461.9114390083068,62380.85852190852,42.666666666666664
1790240829,16,POST,completion,0.100000,0.000000,64000,64000,64000,64000,64000,64000,64000,64000,64000,64000,64000,2,0,63805.67412893288,63093.2663254207,62380.85852190852,63805.67412893288,128.0
1790240829,16,TPOT,completion,0.100000,0.000000,470,470,470,470,470,470,470,470,470,470,470,2,0,469.83223490593,465.8718369571184,461.9114390083068,469.83223490593,0.0
1790240829,16,TTFT,completion,0.100000,0.000000,4100,4100,4100,4100,4100,4100,4100,4100,4100,4100,4100,2,0,4100,3927.4045759811997,3717.9541389923543,4136.855012970045,0.0
1790240829,16,,Aggregated,0.300000,0.000000,4100,4100,64000,64000,64000,64000,64000,64000,64000,64000,64000,6,0,4100,22495.51424611967,461.9114390083068,63805.67412893288,42.666666666666664
1790240830,16,POST,completion,0.100000,0.000000,64000,64000,64000,64000,64000,64000,64000,64000,64000,64000,64000,2,0,63805.67412893288,63093.2663254207,62380.85852190852,63805.67412893288,128.0
1790240830,16,TPOT,completion,0.100000,0.000000,470,470,470,470,470,470,470,470,470,470,470,2,0,469.83223490593,465.8718369571184,461.9114390083068,469.83223490593,0.0
1790240830,16,TTFT,completion,0.100000,0.000000,4100,4100,4100,4100,4100,4100,4100,4100,4100,4100,4100,2,0,4100,3927.4045759811997,3717.9541389923543,4136.855012970045,0.0
1790240830,16,,Aggregated,0.300000,0.000000,4100,4100,64000,64000,64000,64000,64000,64000,64000,64000,64000,6,0,4100,22495.51424611967,461.9114390083068,63805.67412893288,42.666666666666664
1790240831,16,POST,completion,0.100000,0.000000,64000,64000,72000,72000,72000,72000,72000,72000,72000,72000,72000,4,0,64000,65564.32321970351,62380.85852190852,71942.2946521081,128.0
1790240831,16,TPOT,completion,0.100000,0.000000,470,470,540,540,540,540,540,540,540,540,540,4,0,470,484.73138701607013,461.9114390083068,537.1840958663182,0.0
1790240831,16,TTFT,completion,0.100000,0.000000,4100,4100,4400,4400,4400,4400,4400,4400,4400,4400,4400,4,0,4100,4003.3117734710686,3717.9541389923543,4438.641907880083,0.0
1790240831,16,,Aggregated,0.300000,0.000000,4100,4400,64000,64000,72000,72000,72000,72000,72000,72000,72000,12,0,4100,23350.788793396885,461.9114390083068,71942.2946521081,42.666666666666664
1790240832,16,POST,completion,0.100000,0.000000,64000,64000,72000,72000,72000,72000,72000,72000,72000,72000,72000,4,0,64000,65564.32321970351,62380.85852190852,71942.2946521081,128.0
1790240832,16,TPOT,completion,0.100000,0.000000,470,470,540,540,540,540,540,540,540,540,540,4,0,470,484.73138701607013,461.9114390083068,537.1840958663182,0.0
1790240832,16,TTFT,completion,0.100000,0.000000,4100,4100,4400,4400,4400,4400,4400,4400,4400,4400,4400,4,0,4100,4003.3117734710686,3717.9541389923543,4438.641907880083,0.0
1790240832,16,,Aggregated,0.300000,0.000000,4100,4400,64000,64000,72000,72000,72000,72000,72000,72000,72000,12,0,4100,23350.788793396885,461.9114390083068,71942.2946521081,42.666666666666664
1790240833,16,POST,completion,0.100000,0.000000,64000,64000,72000,72000,72000,72000,72000,72000,72000,72000,72000,4,0,64000,65564.32321970351,62380.85852190852,71942.2946521081,128.0
1790240833,16,TPOT,completion,0.100000,0.000000,470,470,540,540,540,540,540,540,540,540,540,4,0,470,484.73138701607013,461.9114390083068,537.1840958663182,0.0
1790240833,16,TTFT,completion,0.100000,0.000000,4100,4100,4400,4400,4400,4400,4400,4400,4400,4400,4400,4,0,4100,4003.3117734710686,3717.9541389923543,4438.641907880083,0.0
1790240833,16,,Aggregated,0.300000,0.000000,4100,4400,64000,64000,72000,72000,72000,72000,72000,72000,72000,12,0,4100,23350.788793396885,461.9114390083068,71942.2946521081,42.666666666666664
1790240834,16,POST,completion,0.100000,0.000000,64000,64000,72000,72000,72000,72000,72000,72000,72000,72000,72000,4,0,64000,65564.32321970351,62380.85852190852,71942.2946521081,128.0
1790240834,16,TPOT,completion,0.100000,0.000000,470,470,540,540,540,540,540,540,540,540,540,4,0,470,484.73138701607013,461.9114390083068,537.1840958663182,0.0
1790240834,16,TTFT,completion,0.100000,0.000000,4100,4100,4400,4400,4400,4400,4400,4400,4400,4400,4400,4,0,4100,4003.3117734710686,3717.9541389923543,4438.641907880083,0.0
1790240834,16,,Aggregated,0.300000,0.000000,4100,4400,64000,64000,72000,72000,72000,72000,72000,72000,72000,12,0,4100,23350.788793396885,461.9114390083068,71942.2946521081,42.666666666666664
1790240835,16,POST,completion,0.100000,0.000000,64000,64000,72000,72000,72000,72000,72000,72000,72000,72000,72000,4,0,64000,65564.32321970351,62380.85852190852,71942.2946521081,128.0
1790240835,16,TPOT,completion,0.100000,0.000000,470,470,540,540,540,540,540,540,540,540,540,4,0,470,484.73138701607013,461.9114390083068,537.1840958663182,0.0
1790240835,16,TTFT,completion,0.100000,0.000000,4100,4100,4400,4400,4400,4400,4400,4400,4400,4400,4400,4,0,4100,4003.3117734710686,3717.9541389923543,4438.641907880083,0.0
1790240835,16,,Aggregated,0.300000,0.000000,4100,4400,64000,64000,72000,72000,72000,72000,72000,72000,72000,12,0,4100,23350.788793396885,461.9114390083068,71942.2946521081,42.666666666666664
1790240836,16,POST,completion,0.300000,0.000000,64000,64000,64000,72000,72000,72000,72000,72000,72000,72000,72000,6,0,64000,64519.208350490466,60872.06416414119,71942.2946521081,128.0
1790240836,16,TPOT,completion,0.300000,0.000000,470,470,470,540,540,540,540,540,540,540,540,6,0,470,472.98499446739925,430.62627099190405,537.1840958663182,0.0
1790240836,16,TTFT,completion,0.300000,0.000000,4400,4500,4500,6200,6200,6200,6200,6200,6200,6200,6200,6,0,4400,4449.973871349357,3717.9541389923543,6182.311138138175,0.0
1790240836,16,,Aggregated,0.900000,0.000000,4400,6200,64000,64000,64000,72000,72000,72000,72000,72000,72000,18,0,4400,23147.38907210241,430.62627099190405,71942.2946521081,42.666666666666664
1790240837,16,POST,completion,0.300000,0.000000,64000,64000,64000,64000,72000,72000,72000,72000,72000,72000,72000,7,0,64000,64462.07258570939,60872.06416414119,71942.2946521081,128.0
1790240837,16,TPOT,completion,0.300000,0.000000,470,470,470,470,540,540,540,540,540,540,540,7,0,470,472.2921028966347,430.62627099190405,537.1840958663182,0.0
1790240837,16,TTFT,completion,0.300000,0.000000,4500,4500,4700,4700,6200,6200,6200,6200,6200,6200,6200,7,0,4400,4480.8380767104345,3717.9541389923543,6182.311138138175,0.0
1790240837,16,,Aggregated,0.900000,0.000000,4500,6200,64000,64000,64000,72000,72000,72000,72000,72000,72000,21,0,4400,23138.400921772158,430.62627099190405,71942.2946521081,42.666666666666664
1790240838,16,POST,completion,0.300000,0.000000,64000,64000,64000,64000,72000,72000,72000,72000,72000,72000,72000,7,0,64000,64462.07258570939,60872.06416414119,71942.2946521081,128.0
1790240838,16,TPOT,completion,0.300000,0.000000,470,470,470,470,540,540,540,540,540,540,540,7,0,470,472.2921028966347,430.62627099190405,537.1840958663182,0.0
1790240838,16,TTFT,completion,0.300000,0.000000,4500,4500,4700,4700,6200,6200,6200,6200,6200,6200,6200,7,0,4400,4480.8380767104345,3717.9541389923543,6182.311138138175,0.0
1790240838,16,,Aggregated,0.900000,0.000000,4500,6200,64000,64000,64000,72000,72000,72000,72000,72000,72000,21,0,4400,23138.400921772158,430.62627099190405,71942.2946521081,42.666666666666664
1790240839,16,POST,completion,0.300000,0.000000,64000,64000,64000,72000,72000,72000,72000,72000,72000,72000,72000,7,0,64000,64462.07258570939,60872.06416414119,71942.2946521081,128.0
1790240839,16,TPOT,completion,0.300000,0.000000,470,470,470,540,540,540,540,540,540,540,540,7,0,470,472.2921028966347,430.62627099190405,537.1840958663182,0.0
1790240839,16,TTFT,completion,0.300000,0.000000,4500,4700,4700,6200,6200,6200,6200,6200,6200,6200,6200,7,0,4400,4480.8380767104345,3717.9541389923543,6182.311138138175,0.0
1790240839,16,,Aggregated,0.900000,0.000000,4500,6200,64000,64000,64000,72000,72000,72000,72000,72000,72000,21,0,4400,23138.400921772158,430.62627099190405,71942.2946521081,42.666666666666664
1790240840,16,POST,completion,0.300000,0.000000,64000,64000,64000,72000,72000,72000,72000,72000,72000,72000,72000,7,0,64000,64462.07258570939,60872.06416414119,71942.2946521081,128.0
1790240840,16,TPOT,completion,0.300000,0.000000,470,470,470,540,540,540,540,540,540,540,540,7,0,470,472.2921028966347,430.62627099190405,537.1840958663182,0.0
1790240840,16,TTFT,completion,0.300000,0.000000,4500,4700,4700,6200,6200,6200,6200,6200,6200,6200,6200,7,0,4400,4480.8380767104345,3717.9541389923543,6182.311138138175,0.0
1790240840,16,,Aggregated,0.900000,0.000000,4500,6200,64000,64000,64000,72000,72000,72000,72000,72000,72000,21,0,4400,23138.400921772158,430.62627099190405,71942.2946521081,42.666666666666664
1790240841,16,POST,completion,0.300000,0.000000,64000,64000,64000,72000,72000,72000,72000,72000,72000,72000,72000,7,0,64000,64462.07258570939,60872.06416414119,71942.2946521081,128.0
1790240841,16,TPOT,completion,0.300000,0.000000,470,470,470,540,540,540,540,540,540,540,540,7,0,470,472.2921028966347,430.62627099190405,537.1840958663182,0.0
1790240841,16,TTFT,completion,0.300000,0.000000,4500,4700,4700,6200,6200,6200,6200,6200,6200,6200,6200,7,0,4400,4480.8380767104345,3717.9541389923543,6182.311138138175,0.0
1790240841,16,,Aggregated,0.900000,0.000000,4500,6200,64000,64000,64000,72000,72000,72000,72000,72000,72000,21,0,4400,23138.400921772158,430.62627099190405,71942.2946521081,42.666666666666664
1790240842,16,POST,completion,0.500000,0.000000,61000,64000,64000,64000,64000,64000,64000,64000,64000,64000,64000,9,0,64000,62778.1345987589,54648.80172791891,71942.2946521081,128.0
1790240842,16,TPOT,completion,0.500000,0.000000,430,470,470,470,470,470,470,470,470,470,470,9,0,470,457.2768908960391,385.9448161573831,537.1840958663182,0.0
1790240842,16,TTFT,completion,0.500000,0.000000,5300,5600,5600,6200,6200,6200,6200,6200,6200,6200,6200,9,0,4500,4703.840365659238,3717.9541389923543,6182.311138138175,0.0
1790240842,16,,Aggregated,1.500000,0.000000,5300,6200,59000,61000,64000,64000,64000,64000,64000,64000,64000,27,0,4500,22646.417285104726,385.9448161573831,71942.2946521081,42.666666666666664
1790240843,16,POST,completion,0.500000,0.000000,61000,64000,64000,64000,64000,64000,64000,64000,64000,64000,64000,9,0,64000,62778.1345987589,54648.80172791891,71942.2946521081,128.0
1790240843,16,TPOT,completion,0.500000,0.000000,430,470,470,470,470,470,470,470,470,470,470,9,0,470,457.2768908960391,385.9448161573831,537.1840958663182,0.0
1790240843,16,TTFT,completion,0.500000,0.000000,5300,5600,5600,6200,6200,6200,6200,6200,6200,6200,6200,9,0,4500,4703.840365659238,3717.9541389923543,6182.311138138175,0.0
1790240843,16,,Aggregated,1.500000,0.000000,5300,6200,59000,61000,64000,64000,64000,64000,64000,64000,64000,27,0,4500,22646.417285104726,385.9448161573831,71942.2946521081,42.666666666666664
1790240844,16,POST,completion,0.500000,0.000000,61000,64000,64000,64000,64000,64000,64000,64000,64000,64000,64000,9,0,64000,62778.1345987589,54648.80172791891,71942.2946521081,128.0
1790240844,16,TPOT,completion,0.500000,0.000000,430,470,470,470,470,470,470,470,470,470,470,9,0,470,457.2768908960391,385.9448161573831,537.1840958663182,0.0
1790240844,16,TTFT,completion,0.500000,0.000000,5300,5600,5600,6200,6200,6200,6200,6200,6200,6200,6200,9,0,4500,4703.840365659238,3717.9541389923543,6182.311138138175,0.0
1790240844,16,,Aggregated,1.500000,0.000000,5300,6200,59000,61000,64000,64000,64000,64000,64000,64000,64000,27,0,4500,22646.417285104726,385.9448161573831,71942.2946521081,42.666666666666664
1790240845,16,POST,completion,0.500000,0.000000,59000,59000,64000,64000,64000,64000,64000,64000,64000,64000,64000,9,0,64000,62778.1345987589,54648.80172791891,71942.2946521081,128.0
1790240845,16,TPOT,completion,0.500000,0.000000,420,420,470,470,470,470,470,470,470,470,470,9,0,470,457.2768908960391,385.9448161573831,537.1840958663182,0.0
1790240845,16,TTFT,completion,0.500000,0.000000,5300,5300,5600,5600,5600,5600,5600,5600,5600,5600,5600,9,0,4500,4703.840365659238,3717.9541389923543,6182.311138138175,0.0
1790240845,16,,Aggregated,1.500000,0.000000,5300,5600,55000,59000,64000,64000,64000,64000,64000,64000,64000,27,0,4500,22646.417285104726,385.9448161573831,71942.2946521081,42.666666666666664
1790240846,16,POST,completion,0.500000,0.000000,64000,64000,64000,64000,64000,64000,64000,64000,64000,64000,64000,10,0,64000,62931.40845159069,54648.80172791891,71942.2946521081,128.0
1790240846,16,TPOT,completion,0.500000,0.000000,460,460,470,470,470,470,470,470,470,470,470,10,0,470,457.9024992379044,385.9448161573831,537.1840958663182,0.0
1790240846,16,TTFT,completion,0.500000,0.000000,5400,5400,5600,5600,5600,5600,5600,5600,5600,5600,5600,10,0,4700,4777.667539892718,3717.9541389923543,6182.311138138175,0.0
1790240846,16,,Aggregated,1.500000,0.000000,5400,5600,59000,59000,64000,64000,64000,64000,64000,64000,64000,30,0,4700,22722.32616357377,385.9448161573831,71942.2946521081,42.666666666666664
1790240847,16,POST,completion,0.500000,0.000000,64000,64000,64000,82000,82000,82000,82000,82000,82000,82000,82000,11,0,64000,64655.00506970354,54648.80172791891,81890.97125083208,128.0
1790240847,16,TPOT,completion,0.500000,0.000000,460,470,470,610,610,610,610,610,610,610,610,11,0,470,471.7763595764026,385.9448161573831,610.514962961384,0.0
1790240847,16,TTFT,completion,0.500000,0.000000,5300,5400,5400,5600,5600,5600,5600,5600,5600,5600,5600,11,0,4500,4739.284645893018,3717.9541389923543,6182.311138138175,0.0
1790240847,16,,Aggregated,1.500000,0.000000,5300,5600,59000,64000,64000,82000,82000,82000,82000,82000,82000,33,0,4500,23288.68869172432,385.9448161573831,81890.97125083208,42.666666666666664
1790240848,16,POST,completion,0.500000,0.000000,64000,64000,82000,82000,82000,82000,82000,82000,82000,82000,82000,11,0,64000,64655.00506970354,54648.80172791891,81890.97125083208,128.0
1790240848,16,TPOT,completion,0.500000,0.000000,460,460,610,610,610,610,610,610,610,610,610,11,0,470,471.7763595764026,385.9448161573831,610.514962961384,0.0
1790240848,16,TTFT,completion,0.500000,0.000000,5400,5400,5600,5600,5600,5600,5600,5600,5600,5600,5600,11,0,4500,4739.284645893018,3717.9541389923543,6182.311138138175,0.0
1790240848,16,,Aggregated,1.500000,0.000000,5400,5600,59000,59000,64000,82000,82000,82000,82000,82000,82000,33,0,4500,23288.68869172432,385.9448161573831,81890.97125083208,42.666666666666664
1790240849,16,POST,completion,0.500000,0.000000,64000,64000,82000,82000,82000,82000,82000,82000,82000,82000,82000,11,0,64000,64655.00506970354,54648.80172791891,81890.97125083208,128.0
1790240849,16,TPOT,completion,0.500000,0.000000,460,460,610,610,610,610,610,610,610,610,610,11,0,470,471.7763595764026,385.9448161573831,610.514962961384,0.0
1790240849,16,TTFT,completion,0.500000,0.000000,5400,5400,5600,5600,5600,5600,5600,5600,5600,5600,5600,11,0,4500,4739.284645893018,3717.9541389923543,6182.311138138175,0.0
1790240849,16,,Aggregated,1.500000,0.000000,5400,5600,59000,59000,64000,82000,82000,82000,82000,82000,82000,33,0,4500,23288.68869172432,385.9448161573831,81890.97125083208,42.666666666666664
1790240850,16,POST,completion,0.400000,0.000000,64000,74000,78000,78000,82000,82000,82000,82000,82000,82000,82000,14,0,64000,66138.6404353959,54648.80172791891,81890.97125083208,128.0
1790240850,16,TPOT,completion,0.400000,0.000000,460,530,570,570,610,610,610,610,610,610,610,14,0,470,482.36586481486785,385.9448161573831,610.514962961384,0.0
1790240850,16,TTFT,completion,0.400000,0.000000,5300,5400,5600,5600,6200,6200,6200,6200,6200,6200,6200,14,0,4700,4878.061440640262,3717.9541389923543,6224.373972974718,0.0
1790240850,16,,Aggregated,1.200000,0.000000,5300,6200,59000,63000,74000,78000,82000,82000,82000,82000,82000,42,0,4700,23833.022580283676,385.9448161573831,81890.97125083208,42.666666666666664
1790240851,16,POST,completion,0.400000,0.000000,64000,74000,78000,78000,82000,82000,82000,82000,82000,82000,82000,14,0,64000,66138.6404353959,54648.80172791891,81890.97125083208,128.0
1790240851,16,TPOT,completion,0.400000,0.000000,460,530,570,570,610,610,610,610,610,610,610,14,0,470,482.36586481486785,385.9448161573831,610.514962961384,0.0
1790240851,16,TTFT,completion,0.400000,0.000000,5300,5400,5600,5600,6200,6200,6200,6200,6200,6200,6200,14,0,4700,4878.061440640262,3717.9541389923543,6224.373972974718,0.0
1790240851,16,,Aggregated,1.200000,0.000000,5300,6200,59000,63000,74000,78000,82000,82000,82000,82000,82000,42,0,4700,23833.022580283676,385.9448161573831,81890.97125083208,42.666666666666664
1790240852,16,POST,completion,0.400000,0.000000,64000,74000,78000,78000,82000,82000,82000,82000,82000,82000,82000,14,0,64000,66138.6404353959,54648.80172791891,81890.97125083208,128.0
1790240852,16,TPOT,completion,0.400000,0.000000,460,530,570,570,610,610,610,610,610,610,610,14,0,470,482.36586481486785,385.9448161573831,610.514962961384,0.0
1790240852,16,TTFT,completion,0.400000,0.000000,5300,5400,5600,5600,6200,6200,6200,6200,6200,6200,6200,14,0,4700,4878.061440640262,3717.9541389923543,6224.373972974718,0.0
1790240852,16,,Aggregated,1.200000,0.000000,5300,6200,59000,63000,74000,78000,82000,82000,82000,82000,82000,42,0,4700,23833.022580283676,385.9448161573831,81890.97125083208,42.666666666666664
1790240853,16,POST,completion,0.400000,0.000000,74000,78000,78000,82000,82000,82000,82000,82000,82000,82000,82000,14,0,64000,66138.6404353959,54648.80172791891,81890.97125083208,128.0
1790240853,16,TPOT,completion,0.400000,0.000000,530,570,570,610,610,610,610,610,610,610,610,14,0,470,482.36586481486785,385.9448161573831,610.514962961384,0.0
1790240853,16,TTFT,completion,0.400000,0.000000,5200,5400,5400,6200,6200,6200,6200,6200,6200,6200,6200,14,0,4700,4878.061440640262,3717.9541389923543,6224.373972974718,0.0
1790240853,16,,Aggregated,1.200000,0.000000,5200,6200,64000,74000,78000,82000,82000,82000,82000,82000,82000,42,0,4700,23833.022580283676,385.9448161573831,81890.97125083208,42.666666666666664
1790240854,16,POST,completion,0.400000,0.000000,74000,78000,78000,82000,82000,82000,82000,82000,82000,82000,82000,14,0,64000,66138.6404353959,54648.80172791891,81890.97125083208,128.0
1790240854,16,TPOT,completion,0.400000,0.000000,530,570,570,610,610,610,610,610,610,610,610,14,0,470,482.36586481486785,385.9448161573831,610.514962961384,0.0
1790240854,16,TTFT,completion,0.400000,0.000000,5200,5400,5400,6200,6200,6200,6200,6200,6200,6200,6200,14,0,4700,4878.061440640262,3717.9541389923543,6224.373972974718,0.0
1790240854,16,,Aggregated,1.200000,0.000000,5200,6200,64000,74000,78000,82000,82000,82000,82000,82000,82000,42,0,4700,23833.022580283676,385.9448161573831,81890.97125083208,42.666666666666664
1790240855,16,POST,completion,0.400000,0.000000,78000,78000,82000,82000,82000,82000,82000,82000,82000,82000,82000,14,0,64000,66138.6404353959,54648.80172791891,81890.97125083208,128.0
1790240855,16,TPOT,completion,0.400000,0.000000,570,570,610,610,610,610,610,610,610,610,610,14,0,470,482.36586481486785,385.9448161573831,610.514962961384,0.0
1790240855,16,TTFT,completion,0.400000,0.000000,5200,5200,6200,6200,6200,6200,6200,6200,6200,6200,6200,14,0,4700,4878.061440640262,3717.9541389923543,6224.373972974718,0.0
1790240855,16,,Aggregated,1.200000,0.000000,5200,6200,74000,74000,78000,82000,82000,82000,82000,82000,82000,42,0,4700,23833.022580283676,385.9448161573831,81890.97125083208,42.666666666666664
1790240856,16,POST,completion,0.400000,0.000000,78000,78000,82000,82000,82000,82000,82000,82000,82000,82000,82000,14,0,64000,66138.6404353959,54648.80172791891,81890.97125083208,128.0
1790240856,16,TPOT,completion,0.400000,0.000000,570,570,610,610,610,610,610,610,610,610,610,14,0,470,482.36586481486785,385.9448161573831,610.514962961384,0.0
1790240856,16,TTFT,completion,0.400000,0.000000,5200,5200,6200,6200,6200,6200,6200,6200,6200,6200,6200,14,0,4700,4878.061440640262,3717.9541389923543,6224.373972974718,0.0
1790240856,16,,Aggregated,1.200000,0.000000,5200,6200,74000,74000,78000,82000,82000,82000,82000,82000,82000,42,0,4700,23833.022580283676,385.9448161573831,81890.97125083208,42.666666666666664
1790240857,16,POST,completion,0.400000,0.000000,74000,74000,78000,78000,78000,78000,78000,78000,78000,78000,78000,14,0,64000,66138.6404353959,54648.80172791891,81890.97125083208,128.0
1790240857,16,TPOT,completion,0.400000,0.000000,530,530,570,570,570,570,570,570,570,570,570,14,0,470,482.36586481486785,385.9448161573831,610.514962961384,0.0
1790240857,16,TTFT,completion,0.400000,0.000000,5200,5200,6200,6200,6200,6200,6200,6200,6200,6200,6200,14,0,4700,4878.061440640262,3717.9541389923543,6224.373972974718,0.0
1790240857,16,,Aggregated,1.200000,0.000000,5200,6200,63000,74000,78000,78000,78000,78000,78000,78000,78000,42,0,4700,23833.022580283676,385.9448161573831,81890.97125083208,42.666666666666664
1790240858,16,POST,completion,0.500000,0.000000,74000,74000,78000,78000,78000,78000,78000,78000,78000,78000,78000,15,0,64000,66601.78048236606,54648.80172791891,81890.97125083208,128.0
1790240858,16,TPOT,completion,0.500000,0.000000,530,530,570,570,570,570,570,570,570,570,570,15,0,470,485.59237138619966,385.9448161573831,610.514962961384,0.0
1790240858,16,TTFT,completion,0.500000,0.000000,5700,5700,6200,6200,6200,6200,6200,6200,6200,6200,6200,15,0,4700,4931.4346026008325,3717.9541389923543,6224.373972974718,0.0
1790240858,16,,Aggregated,1.500000,0.000000,5700,6200,73000,73000,74000,78000,78000,78000,78000,78000,78000,45,0,4700,24006.2691521177,385.9448161573831,81890.97125083208,42.666666666666664
1790240859,16,POST,completion,0.500000,0.000000,73000,73000,73000,73000,73000,73000,73000,73000,73000,73000,73000,15,0,64000,66601.78048236606,54648.80172791891,81890.97125083208,128.0
1790240859,16,TPOT,completion,0.500000,0.000000,530,530,530,530,530,530,530,530,530,530,530,15,0,470,485.59237138619966,385.9448161573831,610.514962961384,0.0
1790240859,16,TTFT,completion,0.500000,0.000000,5700,5700,5700,5700,5700,5700,5700,5700,5700,5700,5700,15,0,4700,4931.4346026008325,3717.9541389923543,6224.373972974718,0.0
1790240859,16,,Aggregated,1.500000,0.000000,5700,5700,63000,63000,73000,73000,73000,73000,73000,73000,73000,45,0,4700,24006.2691521177,385.9448161573831,81890.97125083208,42.666666666666664
1790240860,16,POST,completion,0.500000,0.000000,73000,73000,73000,73000,73000,73000,73000,73000,73000,73000,73000,15,0,64000,66601.78048236606,54648.80172791891,81890.97125083208,128.0
1790240860,16,TPOT,completion,0.500000,0.000000,530,530,530,530,530,530,530,530,530,530,530,15,0,470,485.59237138619966,385.9448161573831,610.514962961384,0.0
1790240860,16,TTFT,completion,0.500000,0.000000,5700,5700,5700,5700,5700,5700,5700,5700,5700,5700,5700,15,0,4700,4931.4346026008325,3717.9541389923543,6224.373972974718,0.0
1790240860,16,,Aggregated,1.500000,0.000000,5700,5700,63000,63000,73000,73000,73000,73000,73000,73000,73000,45,0,4700,24006.2691521177,385.9448161573831,81890.97125083208,42.666666666666664
1790240861,16,POST,completion,0.500000,0.000000,73000,73000,73000,73000,73000,73000,73000,73000,73000,73000,73000,15,0,64000,66601.78048236606,54648.80172791891,81890.97125083208,128.0
1790240861,16,TPOT,completion,0.500000,0.000000,530,530,530,530,530,530,530,530,530,530,530,15,0,470,485.59237138619966,385.9448161573831,610.514962961384,0.0
1790240861,16,TTFT,completion,0.500000,0.000000,5700,5700,5700,5700,5700,5700,5700,5700,5700,5700,5700,15,0,4700,4931.4346026008325,3717.9541389923543,6224.373972974718,0.0
1790240861,16,,Aggregated,1.500000,0.000000,5700,5700,63000,63000,73000,73000,73000,73000,73000,73000,73000,45,0,4700,24006.2691521177,385.9448161573831,81890.97125083208,42.666666666666664
1790240862,16,POST,completion,0.500000,0.000000,73000,73000,73000,73000,73000,73000,73000,73000,73000,73000,73000,15,0,64000,66601.78048236606,54648.80172791891,81890.97125083208,128.0
1790240862,16,TPOT,completion,0.500000,0.000000,530,530,530,530,530,530,530,530,530,530,530,15,0,470,485.59237138619966,385.9448161573831,610.514962961384,0.0
1790240862,16,TTFT,completion,0.500000,0.000000,5700,5700,5700,5700,5700,5700,5700,5700,5700,5700,5700,15,0,4700,4931.4346026008325,3717.9541389923543,6224.373972974718,0.0
1790240862,16,,Aggregated,1.500000,0.000000,5700,5700,63000,63000,73000,73000,73000,73000,73000,73000,73000,45,0,4700,24006.2691521177,385.9448161573831,81890.97125083208,42.666666666666664
1790240863,16,POST,completion,0.500000,0.000000,73000,73000,73000,73000,73000,73000,73000,73000,73000,73000,73000,15,0,64000,66601.78048236606,54648.80172791891,81890.97125083208,128.0
1790240863,16,TPOT,completion,0.500000,0.000000,530,530,530,530,530,530,530,530,530,530,530,15,0,470,485.59237138619966,385.9448161573831,610.514962961384,0.0
1790240863,16,TTFT,completion,0.500000,0.000000,5700,5700,5700,5700,5700,5700,5700,5700,5700,5700,5700,15,0,4700,4931.4346026008325,3717.9541389923543,6224.373972974718,0.0
1790240863,16,,Aggregated,1.500000,0.000000,5700,5700,73000,73000,73000,73000,73000,73000,73000,73000,73000,45,0,4700,24006.2691521177,385.9448161573831,81890.97125083208,42.666666666666664
1790240864,16,POST,completion,0.500000,0.000000,73000,73000,73000,73000,73000,73000,73000,73000,73000,73000,73000,15,0,64000,66601.78048236606,54648.80172791891,81890.97125083208,128.0
1790240864,16,TPOT,completion,0.500000,0.000000,530,530,530,530,530,530,530,530,530,530,530,15,0,470,485.59237138619966,385.9448161573831,610.514962961384,0.0
1790240864,16,TTFT,completion,0.500000,0.000000,5700,5700,5700,5700,5700,5700,5700,5700,5700,5700,5700,15,0,4700,4931.4346026008325,3717.9541389923543,6224.373972974718,0.0
1790240864,16,,Aggregated,1.500000,0.000000,5700,5700,73000,73000,73000,73000,73000,73000,73000,73000,73000,45,0,4700,24006.2691521177,385.9448161573831,81890.97125083208,42.666666666666664
1790240865,16,POST,completion,0.500000,0.000000,73000,73000,73000,73000,73000,73000,73000,73000,73000,73000,73000,15,0,64000,66601.78048236606,54648.80172791891,81890.97125083208,128.0
1790240865,16,TPOT,completion,0.500000,0.000000,530,530,530,530,530,530,530,530,530,530,530,15,0,470,485.59237138619966,385.9448161573831,610.514962961384,0.0
1790240865,16,TTFT,completion,0.500000,0.000000,5700,5700,5700,5700,5700,5700,5700,5700,5700,5700,5700,15,0,4700,4931.4346026008325,3717.9541389923543,6224.373972974718,0.0
1790240865,16,,Aggregated,1.500000,0.000000,5700,5700,73000,73000,73000,73000,73000,73000,73000,73000,73000,45,0,4700,24006.2691521177,385.9448161573831,81890.97125083208,42.666666666666664
1790240866,16,POST,completion,0.500000,0.000000,73000,73000,73000,73000,73000,73000,73000,73000,73000,73000,73000,15,0,64000,66601.78048236606,54648.80172791891,81890.97125083208,128.0
1790240866,16,TPOT,completion,0.500000,0.000000,530,530,530,530,530,530,530,530,530,530,530,15,0,470,485.59237138619966,385.9448161573831,610.514962961384,0.0
1790240866,16,TTFT,completion,0.500000,0.000000,5700,5700,5700,5700,5700,5700,5700,5700,5700,5700,5700,15,0,4700,4931.4346026008325,3717.9541389923543,6224.373972974718,0.0
1790240866,16,,Aggregated,1.500000,0.000000,5700,5700,73000,73000,73000,73000,73000,73000,73000,73000,73000,45,0,4700,24006.2691521177,385.9448161573831,81890.97125083208,42.666666666666664
1790240867,16,POST,completion,0.500000,0.000000,73000,73000,73000,73000,73000,73000,73000,73000,73000,73000,73000,15,0,64000,66601.78048236606,54648.80172791891,81890.97125083208,128.0
1790240867,16,TPOT,completion,0.500000,0.000000,530,530,530,530,530,530,530,530,530,530,530,15,0,470,485.59237138619966,385.9448161573831,610.514962961384,0.0
1790240867,16,TTFT,completion,0.500000,0.000000,5700,5700,5700,5700,5700,5700,5700,5700,5700,5700,5700,15,0,4700,4931.4346026008325,3717.9541389923543,6224.373972974718,0.0
1790240867,16,,Aggregated,1.500000,0.000000,5700,5700,73000,73000,73000,73000,73000,73000,73000,73000,73000,45,0,4700,24006.2691521177,385.9448161573831,81890.97125083208,42.666666666666664
1790240868,16,POST,completion,0.500000,0.000000,73000,73000,73000,73000,73000,73000,73000,73000,73000,73000,73000,15,0,64000,66601.78048236606,54648.80172791891,81890.97125083208,128.0
1790240868,16,TPOT,completion,0.500000,0.000000,530,530,530,530,530,530,530,530,530,530,530,15,0,470,485.59237138619966,385.9448161573831,610.514962961384,0.0
1790240868,16,TTFT,completion,0.500000,0.000000,5700,5700,5700,5700,5700,5700,5700,5700,5700,5700,5700,15,0,4700,4931.4346026008325,3717.9541389923543,6224.373972974718,0.0
1790240868,16,,Aggregated,1.500000,0.000000,5700,5700,73000,73000,73000,73000,73000,73000,73000,73000,73000,45,0,4700,24006.2691521177,385.9448161573831,81890.97125083208,42.666666666666664
1790240869,16,POST,completion,0.100000,0.000000,73000,73000,73000,73000,73000,73000,73000,73000,73000,73000,73000,16,0,64000,66996.40764959622,54648.80172791891,81890.97125083208,128.0
1790240869,16,TPOT,completion,0.100000,0.000000,540,540,540,540,540,540,540,540,540,540,540,16,0,470,488.776517721323,385.9448161573831,610.514962961384,0.0
1790240869,16,TTFT,completion,0.100000,0.000000,5700,5700,5700,5700,5700,5700,5700,5700,5700,5700,5700,16,0,4800,4921.674591067131,3717.9541389923543,6224.373972974718,0.0
1790240869,16,,Aggregated,0.300000,0.000000,5700,5700,73000,73000,73000,73000,73000,73000,73000,73000,73000,48,0,4800,24135.61958612823,385.9448161573831,81890.97125083208,42.666666666666664
1790240870,16,POST,completion,0.100000,0.000000,73000,73000,73000,73000,73000,73000,73000,73000,73000,73000,73000,16,0,64000,66996.40764959622,54648.80172791891,81890.97125083208,128.0
1790240870,16,TPOT,completion,0.100000,0.000000,540,540,540,540,540,540,540,540,540,540,540,16,0,470,488.776517721323,385.9448161573831,610.514962961384,0.0
1790240870,16,TTFT,completion,0.100000,0.000000,5700,5700,5700,5700,5700,5700,5700,5700,5700,5700,5700,16,0,4800,4921.674591067131,3717.9541389923543,6224.373972974718,0.0
1790240870,16,,Aggregated,0.300000,0.000000,5700,5700,73000,73000,73000,73000,73000,73000,73000,73000,73000,48,0,4800,24135.61958612823,385.9448161573831,81890.97125083208,42.666666666666664
1790240871,16,POST,completion,0.100000,0.000000,73000,73000,73000,73000,73000,73000,73000,73000,73000,73000,73000,16,0,64000,66996.40764959622,54648.80172791891,81890.97125083208,128.0
1790240871,16,TPOT,completion,0.100000,0.000000,540,540,540,540,540,540,540,540,540,540,540,16,0,470,488.776517721323,385.9448161573831,610.514962961384,0.0
1790240871,16,TTFT,completion,0.100000,0.000000,5700,5700,5700,5700,5700,5700,5700,5700,5700,5700,5700,16,0,4800,4921.674591067131,3717.9541389923543,6224.373972974718,0.0
1790240871,16,,Aggregated,0.300000,0.000000,5700,5700,73000,73000,73000,73000,73000,73000,73000,73000,73000,48,0,4800,24135.61958612823,385.9448161573831,81890.97125083208,42.666666666666664
1790240872,16,POST,completion,0.100000,0.000000,73000,73000,73000,73000,73000,73000,73000,73000,73000,73000,73000,16,0,64000,66996.40764959622,54648.80172791891,81890.97125083208,128.0
1790240872,16,TPOT,completion,0.100000,0.000000,540,540,540,540,540,540,540,540,540,540,540,16,0,470,488.776517721323,385.9448161573831,610.514962961384,0.0
1790240872,16,TTFT,completion,0.100000,0.000000,4800,4800,4800,4800,4800,4800,4800,4800,4800,4800,4800,16,0,4800,4921.674591067131,3717.9541389923543,6224.373972974718,0.0
1790240872,16,,Aggregated,0.300000,0.000000,4800,4800,73000,73000,73000,73000,73000,73000,73000,73000,73000,48,0,4800,24135.61958612823,385.9448161573831,81890.97125083208,42.666666666666664
1790240873,16,POST,completion,0.100000,0.000000,73000,73000,73000,73000,73000,73000,73000,73000,73000,73000,73000,16,0,64000,66996.40764959622,54648.80172791891,81890.97125083208,128.0
1790240873,16,TPOT,completion,0.100000,0.000000,540,540,540,540,540,540,540,540,540,540,540,16,0,470,488.776517721323,385.9448161573831,610.514962961384,0.0
1790240873,16,TTFT,completion,0.100000,0.000000,4800,4800,4800,4800,4800,4800,4800,4800,4800,4800,4800,16,0,4800,4921.674591067131,3717.9541389923543,6224.373972974718,0.0
1790240873,16,,Aggregated,0.300000,0.000000,4800,4800,73000,73000,73000,73000,73000,73000,73000,73000,73000,48,0,4800,24135.61958612823,385.9448161573831,81890.97125083208,42.666666666666664
1790240874,16,POST,completion,0.100000,0.000000,73000,73000,73000,73000,73000,73000,73000,73000,73000,73000,73000,16,0,64000,66996.40764959622,54648.80172791891,81890.97125083208,128.0
1790240874,16,TPOT,completion,0.100000,0.000000,540,540,540,540,540,540,540,540,540,540,540,16,0,470,488.776517721323,385.9448161573831,610.514962961384,0.0
1790240874,16,TTFT,completion,0.100000,0.000000,4800,4800,4800,4800,4800,4800,4800,4800,4800,4800,4800,16,0,4800,4921.674591067131,3717.9541389923543,6224.373972974718,0.0
1790240874,16,,Aggregated,0.300000,0.000000,4800,4800,73000,73000,73000,73000,73000,73000,73000,73000,73000,48,0,4800,24135.61958612823,385.9448161573831,81890.97125083208,42.666666666666664
1790240875,16,POST,completion,0.100000,0.000000,73000,73000,73000,73000,73000,73000,73000,73000,73000,73000,73000,16,0,64000,66996.40764959622,54648.80172791891,81890.97125083208,128.0
1790240875,16,TPOT,completion,0.100000,0.000000,540,540,540,540,540,540,540,540,540,540,540,16,0,470,488.776517721323,385.9448161573831,610.514962961384,0.0
1790240875,16,TTFT,completion,0.100000,0.000000,4800,4800,4800,4800,4800,4800,4800,4800,4800,4800,4800,16,0,4800,4921.674591067131,3717.9541389923543,6224.373972974718,0.0
1790240875,16,,Aggregated,0.300000,0.000000,4800,4800,73000,73000,73000,73000,73000,73000,73000,73000,73000,48,0,4800,24135.61958612823,385.9448161573831,81890.97125083208,42.666666666666664
1790240876,16,POST,completion,0.100000,0.000000,73000,73000,73000,73000,73000,73000,73000,73000,73000,73000,73000,16,0,64000,66996.40764959622,54648.80172791891,81890.97125083208,128.0
1790240876,16,TPOT,completion,0.100000,0.000000,540,540,540,540,540,540,540,540,540,540,540,16,0,470,488.776517721323,385.9448161573831,610.514962961384,0.0
1790240876,16,TTFT,completion,0.100000,0.000000,4800,4800,4800,4800,4800,4800,4800,4800,4800,4800,4800,16,0,4800,4921.674591067131,3717.9541389923543,6224.373972974718,0.0
1790240876,16,,Aggregated,0.300000,0.000000,4800,4800,73000,73000,73000,73000,73000,73000,73000,73000,73000,48,0,4800,24135.61958612823,385.9448161573831,81890.97125083208,42.666666666666664
1790240877,16,POST,completion,0.100000,0.000000,73000,73000,73000,73000,73000,73000,73000,73000,73000,73000,73000,16,0,64000,66996.40764959622,54648.80172791891,81890.97125083208,128.0
1790240877,16,TPOT,completion,0.100000,0.000000,540,540,540,540,540,540,540,540,540,540,540,16,0,470,488.776517721323,385.9448161573831,610.514962961384,0.0
1790240877,16,TTFT,completion,0.100000,0.000000,4800,4800,4800,4800,4800,4800,4800,4800,4800,4800,4800,16,0,4800,4921.674591067131,3717.9541389923543,6224.373972974718,0.0
1790240877,16,,Aggregated,0.300000,0.000000,4800,4800,73000,73000,73000,73000,73000,73000,73000,73000,73000,48,0,4800,24135.61958612823,385.9448161573831,81890.97125083208,42.666666666666664
1790240878,16,POST,completion,0.100000,0.000000,73000,73000,73000,73000,73000,73000,73000,73000,73000,73000,73000,16,0,64000,66996.40764959622,54648.80172791891,81890.97125083208,128.0
1790240878,16,TPOT,completion,0.100000,0.000000,540,540,540,540,540,540,540,540,540,540,540,16,0,470,488.776517721323,385.9448161573831,610.514962961384,0.0
1790240878,16,TTFT,completion,0.100000,0.000000,4800,4800,4800,4800,4800,4800,4800,4800,4800,4800,4800,16,0,4800,4921.674591067131,3717.9541389923543,6224.373972974718,0.0
1790240878,16,,Aggregated,0.300000,0.000000,4800,4800,73000,73000,73000,73000,73000,73000,73000,73000,73000,48,0,4800,24135.61958612823,385.9448161573831,81890.97125083208,42.666666666666664
1790240879,16,POST,completion,0.100000,0.000000,73000,73000,73000,73000,73000,73000,73000,73000,73000,73000,73000,16,0,64000,66996.40764959622,54648.80172791891,81890.97125083208,128.0
1790240879,16,TPOT,completion,0.100000,0.000000,540,540,540,540,540,540,540,540,540,540,540,16,0,470,488.776517721323,385.9448161573831,610.514962961384,0.0
1790240879,16,TTFT,completion,0.100000,0.000000,4800,4800,4800,4800,4800,4800,4800,4800,4800,4800,4800,16,0,4800,4921.674591067131,3717.9541389923543,6224.373972974718,0.0
1790240879,16,,Aggregated,0.300000,0.000000,4800,4800,73000,73000,73000,73000,73000,73000,73000,73000,73000,48,0,4800,24135.61958612823,385.9448161573831,81890.97125083208,42.666666666666664
1790240880,16,POST,completion,0.100000,0.000000,73000,73000,73000,73000,73000,73000,73000,73000,73000,73000,73000,16,0,64000,66996.40764959622,54648.80172791891,81890.97125083208,128.0
1790240880,16,TPOT,completion,0.100000,0.000000,540,540,540,540,540,540,540,540,540,540,540,16,0,470,488.776517721323,385.9448161573831,610.514962961384,0.0
1790240880,16,TTFT,completion,0.100000,0.000000,4800,4800,4800,4800,4800,4800,4800,4800,4800,4800,4800,16,0,4800,4921.674591067131,3717.9541389923543,6224.373972974718,0.0
1790240880,16,,Aggregated,0.300000,0.000000,4800,4800,73000,73000,73000,73000,73000,73000,73000,73000,73000,48,0,4800,24135.61958612823,385.9448161573831,81890.97125083208,42.666666666666664
1790240881,16,POST,completion,0.100000,0.000000,73000,73000,73000,73000,73000,73000,73000,73000,73000,73000,73000,16,0,64000,66996.40764959622,54648.80172791891,81890.97125083208,128.0
1790240881,16,TPOT,completion,0.100000,0.000000,540,540,540,540,540,540,540,540,540,540,540,16,0,470,488.776517721323,385.9448161573831,610.514962961384,0.0
1790240881,16,TTFT,completion,0.100000,0.000000,4800,4800,4800,4800,4800,4800,4800,4800,4800,4800,4800,16,0,4800,4921.674591067131,3717.9541389923543,6224.373972974718,0.0
1790240881,16,,Aggregated,0.300000,0.000000,4800,4800,73000,73000,73000,73000,73000,73000,73000,73000,73000,48,0,4800,24135.61958612823,385.9448161573831,81890.97125083208,42.666666666666664
1790240882,16,POST,completion,0.100000,0.000000,73000,73000,73000,73000,73000,73000,73000,73000,73000,73000,73000,16,0,64000,66996.40764959622,54648.80172791891,81890.97125083208,128.0
1790240882,16,TPOT,completion,0.100000,0.000000,540,540,540,540,540,540,540,540,540,540,540,16,0,470,488.776517721323,385.9448161573831,610.514962961384,0.0
1790240882,16,TTFT,completion,0.100000,0.000000,4800,4800,4800,4800,4800,4800,4800,4800,4800,4800,4800,16,0,4800,4921.674591067131,3717.9541389923543,6224.373972974718,0.0
1790240882,16,,Aggregated,0.300000,0.000000,4800,4800,73000,73000,73000,73000,73000,73000,73000,73000,73000,48,0,4800,24135.61958612823,385.9448161573831,81890.97125083208,42.666666666666664
1790240883,16,POST,completion,0.100000,0.000000,73000,73000,73000,73000,73000,73000,73000,73000,73000,73000,73000,16,0,64000,66996.40764959622,54648.80172791891,81890.97125083208,128.0
1790240883,16,TPOT,completion,0.100000,0.000000,540,540,540,540,540,540,540,540,540,540,540,16,0,470,488.776517721323,385.9448161573831,610.514962961384,0.0
1790240883,16,TTFT,completion,0.100000,0.000000,4800,4800,4800,4800,4800,4800,4800,4800,4800,4800,4800,16,0,4800,4921.674591067131,3717.9541389923543,6224.373972974718,0.0
1790240883,16,,Aggregated,0.300000,0.000000,4800,4800,73000,73000,73000,73000,73000,73000,73000,73000,73000,48,0,4800,24135.61958612823,385.9448161573831,81890.97125083208,42.666666666666664
1790240884,16,POST,completion,0.100000,0.000000,73000,73000,73000,73000,73000,73000,73000,73000,73000,73000,73000,16,0,64000,66996.40764959622,54648.80172791891,81890.97125083208,128.0
1790240884,16,TPOT,completion,0.100000,0.000000,540,540,540,540,540,540,540,540,540,540,540,16,0,470,488.776517721323,385.9448161573831,610.514962961384,0.0
1790240884,16,TTFT,completion,0.100000,0.000000,4800,4800,4800,4800,4800,4800,4800,4800,4800,4800,4800,16,0,4800,4921.674591067131,3717.9541389923543,6224.373972974718,0.0
1790240884,16,,Aggregated,0.300000,0.000000,4800,4800,73000,73000,73000,73000,73000,73000,73000,73000,73000,48,0,4800,24135.61958612823,385.9448161573831,81890.97125083208,42.666666666666664
1790240885,16,POST,completion,0.100000,0.000000,73000,73000,73000,73000,73000,73000,73000,73000,73000,73000,73000,16,0,64000,66996.40764959622,54648.80172791891,81890.97125083208,128.0
1790240885,16,TPOT,completion,0.100000,0.000000,540,540,540,540,540,540,540,540,540,540,540,16,0,470,488.776517721323,385.9448161573831,610.514962961384,0.0
1790240885,16,TTFT,completion,0.100000,0.000000,4800,4800,4800,4800,4800,4800,4800,4800,4800,4800,4800,16,0,4800,4921.674591067131,3717.9541389923543,6224.373972974718,0.0
1790240885,16,,Aggregated,0.300000,0.000000,4800,4800,73000,73000,73000,73000,73000,73000,73000,73000,73000,48,0,4800,24135.61958612823,385.9448161573831,81890.97125083208,42.666666666666664
1790240886,16,POST,completion,0.100000,0.000000,0,0,0,0,0,0,0,0,0,0,0,16,0,64000,66996.40764959622,54648.80172791891,81890.97125083208,128.0
1790240886,16,TPOT,completion,0.100000,0.000000,0,0,0,0,0,0,0,0,0,0,0,16,0,470,488.776517721323,385.9448161573831,610.514962961384,0.0
1790240886,16,TTFT,completion,0.100000,0.000000,0,0,0,0,0,0,0,0,0,0,0,16,0,4800,4921.674591067131,3717.9541389923543,6224.373972974718,0.0
1790240886,16,,Aggregated,0.300000,0.000000,0,0,0,0,0,0,0,0,0,0,0,48,0,4800,24135.61958612823,385.9448161573831,81890.97125083208,42.666666666666664
1790240887,16,POST,completion,0.100000,0.000000,0,0,0,0,0,0,0,0,0,0,0,16,0,64000,66996.40764959622,54648.80172791891,81890.97125083208,128.0
1790240887,16,TPOT,completion,0.100000,0.000000,0,0,0,0,0,0,0,0,0,0,0,16,0,470,488.776517721323,385.9448161573831,610.514962961384,0.0
1790240887,16,TTFT,completion,0.100000,0.000000,0,0,0,0,0,0,0,0,0,0,0,16,0,4800,4921.674591067131,3717.9541389923543,6224.373972974718,0.0
1790240887,16,,Aggregated,0.300000,0.000000,0,0,0,0,0,0,0,0,0,0,0,48,0,4800,24135.61958612823,385.9448161573831,81890.97125083208,42.666666666666664
1790240888,16,POST,completion,0.100000,0.000000,0,0,0,0,0,0,0,0,0,0,0,16,0,64000,66996.40764959622,54648.80172791891,81890.97125083208,128.0
1790240888,16,TPOT,completion,0.100000,0.000000,0,0,0,0,0,0,0,0,0,0,0,16,0,470,488.776517721323,385.9448161573831,610.514962961384,0.0
1790240888,16,TTFT,completion,0.100000,0.000000,0,0,0,0,0,0,0,0,0,0,0,16,0,4800,4921.674591067131,3717.9541389923543,6224.373972974718,0.0
1790240888,16,,Aggregated,0.300000,0.000000,0,0,0,0,0,0,0,0,0,0,0,48,0,4800,24135.61958612823,385.9448161573831,81890.97125083208,42.666666666666664
1790240889,16,POST,completion,0.000000,0.000000,61000,61000,61000,61000,61000,61000,61000,61000,61000,61000,61000,17,0,64000,66631.8081510938,54648.80172791891,81890.97125083208,128.0
1790240889,16,TPOT,completion,0.000000,0.000000,440,440,440,440,440,440,440,440,440,440,440,17,0,470,486.0890711564528,385.9448161573831,610.514962961384,0.0
1790240889,16,TTFT,completion,0.000000,0.000000,4500,4500,4500,4500,4500,4500,4500,4500,4500,4500,4500,17,0,4700,4898.382658823667,3717.9541389923543,6224.373972974718,0.0
1790240889,16,,Aggregated,0.000000,0.000000,4500,4500,61000,61000,61000,61000,61000,61000,61000,61000,61000,51,0,4700,24005.426627024644,385.9448161573831,81890.97125083208,42.666666666666664
1790240890,16,POST,completion,0.000000,0.000000,67000,67000,67000,67000,67000,67000,67000,67000,67000,67000,67000,18,0,64000,66643.88942542589,54648.80172791891,81890.97125083208,128.0
1790240890,16,TPOT,completion,0.000000,0.000000,490,490,490,490,490,490,490,490,490,490,490,18,0,470,486.2097355598023,385.9448161573831,610.514962961384,0.0
1790240890,16,TTFT,completion,0.000000,0.000000,4800,4800,4800,4800,4800,4800,4800,4800,4800,4800,4800,18,0,4800,4895.1413880568,3717.9541389923543,6224.373972974718,0.0
1790240890,16,,Aggregated,0.000000,0.000000,4800,4800,61000,61000,67000,67000,67000,67000,67000,67000,67000,54,0,4800,24008.4135163475,385.9448161573831,81890.97125083208,42.666666666666664
1790240891,16,POST,completion,0.000000,0.000000,67000,67000,67000,67000,67000,67000,67000,67000,67000,67000,67000,18,0,64000,66643.88942542589,54648.80172791891,81890.97125083208,128.0
1790240891,16,TPOT,completion,0.000000,0.000000,490,490,490,490,490,490,490,490,490,490,490,18,0,470,486.2097355598023,385.9448161573831,610.514962961384,0.0
1790240891,16,TTFT,completion,0.000000,0.000000,4800,4800,4800,4800,4800,4800,4800,4800,4800,4800,4800,18,0,4800,4895.1413880568,3717.9541389923543,6224.373972974718,0.0
1790240891,16,,Aggregated,0.000000,0.000000,4800,4800,61000,61000,67000,67000,67000,67000,67000,67000,67000,54,0,4800,24008.4135163475,385.9448161573831,81890.97125083208,42.666666666666664
1790240892,16,POST,completion,0.200000,0.000000,62000,62000,67000,67000,67000,67000,67000,67000,67000,67000,67000,19,0,64000,66381.62881455776,54648.80172791891,81890.97125083208,128.0
1790240892,16,TPOT,completion,0.200000,0.000000,450,450,490,490,490,490,490,490,490,490,490,19,0,470,484.32127732518785,385.9448161573831,610.514962961384,0.0
1790240892,16,TTFT,completion,0.200000,0.000000,4500,4500,4800,4800,4800,4800,4800,4800,4800,4800,4800,19,0,4700,4872.714805269712,3717.9541389923543,6224.373972974718,0.0
1790240892,16,,Aggregated,0.600000,0.000000,4500,4800,61000,62000,67000,67000,67000,67000,67000,67000,67000,57,0,4700,23912.888299050886,385.9448161573831,81890.97125083208,42.666666666666664
1790240893,16,POST,completion,0.200000,0.000000,62000,62000,67000,67000,67000,67000,67000,67000,67000,67000,67000,19,0,64000,66381.62881455776,54648.80172791891,81890.97125083208,128.0
1790240893,16,TPOT,completion,0.200000,0.000000,450,450,490,490,490,490,490,490,490,490,490,19,0,470,484.32127732518785,385.9448161573831,610.514962961384,0.0
1790240893,16,TTFT,completion,0.200000,0.000000,4500,4500,4800,4800,4800,4800,4800,4800,4800,4800,4800,19,0,4700,4872.714805269712,3717.9541389923543,6224.373972974718,0.0
1790240893,16,,Aggregated,0.600000,0.000000,4500,4800,61000,62000,67000,67000,67000,67000,67000,67000,67000,57,0,4700,23912.888299050886,385.9448161573831,81890.97125083208,42.666666666666664
1790240894,16,POST,completion,0.200000,0.000000,62000,62000,67000,67000,67000,67000,67000,67000,67000,67000,67000,19,0,64000,66381.62881455776,54648.80172791891,81890.97125083208,128.0
1790240894,16,TPOT,completion,0.200000,0.000000,450,450,490,490,490,490,490,490,490,490,490,19,0,470,484.32127732518785,385.9448161573831,610.514962961384,0.0
1790240894,16,TTFT,completion,0.200000,0.000000,4500,4500,4800,4800,4800,4800,4800,4800,4800,4800,4800,19,0,4700,4872.714805269712,3717.9541389923543,6224.373972974718,0.0
1790240894,16,,Aggregated,0.600000,0.000000,4500,4800,61000,62000,67000,67000,67000,67000,67000,67000,67000,57,0,4700,23912.888299050886,385.9448161573831,81890.97125083208,42.666666666666664
1790240895,16,POST,completion,0.200000,0.000000,62000,62000,67000,67000,67000,67000,67000,67000,67000,67000,67000,19,0,64000,66381.62881455776,54648.80172791891,81890.97125083208,128.0
1790240895,16,TPOT,completion,0.200000,0.000000,450,450,490,490,490,490,490,490,490,490,490,19,0,470,484.32127732518785,385.9448161573831,610.514962961384,0.0
1790240895,16,TTFT,completion,0.200000,0.000000,4500,4500,4800,4800,4800,4800,4800,4800,4800,4800,4800,19,0,4700,4872.714805269712,3717.9541389923543,6224.373972974718,0.0
1790240895,16,,Aggregated,0.600000,0.000000,4500,4800,61000,62000,67000,67000,67000,67000,67000,67000,67000,57,0,4700,23912.888299050886,385.9448161573831,81890.97125083208,42.666666666666664
1790240896,16,POST,completion,0.300000,0.000000,62000,62000,67000,67000,67000,67000,67000,67000,67000,67000,67000,20,0,64000,66113.40036191978,54648.80172791891,81890.97125083208,128.0
1790240896,16,TPOT,completion,0.300000,0.000000,450,450,490,490,490,490,490,490,490,490,490,20,0,470,482.3423755641176,385.9448161573831,610.514962961384,0.0
1790240896,16,TTFT,completion,0.300000,0.000000,4500,4500,4800,4800,4800,4800,4800,4800,4800,4800,4800,20,0,4700,4855.805976246484,3717.9541389923543,6224.373972974718,0.0
1790240896,16,,Aggregated,0.900000,0.000000,4500,4800,61000,61000,62000,67000,67000,67000,67000,67000,67000,60,0,4700,23817.18290457679,385.9448161573831,81890.97125083208,42.666666666666664
1790240897,16,POST,completion,0.300000,0.000000,62000,62000,67000,67000,67000,67000,67000,67000,67000,67000,67000,20,0,64000,66113.40036191978,54648.80172791891,81890.97125083208,128.0
1790240897,16,TPOT,completion,0.300000,0.000000,450,450,490,490,490,490,490,490,490,490,490,20,0,470,482.3423755641176,385.9448161573831,610.514962961384,0.0
1790240897,16,TTFT,completion,0.300000,0.000000,4500,4500,4800,4800,4800,4800,4800,4800,4800,4800,4800,20,0,4700,4855.805976246484,3717.9541389923543,6224.373972974718,0.0
1790240897,16,,Aggregated,0.900000,0.000000,4500,4800,61000,61000,62000,67000,67000,67000,67000,67000,67000,60,0,4700,23817.18290457679,385.9448161573831,81890.97125083208,42.666666666666664
1790240898,16,POST,completion,0.300000,0.000000,62000,62000,67000,67000,67000,67000,67000,67000,67000,67000,67000,20,0,64000,66113.40036191978,54648.80172791891,81890.97125083208,128.0
1790240898,16,TPOT,completion,0.300000,0.000000,450,450,490,490,490,490,490,490,490,490,490,20,0,470,482.3423755641176,385.9448161573831,610.514962961384,0.0
1790240898,16,TTFT,completion,0.300000,0.000000,4500,4500,4800,4800,4800,4800,4800,4800,4800,4800,4800,20,0,4700,4855.805976246484,3717.9541389923543,6224.373972974718,0.0
1790240898,16,,Aggregated,0.900000,0.000000,4500,4800,61000,62000,67000,67000,67000,67000,67000,67000,67000,60,0,4700,23817.18290457679,385.9448161573831,81890.97125083208,42.666666666666664
1790240899,16,POST,completion,0.300000,0.000000,62000,62000,67000,67000,67000,67000,67000,67000,67000,67000,67000,21,0,64000,65911.69845182005,54648.80172791891,81890.97125083208,128.0
1790240899,16,TPOT,completion,0.300000,0.000000,450,450,490,490,490,490,490,490,490,490,490,21,0,470,480.88825162981,385.9448161573831,610.514962961384,0.0
1790240899,16,TTFT,completion,0.300000,0.000000,4500,4500,4800,4800,4800,4800,4800,4800,4800,4800,4800,21,0,4700,4838.777817375514,3717.9541389923543,6224.373972974718,0.0
1790240899,16,,Aggregated,0.900000,0.000000,4500,4800,62000,62000,62000,67000,67000,67000,67000,67000,67000,63,0,4700,23743.78817360846,385.9448161573831,81890.97125083208,42.666666666666664
1790240900,16,POST,completion,0.300000,0.000000,62000,62000,62000,62000,62000,62000,62000,62000,62000,62000,62000,21,0,64000,65911.69845182005,54648.80172791891,81890.97125083208,128.0
1790240900,16,TPOT,completion,0.300000,0.000000,450,450,450,450,450,450,450,450,450,450,450,21,0,470,480.88825162981,385.9448161573831,610.514962961384,0.0
1790240900,16,TTFT,completion,0.300000,0.000000,4500,4500,4500,4500,4500,4500,4500,4500,4500,4500,4500,21,0,4700,4838.777817375514,3717.9541389923543,6224.373972974718,0.0
1790240900,16,,Aggregated,0.900000,0.000000,4500,4500,61000,62000,62000,62000,62000,62000,62000,62000,62000,63,0,4700,23743.78817360846,385.9448161573831,81890.97125083208,42.666666666666664
1790240901,16,POST,completion,0.300000,0.000000,62000,62000,62000,62000,62000,62000,62000,62000,62000,62000,62000,21,0,64000,65911.69845182005,54648.80172791891,81890.97125083208,128.0
1790240901,16,TPOT,completion,0.300000,0.000000,450,450,450,450,450,450,450,450,450,450,450,21,0,470,480.88825162981,385.9448161573831,610.514962961384,0.0
1790240901,16,TTFT,completion,0.300000,0.000000,4500,4500,4500,4500,4500,4500,4500,4500,4500,4500,4500,21,0,4700,4838.777817375514,3717.9541389923543,6224.373972974718,0.0
1790240901,16,,Aggregated,0.900000,0.000000,4500,4500,61000,62000,62000,62000,62000,62000,62000,62000,62000,63,0,4700,23743.78817360846,385.9448161573831,81890.97125083208,42.666666666666664
1790240902,16,POST,completion,0.300000,0.000000,62000,62000,62000,62000,62000,62000,62000,62000,62000,62000,62000,21,0,64000,65911.69845182005,54648.80172791891,81890.97125083208,128.0
1790240902,16,TPOT,completion,0.300000,0.000000,450,450,450,450,450,450,450,450,450,450,450,21,0,470,480.88825162981,385.9448161573831,610.514962961384,0.0
1790240902,16,TTFT,completion,0.300000,0.000000,4500,4500,4500,4500,4500,4500,4500,4500,4500,4500,4500,21,0,4700,4838.777817375514,3717.9541389923543,6224.373972974718,0.0
1790240902,16,,Aggregated,0.900000,0.000000,4500,4500,61000,62000,62000,62000,62000,62000,62000,62000,62000,63,0,4700,23743.78817360846,385.9448161573831,81890.97125083208,42.666666666666664
1790240903,16,POST,completion,0.300000,0.000000,62000,62000,62000,62000,62000,62000,62000,62000,62000,62000,62000,22,0,64000,65703.31417269666,54648.80172791891,81890.97125083208,128.0
1790240903,16,TPOT,completion,0.300000,0.000000,450,450,450,450,450,450,450,450,450,450,450,22,0,470,479.346193227955,385.9448161573831,610.514962961384,0.0
1790240903,16,TTFT,completion,0.300000,0.000000,4500,4500,4600,4600,4600,4600,4600,4600,4600,4600,4600,22,0,4700,4826.233253898946,3717.9541389923543,6224.373972974718,0.0
1790240903,16,,Aggregated,0.900000,0.000000,4500,4600,61000,61000,62000,62000,62000,62000,62000,62000,62000,66,0,4700,23669.631206607854,385.9448161573831,81890.97125083208,42.666666666666664
1790240904,16,POST,completion,0.300000,0.000000,61000,61000,61000,62000,62000,62000,62000,62000,62000,62000,62000,24,0,64000,64875.47378250747,54367.94330691919,81890.97125083208,128.0
1790240904,16,TPOT,completion,0.300000,0.000000,440,450,450,450,450,450,450,450,450,450,450,24,0,460,472.87062600559346,385.9448161573831,610.514962961384,0.0
1790240904,16,TTFT,completion,0.300000,0.000000,4500,4600,4600,5300,5300,5300,5300,5300,5300,5300,5300,24,0,4700,4820.791182399262,3717.9541389923543,6224.373972974718,0.0
1790240904,16,,Aggregated,0.900000,0.000000,4500,5300,57000,61000,61000,62000,62000,62000,62000,62000,62000,72,0,4700,23389.711863637447,385.9448161573831,81890.97125083208,42.666666666666664
1790240905,16,POST,completion,0.300000,0.000000,61000,61000,61000,62000,62000,62000,62000,62000,62000,62000,62000,24,0,64000,64875.47378250747,54367.94330691919,81890.97125083208,128.0
1790240905,16,TPOT,completion,0.300000,0.000000,440,450,450,450,450,450,450,450,450,450,450,24,0,460,472.87062600559346,385.9448161573831,610.514962961384,0.0
1790240905,16,TTFT,completion,0.300000,0.000000,4500,4600,4600,5300,5300,5300,5300,5300,5300,5300,5300,24,0,4700,4820.791182399262,3717.9541389923543,6224.373972974718,0.0
1790240905,16,,Aggregated,0.900000,0.000000,4500,5300,57000,61000,61000,62000,62000,62000,62000,62000,62000,72,0,4700,23389.711863637447,385.9448161573831,81890.97125083208,42.666666666666664
1790240906,16,POST,completion,0.300000,0.000000,61000,61000,61000,62000,62000,62000,62000,62000,62000,62000,62000,24,0,64000,64875.47378250747,54367.94330691919,81890.97125083208,128.0
1790240906,16,TPOT,completion,0.300000,0.000000,440,450,450,450,450,450,450,450,450,450,450,24,0,460,472.87062600559346,385.9448161573831,610.514962961384,0.0
1790240906,16,TTFT,completion,0.300000,0.000000,4500,4600,4600,5300,5300,5300,5300,5300,5300,5300,5300,24,0,4700,4820.791182399262,3717.9541389923543,6224.373972974718,0.0
1790240906,16,,Aggregated,0.900000,0.000000,4500,5300,57000,61000,61000,62000,62000,62000,62000,62000,62000,72,0,4700,23389.711863637447,385.9448161573831,81890.97125083208,42.666666666666664
1790240907,16,POST,completion,0.300000,0.000000,61000,61000,62000,62000,62000,62000,62000,62000,62000,62000,62000,24,0,64000,64875.47378250747,54367.94330691919,81890.97125083208,128.0
1790240907,16,TPOT,completion,0.300000,0.000000,450,450,450,450,450,450,450,450,450,450,450,24,0,460,472.87062600559346,385.9448161573831,610.514962961384,0.0
1790240907,16,TTFT,completion,0.300000,0.000000,4600,4600,5300,5300,5300,5300,5300,5300,5300,5300,5300,24,0,4700,4820.791182399262,3717.9541389923543,6224.373972974718,0.0
1790240907,16,,Aggregated,0.900000,0.000000,4600,5300,57000,57000,61000,62000,62000,62000,62000,62000,62000,72,0,4700,23389.711863637447,385.9448161573831,81890.97125083208,42.666666666666664
1790240908,16,POST,completion,0.500000,0.000000,61000,61000,62000,62000,62000,62000,62000,62000,62000,62000,62000,26,0,63000,64505.34959958615,54367.94330691919,81890.97125083208,128.0
1790240908,16,TPOT,completion,0.500000,0.000000,450,450,450,450,450,450,450,450,450,450,450,26,0,460,470.25174718532946,385.9448161573831,610.514962961384,0.0
1790240908,16,TTFT,completion,0.500000,0.000000,4500,4500,4600,4600,5300,5300,5300,5300,5300,5300,5300,26,0,4600,4783.264263873347,3717.9541389923543,6224.373972974718,0.0
1790240908,16,,Aggregated,1.500000,0.000000,4500,5300,57000,58000,62000,62000,62000,62000,62000,62000,62000,78,0,4600,23252.95520354828,385.9448161573831,81890.97125083208,42.666666666666664
1790240909,16,POST,completion,0.500000,0.000000,61000,61000,62000,62000,62000,62000,62000,62000,62000,62000,62000,26,0,63000,64505.34959958615,54367.94330691919,81890.97125083208,128.0
1790240909,16,TPOT,completion,0.500000,0.000000,450,450,450,450,450,450,450,450,450,450,450,26,0,460,470.25174718532946,385.9448161573831,610.514962961384,0.0
1790240909,16,TTFT,completion,0.500000,0.000000,4500,4500,4600,4600,5300,5300,5300,5300,5300,5300,5300,26,0,4600,4783.264263873347,3717.9541389923543,6224.373972974718,0.0
1790240909,16,,Aggregated,1.500000,0.000000,4500,5300,57000,58000,62000,62000,62000,62000,62000,62000,62000,78,0,4600,23252.95520354828,385.9448161573831,81890.97125083208,42.666666666666664
1790240910,16,POST,completion,0.600000,0.000000,61000,61000,62000,62000,79000,79000,79000,79000,79000,79000,79000,27,0,63000,65059.6882962639,54367.94330691919,81890.97125083208,128.0
1790240910,16,TPOT,completion,0.600000,0.000000,450,450,450,450,590,590,590,590,590,590,590,27,0,460,474.7343716062508,385.9448161573831,610.514962961384,0.0
1790240910,16,TTFT,completion,0.600000,0.000000,4400,4400,4600,4600,5300,5300,5300,5300,5300,5300,5300,27,0,4500,4768.31098932221,3717.9541389923543,6224.373972974718,0.0
1790240910,16,,Aggregated,1.800000,0.000000,4400,5300,57000,58000,62000,79000,79000,79000,79000,79000,79000,81,0,4500,23434.24455239746,385.9448161573831,81890.97125083208,42.666666666666664
1790240911,16,POST,completion,0.600000,0.000000,61000,61000,62000,62000,79000,79000,79000,79000,79000,79000,79000,27,0,63000,65059.6882962639,54367.94330691919,81890.97125083208,128.0
1790240911,16,TPOT,completion,0.600000,0.000000,450,450,450,450,590,590,590,590,590,590,590,27,0,460,474.7343716062508,385.9448161573831,610.514962961384,0.0
1790240911,16,TTFT,completion,0.600000,0.000000,4400,4400,4600,4600,5300,5300,5300,5300,5300,5300,5300,27,0,4500,4768.31098932221,3717.9541389923543,6224.373972974718,0.0
1790240911,16,,Aggregated,1.800000,0.000000,4400,5300,57000,58000,62000,79000,79000,79000,79000,79000,79000,81,0,4500,23434.24455239746,385.9448161573831,81890.97125083208,42.666666666666664
1790240912,16,POST,completion,0.600000,0.000000,61000,61000,62000,62000,79000,79000,79000,79000,79000,79000,79000,27,0,63000,65059.6882962639,54367.94330691919,81890.97125083208,128.0
1790240912,16,TPOT,completion,0.600000,0.000000,450,450,450,450,590,590,590,590,590,590,590,27,0,460,474.7343716062508,385.9448161573831,610.514962961384,0.0
1790240912,16,TTFT,completion,0.600000,0.000000,4400,4400,4600,4600,5300,5300,5300,5300,5300,5300,5300,27,0,4500,4768.31098932221,3717.9541389923543,6224.373972974718,0.0
1790240912,16,,Aggregated,1.800000,0.000000,4400,5300,57000,58000,62000,79000,79000,79000,79000,79000,79000,81,0,4500,23434.24455239746,385.9448161573831,81890.97125083208,42.666666666666664
1790240913,16,POST,completion,0.600000,0.000000,58000,62000,62000,79000,79000,79000,79000,79000,79000,79000,79000,27,0,63000,65059.6882962639,54367.94330691919,81890.97125083208,128.0
1790240913,16,TPOT,completion,0.600000,0.000000,420,450,450,590,590,590,590,590,590,590,590,27,0,460,474.7343716062508,385.9448161573831,610.514962961384,0.0
1790240913,16,TTFT,completion,0.600000,0.000000,4400,4400,4400,5300,5300,5300,5300,5300,5300,5300,5300,27,0,4500,4768.31098932221,3717.9541389923543,6224.373972974718,0.0
1790240913,16,,Aggregated,1.800000,0.000000,4400,5300,57000,58000,62000,79000,79000,79000,79000,79000,79000,81,0,4500,23434.24455239746,385.9448161573831,81890.97125083208,42.666666666666664
1790240914,16,POST,completion,0.600000,0.000000,58000,62000,62000,79000,79000,79000,79000,79000,79000,79000,79000,27,0,63000,65059.6882962639,54367.94330691919,81890.97125083208,128.0
1790240914,16,TPOT,completion,0.600000,0.000000,420,450,450,590,590,590,590,590,590,590,590,27,0,460,474.7343716062508,385.9448161573831,610.514962961384,0.0
1790240914,16,TTFT,completion,0.600000,0.000000,4400,4400,4400,5300,5300,5300,5300,5300,5300,5300,5300,27,0,4500,4768.31098932221,3717.9541389923543,6224.373972974718,0.0
1790240914,16,,Aggregated,1.800000,0.000000,4400,5300,57000,58000,62000,79000,79000,79000,79000,79000,79000,81,0,4500,23434.24455239746,385.9448161573831,81890.97125083208,42.666666666666664
1790240915,16,POST,completion,0.500000,0.000000,79000,79000,80000,80000,80000,80000,80000,80000,80000,80000,80000,28,0,64000,65587.32400615035,54367.94330691919,81890.97125083208,128.0
1790240915,16,TPOT,completion,0.500000,0.000000,590,590,590,590,590,590,590,590,590,590,590,28,0,460,478.93635747604355,385.9448161573831,610.514962961384,0.0
1790240915,16,TTFT,completion,0.500000,0.000000,4400,4400,4600,4600,4600,4600,4600,4600,4600,4600,4600,28,0,4600,4762.29411852546,3717.9541389923543,6224.373972974718,0.0
1790240915,16,,Aggregated,1.500000,0.000000,4400,4600,62000,62000,79000,80000,80000,80000,80000,80000,80000,84,0,4600,23609.51816071729,385.9448161573831,81890.97125083208,42.666666666666664
1790240916,16,POST,completion,0.500000,0.000000,79000,79000,80000,80000,80000,80000,80000,80000,80000,80000,80000,28,0,64000,65587.32400615035,54367.94330691919,81890.97125083208,128.0
1790240916,16,TPOT,completion,0.500000,0.000000,590,590,590,590,590,590,590,590,590,590,590,28,0,460,478.93635747604355,385.9448161573831,610.514962961384,0.0
1790240916,16,TTFT,completion,0.500000,0.000000,4400,4400,4600,4600,4600,4600,4600,4600,4600,4600,4600,28,0,4600,4762.29411852546,3717.9541389923543,6224.373972974718,0.0
1790240916,16,,Aggregated,1.500000,0.000000,4400,4600,62000,62000,79000,80000,80000,80000,80000,80000,80000,84,0,4600,23609.51816071729,385.9448161573831,81890.97125083208,42.666666666666664
1790240917,16,POST,completion,0.300000,0.000000,76000,79000,79000,80000,80000,80000,80000,80000,80000,80000,80000,29,0,64000,65935.64499163165,54367.94330691919,81890.97125083208,128.0
1790240917,16,TPOT,completion,0.300000,0.000000,560,590,590,590,590,590,590,590,590,590,590,29,0,460,481.7095305345813,385.9448161573831,610.514962961384,0.0
1790240917,16,TTFT,completion,0.300000,0.000000,4400,4600,4600,4700,4700,4700,4700,4700,4700,4700,4700,29,0,4600,4758.422033821136,3717.9541389923543,6224.373972974718,0.0
1790240917,16,,Aggregated,0.900000,0.000000,4400,4700,62000,76000,79000,80000,80000,80000,80000,80000,80000,87,0,4600,23725.258851995794,385.9448161573831,81890.97125083208,42.666666666666664
1790240918,16,POST,completion,0.300000,0.000000,79000,79000,80000,80000,80000,80000,80000,80000,80000,80000,80000,29,0,64000,65935.64499163165,54367.94330691919,81890.97125083208,128.0
1790240918,16,TPOT,completion,0.300000,0.000000,590,590,590,590,590,590,590,590,590,590,590,29,0,460,481.7095305345813,385.9448161573831,610.514962961384,0.0
1790240918,16,TTFT,completion,0.300000,0.000000,4600,4600,4700,4700,4700,4700,4700,4700,4700,4700,4700,29,0,4600,4758.422033821136,3717.9541389923543,6224.373972974718,0.0
1790240918,16,,Aggregated,0.900000,0.000000,4600,4700,76000,79000,80000,80000,80000,80000,80000,80000,80000,87,0,4600,23725.258851995794,385.9448161573831,81890.97125083208,42.666666666666664
1790240919,16,POST,completion,0.300000,0.000000,79000,79000,80000,80000,80000,80000,80000,80000,80000,80000,80000,29,0,64000,65935.64499163165,54367.94330691919,81890.97125083208,128.0
1790240919,16,TPOT,completion,0.300000,0.000000,590,590,590,590,590,590,590,590,590,590,590,29,0,460,481.7095305345813,385.9448161573831,610.514962961384,0.0
1790240919,16,TTFT,completion,0.300000,0.000000,4600,4600,4700,4700,4700,4700,4700,4700,4700,4700,4700,29,0,4600,4758.422033821136,3717.9541389923543,6224.373972974718,0.0
1790240919,16,,Aggregated,0.900000,0.000000,4600,4700,76000,79000,80000,80000,80000,80000,80000,80000,80000,87,0,4600,23725.258851995794,385.9448161573831,81890.97125083208,42.666666666666664
1790240920,16,POST,completion,0.300000,0.000000,79000,79000,80000,80000,80000,80000,80000,80000,80000,80000,80000,29,0,64000,65935.64499163165,54367.94330691919,81890.97125083208,128.0
1790240920,16,TPOT,completion,0.300000,0.000000,590,590,590,590,590,590,590,590,590,590,590,29,0,460,481.7095305345813,385.9448161573831,610.514962961384,0.0
1790240920,16,TTFT,completion,0.300000,0.000000,4600,4600,4700,4700,4700,4700,4700,4700,4700,4700,4700,29,0,4600,4758.422033821136,3717.9541389923543,6224.373972974718,0.0
1790240920,16,,Aggregated,0.900000,0.000000,4600,4700,76000,79000,80000,80000,80000,80000,80000,80000,80000,87,0,4600,23725.258851995794,385.9448161573831,81890.97125083208,42.666666666666664
1790240921,16,POST,completion,0.300000,0.000000,79000,79000,80000,80000,80000,80000,80000,80000,80000,80000,80000,30,0,64000,66121.75251130636,54367.94330691919,81890.97125083208,128.0
1790240921,16,TPOT,completion,0.300000,0.000000,590,590,590,590,590,590,590,590,590,590,590,30,0,470,483.23150944298385,385.9448161573831,610.514962961384,0.0
1790240921,16,TTFT,completion,0.300000,0.000000,4600,4600,4700,4700,4700,4700,4700,4700,4700,4700,4700,30,0,4600,4751.237821361671,3717.9541389923543,6224.373972974718,0.0
1790240921,16,,Aggregated,0.900000,0.000000,4600,4700,76000,76000,79000,80000,80000,80000,80000,80000,80000,90,0,4600,23785.407280703675,385.9448161573831,81890.97125083208,42.666666666666664
1790240922,16,POST,completion,0.300000,0.000000,76000,76000,80000,80000,80000,80000,80000,80000,80000,80000,80000,30,0,64000,66121.75251130636,54367.94330691919,81890.97125083208,128.0
1790240922,16,TPOT,completion,0.300000,0.000000,560,560,590,590,590,590,590,590,590,590,590,30,0,470,483.23150944298385,385.9448161573831,610.514962961384,0.0
1790240922,16,TTFT,completion,0.300000,0.000000,4600,4600,4700,4700,4700,4700,4700,4700,4700,4700,4700,30,0,4600,4751.237821361671,3717.9541389923543,6224.373972974718,0.0
1790240922,16,,Aggregated,0.900000,0.000000,4600,4700,72000,76000,80000,80000,80000,80000,80000,80000,80000,90,0,4600,23785.407280703675,385.9448161573831,81890.97125083208,42.666666666666664
1790240923,16,POST,completion,0.300000,0.000000,76000,76000,80000,80000,80000,80000,80000,80000,80000,80000,80000,30,0,64000,66121.75251130636,54367.94330691919,81890.97125083208,128.0
1790240923,16,TPOT,completion,0.300000,0.000000,560,560,590,590,590,590,590,590,590,590,590,30,0,470,483.23150944298385,385.9448161573831,610.514962961384,0.0
1790240923,16,TTFT,completion,0.300000,0.000000,4600,4600,4700,4700,4700,4700,4700,4700,4700,4700,4700,30,0,4600,4751.237821361671,3717.9541389923543,6224.373972974718,0.0
1790240923,16,,Aggregated,0.900000,0.000000,4600,4700,72000,76000,80000,80000,80000,80000,80000,80000,80000,90,0,4600,23785.407280703675,385.9448161573831,81890.97125083208,42.666666666666664
1790240924,16,POST,completion,0.300000,0.000000,76000,76000,80000,80000,80000,80000,80000,80000,80000,80000,80000,30,0,64000,66121.75251130636,54367.94330691919,81890.97125083208,128.0
1790240924,16,TPOT,completion,0.300000,0.000000,560,560,590,590,590,590,590,590,590,590,590,30,0,470,483.23150944298385,385.9448161573831,610.514962961384,0.0
1790240924,16,TTFT,completion,0.300000,0.000000,4600,4600,4700,4700,4700,4700,4700,4700,4700,4700,4700,30,0,4600,4751.237821361671,3717.9541389923543,6224.373972974718,0.0
1790240924,16,,Aggregated,0.900000,0.000000,4600,4700,72000,76000,80000,80000,80000,80000,80000,80000,80000,90,0,4600,23785.407280703675,385.9448161573831,81890.97125083208,42.666666666666664
1790240925,16,POST,completion,0.300000,0.000000,76000,76000,80000,80000,80000,80000,80000,80000,80000,80000,80000,30,0,64000,66121.75251130636,54367.94330691919,81890.97125083208,128.0
1790240925,16,TPOT,completion,0.300000,0.000000,560,560,590,590,590,590,590,590,590,590,590,30,0,470,483.23150944298385,385.9448161573831,610.514962961384,0.0
1790240925,16,TTFT,completion,0.300000,0.000000,4600,4600,4700,4700,4700,4700,4700,4700,4700,4700,4700,30,0,4600,4751.237821361671,3717.9541389923543,6224.373972974718,0.0
1790240925,16,,Aggregated,0.900000,0.000000,4600,4700,72000,76000,80000,80000,80000,80000,80000,80000,80000,90,0,4600,23785.407280703675,385.9448161573831,81890.97125083208,42.666666666666664
1790240926,16,POST,completion,0.300000,0.000000,76000,76000,76000,76000,76000,76000,76000,76000,76000,76000,76000,30,0,64000,66121.75251130636,54367.94330691919,81890.97125083208,128.0
1790240926,16,TPOT,completion,0.300000,0.000000,560,560,560,560,560,560,560,560,560,560,560,30,0,470,483.23150944298385,385.9448161573831,610.514962961384,0.0
1790240926,16,TTFT,completion,0.300000,0.000000,4700,4700,4700,4700,4700,4700,4700,4700,4700,4700,4700,30,0,4600,4751.237821361671,3717.9541389923543,6224.373972974718,0.0
1790240926,16,,Aggregated,0.900000,0.000000,4700,4700,72000,72000,76000,76000,76000,76000,76000,76000,76000,90,0,4600,23785.407280703675,385.9448161573831,81890.97125083208,42.666666666666664
1790240927,16,POST,completion,0.300000,0.000000,76000,76000,76000,76000,76000,76000,76000,76000,76000,76000,76000,30,0,64000,66121.75251130636,54367.94330691919,81890.97125083208,128.0
1790240927,16,TPOT,completion,0.300000,0.000000,560,560,560,560,560,560,560,560,560,560,560,30,0,470,483.23150944298385,385.9448161573831,610.514962961384,0.0
1790240927,16,TTFT,completion,0.300000,0.000000,4700,4700,4700,4700,4700,4700,4700,4700,4700,4700,4700,30,0,4600,4751.237821361671,3717.9541389923543,6224.373972974718,0.0
1790240927,16,,Aggregated,0.900000,0.000000,4700,4700,72000,72000,76000,76000,76000,76000,76000,76000,76000,90,0,4600,23785.407280703675,385.9448161573831,81890.97125083208,42.666666666666664
1790240928,16,POST,completion,0.300000,0.000000,76000,76000,76000,76000,76000,76000,76000,76000,76000,76000,76000,30,0,64000,66121.75251130636,54367.94330691919,81890.97125083208,128.0
1790240928,16,TPOT,completion,0.300000,0.000000,560,560,560,560,560,560,560,560,560,560,560,30,0,470,483.23150944298385,385.9448161573831,610.514962961384,0.0
1790240928,16,TTFT,completion,0.300000,0.000000,4700,4700,4700,4700,4700,4700,4700,4700,4700,4700,4700,30,0,4600,4751.237821361671,3717.9541389923543,6224.373972974718,0.0
1790240928,16,,Aggregated,0.900000,0.000000,4700,4700,72000,72000,76000,76000,76000,76000,76000,76000,76000,90,0,4600,23785.407280703675,385.9448161573831,81890.97125083208,42.666666666666664
1790240929,16,POST,completion,0.200000,0.000000,72000,72000,72000,72000,72000,72000,72000,72000,72000,72000,72000,32,0,64000,66134.59370556666,54367.94330691919,81890.97125083208,128.0
1790240929,16,TPOT,completion,0.200000,0.000000,530,530,530,530,530,530,530,530,530,530,530,32,0,470,483.34398747084475,385.9448161573831,610.514962961384,0.0
1790240929,16,TTFT,completion,0.200000,0.000000,4600,4600,4900,4900,4900,4900,4900,4900,4900,4900,4900,32,0,4600,4749.79424909543,3717.9541389923543,6224.373972974718,0.0
1790240929,16,,Aggregated,0.600000,0.000000,4600,4900,61000,72000,72000,72000,72000,72000,72000,72000,72000,96,0,4600,23789.24398071098,385.9448161573831,81890.97125083208,42.666666666666664
1790240930,16,POST,completion,0.200000,0.000000,72000,72000,72000,72000,72000,72000,72000,72000,72000,72000,72000,32,0,64000,66134.59370556666,54367.94330691919,81890.97125083208,128.0
1790240930,16,TPOT,completion,0.200000,0.000000,530,530,530,530,530,530,530,530,530,530,530,32,0,470,483.34398747084475,385.9448161573831,610.514962961384,0.0
1790240930,16,TTFT,completion,0.200000,0.000000,4600,4600,4900,4900,4900,4900,4900,4900,4900,4900,4900,32,0,4600,4749.79424909543,3717.9541389923543,6224.373972974718,0.0
1790240930,16,,Aggregated,0.600000,0.000000,4600,4900,61000,72000,72000,72000,72000,72000,72000,72000,72000,96,0,4600,23789.24398071098,385.9448161573831,81890.97125083208,42.666666666666664
1790240931,16,POST,completion,0.200000,0.000000,72000,72000,72000,72000,72000,72000,72000,72000,72000,72000,72000,32,0,64000,66134.59370556666,54367.94330691919,81890.97125083208,128.0
1790240931,16,TPOT,completion,0.200000,0.000000,530,530,530,530,530,530,530,530,530,530,530,32,0,470,483.34398747084475,385.9448161573831,610.514962961384,0.0
1790240931,16,TTFT,completion,0.200000,0.000000,4600,4600,4900,4900,4900,4900,4900,4900,4900,4900,4900,32,0,4600,4749.79424909543,3717.9541389923543,6224.373972974718,0.0
1790240931,16,,Aggregated,0.600000,0.000000,4600,4900,61000,72000,72000,72000,72000,72000,72000,72000,72000,96,0,4600,23789.24398071098,385.9448161573831,81890.97125083208,42.666666666666664
1790240932,16,POST,completion,0.200000,0.000000,72000,72000,72000,72000,72000,72000,72000,72000,72000,72000,72000,32,0,64000,66134.59370556666,54367.94330691919,81890.97125083208,128.0
1790240932,16,TPOT,completion,0.200000,0.000000,530,530,530,530,530,530,530,530,530,530,530,32,0,470,483.34398747084475,385.9448161573831,610.514962961384,0.0
1790240932,16,TTFT,completion,0.200000,0.000000,4600,4600,4900,4900,4900,4900,4900,4900,4900,4900,4900,32,0,4600,4749.79424909543,3717.9541389923543,6224.373972974718,0.0
1790240932,16,,Aggregated,0.600000,0.000000,4600,4900,61000,72000,72000,72000,72000,72000,72000,72000,72000,96,0,4600,23789.24398071098,385.9448161573831,81890.97125083208,42.666666666666664
1790240933,16,POST,completion,0.200000,0.000000,72000,72000,72000,72000,72000,72000,72000,72000,72000,72000,72000,32,0,64000,66134.59370556666,54367.94330691919,81890.97125083208,128.0
1790240933,16,TPOT,completion,0.200000,0.000000,530,530,530,530,530,530,530,530,530,530,530,32,0,470,483.34398747084475,385.9448161573831,610.514962961384,0.0
1790240933,16,TTFT,completion,0.200000,0.000000,4600,4600,4900,4900,4900,4900,4900,4900,4900,4900,4900,32,0,4600,4749.79424909543,3717.9541389923543,6224.373972974718,0.0
1790240933,16,,Aggregated,0.600000,0.000000,4600,4900,61000,72000,72000,72000,72000,72000,72000,72000,72000,96,0,4600,23789.24398071098,385.9448161573831,81890.97125083208,42.666666666666664
1790240934,16,POST,completion,0.200000,0.000000,72000,72000,72000,72000,72000,72000,72000,72000,72000,72000,72000,32,0,64000,66134.59370556666,54367.94330691919,81890.97125083208,128.0
1790240934,16,TPOT,completion,0.200000,0.000000,530,530,530,530,530,530,530,530,530,530,530,32,0,470,483.34398747084475,385.9448161573831,610.514962961384,0.0
1790240934,16,TTFT,completion,0.200000,0.000000,4600,4600,4900,4900,4900,4900,4900,4900,4900,4900,4900,32,0,4600,4749.79424909543,3717.9541389923543,6224.373972974718,0.0
1790240934,16,,Aggregated,0.600000,0.000000,4600,4900,61000,72000,72000,72000,72000,72000,72000,72000,72000,96,0,4600,23789.24398071098,385.9448161573831,81890.97125083208,42.666666666666664
1790240935,16,POST,completion,0.200000,0.000000,72000,72000,72000,72000,72000,72000,72000,72000,72000,72000,72000,32,0,64000,66134.59370556666,54367.94330691919,81890.97125083208,128.0
1790240935,16,TPOT,completion,0.200000,0.000000,530,530,530,530,530,530,530,530,530,530,530,32,0,470,483.34398747084475,385.9448161573831,610.514962961384,0.0
1790240935,16,TTFT,completion,0.200000,0.000000,4900,4900,4900,4900,4900,4900,4900,4900,4900,4900,4900,32,0,4600,4749.79424909543,3717.9541389923543,6224.373972974718,0.0
1790240935,16,,Aggregated,0.600000,0.000000,4900,4900,61000,61000,72000,72000,72000,72000,72000,72000,72000,96,0,4600,23789.24398071098,385.9448161573831,81890.97125083208,42.666666666666664
1790240936,16,POST,completion,0.200000,0.000000,72000,72000,72000,72000,72000,72000,72000,72000,72000,72000,72000,32,0,64000,66134.59370556666,54367.94330691919,81890.97125083208,128.0
1790240936,16,TPOT,completion,0.200000,0.000000,530,530,530,530,530,530,530,530,530,530,530,32,0,470,483.34398747084475,385.9448161573831,610.514962961384,0.0
1790240936,16,TTFT,completion,0.200000,0.000000,4900,4900,4900,4900,4900,4900,4900,4900,4900,4900,4900,32,0,4600,4749.79424909543,3717.9541389923543,6224.373972974718,0.0
1790240936,16,,Aggregated,0.600000,0.000000,4900,4900,61000,61000,72000,72000,72000,72000,72000,72000,72000,96,0,4600,23789.24398071098,385.9448161573831,81890.97125083208,42.666666666666664
1790240937,16,POST,completion,0.200000,0.000000,72000,72000,72000,72000,72000,72000,72000,72000,72000,72000,72000,32,0,64000,66134.59370556666,54367.94330691919,81890.97125083208,128.0
1790240937,16,TPOT,completion,0.200000,0.000000,530,530,530,530,530,530,530,530,530,530,530,32,0,470,483.34398747084475,385.9448161573831,610.514962961384,0.0
1790240937,16,TTFT,completion,0.200000,0.000000,4900,4900,4900,4900,4900,4900,4900,4900,4900,4900,4900,32,0,4600,4749.79424909543,3717.9541389923543,6224.373972974718,0.0
1790240937,16,,Aggregated,0.600000,0.000000,4900,4900,61000,61000,72000,72000,72000,72000,72000,72000,72000,96,0,4600,23789.24398071098,385.9448161573831,81890.97125083208,42.666666666666664
1790240938,16,POST,completion,0.200000,0.000000,72000,72000,72000,72000,72000,72000,72000,72000,72000,72000,72000,32,0,64000,66134.59370556666,54367.94330691919,81890.97125083208,128.0
1790240938,16,TPOT,completion,0.200000,0.000000,530,530,530,530,530,530,530,530,530,530,530,32,0,470,483.34398747084475,385.9448161573831,610.514962961384,0.0
1790240938,16,TTFT,completion,0.200000,0.000000,4900,4900,4900,4900,4900,4900,4900,4900,4900,4900,4900,32,0,4600,4749.79424909543,3717.9541389923543,6224.373972974718,0.0
1790240938,16,,Aggregated,0.600000,0.000000,4900,4900,61000,61000,72000,72000,72000,72000,72000,72000,72000,96,0,4600,23789.24398071098,385.9448161573831,81890.97125083208,42.666666666666664
1790240939,16,POST,completion,0.200000,0.000000,72000,72000,72000,72000,72000,72000,72000,72000,72000,72000,72000,32,0,64000,66134.59370556666,54367.94330691919,81890.97125083208,128.0
1790240939,16,TPOT,completion,0.200000,0.000000,530,530,530,530,530,530,530,530,530,530,530,32,0,470,483.34398747084475,385.9448161573831,610.514962961384,0.0
1790240939,16,TTFT,completion,0.200000,0.000000,4900,4900,4900,4900,4900,4900,4900,4900,4900,4900,4900,32,0,4600,4749.79424909543,3717.9541389923543,6224.373972974718,0.0
1790240939,16,,Aggregated,0.600000,0.000000,4900,4900,61000,61000,72000,72000,72000,72000,72000,72000,72000,96,0,4600,23789.24398071098,385.9448161573831,81890.97125083208,42.666666666666664
1790240940,16,POST,completion,0.200000,0.000000,72000,72000,72000,72000,72000,72000,72000,72000,72000,72000,72000,32,0,64000,66134.59370556666,54367.94330691919,81890.97125083208,128.0
1790240940,16,TPOT,completion,0.200000,0.000000,530,530,530,530,530,530,530,530,530,530,530,32,0,470,483.34398747084475,385.9448161573831,610.514962961384,0.0
1790240940,16,TTFT,completion,0.200000,0.000000,4900,4900,4900,4900,4900,4900,4900,4900,4900,4900,4900,32,0,4600,4749.79424909543,3717.9541389923543,6224.373972974718,0.0
1790240940,16,,Aggregated,0.600000,0.000000,4900,4900,61000,61000,72000,72000,72000,72000,72000,72000,72000,96,0,4600,23789.24398071098,385.9448161573831,81890.97125083208,42.666666666666664
1790240941,16,POST,completion,0.200000,0.000000,72000,72000,72000,72000,72000,72000,72000,72000,72000,72000,72000,32,0,64000,66134.59370556666,54367.94330691919,81890.97125083208,128.0
1790240941,16,TPOT,completion,0.200000,0.000000,530,530,530,530,530,530,530,530,530,530,530,32,0,470,483.34398747084475,385.9448161573831,610.514962961384,0.0
1790240941,16,TTFT,completion,0.200000,0.000000,4900,4900,4900,4900,4900,4900,4900,4900,4900,4900,4900,32,0,4600,4749.79424909543,3717.9541389923543,6224.373972974718,0.0
1790240941,16,,Aggregated,0.600000,0.000000,4900,4900,61000,61000,72000,72000,72000,72000,72000,72000,72000,96,0,4600,23789.24398071098,385.9448161573831,81890.97125083208,42.666666666666664
1790240942,16,POST,completion,0.200000,0.000000,72000,72000,72000,72000,72000,72000,72000,72000,72000,72000,72000,32,0,64000,66134.59370556666,54367.94330691919,81890.97125083208,128.0
1790240942,16,TPOT,completion,0.200000,0.000000,530,530,530,530,530,530,530,530,530,530,530,32,0,470,483.34398747084475,385.9448161573831,610.514962961384,0.0
1790240942,16,TTFT,completion,0.200000,0.000000,4900,4900,4900,4900,4900,4900,4900,4900,4900,4900,4900,32,0,4600,4749.79424909543,3717.9541389923543,6224.373972974718,0.0
1790240942,16,,Aggregated,0.600000,0.000000,4900,4900,61000,61000,72000,72000,72000,72000,72000,72000,72000,96,0,4600,23789.24398071098,385.9448161573831,81890.97125083208,42.666666666666664
1790240943,16,POST,completion,0.200000,0.000000,72000,72000,72000,72000,72000,72000,72000,72000,72000,72000,72000,32,0,64000,66134.59370556666,54367.94330691919,81890.97125083208,128.0
1790240943,16,TPOT,completion,0.200000,0.000000,530,530,530,530,530,530,530,530,530,530,530,32,0,470,483.34398747084475,385.9448161573831,610.514962961384,0.0
1790240943,16,TTFT,completion,0.200000,0.000000,4900,4900,4900,4900,4900,4900,4900,4900,4900,4900,4900,32,0,4600,4749.79424909543,3717.9541389923543,6224.373972974718,0.0
1790240943,16,,Aggregated,0.600000,0.000000,4900,4900,61000,61000,72000,72000,72000,72000,72000,72000,72000,96,0,4600,23789.24398071098,385.9448161573831,81890.97125083208,42.666666666666664
1790240944,16,POST,completion,0.200000,0.000000,72000,72000,72000,72000,72000,72000,72000,72000,72000,72000,72000,32,0,64000,66134.59370556666,54367.94330691919,81890.97125083208,128.0
1790240944,16,TPOT,completion,0.200000,0.000000,530,530,530,530,530,530,530,530,530,530,530,32,0,470,483.34398747084475,385.9448161573831,610.514962961384,0.0
1790240944,16,TTFT,completion,0.200000,0.000000,4900,4900,4900,4900,4900,4900,4900,4900,4900,4900,4900,32,0,4600,4749.79424909543,3717.9541389923543,6224.373972974718,0.0
1790240944,16,,Aggregated,0.600000,0.000000,4900,4900,61000,61000,72000,72000,72000,72000,72000,72000,72000,96,0,4600,23789.24398071098,385.9448161573831,81890.97125083208,42.666666666666664
1790240945,16,POST,completion,0.200000,0.000000,72000,72000,72000,72000,72000,72000,72000,72000,72000,72000,72000,32,0,64000,66134.59370556666,54367.94330691919,81890.97125083208,128.0
1790240945,16,TPOT,completion,0.200000,0.000000,530,530,530,530,530,530,530,530,530,530,530,32,0,470,483.34398747084475,385.9448161573831,610.514962961384,0.0
1790240945,16,TTFT,completion,0.200000,0.000000,4900,4900,4900,4900,4900,4900,4900,4900,4900,4900,4900,32,0,4600,4749.79424909543,3717.9541389923543,6224.373972974718,0.0
1790240945,16,,Aggregated,0.600000,0.000000,4900,4900,61000,61000,72000,72000,72000,72000,72000,72000,72000,96,0,4600,23789.24398071098,385.9448161573831,81890.97125083208,42.666666666666664
1790240946,16,POST,completion,0.200000,0.000000,72000,72000,72000,72000,72000,72000,72000,72000,72000,72000,72000,32,0,64000,66134.59370556666,54367.94330691919,81890.97125083208,128.0
1790240946,16,TPOT,completion,0.200000,0.000000,530,530,530,530,530,530,530,530,530,530,530,32,0,470,483.34398747084475,385.9448161573831,610.514962961384,0.0
1790240946,16,TTFT,completion,0.200000,0.000000,4900,4900,4900,4900,4900,4900,4900,4900,4900,4900,4900,32,0,4600,4749.79424909543,3717.9541389923543,6224.373972974718,0.0
1790240946,16,,Aggregated,0.600000,0.000000,4900,4900,61000,61000,72000,72000,72000,72000,72000,72000,72000,96,0,4600,23789.24398071098,385.9448161573831,81890.97125083208,42.666666666666664
1790240947,16,POST,completion,0.200000,0.000000,0,0,0,0,0,0,0,0,0,0,0,32,0,64000,66134.59370556666,54367.94330691919,81890.97125083208,128.0
1790240947,16,TPOT,completion,0.200000,0.000000,0,0,0,0,0,0,0,0,0,0,0,32,0,470,483.34398747084475,385.9448161573831,610.514962961384,0.0
1790240947,16,TTFT,completion,0.200000,0.000000,0,0,0,0,0,0,0,0,0,0,0,32,0,4600,4749.79424909543,3717.9541389923543,6224.373972974718,0.0
1790240947,16,,Aggregated,0.600000,0.000000,0,0,0,0,0,0,0,0,0,0,0,96,0,4600,23789.24398071098,385.9448161573831,81890.97125083208,42.666666666666664
1790240948,16,POST,completion,0.200000,0.000000,0,0,0,0,0,0,0,0,0,0,0,32,0,64000,66134.59370556666,54367.94330691919,81890.97125083208,128.0
1790240948,16,TPOT,completion,0.200000,0.000000,0,0,0,0,0,0,0,0,0,0,0,32,0,470,483.34398747084475,385.9448161573831,610.514962961384,0.0
1790240948,16,TTFT,completion,0.200000,0.000000,0,0,0,0,0,0,0,0,0,0,0,32,0,4600,4749.79424909543,3717.9541389923543,6224.373972974718,0.0
1790240948,16,,Aggregated,0.600000,0.000000,0,0,0,0,0,0,0,0,0,0,0,96,0,4600,23789.24398071098,385.9448161573831,81890.97125083208,42.666666666666664
1790240949,16,POST,completion,0.200000,0.000000,0,0,0,0,0,0,0,0,0,0,0,32,0,64000,66134.59370556666,54367.94330691919,81890.97125083208,128.0
1790240949,16,TPOT,completion,0.200000,0.000000,0,0,0,0,0,0,0,0,0,0,0,32,0,470,483.34398747084475,385.9448161573831,610.514962961384,0.0
1790240949,16,TTFT,completion,0.200000,0.000000,0,0,0,0,0,0,0,0,0,0,0,32,0,4600,4749.79424909543,3717.9541389923543,6224.373972974718,0.0
1790240949,16,,Aggregated,0.600000,0.000000,0,0,0,0,0,0,0,0,0,0,0,96,0,4600,23789.24398071098,385.9448161573831,81890.97125083208,42.666666666666664
1790240950,16,POST,completion,0.200000,0.000000,0,0,0,0,0,0,0,0,0,0,0,32,0,64000,66134.59370556666,54367.94330691919,81890.97125083208,128.0
1790240950,16,TPOT,completion,0.200000,0.000000,0,0,0,0,0,0,0,0,0,0,0,32,0,470,483.34398747084475,385.9448161573831,610.514962961384,0.0
1790240950,16,TTFT,completion,0.200000,0.000000,0,0,0,0,0,0,0,0,0,0,0,32,0,4600,4749.79424909543,3717.9541389923543,6224.373972974718,0.0
1790240950,16,,Aggregated,0.600000,0.000000,0,0,0,0,0,0,0,0,0,0,0,96,0,4600,23789.24398071098,385.9448161573831,81890.97125083208,42.666666666666664
1790240951,16,POST,completion,0.200000,0.000000,0,0,0,0,0,0,0,0,0,0,0,32,0,64000,66134.59370556666,54367.94330691919,81890.97125083208,128.0
1790240951,16,TPOT,completion,0.200000,0.000000,0,0,0,0,0,0,0,0,0,0,0,32,0,470,483.34398747084475,385.9448161573831,610.514962961384,0.0
1790240951,16,TTFT,completion,0.200000,0.000000,0,0,0,0,0,0,0,0,0,0,0,32,0,4600,4749.79424909543,3717.9541389923543,6224.373972974718,0.0
1790240951,16,,Aggregated,0.600000,0.000000,0,0,0,0,0,0,0,0,0,0,0,96,0,4600,23789.24398071098,385.9448161573831,81890.97125083208,42.666666666666664
1790240952,16,POST,completion,0.200000,0.000000,0,0,0,0,0,0,0,0,0,0,0,32,0,64000,66134.59370556666,54367.94330691919,81890.97125083208,128.0
1790240952,16,TPOT,completion,0.200000,0.000000,0,0,0,0,0,0,0,0,0,0,0,32,0,470,483.34398747084475,385.9448161573831,610.514962961384,0.0
1790240952,16,TTFT,completion,0.200000,0.000000,0,0,0,0,0,0,0,0,0,0,0,32,0,4600,4749.79424909543,3717.9541389923543,6224.373972974718,0.0
1790240952,16,,Aggregated,0.600000,0.000000,0,0,0,0,0,0,0,0,0,0,0,96,0,4600,23789.24398071098,385.9448161573831,81890.97125083208,42.666666666666664
1790240953,16,POST,completion,0.200000,0.000000,0,0,0,0,0,0,0,0,0,0,0,32,0,64000,66134.59370556666,54367.94330691919,81890.97125083208,128.0
1790240953,16,TPOT,completion,0.200000,0.000000,0,0,0,0,0,0,0,0,0,0,0,32,0,470,483.34398747084475,385.9448161573831,610.514962961384,0.0
1790240953,16,TTFT,completion,0.200000,0.000000,0,0,0,0,0,0,0,0,0,0,0,32,0,4600,4749.79424909543,3717.9541389923543,6224.373972974718,0.0
1790240953,16,,Aggregated,0.600000,0.000000,0,0,0,0,0,0,0,0,0,0,0,96,0,4600,23789.24398071098,385.9448161573831,81890.97125083208,42.666666666666664
1790240954,16,POST,completion,0.000000,0.000000,0,0,0,0,0,0,0,0,0,0,0,34,0,64000,65985.64808121335,54367.94330691919,81890.97125083208,128.0
1790240954,16,TPOT,completion,0.000000,0.000000,0,0,0,0,0,0,0,0,0,0,0,34,0,470,482.25130092414315,385.9448161573831,610.514962961384,0.0
1790240954,16,TTFT,completion,0.000000,0.000000,0,0,0,0,0,0,0,0,0,0,0,34,0,4600,4739.619681680137,3717.9541389923543,6224.373972974718,0.0
1790240954,16,,Aggregated,0.000000,0.000000,0,0,0,0,0,0,0,0,0,0,0,102,0,4600,23735.839687939213,385.9448161573831,81890.97125083208,42.666666666666664
1790240955,16,POST,completion,0.000000,0.000000,66000,66000,66000,66000,66000,66000,66000,66000,66000,66000,66000,34,0,64000,65985.64808121335,54367.94330691919,81890.97125083208,128.0
1790240955,16,TPOT,completion,0.000000,0.000000,480,480,480,480,480,480,480,480,480,480,480,34,0,470,482.25130092414315,385.9448161573831,610.514962961384,0.0
1790240955,16,TTFT,completion,0.000000,0.000000,4600,4600,4600,4600,4600,4600,4600,4600,4600,4600,4600,34,0,4600,4739.619681680137,3717.9541389923543,6224.373972974718,0.0
1790240955,16,,Aggregated,0.000000,0.000000,4600,4600,62000,62000,66000,66000,66000,66000,66000,66000,66000,102,0,4600,23735.839687939213,385.9448161573831,81890.97125083208,42.666666666666664
1790240957,16,POST,completion,0.000000,0.000000,66000,66000,66000,66000,66000,66000,66000,66000,66000,66000,66000,34,0,64000,65985.64808121335,54367.94330691919,81890.97125083208,128.0
1790240957,16,TPOT,completion,0.000000,0.000000,480,480,480,480,480,480,480,480,480,480,480,34,0,470,482.25130092414315,385.9448161573831,610.514962961384,0.0
1790240957,16,TTFT,completion,0.000000,0.000000,4600,4600,4600,4600,4600,4600,4600,4600,4600,4600,4600,34,0,4600,4739.619681680137,3717.9541389923543,6224.373972974718,0.0
1790240957,16,,Aggregated,0.000000,0.000000,4600,4600,62000,62000,66000,66000,66000,66000,66000,66000,66000,102,0,4600,23735.839687939213,385.9448161573831,81890.97125083208,42.666666666666664
1790240958,16,POST,completion,0.200000,0.000000,62000,62000,66000,66000,66000,66000,66000,66000,66000,66000,66000,35,0,64000,65848.97726943849,54367.94330691919,81890.97125083208,128.0
1790240958,16,TPOT,completion,0.200000,0.000000,450,450,480,480,480,480,480,480,480,480,480,35,0,460,481.23081656161344,385.9448161573831,610.514962961384,0.0
1790240958,16,TTFT,completion,0.200000,0.000000,4600,4600,4600,4600,4600,4600,4600,4600,4600,4600,4600,35,0,4600,4732.550141494721,3717.9541389923543,6224.373972974718,0.0
1790240958,16,,Aggregated,0.600000,0.000000,4600,4600,61000,62000,66000,66000,66000,66000,66000,66000,66000,105,0,4600,23687.586075831612,385.9448161573831,81890.97125083208,42.666666666666664
1790240959,16,POST,completion,0.200000,0.000000,62000,62000,66000,66000,66000,66000,66000,66000,66000,66000,66000,35,0,64000,65848.97726943849,54367.94330691919,81890.97125083208,128.0
1790240959,16,TPOT,completion,0.200000,0.000000,450,450,480,480,480,480,480,480,480,480,480,35,0,460,481.23081656161344,385.9448161573831,610.514962961384,0.0
1790240959,16,TTFT,completion,0.200000,0.000000,4600,4600,4600,4600,4600,4600,4600,4600,4600,4600,4600,35,0,4600,4732.550141494721,3717.9541389923543,6224.373972974718,0.0
1790240959,16,,Aggregated,0.600000,0.000000,4600,4600,61000,62000,66000,66000,66000,66000,66000,66000,66000,105,0,4600,23687.586075831612,385.9448161573831,81890.97125083208,42.666666666666664
1790240960,16,POST,completion,0.200000,0.000000,66000,66000,70000,70000,70000,70000,70000,70000,70000,70000,70000,36,0,64000,65966.5853431733,54367.94330691919,81890.97125083208,128.0
1790240960,16,TPOT,completion,0.200000,0.000000,480,480,510,510,510,510,510,510,510,510,510,36,0,470,482.15703248367777,385.9448161573831,610.514962961384,0.0
1790240960,16,TTFT,completion,0.200000,0.000000,4600,4600,4700,4700,4700,4700,4700,4700,4700,4700,4700,36,0,4600,4732.528824229828,3717.9541389923543,6224.373972974718,0.0
1790240960,16,,Aggregated,0.600000,0.000000,4600,4700,62000,62000,66000,70000,70000,70000,70000,70000,70000,108,0,4600,23727.090399962268,385.9448161573831,81890.97125083208,42.666666666666664
1790240961,16,POST,completion,0.200000,0.000000,66000,66000,70000,70000,70000,70000,70000,70000,70000,70000,70000,36,0,64000,65966.5853431733,54367.94330691919,81890.97125083208,128.0
1790240961,16,TPOT,completion,0.200000,0.000000,480,480,510,510,510,510,510,510,510,510,510,36,0,470,482.15703248367777,385.9448161573831,610.514962961384,0.0
1790240961,16,TTFT,completion,0.200000,0.000000,4600,4600,4700,4700,4700,4700,4700,4700,4700,4700,4700,36,0,4600,4732.528824229828,3717.9541389923543,6224.373972974718,0.0
1790240961,16,,Aggregated,0.600000,0.000000,4600,4700,62000,62000,66000,70000,70000,70000,70000,70000,70000,108,0,4600,23727.090399962268,385.9448161573831,81890.97125083208,42.666666666666664
1790240962,16,POST,completion,0.200000,0.000000,66000,66000,70000,70000,70000,70000,70000,70000,70000,70000,70000,36,0,64000,65966.5853431733,54367.94330691919,81890.97125083208,128.0
1790240962,16,TPOT,completion,0.200000,0.000000,480,480,510,510,510,510,510,510,510,510,510,36,0,470,482.15703248367777,385.9448161573831,610.514962961384,0.0
1790240962,16,TTFT,completion,0.200000,0.000000,4600,4600,4700,4700,4700,4700,4700,4700,4700,4700,4700,36,0,4600,4732.528824229828,3717.9541389923543,6224.373972974718,0.0
1790240962,16,,Aggregated,0.600000,0.000000,4600,4700,62000,62000,66000,70000,70000,70000,70000,70000,70000,108,0,4600,23727.090399962268,385.9448161573831,81890.97125083208,42.666666666666664
1790240963,16,POST,completion,0.200000,0.000000,66000,66000,70000,70000,70000,70000,70000,70000,70000,70000,70000,36,0,64000,65966.5853431733,54367.94330691919,81890.97125083208,128.0
1790240963,16,TPOT,completion,0.200000,0.000000,480,480,510,510,510,510,510,510,510,510,510,36,0,470,482.15703248367777,385.9448161573831,610.514962961384,0.0
1790240963,16,TTFT,completion,0.200000,0.000000,4600,4600,4700,4700,4700,4700,4700,4700,4700,4700,4700,36,0,4600,4732.528824229828,3717.9541389923543,6224.373972974718,0.0
1790240963,16,,Aggregated,0.600000,0.000000,4600,4700,62000,62000,66000,70000,70000,70000,70000,70000,70000,108,0,4600,23727.090399962268,385.9448161573831,81890.97125083208,42.666666666666664
1790240964,16,POST,completion,0.200000,0.000000,66000,66000,70000,70000,70000,70000,70000,70000,70000,70000,70000,36,0,64000,65966.5853431733,54367.94330691919,81890.97125083208,128.0
1790240964,16,TPOT,completion,0.200000,0.000000,480,480,510,510,510,510,510,510,510,510,510,36,0,470,482.15703248367777,385.9448161573831,610.514962961384,0.0
1790240964,16,TTFT,completion,0.200000,0.000000,4600,4600,4700,4700,4700,4700,4700,4700,4700,4700,4700,36,0,4600,4732.528824229828,3717.9541389923543,6224.373972974718,0.0
1790240964,16,,Aggregated,0.600000,0.000000,4600,4700,62000,62000,66000,70000,70000,70000,70000,70000,70000,108,0,4600,23727.090399962268,385.9448161573831,81890.97125083208,42.666666666666664
1790240965,16,POST,completion,0.400000,0.000000,62000,62000,70000,70000,70000,70000,70000,70000,70000,70000,70000,37,0,64000,65851.92421225303,54367.94330691919,81890.97125083208,128.0
1790240965,16,TPOT,completion,0.400000,0.000000,450,450,510,510,510,510,510,510,510,510,510,37,0,460,481.328048857072,385.9448161573831,610.514962961384,0.0
1790240965,16,TTFT,completion,0.400000,0.000000,4500,4500,4700,4700,4700,4700,4700,4700,4700,4700,4700,37,0,4600,4723.148567520233,3717.9541389923543,6224.373972974718,0.0
1790240965,16,,Aggregated,1.200000,0.000000,4500,4700,61000,62000,70000,70000,70000,70000,70000,70000,70000,111,0,4600,23685.466942876777,385.9448161573831,81890.97125083208,42.666666666666664
1790240966,16,POST,completion,0.400000,0.000000,61000,62000,62000,70000,70000,70000,70000,70000,70000,70000,70000,39,0,63000,65530.96244370159,54367.94330691919,81890.97125083208,128.0
1790240966,16,TPOT,completion,0.400000,0.000000,450,450,450,510,510,510,510,510,510,510,510,39,0,460,478.88671395219575,385.9448161573831,610.514962961384,0.0
1790240966,16,TTFT,completion,0.400000,0.000000,4500,4600,4600,4700,4700,4700,4700,4700,4700,4700,4700,39,0,4600,4712.235629033202,3717.9541389923543,6224.373972974718,0.0
1790240966,16,,Aggregated,1.200000,0.000000,4500,4700,61000,61000,62000,70000,70000,70000,70000,70000,70000,117,0,4600,23574.028262229,385.9448161573831,81890.97125083208,42.666666666666664
1790240967,16,POST,completion,0.400000,0.000000,61000,62000,62000,70000,70000,70000,70000,70000,70000,70000,70000,39,0,63000,65530.96244370159,54367.94330691919,81890.97125083208,128.0
1790240967,16,TPOT,completion,0.400000,0.000000,450,450,450,510,510,510,510,510,510,510,510,39,0,460,478.88671395219575,385.9448161573831,610.514962961384,0.0
1790240967,16,TTFT,completion,0.400000,0.000000,4500,4600,4600,4700,4700,4700,4700,4700,4700,4700,4700,39,0,4600,4712.235629033202,3717.9541389923543,6224.373972974718,0.0
1790240967,16,,Aggregated,1.200000,0.000000,4500,4700,61000,61000,62000,70000,70000,70000,70000,70000,70000,117,0,4600,23574.028262229,385.9448161573831,81890.97125083208,42.666666666666664
1790240968,16,POST,completion,0.400000,0.000000,62000,62000,70000,70000,70000,70000,70000,70000,70000,70000,70000,39,0,63000,65530.96244370159,54367.94330691919,81890.97125083208,128.0
1790240968,16,TPOT,completion,0.400000,0.000000,450,450,510,510,510,510,510,510,510,510,510,39,0,460,478.88671395219575,385.9448161573831,610.514962961384,0.0
1790240968,16,TTFT,completion,0.400000,0.000000,4600,4600,4700,4700,4700,4700,4700,4700,4700,4700,4700,39,0,4600,4712.235629033202,3717.9541389923543,6224.373972974718,0.0
1790240968,16,,Aggregated,1.200000,0.000000,4600,4700,61000,61000,62000,70000,70000,70000,70000,70000,70000,117,0,4600,23574.028262229,385.9448161573831,81890.97125083208,42.666666666666664
1790240969,16,POST,completion,0.400000,0.000000,62000,62000,70000,70000,70000,70000,70000,70000,70000,70000,70000,39,0,63000,65530.96244370159,54367.94330691919,81890.97125083208,128.0
1790240969,16,TPOT,completion,0.400000,0.000000,450,450,510,510,510,510,510,510,510,510,510,39,0,460,478.88671395219575,385.9448161573831,610.514962961384,0.0
1790240969,16,TTFT,completion,0.400000,0.000000,4600,4600,4700,4700,4700,4700,4700,4700,4700,4700,4700,39,0,4600,4712.235629033202,3717.9541389923543,6224.373972974718,0.0
1790240969,16,,Aggregated,1.200000,0.000000,4600,4700,61000,61000,62000,70000,70000,70000,70000,70000,70000,117,0,4600,23574.028262229,385.9448161573831,81890.97125083208,42.666666666666664
1790240970,16,POST,completion,0.500000,0.000000,62000,62000,62000,70000,70000,70000,70000,70000,70000,70000,70000,40,0,63000,65439.51874013292,54367.94330691919,81890.97125083208,128.0
1790240970,16,TPOT,completion,0.500000,0.000000,450,450,450,510,510,510,510,510,510,510,510,40,0,460,478.2454610041867,385.9448161573831,610.514962961384,0.0
1790240970,16,TTFT,completion,0.500000,0.000000,4400,4600,4600,4700,4700,4700,4700,4700,4700,4700,4700,40,0,4600,4702.2318991832435,3717.9541389923543,6224.373972974718,0.0
1790240970,16,,Aggregated,1.500000,0.000000,4400,4700,61000,62000,62000,70000,70000,70000,70000,70000,70000,120,0,4600,23539.99870010679,385.9448161573831,81890.97125083208,42.666666666666664
1790240971,16,POST,completion,0.500000,0.000000,62000,62000,62000,62000,62000,62000,62000,62000,62000,62000,62000,40,0,63000,65439.51874013292,54367.94330691919,81890.97125083208,128.0
1790240971,16,TPOT,completion,0.500000,0.000000,450,450,450,450,450,450,450,450,450,450,450,40,0,460,478.2454610041867,385.9448161573831,610.514962961384,0.0
1790240971,16,TTFT,completion,0.500000,0.000000,4400,4400,4600,4600,4600,4600,4600,4600,4600,4600,4600,40,0,4600,4702.2318991832435,3717.9541389923543,6224.373972974718,0.0
1790240971,16,,Aggregated,1.500000,0.000000,4400,4600,61000,61000,62000,62000,62000,62000,62000,62000,62000,120,0,4600,23539.99870010679,385.9448161573831,81890.97125083208,42.666666666666664
1790240972,16,POST,completion,0.500000,0.000000,62000,62000,62000,62000,62000,62000,62000,62000,62000,62000,62000,40,0,63000,65439.51874013292,54367.94330691919,81890.97125083208,128.0
1790240972,16,TPOT,completion,0.500000,0.000000,450,450,450,450,450,450,450,450,450,450,450,40,0,460,478.2454610041867,385.9448161573831,610.514962961384,0.0
1790240972,16,TTFT,completion,0.500000,0.000000,4400,4400,4600,4600,4600,4600,4600,4600,4600,4600,4600,40,0,4600,4702.2318991832435,3717.9541389923543,6224.373972974718,0.0
1790240972,16,,Aggregated,1.500000,0.000000,4400,4600,61000,61000,62000,62000,62000,62000,62000,62000,62000,120,0,4600,23539.99870010679,385.9448161573831,81890.97125083208,42.666666666666664
1790240973,16,POST,completion,0.400000,0.000000,62000,62000,62000,74000,74000,74000,74000,74000,74000,74000,74000,41,0,63000,65655.27350810447,54367.94330691919,81890.97125083208,128.0
1790240973,16,TPOT,completion,0.400000,0.000000,450,450,450,550,550,550,550,550,550,550,550,41,0,460,479.9540941308364,385.9448161573831,610.514962961384,0.0
1790240973,16,TTFT,completion,0.400000,0.000000,4400,4600,4600,4700,4700,4700,4700,4700,4700,4700,4700,41,0,4600,4700.9910572059,3717.9541389923543,6224.373972974718,0.0
1790240973,16,,Aggregated,1.200000,0.000000,4400,4700,61000,62000,62000,74000,74000,74000,74000,74000,74000,123,0,4600,23612.072886480408,385.9448161573831,81890.97125083208,42.666666666666664
1790240974,16,POST,completion,0.400000,0.000000,62000,62000,74000,74000,74000,74000,74000,74000,74000,74000,74000,41,0,63000,65655.27350810447,54367.94330691919,81890.97125083208,128.0
1790240974,16,TPOT,completion,0.400000,0.000000,450,450,550,550,550,550,550,550,550,550,550,41,0,460,479.9540941308364,385.9448161573831,610.514962961384,0.0
1790240974,16,TTFT,completion,0.400000,0.000000,4600,4600,4700,4700,4700,4700,4700,4700,4700,4700,4700,41,0,4600,4700.9910572059,3717.9541389923543,6224.373972974718,0.0
1790240974,16,,Aggregated,1.200000,0.000000,4600,4700,61000,61000,62000,74000,74000,74000,74000,74000,74000,123,0,4600,23612.072886480408,385.9448161573831,81890.97125083208,42.666666666666664
1790240975,16,POST,completion,0.400000,0.000000,62000,70000,70000,74000,74000,74000,74000,74000,74000,74000,74000,42,0,64000,65757.0804283411,54367.94330691919,81890.97125083208,128.0
1790240975,16,TPOT,completion,0.400000,0.000000,450,520,520,550,550,550,550,550,550,550,550,42,0,460,480.79979035812687,385.9448161573831,610.514962961384,0.0
1790240975,16,TTFT,completion,0.400000,0.000000,4500,4600,4600,4700,4700,4700,4700,4700,4700,4700,4700,42,0,4600,4695.395532463278,3717.9541389923543,6224.373972974718,0.0
1790240975,16,,Aggregated,1.200000,0.000000,4500,4700,61000,62000,70000,74000,74000,74000,74000,74000,74000,126,0,4600,23644.425250387503,385.9448161573831,81890.97125083208,42.666666666666664
1790240976,16,POST,completion,0.400000,0.000000,62000,70000,70000,74000,74000,74000,74000,74000,74000,74000,74000,42,0,64000,65757.0804283411,54367.94330691919,81890.97125083208,128.0
1790240976,16,TPOT,completion,0.400000,0.000000,450,520,520,550,550,550,550,550,550,550,550,42,0,460,480.79979035812687,385.9448161573831,610.514962961384,0.0
1790240976,16,TTFT,completion,0.400000,0.000000,4500,4600,4600,4700,4700,4700,4700,4700,4700,4700,4700,42,0,4600,4695.395532463278,3717.9541389923543,6224.373972974718,0.0
1790240976,16,,Aggregated,1.200000,0.000000,4500,4700,61000,62000,70000,74000,74000,74000,74000,74000,74000,126,0,4600,23644.425250387503,385.9448161573831,81890.97125083208,42.666666666666664
1790240977,16,POST,completion,0.500000,0.000000,70000,70000,74000,74000,74000,74000,74000,74000,74000,74000,74000,43,0,63000,65655.44247372769,54367.94330691919,81890.97125083208,128.0
1790240977,16,TPOT,completion,0.500000,0.000000,520,520,550,550,550,550,550,550,550,550,550,43,0,460,480.0421565902334,385.9448161573831,610.514962961384,0.0
1790240977,16,TTFT,completion,0.500000,0.000000,4500,4500,4700,4700,4700,4700,4700,4700,4700,4700,4700,43,0,4600,4689.97750410182,3717.9541389923543,6224.373972974718,0.0
1790240977,16,,Aggregated,1.500000,0.000000,4500,4700,62000,62000,70000,74000,74000,74000,74000,74000,74000,129,0,4600,23608.48737813992,385.9448161573831,81890.97125083208,42.666666666666664
1790240978,16,POST,completion,0.500000,0.000000,70000,70000,74000,74000,74000,74000,74000,74000,74000,74000,74000,43,0,63000,65655.44247372769,54367.94330691919,81890.97125083208,128.0
1790240978,16,TPOT,completion,0.500000,0.000000,520,520,550,550,550,550,550,550,550,550,550,43,0,460,480.0421565902334,385.9448161573831,610.514962961384,0.0
1790240978,16,TTFT,completion,0.500000,0.000000,4500,4500,4700,4700,4700,4700,4700,4700,4700,4700,4700,43,0,4600,4689.97750410182,3717.9541389923543,6224.373972974718,0.0
1790240978,16,,Aggregated,1.500000,0.000000,4500,4700,62000,62000,70000,74000,74000,74000,74000,74000,74000,129,0,4600,23608.48737813992,385.9448161573831,81890.97125083208,42.666666666666664
1790240979,16,POST,completion,0.300000,0.000000,62000,70000,70000,74000,74000,74000,74000,74000,74000,74000,74000,44,0,63000,65539.96254398423,54367.94330691919,81890.97125083208,128.0
1790240979,16,TPOT,completion,0.300000,0.000000,450,520,520,550,550,550,550,550,550,550,550,44,0,460,479.2124141906319,385.9448161573831,610.514962961384,0.0
1790240979,16,TTFT,completion,0.300000,0.000000,4500,4500,4500,4700,4700,4700,4700,4700,4700,4700,4700,44,0,4600,4679.875457871028,3717.9541389923543,6224.373972974718,0.0
1790240979,16,,Aggregated,0.900000,0.000000,4500,4700,61000,62000,70000,74000,74000,74000,74000,74000,74000,132,0,4600,23566.350138681973,385.9448161573831,81890.97125083208,42.666666666666664
1790240980,16,POST,completion,0.300000,0.000000,62000,70000,70000,74000,74000,74000,74000,74000,74000,74000,74000,44,0,63000,65539.96254398423,54367.94330691919,81890.97125083208,128.0
1790240980,16,TPOT,completion,0.300000,0.000000,450,520,520,550,550,550,550,550,550,550,550,44,0,460,479.2124141906319,385.9448161573831,610.514962961384,0.0
1790240980,16,TTFT,completion,0.300000,0.000000,4500,4500,4500,4700,4700,4700,4700,4700,4700,4700,4700,44,0,4600,4679.875457871028,3717.9541389923543,6224.373972974718,0.0
1790240980,16,,Aggregated,0.900000,0.000000,4500,4700,61000,62000,70000,74000,74000,74000,74000,74000,74000,132,0,4600,23566.350138681973,385.9448161573831,81890.97125083208,42.666666666666664
1790240981,16,POST,completion,0.400000,0.000000,70000,70000,70000,74000,74000,74000,74000,74000,74000,74000,74000,45,0,63000,65640.63382758759,54367.94330691919,81890.97125083208,128.0
1790240981,16,TPOT,completion,0.400000,0.000000,510,520,520,550,550,550,550,550,550,550,550,45,0,460,480.00022821121854,385.9448161573831,610.514962961384,0.0
1790240981,16,TTFT,completion,0.400000,0.000000,4500,4700,4700,4700,4700,4700,4700,4700,4700,4700,4700,45,0,4600,4680.495128387378,3717.9541389923543,6224.373972974718,0.0
1790240981,16,,Aggregated,1.200000,0.000000,4500,4700,61000,70000,70000,74000,74000,74000,74000,74000,74000,135,0,4600,23600.376394728733,385.9448161573831,81890.97125083208,42.666666666666664
1790240982,16,POST,completion,0.400000,0.000000,70000,70000,70000,74000,74000,74000,74000,74000,74000,74000,74000,45,0,63000,65640.63382758759,54367.94330691919,81890.97125083208,128.0
1790240982,16,TPOT,completion,0.400000,0.000000,510,520,520,550,550,550,550,550,550,550,550,45,0,460,480.00022821121854,385.9448161573831,610.514962961384,0.0
1790240982,16,TTFT,completion,0.400000,0.000000,4500,4700,4700,4700,4700,4700,4700,4700,4700,4700,4700,45,0,4600,4680.495128387378,3717.9541389923543,6224.373972974718,0.0
1790240982,16,,Aggregated,1.200000,0.000000,4500,4700,61000,70000,70000,74000,74000,74000,74000,74000,74000,135,0,4600,23600.376394728733,385.9448161573831,81890.97125083208,42.666666666666664
1790240983,16,POST,completion,0.400000,0.000000,70000,70000,70000,70000,70000,70000,70000,70000,70000,70000,70000,45,0,63000,65640.63382758759,54367.94330691919,81890.97125083208,128.0
1790240983,16,TPOT,completion,0.400000,0.000000,510,510,520,520,520,520,520,520,520,520,520,45,0,460,480.00022821121854,385.9448161573831,610.514962961384,0.0
1790240983,16,TTFT,completion,0.400000,0.000000,4500,4500,4700,4700,4700,4700,4700,4700,4700,4700,4700,45,0,4600,4680.495128387378,3717.9541389923543,6224.373972974718,0.0
1790240983,16,,Aggregated,1.200000,0.000000,4500,4700,61000,61000,70000,70000,70000,70000,70000,70000,70000,135,0,4600,23600.376394728733,385.9448161573831,81890.97125083208,42.666666666666664
1790240984,16,POST,completion,0.400000,0.000000,70000,70000,70000,70000,70000,70000,70000,70000,70000,70000,70000,45,0,63000,65640.63382758759,54367.94330691919,81890.97125083208,128.0
1790240984,16,TPOT,completion,0.400000,0.000000,510,510,520,520,520,520,520,520,520,520,520,45,0,460,480.00022821121854,385.9448161573831,610.514962961384,0.0
1790240984,16,TTFT,completion,0.400000,0.000000,4500,4500,4700,4700,4700,4700,4700,4700,4700,4700,4700,45,0,4600,4680.495128387378,3717.9541389923543,6224.373972974718,0.0
1790240984,16,,Aggregated,1.200000,0.000000,4500,4700,61000,61000,70000,70000,70000,70000,70000,70000,70000,135,0,4600,23600.376394728733,385.9448161573831,81890.97125083208,42.666666666666664
1790240985,16,POST,completion,0.400000,0.000000,61000,61000,70000,70000,70000,70000,70000,70000,70000,70000,70000,45,0,63000,65640.63382758759,54367.94330691919,81890.97125083208,128.0
1790240985,16,TPOT,completion,0.400000,0.000000,450,450,510,510,510,510,510,510,510,510,510,45,0,460,480.00022821121854,385.9448161573831,610.514962961384,0.0
1790240985,16,TTFT,completion,0.400000,0.000000,4500,4500,4700,4700,4700,4700,4700,4700,4700,4700,4700,45,0,4600,4680.495128387378,3717.9541389923543,6224.373972974718,0.0
1790240985,16,,Aggregated,1.200000,0.000000,4500,4700,61000,61000,70000,70000,70000,70000,70000,70000,70000,135,0,4600,23600.376394728733,385.9448161573831,81890.97125083208,42.666666666666664
1790240986,16,POST,completion,0.400000,0.000000,61000,61000,70000,70000,70000,70000,70000,70000,70000,70000,70000,45,0,63000,65640.63382758759,54367.94330691919,81890.97125083208,128.0
1790240986,16,TPOT,completion,0.400000,0.000000,450,450,510,510,510,510,510,510,510,510,510,45,0,460,480.00022821121854,385.9448161573831,610.514962961384,0.0
1790240986,16,TTFT,completion,0.400000,0.000000,4500,4500,4700,4700,4700,4700,4700,4700,4700,4700,4700,45,0,4600,4680.495128387378,3717.9541389923543,6224.373972974718,0.0
1790240986,16,,Aggregated,1.200000,0.000000,4500,4700,61000,61000,70000,70000,70000,70000,70000,70000,70000,135,0,4600,23600.376394728733,385.9448161573831,81890.97125083208,42.666666666666664
1790240987,16,POST,completion,0.400000,0.000000,70000,70000,70000,70000,70000,70000,70000,70000,70000,70000,70000,45,0,63000,65640.63382758759,54367.94330691919,81890.97125083208,128.0
1790240987,16,TPOT,completion,0.400000,0.000000,510,510,510,510,510,510,510,510,510,510,510,45,0,460,480.00022821121854,385.9448161573831,610.514962961384,0.0
1790240987,16,TTFT,completion,0.400000,0.000000,4700,4700,4700,4700,4700,4700,4700,4700,4700,4700,4700,45,0,4600,4680.495128387378,3717.9541389923543,6224.373972974718,0.0
1790240987,16,,Aggregated,1.200000,0.000000,4700,4700,61000,61000,70000,70000,70000,70000,70000,70000,70000,135,0,4600,23600.376394728733,385.9448161573831,81890.97125083208,42.666666666666664
1790240988,16,POST,completion,0.400000,0.000000,70000,70000,70000,70000,70000,70000,70000,70000,70000,70000,70000,45,0,63000,65640.63382758759,54367.94330691919,81890.97125083208,128.0
1790240988,16,TPOT,completion,0.400000,0.000000,510,510,510,510,510,510,510,510,510,510,510,45,0,460,480.00022821121854,385.9448161573831,610.514962961384,0.0
1790240988,16,TTFT,completion,0.400000,0.000000,4700,4700,4700,4700,4700,4700,4700,4700,4700,4700,4700,45,0,4600,4680.495128387378,3717.9541389923543,6224.373972974718,0.0
1790240988,16,,Aggregated,1.200000,0.000000,4700,4700,61000,61000,70000,70000,70000,70000,70000,70000,70000,135,0,4600,23600.376394728733,385.9448161573831,81890.97125083208,42.666666666666664
1790240989,16,POST,completion,0.400000,0.000000,70000,70000,70000,70000,70000,70000,70000,70000,70000,70000,70000,45,0,63000,65640.63382758759,54367.94330691919,81890.97125083208,128.0
1790240989,16,TPOT,completion,0.400000,0.000000,510,510,510,510,510,510,510,510,510,510,510,45,0,460,480.00022821121854,385.9448161573831,610.514962961384,0.0
1790240989,16,TTFT,completion,0.400000,0.000000,4700,4700,4700,4700,4700,4700,4700,4700,4700,4700,4700,45,0,4600,4680.495128387378,3717.9541389923543,6224.373972974718,0.0
1790240989,16,,Aggregated,1.200000,0.000000,4700,4700,70000,70000,70000,70000,70000,70000,70000,70000,70000,135,0,4600,23600.376394728733,385.9448161573831,81890.97125083208,42.666666666666664
1790240990,16,POST,completion,0.400000,0.000000,70000,70000,70000,70000,70000,70000,70000,70000,70000,70000,70000,45,0,63000,65640.63382758759,54367.94330691919,81890.97125083208,128.0
1790240990,16,TPOT,completion,0.400000,0.000000,510,510,510,510,510,510,510,510,510,510,510,45,0,460,480.00022821121854,385.9448161573831,610.514962961384,0.0
1790240990,16,TTFT,completion,0.400000,0.000000,4700,4700,4700,4700,4700,4700,4700,4700,4700,4700,4700,45,0,4600,4680.495128387378,3717.9541389923543,6224.373972974718,0.0
1790240990,16,,Aggregated,1.200000,0.000000,4700,4700,70000,70000,70000,70000,70000,70000,70000,70000,70000,135,0,4600,23600.376394728733,385.9448161573831,81890.97125083208,42.666666666666664
1790240991,16,POST,completion,0.200000,0.000000,70000,70000,70000,70000,70000,70000,70000,70000,70000,70000,70000,46,0,63000,65536.1121560791,54367.94330691919,81890.97125083208,128.0
1790240991,16,TPOT,completion,0.200000,0.000000,510,510,510,510,510,510,510,510,510,510,510,46,0,460,479.260205807289,385.9448161573831,610.514962961384,0.0
1790240991,16,TTFT,completion,0.200000,0.000000,4700,4700,4700,4700,4700,4700,4700,4700,4700,4700,4700,46,0,4600,4669.956313380364,3717.9541389923543,6224.373972974718,0.0
1790240991,16,,Aggregated,0.600000,0.000000,4700,4700,61000,61000,70000,70000,70000,70000,70000,70000,70000,138,0,4600,23561.77622508893,385.9448161573831,81890.97125083208,42.666666666666664
1790240992,16,POST,completion,0.200000,0.000000,70000,70000,70000,70000,70000,70000,70000,70000,70000,70000,70000,46,0,63000,65536.1121560791,54367.94330691919,81890.97125083208,128.0
1790240992,16,TPOT,completion,0.200000,0.000000,510,510,510,510,510,510,510,510,510,510,510,46,0,460,479.260205807289,385.9448161573831,610.514962961384,0.0
1790240992,16,TTFT,completion,0.200000,0.000000,4700,4700,4700,4700,4700,4700,4700,4700,4700,4700,4700,46,0,4600,4669.956313380364,3717.9541389923543,6224.373972974718,0.0
1790240992,16,,Aggregated,0.600000,0.000000,4700,4700,61000,61000,70000,70000,70000,70000,70000,70000,70000,138,0,4600,23561.77622508893,385.9448161573831,81890.97125083208,42.666666666666664
1790240993,16,POST,completion,0.100000,0.000000,70000,70000,71000,71000,71000,71000,71000,71000,71000,71000,71000,47,0,63000,65654.94878901208,54367.94330691919,81890.97125083208,128.0
1790240993,16,TPOT,completion,0.100000,0.000000,510,510,520,520,520,520,520,520,520,520,520,47,0,460,480.17199022772974,385.9448161573831,610.514962961384,0.0
1790240993,16,TTFT,completion,0.100000,0.000000,4700,4700,4800,4800,4800,4800,4800,4800,4800,4800,4800,47,0,4600,4672.996234029849,3717.9541389923543,6224.373972974718,0.0
1790240993,16,,Aggregated,0.300000,0.000000,4700,4800,61000,70000,71000,71000,71000,71000,71000,71000,71000,141,0,4600,23602.705671089894,385.9448161573831,81890.97125083208,42.666666666666664
1790240994,16,POST,completion,0.100000,0.000000,70000,70000,71000,71000,71000,71000,71000,71000,71000,71000,71000,47,0,63000,65654.94878901208,54367.94330691919,81890.97125083208,128.0
1790240994,16,TPOT,completion,0.100000,0.000000,510,510,520,520,520,520,520,520,520,520,520,47,0,460,480.17199022772974,385.9448161573831,610.514962961384,0.0
1790240994,16,TTFT,completion,0.100000,0.000000,4700,4700,4800,4800,4800,4800,4800,4800,4800,4800,4800,47,0,4600,4672.996234029849,3717.9541389923543,6224.373972974718,0.0
1790240994,16,,Aggregated,0.300000,0.000000,4700,4800,61000,70000,71000,71000,71000,71000,71000,71000,71000,141,0,4600,23602.705671089894,385.9448161573831,81890.97125083208,42.666666666666664
1790240995,16,POST,completion,0.100000,0.000000,65000,65000,71000,71000,71000,71000,71000,71000,71000,71000,71000,48,0,64000,65650.98464205705,54367.94330691919,81890.97125083208,128.0
1790240995,16,TPOT,completion,0.100000,0.000000,480,480,520,520,520,520,520,520,520,520,520,48,0,460,480.1865313776581,385.9448161573831,610.514962961384,0.0
1790240995,16,TTFT,completion,0.100000,0.000000,4400,4400,4800,4800,4800,4800,4800,4800,4800,4800,4800,48,0,4600,4667.184812239914,3717.9541389923543,6224.373972974718,0.0
1790240995,16,,Aggregated,0.300000,0.000000,4400,4800,61000,65000,71000,71000,71000,71000,71000,71000,71000,144,0,4600,23599.45199522488,385.9448161573831,81890.97125083208,42.666666666666664
1790240996,16,POST,completion,0.100000,0.000000,65000,65000,71000,71000,71000,71000,71000,71000,71000,71000,71000,48,0,64000,65650.98464205705,54367.94330691919,81890.97125083208,128.0
1790240996,16,TPOT,completion,0.100000,0.000000,480,480,520,520,520,520,520,520,520,520,520,48,0,460,480.1865313776581,385.9448161573831,610.514962961384,0.0
1790240996,16,TTFT,completion,0.100000,0.000000,4400,4400,4800,4800,4800,4800,4800,4800,4800,4800,4800,48,0,4600,4667.184812239914,3717.9541389923543,6224.373972974718,0.0
1790240996,16,,Aggregated,0.300000,0.000000,4400,4800,61000,65000,71000,71000,71000,71000,71000,71000,71000,144,0,4600,23599.45199522488,385.9448161573831,81890.97125083208,42.666666666666664
1790240997,16,POST,completion,0.100000,0.000000,65000,65000,71000,71000,71000,71000,71000,71000,71000,71000,71000,48,0,64000,65650.98464205705,54367.94330691919,81890.97125083208,128.0
1790240997,16,TPOT,completion,0.100000,0.000000,480,480,520,520,520,520,520,520,520,520,520,48,0,460,480.1865313776581,385.9448161573831,610.514962961384,0.0
1790240997,16,TTFT,completion,0.100000,0.000000,4400,4400,4800,4800,4800,4800,4800,4800,4800,4800,4800,48,0,4600,4667.184812239914,3717.9541389923543,6224.373972974718,0.0
1790240997,16,,Aggregated,0.300000,0.000000,4400,4800,61000,65000,71000,71000,71000,71000,71000,71000,71000,144,0,4600,23599.45199522488,385.9448161573831,81890.97125083208,42.666666666666664
1790240998,16,POST,completion,0.100000,0.000000,65000,65000,71000,71000,71000,71000,71000,71000,71000,71000,71000,48,0,64000,65650.98464205705,54367.94330691919,81890.97125083208,128.0
1790240998,16,TPOT,completion,0.100000,0.000000,480,480,520,520,520,520,520,520,520,520,520,48,0,460,480.1865313776581,385.9448161573831,610.514962961384,0.0
1790240998,16,TTFT,completion,0.100000,0.000000,4400,4400,4800,4800,4800,4800,4800,4800,4800,4800,4800,48,0,4600,4667.184812239914,3717.9541389923543,6224.373972974718,0.0
1790240998,16,,Aggregated,0.300000,0.000000,4400,4800,61000,65000,71000,71000,71000,71000,71000,71000,71000,144,0,4600,23599.45199522488,385.9448161573831,81890.97125083208,42.666666666666664
1790240999,16,POST,completion,0.100000,0.000000,65000,65000,71000,71000,71000,71000,71000,71000,71000,71000,71000,48,0,64000,65650.98464205705,54367.94330691919,81890.97125083208,128.0
1790240999,16,TPOT,completion,0.100000,0.000000,480,480,520,520,520,520,520,520,520,520,520,48,0,460,480.1865313776581,385.9448161573831,610.514962961384,0.0
1790240999,16,TTFT,completion,0.100000,0.000000,4400,4400,4800,4800,4800,4800,4800,4800,4800,4800,4800,48,0,4600,4667.184812239914,3717.9541389923543,6224.373972974718,0.0
1790240999,16,,Aggregated,0.300000,0.000000,4400,4800,61000,65000,71000,71000,71000,71000,71000,71000,71000,144,0,4600,23599.45199522488,385.9448161573831,81890.97125083208,42.666666666666664
1790241000,16,POST,completion,0.100000,0.000000,65000,65000,71000,71000,71000,71000,71000,71000,71000,71000,71000,48,0,64000,65650.98464205705,54367.94330691919,81890.97125083208,128.0
1790241000,16,TPOT,completion,0.100000,0.000000,480,480,520,520,520,520,520,520,520,520,520,48,0,460,480.1865313776581,385.9448161573831,610.514962961384,0.0
1790241000,16,TTFT,completion,0.100000,0.000000,4400,4400,4800,4800,4800,4800,4800,4800,4800,4800,4800,48,0,4600,4667.184812239914,3717.9541389923543,6224.373972974718,0.0
1790241000,16,,Aggregated,0.300000,0.000000,4400,4800,61000,65000,71000,71000,71000,71000,71000,71000,71000,144,0,4600,23599.45199522488,385.9448161573831,81890.97125083208,42.666666666666664
1790241001,16,POST,completion,0.100000,0.000000,71000,71000,71000,71000,71000,71000,71000,71000,71000,71000,71000,48,0,64000,65650.98464205705,54367.94330691919,81890.97125083208,128.0
1790241001,16,TPOT,completion,0.100000,0.000000,520,520,520,520,520,520,520,520,520,520,520,48,0,460,480.1865313776581,385.9448161573831,610.514962961384,0.0
1790241001,16,TTFT,completion,0.100000,0.000000,4800,4800,4800,4800,4800,4800,4800,4800,4800,4800,4800,48,0,4600,4667.184812239914,3717.9541389923543,6224.373972974718,0.0
1790241001,16,,Aggregated,0.300000,0.000000,4800,4800,65000,65000,71000,71000,71000,71000,71000,71000,71000,144,0,4600,23599.45199522488,385.9448161573831,81890.97125083208,42.666666666666664
1790241002,16,POST,completion,0.100000,0.000000,71000,71000,71000,71000,71000,71000,71000,71000,71000,71000,71000,48,0,64000,65650.98464205705,54367.94330691919,81890.97125083208,128.0
1790241002,16,TPOT,completion,0.100000,0.000000,520,520,520,520,520,520,520,520,520,520,520,48,0,460,480.1865313776581,385.9448161573831,610.514962961384,0.0
1790241002,16,TTFT,completion,0.100000,0.000000,4800,4800,4800,4800,4800,4800,4800,4800,4800,4800,4800,48,0,4600,4667.184812239914,3717.9541389923543,6224.373972974718,0.0
1790241002,16,,Aggregated,0.300000,0.000000,4800,4800,65000,65000,71000,71000,71000,71000,71000,71000,71000,144,0,4600,23599.45199522488,385.9448161573831,81890.97125083208,42.666666666666664
1790241003,16,POST,completion,0.100000,0.000000,65000,65000,65000,65000,65000,65000,65000,65000,65000,65000,65000,48,0,64000,65650.98464205705,54367.94330691919,81890.97125083208,128.0
1790241003,16,TPOT,completion,0.100000,0.000000,480,480,480,480,480,480,480,480,480,480,480,48,0,460,480.1865313776581,385.9448161573831,610.514962961384,0.0
1790241003,16,TTFT,completion,0.100000,0.000000,4400,4400,4400,4400,4400,4400,4400,4400,4400,4400,4400,48,0,4600,4667.184812239914,3717.9541389923543,6224.373972974718,0.0
1790241003,16,,Aggregated,0.300000,0.000000,4400,4400,65000,65000,65000,65000,65000,65000,65000,65000,65000,144,0,4600,23599.45199522488,385.9448161573831,81890.97125083208,42.666666666666664
1790241004,16,POST,completion,0.100000,0.000000,65000,65000,65000,65000,65000,65000,65000,65000,65000,65000,65000,48,0,64000,65650.98464205705,54367.94330691919,81890.97125083208,128.0
1790241004,16,TPOT,completion,0.100000,0.000000,480,480,480,480,480,480,480,480,480,480,480,48,0,460,480.1865313776581,385.9448161573831,610.514962961384,0.0
1790241004,16,TTFT,completion,0.100000,0.000000,4400,4400,4400,4400,4400,4400,4400,4400,4400,4400,4400,48,0,4600,4667.184812239914,3717.9541389923543,6224.373972974718,0.0
1790241004,16,,Aggregated,0.300000,0.000000,4400,4400,65000,65000,65000,65000,65000,65000,65000,65000,65000,144,0,4600,23599.45199522488,385.9448161573831,81890.97125083208,42.666666666666664
1790241005,16,POST,completion,0.100000,0.000000,65000,65000,65000,65000,65000,65000,65000,65000,65000,65000,65000,48,0,64000,65650.98464205705,54367.94330691919,81890.97125083208,128.0
1790241005,16,TPOT,completion,0.100000,0.000000,480,480,480,480,480,480,480,480,480,480,480,48,0,460,480.1865313776581,385.9448161573831,610.514962961384,0.0
1790241005,16,TTFT,completion,0.100000,0.000000,4400,4400,4400,4400,4400,4400,4400,4400,4400,4400,4400,48,0,4600,4667.184812239914,3717.9541389923543,6224.373972974718,0.0
1790241005,16,,Aggregated,0.300000,0.000000,4400,4400,65000,65000,65000,65000,65000,65000,65000,65000,65000,144,0,4600,23599.45199522488,385.9448161573831,81890.97125083208,42.666666666666664
1790241006,16,POST,completion,0.100000,0.000000,65000,65000,65000,65000,65000,65000,65000,65000,65000,65000,65000,48,0,64000,65650.98464205705,54367.94330691919,81890.97125083208,128.0
1790241006,16,TPOT,completion,0.100000,0.000000,480,480,480,480,480,480,480,480,480,480,480,48,0,460,480.1865313776581,385.9448161573831,610.514962961384,0.0
1790241006,16,TTFT,completion,0.100000,0.000000,4400,4400,4400,4400,4400,4400,4400,4400,4400,4400,4400,48,0,4600,4667.184812239914,3717.9541389923543,6224.373972974718,0.0
1790241006,16,,Aggregated,0.300000,0.000000,4400,4400,65000,65000,65000,65000,65000,65000,65000,65000,65000,144,0,4600,23599.45199522488,385.9448161573831,81890.97125083208,42.666666666666664
1790241007,16,POST,completion,0.100000,0.000000,65000,65000,65000,65000,65000,65000,65000,65000,65000,65000,65000,48,0,64000,65650.98464205705,54367.94330691919,81890.97125083208,128.0
1790241007,16,TPOT,completion,0.100000,0.000000,480,480,480,480,480,480,480,480,480,480,480,48,0,460,480.1865313776581,385.9448161573831,610.514962961384,0.0
1790241007,16,TTFT,completion,0.100000,0.000000,4400,4400,4400,4400,4400,4400,4400,4400,4400,4400,4400,48,0,4600,4667.184812239914,3717.9541389923543,6224.373972974718,0.0
1790241007,16,,Aggregated,0.300000,0.000000,4400,4400,65000,65000,65000,65000,65000,65000,65000,65000,65000,144,0,4600,23599.45199522488,385.9448161573831,81890.97125083208,42.666666666666664
1790241008,16,POST,completion,0.100000,0.000000,65000,65000,65000,65000,65000,65000,65000,65000,65000,65000,65000,48,0,64000,65650.98464205705,54367.94330691919,81890.97125083208,128.0
1790241008,16,TPOT,completion,0.100000,0.000000,480,480,480,480,480,480,480,480,480,480,480,48,0,460,480.1865313776581,385.9448161573831,610.514962961384,0.0
1790241008,16,TTFT,completion,0.100000,0.000000,4400,4400,4400,4400,4400,4400,4400,4400,4400,4400,4400,48,0,4600,4667.184812239914,3717.9541389923543,6224.373972974718,0.0
1790241008,16,,Aggregated,0.300000,0.000000,4400,4400,65000,65000,65000,65000,65000,65000,65000,65000,65000,144,0,4600,23599.45199522488,385.9448161573831,81890.97125083208,42.666666666666664
1790241009,16,POST,completion,0.100000,0.000000,65000,65000,65000,65000,65000,65000,65000,65000,65000,65000,65000,48,0,64000,65650.98464205705,54367.94330691919,81890.97125083208,128.0
1790241009,16,TPOT,completion,0.100000,0.000000,480,480,480,480,480,480,480,480,480,480,480,48,0,460,480.1865313776581,385.9448161573831,610.514962961384,0.0
1790241009,16,TTFT,completion,0.100000,0.000000,4400,4400,4400,4400,4400,4400,4400,4400,4400,4400,4400,48,0,4600,4667.184812239914,3717.9541389923543,6224.373972974718,0.0
1790241009,16,,Aggregated,0.300000,0.000000,4400,4400,65000,65000,65000,65000,65000,65000,65000,65000,65000,144,0,4600,23599.45199522488,385.9448161573831,81890.97125083208,42.666666666666664
1790241010,16,POST,completion,0.100000,0.000000,65000,65000,65000,65000,65000,65000,65000,65000,65000,65000,65000,48,0,64000,65650.98464205705,54367.94330691919,81890.97125083208,128.0
1790241010,16,TPOT,completion,0.100000,0.000000,480,480,480,480,480,480,480,480,480,480,480,48,0,460,480.1865313776581,385.9448161573831,610.514962961384,0.0
1790241010,16,TTFT,completion,0.100000,0.000000,4400,4400,4400,4400,4400,4400,4400,4400,4400,4400,4400,48,0,4600,4667.184812239914,3717.9541389923543,6224.373972974718,0.0
1790241010,16,,Aggregated,0.300000,0.000000,4400,4400,65000,65000,65000,65000,65000,65000,65000,65000,65000,144,0,4600,23599.45199522488,385.9448161573831,81890.97125083208,42.666666666666664
1790241011,16,POST,completion,0.100000,0.000000,65000,65000,65000,65000,65000,65000,65000,65000,65000,65000,65000,48,0,64000,65650.98464205705,54367.94330691919,81890.97125083208,128.0
1790241011,16,TPOT,completion,0.100000,0.000000,480,480,480,480,480,480,480,480,480,480,480,48,0,460,480.1865313776581,385.9448161573831,610.514962961384,0.0
1790241011,16,TTFT,completion,0.100000,0.000000,4400,4400,4400,4400,4400,4400,4400,4400,4400,4400,4400,48,0,4600,4667.184812239914,3717.9541389923543,6224.373972974718,0.0
1790241011,16,,Aggregated,0.300000,0.000000,4400,4400,65000,65000,65000,65000,65000,65000,65000,65000,65000,144,0,4600,23599.45199522488,385.9448161573831,81890.97125083208,42.666666666666664
1790241012,16,POST,completion,0.100000,0.000000,0,0,0,0,0,0,0,0,0,0,0,48,0,64000,65650.98464205705,54367.94330691919,81890.97125083208,128.0
1790241012,16,TPOT,completion,0.100000,0.000000,0,0,0,0,0,0,0,0,0,0,0,48,0,460,480.1865313776581,385.9448161573831,610.514962961384,0.0
1790241012,16,TTFT,completion,0.100000,0.000000,0,0,0,0,0,0,0,0,0,0,0,48,0,4600,4667.184812239914,3717.9541389923543,6224.373972974718,0.0
1790241012,16,,Aggregated,0.300000,0.000000,0,0,0,0,0,0,0,0,0,0,0,144,0,4600,23599.45199522488,385.9448161573831,81890.97125083208,42.666666666666664
1790241013,16,POST,completion,0.100000,0.000000,0,0,0,0,0,0,0,0,0,0,0,48,0,64000,65650.98464205705,54367.94330691919,81890.97125083208,128.0
1790241013,16,TPOT,completion,0.100000,0.000000,0,0,0,0,0,0,0,0,0,0,0,48,0,460,480.1865313776581,385.9448161573831,610.514962961384,0.0
1790241013,16,TTFT,completion,0.100000,0.000000,0,0,0,0,0,0,0,0,0,0,0,48,0,4600,4667.184812239914,3717.9541389923543,6224.373972974718,0.0
1790241013,16,,Aggregated,0.300000,0.000000,0,0,0,0,0,0,0,0,0,0,0,144,0,4600,23599.45199522488,385.9448161573831,81890.97125083208,42.666666666666664
1790241014,16,POST,completion,0.100000,0.000000,0,0,0,0,0,0,0,0,0,0,0,48,0,64000,65650.98464205705,54367.94330691919,81890.97125083208,128.0
1790241014,16,TPOT,completion,0.100000,0.000000,0,0,0,0,0,0,0,0,0,0,0,48,0,460,480.1865313776581,385.9448161573831,610.514962961384,0.0
1790241014,16,TTFT,completion,0.100000,0.000000,0,0,0,0,0,0,0,0,0,0,0,48,0,4600,4667.184812239914,3717.9541389923543,6224.373972974718,0.0
1790241014,16,,Aggregated,0.300000,0.000000,0,0,0,0,0,0,0,0,0,0,0,144,0,4600,23599.45199522488,385.9448161573831,81890.97125083208,42.666666666666664
1790241015,16,POST,completion,0.000000,0.000000,60000,60000,60000,60000,60000,60000,60000,60000,60000,60000,60000,49,0,63000,65538.99796489075,54367.94330691919,81890.97125083208,128.0
1790241015,16,TPOT,completion,0.000000,0.000000,440,440,440,440,440,440,440,440,440,440,440,49,0,460,479.3056286357358,385.9448161573831,610.514962961384,0.0
1790241015,16,TTFT,completion,0.000000,0.000000,4700,4700,4700,4700,4700,4700,4700,4700,4700,4700,4700,49,0,4600,4667.071881072064,3717.9541389923543,6224.373972974718,0.0
1790241015,16,,Aggregated,0.000000,0.000000,4700,4700,60000,60000,60000,60000,60000,60000,60000,60000,60000,147,0,4600,23561.791824866188,385.9448161573831,81890.97125083208,42.666666666666664
1790241016,16,POST,completion,0.000000,0.000000,60000,60000,60000,60000,60000,60000,60000,60000,60000,60000,60000,49,0,63000,65538.99796489075,54367.94330691919,81890.97125083208,128.0
1790241016,16,TPOT,completion,0.000000,0.000000,440,440,440,440,440,440,440,440,440,440,440,49,0,460,479.3056286357358,385.9448161573831,610.514962961384,0.0
1790241016,16,TTFT,completion,0.000000,0.000000,4700,4700,4700,4700,4700,4700,4700,4700,4700,4700,4700,49,0,4600,4667.071881072064,3717.9541389923543,6224.373972974718,0.0
1790241016,16,,Aggregated,0.000000,0.000000,4700,4700,60000,60000,60000,60000,60000,60000,60000,60000,60000,147,0,4600,23561.791824866188,385.9448161573831,81890.97125083208,42.666666666666664
1790241017,16,POST,completion,0.000000,0.000000,60000,60000,60000,60000,60000,60000,60000,60000,60000,60000,60000,49,0,63000,65538.99796489075,54367.94330691919,81890.97125083208,128.0
1790241017,16,TPOT,completion,0.000000,0.000000,440,440,440,440,440,440,440,440,440,440,440,49,0,460,479.3056286357358,385.9448161573831,610.514962961384,0.0
1790241017,16,TTFT,completion,0.000000,0.000000,4700,4700,4700,4700,4700,4700,4700,4700,4700,4700,4700,49,0,4600,4667.071881072064,3717.9541389923543,6224.373972974718,0.0
1790241017,16,,Aggregated,0.000000,0.000000,4700,4700,60000,60000,60000,60000,60000,60000,60000,60000,60000,147,0,4600,23561.791824866188,385.9448161573831,81890.97125083208,42.666666666666664
1790241018,16,POST,completion,0.100000,0.000000,60000,60000,60000,60000,60000,60000,60000,60000,60000,60000,60000,50,0,63000,65435.08730431553,54367.94330691919,81890.97125083208,128.0
1790241018,16,TPOT,completion,0.100000,0.000000,440,440,440,440,440,440,440,440,440,440,440,50,0,460,478.5189531266499,385.9448161573831,610.514962961384,0.0
1790241018,16,TTFT,completion,0.100000,0.000000,4700,4700,4700,4700,4700,4700,4700,4700,4700,4700,4700,50,0,4600,4663.068909891881,3717.9541389923543,6224.373972974718,0.0
1790241018,16,,Aggregated,0.300000,0.000000,4700,4700,60000,60000,60000,60000,60000,60000,60000,60000,60000,150,0,4600,23525.558389111357,385.9448161573831,81890.97125083208,42.666666666666664
1790241019,16,POST,completion,0.100000,0.000000,60000,60000,60000,60000,60000,60000,60000,60000,60000,60000,60000,50,0,63000,65435.08730431553,54367.94330691919,81890.97125083208,128.0
1790241019,16,TPOT,completion,0.100000,0.000000,440,440,440,440,440,440,440,440,440,440,440,50,0,460,478.5189531266499,385.9448161573831,610.514962961384,0.0
1790241019,16,TTFT,completion,0.100000,0.000000,4700,4700,4700,4700,4700,4700,4700,4700,4700,4700,4700,50,0,4600,4663.068909891881,3717.9541389923543,6224.373972974718,0.0
1790241019,16,,Aggregated,0.300000,0.000000,4700,4700,60000,60000,60000,60000,60000,60000,60000,60000,60000,150,0,4600,23525.558389111357,385.9448161573831,81890.97125083208,42.666666666666664
1790241020,16,POST,completion,0.100000,0.000000,60000,60000,60000,60000,60000,60000,60000,60000,60000,60000,60000,50,0,63000,65435.08730431553,54367.94330691919,81890.97125083208,128.0
1790241020,16,TPOT,completion,0.100000,0.000000,440,440,440,440,440,440,440,440,440,440,440,50,0,460,478.5189531266499,385.9448161573831,610.514962961384,0.0
1790241020,16,TTFT,completion,0.100000,0.000000,4700,4700,4700,4700,4700,4700,4700,4700,4700,4700,4700,50,0,4600,4663.068909891881,3717.9541389923543,6224.373972974718,0.0
1790241020,16,,Aggregated,0.300000,0.000000,4700,4700,60000,60000,60000,60000,60000,60000,60000,60000,60000,150,0,4600,23525.558389111357,385.9448161573831,81890.97125083208,42.666666666666664
1790241021,16,POST,completion,0.100000,0.000000,60000,60000,60000,60000,60000,60000,60000,60000,60000,60000,60000,50,0,63000,65435.08730431553,54367.94330691919,81890.97125083208,128.0
1790241021,16,TPOT,completion,0.100000,0.000000,440,440,440,440,440,440,440,440,440,440,440,50,0,460,478.5189531266499,385.9448161573831,610.514962961384,0.0
1790241021,16,TTFT,completion,0.100000,0.000000,4700,4700,4700,4700,4700,4700,4700,4700,4700,4700,4700,50,0,4600,4663.068909891881,3717.9541389923543,6224.373972974718,0.0
1790241021,16,,Aggregated,0.300000,0.000000,4700,4700,60000,60000,60000,60000,60000,60000,60000,60000,60000,150,0,4600,23525.558389111357,385.9448161573831,81890.97125083208,42.666666666666664
1790241022,16,POST,completion,0.100000,0.000000,60000,60000,60000,60000,60000,60000,60000,60000,60000,60000,60000,50,0,63000,65435.08730431553,54367.94330691919,81890.97125083208,128.0
1790241022,16,TPOT,completion,0.100000,0.000000,440,440,440,440,440,440,440,440,440,440,440,50,0,460,478.5189531266499,385.9448161573831,610.514962961384,0.0
1790241022,16,TTFT,completion,0.100000,0.000000,4700,4700,4700,4700,4700,4700,4700,4700,4700,4700,4700,50,0,4600,4663.068909891881,3717.9541389923543,6224.373972974718,0.0
1790241022,16,,Aggregated,0.300000,0.000000,4700,4700,60000,60000,60000,60000,60000,60000,60000,60000,60000,150,0,4600,23525.558389111357,385.9448161573831,81890.97125083208,42.666666666666664
1790241023,16,POST,completion,0.100000,0.000000,60000,60000,60000,60000,60000,60000,60000,60000,60000,60000,60000,50,0,63000,65435.08730431553,54367.94330691919,81890.97125083208,128.0
1790241023,16,TPOT,completion,0.100000,0.000000,440,440,440,440,440,440,440,440,440,440,440,50,0,460,478.5189531266499,385.9448161573831,610.514962961384,0.0
1790241023,16,TTFT,completion,0.100000,0.000000,4700,4700,4700,4700,4700,4700,4700,4700,4700,4700,4700,50,0,4600,4663.068909891881,3717.9541389923543,6224.373972974718,0.0
1790241023,16,,Aggregated,0.300000,0.000000,4700,4700,60000,60000,60000,60000,60000,60000,60000,60000,60000,150,0,4600,23525.558389111357,385.9448161573831,81890.97125083208,42.666666666666664
1790241024,16,POST,completion,0.100000,0.000000,60000,60000,60000,60000,60000,60000,60000,60000,60000,60000,60000,50,0,63000,65435.08730431553,54367.94330691919,81890.97125083208,128.0
1790241024,16,TPOT,completion,0.100000,0.000000,440,440,440,440,440,440,440,440,440,440,440,50,0,460,478.5189531266499,385.9448161573831,610.514962961384,0.0
1790241024,16,TTFT,completion,0.100000,0.000000,4700,4700,4700,4700,4700,4700,4700,4700,4700,4700,4700,50,0,4600,4663.068909891881,3717.9541389923543,6224.373972974718,0.0
1790241024,16,,Aggregated,0.300000,0.000000,4700,4700,60000,60000,60000,60000,60000,60000,60000,60000,60000,150,0,4600,23525.558389111357,385.9448161573831,81890.97125083208,42.666666666666664
1790241025,16,POST,completion,0.200000,0.000000,60000,60000,71000,71000,71000,71000,71000,71000,71000,71000,71000,51,0,63000,65540.6015248394,54367.94330691919,81890.97125083208,128.0
1790241025,16,TPOT,completion,0.200000,0.000000,440,440,520,520,520,520,520,520,520,520,520,51,0,460,479.41836143664233,385.9448161573831,610.514962961384,0.0
1790241025,16,TTFT,completion,0.200000,0.000000,4500,4500,4700,4700,4700,4700,4700,4700,4700,4700,4700,51,0,4500,4654.357537051991,3717.9541389923543,6224.373972974718,0.0
1790241025,16,,Aggregated,0.600000,0.000000,4500,4700,60000,60000,71000,71000,71000,71000,71000,71000,71000,153,0,4500,23558.125807776014,385.9448161573831,81890.97125083208,42.666666666666664
1790241026,16,POST,completion,0.200000,0.000000,61000,61000,71000,71000,71000,71000,71000,71000,71000,71000,71000,53,0,62000,65370.22533052478,54367.94330691919,81890.97125083208,128.0
1790241026,16,TPOT,completion,0.200000,0.000000,450,450,520,520,520,520,520,520,520,520,520,53,0,460,478.1293308750751,385.9448161573831,610.514962961384,0.0
1790241026,16,TTFT,completion,0.200000,0.000000,4500,4500,4500,4500,4500,4500,4500,4500,4500,4500,4500,53,0,4500,4647.688307408419,3717.9541389923543,6224.373972974718,0.0
1790241026,16,,Aggregated,0.600000,0.000000,4500,4500,61000,61000,61000,71000,71000,71000,71000,71000,71000,159,0,4500,23498.680989602763,385.9448161573831,81890.97125083208,42.666666666666664
1790241027,16,POST,completion,0.200000,0.000000,61000,61000,71000,71000,71000,71000,71000,71000,71000,71000,71000,53,0,62000,65370.22533052478,54367.94330691919,81890.97125083208,128.0
1790241027,16,TPOT,completion,0.200000,0.000000,450,450,520,520,520,520,520,520,520,520,520,53,0,460,478.1293308750751,385.9448161573831,610.514962961384,0.0
1790241027,16,TTFT,completion,0.200000,0.000000,4500,4500,4500,4500,4500,4500,4500,4500,4500,4500,4500,53,0,4500,4647.688307408419,3717.9541389923543,6224.373972974718,0.0
1790241027,16,,Aggregated,0.600000,0.000000,4500,4500,61000,61000,61000,71000,71000,71000,71000,71000,71000,159,0,4500,23498.680989602763,385.9448161573831,81890.97125083208,42.666666666666664
1790241028,16,POST,completion,0.200000,0.000000,61000,61000,71000,71000,71000,71000,71000,71000,71000,71000,71000,53,0,62000,65370.22533052478,54367.94330691919,81890.97125083208,128.0
1790241028,16,TPOT,completion,0.200000,0.000000,450,450,520,520,520,520,520,520,520,520,520,53,0,460,478.1293308750751,385.9448161573831,610.514962961384,0.0
1790241028,16,TTFT,completion,0.200000,0.000000,4500,4500,4500,4500,4500,4500,4500,4500,4500,4500,4500,53,0,4500,4647.688307408419,3717.9541389923543,6224.373972974718,0.0
1790241028,16,,Aggregated,0.600000,0.000000,4500,4500,61000,61000,61000,71000,71000,71000,71000,71000,71000,159,0,4500,23498.680989602763,385.9448161573831,81890.97125083208,42.666666666666664
1790241029,16,POST,completion,0.200000,0.000000,61000,61000,71000,71000,71000,71000,71000,71000,71000,71000,71000,53,0,62000,65370.22533052478,54367.94330691919,81890.97125083208,128.0
1790241029,16,TPOT,completion,0.200000,0.000000,450,450,520,520,520,520,520,520,520,520,520,53,0,460,478.1293308750751,385.9448161573831,610.514962961384,0.0
1790241029,16,TTFT,completion,0.200000,0.000000,4500,4500,4500,4500,4500,4500,4500,4500,4500,4500,4500,53,0,4500,4647.688307408419,3717.9541389923543,6224.373972974718,0.0
1790241029,16,,Aggregated,0.600000,0.000000,4500,4500,61000,61000,61000,71000,71000,71000,71000,71000,71000,159,0,4500,23498.680989602763,385.9448161573831,81890.97125083208,42.666666666666664
1790241030,16,POST,completion,0.200000,0.000000,61000,61000,71000,71000,71000,71000,71000,71000,71000,71000,71000,53,0,62000,65370.22533052478,54367.94330691919,81890.97125083208,128.0
1790241030,16,TPOT,completion,0.200000,0.000000,450,450,520,520,520,520,520,520,520,520,520,53,0,460,478.1293308750751,385.9448161573831,610.514962961384,0.0
1790241030,16,TTFT,completion,0.200000,0.000000,4500,4500,4500,4500,4500,4500,4500,4500,4500,4500,4500,53,0,4500,4647.688307408419,3717.9541389923543,6224.373972974718,0.0
1790241030,16,,Aggregated,0.600000,0.000000,4500,4500,61000,61000,61000,71000,71000,71000,71000,71000,71000,159,0,4500,23498.680989602763,385.9448161573831,81890.97125083208,42.666666666666664
1790241031,16,POST,completion,0.300000,0.000000,61000,71000,71000,71000,71000,71000,71000,71000,71000,71000,71000,55,0,62000,65405.595536652785,54367.94330691919,81890.97125083208,128.0
1790241031,16,TPOT,completion,0.300000,0.000000,450,520,520,520,520,520,520,520,520,520,520,55,0,460,478.4033415890076,385.9448161573831,610.514962961384,0.0
1790241031,16,TTFT,completion,0.300000,0.000000,4500,4500,4500,4800,4800,4800,4800,4800,4800,4800,4800,55,0,4500,4648.26020531949,3717.9541389923543,6224.373972974718,0.0
1790241031,16,,Aggregated,0.900000,0.000000,4500,4800,61000,61000,71000,71000,71000,71000,71000,71000,71000,165,0,4500,23510.753027853763,385.9448161573831,81890.97125083208,42.666666666666664
1790241032,16,POST,completion,0.300000,0.000000,61000,71000,71000,71000,71000,71000,71000,71000,71000,71000,71000,55,0,62000,65405.595536652785,54367.94330691919,81890.97125083208,128.0
1790241032,16,TPOT,completion,0.300000,0.000000,450,520,520,520,520,520,520,520,520,520,520,55,0,460,478.4033415890076,385.9448161573831,610.514962961384,0.0
1790241032,16,TTFT,completion,0.300000,0.000000,4500,4500,4500,4800,4800,4800,4800,4800,4800,4800,4800,55,0,4500,4648.26020531949,3717.9541389923543,6224.373972974718,0.0
1790241032,16,,Aggregated,0.900000,0.000000,4500,4800,61000,61000,71000,71000,71000,71000,71000,71000,71000,165,0,4500,23510.753027853763,385.9448161573831,81890.97125083208,42.666666666666664
1790241033,16,POST,completion,0.300000,0.000000,61000,71000,71000,71000,71000,71000,71000,71000,71000,71000,71000,55,0,62000,65405.595536652785,54367.94330691919,81890.97125083208,128.0
1790241033,16,TPOT,completion,0.300000,0.000000,450,520,520,520,520,520,520,520,520,520,520,55,0,460,478.4033415890076,385.9448161573831,610.514962961384,0.0
1790241033,16,TTFT,completion,0.300000,0.000000,4500,4500,4500,4800,4800,4800,4800,4800,4800,4800,4800,55,0,4500,4648.26020531949,3717.9541389923543,6224.373972974718,0.0
1790241033,16,,Aggregated,0.900000,0.000000,4500,4800,61000,61000,71000,71000,71000,71000,71000,71000,71000,165,0,4500,23510.753027853763,385.9448161573831,81890.97125083208,42.666666666666664
1790241034,16,POST,completion,0.400000,0.000000,61000,61000,61000,71000,71000,71000,71000,71000,71000,71000,71000,56,0,62000,65317.54618696453,54367.94330691919,81890.97125083208,128.0
1790241034,16,TPOT,completion,0.400000,0.000000,450,450,450,520,520,520,520,520,520,520,520,56,0,460,477.746765235142,385.9448161573831,610.514962961384,0.0
1790241034,16,TTFT,completion,0.400000,0.000000,4500,4500,4500,4800,4800,4800,4800,4800,4800,4800,4800,56,0,4500,4643.595771760114,3717.9541389923543,6224.373972974718,0.0
1790241034,16,,Aggregated,1.200000,0.000000,4500,4800,61000,61000,61000,71000,71000,71000,71000,71000,71000,168,0,4500,23479.629574653267,385.9448161573831,81890.97125083208,42.666666666666664
1790241035,16,POST,completion,0.400000,0.000000,61000,61000,71000,71000,71000,71000,71000,71000,71000,71000,71000,56,0,62000,65317.54618696453,54367.94330691919,81890.97125083208,128.0
1790241035,16,TPOT,completion,0.400000,0.000000,450,450,520,520,520,520,520,520,520,520,520,56,0,460,477.746765235142,385.9448161573831,610.514962961384,0.0
1790241035,16,TTFT,completion,0.400000,0.000000,4500,4500,4800,4800,4800,4800,4800,4800,4800,4800,4800,56,0,4500,4643.595771760114,3717.9541389923543,6224.373972974718,0.0
1790241035,16,,Aggregated,1.200000,0.000000,4500,4800,61000,61000,61000,71000,71000,71000,71000,71000,71000,168,0,4500,23479.629574653267,385.9448161573831,81890.97125083208,42.666666666666664
1790241036,16,POST,completion,0.600000,0.000000,61000,71000,71000,71000,71000,71000,71000,71000,71000,71000,71000,57,0,62000,65409.54115861422,54367.94330691919,81890.97125083208,128.0
1790241036,16,TPOT,completion,0.600000,0.000000,450,520,520,520,520,520,520,520,520,520,520,57,0,460,478.521262952674,385.9448161573831,610.514962961384,0.0
1790241036,16,TTFT,completion,0.600000,0.000000,4400,4500,4500,4800,4800,4800,4800,4800,4800,4800,4800,57,0,4500,4637.230107711889,3717.9541389923543,6224.373972974718,0.0
1790241036,16,,Aggregated,1.800000,0.000000,4400,4800,61000,61000,71000,71000,71000,71000,71000,71000,71000,171,0,4500,23508.430843092934,385.9448161573831,81890.97125083208,42.666666666666664
1790241037,16,POST,completion,0.600000,0.000000,61000,71000,71000,71000,71000,71000,71000,71000,71000,71000,71000,57,0,62000,65409.54115861422,54367.94330691919,81890.97125083208,128.0
1790241037,16,TPOT,completion,0.600000,0.000000,450,520,520,520,520,520,520,520,520,520,520,57,0,460,478.521262952674,385.9448161573831,610.514962961384,0.0
1790241037,16,TTFT,completion,0.600000,0.000000,4400,4500,4500,4800,4800,4800,4800,4800,4800,4800,4800,57,0,4500,4637.230107711889,3717.9541389923543,6224.373972974718,0.0
1790241037,16,,Aggregated,1.800000,0.000000,4400,4800,61000,61000,71000,71000,71000,71000,71000,71000,71000,171,0,4500,23508.430843092934,385.9448161573831,81890.97125083208,42.666666666666664
1790241038,16,POST,completion,0.600000,0.000000,71000,71000,71000,71000,71000,71000,71000,71000,71000,71000,71000,57,0,62000,65409.54115861422,54367.94330691919,81890.97125083208,128.0
1790241038,16,TPOT,completion,0.600000,0.000000,520,520,520,520,520,520,520,520,520,520,520,57,0,460,478.521262952674,385.9448161573831,610.514962961384,0.0
1790241038,16,TTFT,completion,0.600000,0.000000,4500,4500,4800,4800,4800,4800,4800,4800,4800,4800,4800,57,0,4500,4637.230107711889,3717.9541389923543,6224.373972974718,0.0
1790241038,16,,Aggregated,1.800000,0.000000,4500,4800,61000,61000,71000,71000,71000,71000,71000,71000,71000,171,0,4500,23508.430843092934,385.9448161573831,81890.97125083208,42.666666666666664
1790241039,16,POST,completion,0.400000,0.000000,62000,62000,71000,71000,71000,71000,71000,71000,71000,71000,71000,59,0,62000,65269.30667513239,54367.94330691919,81890.97125083208,128.0
1790241039,16,TPOT,completion,0.400000,0.000000,450,450,520,520,520,520,520,520,520,520,520,59,0,450,477.49143747182666,385.9448161573831,610.514962961384,0.0
1790241039,16,TTFT,completion,0.400000,0.000000,4400,4400,4500,4500,4800,4800,4800,4800,4800,4800,4800,59,0,4500,4627.783026431797,3717.9541389923543,6224.373972974718,0.0
1790241039,16,,Aggregated,1.200000,0.000000,4400,4800,61000,61000,71000,71000,71000,71000,71000,71000,71000,177,0,4500,23458.193713012013,385.9448161573831,81890.97125083208,42.666666666666664
1790241040,16,POST,completion,0.400000,0.000000,62000,71000,71000,71000,71000,71000,71000,71000,71000,71000,71000,59,0,62000,65269.30667513239,54367.94330691919,81890.97125083208,128.0
1790241040,16,TPOT,completion,0.400000,0.000000,450,520,520,520,520,520,520,520,520,520,520,59,0,450,477.49143747182666,385.9448161573831,610.514962961384,0.0
1790241040,16,TTFT,completion,0.400000,0.000000,4400,4400,4400,4800,4800,4800,4800,4800,4800,4800,4800,59,0,4500,4627.783026431797,3717.9541389923543,6224.373972974718,0.0
1790241040,16,,Aggregated,1.200000,0.000000,4400,4800,61000,62000,71000,71000,71000,71000,71000,71000,71000,177,0,4500,23458.193713012013,385.9448161573831,81890.97125083208,42.666666666666664
1790241041,16,POST,completion,0.400000,0.000000,62000,71000,71000,71000,71000,71000,71000,71000,71000,71000,71000,59,0,62000,65269.30667513239,54367.94330691919,81890.97125083208,128.0
1790241041,16,TPOT,completion,0.400000,0.000000,450,520,520,520,520,520,520,520,520,520,520,59,0,450,477.49143747182666,385.9448161573831,610.514962961384,0.0
1790241041,16,TTFT,completion,0.400000,0.000000,4400,4400,4400,4800,4800,4800,4800,4800,4800,4800,4800,59,0,4500,4627.783026431797,3717.9541389923543,6224.373972974718,0.0
1790241041,16,,Aggregated,1.200000,0.000000,4400,4800,61000,62000,71000,71000,71000,71000,71000,71000,71000,177,0,4500,23458.193713012013,385.9448161573831,81890.97125083208,42.666666666666664
1790241042,16,POST,completion,0.400000,0.000000,62000,62000,71000,71000,71000,71000,71000,71000,71000,71000,71000,59,0,62000,65269.30667513239,54367.94330691919,81890.97125083208,128.0
1790241042,16,TPOT,completion,0.400000,0.000000,450,450,520,520,520,520,520,520,520,520,520,59,0,450,477.49143747182666,385.9448161573831,610.514962961384,0.0
1790241042,16,TTFT,completion,0.400000,0.000000,4400,4400,4400,4400,4400,4400,4400,4400,4400,4400,4400,59,0,4500,4627.783026431797,3717.9541389923543,6224.373972974718,0.0
1790241042,16,,Aggregated,1.200000,0.000000,4400,4400,61000,61000,62000,71000,71000,71000,71000,71000,71000,177,0,4500,23458.193713012013,385.9448161573831,81890.97125083208,42.666666666666664
1790241043,16,POST,completion,0.400000,0.000000,62000,62000,71000,71000,71000,71000,71000,71000,71000,71000,71000,59,0,62000,65269.30667513239,54367.94330691919,81890.97125083208,128.0
1790241043,16,TPOT,completion,0.400000,0.000000,450,450,520,520,520,520,520,520,520,520,520,59,0,450,477.49143747182666,385.9448161573831,610.514962961384,0.0
1790241043,16,TTFT,completion,0.400000,0.000000,4400,4400,4400,4400,4400,4400,4400,4400,4400,4400,4400,59,0,4500,4627.783026431797,3717.9541389923543,6224.373972974718,0.0
1790241043,16,,Aggregated,1.200000,0.000000,4400,4400,61000,61000,62000,71000,71000,71000,71000,71000,71000,177,0,4500,23458.193713012013,385.9448161573831,81890.97125083208,42.666666666666664
1790241044,16,POST,completion,0.400000,0.000000,62000,62000,71000,71000,71000,71000,71000,71000,71000,71000,71000,59,0,62000,65269.30667513239,54367.94330691919,81890.97125083208,128.0
1790241044,16,TPOT,completion,0.400000,0.000000,450,450,520,520,520,520,520,520,520,520,520,59,0,450,477.49143747182666,385.9448161573831,610.514962961384,0.0
1790241044,16,TTFT,completion,0.400000,0.000000,4300,4300,4400,4400,4400,4400,4400,4400,4400,4400,4400,59,0,4500,4627.783026431797,3717.9541389923543,6224.373972974718,0.0
1790241044,16,,Aggregated,1.200000,0.000000,4300,4400,61000,62000,71000,71000,71000,71000,71000,71000,71000,177,0,4500,23458.193713012013,385.9448161573831,81890.97125083208,42.666666666666664
1790241045,16,POST,completion,0.400000,0.000000,71000,71000,71000,71000,71000,71000,71000,71000,71000,71000,71000,60,0,62000,65359.41814352991,54367.94330691919,81890.97125083208,128.0
1790241045,16,TPOT,completion,0.400000,0.000000,520,520,520,520,520,520,520,520,520,520,520,60,0,460,478.1930714419107,385.9448161573831,610.514962961384,0.0
1790241045,16,TTFT,completion,0.400000,0.000000,4400,4400,4700,4700,4700,4700,4700,4700,4700,4700,4700,60,0,4500,4628.78690464034,3717.9541389923543,6224.373972974718,0.0
1790241045,16,,Aggregated,1.200000,0.000000,4400,4700,62000,62000,71000,71000,71000,71000,71000,71000,71000,180,0,4500,23488.799373204056,385.9448161573831,81890.97125083208,42.666666666666664
1790241046,16,POST,completion,0.400000,0.000000,71000,71000,71000,71000,71000,71000,71000,71000,71000,71000,71000,60,0,62000,65359.41814352991,54367.94330691919,81890.97125083208,128.0
1790241046,16,TPOT,completion,0.400000,0.000000,520,520,520,520,520,520,520,520,520,520,520,60,0,460,478.1930714419107,385.9448161573831,610.514962961384,0.0
1790241046,16,TTFT,completion,0.400000,0.000000,4400,4400,4700,4700,4700,4700,4700,4700,4700,4700,4700,60,0,4500,4628.78690464034,3717.9541389923543,6224.373972974718,0.0
1790241046,16,,Aggregated,1.200000,0.000000,4400,4700,62000,62000,71000,71000,71000,71000,71000,71000,71000,180,0,4500,23488.799373204056,385.9448161573831,81890.97125083208,42.666666666666664
1790241047,16,POST,completion,0.400000,0.000000,62000,62000,71000,71000,71000,71000,71000,71000,71000,71000,71000,60,0,62000,65359.41814352991,54367.94330691919,81890.97125083208,128.0
1790241047,16,TPOT,completion,0.400000,0.000000,450,450,520,520,520,520,520,520,520,520,520,60,0,460,478.1930714419107,385.9448161573831,610.514962961384,0.0
1790241047,16,TTFT,completion,0.400000,0.000000,4400,4400,4700,4700,4700,4700,4700,4700,4700,4700,4700,60,0,4500,4628.78690464034,3717.9541389923543,6224.373972974718,0.0
1790241047,16,,Aggregated,1.200000,0.000000,4400,4700,61000,62000,71000,71000,71000,71000,71000,71000,71000,180,0,4500,23488.799373204056,385.9448161573831,81890.97125083208,42.666666666666664
1790241048,16,POST,completion,0.400000,0.000000,62000,62000,71000,71000,71000,71000,71000,71000,71000,71000,71000,60,0,62000,65359.41814352991,54367.94330691919,81890.97125083208,128.0
1790241048,16,TPOT,completion,0.400000,0.000000,450,450,520,520,520,520,520,520,520,520,520,60,0,460,478.1930714419107,385.9448161573831,610.514962961384,0.0
1790241048,16,TTFT,completion,0.400000,0.000000,4400,4400,4700,4700,4700,4700,4700,4700,4700,4700,4700,60,0,4500,4628.78690464034,3717.9541389923543,6224.373972974718,0.0
1790241048,16,,Aggregated,1.200000,0.000000,4400,4700,61000,62000,71000,71000,71000,71000,71000,71000,71000,180,0,4500,23488.799373204056,385.9448161573831,81890.97125083208,42.666666666666664
1790241049,16,POST,completion,0.400000,0.000000,62000,62000,71000,71000,71000,71000,71000,71000,71000,71000,71000,60,0,62000,65359.41814352991,54367.94330691919,81890.97125083208,128.0
1790241049,16,TPOT,completion,0.400000,0.000000,450,450,520,520,520,520,520,520,520,520,520,60,0,460,478.1930714419107,385.9448161573831,610.514962961384,0.0
1790241049,16,TTFT,completion,0.400000,0.000000,4400,4400,4700,4700,4700,4700,4700,4700,4700,4700,4700,60,0,4500,4628.78690464034,3717.9541389923543,6224.373972974718,0.0
1790241049,16,,Aggregated,1.200000,0.000000,4400,4700,61000,62000,71000,71000,71000,71000,71000,71000,71000,180,0,4500,23488.799373204056,385.9448161573831,81890.97125083208,42.666666666666664
1790241050,16,POST,completion,0.400000,0.000000,62000,62000,71000,71000,71000,71000,71000,71000,71000,71000,71000,60,0,62000,65359.41814352991,54367.94330691919,81890.97125083208,128.0
1790241050,16,TPOT,completion,0.400000,0.000000,450,450,520,520,520,520,520,520,520,520,520,60,0,460,478.1930714419107,385.9448161573831,610.514962961384,0.0
1790241050,16,TTFT,completion,0.400000,0.000000,4400,4400,4700,4700,4700,4700,4700,4700,4700,4700,4700,60,0,4500,4628.78690464034,3717.9541389923543,6224.373972974718,0.0
1790241050,16,,Aggregated,1.200000,0.000000,4400,4700,61000,62000,71000,71000,71000,71000,71000,71000,71000,180,0,4500,23488.799373204056,385.9448161573831,81890.97125083208,42.666666666666664
1790241051,16,POST,completion,0.100000,0.000000,71000,71000,71000,71000,71000,71000,71000,71000,71000,71000,71000,61,0,62000,65459.33396653959,54367.94330691919,81890.97125083208,128.0
1790241051,16,TPOT,completion,0.100000,0.000000,520,520,520,520,520,520,520,520,520,520,520,61,0,460,478.9598178706871,385.9448161573831,610.514962961384,0.0
1790241051,16,TTFT,completion,0.100000,0.000000,4800,4800,4800,4800,4800,4800,4800,4800,4800,4800,4800,61,0,4500,4631.325854729006,3717.9541389923543,6224.373972974718,0.0
1790241051,16,,Aggregated,0.300000,0.000000,4800,4800,71000,71000,71000,71000,71000,71000,71000,71000,71000,183,0,4500,23523.206546379763,385.9448161573831,81890.97125083208,42.666666666666664
1790241052,16,POST,completion,0.100000,0.000000,71000,71000,71000,71000,71000,71000,71000,71000,71000,71000,71000,61,0,62000,65459.33396653959,54367.94330691919,81890.97125083208,128.0
1790241052,16,TPOT,completion,0.100000,0.000000,520,520,520,520,520,520,520,520,520,520,520,61,0,460,478.9598178706871,385.9448161573831,610.514962961384,0.0
1790241052,16,TTFT,completion,0.100000,0.000000,4800,4800,4800,4800,4800,4800,4800,4800,4800,4800,4800,61,0,4500,4631.325854729006,3717.9541389923543,6224.373972974718,0.0
1790241052,16,,Aggregated,0.300000,0.000000,4800,4800,71000,71000,71000,71000,71000,71000,71000,71000,71000,183,0,4500,23523.206546379763,385.9448161573831,81890.97125083208,42.666666666666664
1790241053,16,POST,completion,0.100000,0.000000,71000,71000,71000,71000,71000,71000,71000,71000,71000,71000,71000,62,0,62000,65377.583164496406,54367.94330691919,81890.97125083208,128.0
1790241053,16,TPOT,completion,0.100000,0.000000,520,520,520,520,520,520,520,520,520,520,520,62,0,460,478.38426101781295,385.9448161573831,610.514962961384,0.0
1790241053,16,TTFT,completion,0.100000,0.000000,4700,4700,4800,4800,4800,4800,4800,4800,4800,4800,4800,62,0,4500,4622.671256878323,3717.9541389923543,6224.373972974718,0.0
1790241053,16,,Aggregated,0.300000,0.000000,4700,4800,60000,71000,71000,71000,71000,71000,71000,71000,71000,186,0,4500,23492.879560797515,385.9448161573831,81890.97125083208,42.666666666666664
