Timestamp,User Count,Type,Name,Requests/s,Failures/s,50%,66%,75%,80%,90%,95%,98%,99%,99.9%,99.99%,100%,Total Request Count,Total Failure Count,Total Median Response Time,Total Average Response Time,Total Min Response Time,Total Max Response Time,Total Average Content Size
1790152951,0,,Aggregated,0.000000,0.000000,N/A,N/A,N/A,N/A,N/A,N/A,N/A,N/A,N/A,N/A,N/A,0,0,0,0.0,0,0,0
1790152952,1,,Aggregated,0.000000,0.000000,N/A,N/A,N/A,N/A,N/A,N/A,N/A,N/A,N/A,N/A,N/A,0,0,0,0.0,0,0,0
1790152953,2,,Aggregated,0.000000,0.000000,N/A,N/A,N/A,N/A,N/A,N/A,N/A,N/A,N/A,N/A,N/A,0,0,0,0.0,0,0,0
1790152954,3,,Aggregated,0.000000,0.000000,N/A,N/A,N/A,N/A,N/A,N/A,N/A,N/A,N/A,N/A,N/A,0,0,0,0.0,0,0,0
1790152955,4,,Aggregated,0.000000,0.000000,N/A,N/A,N/A,N/A,N/A,N/A,N/A,N/A,N/A,N/A,N/A,0,0,0,0.0,0,0,0
1790152956,5,,Aggregated,0.000000,0.000000,N/A,N/A,N/A,N/A,N/A,N/A,N/A,N/A,N/A,N/A,N/A,0,0,0,0.0,0,0,0
1790152957,6,,Aggregated,0.000000,0.000000,N/A,N/A,N/A,N/A,N/A,N/A,N/A,N/A,N/A,N/A,N/A,0,0,0,0.0,0,0,0
1790152959,7,,Aggregated,0.000000,0.000000,N/A,N/A,N/A,N/A,N/A,N/A,N/A,N/A,N/A,N/A,N/A,0,0,0,0.0,0,0,0
1790152960,8,,Aggregated,0.000000,0.000000,N/A,N/A,N/A,N/A,N/A,N/A,N/A,N/A,N/A,N/A,N/A,0,0,0,0.0,0,0,0
1790152961,8,,Aggregated,0.000000,0.000000,N/A,N/A,N/A,N/A,N/A,N/A,N/A,N/A,N/A,N/A,N/A,0,0,0,0.0,0,0,0
1790152962,8,,Aggregated,0.000000,0.000000,N/A,N/A,N/A,N/A,N/A,N/A,N/A,N/A,N/A,N/A,N/A,0,0,0,0.0,0,0,0
1790152963,8,,Aggregated,0.000000,0.000000,N/A,N/A,N/A,N/A,N/A,N/A,N/A,N/A,N/A,N/A,N/A,0,0,0,0.0,0,0,0
1790152964,8,,Aggregated,0.000000,0.000000,N/A,N/A,N/A,N/A,N/A,N/A,N/A,N/A,N/A,N/A,N/A,0,0,0,0.0,0,0,0
1790152965,8,,Aggregated,0.000000,0.000000,N/A,N/A,N/A,N/A,N/A,N/A,N/A,N/A,N/A,N/A,N/A,0,0,0,0.0,0,0,0
1790152966,8,,Aggregated,0.000000,0.000000,N/A,N/A,N/A,N/A,N/A,N/A,N/A,N/A,N/A,N/A,N/A,0,0,0,0.0,0,0,0
1790152967,8,,Aggregated,0.000000,0.000000,N/A,N/A,N/A,N/A,N/A,N/A,N/A,N/A,N/A,N/A,N/A,0,0,0,0.0,0,0,0
1790152968,8,,Aggregated,0.000000,0.000000,N/A,N/A,N/A,N/A,N/A,N/A,N/A,N/A,N/A,N/A,N/A,0,0,0,0.0,0,0,0
1790152969,8,,Aggregated,0.000000,0.000000,N/A,N/A,N/A,N/A,N/A,N/A,N/A,N/A,N/A,N/A,N/A,0,0,0,0.0,0,0,0
1790152970,8,,Aggregated,0.000000,0.000000,N/A,N/A,N/A,N/A,N/A,N/A,N/A,N/A,N/A,N/A,N/A,0,0,0,0.0,0,0,0
1790152971,8,,Aggregated,0.000000,0.000000,N/A,N/A,N/A,N/A,N/A,N/A,N/A,N/A,N/A,N/A,N/A,0,0,0,0.0,0,0,0
1790152972,8,,Aggregated,0.000000,0.000000,N/A,N/A,N/A,N/A,N/A,N/A,N/A,N/A,N/A,N/A,N/A,0,0,0,0.0,0,0,0
1790152973,8,,Aggregated,0.000000,0.000000,N/A,N/A,N/A,N/A,N/A,N/A,N/A,N/A,N/A,N/A,N/A,0,0,0,0.0,0,0,0
1790152974,8,,Aggregated,0.000000,0.000000,N/A,N/A,N/A,N/A,N/A,N/A,N/A,N/A,N/A,N/A,N/A,0,0,0,0.0,0,0,0
1790152975,8,,Aggregated,0.000000,0.000000,N/A,N/A,N/A,N/A,N/A,N/A,N/A,N/A,N/A,N/A,N/A,0,0,0,0.0,0,0,0
1790152976,8,,Aggregated,0.000000,0.000000,N/A,N/A,N/A,N/A,N/A,N/A,N/A,N/A,N/A,N/A,N/A,0,0,0,0.0,0,0,0
1790152977,8,,Aggregated,0.000000,0.000000,N/A,N/A,N/A,N/A,N/A,N/A,N/A,N/A,N/A,N/A,N/A,0,0,0,0.0,0,0,0
1790152978,8,,Aggregated,0.000000,0.000000,N/A,N/A,N/A,N/A,N/A,N/A,N/A,N/A,N/A,N/A,N/A,0,0,0,0.0,0,0,0
1790152979,8,,Aggregated,0.000000,0.000000,N/A,N/A,N/A,N/A,N/A,N/A,N/A,N/A,N/A,N/A,N/A,0,0,0,0.0,0,0,0
1790152980,8,POST,completion,0.000000,0.000000,0,0,0,0,0,0,0,0,0,0,0,1,0,16960.227901116014,16960.227901116014,16960.227901116014,16960.227901116014,128.0
1790152980,8,TPOT,completion,0.000000,0.000000,0,0,0,0,0,0,0,0,0,0,0,1,0,120.69522257615614,120.69522257615614,120.69522257615614,120.69522257615614,0.0
1790152980,8,TTFT,completion,0.000000,0.000000,0,0,0,0,0,0,0,0,0,0,0,1,0,1631.34555099532,1631.34555099532,1631.34555099532,1631.34555099532,0.0
1790152980,8,,Aggregated,0.000000,0.000000,0,0,0,0,0,0,0,0,0,0,0,3,0,1600,6237.422891562496,120.69522257615614,16960.227901116014,42.666666666666664
1790152981,8,POST,completion,0.000000,0.000000,17000,17000,17000,17000,17000,17000,17000,17000,17000,17000,17000,1,0,16960.227901116014,16960.227901116014,16960.227901116014,16960.227901116014,128.0
1790152981,8,TPOT,completion,0.000000,0.000000,120,120,120,120,120,120,120,120,120,120,120,1,0,120.69522257615614,120.69522257615614,120.69522257615614,120.69522257615614,0.0
1790152981,8,TTFT,completion,0.000000,0.000000,1600,1600,1600,1600,1600,1600,1600,1600,1600,1600,1600,1,0,1631.34555099532,1631.34555099532,1631.34555099532,1631.34555099532,0.0
1790152981,8,,Aggregated,0.000000,0.000000,0,0,0,0,0,0,0,0,0,0,0,3,0,1600,6237.422891562496,120.69522257615614,16960.227901116014,42.666666666666664
1790152982,8,POST,completion,0.000000,0.000000,17000,17000,17000,17000,17000,17000,17000,17000,17000,17000,17000,1,0,16960.227901116014,16960.227901116014,16960.227901116014,16960.227901116014,128.0
1790152982,8,TPOT,completion,0.000000,0.000000,120,120,120,120,120,120,120,120,120,120,120,1,0,120.69522257615614,120.69522257615614,120.69522257615614,120.69522257615614,0.0
1790152982,8,TTFT,completion,0.000000,0.000000,1600,1600,1600,1600,1600,1600,1600,1600,1600,1600,1600,1,0,1631.34555099532,1631.34555099532,1631.34555099532,1631.34555099532,0.0
1790152982,8,,Aggregated,0.000000,0.000000,0,0,0,0,0,0,0,0,0,0,0,3,0,1600,6237.422891562496,120.69522257615614,16960.227901116014,42.666666666666664
1790152983,8,POST,completion,0.000000,0.000000,17000,17000,17000,17000,17000,17000,17000,17000,17000,17000,17000,1,0,16960.227901116014,16960.227901116014,16960.227901116014,16960.227901116014,128.0
1790152983,8,TPOT,completion,0.000000,0.000000,120,120,120,120,120,120,120,120,120,120,120,1,0,120.69522257615614,120.69522257615614,120.69522257615614,120.69522257615614,0.0
1790152983,8,TTFT,completion,0.000000,0.000000,1600,1600,1600,1600,1600,1600,1600,1600,1600,1600,1600,1,0,1631.34555099532,1631.34555099532,1631.34555099532,1631.34555099532,0.0
1790152983,8,,Aggregated,0.000000,0.000000,0,0,0,0,0,0,0,0,0,0,0,3,0,1600,6237.422891562496,120.69522257615614,16960.227901116014,42.666666666666664
1790152984,8,POST,completion,0.000000,0.000000,17000,17000,17000,17000,17000,17000,17000,17000,17000,17000,17000,1,0,16960.227901116014,16960.227901116014,16960.227901116014,16960.227901116014,128.0
1790152984,8,TPOT,completion,0.000000,0.000000,120,120,120,120,120,120,120,120,120,120,120,1,0,120.69522257615614,120.69522257615614,120.69522257615614,120.69522257615614,0.0
1790152984,8,TTFT,completion,0.000000,0.000000,1600,1600,1600,1600,1600,1600,1600,1600,1600,1600,1600,1,0,1631.34555099532,1631.34555099532,1631.34555099532,1631.34555099532,0.0
1790152984,8,,Aggregated,0.000000,0.000000,0,0,0,0,0,0,0,0,0,0,0,3,0,1600,6237.422891562496,120.69522257615614,16960.227901116014,42.666666666666664
1790152985,8,POST,completion,0.000000,0.000000,17000,17000,17000,17000,17000,17000,17000,17000,17000,17000,17000,1,0,16960.227901116014,16960.227901116014,16960.227901116014,16960.227901116014,128.0
1790152985,8,TPOT,completion,0.000000,0.000000,120,120,120,120,120,120,120,120,120,120,120,1,0,120.69522257615614,120.69522257615614,120.69522257615614,120.69522257615614,0.0
1790152985,8,TTFT,completion,0.000000,0.000000,1600,1600,1600,1600,1600,1600,1600,1600,1600,1600,1600,1,0,1631.34555099532,1631.34555099532,1631.34555099532,1631.34555099532,0.0
1790152985,8,,Aggregated,0.000000,0.000000,0,0,0,0,0,0,0,0,0,0,0,3,0,1600,6237.422891562496,120.69522257615614,16960.227901116014,42.666666666666664
1790152986,8,POST,completion,0.000000,0.000000,17000,17000,17000,17000,17000,17000,17000,17000,17000,17000,17000,1,0,16960.227901116014,16960.227901116014,16960.227901116014,16960.227901116014,128.0
1790152986,8,TPOT,completion,0.000000,0.000000,120,120,120,120,120,120,120,120,120,120,120,1,0,120.69522257615614,120.69522257615614,120.69522257615614,120.69522257615614,0.0
1790152986,8,TTFT,completion,0.000000,0.000000,1600,1600,1600,1600,1600,1600,1600,1600,1600,1600,1600,1,0,1631.34555099532,1631.34555099532,1631.34555099532,1631.34555099532,0.0
1790152986,8,,Aggregated,0.000000,0.000000,0,0,0,0,0,0,0,0,0,0,0,3,0,1600,6237.422891562496,120.69522257615614,16960.227901116014,42.666666666666664
1790152987,8,POST,completion,0.000000,0.000000,17000,17000,17000,17000,17000,17000,17000,17000,17000,17000,17000,1,0,16960.227901116014,16960.227901116014,16960.227901116014,16960.227901116014,128.0
1790152987,8,TPOT,completion,0.000000,0.000000,120,120,120,120,120,120,120,120,120,120,120,1,0,120.69522257615614,120.69522257615614,120.69522257615614,120.69522257615614,0.0
1790152987,8,TTFT,completion,0.000000,0.000000,1600,1600,1600,1600,1600,1600,1600,1600,1600,1600,1600,1,0,1631.34555099532,1631.34555099532,1631.34555099532,1631.34555099532,0.0
1790152987,8,,Aggregated,0.000000,0.000000,0,0,0,0,0,0,0,0,0,0,0,3,0,1600,6237.422891562496,120.69522257615614,16960.227901116014,42.666666666666664
1790152988,8,POST,completion,0.000000,0.000000,17000,17000,17000,17000,17000,17000,17000,17000,17000,17000,17000,1,0,16960.227901116014,16960.227901116014,16960.227901116014,16960.227901116014,128.0
1790152988,8,TPOT,completion,0.000000,0.000000,120,120,120,120,120,120,120,120,120,120,120,1,0,120.69522257615614,120.69522257615614,120.69522257615614,120.69522257615614,0.0
1790152988,8,TTFT,completion,0.000000,0.000000,1600,1600,1600,1600,1600,1600,1600,1600,1600,1600,1600,1,0,1631.34555099532,1631.34555099532,1631.34555099532,1631.34555099532,0.0
1790152988,8,,Aggregated,0.000000,0.000000,0,0,0,0,0,0,0,0,0,0,0,3,0,1600,6237.422891562496,120.69522257615614,16960.227901116014,42.666666666666664
1790152989,8,POST,completion,0.000000,0.000000,17000,17000,17000,17000,17000,17000,17000,17000,17000,17000,17000,1,0,16960.227901116014,16960.227901116014,16960.227901116014,16960.227901116014,128.0
1790152989,8,TPOT,completion,0.000000,0.000000,120,120,120,120,120,120,120,120,120,120,120,1,0,120.69522257615614,120.69522257615614,120.69522257615614,120.69522257615614,0.0
1790152989,8,TTFT,completion,0.000000,0.000000,1600,1600,1600,1600,1600,1600,1600,1600,1600,1600,1600,1,0,1631.34555099532,1631.34555099532,1631.34555099532,1631.34555099532,0.0
1790152989,8,,Aggregated,0.000000,0.000000,0,0,0,0,0,0,0,0,0,0,0,3,0,1600,6237.422891562496,120.69522257615614,16960.227901116014,42.666666666666664
1790152990,8,POST,completion,0.000000,0.000000,17000,17000,17000,17000,17000,17000,17000,17000,17000,17000,17000,1,0,16960.227901116014,16960.227901116014,16960.227901116014,16960.227901116014,128.0
1790152990,8,TPOT,completion,0.000000,0.000000,120,120,120,120,120,120,120,120,120,120,120,1,0,120.69522257615614,120.69522257615614,120.69522257615614,120.69522257615614,0.0
1790152990,8,TTFT,completion,0.000000,0.000000,1600,1600,1600,1600,1600,1600,1600,1600,1600,1600,1600,1,0,1631.34555099532,1631.34555099532,1631.34555099532,1631.34555099532,0.0
1790152990,8,,Aggregated,0.000000,0.000000,0,0,0,0,0,0,0,0,0,0,0,3,0,1600,6237.422891562496,120.69522257615614,16960.227901116014,42.666666666666664
1790152991,8,POST,completion,0.000000,0.000000,17000,17000,17000,17000,17000,17000,17000,17000,17000,17000,17000,1,0,16960.227901116014,16960.227901116014,16960.227901116014,16960.227901116014,128.0
1790152991,8,TPOT,completion,0.000000,0.000000,120,120,120,120,120,120,120,120,120,120,120,1,0,120.69522257615614,120.69522257615614,120.69522257615614,120.69522257615614,0.0
1790152991,8,TTFT,completion,0.000000,0.000000,1600,1600,1600,1600,1600,1600,1600,1600,1600,1600,1600,1,0,1631.34555099532,1631.34555099532,1631.34555099532,1631.34555099532,0.0
1790152991,8,,Aggregated,0.000000,0.000000,0,0,0,0,0,0,0,0,0,0,0,3,0,1600,6237.422891562496,120.69522257615614,16960.227901116014,42.666666666666664
1790152992,8,POST,completion,0.000000,0.000000,17000,17000,17000,17000,17000,17000,17000,17000,17000,17000,17000,1,0,16960.227901116014,16960.227901116014,16960.227901116014,16960.227901116014,128.0
1790152992,8,TPOT,completion,0.000000,0.000000,120,120,120,120,120,120,120,120,120,120,120,1,0,120.69522257615614,120.69522257615614,120.69522257615614,120.69522257615614,0.0
1790152992,8,TTFT,completion,0.000000,0.000000,1600,1600,1600,1600,1600,1600,1600,1600,1600,1600,1600,1,0,1631.34555099532,1631.34555099532,1631.34555099532,1631.34555099532,0.0
1790152992,8,,Aggregated,0.000000,0.000000,0,0,0,0,0,0,0,0,0,0,0,3,0,1600,6237.422891562496,120.69522257615614,16960.227901116014,42.666666666666664
1790152993,8,POST,completion,0.000000,0.000000,17000,17000,17000,17000,17000,17000,17000,17000,17000,17000,17000,1,0,16960.227901116014,16960.227901116014,16960.227901116014,16960.227901116014,128.0
1790152993,8,TPOT,completion,0.000000,0.000000,120,120,120,120,120,120,120,120,120,120,120,1,0,120.69522257615614,120.69522257615614,120.69522257615614,120.69522257615614,0.0
1790152993,8,TTFT,completion,0.000000,0.000000,1600,1600,1600,1600,1600,1600,1600,1600,1600,1600,1600,1,0,1631.34555099532,1631.34555099532,1631.34555099532,1631.34555099532,0.0
1790152993,8,,Aggregated,0.000000,0.000000,0,0,0,0,0,0,0,0,0,0,0,3,0,1600,6237.422891562496,120.69522257615614,16960.227901116014,42.666666666666664
1790152994,8,POST,completion,0.000000,0.000000,17000,17000,17000,17000,17000,17000,17000,17000,17000,17000,17000,1,0,16960.227901116014,16960.227901116014,16960.227901116014,16960.227901116014,128.0
1790152994,8,TPOT,completion,0.000000,0.000000,120,120,120,120,120,120,120,120,120,120,120,1,0,120.69522257615614,120.69522257615614,120.69522257615614,120.69522257615614,0.0
1790152994,8,TTFT,completion,0.000000,0.000000,1600,1600,1600,1600,1600,1600,1600,1600,1600,1600,1600,1,0,1631.34555099532,1631.34555099532,1631.34555099532,1631.34555099532,0.0
1790152994,8,,Aggregated,0.000000,0.000000,0,0,0,0,0,0,0,0,0,0,0,3,0,1600,6237.422891562496,120.69522257615614,16960.227901116014,42.666666666666664
1790152995,8,POST,completion,0.000000,0.000000,17000,17000,17000,17000,17000,17000,17000,17000,17000,17000,17000,1,0,16960.227901116014,16960.227901116014,16960.227901116014,16960.227901116014,128.0
1790152995,8,TPOT,completion,0.000000,0.000000,120,120,120,120,120,120,120,120,120,120,120,1,0,120.69522257615614,120.69522257615614,120.69522257615614,120.69522257615614,0.0
1790152995,8,TTFT,completion,0.000000,0.000000,1600,1600,1600,1600,1600,1600,1600,1600,1600,1600,1600,1,0,1631.34555099532,1631.34555099532,1631.34555099532,1631.34555099532,0.0
1790152995,8,,Aggregated,0.000000,0.000000,0,0,0,0,0,0,0,0,0,0,0,3,0,1600,6237.422891562496,120.69522257615614,16960.227901116014,42.666666666666664
1790152996,8,POST,completion,0.000000,0.000000,17000,17000,17000,17000,17000,17000,17000,17000,17000,17000,17000,1,0,16960.227901116014,16960.227901116014,16960.227901116014,16960.227901116014,128.0
1790152996,8,TPOT,completion,0.000000,0.000000,120,120,120,120,120,120,120,120,120,120,120,1,0,120.69522257615614,120.69522257615614,120.69522257615614,120.69522257615614,0.0
1790152996,8,TTFT,completion,0.000000,0.000000,1600,1600,1600,1600,1600,1600,1600,1600,1600,1600,1600,1,0,1631.34555099532,1631.34555099532,1631.34555099532,1631.34555099532,0.0
1790152996,8,,Aggregated,0.000000,0.000000,0,0,0,0,0,0,0,0,0,0,0,3,0,1600,6237.422891562496,120.69522257615614,16960.227901116014,42.666666666666664
1790152997,8,POST,completion,0.000000,0.000000,17000,17000,17000,17000,17000,17000,17000,17000,17000,17000,17000,1,0,16960.227901116014,16960.227901116014,16960.227901116014,16960.227901116014,128.0
1790152997,8,TPOT,completion,0.000000,0.000000,120,120,120,120,120,120,120,120,120,120,120,1,0,120.69522257615614,120.69522257615614,120.69522257615614,120.69522257615614,0.0
1790152997,8,TTFT,completion,0.000000,0.000000,1600,1600,1600,1600,1600,1600,1600,1600,1600,1600,1600,1,0,1631.34555099532,1631.34555099532,1631.34555099532,1631.34555099532,0.0
1790152997,8,,Aggregated,0.000000,0.000000,0,0,0,0,0,0,0,0,0,0,0,3,0,1600,6237.422891562496,120.69522257615614,16960.227901116014,42.666666666666664
1790152998,8,POST,completion,0.000000,0.000000,0,0,0,0,0,0,0,0,0,0,0,1,0,16960.227901116014,16960.227901116014,16960.227901116014,16960.227901116014,128.0
1790152998,8,TPOT,completion,0.000000,0.000000,0,0,0,0,0,0,0,0,0,0,0,1,0,120.69522257615614,120.69522257615614,120.69522257615614,120.69522257615614,0.0
1790152998,8,TTFT,completion,0.000000,0.000000,0,0,0,0,0,0,0,0,0,0,0,1,0,1631.34555099532,1631.34555099532,1631.34555099532,1631.34555099532,0.0
1790152998,8,,Aggregated,0.000000,0.000000,0,0,0,0,0,0,0,0,0,0,0,3,0,1600,6237.422891562496,120.69522257615614,16960.227901116014,42.666666666666664
1790152999,8,POST,completion,0.000000,0.000000,0,0,0,0,0,0,0,0,0,0,0,1,0,16960.227901116014,16960.227901116014,16960.227901116014,16960.227901116014,128.0
1790152999,8,TPOT,completion,0.000000,0.000000,0,0,0,0,0,0,0,0,0,0,0,1,0,120.69522257615614,120.69522257615614,120.69522257615614,120.69522257615614,0.0
1790152999,8,TTFT,completion,0.000000,0.000000,0,0,0,0,0,0,0,0,0,0,0,1,0,1631.34555099532,1631.34555099532,1631.34555099532,1631.34555099532,0.0
1790152999,8,,Aggregated,0.000000,0.000000,0,0,0,0,0,0,0,0,0,0,0,3,0,1600,6237.422891562496,120.69522257615614,16960.227901116014,42.666666666666664
1790153000,8,POST,completion,0.000000,0.000000,0,0,0,0,0,0,0,0,0,0,0,1,0,16960.227901116014,16960.227901116014,16960.227901116014,16960.227901116014,128.0
1790153000,8,TPOT,completion,0.000000,0.000000,0,0,0,0,0,0,0,0,0,0,0,1,0,120.69522257615614,120.69522257615614,120.69522257615614,120.69522257615614,0.0
1790153000,8,TTFT,completion,0.000000,0.000000,0,0,0,0,0,0,0,0,0,0,0,1,0,1631.34555099532,1631.34555099532,1631.34555099532,1631.34555099532,0.0
1790153000,8,,Aggregated,0.000000,0.000000,0,0,0,0,0,0,0,0,0,0,0,3,0,1600,6237.422891562496,120.69522257615614,16960.227901116014,42.666666666666664
1790153001,8,POST,completion,0.000000,0.000000,0,0,0,0,0,0,0,0,0,0,0,1,0,16960.227901116014,16960.227901116014,16960.227901116014,16960.227901116014,128.0
1790153001,8,TPOT,completion,0.000000,0.000000,0,0,0,0,0,0,0,0,0,0,0,1,0,120.69522257615614,120.69522257615614,120.69522257615614,120.69522257615614,0.0
1790153001,8,TTFT,completion,0.000000,0.000000,0,0,0,0,0,0,0,0,0,0,0,1,0,1631.34555099532,1631.34555099532,1631.34555099532,1631.34555099532,0.0
1790153001,8,,Aggregated,0.000000,0.000000,0,0,0,0,0,0,0,0,0,0,0,3,0,1600,6237.422891562496,120.69522257615614,16960.227901116014,42.666666666666664
1790153002,8,POST,completion,0.000000,0.000000,0,0,0,0,0,0,0,0,0,0,0,1,0,16960.227901116014,16960.227901116014,16960.227901116014,16960.227901116014,128.0
1790153002,8,TPOT,completion,0.000000,0.000000,0,0,0,0,0,0,0,0,0,0,0,1,0,120.69522257615614,120.69522257615614,120.69522257615614,120.69522257615614,0.0
1790153002,8,TTFT,completion,0.000000,0.000000,0,0,0,0,0,0,0,0,0,0,0,1,0,1631.34555099532,1631.34555099532,1631.34555099532,1631.34555099532,0.0
1790153002,8,,Aggregated,0.000000,0.000000,0,0,0,0,0,0,0,0,0,0,0,3,0,1600,6237.422891562496,120.69522257615614,16960.227901116014,42.666666666666664
1790153003,8,POST,completion,0.000000,0.000000,0,0,0,0,0,0,0,0,0,0,0,2,0,23710.930234985426,20335.57906805072,16960.227901116014,23710.930234985426,128.0
1790153003,8,TPOT,completion,0.000000,0.000000,0,0,0,0,0,0,0,0,0,0,0,2,0,170,147.3080555671885,120.69522257615614,173.9208885582208,0.0
1790153003,8,TTFT,completion,0.000000,0.000000,0,0,0,0,0,0,0,0,0,0,0,2,0,1622.394263977185,1626.8699074862525,1622.394263977185,1631.34555099532,0.0
1790153003,8,,Aggregated,0.000000,0.000000,0,0,0,0,0,0,0,0,0,0,0,6,0,1600,7369.919010368053,120.69522257615614,23710.930234985426,42.666666666666664
1790153004,8,POST,completion,0.000000,0.000000,24000,24000,24000,24000,24000,24000,24000,24000,24000,24000,24000,2,0,23710.930234985426,20335.57906805072,16960.227901116014,23710.930234985426,128.0
1790153004,8,TPOT,completion,0.000000,0.000000,170,170,170,170,170,170,170,170,170,170,170,2,0,170,147.3080555671885,120.69522257615614,173.9208885582208,0.0
1790153004,8,TTFT,completion,0.000000,0.000000,1600,1600,1600,1600,1600,1600,1600,1600,1600,1600,1600,2,0,1622.394263977185,1626.8699074862525,1622.394263977185,1631.34555099532,0.0
1790153004,8,,Aggregated,0.000000,0.000000,1600,1600,24000,24000,24000,24000,24000,24000,24000,24000,24000,6,0,1600,7369.919010368053,120.69522257615614,23710.930234985426,42.666666666666664
1790153005,8,POST,completion,0.000000,0.000000,24000,24000,24000,24000,24000,24000,24000,24000,24000,24000,24000,3,0,22000,21027.79345905098,16960.227901116014,23710.930234985426,128.0
1790153005,8,TPOT,completion,0.000000,0.000000,170,170,170,170,170,170,170,170,170,170,170,3,0,160,152.3379324330384,120.69522257615614,173.9208885582208,0.0
1790153005,8,TTFT,completion,0.000000,0.000000,1800,1800,1800,1800,1800,1800,1800,1800,1800,1800,1800,3,0,1622.394263977185,1680.2815630411108,1622.394263977185,1787.1048741508275,0.0
1790153005,8,,Aggregated,0.000000,0.000000,1800,1800,22000,22000,24000,24000,24000,24000,24000,24000,24000,9,0,1600,7620.137651508377,120.69522257615614,23710.930234985426,42.666666666666664
1790153006,8,POST,completion,0.000000,0.000000,24000,24000,24000,24000,24000,24000,24000,24000,24000,24000,24000,3,0,22000,21027.79345905098,16960.227901116014,23710.930234985426,128.0
1790153006,8,TPOT,completion,0.000000,0.000000,170,170,170,170,170,170,170,170,170,170,170,3,0,160,152.3379324330384,120.69522257615614,173.9208885582208,0.0
1790153006,8,TTFT,completion,0.000000,0.000000,1800,1800,1800,1800,1800,1800,1800,1800,1800,1800,1800,3,0,1622.394263977185,1680.2815630411108,1622.394263977185,1787.1048741508275,0.0
1790153006,8,,Aggregated,0.000000,0.000000,1800,1800,22000,22000,24000,24000,24000,24000,24000,24000,24000,9,0,1600,7620.137651508377,120.69522257615614,23710.930234985426,42.666666666666664
1790153007,8,POST,completion,0.100000,0.000000,22000,22000,24000,24000,24000,24000,24000,24000,24000,24000,24000,4,0,22000,20970.062376582064,16960.227901116014,23710.930234985426,128.0
1790153007,8,TPOT,completion,0.100000,0.000000,160,160,170,170,170,170,170,170,170,170,170,4,0,160,151.67245032278618,120.69522257615614,173.9208885582208,0.0
1790153007,8,TTFT,completion,0.100000,0.000000,1800,1800,1800,1800,1800,1800,1800,1800,1800,1800,1800,4,0,1787.4381041619927,1707.0706983213313,1622.394263977185,1787.4381041619927,0.0
1790153007,8,,Aggregated,0.300000,0.000000,1800,1800,21000,22000,24000,24000,24000,24000,24000,24000,24000,12,0,1800,7609.601841742061,120.69522257615614,23710.930234985426,42.666666666666664
1790153008,8,POST,completion,0.100000,0.000000,22000,22000,24000,24000,24000,24000,24000,24000,24000,24000,24000,4,0,22000,20970.062376582064,16960.227901116014,23710.930234985426,128.0
1790153008,8,TPOT,completion,0.100000,0.000000,160,160,170,170,170,170,170,170,170,170,170,4,0,160,151.67245032278618,120.69522257615614,173.9208885582208,0.0
1790153008,8,TTFT,completion,0.100000,0.000000,1800,1800,1800,1800,1800,1800,1800,1800,1800,1800,1800,4,0,1787.4381041619927,1707.0706983213313,1622.394263977185,1787.4381041619927,0.0
1790153008,8,,Aggregated,0.300000,0.000000,1800,1800,21000,22000,24000,24000,24000,24000,24000,24000,24000,12,0,1800,7609.601841742061,120.69522257615614,23710.930234985426,42.666666666666664
1790153009,8,POST,completion,0.100000,0.000000,22000,22000,24000,24000,24000,24000,24000,24000,24000,24000,24000,4,0,22000,20970.062376582064,16960.227901116014,23710.930234985426,128.0
1790153009,8,TPOT,completion,0.100000,0.000000,160,160,170,170,170,170,170,170,170,170,170,4,0,160,151.67245032278618,120.69522257615614,173.9208885582208,0.0
1790153009,8,TTFT,completion,0.100000,0.000000,1800,1800,1800,1800,1800,1800,1800,1800,1800,1800,1800,4,0,1787.4381041619927,1707.0706983213313,1622.394263977185,1787.4381041619927,0.0
1790153009,8,,Aggregated,0.300000,0.000000,1800,1800,21000,22000,24000,24000,24000,24000,24000,24000,24000,12,0,1800,7609.601841742061,120.69522257615614,23710.930234985426,42.666666666666664
1790153010,8,POST,completion,0.100000,0.000000,22000,22000,24000,24000,24000,24000,24000,24000,24000,24000,24000,4,0,22000,20970.062376582064,16960.227901116014,23710.930234985426,128.0
1790153010,8,TPOT,completion,0.100000,0.000000,160,160,170,170,170,170,170,170,170,170,170,4,0,160,151.67245032278618,120.69522257615614,173.9208885582208,0.0
1790153010,8,TTFT,completion,0.100000,0.000000,1800,1800,1800,1800,1800,1800,1800,1800,1800,1800,1800,4,0,1787.4381041619927,1707.0706983213313,1622.394263977185,1787.4381041619927,0.0
1790153010,8,,Aggregated,0.300000,0.000000,1800,1800,21000,22000,24000,24000,24000,24000,24000,24000,24000,12,0,1800,7609.601841742061,120.69522257615614,23710.930234985426,42.666666666666664
1790153011,8,POST,completion,0.300000,0.000000,22000,22000,24000,24000,24000,24000,24000,24000,24000,24000,24000,5,0,21000,20519.92545449175,16960.227901116014,23710.930234985426,128.0
1790153011,8,TPOT,completion,0.300000,0.000000,160,160,170,170,170,170,170,170,170,170,170,5,0,150,147.88135419981043,120.69522257615614,173.9208885582208,0.0
1790153011,8,TTFT,completion,0.300000,0.000000,1800,1800,1900,1900,1900,1900,1900,1900,1900,1900,1900,5,0,1800,1738.4000262711197,1622.394263977185,1863.7173380702734,0.0
1790153011,8,,Aggregated,0.900000,0.000000,1800,1900,21000,21000,22000,24000,24000,24000,24000,24000,24000,15,0,1800,7468.735611654227,120.69522257615614,23710.930234985426,42.666666666666664
1790153012,8,POST,completion,0.300000,0.000000,22000,22000,24000,24000,24000,24000,24000,24000,24000,24000,24000,5,0,21000,20519.92545449175,16960.227901116014,23710.930234985426,128.0
1790153012,8,TPOT,completion,0.300000,0.000000,160,160,170,170,170,170,170,170,170,170,170,5,0,150,147.88135419981043,120.69522257615614,173.9208885582208,0.0
1790153012,8,TTFT,completion,0.300000,0.000000,1800,1800,1900,1900,1900,1900,1900,1900,1900,1900,1900,5,0,1800,1738.4000262711197,1622.394263977185,1863.7173380702734,0.0
1790153012,8,,Aggregated,0.900000,0.000000,1800,1900,21000,21000,22000,24000,24000,24000,24000,24000,24000,15,0,1800,7468.735611654227,120.69522257615614,23710.930234985426,42.666666666666664
1790153013,8,POST,completion,0.300000,0.000000,21000,21000,22000,22000,22000,22000,22000,22000,22000,22000,22000,5,0,21000,20519.92545449175,16960.227901116014,23710.930234985426,128.0
1790153013,8,TPOT,completion,0.300000,0.000000,150,150,160,160,160,160,160,160,160,160,160,5,0,150,147.88135419981043,120.69522257615614,173.9208885582208,0.0
1790153013,8,TTFT,completion,0.300000,0.000000,1800,1800,1900,1900,1900,1900,1900,1900,1900,1900,1900,5,0,1800,1738.4000262711197,1622.394263977185,1863.7173380702734,0.0
1790153013,8,,Aggregated,0.900000,0.000000,1800,1900,19000,21000,22000,22000,22000,22000,22000,22000,22000,15,0,1800,7468.735611654227,120.69522257615614,23710.930234985426,42.666666666666664
1790153014,8,POST,completion,0.300000,0.000000,21000,21000,22000,22000,22000,22000,22000,22000,22000,22000,22000,5,0,21000,20519.92545449175,16960.227901116014,23710.930234985426,128.0
1790153014,8,TPOT,completion,0.300000,0.000000,150,150,160,160,160,160,160,160,160,160,160,5,0,150,147.88135419981043,120.69522257615614,173.9208885582208,0.0
1790153014,8,TTFT,completion,0.300000,0.000000,1800,1800,1900,1900,1900,1900,1900,1900,1900,1900,1900,5,0,1800,1738.4000262711197,1622.394263977185,1863.7173380702734,0.0
1790153014,8,,Aggregated,0.900000,0.000000,1800,1900,19000,21000,22000,22000,22000,22000,22000,22000,22000,15,0,1800,7468.735611654227,120.69522257615614,23710.930234985426,42.666666666666664
1790153015,8,POST,completion,0.300000,0.000000,21000,21000,21000,21000,21000,21000,21000,21000,21000,21000,21000,5,0,21000,20519.92545449175,16960.227901116014,23710.930234985426,128.0
1790153015,8,TPOT,completion,0.300000,0.000000,150,150,150,150,150,150,150,150,150,150,150,5,0,150,147.88135419981043,120.69522257615614,173.9208885582208,0.0
1790153015,8,TTFT,completion,0.300000,0.000000,1900,1900,1900,1900,1900,1900,1900,1900,1900,1900,1900,5,0,1800,1738.4000262711197,1622.394263977185,1863.7173380702734,0.0
1790153015,8,,Aggregated,0.900000,0.000000,1900,1900,19000,19000,21000,21000,21000,21000,21000,21000,21000,15,0,1800,7468.735611654227,120.69522257615614,23710.930234985426,42.666666666666664
1790153016,8,POST,completion,0.300000,0.000000,21000,21000,21000,21000,21000,21000,21000,21000,21000,21000,21000,5,0,21000,20519.92545449175,16960.227901116014,23710.930234985426,128.0
1790153016,8,TPOT,completion,0.300000,0.000000,150,150,150,150,150,150,150,150,150,150,150,5,0,150,147.88135419981043,120.69522257615614,173.9208885582208,0.0
1790153016,8,TTFT,completion,0.300000,0.000000,1900,1900,1900,1900,1900,1900,1900,1900,1900,1900,1900,5,0,1800,1738.4000262711197,1622.394263977185,1863.7173380702734,0.0
1790153016,8,,Aggregated,0.900000,0.000000,1900,1900,19000,19000,21000,21000,21000,21000,21000,21000,21000,15,0,1800,7468.735611654227,120.69522257615614,23710.930234985426,42.666666666666664
1790153017,8,POST,completion,0.300000,0.000000,21000,21000,21000,21000,21000,21000,21000,21000,21000,21000,21000,5,0,21000,20519.92545449175,16960.227901116014,23710.930234985426,128.0
1790153017,8,TPOT,completion,0.300000,0.000000,150,150,150,150,150,150,150,150,150,150,150,5,0,150,147.88135419981043,120.69522257615614,173.9208885582208,0.0
1790153017,8,TTFT,completion,0.300000,0.000000,1900,1900,1900,1900,1900,1900,1900,1900,1900,1900,1900,5,0,1800,1738.4000262711197,1622.394263977185,1863.7173380702734,0.0
1790153017,8,,Aggregated,0.900000,0.000000,1900,1900,19000,19000,21000,21000,21000,21000,21000,21000,21000,15,0,1800,7468.735611654227,120.69522257615614,23710.930234985426,42.666666666666664
1790153018,8,POST,completion,0.300000,0.000000,19000,19000,19000,19000,19000,19000,19000,19000,19000,19000,19000,5,0,21000,20519.92545449175,16960.227901116014,23710.930234985426,128.0
1790153018,8,TPOT,completion,0.300000,0.000000,130,130,130,130,130,130,130,130,130,130,130,5,0,150,147.88135419981043,120.69522257615614,173.9208885582208,0.0
1790153018,8,TTFT,completion,0.300000,0.000000,1900,1900,1900,1900,1900,1900,1900,1900,1900,1900,1900,5,0,1800,1738.4000262711197,1622.394263977185,1863.7173380702734,0.0
1790153018,8,,Aggregated,0.900000,0.000000,1900,1900,19000,19000,19000,19000,19000,19000,19000,19000,19000,15,0,1800,7468.735611654227,120.69522257615614,23710.930234985426,42.666666666666664
1790153019,8,POST,completion,0.300000,0.000000,19000,19000,19000,19000,19000,19000,19000,19000,19000,19000,19000,5,0,21000,20519.92545449175,16960.227901116014,23710.930234985426,128.0
1790153019,8,TPOT,completion,0.300000,0.000000,130,130,130,130,130,130,130,130,130,130,130,5,0,150,147.88135419981043,120.69522257615614,173.9208885582208,0.0
1790153019,8,TTFT,completion,0.300000,0.000000,1900,1900,1900,1900,1900,1900,1900,1900,1900,1900,1900,5,0,1800,1738.4000262711197,1622.394263977185,1863.7173380702734,0.0
1790153019,8,,Aggregated,0.900000,0.000000,1900,1900,19000,19000,19000,19000,19000,19000,19000,19000,19000,15,0,1800,7468.735611654227,120.69522257615614,23710.930234985426,42.666666666666664
1790153020,8,POST,completion,0.300000,0.000000,19000,19000,19000,19000,19000,19000,19000,19000,19000,19000,19000,5,0,21000,20519.92545449175,16960.227901116014,23710.930234985426,128.0
1790153020,8,TPOT,completion,0.300000,0.000000,130,130,130,130,130,130,130,130,130,130,130,5,0,150,147.88135419981043,120.69522257615614,173.9208885582208,0.0
1790153020,8,TTFT,completion,0.300000,0.000000,1900,1900,1900,1900,1900,1900,1900,1900,1900,1900,1900,5,0,1800,1738.4000262711197,1622.394263977185,1863.7173380702734,0.0
1790153020,8,,Aggregated,0.900000,0.000000,1900,1900,19000,19000,19000,19000,19000,19000,19000,19000,19000,15,0,1800,7468.735611654227,120.69522257615614,23710.930234985426,42.666666666666664
1790153021,8,POST,completion,0.300000,0.000000,19000,19000,19000,19000,19000,19000,19000,19000,19000,19000,19000,5,0,21000,20519.92545449175,16960.227901116014,23710.930234985426,128.0
1790153021,8,TPOT,completion,0.300000,0.000000,130,130,130,130,130,130,130,130,130,130,130,5,0,150,147.88135419981043,120.69522257615614,173.9208885582208,0.0
1790153021,8,TTFT,completion,0.300000,0.000000,1900,1900,1900,1900,1900,1900,1900,1900,1900,1900,1900,5,0,1800,1738.4000262711197,1622.394263977185,1863.7173380702734,0.0
1790153021,8,,Aggregated,0.900000,0.000000,1900,1900,19000,19000,19000,19000,19000,19000,19000,19000,19000,15,0,1800,7468.735611654227,120.69522257615614,23710.930234985426,42.666666666666664
1790153022,8,POST,completion,0.300000,0.000000,19000,19000,19000,19000,19000,19000,19000,19000,19000,19000,19000,5,0,21000,20519.92545449175,16960.227901116014,23710.930234985426,128.0
1790153022,8,TPOT,completion,0.300000,0.000000,130,130,130,130,130,130,130,130,130,130,130,5,0,150,147.88135419981043,120.69522257615614,173.9208885582208,0.0
1790153022,8,TTFT,completion,0.300000,0.000000,1900,1900,1900,1900,1900,1900,1900,1900,1900,1900,1900,5,0,1800,1738.4000262711197,1622.394263977185,1863.7173380702734,0.0
1790153022,8,,Aggregated,0.900000,0.000000,1900,1900,19000,19000,19000,19000,19000,19000,19000,19000,19000,15,0,1800,7468.735611654227,120.69522257615614,23710.930234985426,42.666666666666664
1790153023,8,POST,completion,0.300000,0.000000,19000,19000,19000,19000,19000,19000,19000,19000,19000,19000,19000,5,0,21000,20519.92545449175,16960.227901116014,23710.930234985426,128.0
1790153023,8,TPOT,completion,0.300000,0.000000,130,130,130,130,130,130,130,130,130,130,130,5,0,150,147.88135419981043,120.69522257615614,173.9208885582208,0.0
1790153023,8,TTFT,completion,0.300000,0.000000,1900,1900,1900,1900,1900,1900,1900,1900,1900,1900,1900,5,0,1800,1738.4000262711197,1622.394263977185,1863.7173380702734,0.0
1790153023,8,,Aggregated,0.900000,0.000000,1900,1900,19000,19000,19000,19000,19000,19000,19000,19000,19000,15,0,1800,7468.735611654227,120.69522257615614,23710.930234985426,42.666666666666664
1790153024,8,POST,completion,0.300000,0.000000,19000,19000,19000,19000,19000,19000,19000,19000,19000,19000,19000,5,0,21000,20519.92545449175,16960.227901116014,23710.930234985426,128.0
1790153024,8,TPOT,completion,0.300000,0.000000,130,130,130,130,130,130,130,130,130,130,130,5,0,150,147.88135419981043,120.69522257615614,173.9208885582208,0.0
1790153024,8,TTFT,completion,0.300000,0.000000,1900,1900,1900,1900,1900,1900,1900,1900,1900,1900,1900,5,0,1800,1738.4000262711197,1622.394263977185,1863.7173380702734,0.0
1790153024,8,,Aggregated,0.900000,0.000000,1900,1900,19000,19000,19000,19000,19000,19000,19000,19000,19000,15,0,1800,7468.735611654227,120.69522257615614,23710.930234985426,42.666666666666664
1790153025,8,POST,completion,0.300000,0.000000,19000,19000,19000,19000,19000,19000,19000,19000,19000,19000,19000,5,0,21000,20519.92545449175,16960.227901116014,23710.930234985426,128.0
1790153025,8,TPOT,completion,0.300000,0.000000,130,130,130,130,130,130,130,130,130,130,130,5,0,150,147.88135419981043,120.69522257615614,173.9208885582208,0.0
1790153025,8,TTFT,completion,0.300000,0.000000,1900,1900,1900,1900,1900,1900,1900,1900,1900,1900,1900,5,0,1800,1738.4000262711197,1622.394263977185,1863.7173380702734,0.0
1790153025,8,,Aggregated,0.900000,0.000000,1900,1900,19000,19000,19000,19000,19000,19000,19000,19000,19000,15,0,1800,7468.735611654227,120.69522257615614,23710.930234985426,42.666666666666664
1790153026,8,POST,completion,0.300000,0.000000,19000,19000,19000,19000,19000,19000,19000,19000,19000,19000,19000,5,0,21000,20519.92545449175,16960.227901116014,23710.930234985426,128.0
1790153026,8,TPOT,completion,0.300000,0.000000,130,130,130,130,130,130,130,130,130,130,130,5,0,150,147.88135419981043,120.69522257615614,173.9208885582208,0.0
1790153026,8,TTFT,completion,0.300000,0.000000,1900,1900,1900,1900,1900,1900,1900,1900,1900,1900,1900,5,0,1800,1738.4000262711197,1622.394263977185,1863.7173380702734,0.0
1790153026,8,,Aggregated,0.900000,0.000000,1900,1900,19000,19000,19000,19000,19000,19000,19000,19000,19000,15,0,1800,7468.735611654227,120.69522257615614,23710.930234985426,42.666666666666664
1790153027,8,POST,completion,0.300000,0.000000,19000,19000,19000,19000,19000,19000,19000,19000,19000,19000,19000,5,0,21000,20519.92545449175,16960.227901116014,23710.930234985426,128.0
1790153027,8,TPOT,completion,0.300000,0.000000,130,130,130,130,130,130,130,130,130,130,130,5,0,150,147.88135419981043,120.69522257615614,173.9208885582208,0.0
1790153027,8,TTFT,completion,0.300000,0.000000,1900,1900,1900,1900,1900,1900,1900,1900,1900,1900,1900,5,0,1800,1738.4000262711197,1622.394263977185,1863.7173380702734,0.0
1790153027,8,,Aggregated,0.900000,0.000000,1900,1900,19000,19000,19000,19000,19000,19000,19000,19000,19000,15,0,1800,7468.735611654227,120.69522257615614,23710.930234985426,42.666666666666664
1790153028,8,POST,completion,0.300000,0.000000,0,0,0,0,0,0,0,0,0,0,0,5,0,21000,20519.92545449175,16960.227901116014,23710.930234985426,128.0
1790153028,8,TPOT,completion,0.300000,0.000000,0,0,0,0,0,0,0,0,0,0,0,5,0,150,147.88135419981043,120.69522257615614,173.9208885582208,0.0
1790153028,8,TTFT,completion,0.300000,0.000000,0,0,0,0,0,0,0,0,0,0,0,5,0,1800,1738.4000262711197,1622.394263977185,1863.7173380702734,0.0
1790153028,8,,Aggregated,0.900000,0.000000,0,0,0,0,0,0,0,0,0,0,0,15,0,1800,7468.735611654227,120.69522257615614,23710.930234985426,42.666666666666664
1790153029,8,POST,completion,0.300000,0.000000,0,0,0,0,0,0,0,0,0,0,0,5,0,21000,20519.92545449175,16960.227901116014,23710.930234985426,128.0
1790153029,8,TPOT,completion,0.300000,0.000000,0,0,0,0,0,0,0,0,0,0,0,5,0,150,147.88135419981043,120.69522257615614,173.9208885582208,0.0
1790153029,8,TTFT,completion,0.300000,0.000000,0,0,0,0,0,0,0,0,0,0,0,5,0,1800,1738.4000262711197,1622.394263977185,1863.7173380702734,0.0
1790153029,8,,Aggregated,0.900000,0.000000,0,0,0,0,0,0,0,0,0,0,0,15,0,1800,7468.735611654227,120.69522257615614,23710.930234985426,42.666666666666664
1790153030,8,POST,completion,0.300000,0.000000,0,0,0,0,0,0,0,0,0,0,0,5,0,21000,20519.92545449175,16960.227901116014,23710.930234985426,128.0
1790153030,8,TPOT,completion,0.300000,0.000000,0,0,0,0,0,0,0,0,0,0,0,5,0,150,147.88135419981043,120.69522257615614,173.9208885582208,0.0
1790153030,8,TTFT,completion,0.300000,0.000000,0,0,0,0,0,0,0,0,0,0,0,5,0,1800,1738.4000262711197,1622.394263977185,1863.7173380702734,0.0
1790153030,8,,Aggregated,0.900000,0.000000,0,0,0,0,0,0,0,0,0,0,0,15,0,1800,7468.735611654227,120.69522257615614,23710.930234985426,42.666666666666664
1790153031,8,POST,completion,0.300000,0.000000,0,0,0,0,0,0,0,0,0,0,0,5,0,21000,20519.92545449175,16960.227901116014,23710.930234985426,128.0
1790153031,8,TPOT,completion,0.300000,0.000000,0,0,0,0,0,0,0,0,0,0,0,5,0,150,147.88135419981043,120.69522257615614,173.9208885582208,0.0
1790153031,8,TTFT,completion,0.300000,0.000000,0,0,0,0,0,0,0,0,0,0,0,5,0,1800,1738.4000262711197,1622.394263977185,1863.7173380702734,0.0
1790153031,8,,Aggregated,0.900000,0.000000,0,0,0,0,0,0,0,0,0,0,0,15,0,1800,7468.735611654227,120.69522257615614,23710.930234985426,42.666666666666664
1790153032,8,POST,completion,0.300000,0.000000,0,0,0,0,0,0,0,0,0,0,0,5,0,21000,20519.92545449175,16960.227901116014,23710.930234985426,128.0
1790153032,8,TPOT,completion,0.300000,0.000000,0,0,0,0,0,0,0,0,0,0,0,5,0,150,147.88135419981043,120.69522257615614,173.9208885582208,0.0
1790153032,8,TTFT,completion,0.300000,0.000000,0,0,0,0,0,0,0,0,0,0,0,5,0,1800,1738.4000262711197,1622.394263977185,1863.7173380702734,0.0
1790153032,8,,Aggregated,0.900000,0.000000,0,0,0,0,0,0,0,0,0,0,0,15,0,1800,7468.735611654227,120.69522257615614,23710.930234985426,42.666666666666664
1790153033,8,POST,completion,0.300000,0.000000,0,0,0,0,0,0,0,0,0,0,0,5,0,21000,20519.92545449175,16960.227901116014,23710.930234985426,128.0
1790153033,8,TPOT,completion,0.300000,0.000000,0,0,0,0,0,0,0,0,0,0,0,5,0,150,147.88135419981043,120.69522257615614,173.9208885582208,0.0
1790153033,8,TTFT,completion,0.300000,0.000000,0,0,0,0,0,0,0,0,0,0,0,5,0,1800,1738.4000262711197,1622.394263977185,1863.7173380702734,0.0
1790153033,8,,Aggregated,0.900000,0.000000,0,0,0,0,0,0,0,0,0,0,0,15,0,1800,7468.735611654227,120.69522257615614,23710.930234985426,42.666666666666664
1790153034,8,POST,completion,0.300000,0.000000,0,0,0,0,0,0,0,0,0,0,0,5,0,21000,20519.92545449175,16960.227901116014,23710.930234985426,128.0
1790153034,8,TPOT,completion,0.300000,0.000000,0,0,0,0,0,0,0,0,0,0,0,5,0,150,147.88135419981043,120.69522257615614,173.9208885582208,0.0
1790153034,8,TTFT,completion,0.300000,0.000000,0,0,0,0,0,0,0,0,0,0,0,5,0,1800,1738.4000262711197,1622.394263977185,1863.7173380702734,0.0
1790153034,8,,Aggregated,0.900000,0.000000,0,0,0,0,0,0,0,0,0,0,0,15,0,1800,7468.735611654227,120.69522257615614,23710.930234985426,42.666666666666664
1790153035,8,POST,completion,0.300000,0.000000,0,0,0,0,0,0,0,0,0,0,0,5,0,21000,20519.92545449175,16960.227901116014,23710.930234985426,128.0
1790153035,8,TPOT,completion,0.300000,0.000000,0,0,0,0,0,0,0,0,0,0,0,5,0,150,147.88135419981043,120.69522257615614,173.9208885582208,0.0
1790153035,8,TTFT,completion,0.300000,0.000000,0,0,0,0,0,0,0,0,0,0,0,5,0,1800,1738.4000262711197,1622.394263977185,1863.7173380702734,0.0
1790153035,8,,Aggregated,0.900000,0.000000,0,0,0,0,0,0,0,0,0,0,0,15,0,1800,7468.735611654227,120.69522257615614,23710.930234985426,42.666666666666664
1790153036,8,POST,completion,0.300000,0.000000,0,0,0,0,0,0,0,0,0,0,0,5,0,21000,20519.92545449175,16960.227901116014,23710.930234985426,128.0
1790153036,8,TPOT,completion,0.300000,0.000000,0,0,0,0,0,0,0,0,0,0,0,5,0,150,147.88135419981043,120.69522257615614,173.9208885582208,0.0
1790153036,8,TTFT,completion,0.300000,0.000000,0,0,0,0,0,0,0,0,0,0,0,5,0,1800,1738.4000262711197,1622.394263977185,1863.7173380702734,0.0
1790153036,8,,Aggregated,0.900000,0.000000,0,0,0,0,0,0,0,0,0,0,0,15,0,1800,7468.735611654227,120.69522257615614,23710.930234985426,42.666666666666664
1790153037,8,POST,completion,0.300000,0.000000,0,0,0,0,0,0,0,0,0,0,0,5,0,21000,20519.92545449175,16960.227901116014,23710.930234985426,128.0
1790153037,8,TPOT,completion,0.300000,0.000000,0,0,0,0,0,0,0,0,0,0,0,5,0,150,147.88135419981043,120.69522257615614,173.9208885582208,0.0
1790153037,8,TTFT,completion,0.300000,0.000000,0,0,0,0,0,0,0,0,0,0,0,5,0,1800,1738.4000262711197,1622.394263977185,1863.7173380702734,0.0
1790153037,8,,Aggregated,0.900000,0.000000,0,0,0,0,0,0,0,0,0,0,0,15,0,1800,7468.735611654227,120.69522257615614,23710.930234985426,42.666666666666664
1790153038,8,POST,completion,0.300000,0.000000,0,0,0,0,0,0,0,0,0,0,0,5,0,21000,20519.92545449175,16960.227901116014,23710.930234985426,128.0
1790153038,8,TPOT,completion,0.300000,0.000000,0,0,0,0,0,0,0,0,0,0,0,5,0,150,147.88135419981043,120.69522257615614,173.9208885582208,0.0
1790153038,8,TTFT,completion,0.300000,0.000000,0,0,0,0,0,0,0,0,0,0,0,5,0,1800,1738.4000262711197,1622.394263977185,1863.7173380702734,0.0
1790153038,8,,Aggregated,0.900000,0.000000,0,0,0,0,0,0,0,0,0,0,0,15,0,1800,7468.735611654227,120.69522257615614,23710.930234985426,42.666666666666664
1790153039,8,POST,completion,0.300000,0.000000,0,0,0,0,0,0,0,0,0,0,0,5,0,21000,20519.92545449175,16960.227901116014,23710.930234985426,128.0
1790153039,8,TPOT,completion,0.300000,0.000000,0,0,0,0,0,0,0,0,0,0,0,5,0,150,147.88135419981043,120.69522257615614,173.9208885582208,0.0
1790153039,8,TTFT,completion,0.300000,0.000000,0,0,0,0,0,0,0,0,0,0,0,5,0,1800,1738.4000262711197,1622.394263977185,1863.7173380702734,0.0
1790153039,8,,Aggregated,0.900000,0.000000,0,0,0,0,0,0,0,0,0,0,0,15,0,1800,7468.735611654227,120.69522257615614,23710.930234985426,42.666666666666664
1790153040,8,POST,completion,0.300000,0.000000,0,0,0,0,0,0,0,0,0,0,0,5,0,21000,20519.92545449175,16960.227901116014,23710.930234985426,128.0
1790153040,8,TPOT,completion,0.300000,0.000000,0,0,0,0,0,0,0,0,0,0,0,5,0,150,147.88135419981043,120.69522257615614,173.9208885582208,0.0
1790153040,8,TTFT,completion,0.300000,0.000000,0,0,0,0,0,0,0,0,0,0,0,5,0,1800,1738.4000262711197,1622.394263977185,1863.7173380702734,0.0
1790153040,8,,Aggregated,0.900000,0.000000,0,0,0,0,0,0,0,0,0,0,0,15,0,1800,7468.735611654227,120.69522257615614,23710.930234985426,42.666666666666664
1790153041,8,POST,completion,0.300000,0.000000,0,0,0,0,0,0,0,0,0,0,0,5,0,21000,20519.92545449175,16960.227901116014,23710.930234985426,128.0
1790153041,8,TPOT,completion,0.300000,0.000000,0,0,0,0,0,0,0,0,0,0,0,5,0,150,147.88135419981043,120.69522257615614,173.9208885582208,0.0
1790153041,8,TTFT,completion,0.300000,0.000000,0,0,0,0,0,0,0,0,0,0,0,5,0,1800,1738.4000262711197,1622.394263977185,1863.7173380702734,0.0
1790153041,8,,Aggregated,0.900000,0.000000,0,0,0,0,0,0,0,0,0,0,0,15,0,1800,7468.735611654227,120.69522257615614,23710.930234985426,42.666666666666664
1790153042,8,POST,completion,0.300000,0.000000,0,0,0,0,0,0,0,0,0,0,0,5,0,21000,20519.92545449175,16960.227901116014,23710.930234985426,128.0
1790153042,8,TPOT,completion,0.300000,0.000000,0,0,0,0,0,0,0,0,0,0,0,5,0,150,147.88135419981043,120.69522257615614,173.9208885582208,0.0
1790153042,8,TTFT,completion,0.300000,0.000000,0,0,0,0,0,0,0,0,0,0,0,5,0,1800,1738.4000262711197,1622.394263977185,1863.7173380702734,0.0
1790153042,8,,Aggregated,0.900000,0.000000,0,0,0,0,0,0,0,0,0,0,0,15,0,1800,7468.735611654227,120.69522257615614,23710.930234985426,42.666666666666664
1790153043,8,POST,completion,0.300000,0.000000,0,0,0,0,0,0,0,0,0,0,0,5,0,21000,20519.92545449175,16960.227901116014,23710.930234985426,128.0
1790153043,8,TPOT,completion,0.300000,0.000000,0,0,0,0,0,0,0,0,0,0,0,5,0,150,147.88135419981043,120.69522257615614,173.9208885582208,0.0
1790153043,8,TTFT,completion,0.300000,0.000000,0,0,0,0,0,0,0,0,0,0,0,5,0,1800,1738.4000262711197,1622.394263977185,1863.7173380702734,0.0
1790153043,8,,Aggregated,0.900000,0.000000,0,0,0,0,0,0,0,0,0,0,0,15,0,1800,7468.735611654227,120.69522257615614,23710.930234985426,42.666666666666664
1790153044,8,POST,completion,0.000000,0.000000,33000,33000,33000,33000,33000,33000,33000,33000,33000,33000,33000,7,0,22000,23905.41999191711,16960.227901116014,32856.86666890979,128.0
1790153044,8,TPOT,completion,0.000000,0.000000,250,250,250,250,250,250,250,250,250,250,250,7,0,160,172.195391124743,120.69522257615614,245.86803440965244,0.0
1790153044,8,TTFT,completion,0.000000,0.000000,3900,3900,3900,3900,3900,3900,3900,3900,3900,3900,3900,7,0,1800,2036.0153520346753,1622.394263977185,3929.0750538930297,0.0
1790153044,8,,Aggregated,0.000000,0.000000,3900,3900,32000,32000,33000,33000,33000,33000,33000,33000,33000,21,0,1800,8704.543578358844,120.69522257615614,32856.86666890979,42.666666666666664
1790153045,8,POST,completion,0.000000,0.000000,33000,33000,33000,33000,33000,33000,33000,33000,33000,33000,33000,7,0,22000,23905.41999191711,16960.227901116014,32856.86666890979,128.0
1790153045,8,TPOT,completion,0.000000,0.000000,250,250,250,250,250,250,250,250,250,250,250,7,0,160,172.195391124743,120.69522257615614,245.86803440965244,0.0
1790153045,8,TTFT,completion,0.000000,0.000000,3900,3900,3900,3900,3900,3900,3900,3900,3900,3900,3900,7,0,1800,2036.0153520346753,1622.394263977185,3929.0750538930297,0.0
1790153045,8,,Aggregated,0.000000,0.000000,3900,3900,32000,32000,33000,33000,33000,33000,33000,33000,33000,21,0,1800,8704.543578358844,120.69522257615614,32856.86666890979,42.666666666666664
1790153046,8,POST,completion,0.200000,0.000000,32000,33000,33000,34000,34000,34000,34000,34000,34000,34000,34000,10,0,27000,25907.24563994445,16960.227901116014,33895.61773696914,128.0
1790153046,8,TPOT,completion,0.200000,0.000000,210,220,220,250,250,250,250,250,250,250,250,10,0,180,180.39707612506606,120.69522257615614,245.86803440965244,0.0
1790153046,8,TTFT,completion,0.200000,0.000000,3900,4400,4400,7500,7500,7500,7500,7500,7500,7500,7500,10,0,1900,2996.2512944359332,1622.394263977185,7459.773997077718,0.0
1790153046,8,,Aggregated,0.600000,0.000000,3900,7500,31000,32000,33000,34000,34000,34000,34000,34000,34000,30,0,1900,9694.63133683515,120.69522257615614,33895.61773696914,42.666666666666664
1790153047,8,POST,completion,0.200000,0.000000,32000,33000,33000,34000,34000,34000,34000,34000,34000,34000,34000,10,0,27000,25907.24563994445,16960.227901116014,33895.61773696914,128.0
1790153047,8,TPOT,completion,0.200000,0.000000,210,220,220,250,250,250,250,250,250,250,250,10,0,180,180.39707612506606,120.69522257615614,245.86803440965244,0.0
1790153047,8,TTFT,completion,0.200000,0.000000,3900,4400,4400,7500,7500,7500,7500,7500,7500,7500,7500,10,0,1900,2996.2512944359332,1622.394263977185,7459.773997077718,0.0
1790153047,8,,Aggregated,0.600000,0.000000,3900,7500,31000,32000,33000,34000,34000,34000,34000,34000,34000,30,0,1900,9694.63133683515,120.69522257615614,33895.61773696914,42.666666666666664
1790153048,8,POST,completion,0.400000,0.000000,32000,33000,34000,34000,36000,36000,36000,36000,36000,36000,36000,13,0,30000,27417.011382506014,16960.227901116014,36303.566328948364,128.0
1790153048,8,TPOT,completion,0.400000,0.000000,210,210,220,220,250,250,250,250,250,250,250,13,0,180,180.3190078145499,120.69522257615614,245.86803440965244,0.0
1790153048,8,TTFT,completion,0.400000,0.000000,7200,7500,8200,8200,13000,13000,13000,13000,13000,13000,13000,13,0,3900,4515.96615003207,1622.394263977185,13435.974085936323,0.0
1790153048,8,,Aggregated,1.200000,0.000000,7200,13000,31000,31000,33000,34000,36000,36000,36000,36000,36000,39,0,3900,10704.432180117545,120.69522257615614,36303.566328948364,42.666666666666664
1790153049,8,POST,completion,0.400000,0.000000,32000,33000,34000,34000,36000,36000,36000,36000,36000,36000,36000,13,0,30000,27417.011382506014,16960.227901116014,36303.566328948364,128.0
1790153049,8,TPOT,completion,0.400000,0.000000,210,210,220,220,250,250,250,250,250,250,250,13,0,180,180.3190078145499,120.69522257615614,245.86803440965244,0.0
1790153049,8,TTFT,completion,0.400000,0.000000,7200,7500,8200,8200,13000,13000,13000,13000,13000,13000,13000,13,0,3900,4515.96615003207,1622.394263977185,13435.974085936323,0.0
1790153049,8,,Aggregated,1.200000,0.000000,7200,13000,31000,31000,33000,34000,36000,36000,36000,36000,36000,39,0,3900,10704.432180117545,120.69522257615614,36303.566328948364,42.666666666666664
1790153050,8,POST,completion,0.400000,0.000000,32000,33000,34000,34000,36000,36000,36000,36000,36000,36000,36000,13,0,30000,27417.011382506014,16960.227901116014,36303.566328948364,128.0
1790153050,8,TPOT,completion,0.400000,0.000000,210,210,220,220,250,250,250,250,250,250,250,13,0,180,180.3190078145499,120.69522257615614,245.86803440965244,0.0
1790153050,8,TTFT,completion,0.400000,0.000000,7200,7500,8200,8200,13000,13000,13000,13000,13000,13000,13000,13,0,3900,4515.96615003207,1622.394263977185,13435.974085936323,0.0
1790153050,8,,Aggregated,1.200000,0.000000,7200,13000,31000,31000,33000,34000,36000,36000,36000,36000,36000,39,0,3900,10704.432180117545,120.69522257615614,36303.566328948364,42.666666666666664
1790153051,8,POST,completion,0.400000,0.000000,32000,33000,34000,34000,36000,36000,36000,36000,36000,36000,36000,13,0,30000,27417.011382506014,16960.227901116014,36303.566328948364,128.0
1790153051,8,TPOT,completion,0.400000,0.000000,210,210,220,220,250,250,250,250,250,250,250,13,0,180,180.3190078145499,120.69522257615614,245.86803440965244,0.0
1790153051,8,TTFT,completion,0.400000,0.000000,7200,7500,8200,8200,13000,13000,13000,13000,13000,13000,13000,13,0,3900,4515.96615003207,1622.394263977185,13435.974085936323,0.0
1790153051,8,,Aggregated,1.200000,0.000000,7200,13000,31000,31000,33000,34000,36000,36000,36000,36000,36000,39,0,3900,10704.432180117545,120.69522257615614,36303.566328948364,42.666666666666664
1790153052,8,POST,completion,0.400000,0.000000,32000,33000,34000,34000,36000,36000,36000,36000,36000,36000,36000,13,0,30000,27417.011382506014,16960.227901116014,36303.566328948364,128.0
1790153052,8,TPOT,completion,0.400000,0.000000,210,210,220,220,250,250,250,250,250,250,250,13,0,180,180.3190078145499,120.69522257615614,245.86803440965244,0.0
1790153052,8,TTFT,completion,0.400000,0.000000,7200,7500,8200,8200,13000,13000,13000,13000,13000,13000,13000,13,0,3900,4515.96615003207,1622.394263977185,13435.974085936323,0.0
1790153052,8,,Aggregated,1.200000,0.000000,7200,13000,31000,31000,33000,34000,36000,36000,36000,36000,36000,39,0,3900,10704.432180117545,120.69522257615614,36303.566328948364,42.666666666666664
1790153053,8,POST,completion,0.400000,0.000000,32000,33000,34000,34000,36000,36000,36000,36000,36000,36000,36000,13,0,30000,27417.011382506014,16960.227901116014,36303.566328948364,128.0
1790153053,8,TPOT,completion,0.400000,0.000000,210,210,220,220,250,250,250,250,250,250,250,13,0,180,180.3190078145499,120.69522257615614,245.86803440965244,0.0
1790153053,8,TTFT,completion,0.400000,0.000000,7200,7500,8200,8200,13000,13000,13000,13000,13000,13000,13000,13,0,3900,4515.96615003207,1622.394263977185,13435.974085936323,0.0
1790153053,8,,Aggregated,1.200000,0.000000,7200,13000,31000,31000,33000,34000,36000,36000,36000,36000,36000,39,0,3900,10704.432180117545,120.69522257615614,36303.566328948364,42.666666666666664
1790153054,8,POST,completion,0.400000,0.000000,31000,31000,34000,34000,36000,36000,36000,36000,36000,36000,36000,13,0,30000,27417.011382506014,16960.227901116014,36303.566328948364,128.0
1790153054,8,TPOT,completion,0.400000,0.000000,180,180,210,210,210,210,210,210,210,210,210,13,0,180,180.3190078145499,120.69522257615614,245.86803440965244,0.0
1790153054,8,TTFT,completion,0.400000,0.000000,7500,7500,8200,8200,13000,13000,13000,13000,13000,13000,13000,13,0,3900,4515.96615003207,1622.394263977185,13435.974085936323,0.0
1790153054,8,,Aggregated,1.200000,0.000000,7500,13000,30000,31000,34000,36000,36000,36000,36000,36000,36000,39,0,3900,10704.432180117545,120.69522257615614,36303.566328948364,42.666666666666664
1790153055,8,POST,completion,0.400000,0.000000,31000,31000,36000,36000,36000,36000,36000,36000,36000,36000,36000,13,0,30000,27417.011382506014,16960.227901116014,36303.566328948364,128.0
1790153055,8,TPOT,completion,0.400000,0.000000,180,180,180,180,180,180,180,180,180,180,180,13,0,180,180.3190078145499,120.69522257615614,245.86803440965244,0.0
1790153055,8,TTFT,completion,0.400000,0.000000,8200,8200,13000,13000,13000,13000,13000,13000,13000,13000,13000,13,0,3900,4515.96615003207,1622.394263977185,13435.974085936323,0.0
1790153055,8,,Aggregated,1.200000,0.000000,8200,13000,30000,30000,31000,36000,36000,36000,36000,36000,36000,39,0,3900,10704.432180117545,120.69522257615614,36303.566328948364,42.666666666666664
1790153056,8,POST,completion,0.400000,0.000000,31000,31000,36000,36000,36000,36000,36000,36000,36000,36000,36000,13,0,30000,27417.011382506014,16960.227901116014,36303.566328948364,128.0
1790153056,8,TPOT,completion,0.400000,0.000000,180,180,180,180,180,180,180,180,180,180,180,13,0,180,180.3190078145499,120.69522257615614,245.86803440965244,0.0
1790153056,8,TTFT,completion,0.400000,0.000000,8200,8200,13000,13000,13000,13000,13000,13000,13000,13000,13000,13,0,3900,4515.96615003207,1622.394263977185,13435.974085936323,0.0
1790153056,8,,Aggregated,1.200000,0.000000,8200,13000,30000,30000,31000,36000,36000,36000,36000,36000,36000,39,0,3900,10704.432180117545,120.69522257615614,36303.566328948364,42.666666666666664
1790153057,8,POST,completion,0.400000,0.000000,31000,31000,36000,36000,36000,36000,36000,36000,36000,36000,36000,13,0,30000,27417.011382506014,16960.227901116014,36303.566328948364,128.0
1790153057,8,TPOT,completion,0.400000,0.000000,180,180,180,180,180,180,180,180,180,180,180,13,0,180,180.3190078145499,120.69522257615614,245.86803440965244,0.0
1790153057,8,TTFT,completion,0.400000,0.000000,8200,8200,13000,13000,13000,13000,13000,13000,13000,13000,13000,13,0,3900,4515.96615003207,1622.394263977185,13435.974085936323,0.0
1790153057,8,,Aggregated,1.200000,0.000000,8200,13000,30000,31000,36000,36000,36000,36000,36000,36000,36000,39,0,3900,10704.432180117545,120.69522257615614,36303.566328948364,42.666666666666664
1790153058,8,POST,completion,0.400000,0.000000,31000,31000,36000,36000,36000,36000,36000,36000,36000,36000,36000,13,0,30000,27417.011382506014,16960.227901116014,36303.566328948364,128.0
1790153058,8,TPOT,completion,0.400000,0.000000,180,180,180,180,180,180,180,180,180,180,180,13,0,180,180.3190078145499,120.69522257615614,245.86803440965244,0.0
1790153058,8,TTFT,completion,0.400000,0.000000,8200,8200,13000,13000,13000,13000,13000,13000,13000,13000,13000,13,0,3900,4515.96615003207,1622.394263977185,13435.974085936323,0.0
1790153058,8,,Aggregated,1.200000,0.000000,8200,13000,30000,31000,36000,36000,36000,36000,36000,36000,36000,39,0,3900,10704.432180117545,120.69522257615614,36303.566328948364,42.666666666666664
1790153059,8,POST,completion,0.400000,0.000000,31000,31000,36000,36000,36000,36000,36000,36000,36000,36000,36000,13,0,30000,27417.011382506014,16960.227901116014,36303.566328948364,128.0
1790153059,8,TPOT,completion,0.400000,0.000000,180,180,180,180,180,180,180,180,180,180,180,13,0,180,180.3190078145499,120.69522257615614,245.86803440965244,0.0
1790153059,8,TTFT,completion,0.400000,0.000000,8200,8200,13000,13000,13000,13000,13000,13000,13000,13000,13000,13,0,3900,4515.96615003207,1622.394263977185,13435.974085936323,0.0
1790153059,8,,Aggregated,1.200000,0.000000,8200,13000,30000,31000,36000,36000,36000,36000,36000,36000,36000,39,0,3900,10704.432180117545,120.69522257615614,36303.566328948364,42.666666666666664
1790153060,8,POST,completion,0.400000,0.000000,31000,31000,36000,36000,36000,36000,36000,36000,36000,36000,36000,13,0,30000,27417.011382506014,16960.227901116014,36303.566328948364,128.0
1790153060,8,TPOT,completion,0.400000,0.000000,180,180,180,180,180,180,180,180,180,180,180,13,0,180,180.3190078145499,120.69522257615614,245.86803440965244,0.0
1790153060,8,TTFT,completion,0.400000,0.000000,8200,8200,13000,13000,13000,13000,13000,13000,13000,13000,13000,13,0,3900,4515.96615003207,1622.394263977185,13435.974085936323,0.0
1790153060,8,,Aggregated,1.200000,0.000000,8200,13000,30000,31000,36000,36000,36000,36000,36000,36000,36000,39,0,3900,10704.432180117545,120.69522257615614,36303.566328948364,42.666666666666664
1790153061,8,POST,completion,0.400000,0.000000,31000,31000,36000,36000,36000,36000,36000,36000,36000,36000,36000,13,0,30000,27417.011382506014,16960.227901116014,36303.566328948364,128.0
1790153061,8,TPOT,completion,0.400000,0.000000,180,180,180,180,180,180,180,180,180,180,180,13,0,180,180.3190078145499,120.69522257615614,245.86803440965244,0.0
1790153061,8,TTFT,completion,0.400000,0.000000,8200,8200,13000,13000,13000,13000,13000,13000,13000,13000,13000,13,0,3900,4515.96615003207,1622.394263977185,13435.974085936323,0.0
1790153061,8,,Aggregated,1.200000,0.000000,8200,13000,30000,31000,36000,36000,36000,36000,36000,36000,36000,39,0,3900,10704.432180117545,120.69522257615614,36303.566328948364,42.666666666666664
1790153062,8,POST,completion,0.400000,0.000000,31000,31000,36000,36000,36000,36000,36000,36000,36000,36000,36000,13,0,30000,27417.011382506014,16960.227901116014,36303.566328948364,128.0
1790153062,8,TPOT,completion,0.400000,0.000000,180,180,180,180,180,180,180,180,180,180,180,13,0,180,180.3190078145499,120.69522257615614,245.86803440965244,0.0
1790153062,8,TTFT,completion,0.400000,0.000000,8200,8200,13000,13000,13000,13000,13000,13000,13000,13000,13000,13,0,3900,4515.96615003207,1622.394263977185,13435.974085936323,0.0
1790153062,8,,Aggregated,1.200000,0.000000,8200,13000,30000,31000,36000,36000,36000,36000,36000,36000,36000,39,0,3900,10704.432180117545,120.69522257615614,36303.566328948364,42.666666666666664
1790153063,8,POST,completion,0.400000,0.000000,31000,31000,36000,36000,36000,36000,36000,36000,36000,36000,36000,13,0,30000,27417.011382506014,16960.227901116014,36303.566328948364,128.0
1790153063,8,TPOT,completion,0.400000,0.000000,180,180,180,180,180,180,180,180,180,180,180,13,0,180,180.3190078145499,120.69522257615614,245.86803440965244,0.0
1790153063,8,TTFT,completion,0.400000,0.000000,8200,8200,13000,13000,13000,13000,13000,13000,13000,13000,13000,13,0,3900,4515.96615003207,1622.394263977185,13435.974085936323,0.0
1790153063,8,,Aggregated,1.200000,0.000000,8200,13000,30000,31000,36000,36000,36000,36000,36000,36000,36000,39,0,3900,10704.432180117545,120.69522257615614,36303.566328948364,42.666666666666664
1790153064,8,POST,completion,0.400000,0.000000,31000,31000,36000,36000,36000,36000,36000,36000,36000,36000,36000,13,0,30000,27417.011382506014,16960.227901116014,36303.566328948364,128.0
1790153064,8,TPOT,completion,0.400000,0.000000,180,180,180,180,180,180,180,180,180,180,180,13,0,180,180.3190078145499,120.69522257615614,245.86803440965244,0.0
1790153064,8,TTFT,completion,0.400000,0.000000,8200,8200,13000,13000,13000,13000,13000,13000,13000,13000,13000,13,0,3900,4515.96615003207,1622.394263977185,13435.974085936323,0.0
1790153064,8,,Aggregated,1.200000,0.000000,8200,13000,30000,31000,36000,36000,36000,36000,36000,36000,36000,39,0,3900,10704.432180117545,120.69522257615614,36303.566328948364,42.666666666666664
1790153065,8,POST,completion,0.400000,0.000000,31000,31000,36000,36000,36000,36000,36000,36000,36000,36000,36000,13,0,30000,27417.011382506014,16960.227901116014,36303.566328948364,128.0
1790153065,8,TPOT,completion,0.400000,0.000000,180,180,180,180,180,180,180,180,180,180,180,13,0,180,180.3190078145499,120.69522257615614,245.86803440965244,0.0
1790153065,8,TTFT,completion,0.400000,0.000000,8200,8200,13000,13000,13000,13000,13000,13000,13000,13000,13000,13,0,3900,4515.96615003207,1622.394263977185,13435.974085936323,0.0
1790153065,8,,Aggregated,1.200000,0.000000,8200,13000,30000,31000,36000,36000,36000,36000,36000,36000,36000,39,0,3900,10704.432180117545,120.69522257615614,36303.566328948364,42.666666666666664
1790153066,8,POST,completion,0.400000,0.000000,0,0,0,0,0,0,0,0,0,0,0,13,0,30000,27417.011382506014,16960.227901116014,36303.566328948364,128.0
1790153066,8,TPOT,completion,0.400000,0.000000,0,0,0,0,0,0,0,0,0,0,0,13,0,180,180.3190078145499,120.69522257615614,245.86803440965244,0.0
1790153066,8,TTFT,completion,0.400000,0.000000,0,0,0,0,0,0,0,0,0,0,0,13,0,3900,4515.96615003207,1622.394263977185,13435.974085936323,0.0
1790153066,8,,Aggregated,1.200000,0.000000,0,0,0,0,0,0,0,0,0,0,0,39,0,3900,10704.432180117545,120.69522257615614,36303.566328948364,42.666666666666664
1790153067,8,POST,completion,0.400000,0.000000,0,0,0,0,0,0,0,0,0,0,0,13,0,30000,27417.011382506014,16960.227901116014,36303.566328948364,128.0
1790153067,8,TPOT,completion,0.400000,0.000000,0,0,0,0,0,0,0,0,0,0,0,13,0,180,180.3190078145499,120.69522257615614,245.86803440965244,0.0
1790153067,8,TTFT,completion,0.400000,0.000000,0,0,0,0,0,0,0,0,0,0,0,13,0,3900,4515.96615003207,1622.394263977185,13435.974085936323,0.0
1790153067,8,,Aggregated,1.200000,0.000000,0,0,0,0,0,0,0,0,0,0,0,39,0,3900,10704.432180117545,120.69522257615614,36303.566328948364,42.666666666666664
1790153068,8,POST,completion,0.400000,0.000000,0,0,0,0,0,0,0,0,0,0,0,13,0,30000,27417.011382506014,16960.227901116014,36303.566328948364,128.0
1790153068,8,TPOT,completion,0.400000,0.000000,0,0,0,0,0,0,0,0,0,0,0,13,0,180,180.3190078145499,120.69522257615614,245.86803440965244,0.0
1790153068,8,TTFT,completion,0.400000,0.000000,0,0,0,0,0,0,0,0,0,0,0,13,0,3900,4515.96615003207,1622.394263977185,13435.974085936323,0.0
1790153068,8,,Aggregated,1.200000,0.000000,0,0,0,0,0,0,0,0,0,0,0,39,0,3900,10704.432180117545,120.69522257615614,36303.566328948364,42.666666666666664
1790153069,8,POST,completion,0.400000,0.000000,0,0,0,0,0,0,0,0,0,0,0,13,0,30000,27417.011382506014,16960.227901116014,36303.566328948364,128.0
1790153069,8,TPOT,completion,0.400000,0.000000,0,0,0,0,0,0,0,0,0,0,0,13,0,180,180.3190078145499,120.69522257615614,245.86803440965244,0.0
1790153069,8,TTFT,completion,0.400000,0.000000,0,0,0,0,0,0,0,0,0,0,0,13,0,3900,4515.96615003207,1622.394263977185,13435.974085936323,0.0
1790153069,8,,Aggregated,1.200000,0.000000,0,0,0,0,0,0,0,0,0,0,0,39,0,3900,10704.432180117545,120.69522257615614,36303.566328948364,42.666666666666664
1790153070,8,POST,completion,0.400000,0.000000,0,0,0,0,0,0,0,0,0,0,0,13,0,30000,27417.011382506014,16960.227901116014,36303.566328948364,128.0
1790153070,8,TPOT,completion,0.400000,0.000000,0,0,0,0,0,0,0,0,0,0,0,13,0,180,180.3190078145499,120.69522257615614,245.86803440965244,0.0
1790153070,8,TTFT,completion,0.400000,0.000000,0,0,0,0,0,0,0,0,0,0,0,13,0,3900,4515.96615003207,1622.394263977185,13435.974085936323,0.0
1790153070,8,,Aggregated,1.200000,0.000000,0,0,0,0,0,0,0,0,0,0,0,39,0,3900,10704.432180117545,120.69522257615614,36303.566328948364,42.666666666666664
1790153071,8,POST,completion,0.400000,0.000000,0,0,0,0,0,0,0,0,0,0,0,13,0,30000,27417.011382506014,16960.227901116014,36303.566328948364,128.0
1790153071,8,TPOT,completion,0.400000,0.000000,0,0,0,0,0,0,0,0,0,0,0,13,0,180,180.3190078145499,120.69522257615614,245.86803440965244,0.0
1790153071,8,TTFT,completion,0.400000,0.000000,0,0,0,0,0,0,0,0,0,0,0,13,0,3900,4515.96615003207,1622.394263977185,13435.974085936323,0.0
1790153071,8,,Aggregated,1.200000,0.000000,0,0,0,0,0,0,0,0,0,0,0,39,0,3900,10704.432180117545,120.69522257615614,36303.566328948364,42.666666666666664
1790153072,8,POST,completion,0.400000,0.000000,0,0,0,0,0,0,0,0,0,0,0,13,0,30000,27417.011382506014,16960.227901116014,36303.566328948364,128.0
1790153072,8,TPOT,completion,0.400000,0.000000,0,0,0,0,0,0,0,0,0,0,0,13,0,180,180.3190078145499,120.69522257615614,245.86803440965244,0.0
1790153072,8,TTFT,completion,0.400000,0.000000,0,0,0,0,0,0,0,0,0,0,0,13,0,3900,4515.96615003207,1622.394263977185,13435.974085936323,0.0
1790153072,8,,Aggregated,1.200000,0.000000,0,0,0,0,0,0,0,0,0,0,0,39,0,3900,10704.432180117545,120.69522257615614,36303.566328948364,42.666666666666664
1790153073,8,POST,completion,0.400000,0.000000,0,0,0,0,0,0,0,0,0,0,0,13,0,30000,27417.011382506014,16960.227901116014,36303.566328948364,128.0
1790153073,8,TPOT,completion,0.400000,0.000000,0,0,0,0,0,0,0,0,0,0,0,13,0,180,180.3190078145499,120.69522257615614,245.86803440965244,0.0
1790153073,8,TTFT,completion,0.400000,0.000000,0,0,0,0,0,0,0,0,0,0,0,13,0,3900,4515.96615003207,1622.394263977185,13435.974085936323,0.0
1790153073,8,,Aggregated,1.200000,0.000000,0,0,0,0,0,0,0,0,0,0,0,39,0,3900,10704.432180117545,120.69522257615614,36303.566328948364,42.666666666666664
1790153074,8,POST,completion,0.400000,0.000000,0,0,0,0,0,0,0,0,0,0,0,13,0,30000,27417.011382506014,16960.227901116014,36303.566328948364,128.0
1790153074,8,TPOT,completion,0.400000,0.000000,0,0,0,0,0,0,0,0,0,0,0,13,0,180,180.3190078145499,120.69522257615614,245.86803440965244,0.0
1790153074,8,TTFT,completion,0.400000,0.000000,0,0,0,0,0,0,0,0,0,0,0,13,0,3900,4515.96615003207,1622.394263977185,13435.974085936323,0.0
1790153074,8,,Aggregated,1.200000,0.000000,0,0,0,0,0,0,0,0,0,0,0,39,0,3900,10704.432180117545,120.69522257615614,36303.566328948364,42.666666666666664
1790153075,8,POST,completion,0.400000,0.000000,0,0,0,0,0,0,0,0,0,0,0,13,0,30000,27417.011382506014,16960.227901116014,36303.566328948364,128.0
1790153075,8,TPOT,completion,0.400000,0.000000,0,0,0,0,0,0,0,0,0,0,0,13,0,180,180.3190078145499,120.69522257615614,245.86803440965244,0.0
1790153075,8,TTFT,completion,0.400000,0.000000,0,0,0,0,0,0,0,0,0,0,0,13,0,3900,4515.96615003207,1622.394263977185,13435.974085936323,0.0
1790153075,8,,Aggregated,1.200000,0.000000,0,0,0,0,0,0,0,0,0,0,0,39,0,3900,10704.432180117545,120.69522257615614,36303.566328948364,42.666666666666664
1790153076,8,POST,completion,0.400000,0.000000,0,0,0,0,0,0,0,0,0,0,0,13,0,30000,27417.011382506014,16960.227901116014,36303.566328948364,128.0
1790153076,8,TPOT,completion,0.400000,0.000000,0,0,0,0,0,0,0,0,0,0,0,13,0,180,180.3190078145499,120.69522257615614,245.86803440965244,0.0
1790153076,8,TTFT,completion,0.400000,0.000000,0,0,0,0,0,0,0,0,0,0,0,13,0,3900,4515.96615003207,1622.394263977185,13435.974085936323,0.0
1790153076,8,,Aggregated,1.200000,0.000000,0,0,0,0,0,0,0,0,0,0,0,39,0,3900,10704.432180117545,120.69522257615614,36303.566328948364,42.666666666666664
1790153077,8,POST,completion,0.000000,0.000000,0,0,0,0,0,0,0,0,0,0,0,14,0,30000,25602.740140398964,2017.2139930073172,36303.566328948364,118.85714285714286
1790153077,8,TPOT,completion,0.000000,0.000000,0,0,0,0,0,0,0,0,0,0,0,13,0,180,180.3190078145499,120.69522257615614,245.86803440965244,0.0
1790153077,8,TTFT,completion,0.000000,0.000000,0,0,0,0,0,0,0,0,0,0,0,14,0,3900,4337.48385310173,1622.394263977185,13435.974085936323,0.0
1790153077,8,,Aggregated,0.000000,0.000000,0,0,0,0,0,0,0,0,0,0,0,41,0,2000,10280.6654392829,120.69522257615614,36303.566328948364,40.58536585365854
1790153078,8,POST,completion,0.000000,0.000000,2000,2000,2000,2000,2000,2000,2000,2000,2000,2000,2000,14,0,30000,25602.740140398964,2017.2139930073172,36303.566328948364,118.85714285714286
1790153078,8,TPOT,completion,0.000000,0.000000,0,0,0,0,0,0,0,0,0,0,0,13,0,180,180.3190078145499,120.69522257615614,245.86803440965244,0.0
1790153078,8,TTFT,completion,0.000000,0.000000,2000,2000,2000,2000,2000,2000,2000,2000,2000,2000,2000,14,0,3900,4337.48385310173,1622.394263977185,13435.974085936323,0.0
1790153078,8,,Aggregated,0.000000,0.000000,2000,2000,2000,2000,2000,2000,2000,2000,2000,2000,2000,41,0,2000,10280.6654392829,120.69522257615614,36303.566328948364,40.58536585365854
1790153079,8,POST,completion,0.000000,0.000000,2000,2000,2000,2000,2000,2000,2000,2000,2000,2000,2000,14,0,30000,25602.740140398964,2017.2139930073172,36303.566328948364,118.85714285714286
1790153079,8,TPOT,completion,0.000000,0.000000,0,0,0,0,0,0,0,0,0,0,0,13,0,180,180.3190078145499,120.69522257615614,245.86803440965244,0.0
1790153079,8,TTFT,completion,0.000000,0.000000,2000,2000,2000,2000,2000,2000,2000,2000,2000,2000,2000,14,0,3900,4337.48385310173,1622.394263977185,13435.974085936323,0.0
1790153079,8,,Aggregated,0.000000,0.000000,2000,2000,2000,2000,2000,2000,2000,2000,2000,2000,2000,41,0,2000,10280.6654392829,120.69522257615614,36303.566328948364,40.58536585365854
1790153080,8,POST,completion,0.000000,0.000000,2000,2000,2000,2000,2000,2000,2000,2000,2000,2000,2000,14,0,30000,25602.740140398964,2017.2139930073172,36303.566328948364,118.85714285714286
1790153080,8,TPOT,completion,0.000000,0.000000,0,0,0,0,0,0,0,0,0,0,0,13,0,180,180.3190078145499,120.69522257615614,245.86803440965244,0.0
1790153080,8,TTFT,completion,0.000000,0.000000,2000,2000,2000,2000,2000,2000,2000,2000,2000,2000,2000,14,0,3900,4337.48385310173,1622.394263977185,13435.974085936323,0.0
1790153080,8,,Aggregated,0.000000,0.000000,2000,2000,2000,2000,2000,2000,2000,2000,2000,2000,2000,41,0,2000,10280.6654392829,120.69522257615614,36303.566328948364,40.58536585365854
1790153081,8,POST,completion,0.000000,0.000000,2000,2000,2000,2000,2000,2000,2000,2000,2000,2000,2000,14,0,30000,25602.740140398964,2017.2139930073172,36303.566328948364,118.85714285714286
1790153081,8,TPOT,completion,0.000000,0.000000,0,0,0,0,0,0,0,0,0,0,0,13,0,180,180.3190078145499,120.69522257615614,245.86803440965244,0.0
1790153081,8,TTFT,completion,0.000000,0.000000,2000,2000,2000,2000,2000,2000,2000,2000,2000,2000,2000,14,0,3900,4337.48385310173,1622.394263977185,13435.974085936323,0.0
1790153081,8,,Aggregated,0.000000,0.000000,2000,2000,2000,2000,2000,2000,2000,2000,2000,2000,2000,41,0,2000,10280.6654392829,120.69522257615614,36303.566328948364,40.58536585365854
1790153082,8,POST,completion,0.000000,0.000000,2000,2000,2000,2000,2000,2000,2000,2000,2000,2000,2000,14,0,30000,25602.740140398964,2017.2139930073172,36303.566328948364,118.85714285714286
1790153082,8,TPOT,completion,0.000000,0.000000,0,0,0,0,0,0,0,0,0,0,0,13,0,180,180.3190078145499,120.69522257615614,245.86803440965244,0.0
1790153082,8,TTFT,completion,0.000000,0.000000,2000,2000,2000,2000,2000,2000,2000,2000,2000,2000,2000,14,0,3900,4337.48385310173,1622.394263977185,13435.974085936323,0.0
1790153082,8,,Aggregated,0.000000,0.000000,2000,2000,2000,2000,2000,2000,2000,2000,2000,2000,2000,41,0,2000,10280.6654392829,120.69522257615614,36303.566328948364,40.58536585365854
1790153083,8,POST,completion,0.000000,0.000000,2000,2000,2000,2000,2000,2000,2000,2000,2000,2000,2000,14,0,30000,25602.740140398964,2017.2139930073172,36303.566328948364,118.85714285714286
1790153083,8,TPOT,completion,0.000000,0.000000,0,0,0,0,0,0,0,0,0,0,0,13,0,180,180.3190078145499,120.69522257615614,245.86803440965244,0.0
1790153083,8,TTFT,completion,0.000000,0.000000,2000,2000,2000,2000,2000,2000,2000,2000,2000,2000,2000,14,0,3900,4337.48385310173,1622.394263977185,13435.974085936323,0.0
1790153083,8,,Aggregated,0.000000,0.000000,2000,2000,2000,2000,2000,2000,2000,2000,2000,2000,2000,41,0,2000,10280.6654392829,120.69522257615614,36303.566328948364,40.58536585365854
1790153084,8,POST,completion,0.000000,0.000000,2000,2000,2000,2000,2000,2000,2000,2000,2000,2000,2000,14,0,30000,25602.740140398964,2017.2139930073172,36303.566328948364,118.85714285714286
1790153084,8,TPOT,completion,0.000000,0.000000,0,0,0,0,0,0,0,0,0,0,0,13,0,180,180.3190078145499,120.69522257615614,245.86803440965244,0.0
1790153084,8,TTFT,completion,0.000000,0.000000,2000,2000,2000,2000,2000,2000,2000,2000,2000,2000,2000,14,0,3900,4337.48385310173,1622.394263977185,13435.974085936323,0.0
1790153084,8,,Aggregated,0.000000,0.000000,2000,2000,2000,2000,2000,2000,2000,2000,2000,2000,2000,41,0,2000,10280.6654392829,120.69522257615614,36303.566328948364,40.58536585365854
1790153085,8,POST,completion,0.000000,0.000000,2000,2000,2000,2000,2000,2000,2000,2000,2000,2000,2000,14,0,30000,25602.740140398964,2017.2139930073172,36303.566328948364,118.85714285714286
1790153085,8,TPOT,completion,0.000000,0.000000,0,0,0,0,0,0,0,0,0,0,0,13,0,180,180.3190078145499,120.69522257615614,245.86803440965244,0.0
1790153085,8,TTFT,completion,0.000000,0.000000,2000,2000,2000,2000,2000,2000,2000,2000,2000,2000,2000,14,0,3900,4337.48385310173,1622.394263977185,13435.974085936323,0.0
1790153085,8,,Aggregated,0.000000,0.000000,2000,2000,2000,2000,2000,2000,2000,2000,2000,2000,2000,41,0,2000,10280.6654392829,120.69522257615614,36303.566328948364,40.58536585365854
1790153086,8,POST,completion,0.000000,0.000000,2000,2000,2000,2000,2000,2000,2000,2000,2000,2000,2000,14,0,30000,25602.740140398964,2017.2139930073172,36303.566328948364,118.85714285714286
1790153086,8,TPOT,completion,0.000000,0.000000,0,0,0,0,0,0,0,0,0,0,0,13,0,180,180.3190078145499,120.69522257615614,245.86803440965244,0.0
1790153086,8,TTFT,completion,0.000000,0.000000,2000,2000,2000,2000,2000,2000,2000,2000,2000,2000,2000,14,0,3900,4337.48385310173,1622.394263977185,13435.974085936323,0.0
1790153086,8,,Aggregated,0.000000,0.000000,2000,2000,2000,2000,2000,2000,2000,2000,2000,2000,2000,41,0,2000,10280.6654392829,120.69522257615614,36303.566328948364,40.58536585365854
1790153087,8,POST,completion,0.000000,0.000000,2000,2000,2000,2000,2000,2000,2000,2000,2000,2000,2000,14,0,30000,25602.740140398964,2017.2139930073172,36303.566328948364,118.85714285714286
1790153087,8,TPOT,completion,0.000000,0.000000,0,0,0,0,0,0,0,0,0,0,0,13,0,180,180.3190078145499,120.69522257615614,245.86803440965244,0.0
1790153087,8,TTFT,completion,0.000000,0.000000,2000,2000,2000,2000,2000,2000,2000,2000,2000,2000,2000,14,0,3900,4337.48385310173,1622.394263977185,13435.974085936323,0.0
1790153087,8,,Aggregated,0.000000,0.000000,2000,2000,2000,2000,2000,2000,2000,2000,2000,2000,2000,41,0,2000,10280.6654392829,120.69522257615614,36303.566328948364,40.58536585365854
1790153088,8,POST,completion,0.000000,0.000000,2000,2000,2000,2000,2000,2000,2000,2000,2000,2000,2000,14,0,30000,25602.740140398964,2017.2139930073172,36303.566328948364,118.85714285714286
1790153088,8,TPOT,completion,0.000000,0.000000,0,0,0,0,0,0,0,0,0,0,0,13,0,180,180.3190078145499,120.69522257615614,245.86803440965244,0.0
1790153088,8,TTFT,completion,0.000000,0.000000,2000,2000,2000,2000,2000,2000,2000,2000,2000,2000,2000,14,0,3900,4337.48385310173,1622.394263977185,13435.974085936323,0.0
1790153088,8,,Aggregated,0.000000,0.000000,2000,2000,2000,2000,2000,2000,2000,2000,2000,2000,2000,41,0,2000,10280.6654392829,120.69522257615614,36303.566328948364,40.58536585365854
1790153089,8,POST,completion,0.000000,0.000000,2000,2000,2000,2000,2000,2000,2000,2000,2000,2000,2000,14,0,30000,25602.740140398964,2017.2139930073172,36303.566328948364,118.85714285714286
1790153089,8,TPOT,completion,0.000000,0.000000,0,0,0,0,0,0,0,0,0,0,0,13,0,180,180.3190078145499,120.69522257615614,245.86803440965244,0.0
1790153089,8,TTFT,completion,0.000000,0.000000,2000,2000,2000,2000,2000,2000,2000,2000,2000,2000,2000,14,0,3900,4337.48385310173,1622.394263977185,13435.974085936323,0.0
1790153089,8,,Aggregated,0.000000,0.000000,2000,2000,2000,2000,2000,2000,2000,2000,2000,2000,2000,41,0,2000,10280.6654392829,120.69522257615614,36303.566328948364,40.58536585365854
1790153090,8,POST,completion,0.000000,0.000000,2000,2000,2000,2000,2000,2000,2000,2000,2000,2000,2000,14,0,30000,25602.740140398964,2017.2139930073172,36303.566328948364,118.85714285714286
1790153090,8,TPOT,completion,0.000000,0.000000,0,0,0,0,0,0,0,0,0,0,0,13,0,180,180.3190078145499,120.69522257615614,245.86803440965244,0.0
1790153090,8,TTFT,completion,0.000000,0.000000,2000,2000,2000,2000,2000,2000,2000,2000,2000,2000,2000,14,0,3900,4337.48385310173,1622.394263977185,13435.974085936323,0.0
1790153090,8,,Aggregated,0.000000,0.000000,2000,2000,2000,2000,2000,2000,2000,2000,2000,2000,2000,41,0,2000,10280.6654392829,120.69522257615614,36303.566328948364,40.58536585365854
1790153091,8,POST,completion,0.000000,0.000000,2000,2000,2000,2000,2000,2000,2000,2000,2000,2000,2000,14,0,30000,25602.740140398964,2017.2139930073172,36303.566328948364,118.85714285714286
1790153091,8,TPOT,completion,0.000000,0.000000,0,0,0,0,0,0,0,0,0,0,0,13,0,180,180.3190078145499,120.69522257615614,245.86803440965244,0.0
1790153091,8,TTFT,completion,0.000000,0.000000,2000,2000,2000,2000,2000,2000,2000,2000,2000,2000,2000,14,0,3900,4337.48385310173,1622.394263977185,13435.974085936323,0.0
1790153091,8,,Aggregated,0.000000,0.000000,2000,2000,2000,2000,2000,2000,2000,2000,2000,2000,2000,41,0,2000,10280.6654392829,120.69522257615614,36303.566328948364,40.58536585365854
1790153092,8,POST,completion,0.000000,0.000000,2000,2000,2000,2000,2000,2000,2000,2000,2000,2000,2000,14,0,30000,25602.740140398964,2017.2139930073172,36303.566328948364,118.85714285714286
1790153092,8,TPOT,completion,0.000000,0.000000,0,0,0,0,0,0,0,0,0,0,0,13,0,180,180.3190078145499,120.69522257615614,245.86803440965244,0.0
1790153092,8,TTFT,completion,0.000000,0.000000,2000,2000,2000,2000,2000,2000,2000,2000,2000,2000,2000,14,0,3900,4337.48385310173,1622.394263977185,13435.974085936323,0.0
1790153092,8,,Aggregated,0.000000,0.000000,2000,2000,2000,2000,2000,2000,2000,2000,2000,2000,2000,41,0,2000,10280.6654392829,120.69522257615614,36303.566328948364,40.58536585365854
1790153093,8,POST,completion,0.000000,0.000000,48000,48000,49000,49000,49000,49000,49000,49000,49000,49000,49000,16,0,31000,28461.873531909077,2017.2139930073172,49123.19518299773,120.0
1790153093,8,TPOT,completion,0.000000,0.000000,370,370,370,370,370,370,370,370,370,370,370,15,0,180,204.91613373637026,120.69522257615614,370.56745170050954,0.0
1790153093,8,TTFT,completion,0.000000,0.000000,2100,2100,2200,2200,2200,2200,2200,2200,2200,2200,2200,16,0,2200,4063.5339774598833,1622.394263977185,13435.974085936323,0.0
1790153093,8,,Aggregated,0.000000,0.000000,2100,2200,48000,48000,49000,49000,49000,49000,49000,49000,49000,47,0,2100,11137.87791821168,120.69522257615614,49123.19518299773,40.851063829787236
1790153094,8,POST,completion,0.000000,0.000000,48000,48000,49000,49000,49000,49000,49000,49000,49000,49000,49000,17,0,31000,29500.786941032857,2017.2139930073172,49123.19518299773,120.47058823529412
1790153094,8,TPOT,completion,0.000000,0.000000,360,360,370,370,370,370,370,370,370,370,370,16,0,180,213.8928624364322,120.69522257615614,370.56745170050954,0.0
1790153094,8,TTFT,completion,0.000000,0.000000,2100,2100,2200,2200,2200,2200,2200,2200,2200,2200,2200,17,0,2100,3933.7841933182276,1622.394263977185,13435.974085936323,0.0
1790153094,8,,Aggregated,0.000000,0.000000,2100,2200,46000,48000,49000,49000,49000,49000,49000,49000,49000,50,0,2100,11436.199901659027,120.69522257615614,49123.19518299773,40.96
1790153095,8,POST,completion,0.000000,0.000000,48000,48000,49000,49000,49000,49000,49000,49000,49000,49000,49000,17,0,31000,29500.786941032857,2017.2139930073172,49123.19518299773,120.47058823529412
1790153095,8,TPOT,completion,0.000000,0.000000,360,360,370,370,370,370,370,370,370,370,370,16,0,180,213.8928624364322,120.69522257615614,370.56745170050954,0.0
1790153095,8,TTFT,completion,0.000000,0.000000,2100,2100,2200,2200,2200,2200,2200,2200,2200,2200,2200,17,0,2100,3933.7841933182276,1622.394263977185,13435.974085936323,0.0
1790153095,8,,Aggregated,0.000000,0.000000,2100,2200,46000,48000,49000,49000,49000,49000,49000,49000,49000,50,0,2100,11436.199901659027,120.69522257615614,49123.19518299773,40.96
1790153096,8,POST,completion,0.000000,0.000000,48000,48000,49000,49000,49000,49000,49000,49000,49000,49000,49000,17,0,31000,29500.786941032857,2017.2139930073172,49123.19518299773,120.47058823529412
1790153096,8,TPOT,completion,0.000000,0.000000,360,360,370,370,370,370,370,370,370,370,370,16,0,180,213.8928624364322,120.69522257615614,370.56745170050954,0.0
1790153096,8,TTFT,completion,0.000000,0.000000,2100,2100,2200,2200,2200,2200,2200,2200,2200,2200,2200,17,0,2100,3933.7841933182276,1622.394263977185,13435.974085936323,0.0
1790153096,8,,Aggregated,0.000000,0.000000,2100,2200,46000,48000,49000,49000,49000,49000,49000,49000,49000,50,0,2100,11436.199901659027,120.69522257615614,49123.19518299773,40.96
1790153097,8,POST,completion,0.000000,0.000000,48000,48000,49000,49000,49000,49000,49000,49000,49000,49000,49000,17,0,31000,29500.786941032857,2017.2139930073172,49123.19518299773,120.47058823529412
1790153097,8,TPOT,completion,0.000000,0.000000,360,360,370,370,370,370,370,370,370,370,370,16,0,180,213.8928624364322,120.69522257615614,370.56745170050954,0.0
1790153097,8,TTFT,completion,0.000000,0.000000,2100,2100,2200,2200,2200,2200,2200,2200,2200,2200,2200,17,0,2100,3933.7841933182276,1622.394263977185,13435.974085936323,0.0
1790153097,8,,Aggregated,0.000000,0.000000,2100,2200,46000,48000,49000,49000,49000,49000,49000,49000,49000,50,0,2100,11436.199901659027,120.69522257615614,49123.19518299773,40.96
1790153098,8,POST,completion,0.000000,0.000000,48000,48000,49000,49000,49000,49000,49000,49000,49000,49000,49000,17,0,31000,29500.786941032857,2017.2139930073172,49123.19518299773,120.47058823529412
1790153098,8,TPOT,completion,0.000000,0.000000,360,360,370,370,370,370,370,370,370,370,370,16,0,180,213.8928624364322,120.69522257615614,370.56745170050954,0.0
1790153098,8,TTFT,completion,0.000000,0.000000,2100,2100,2200,2200,2200,2200,2200,2200,2200,2200,2200,17,0,2100,3933.7841933182276,1622.394263977185,13435.974085936323,0.0
1790153098,8,,Aggregated,0.000000,0.000000,2100,2200,46000,48000,49000,49000,49000,49000,49000,49000,49000,50,0,2100,11436.199901659027,120.69522257615614,49123.19518299773,40.96
1790153099,8,POST,completion,0.000000,0.000000,48000,48000,49000,49000,49000,49000,49000,49000,49000,49000,49000,17,0,31000,29500.786941032857,2017.2139930073172,49123.19518299773,120.47058823529412
1790153099,8,TPOT,completion,0.000000,0.000000,360,360,370,370,370,370,370,370,370,370,370,16,0,180,213.8928624364322,120.69522257615614,370.56745170050954,0.0
1790153099,8,TTFT,completion,0.000000,0.000000,2100,2100,2200,2200,2200,2200,2200,2200,2200,2200,2200,17,0,2100,3933.7841933182276,1622.394263977185,13435.974085936323,0.0
1790153099,8,,Aggregated,0.000000,0.000000,2100,2200,46000,48000,49000,49000,49000,49000,49000,49000,49000,50,0,2100,11436.199901659027,120.69522257615614,49123.19518299773,40.96
1790153100,8,POST,completion,0.000000,0.000000,48000,48000,49000,49000,49000,49000,49000,49000,49000,49000,49000,17,0,31000,29500.786941032857,2017.2139930073172,49123.19518299773,120.47058823529412
1790153100,8,TPOT,completion,0.000000,0.000000,360,360,370,370,370,370,370,370,370,370,370,16,0,180,213.8928624364322,120.69522257615614,370.56745170050954,0.0
1790153100,8,TTFT,completion,0.000000,0.000000,2100,2100,2200,2200,2200,2200,2200,2200,2200,2200,2200,17,0,2100,3933.7841933182276,1622.394263977185,13435.974085936323,0.0
1790153100,8,,Aggregated,0.000000,0.000000,2100,2200,46000,48000,49000,49000,49000,49000,49000,49000,49000,50,0,2100,11436.199901659027,120.69522257615614,49123.19518299773,40.96
1790153101,8,POST,completion,0.000000,0.000000,48000,48000,49000,49000,49000,49000,49000,49000,49000,49000,49000,17,0,31000,29500.786941032857,2017.2139930073172,49123.19518299773,120.47058823529412
1790153101,8,TPOT,completion,0.000000,0.000000,360,360,370,370,370,370,370,370,370,370,370,16,0,180,213.8928624364322,120.69522257615614,370.56745170050954,0.0
1790153101,8,TTFT,completion,0.000000,0.000000,2100,2100,2200,2200,2200,2200,2200,2200,2200,2200,2200,17,0,2100,3933.7841933182276,1622.394263977185,13435.974085936323,0.0
1790153101,8,,Aggregated,0.000000,0.000000,2100,2200,46000,48000,49000,49000,49000,49000,49000,49000,49000,50,0,2100,11436.199901659027,120.69522257615614,49123.19518299773,40.96
1790153102,8,POST,completion,0.000000,0.000000,48000,48000,48000,48000,48000,48000,48000,48000,48000,48000,48000,17,0,31000,29500.786941032857,2017.2139930073172,49123.19518299773,120.47058823529412
1790153102,8,TPOT,completion,0.000000,0.000000,360,360,360,360,360,360,360,360,360,360,360,16,0,180,213.8928624364322,120.69522257615614,370.56745170050954,0.0
1790153102,8,TTFT,completion,0.000000,0.000000,2200,2200,2200,2200,2200,2200,2200,2200,2200,2200,2200,17,0,2100,3933.7841933182276,1622.394263977185,13435.974085936323,0.0
1790153102,8,,Aggregated,0.000000,0.000000,2200,2200,46000,46000,48000,48000,48000,48000,48000,48000,48000,50,0,2100,11436.199901659027,120.69522257615614,49123.19518299773,40.96
1790153103,8,POST,completion,0.000000,0.000000,46000,46000,46000,46000,46000,46000,46000,46000,46000,46000,46000,17,0,31000,29500.786941032857,2017.2139930073172,49123.19518299773,120.47058823529412
1790153103,8,TPOT,completion,0.000000,0.000000,350,350,350,350,350,350,350,350,350,350,350,16,0,180,213.8928624364322,120.69522257615614,370.56745170050954,0.0
1790153103,8,TTFT,completion,0.000000,0.000000,1900,1900,1900,1900,1900,1900,1900,1900,1900,1900,1900,17,0,2100,3933.7841933182276,1622.394263977185,13435.974085936323,0.0
1790153103,8,,Aggregated,0.000000,0.000000,1900,1900,46000,46000,46000,46000,46000,46000,46000,46000,46000,50,0,2100,11436.199901659027,120.69522257615614,49123.19518299773,40.96
1790153104,8,POST,completion,0.000000,0.000000,46000,46000,46000,46000,46000,46000,46000,46000,46000,46000,46000,17,0,31000,29500.786941032857,2017.2139930073172,49123.19518299773,120.47058823529412
1790153104,8,TPOT,completion,0.000000,0.000000,350,350,350,350,350,350,350,350,350,350,350,16,0,180,213.8928624364322,120.69522257615614,370.56745170050954,0.0
1790153104,8,TTFT,completion,0.000000,0.000000,1900,1900,1900,1900,1900,1900,1900,1900,1900,1900,1900,17,0,2100,3933.7841933182276,1622.394263977185,13435.974085936323,0.0
1790153104,8,,Aggregated,0.000000,0.000000,1900,1900,46000,46000,46000,46000,46000,46000,46000,46000,46000,50,0,2100,11436.199901659027,120.69522257615614,49123.19518299773,40.96
1790153105,8,POST,completion,0.000000,0.000000,46000,46000,46000,46000,46000,46000,46000,46000,46000,46000,46000,17,0,31000,29500.786941032857,2017.2139930073172,49123.19518299773,120.47058823529412
1790153105,8,TPOT,completion,0.000000,0.000000,350,350,350,350,350,350,350,350,350,350,350,16,0,180,213.8928624364322,120.69522257615614,370.56745170050954,0.0
1790153105,8,TTFT,completion,0.000000,0.000000,1900,1900,1900,1900,1900,1900,1900,1900,1900,1900,1900,17,0,2100,3933.7841933182276,1622.394263977185,13435.974085936323,0.0
1790153105,8,,Aggregated,0.000000,0.000000,1900,1900,46000,46000,46000,46000,46000,46000,46000,46000,46000,50,0,2100,11436.199901659027,120.69522257615614,49123.19518299773,40.96
1790153106,8,POST,completion,0.000000,0.000000,46000,46000,46000,46000,46000,46000,46000,46000,46000,46000,46000,17,0,31000,29500.786941032857,2017.2139930073172,49123.19518299773,120.47058823529412
1790153106,8,TPOT,completion,0.000000,0.000000,350,350,350,350,350,350,350,350,350,350,350,16,0,180,213.8928624364322,120.69522257615614,370.56745170050954,0.0
1790153106,8,TTFT,completion,0.000000,0.000000,1900,1900,1900,1900,1900,1900,1900,1900,1900,1900,1900,17,0,2100,3933.7841933182276,1622.394263977185,13435.974085936323,0.0
1790153106,8,,Aggregated,0.000000,0.000000,1900,1900,46000,46000,46000,46000,46000,46000,46000,46000,46000,50,0,2100,11436.199901659027,120.69522257615614,49123.19518299773,40.96
1790153107,8,POST,completion,0.000000,0.000000,46000,46000,46000,46000,46000,46000,46000,46000,46000,46000,46000,18,0,31000,27978.144980967045,2017.2139930073172,49123.19518299773,113.77777777777777
1790153107,8,TPOT,completion,0.000000,0.000000,350,350,350,350,350,350,350,350,350,350,350,16,0,180,213.8928624364322,120.69522257615614,370.56745170050954,0.0
1790153107,8,TTFT,completion,0.000000,0.000000,2100,2100,2100,2100,2100,2100,2100,2100,2100,2100,2100,18,0,2100,3831.5312747921175,1622.394263977185,13435.974085936323,0.0
1790153107,8,,Aggregated,0.000000,0.000000,2100,2100,2100,46000,46000,46000,46000,46000,46000,46000,46000,52,0,2100,11076.85496928169,120.69522257615614,49123.19518299773,39.38461538461539
1790153108,8,POST,completion,0.000000,0.000000,46000,46000,46000,46000,46000,46000,46000,46000,46000,46000,46000,18,0,31000,27978.144980967045,2017.2139930073172,49123.19518299773,113.77777777777777
1790153108,8,TPOT,completion,0.000000,0.000000,350,350,350,350,350,350,350,350,350,350,350,16,0,180,213.8928624364322,120.69522257615614,370.56745170050954,0.0
1790153108,8,TTFT,completion,0.000000,0.000000,2100,2100,2100,2100,2100,2100,2100,2100,2100,2100,2100,18,0,2100,3831.5312747921175,1622.394263977185,13435.974085936323,0.0
1790153108,8,,Aggregated,0.000000,0.000000,2100,2100,2100,46000,46000,46000,46000,46000,46000,46000,46000,52,0,2100,11076.85496928169,120.69522257615614,49123.19518299773,39.38461538461539
1790153109,8,POST,completion,0.000000,0.000000,46000,46000,46000,46000,46000,46000,46000,46000,46000,46000,46000,18,0,31000,27978.144980967045,2017.2139930073172,49123.19518299773,113.77777777777777
1790153109,8,TPOT,completion,0.000000,0.000000,350,350,350,350,350,350,350,350,350,350,350,16,0,180,213.8928624364322,120.69522257615614,370.56745170050954,0.0
1790153109,8,TTFT,completion,0.000000,0.000000,2100,2100,2100,2100,2100,2100,2100,2100,2100,2100,2100,18,0,2100,3831.5312747921175,1622.394263977185,13435.974085936323,0.0
1790153109,8,,Aggregated,0.000000,0.000000,2100,2100,2100,46000,46000,46000,46000,46000,46000,46000,46000,52,0,2100,11076.85496928169,120.69522257615614,49123.19518299773,39.38461538461539
1790153110,8,POST,completion,0.000000,0.000000,2100,2100,2100,2100,2100,2100,2100,2100,2100,2100,2100,18,0,31000,27978.144980967045,2017.2139930073172,49123.19518299773,113.77777777777777
1790153110,8,TPOT,completion,0.000000,0.000000,350,350,350,350,350,350,350,350,350,350,350,16,0,180,213.8928624364322,120.69522257615614,370.56745170050954,0.0
1790153110,8,TTFT,completion,0.000000,0.000000,2100,2100,2100,2100,2100,2100,2100,2100,2100,2100,2100,18,0,2100,3831.5312747921175,1622.394263977185,13435.974085936323,0.0
1790153110,8,,Aggregated,0.000000,0.000000,2100,2100,2100,2100,2100,2100,2100,2100,2100,2100,2100,52,0,2100,11076.85496928169,120.69522257615614,49123.19518299773,39.38461538461539
1790153111,8,POST,completion,0.000000,0.000000,2100,2100,2100,2100,2100,2100,2100,2100,2100,2100,2100,18,0,31000,27978.144980967045,2017.2139930073172,49123.19518299773,113.77777777777777
1790153111,8,TPOT,completion,0.000000,0.000000,350,350,350,350,350,350,350,350,350,350,350,16,0,180,213.8928624364322,120.69522257615614,370.56745170050954,0.0
1790153111,8,TTFT,completion,0.000000,0.000000,2100,2100,2100,2100,2100,2100,2100,2100,2100,2100,2100,18,0,2100,3831.5312747921175,1622.394263977185,13435.974085936323,0.0
1790153111,8,,Aggregated,0.000000,0.000000,2100,2100,2100,2100,2100,2100,2100,2100,2100,2100,2100,52,0,2100,11076.85496928169,120.69522257615614,49123.19518299773,39.38461538461539
1790153112,8,POST,completion,0.000000,0.000000,2100,2100,2100,2100,2100,2100,2100,2100,2100,2100,2100,18,0,31000,27978.144980967045,2017.2139930073172,49123.19518299773,113.77777777777777
1790153112,8,TPOT,completion,0.000000,0.000000,0,0,0,0,0,0,0,0,0,0,0,16,0,180,213.8928624364322,120.69522257615614,370.56745170050954,0.0
1790153112,8,TTFT,completion,0.000000,0.000000,2100,2100,2100,2100,2100,2100,2100,2100,2100,2100,2100,18,0,2100,3831.5312747921175,1622.394263977185,13435.974085936323,0.0
1790153112,8,,Aggregated,0.000000,0.000000,2100,2100,2100,2100,2100,2100,2100,2100,2100,2100,2100,52,0,2100,11076.85496928169,120.69522257615614,49123.19518299773,39.38461538461539
1790153113,8,POST,completion,0.000000,0.000000,2100,2100,2100,2100,2100,2100,2100,2100,2100,2100,2100,18,0,31000,27978.144980967045,2017.2139930073172,49123.19518299773,113.77777777777777
1790153113,8,TPOT,completion,0.000000,0.000000,0,0,0,0,0,0,0,0,0,0,0,16,0,180,213.8928624364322,120.69522257615614,370.56745170050954,0.0
1790153113,8,TTFT,completion,0.000000,0.000000,2100,2100,2100,2100,2100,2100,2100,2100,2100,2100,2100,18,0,2100,3831.5312747921175,1622.394263977185,13435.974085936323,0.0
1790153113,8,,Aggregated,0.000000,0.000000,2100,2100,2100,2100,2100,2100,2100,2100,2100,2100,2100,52,0,2100,11076.85496928169,120.69522257615614,49123.19518299773,39.38461538461539
1790153114,8,POST,completion,0.000000,0.000000,2100,2100,2100,2100,2100,2100,2100,2100,2100,2100,2100,18,0,31000,27978.144980967045,2017.2139930073172,49123.19518299773,113.77777777777777
1790153114,8,TPOT,completion,0.000000,0.000000,0,0,0,0,0,0,0,0,0,0,0,16,0,180,213.8928624364322,120.69522257615614,370.56745170050954,0.0
1790153114,8,TTFT,completion,0.000000,0.000000,2100,2100,2100,2100,2100,2100,2100,2100,2100,2100,2100,18,0,2100,3831.5312747921175,1622.394263977185,13435.974085936323,0.0
1790153114,8,,Aggregated,0.000000,0.000000,2100,2100,2100,2100,2100,2100,2100,2100,2100,2100,2100,52,0,2100,11076.85496928169,120.69522257615614,49123.19518299773,39.38461538461539
1790153115,8,POST,completion,0.000000,0.000000,2100,2100,2100,2100,2100,2100,2100,2100,2100,2100,2100,18,0,31000,27978.144980967045,2017.2139930073172,49123.19518299773,113.77777777777777
1790153115,8,TPOT,completion,0.000000,0.000000,0,0,0,0,0,0,0,0,0,0,0,16,0,180,213.8928624364322,120.69522257615614,370.56745170050954,0.0
1790153115,8,TTFT,completion,0.000000,0.000000,2100,2100,2100,2100,2100,2100,2100,2100,2100,2100,2100,18,0,2100,3831.5312747921175,1622.394263977185,13435.974085936323,0.0
1790153115,8,,Aggregated,0.000000,0.000000,2100,2100,2100,2100,2100,2100,2100,2100,2100,2100,2100,52,0,2100,11076.85496928169,120.69522257615614,49123.19518299773,39.38461538461539
1790153116,8,POST,completion,0.000000,0.000000,2100,2100,2100,2100,2100,2100,2100,2100,2100,2100,2100,18,0,31000,27978.144980967045,2017.2139930073172,49123.19518299773,113.77777777777777
1790153116,8,TPOT,completion,0.000000,0.000000,0,0,0,0,0,0,0,0,0,0,0,16,0,180,213.8928624364322,120.69522257615614,370.56745170050954,0.0
1790153116,8,TTFT,completion,0.000000,0.000000,2100,2100,2100,2100,2100,2100,2100,2100,2100,2100,2100,18,0,2100,3831.5312747921175,1622.394263977185,13435.974085936323,0.0
1790153116,8,,Aggregated,0.000000,0.000000,2100,2100,2100,2100,2100,2100,2100,2100,2100,2100,2100,52,0,2100,11076.85496928169,120.69522257615614,49123.19518299773,39.38461538461539
1790153117,8,POST,completion,0.000000,0.000000,2100,2100,2100,2100,2100,2100,2100,2100,2100,2100,2100,18,0,31000,27978.144980967045,2017.2139930073172,49123.19518299773,113.77777777777777
1790153117,8,TPOT,completion,0.000000,0.000000,0,0,0,0,0,0,0,0,0,0,0,16,0,180,213.8928624364322,120.69522257615614,370.56745170050954,0.0
1790153117,8,TTFT,completion,0.000000,0.000000,2100,2100,2100,2100,2100,2100,2100,2100,2100,2100,2100,18,0,2100,3831.5312747921175,1622.394263977185,13435.974085936323,0.0
1790153117,8,,Aggregated,0.000000,0.000000,2100,2100,2100,2100,2100,2100,2100,2100,2100,2100,2100,52,0,2100,11076.85496928169,120.69522257615614,49123.19518299773,39.38461538461539
1790153118,8,POST,completion,0.000000,0.000000,2100,2100,2100,2100,2100,2100,2100,2100,2100,2100,2100,18,0,31000,27978.144980967045,2017.2139930073172,49123.19518299773,113.77777777777777
1790153118,8,TPOT,completion,0.000000,0.000000,0,0,0,0,0,0,0,0,0,0,0,16,0,180,213.8928624364322,120.69522257615614,370.56745170050954,0.0
1790153118,8,TTFT,completion,0.000000,0.000000,2100,2100,2100,2100,2100,2100,2100,2100,2100,2100,2100,18,0,2100,3831.5312747921175,1622.394263977185,13435.974085936323,0.0
1790153118,8,,Aggregated,0.000000,0.000000,2100,2100,2100,2100,2100,2100,2100,2100,2100,2100,2100,52,0,2100,11076.85496928169,120.69522257615614,49123.19518299773,39.38461538461539
1790153119,8,POST,completion,0.000000,0.000000,2100,2100,2100,2100,2100,2100,2100,2100,2100,2100,2100,18,0,31000,27978.144980967045,2017.2139930073172,49123.19518299773,113.77777777777777
1790153119,8,TPOT,completion,0.000000,0.000000,0,0,0,0,0,0,0,0,0,0,0,16,0,180,213.8928624364322,120.69522257615614,370.56745170050954,0.0
1790153119,8,TTFT,completion,0.000000,0.000000,2100,2100,2100,2100,2100,2100,2100,2100,2100,2100,2100,18,0,2100,3831.5312747921175,1622.394263977185,13435.974085936323,0.0
1790153119,8,,Aggregated,0.000000,0.000000,2100,2100,2100,2100,2100,2100,2100,2100,2100,2100,2100,52,0,2100,11076.85496928169,120.69522257615614,49123.19518299773,39.38461538461539
1790153120,8,POST,completion,0.000000,0.000000,2100,2100,2100,2100,2100,2100,2100,2100,2100,2100,2100,18,0,31000,27978.144980967045,2017.2139930073172,49123.19518299773,113.77777777777777
1790153120,8,TPOT,completion,0.000000,0.000000,0,0,0,0,0,0,0,0,0,0,0,16,0,180,213.8928624364322,120.69522257615614,370.56745170050954,0.0
1790153120,8,TTFT,completion,0.000000,0.000000,2100,2100,2100,2100,2100,2100,2100,2100,2100,2100,2100,18,0,2100,3831.5312747921175,1622.394263977185,13435.974085936323,0.0
1790153120,8,,Aggregated,0.000000,0.000000,2100,2100,2100,2100,2100,2100,2100,2100,2100,2100,2100,52,0,2100,11076.85496928169,120.69522257615614,49123.19518299773,39.38461538461539
1790153121,8,POST,completion,0.000000,0.000000,2100,2100,2100,2100,2100,2100,2100,2100,2100,2100,2100,18,0,31000,27978.144980967045,2017.2139930073172,49123.19518299773,113.77777777777777
1790153121,8,TPOT,completion,0.000000,0.000000,0,0,0,0,0,0,0,0,0,0,0,16,0,180,213.8928624364322,120.69522257615614,370.56745170050954,0.0
1790153121,8,TTFT,completion,0.000000,0.000000,2100,2100,2100,2100,2100,2100,2100,2100,2100,2100,2100,18,0,2100,3831.5312747921175,1622.394263977185,13435.974085936323,0.0
1790153121,8,,Aggregated,0.000000,0.000000,2100,2100,2100,2100,2100,2100,2100,2100,2100,2100,2100,52,0,2100,11076.85496928169,120.69522257615614,49123.19518299773,39.38461538461539
1790153122,8,POST,completion,0.000000,0.000000,2100,2100,2100,2100,2100,2100,2100,2100,2100,2100,2100,18,0,31000,27978.144980967045,2017.2139930073172,49123.19518299773,113.77777777777777
1790153122,8,TPOT,completion,0.000000,0.000000,0,0,0,0,0,0,0,0,0,0,0,16,0,180,213.8928624364322,120.69522257615614,370.56745170050954,0.0
1790153122,8,TTFT,completion,0.000000,0.000000,2100,2100,2100,2100,2100,2100,2100,2100,2100,2100,2100,18,0,2100,3831.5312747921175,1622.394263977185,13435.974085936323,0.0
1790153122,8,,Aggregated,0.000000,0.000000,2100,2100,2100,2100,2100,2100,2100,2100,2100,2100,2100,52,0,2100,11076.85496928169,120.69522257615614,49123.19518299773,39.38461538461539
1790153123,8,POST,completion,0.000000,0.000000,2100,2100,2100,2100,2100,2100,2100,2100,2100,2100,2100,18,0,31000,27978.144980967045,2017.2139930073172,49123.19518299773,113.77777777777777
1790153123,8,TPOT,completion,0.000000,0.000000,0,0,0,0,0,0,0,0,0,0,0,16,0,180,213.8928624364322,120.69522257615614,370.56745170050954,0.0
1790153123,8,TTFT,completion,0.000000,0.000000,2100,2100,2100,2100,2100,2100,2100,2100,2100,2100,2100,18,0,2100,3831.5312747921175,1622.394263977185,13435.974085936323,0.0
1790153123,8,,Aggregated,0.000000,0.000000,2100,2100,2100,2100,2100,2100,2100,2100,2100,2100,2100,52,0,2100,11076.85496928169,120.69522257615614,49123.19518299773,39.38461538461539
1790153124,8,POST,completion,0.000000,0.000000,2100,2100,2100,2100,2100,2100,2100,2100,2100,2100,2100,18,0,31000,27978.144980967045,2017.2139930073172,49123.19518299773,113.77777777777777
1790153124,8,TPOT,completion,0.000000,0.000000,0,0,0,0,0,0,0,0,0,0,0,16,0,180,213.8928624364322,120.69522257615614,370.56745170050954,0.0
1790153124,8,TTFT,completion,0.000000,0.000000,2100,2100,2100,2100,2100,2100,2100,2100,2100,2100,2100,18,0,2100,3831.5312747921175,1622.394263977185,13435.974085936323,0.0
1790153124,8,,Aggregated,0.000000,0.000000,2100,2100,2100,2100,2100,2100,2100,2100,2100,2100,2100,52,0,2100,11076.85496928169,120.69522257615614,49123.19518299773,39.38461538461539
1790153125,8,POST,completion,0.000000,0.000000,0,0,0,0,0,0,0,0,0,0,0,18,0,31000,27978.144980967045,2017.2139930073172,49123.19518299773,113.77777777777777
1790153125,8,TPOT,completion,0.000000,0.000000,0,0,0,0,0,0,0,0,0,0,0,16,0,180,213.8928624364322,120.69522257615614,370.56745170050954,0.0
1790153125,8,TTFT,completion,0.000000,0.000000,0,0,0,0,0,0,0,0,0,0,0,18,0,2100,3831.5312747921175,1622.394263977185,13435.974085936323,0.0
1790153125,8,,Aggregated,0.000000,0.000000,0,0,0,0,0,0,0,0,0,0,0,52,0,2100,11076.85496928169,120.69522257615614,49123.19518299773,39.38461538461539
1790153126,8,POST,completion,0.000000,0.000000,0,0,0,0,0,0,0,0,0,0,0,18,0,31000,27978.144980967045,2017.2139930073172,49123.19518299773,113.77777777777777
1790153126,8,TPOT,completion,0.000000,0.000000,0,0,0,0,0,0,0,0,0,0,0,16,0,180,213.8928624364322,120.69522257615614,370.56745170050954,0.0
1790153126,8,TTFT,completion,0.000000,0.000000,0,0,0,0,0,0,0,0,0,0,0,18,0,2100,3831.5312747921175,1622.394263977185,13435.974085936323,0.0
1790153126,8,,Aggregated,0.000000,0.000000,0,0,0,0,0,0,0,0,0,0,0,52,0,2100,11076.85496928169,120.69522257615614,49123.19518299773,39.38461538461539
1790153127,8,POST,completion,0.000000,0.000000,0,0,0,0,0,0,0,0,0,0,0,19,0,31000,29445.50167206724,2017.2139930073172,55857.92211187072,114.52631578947368
1790153127,8,TPOT,completion,0.000000,0.000000,0,0,0,0,0,0,0,0,0,0,0,17,0,180,226.20551179789936,120.69522257615614,423.20790158137385,0.0
1790153127,8,TTFT,completion,0.000000,0.000000,0,0,0,0,0,0,0,0,0,0,0,19,0,2100,3740.9177881199867,1622.394263977185,13435.974085936323,0.0
1790153127,8,,Aggregated,0.000000,0.000000,0,0,0,0,0,0,0,0,0,0,0,55,0,2100,11534.317517165848,120.69522257615614,55857.92211187072,39.56363636363636
1790153128,8,POST,completion,0.000000,0.000000,56000,56000,56000,56000,56000,56000,56000,56000,56000,56000,56000,19,0,31000,29445.50167206724,2017.2139930073172,55857.92211187072,114.52631578947368
1790153128,8,TPOT,completion,0.000000,0.000000,420,420,420,420,420,420,420,420,420,420,420,17,0,180,226.20551179789936,120.69522257615614,423.20790158137385,0.0
1790153128,8,TTFT,completion,0.000000,0.000000,2100,2100,2100,2100,2100,2100,2100,2100,2100,2100,2100,19,0,2100,3740.9177881199867,1622.394263977185,13435.974085936323,0.0
1790153128,8,,Aggregated,0.000000,0.000000,2100,2100,56000,56000,56000,56000,56000,56000,56000,56000,56000,55,0,2100,11534.317517165848,120.69522257615614,55857.92211187072,39.56363636363636
1790153129,8,POST,completion,0.000000,0.000000,52000,52000,56000,56000,56000,56000,56000,56000,56000,56000,56000,22,0,32000,32474.914586785333,2017.2139930073172,55857.92211187072,116.36363636363636
1790153129,8,TPOT,completion,0.000000,0.000000,400,400,420,420,420,420,420,420,420,420,420,20,0,210,249.88560942707468,120.69522257615614,423.20790158137385,0.0
1790153129,8,TTFT,completion,0.000000,0.000000,2800,2800,4000,4000,4000,4000,4000,4000,4000,4000,4000,22,0,2100,3623.9809414625847,1622.394263977185,13435.974085936323,0.0
1790153129,8,,Aggregated,0.000000,0.000000,2800,4000,52000,52000,52000,56000,56000,56000,56000,56000,56000,64,0,2100,12487.084590781184,120.69522257615614,55857.92211187072,40.0
1790153130,8,POST,completion,0.000000,0.000000,52000,52000,56000,56000,56000,56000,56000,56000,56000,56000,56000,22,0,32000,32474.914586785333,2017.2139930073172,55857.92211187072,116.36363636363636
1790153130,8,TPOT,completion,0.000000,0.000000,400,400,420,420,420,420,420,420,420,420,420,20,0,210,249.88560942707468,120.69522257615614,423.20790158137385,0.0
1790153130,8,TTFT,completion,0.000000,0.000000,2800,2800,4000,4000,4000,4000,4000,4000,4000,4000,4000,22,0,2100,3623.9809414625847,1622.394263977185,13435.974085936323,0.0
1790153130,8,,Aggregated,0.000000,0.000000,2800,4000,52000,52000,52000,56000,56000,56000,56000,56000,56000,64,0,2100,12487.084590781184,120.69522257615614,55857.92211187072,40.0
1790153131,8,POST,completion,0.000000,0.000000,52000,52000,56000,56000,56000,56000,56000,56000,56000,56000,56000,22,0,32000,32474.914586785333,2017.2139930073172,55857.92211187072,116.36363636363636
1790153131,8,TPOT,completion,0.000000,0.000000,400,400,420,420,420,420,420,420,420,420,420,20,0,210,249.88560942707468,120.69522257615614,423.20790158137385,0.0
1790153131,8,TTFT,completion,0.000000,0.000000,2800,2800,4000,4000,4000,4000,4000,4000,4000,4000,4000,22,0,2100,3623.9809414625847,1622.394263977185,13435.974085936323,0.0
1790153131,8,,Aggregated,0.000000,0.000000,2800,4000,52000,52000,52000,56000,56000,56000,56000,56000,56000,64,0,2100,12487.084590781184,120.69522257615614,55857.92211187072,40.0
1790153132,8,POST,completion,0.000000,0.000000,52000,52000,56000,56000,56000,56000,56000,56000,56000,56000,56000,22,0,32000,32474.914586785333,2017.2139930073172,55857.92211187072,116.36363636363636
1790153132,8,TPOT,completion,0.000000,0.000000,400,400,420,420,420,420,420,420,420,420,420,20,0,210,249.88560942707468,120.69522257615614,423.20790158137385,0.0
1790153132,8,TTFT,completion,0.000000,0.000000,2800,2800,4000,4000,4000,4000,4000,4000,4000,4000,4000,22,0,2100,3623.9809414625847,1622.394263977185,13435.974085936323,0.0
1790153132,8,,Aggregated,0.000000,0.000000,2800,4000,52000,52000,52000,56000,56000,56000,56000,56000,56000,64,0,2100,12487.084590781184,120.69522257615614,55857.92211187072,40.0
1790153133,8,POST,completion,0.000000,0.000000,52000,52000,56000,56000,56000,56000,56000,56000,56000,56000,56000,22,0,32000,32474.914586785333,2017.2139930073172,55857.92211187072,116.36363636363636
1790153133,8,TPOT,completion,0.000000,0.000000,400,400,420,420,420,420,420,420,420,420,420,20,0,210,249.88560942707468,120.69522257615614,423.20790158137385,0.0
1790153133,8,TTFT,completion,0.000000,0.000000,2800,2800,4000,4000,4000,4000,4000,4000,4000,4000,4000,22,0,2100,3623.9809414625847,1622.394263977185,13435.974085936323,0.0
1790153133,8,,Aggregated,0.000000,0.000000,2800,4000,52000,52000,52000,56000,56000,56000,56000,56000,56000,64,0,2100,12487.084590781184,120.69522257615614,55857.92211187072,40.0
1790153134,8,POST,completion,0.000000,0.000000,52000,52000,56000,56000,56000,56000,56000,56000,56000,56000,56000,22,0,32000,32474.914586785333,2017.2139930073172,55857.92211187072,116.36363636363636
1790153134,8,TPOT,completion,0.000000,0.000000,400,400,420,420,420,420,420,420,420,420,420,20,0,210,249.88560942707468,120.69522257615614,423.20790158137385,0.0
1790153134,8,TTFT,completion,0.000000,0.000000,2800,2800,4000,4000,4000,4000,4000,4000,4000,4000,4000,22,0,2100,3623.9809414625847,1622.394263977185,13435.974085936323,0.0
1790153134,8,,Aggregated,0.000000,0.000000,2800,4000,52000,52000,52000,56000,56000,56000,56000,56000,56000,64,0,2100,12487.084590781184,120.69522257615614,55857.92211187072,40.0
1790153135,8,POST,completion,0.000000,0.000000,52000,52000,56000,56000,56000,56000,56000,56000,56000,56000,56000,22,0,32000,32474.914586785333,2017.2139930073172,55857.92211187072,116.36363636363636
1790153135,8,TPOT,completion,0.000000,0.000000,400,400,420,420,420,420,420,420,420,420,420,20,0,210,249.88560942707468,120.69522257615614,423.20790158137385,0.0
1790153135,8,TTFT,completion,0.000000,0.000000,2800,2800,4000,4000,4000,4000,4000,4000,4000,4000,4000,22,0,2100,3623.9809414625847,1622.394263977185,13435.974085936323,0.0
1790153135,8,,Aggregated,0.000000,0.000000,2800,4000,52000,52000,52000,56000,56000,56000,56000,56000,56000,64,0,2100,12487.084590781184,120.69522257615614,55857.92211187072,40.0
1790153136,8,POST,completion,0.000000,0.000000,52000,52000,56000,56000,56000,56000,56000,56000,56000,56000,56000,22,0,32000,32474.914586785333,2017.2139930073172,55857.92211187072,116.36363636363636
1790153136,8,TPOT,completion,0.000000,0.000000,400,400,420,420,420,420,420,420,420,420,420,20,0,210,249.88560942707468,120.69522257615614,423.20790158137385,0.0
1790153136,8,TTFT,completion,0.000000,0.000000,2800,2800,4000,4000,4000,4000,4000,4000,4000,4000,4000,22,0,2100,3623.9809414625847,1622.394263977185,13435.974085936323,0.0
1790153136,8,,Aggregated,0.000000,0.000000,2800,4000,52000,52000,52000,56000,56000,56000,56000,56000,56000,64,0,2100,12487.084590781184,120.69522257615614,55857.92211187072,40.0
1790153137,8,POST,completion,0.000000,0.000000,52000,52000,56000,56000,56000,56000,56000,56000,56000,56000,56000,22,0,32000,32474.914586785333,2017.2139930073172,55857.92211187072,116.36363636363636
1790153137,8,TPOT,completion,0.000000,0.000000,400,400,420,420,420,420,420,420,420,420,420,20,0,210,249.88560942707468,120.69522257615614,423.20790158137385,0.0
1790153137,8,TTFT,completion,0.000000,0.000000,2800,2800,4000,4000,4000,4000,4000,4000,4000,4000,4000,22,0,2100,3623.9809414625847,1622.394263977185,13435.974085936323,0.0
1790153137,8,,Aggregated,0.000000,0.000000,2800,4000,52000,52000,52000,56000,56000,56000,56000,56000,56000,64,0,2100,12487.084590781184,120.69522257615614,55857.92211187072,40.0
1790153138,8,POST,completion,0.000000,0.000000,52000,52000,52000,52000,52000,52000,52000,52000,52000,52000,52000,22,0,32000,32474.914586785333,2017.2139930073172,55857.92211187072,116.36363636363636
1790153138,8,TPOT,completion,0.000000,0.000000,380,380,400,400,400,400,400,400,400,400,400,20,0,210,249.88560942707468,120.69522257615614,423.20790158137385,0.0
1790153138,8,TTFT,completion,0.000000,0.000000,2800,2800,4000,4000,4000,4000,4000,4000,4000,4000,4000,22,0,2100,3623.9809414625847,1622.394263977185,13435.974085936323,0.0
1790153138,8,,Aggregated,0.000000,0.000000,2800,4000,51000,52000,52000,52000,52000,52000,52000,52000,52000,64,0,2100,12487.084590781184,120.69522257615614,55857.92211187072,40.0
1790153139,8,POST,completion,0.000000,0.000000,52000,52000,52000,52000,52000,52000,52000,52000,52000,52000,52000,22,0,32000,32474.914586785333,2017.2139930073172,55857.92211187072,116.36363636363636
1790153139,8,TPOT,completion,0.000000,0.000000,380,380,400,400,400,400,400,400,400,400,400,20,0,210,249.88560942707468,120.69522257615614,423.20790158137385,0.0
1790153139,8,TTFT,completion,0.000000,0.000000,2800,2800,4000,4000,4000,4000,4000,4000,4000,4000,4000,22,0,2100,3623.9809414625847,1622.394263977185,13435.974085936323,0.0
1790153139,8,,Aggregated,0.000000,0.000000,2800,4000,51000,52000,52000,52000,52000,52000,52000,52000,52000,64,0,2100,12487.084590781184,120.69522257615614,55857.92211187072,40.0
1790153140,8,POST,completion,0.000000,0.000000,52000,52000,52000,52000,52000,52000,52000,52000,52000,52000,52000,22,0,32000,32474.914586785333,2017.2139930073172,55857.92211187072,116.36363636363636
1790153140,8,TPOT,completion,0.000000,0.000000,380,380,400,400,400,400,400,400,400,400,400,20,0,210,249.88560942707468,120.69522257615614,423.20790158137385,0.0
1790153140,8,TTFT,completion,0.000000,0.000000,2800,2800,4000,4000,4000,4000,4000,4000,4000,4000,4000,22,0,2100,3623.9809414625847,1622.394263977185,13435.974085936323,0.0
1790153140,8,,Aggregated,0.000000,0.000000,2800,4000,51000,52000,52000,52000,52000,52000,52000,52000,52000,64,0,2100,12487.084590781184,120.69522257615614,55857.92211187072,40.0
1790153141,8,POST,completion,0.000000,0.000000,52000,52000,52000,52000,52000,52000,52000,52000,52000,52000,52000,22,0,32000,32474.914586785333,2017.2139930073172,55857.92211187072,116.36363636363636
1790153141,8,TPOT,completion,0.000000,0.000000,380,380,400,400,400,400,400,400,400,400,400,20,0,210,249.88560942707468,120.69522257615614,423.20790158137385,0.0
1790153141,8,TTFT,completion,0.000000,0.000000,2800,2800,4000,4000,4000,4000,4000,4000,4000,4000,4000,22,0,2100,3623.9809414625847,1622.394263977185,13435.974085936323,0.0
1790153141,8,,Aggregated,0.000000,0.000000,2800,4000,51000,52000,52000,52000,52000,52000,52000,52000,52000,64,0,2100,12487.084590781184,120.69522257615614,55857.92211187072,40.0
1790153142,8,POST,completion,0.000000,0.000000,52000,52000,52000,52000,52000,52000,52000,52000,52000,52000,52000,22,0,32000,32474.914586785333,2017.2139930073172,55857.92211187072,116.36363636363636
1790153142,8,TPOT,completion,0.000000,0.000000,380,380,400,400,400,400,400,400,400,400,400,20,0,210,249.88560942707468,120.69522257615614,423.20790158137385,0.0
1790153142,8,TTFT,completion,0.000000,0.000000,2800,2800,4000,4000,4000,4000,4000,4000,4000,4000,4000,22,0,2100,3623.9809414625847,1622.394263977185,13435.974085936323,0.0
1790153142,8,,Aggregated,0.000000,0.000000,2800,4000,51000,52000,52000,52000,52000,52000,52000,52000,52000,64,0,2100,12487.084590781184,120.69522257615614,55857.92211187072,40.0
1790153143,8,POST,completion,0.000000,0.000000,52000,52000,52000,52000,52000,52000,52000,52000,52000,52000,52000,22,0,32000,32474.914586785333,2017.2139930073172,55857.92211187072,116.36363636363636
1790153143,8,TPOT,completion,0.000000,0.000000,380,380,400,400,400,400,400,400,400,400,400,20,0,210,249.88560942707468,120.69522257615614,423.20790158137385,0.0
1790153143,8,TTFT,completion,0.000000,0.000000,2800,2800,4000,4000,4000,4000,4000,4000,4000,4000,4000,22,0,2100,3623.9809414625847,1622.394263977185,13435.974085936323,0.0
1790153143,8,,Aggregated,0.000000,0.000000,2800,4000,51000,52000,52000,52000,52000,52000,52000,52000,52000,64,0,2100,12487.084590781184,120.69522257615614,55857.92211187072,40.0
1790153144,8,POST,completion,0.000000,0.000000,52000,52000,52000,52000,52000,52000,52000,52000,52000,52000,52000,22,0,32000,32474.914586785333,2017.2139930073172,55857.92211187072,116.36363636363636
1790153144,8,TPOT,completion,0.000000,0.000000,380,380,400,400,400,400,400,400,400,400,400,20,0,210,249.88560942707468,120.69522257615614,423.20790158137385,0.0
1790153144,8,TTFT,completion,0.000000,0.000000,2800,2800,4000,4000,4000,4000,4000,4000,4000,4000,4000,22,0,2100,3623.9809414625847,1622.394263977185,13435.974085936323,0.0
1790153144,8,,Aggregated,0.000000,0.000000,2800,4000,51000,52000,52000,52000,52000,52000,52000,52000,52000,64,0,2100,12487.084590781184,120.69522257615614,55857.92211187072,40.0
1790153146,8,POST,completion,0.000000,0.000000,52000,52000,52000,52000,52000,52000,52000,52000,52000,52000,52000,22,0,32000,32474.914586785333,2017.2139930073172,55857.92211187072,116.36363636363636
1790153146,8,TPOT,completion,0.000000,0.000000,380,380,400,400,400,400,400,400,400,400,400,20,0,210,249.88560942707468,120.69522257615614,423.20790158137385,0.0
1790153146,8,TTFT,completion,0.000000,0.000000,2800,2800,4000,4000,4000,4000,4000,4000,4000,4000,4000,22,0,2100,3623.9809414625847,1622.394263977185,13435.974085936323,0.0
1790153146,8,,Aggregated,0.000000,0.000000,2800,4000,51000,52000,52000,52000,52000,52000,52000,52000,52000,64,0,2100,12487.084590781184,120.69522257615614,55857.92211187072,40.0
1790153147,8,POST,completion,0.000000,0.000000,0,0,0,0,0,0,0,0,0,0,0,22,0,32000,32474.914586785333,2017.2139930073172,55857.92211187072,116.36363636363636
1790153147,8,TPOT,completion,0.000000,0.000000,0,0,0,0,0,0,0,0,0,0,0,20,0,210,249.88560942707468,120.69522257615614,423.20790158137385,0.0
1790153147,8,TTFT,completion,0.000000,0.000000,0,0,0,0,0,0,0,0,0,0,0,22,0,2100,3623.9809414625847,1622.394263977185,13435.974085936323,0.0
1790153147,8,,Aggregated,0.000000,0.000000,0,0,0,0,0,0,0,0,0,0,0,64,0,2100,12487.084590781184,120.69522257615614,55857.92211187072,40.0
1790153148,8,POST,completion,0.000000,0.000000,0,0,0,0,0,0,0,0,0,0,0,22,0,32000,32474.914586785333,2017.2139930073172,55857.92211187072,116.36363636363636
1790153148,8,TPOT,completion,0.000000,0.000000,0,0,0,0,0,0,0,0,0,0,0,20,0,210,249.88560942707468,120.69522257615614,423.20790158137385,0.0
1790153148,8,TTFT,completion,0.000000,0.000000,0,0,0,0,0,0,0,0,0,0,0,22,0,2100,3623.9809414625847,1622.394263977185,13435.974085936323,0.0
1790153148,8,,Aggregated,0.000000,0.000000,0,0,0,0,0,0,0,0,0,0,0,64,0,2100,12487.084590781184,120.69522257615614,55857.92211187072,40.0
1790153149,8,POST,completion,0.000000,0.000000,0,0,0,0,0,0,0,0,0,0,0,22,0,32000,32474.914586785333,2017.2139930073172,55857.92211187072,116.36363636363636
1790153149,8,TPOT,completion,0.000000,0.000000,0,0,0,0,0,0,0,0,0,0,0,20,0,210,249.88560942707468,120.69522257615614,423.20790158137385,0.0
1790153149,8,TTFT,completion,0.000000,0.000000,0,0,0,0,0,0,0,0,0,0,0,22,0,2100,3623.9809414625847,1622.394263977185,13435.974085936323,0.0
1790153149,8,,Aggregated,0.000000,0.000000,0,0,0,0,0,0,0,0,0,0,0,64,0,2100,12487.084590781184,120.69522257615614,55857.92211187072,40.0
1790153150,8,POST,completion,0.000000,0.000000,0,0,0,0,0,0,0,0,0,0,0,22,0,32000,32474.914586785333,2017.2139930073172,55857.92211187072,116.36363636363636
1790153150,8,TPOT,completion,0.000000,0.000000,0,0,0,0,0,0,0,0,0,0,0,20,0,210,249.88560942707468,120.69522257615614,423.20790158137385,0.0
1790153150,8,TTFT,completion,0.000000,0.000000,0,0,0,0,0,0,0,0,0,0,0,22,0,2100,3623.9809414625847,1622.394263977185,13435.974085936323,0.0
1790153150,8,,Aggregated,0.000000,0.000000,0,0,0,0,0,0,0,0,0,0,0,64,0,2100,12487.084590781184,120.69522257615614,55857.92211187072,40.0
1790153151,8,POST,completion,0.000000,0.000000,0,0,0,0,0,0,0,0,0,0,0,22,0,32000,32474.914586785333,2017.2139930073172,55857.92211187072,116.36363636363636
1790153151,8,TPOT,completion,0.000000,0.000000,0,0,0,0,0,0,0,0,0,0,0,20,0,210,249.88560942707468,120.69522257615614,423.20790158137385,0.0
1790153151,8,TTFT,completion,0.000000,0.000000,0,0,0,0,0,0,0,0,0,0,0,22,0,2100,3623.9809414625847,1622.394263977185,13435.974085936323,0.0
1790153151,8,,Aggregated,0.000000,0.000000,0,0,0,0,0,0,0,0,0,0,0,64,0,2100,12487.084590781184,120.69522257615614,55857.92211187072,40.0
1790153152,8,POST,completion,0.000000,0.000000,0,0,0,0,0,0,0,0,0,0,0,22,0,32000,32474.914586785333,2017.2139930073172,55857.92211187072,116.36363636363636
1790153152,8,TPOT,completion,0.000000,0.000000,0,0,0,0,0,0,0,0,0,0,0,20,0,210,249.88560942707468,120.69522257615614,423.20790158137385,0.0
1790153152,8,TTFT,completion,0.000000,0.000000,0,0,0,0,0,0,0,0,0,0,0,22,0,2100,3623.9809414625847,1622.394263977185,13435.974085936323,0.0
1790153152,8,,Aggregated,0.000000,0.000000,0,0,0,0,0,0,0,0,0,0,0,64,0,2100,12487.084590781184,120.69522257615614,55857.92211187072,40.0
1790153153,8,POST,completion,0.000000,0.000000,0,0,0,0,0,0,0,0,0,0,0,22,0,32000,32474.914586785333,2017.2139930073172,55857.92211187072,116.36363636363636
1790153153,8,TPOT,completion,0.000000,0.000000,0,0,0,0,0,0,0,0,0,0,0,20,0,210,249.88560942707468,120.69522257615614,423.20790158137385,0.0
1790153153,8,TTFT,completion,0.000000,0.000000,0,0,0,0,0,0,0,0,0,0,0,22,0,2100,3623.9809414625847,1622.394263977185,13435.974085936323,0.0
1790153153,8,,Aggregated,0.000000,0.000000,0,0,0,0,0,0,0,0,0,0,0,64,0,2100,12487.084590781184,120.69522257615614,55857.92211187072,40.0
1790153154,8,POST,completion,0.000000,0.000000,0,0,0,0,0,0,0,0,0,0,0,22,0,32000,32474.914586785333,2017.2139930073172,55857.92211187072,116.36363636363636
1790153154,8,TPOT,completion,0.000000,0.000000,0,0,0,0,0,0,0,0,0,0,0,20,0,210,249.88560942707468,120.69522257615614,423.20790158137385,0.0
1790153154,8,TTFT,completion,0.000000,0.000000,0,0,0,0,0,0,0,0,0,0,0,22,0,2100,3623.9809414625847,1622.394263977185,13435.974085936323,0.0
1790153154,8,,Aggregated,0.000000,0.000000,0,0,0,0,0,0,0,0,0,0,0,64,0,2100,12487.084590781184,120.69522257615614,55857.92211187072,40.0
1790153155,8,POST,completion,0.000000,0.000000,0,0,0,0,0,0,0,0,0,0,0,22,0,32000,32474.914586785333,2017.2139930073172,55857.92211187072,116.36363636363636
1790153155,8,TPOT,completion,0.000000,0.000000,0,0,0,0,0,0,0,0,0,0,0,20,0,210,249.88560942707468,120.69522257615614,423.20790158137385,0.0
1790153155,8,TTFT,completion,0.000000,0.000000,0,0,0,0,0,0,0,0,0,0,0,22,0,2100,3623.9809414625847,1622.394263977185,13435.974085936323,0.0
1790153155,8,,Aggregated,0.000000,0.000000,0,0,0,0,0,0,0,0,0,0,0,64,0,2100,12487.084590781184,120.69522257615614,55857.92211187072,40.0
1790153156,8,POST,completion,0.000000,0.000000,0,0,0,0,0,0,0,0,0,0,0,22,0,32000,32474.914586785333,2017.2139930073172,55857.92211187072,116.36363636363636
1790153156,8,TPOT,completion,0.000000,0.000000,0,0,0,0,0,0,0,0,0,0,0,20,0,210,249.88560942707468,120.69522257615614,423.20790158137385,0.0
1790153156,8,TTFT,completion,0.000000,0.000000,0,0,0,0,0,0,0,0,0,0,0,22,0,2100,3623.9809414625847,1622.394263977185,13435.974085936323,0.0
1790153156,8,,Aggregated,0.000000,0.000000,0,0,0,0,0,0,0,0,0,0,0,64,0,2100,12487.084590781184,120.69522257615614,55857.92211187072,40.0
1790153157,8,POST,completion,0.000000,0.000000,0,0,0,0,0,0,0,0,0,0,0,22,0,32000,32474.914586785333,2017.2139930073172,55857.92211187072,116.36363636363636
1790153157,8,TPOT,completion,0.000000,0.000000,0,0,0,0,0,0,0,0,0,0,0,20,0,210,249.88560942707468,120.69522257615614,423.20790158137385,0.0
1790153157,8,TTFT,completion,0.000000,0.000000,0,0,0,0,0,0,0,0,0,0,0,22,0,2100,3623.9809414625847,1622.394263977185,13435.974085936323,0.0
1790153157,8,,Aggregated,0.000000,0.000000,0,0,0,0,0,0,0,0,0,0,0,64,0,2100,12487.084590781184,120.69522257615614,55857.92211187072,40.0
1790153158,8,POST,completion,0.000000,0.000000,54000,54000,54000,54000,54000,54000,54000,54000,54000,54000,54000,23,0,32000,33389.33803026727,2017.2139930073172,55857.92211187072,116.8695652173913
1790153158,8,TPOT,completion,0.000000,0.000000,410,410,410,410,410,410,410,410,410,410,410,21,0,210,257.2939796909274,120.69522257615614,423.20790158137385,0.0
1790153158,8,TTFT,completion,0.000000,0.000000,2000,2000,2000,2000,2000,2000,2000,2000,2000,2000,2000,23,0,2100,3553.914711739787,1622.394263977185,13435.974085936323,0.0
1790153158,8,,Aggregated,0.000000,0.000000,2000,2000,54000,54000,54000,54000,54000,54000,54000,54000,54000,67,0,2100,12762.656517010026,120.69522257615614,55857.92211187072,40.11940298507463
1790153159,8,POST,completion,0.000000,0.000000,54000,54000,54000,54000,54000,54000,54000,54000,54000,54000,54000,24,0,33000,34093.29580233316,2017.2139930073172,55857.92211187072,117.33333333333333
1790153159,8,TPOT,completion,0.000000,0.000000,410,410,410,410,410,410,410,410,410,410,410,22,0,220,262.8901324827563,120.69522257615614,423.20790158137385,0.0
1790153159,8,TTFT,completion,0.000000,0.000000,2000,2000,2000,2000,2000,2000,2000,2000,2000,2000,2000,24,0,2100,3487.991565828755,1622.394263977185,13435.974085936323,0.0
1790153159,8,,Aggregated,0.000000,0.000000,2000,2000,50000,50000,54000,54000,54000,54000,54000,54000,54000,70,0,2100,12967.635425007238,120.69522257615614,55857.92211187072,40.22857142857143
1790153160,8,POST,completion,0.000000,0.000000,54000,54000,54000,54000,54000,54000,54000,54000,54000,54000,54000,24,0,33000,34093.29580233316,2017.2139930073172,55857.92211187072,117.33333333333333
1790153160,8,TPOT,completion,0.000000,0.000000,410,410,410,410,410,410,410,410,410,410,410,22,0,220,262.8901324827563,120.69522257615614,423.20790158137385,0.0
1790153160,8,TTFT,completion,0.000000,0.000000,2000,2000,2000,2000,2000,2000,2000,2000,2000,2000,2000,24,0,2100,3487.991565828755,1622.394263977185,13435.974085936323,0.0
1790153160,8,,Aggregated,0.000000,0.000000,2000,2000,50000,50000,54000,54000,54000,54000,54000,54000,54000,70,0,2100,12967.635425007238,120.69522257615614,55857.92211187072,40.22857142857143
1790153161,8,POST,completion,0.000000,0.000000,54000,54000,54000,54000,54000,54000,54000,54000,54000,54000,54000,24,0,33000,34093.29580233316,2017.2139930073172,55857.92211187072,117.33333333333333
1790153161,8,TPOT,completion,0.000000,0.000000,410,410,410,410,410,410,410,410,410,410,410,22,0,220,262.8901324827563,120.69522257615614,423.20790158137385,0.0
1790153161,8,TTFT,completion,0.000000,0.000000,2000,2000,2000,2000,2000,2000,2000,2000,2000,2000,2000,24,0,2100,3487.991565828755,1622.394263977185,13435.974085936323,0.0
1790153161,8,,Aggregated,0.000000,0.000000,2000,2000,50000,50000,54000,54000,54000,54000,54000,54000,54000,70,0,2100,12967.635425007238,120.69522257615614,55857.92211187072,40.22857142857143
1790153162,8,POST,completion,0.000000,0.000000,54000,54000,54000,54000,54000,54000,54000,54000,54000,54000,54000,24,0,33000,34093.29580233316,2017.2139930073172,55857.92211187072,117.33333333333333
1790153162,8,TPOT,completion,0.000000,0.000000,410,410,410,410,410,410,410,410,410,410,410,22,0,220,262.8901324827563,120.69522257615614,423.20790158137385,0.0
1790153162,8,TTFT,completion,0.000000,0.000000,2000,2000,2000,2000,2000,2000,2000,2000,2000,2000,2000,24,0,2100,3487.991565828755,1622.394263977185,13435.974085936323,0.0
1790153162,8,,Aggregated,0.000000,0.000000,2000,2000,50000,50000,54000,54000,54000,54000,54000,54000,54000,70,0,2100,12967.635425007238,120.69522257615614,55857.92211187072,40.22857142857143
1790153163,8,POST,completion,0.000000,0.000000,54000,54000,54000,54000,54000,54000,54000,54000,54000,54000,54000,24,0,33000,34093.29580233316,2017.2139930073172,55857.92211187072,117.33333333333333
1790153163,8,TPOT,completion,0.000000,0.000000,410,410,410,410,410,410,410,410,410,410,410,22,0,220,262.8901324827563,120.69522257615614,423.20790158137385,0.0
1790153163,8,TTFT,completion,0.000000,0.000000,2000,2000,2000,2000,2000,2000,2000,2000,2000,2000,2000,24,0,2100,3487.991565828755,1622.394263977185,13435.974085936323,0.0
1790153163,8,,Aggregated,0.000000,0.000000,2000,2000,50000,50000,54000,54000,54000,54000,54000,54000,54000,70,0,2100,12967.635425007238,120.69522257615614,55857.92211187072,40.22857142857143
1790153164,8,POST,completion,0.000000,0.000000,54000,54000,54000,54000,54000,54000,54000,54000,54000,54000,54000,24,0,33000,34093.29580233316,2017.2139930073172,55857.92211187072,117.33333333333333
1790153164,8,TPOT,completion,0.000000,0.000000,410,410,410,410,410,410,410,410,410,410,410,22,0,220,262.8901324827563,120.69522257615614,423.20790158137385,0.0
1790153164,8,TTFT,completion,0.000000,0.000000,2000,2000,2000,2000,2000,2000,2000,2000,2000,2000,2000,24,0,2100,3487.991565828755,1622.394263977185,13435.974085936323,0.0
1790153164,8,,Aggregated,0.000000,0.000000,2000,2000,50000,50000,54000,54000,54000,54000,54000,54000,54000,70,0,2100,12967.635425007238,120.69522257615614,55857.92211187072,40.22857142857143
1790153165,8,POST,completion,0.000000,0.000000,54000,54000,54000,54000,54000,54000,54000,54000,54000,54000,54000,24,0,33000,34093.29580233316,2017.2139930073172,55857.92211187072,117.33333333333333
1790153165,8,TPOT,completion,0.000000,0.000000,410,410,410,410,410,410,410,410,410,410,410,22,0,220,262.8901324827563,120.69522257615614,423.20790158137385,0.0
1790153165,8,TTFT,completion,0.000000,0.000000,2000,2000,2000,2000,2000,2000,2000,2000,2000,2000,2000,24,0,2100,3487.991565828755,1622.394263977185,13435.974085936323,0.0
1790153165,8,,Aggregated,0.000000,0.000000,2000,2000,50000,50000,54000,54000,54000,54000,54000,54000,54000,70,0,2100,12967.635425007238,120.69522257615614,55857.92211187072,40.22857142857143
1790153166,8,POST,completion,0.000000,0.000000,54000,54000,54000,54000,54000,54000,54000,54000,54000,54000,54000,24,0,33000,34093.29580233316,2017.2139930073172,55857.92211187072,117.33333333333333
1790153166,8,TPOT,completion,0.000000,0.000000,410,410,410,410,410,410,410,410,410,410,410,22,0,220,262.8901324827563,120.69522257615614,423.20790158137385,0.0
1790153166,8,TTFT,completion,0.000000,0.000000,2000,2000,2000,2000,2000,2000,2000,2000,2000,2000,2000,24,0,2100,3487.991565828755,1622.394263977185,13435.974085936323,0.0
1790153166,8,,Aggregated,0.000000,0.000000,2000,2000,50000,50000,54000,54000,54000,54000,54000,54000,54000,70,0,2100,12967.635425007238,120.69522257615614,55857.92211187072,40.22857142857143
1790153167,8,POST,completion,0.000000,0.000000,50000,50000,50000,50000,50000,50000,50000,50000,50000,50000,50000,24,0,33000,34093.29580233316,2017.2139930073172,55857.92211187072,117.33333333333333
1790153167,8,TPOT,completion,0.000000,0.000000,380,380,380,380,380,380,380,380,380,380,380,22,0,220,262.8901324827563,120.69522257615614,423.20790158137385,0.0
1790153167,8,TTFT,completion,0.000000,0.000000,2000,2000,2000,2000,2000,2000,2000,2000,2000,2000,2000,24,0,2100,3487.991565828755,1622.394263977185,13435.974085936323,0.0
1790153167,8,,Aggregated,0.000000,0.000000,2000,2000,50000,50000,50000,50000,50000,50000,50000,50000,50000,70,0,2100,12967.635425007238,120.69522257615614,55857.92211187072,40.22857142857143
1790153168,8,POST,completion,0.000000,0.000000,50000,50000,50000,50000,50000,50000,50000,50000,50000,50000,50000,24,0,33000,34093.29580233316,2017.2139930073172,55857.92211187072,117.33333333333333
1790153168,8,TPOT,completion,0.000000,0.000000,380,380,380,380,380,380,380,380,380,380,380,22,0,220,262.8901324827563,120.69522257615614,423.20790158137385,0.0
1790153168,8,TTFT,completion,0.000000,0.000000,2000,2000,2000,2000,2000,2000,2000,2000,2000,2000,2000,24,0,2100,3487.991565828755,1622.394263977185,13435.974085936323,0.0
1790153168,8,,Aggregated,0.000000,0.000000,2000,2000,50000,50000,50000,50000,50000,50000,50000,50000,50000,70,0,2100,12967.635425007238,120.69522257615614,55857.92211187072,40.22857142857143
1790153169,8,POST,completion,0.000000,0.000000,50000,50000,50000,50000,50000,50000,50000,50000,50000,50000,50000,24,0,33000,34093.29580233316,2017.2139930073172,55857.92211187072,117.33333333333333
1790153169,8,TPOT,completion,0.000000,0.000000,380,380,380,380,380,380,380,380,380,380,380,22,0,220,262.8901324827563,120.69522257615614,423.20790158137385,0.0
1790153169,8,TTFT,completion,0.000000,0.000000,2000,2000,2000,2000,2000,2000,2000,2000,2000,2000,2000,24,0,2100,3487.991565828755,1622.394263977185,13435.974085936323,0.0
1790153169,8,,Aggregated,0.000000,0.000000,2000,2000,50000,50000,50000,50000,50000,50000,50000,50000,50000,70,0,2100,12967.635425007238,120.69522257615614,55857.92211187072,40.22857142857143
1790153170,8,POST,completion,0.000000,0.000000,50000,50000,50000,50000,50000,50000,50000,50000,50000,50000,50000,24,0,33000,34093.29580233316,2017.2139930073172,55857.92211187072,117.33333333333333
1790153170,8,TPOT,completion,0.000000,0.000000,380,380,380,380,380,380,380,380,380,380,380,22,0,220,262.8901324827563,120.69522257615614,423.20790158137385,0.0
1790153170,8,TTFT,completion,0.000000,0.000000,2000,2000,2000,2000,2000,2000,2000,2000,2000,2000,2000,24,0,2100,3487.991565828755,1622.394263977185,13435.974085936323,0.0
1790153170,8,,Aggregated,0.000000,0.000000,2000,2000,50000,50000,50000,50000,50000,50000,50000,50000,50000,70,0,2100,12967.635425007238,120.69522257615614,55857.92211187072,40.22857142857143
1790153171,8,POST,completion,0.000000,0.000000,50000,50000,50000,50000,50000,50000,50000,50000,50000,50000,50000,24,0,33000,34093.29580233316,2017.2139930073172,55857.92211187072,117.33333333333333
1790153171,8,TPOT,completion,0.000000,0.000000,380,380,380,380,380,380,380,380,380,380,380,22,0,220,262.8901324827563,120.69522257615614,423.20790158137385,0.0
1790153171,8,TTFT,completion,0.000000,0.000000,2000,2000,2000,2000,2000,2000,2000,2000,2000,2000,2000,24,0,2100,3487.991565828755,1622.394263977185,13435.974085936323,0.0
1790153171,8,,Aggregated,0.000000,0.000000,2000,2000,50000,50000,50000,50000,50000,50000,50000,50000,50000,70,0,2100,12967.635425007238,120.69522257615614,55857.92211187072,40.22857142857143
1790153172,8,POST,completion,0.000000,0.000000,50000,50000,50000,50000,50000,50000,50000,50000,50000,50000,50000,24,0,33000,34093.29580233316,2017.2139930073172,55857.92211187072,117.33333333333333
1790153172,8,TPOT,completion,0.000000,0.000000,380,380,380,380,380,380,380,380,380,380,380,22,0,220,262.8901324827563,120.69522257615614,423.20790158137385,0.0
1790153172,8,TTFT,completion,0.000000,0.000000,2000,2000,2000,2000,2000,2000,2000,2000,2000,2000,2000,24,0,2100,3487.991565828755,1622.394263977185,13435.974085936323,0.0
1790153172,8,,Aggregated,0.000000,0.000000,2000,2000,50000,50000,50000,50000,50000,50000,50000,50000,50000,70,0,2100,12967.635425007238,120.69522257615614,55857.92211187072,40.22857142857143
1790153173,8,POST,completion,0.000000,0.000000,50000,50000,50000,50000,50000,50000,50000,50000,50000,50000,50000,24,0,33000,34093.29580233316,2017.2139930073172,55857.92211187072,117.33333333333333
1790153173,8,TPOT,completion,0.000000,0.000000,380,380,380,380,380,380,380,380,380,380,380,22,0,220,262.8901324827563,120.69522257615614,423.20790158137385,0.0
1790153173,8,TTFT,completion,0.000000,0.000000,2000,2000,2000,2000,2000,2000,2000,2000,2000,2000,2000,24,0,2100,3487.991565828755,1622.394263977185,13435.974085936323,0.0
1790153173,8,,Aggregated,0.000000,0.000000,2000,2000,50000,50000,50000,50000,50000,50000,50000,50000,50000,70,0,2100,12967.635425007238,120.69522257615614,55857.92211187072,40.22857142857143
1790153174,8,POST,completion,0.000000,0.000000,50000,50000,50000,50000,50000,50000,50000,50000,50000,50000,50000,24,0,33000,34093.29580233316,2017.2139930073172,55857.92211187072,117.33333333333333
1790153174,8,TPOT,completion,0.000000,0.000000,380,380,380,380,380,380,380,380,380,380,380,22,0,220,262.8901324827563,120.69522257615614,423.20790158137385,0.0
1790153174,8,TTFT,completion,0.000000,0.000000,2000,2000,2000,2000,2000,2000,2000,2000,2000,2000,2000,24,0,2100,3487.991565828755,1622.394263977185,13435.974085936323,0.0
1790153174,8,,Aggregated,0.000000,0.000000,2000,2000,50000,50000,50000,50000,50000,50000,50000,50000,50000,70,0,2100,12967.635425007238,120.69522257615614,55857.92211187072,40.22857142857143
1790153175,8,POST,completion,0.000000,0.000000,50000,50000,50000,50000,50000,50000,50000,50000,50000,50000,50000,24,0,33000,34093.29580233316,2017.2139930073172,55857.92211187072,117.33333333333333
1790153175,8,TPOT,completion,0.000000,0.000000,380,380,380,380,380,380,380,380,380,380,380,22,0,220,262.8901324827563,120.69522257615614,423.20790158137385,0.0
1790153175,8,TTFT,completion,0.000000,0.000000,2000,2000,2000,2000,2000,2000,2000,2000,2000,2000,2000,24,0,2100,3487.991565828755,1622.394263977185,13435.974085936323,0.0
1790153175,8,,Aggregated,0.000000,0.000000,2000,2000,50000,50000,50000,50000,50000,50000,50000,50000,50000,70,0,2100,12967.635425007238,120.69522257615614,55857.92211187072,40.22857142857143
1790153176,8,POST,completion,0.000000,0.000000,0,0,0,0,0,0,0,0,0,0,0,24,0,33000,34093.29580233316,2017.2139930073172,55857.92211187072,117.33333333333333
1790153176,8,TPOT,completion,0.000000,0.000000,0,0,0,0,0,0,0,0,0,0,0,22,0,220,262.8901324827563,120.69522257615614,423.20790158137385,0.0
1790153176,8,TTFT,completion,0.000000,0.000000,0,0,0,0,0,0,0,0,0,0,0,24,0,2100,3487.991565828755,1622.394263977185,13435.974085936323,0.0
1790153176,8,,Aggregated,0.000000,0.000000,0,0,0,0,0,0,0,0,0,0,0,70,0,2100,12967.635425007238,120.69522257615614,55857.92211187072,40.22857142857143
1790153177,8,POST,completion,0.000000,0.000000,0,0,0,0,0,0,0,0,0,0,0,24,0,33000,34093.29580233316,2017.2139930073172,55857.92211187072,117.33333333333333
1790153177,8,TPOT,completion,0.000000,0.000000,0,0,0,0,0,0,0,0,0,0,0,22,0,220,262.8901324827563,120.69522257615614,423.20790158137385,0.0
1790153177,8,TTFT,completion,0.000000,0.000000,0,0,0,0,0,0,0,0,0,0,0,24,0,2100,3487.991565828755,1622.394263977185,13435.974085936323,0.0
1790153177,8,,Aggregated,0.000000,0.000000,0,0,0,0,0,0,0,0,0,0,0,70,0,2100,12967.635425007238,120.69522257615614,55857.92211187072,40.22857142857143
1790153178,8,POST,completion,0.000000,0.000000,0,0,0,0,0,0,0,0,0,0,0,24,0,33000,34093.29580233316,2017.2139930073172,55857.92211187072,117.33333333333333
1790153178,8,TPOT,completion,0.000000,0.000000,0,0,0,0,0,0,0,0,0,0,0,22,0,220,262.8901324827563,120.69522257615614,423.20790158137385,0.0
1790153178,8,TTFT,completion,0.000000,0.000000,0,0,0,0,0,0,0,0,0,0,0,24,0,2100,3487.991565828755,1622.394263977185,13435.974085936323,0.0
1790153178,8,,Aggregated,0.000000,0.000000,0,0,0,0,0,0,0,0,0,0,0,70,0,2100,12967.635425007238,120.69522257615614,55857.92211187072,40.22857142857143
1790153179,8,POST,completion,0.000000,0.000000,0,0,0,0,0,0,0,0,0,0,0,24,0,33000,34093.29580233316,2017.2139930073172,55857.92211187072,117.33333333333333
1790153179,8,TPOT,completion,0.000000,0.000000,0,0,0,0,0,0,0,0,0,0,0,22,0,220,262.8901324827563,120.69522257615614,423.20790158137385,0.0
1790153179,8,TTFT,completion,0.000000,0.000000,0,0,0,0,0,0,0,0,0,0,0,24,0,2100,3487.991565828755,1622.394263977185,13435.974085936323,0.0
1790153179,8,,Aggregated,0.000000,0.000000,0,0,0,0,0,0,0,0,0,0,0,70,0,2100,12967.635425007238,120.69522257615614,55857.92211187072,40.22857142857143
1790153180,8,POST,completion,0.000000,0.000000,0,0,0,0,0,0,0,0,0,0,0,24,0,33000,34093.29580233316,2017.2139930073172,55857.92211187072,117.33333333333333
1790153180,8,TPOT,completion,0.000000,0.000000,0,0,0,0,0,0,0,0,0,0,0,22,0,220,262.8901324827563,120.69522257615614,423.20790158137385,0.0
1790153180,8,TTFT,completion,0.000000,0.000000,0,0,0,0,0,0,0,0,0,0,0,24,0,2100,3487.991565828755,1622.394263977185,13435.974085936323,0.0
1790153180,8,,Aggregated,0.000000,0.000000,0,0,0,0,0,0,0,0,0,0,0,70,0,2100,12967.635425007238,120.69522257615614,55857.92211187072,40.22857142857143
1790153181,8,POST,completion,0.000000,0.000000,0,0,0,0,0,0,0,0,0,0,0,24,0,33000,34093.29580233316,2017.2139930073172,55857.92211187072,117.33333333333333
1790153181,8,TPOT,completion,0.000000,0.000000,0,0,0,0,0,0,0,0,0,0,0,22,0,220,262.8901324827563,120.69522257615614,423.20790158137385,0.0
1790153181,8,TTFT,completion,0.000000,0.000000,0,0,0,0,0,0,0,0,0,0,0,24,0,2100,3487.991565828755,1622.394263977185,13435.974085936323,0.0
1790153181,8,,Aggregated,0.000000,0.000000,0,0,0,0,0,0,0,0,0,0,0,70,0,2100,12967.635425007238,120.69522257615614,55857.92211187072,40.22857142857143
1790153182,8,POST,completion,0.000000,0.000000,0,0,0,0,0,0,0,0,0,0,0,24,0,33000,34093.29580233316,2017.2139930073172,55857.92211187072,117.33333333333333
1790153182,8,TPOT,completion,0.000000,0.000000,0,0,0,0,0,0,0,0,0,0,0,22,0,220,262.8901324827563,120.69522257615614,423.20790158137385,0.0
1790153182,8,TTFT,completion,0.000000,0.000000,0,0,0,0,0,0,0,0,0,0,0,24,0,2100,3487.991565828755,1622.394263977185,13435.974085936323,0.0
1790153182,8,,Aggregated,0.000000,0.000000,0,0,0,0,0,0,0,0,0,0,0,70,0,2100,12967.635425007238,120.69522257615614,55857.92211187072,40.22857142857143
1790153183,8,POST,completion,0.000000,0.000000,0,0,0,0,0,0,0,0,0,0,0,24,0,33000,34093.29580233316,2017.2139930073172,55857.92211187072,117.33333333333333
1790153183,8,TPOT,completion,0.000000,0.000000,0,0,0,0,0,0,0,0,0,0,0,22,0,220,262.8901324827563,120.69522257615614,423.20790158137385,0.0
1790153183,8,TTFT,completion,0.000000,0.000000,0,0,0,0,0,0,0,0,0,0,0,24,0,2100,3487.991565828755,1622.394263977185,13435.974085936323,0.0
1790153183,8,,Aggregated,0.000000,0.000000,0,0,0,0,0,0,0,0,0,0,0,70,0,2100,12967.635425007238,120.69522257615614,55857.92211187072,40.22857142857143
1790153184,8,POST,completion,0.000000,0.000000,0,0,0,0,0,0,0,0,0,0,0,24,0,33000,34093.29580233316,2017.2139930073172,55857.92211187072,117.33333333333333
1790153184,8,TPOT,completion,0.000000,0.000000,0,0,0,0,0,0,0,0,0,0,0,22,0,220,262.8901324827563,120.69522257615614,423.20790158137385,0.0
1790153184,8,TTFT,completion,0.000000,0.000000,0,0,0,0,0,0,0,0,0,0,0,24,0,2100,3487.991565828755,1622.394263977185,13435.974085936323,0.0
1790153184,8,,Aggregated,0.000000,0.000000,0,0,0,0,0,0,0,0,0,0,0,70,0,2100,12967.635425007238,120.69522257615614,55857.92211187072,40.22857142857143
1790153185,8,POST,completion,0.000000,0.000000,0,0,0,0,0,0,0,0,0,0,0,24,0,33000,34093.29580233316,2017.2139930073172,55857.92211187072,117.33333333333333
1790153185,8,TPOT,completion,0.000000,0.000000,0,0,0,0,0,0,0,0,0,0,0,22,0,220,262.8901324827563,120.69522257615614,423.20790158137385,0.0
1790153185,8,TTFT,completion,0.000000,0.000000,0,0,0,0,0,0,0,0,0,0,0,24,0,2100,3487.991565828755,1622.394263977185,13435.974085936323,0.0
1790153185,8,,Aggregated,0.000000,0.000000,0,0,0,0,0,0,0,0,0,0,0,70,0,2100,12967.635425007238,120.69522257615614,55857.92211187072,40.22857142857143
1790153186,8,POST,completion,0.000000,0.000000,0,0,0,0,0,0,0,0,0,0,0,24,0,33000,34093.29580233316,2017.2139930073172,55857.92211187072,117.33333333333333
1790153186,8,TPOT,completion,0.000000,0.000000,0,0,0,0,0,0,0,0,0,0,0,22,0,220,262.8901324827563,120.69522257615614,423.20790158137385,0.0
1790153186,8,TTFT,completion,0.000000,0.000000,0,0,0,0,0,0,0,0,0,0,0,24,0,2100,3487.991565828755,1622.394263977185,13435.974085936323,0.0
1790153186,8,,Aggregated,0.000000,0.000000,0,0,0,0,0,0,0,0,0,0,0,70,0,2100,12967.635425007238,120.69522257615614,55857.92211187072,40.22857142857143
1790153187,8,POST,completion,0.000000,0.000000,54000,54000,54000,54000,54000,54000,54000,54000,54000,54000,54000,25,0,33000,34895.75161924586,2017.2139930073172,55857.92211187072,117.76
1790153187,8,TPOT,completion,0.000000,0.000000,410,410,410,410,410,410,410,410,410,410,410,23,0,220,269.32299939978674,120.69522257615614,423.20790158137385,0.0
1790153187,8,TTFT,completion,0.000000,0.000000,2000,2000,2000,2000,2000,2000,2000,2000,2000,2000,2000,25,0,2100,3427.538780439645,1622.394263977185,13435.974085936323,0.0
1790153187,8,,Aggregated,0.000000,0.000000,2000,2000,54000,54000,54000,54000,54000,54000,54000,54000,54000,73,0,2100,13209.269712031955,120.69522257615614,55857.92211187072,40.32876712328767
1790153188,8,POST,completion,0.000000,0.000000,54000,54000,54000,54000,54000,54000,54000,54000,54000,54000,54000,26,0,34000,35580.006807576865,2017.2139930073172,55857.92211187072,118.15384615384616
1790153188,8,TPOT,completion,0.000000,0.000000,410,410,410,410,410,410,410,410,410,410,410,24,0,250,274.71414907797845,120.69522257615614,423.20790158137385,0.0
1790153188,8,TTFT,completion,0.000000,0.000000,2000,2000,2000,2000,2000,2000,2000,2000,2000,2000,2000,26,0,2100,3374.5385601919575,1622.394263977185,13435.974085936323,0.0
1790153188,8,,Aggregated,0.000000,0.000000,2000,2000,53000,53000,54000,54000,54000,54000,54000,54000,54000,76,0,2100,13413.306830787646,120.69522257615614,55857.92211187072,40.421052631578945
1790153189,8,POST,completion,0.100000,0.000000,51000,53000,53000,54000,54000,54000,54000,54000,54000,54000,54000,29,0,36000,37137.44193859045,2017.2139930073172,55857.92211187072,119.17241379310344
1790153189,8,TPOT,completion,0.100000,0.000000,390,400,400,410,410,410,410,410,410,410,410,27,0,350,285.18319650611295,120.69522257615614,423.20790158137385,0.0
1790153189,8,TTFT,completion,0.100000,0.000000,2100,4400,4400,4800,4800,4800,4800,4800,4800,4800,4800,29,0,2100,3416.4717008985963,1622.394263977185,13435.974085936323,0.0
1790153189,8,,Aggregated,0.300000,0.000000,2100,4800,51000,51000,53000,54000,54000,54000,54000,54000,54000,85,0,2100,13926.628727657033,120.69522257615614,55857.92211187072,40.65882352941176
1790153190,8,POST,completion,0.100000,0.000000,51000,53000,53000,54000,54000,54000,54000,54000,54000,54000,54000,29,0,36000,37137.44193859045,2017.2139930073172,55857.92211187072,119.17241379310344
1790153190,8,TPOT,completion,0.100000,0.000000,390,400,400,410,410,410,410,410,410,410,410,27,0,350,285.18319650611295,120.69522257615614,423.20790158137385,0.0
1790153190,8,TTFT,completion,0.100000,0.000000,2100,4400,4400,4800,4800,4800,4800,4800,4800,4800,4800,29,0,2100,3416.4717008985963,1622.394263977185,13435.974085936323,0.0
1790153190,8,,Aggregated,0.300000,0.000000,2100,4800,51000,51000,53000,54000,54000,54000,54000,54000,54000,85,0,2100,13926.628727657033,120.69522257615614,55857.92211187072,40.65882352941176
1790153191,8,POST,completion,0.100000,0.000000,51000,53000,53000,54000,54000,54000,54000,54000,54000,54000,54000,29,0,36000,37137.44193859045,2017.2139930073172,55857.92211187072,119.17241379310344
1790153191,8,TPOT,completion,0.100000,0.000000,390,400,400,410,410,410,410,410,410,410,410,27,0,350,285.18319650611295,120.69522257615614,423.20790158137385,0.0
1790153191,8,TTFT,completion,0.100000,0.000000,2100,4400,4400,4800,4800,4800,4800,4800,4800,4800,4800,29,0,2100,3416.4717008985963,1622.394263977185,13435.974085936323,0.0
1790153191,8,,Aggregated,0.300000,0.000000,2100,4800,51000,51000,53000,54000,54000,54000,54000,54000,54000,85,0,2100,13926.628727657033,120.69522257615614,55857.92211187072,40.65882352941176
1790153192,8,POST,completion,0.100000,0.000000,51000,53000,53000,54000,54000,54000,54000,54000,54000,54000,54000,29,0,36000,37137.44193859045,2017.2139930073172,55857.92211187072,119.17241379310344
1790153192,8,TPOT,completion,0.100000,0.000000,390,400,400,410,410,410,410,410,410,410,410,27,0,350,285.18319650611295,120.69522257615614,423.20790158137385,0.0
1790153192,8,TTFT,completion,0.100000,0.000000,2100,4400,4400,4800,4800,4800,4800,4800,4800,4800,4800,29,0,2100,3416.4717008985963,1622.394263977185,13435.974085936323,0.0
1790153192,8,,Aggregated,0.300000,0.000000,2100,4800,51000,51000,53000,54000,54000,54000,54000,54000,54000,85,0,2100,13926.628727657033,120.69522257615614,55857.92211187072,40.65882352941176
1790153193,8,POST,completion,0.100000,0.000000,51000,53000,53000,54000,54000,54000,54000,54000,54000,54000,54000,29,0,36000,37137.44193859045,2017.2139930073172,55857.92211187072,119.17241379310344
1790153193,8,TPOT,completion,0.100000,0.000000,390,400,400,410,410,410,410,410,410,410,410,27,0,350,285.18319650611295,120.69522257615614,423.20790158137385,0.0
1790153193,8,TTFT,completion,0.100000,0.000000,2100,4400,4400,4800,4800,4800,4800,4800,4800,4800,4800,29,0,2100,3416.4717008985963,1622.394263977185,13435.974085936323,0.0
1790153193,8,,Aggregated,0.300000,0.000000,2100,4800,51000,51000,53000,54000,54000,54000,54000,54000,54000,85,0,2100,13926.628727657033,120.69522257615614,55857.92211187072,40.65882352941176
1790153194,8,POST,completion,0.100000,0.000000,51000,53000,53000,54000,54000,54000,54000,54000,54000,54000,54000,29,0,36000,37137.44193859045,2017.2139930073172,55857.92211187072,119.17241379310344
1790153194,8,TPOT,completion,0.100000,0.000000,390,400,400,410,410,410,410,410,410,410,410,27,0,350,285.18319650611295,120.69522257615614,423.20790158137385,0.0
1790153194,8,TTFT,completion,0.100000,0.000000,2100,4400,4400,4800,4800,4800,4800,4800,4800,4800,4800,29,0,2100,3416.4717008985963,1622.394263977185,13435.974085936323,0.0
1790153194,8,,Aggregated,0.300000,0.000000,2100,4800,51000,51000,53000,54000,54000,54000,54000,54000,54000,85,0,2100,13926.628727657033,120.69522257615614,55857.92211187072,40.65882352941176
1790153195,8,POST,completion,0.100000,0.000000,51000,53000,53000,54000,54000,54000,54000,54000,54000,54000,54000,29,0,36000,37137.44193859045,2017.2139930073172,55857.92211187072,119.17241379310344
1790153195,8,TPOT,completion,0.100000,0.000000,390,400,400,410,410,410,410,410,410,410,410,27,0,350,285.18319650611295,120.69522257615614,423.20790158137385,0.0
1790153195,8,TTFT,completion,0.100000,0.000000,2100,4400,4400,4800,4800,4800,4800,4800,4800,4800,4800,29,0,2100,3416.4717008985963,1622.394263977185,13435.974085936323,0.0
1790153195,8,,Aggregated,0.300000,0.000000,2100,4800,51000,51000,53000,54000,54000,54000,54000,54000,54000,85,0,2100,13926.628727657033,120.69522257615614,55857.92211187072,40.65882352941176
1790153196,8,POST,completion,0.100000,0.000000,51000,51000,53000,53000,53000,53000,53000,53000,53000,53000,53000,29,0,36000,37137.44193859045,2017.2139930073172,55857.92211187072,119.17241379310344
1790153196,8,TPOT,completion,0.100000,0.000000,390,390,400,400,400,400,400,400,400,400,400,27,0,350,285.18319650611295,120.69522257615614,423.20790158137385,0.0
1790153196,8,TTFT,completion,0.100000,0.000000,4400,4400,4800,4800,4800,4800,4800,4800,4800,4800,4800,29,0,2100,3416.4717008985963,1622.394263977185,13435.974085936323,0.0
1790153196,8,,Aggregated,0.300000,0.000000,4400,4800,51000,51000,51000,53000,53000,53000,53000,53000,53000,85,0,2100,13926.628727657033,120.69522257615614,55857.92211187072,40.65882352941176
1790153197,8,POST,completion,0.100000,0.000000,51000,51000,51000,51000,51000,51000,51000,51000,51000,51000,51000,29,0,36000,37137.44193859045,2017.2139930073172,55857.92211187072,119.17241379310344
1790153197,8,TPOT,completion,0.100000,0.000000,360,360,390,390,390,390,390,390,390,390,390,27,0,350,285.18319650611295,120.69522257615614,423.20790158137385,0.0
1790153197,8,TTFT,completion,0.100000,0.000000,4400,4400,4800,4800,4800,4800,4800,4800,4800,4800,4800,29,0,2100,3416.4717008985963,1622.394263977185,13435.974085936323,0.0
1790153197,8,,Aggregated,0.300000,0.000000,4400,4800,50000,51000,51000,51000,51000,51000,51000,51000,51000,85,0,2100,13926.628727657033,120.69522257615614,55857.92211187072,40.65882352941176
1790153198,8,POST,completion,0.100000,0.000000,50000,50000,50000,50000,50000,50000,50000,50000,50000,50000,50000,29,0,36000,37137.44193859045,2017.2139930073172,55857.92211187072,119.17241379310344
1790153198,8,TPOT,completion,0.100000,0.000000,360,360,360,360,360,360,360,360,360,360,360,27,0,350,285.18319650611295,120.69522257615614,423.20790158137385,0.0
1790153198,8,TTFT,completion,0.100000,0.000000,4400,4400,4400,4400,4400,4400,4400,4400,4400,4400,4400,29,0,2100,3416.4717008985963,1622.394263977185,13435.974085936323,0.0
1790153198,8,,Aggregated,0.300000,0.000000,4400,4400,50000,50000,50000,50000,50000,50000,50000,50000,50000,85,0,2100,13926.628727657033,120.69522257615614,55857.92211187072,40.65882352941176
1790153199,8,POST,completion,0.100000,0.000000,50000,50000,50000,50000,50000,50000,50000,50000,50000,50000,50000,29,0,36000,37137.44193859045,2017.2139930073172,55857.92211187072,119.17241379310344
1790153199,8,TPOT,completion,0.100000,0.000000,360,360,360,360,360,360,360,360,360,360,360,27,0,350,285.18319650611295,120.69522257615614,423.20790158137385,0.0
1790153199,8,TTFT,completion,0.100000,0.000000,4400,4400,4400,4400,4400,4400,4400,4400,4400,4400,4400,29,0,2100,3416.4717008985963,1622.394263977185,13435.974085936323,0.0
1790153199,8,,Aggregated,0.300000,0.000000,4400,4400,50000,50000,50000,50000,50000,50000,50000,50000,50000,85,0,2100,13926.628727657033,120.69522257615614,55857.92211187072,40.65882352941176
1790153200,8,POST,completion,0.100000,0.000000,50000,50000,50000,50000,50000,50000,50000,50000,50000,50000,50000,29,0,36000,37137.44193859045,2017.2139930073172,55857.92211187072,119.17241379310344
1790153200,8,TPOT,completion,0.100000,0.000000,360,360,360,360,360,360,360,360,360,360,360,27,0,350,285.18319650611295,120.69522257615614,423.20790158137385,0.0
1790153200,8,TTFT,completion,0.100000,0.000000,4400,4400,4400,4400,4400,4400,4400,4400,4400,4400,4400,29,0,2100,3416.4717008985963,1622.394263977185,13435.974085936323,0.0
1790153200,8,,Aggregated,0.300000,0.000000,4400,4400,50000,50000,50000,50000,50000,50000,50000,50000,50000,85,0,2100,13926.628727657033,120.69522257615614,55857.92211187072,40.65882352941176
1790153201,8,POST,completion,0.100000,0.000000,50000,50000,50000,50000,50000,50000,50000,50000,50000,50000,50000,29,0,36000,37137.44193859045,2017.2139930073172,55857.92211187072,119.17241379310344
1790153201,8,TPOT,completion,0.100000,0.000000,360,360,360,360,360,360,360,360,360,360,360,27,0,350,285.18319650611295,120.69522257615614,423.20790158137385,0.0
1790153201,8,TTFT,completion,0.100000,0.000000,4400,4400,4400,4400,4400,4400,4400,4400,4400,4400,4400,29,0,2100,3416.4717008985963,1622.394263977185,13435.974085936323,0.0
1790153201,8,,Aggregated,0.300000,0.000000,4400,4400,50000,50000,50000,50000,50000,50000,50000,50000,50000,85,0,2100,13926.628727657033,120.69522257615614,55857.92211187072,40.65882352941176
1790153202,8,POST,completion,0.100000,0.000000,50000,50000,50000,50000,50000,50000,50000,50000,50000,50000,50000,29,0,36000,37137.44193859045,2017.2139930073172,55857.92211187072,119.17241379310344
1790153202,8,TPOT,completion,0.100000,0.000000,360,360,360,360,360,360,360,360,360,360,360,27,0,350,285.18319650611295,120.69522257615614,423.20790158137385,0.0
1790153202,8,TTFT,completion,0.100000,0.000000,4400,4400,4400,4400,4400,4400,4400,4400,4400,4400,4400,29,0,2100,3416.4717008985963,1622.394263977185,13435.974085936323,0.0
1790153202,8,,Aggregated,0.300000,0.000000,4400,4400,50000,50000,50000,50000,50000,50000,50000,50000,50000,85,0,2100,13926.628727657033,120.69522257615614,55857.92211187072,40.65882352941176
1790153203,8,POST,completion,0.100000,0.000000,50000,50000,50000,50000,50000,50000,50000,50000,50000,50000,50000,29,0,36000,37137.44193859045,2017.2139930073172,55857.92211187072,119.17241379310344
1790153203,8,TPOT,completion,0.100000,0.000000,360,360,360,360,360,360,360,360,360,360,360,27,0,350,285.18319650611295,120.69522257615614,423.20790158137385,0.0
1790153203,8,TTFT,completion,0.100000,0.000000,4400,4400,4400,4400,4400,4400,4400,4400,4400,4400,4400,29,0,2100,3416.4717008985963,1622.394263977185,13435.974085936323,0.0
1790153203,8,,Aggregated,0.300000,0.000000,4400,4400,50000,50000,50000,50000,50000,50000,50000,50000,50000,85,0,2100,13926.628727657033,120.69522257615614,55857.92211187072,40.65882352941176
1790153204,8,POST,completion,0.100000,0.000000,50000,50000,50000,50000,50000,50000,50000,50000,50000,50000,50000,29,0,36000,37137.44193859045,2017.2139930073172,55857.92211187072,119.17241379310344
1790153204,8,TPOT,completion,0.100000,0.000000,360,360,360,360,360,360,360,360,360,360,360,27,0,350,285.18319650611295,120.69522257615614,423.20790158137385,0.0
1790153204,8,TTFT,completion,0.100000,0.000000,4400,4400,4400,4400,4400,4400,4400,4400,4400,4400,4400,29,0,2100,3416.4717008985963,1622.394263977185,13435.974085936323,0.0
1790153204,8,,Aggregated,0.300000,0.000000,4400,4400,50000,50000,50000,50000,50000,50000,50000,50000,50000,85,0,2100,13926.628727657033,120.69522257615614,55857.92211187072,40.65882352941176
1790153205,8,POST,completion,0.100000,0.000000,50000,50000,50000,50000,50000,50000,50000,50000,50000,50000,50000,29,0,36000,37137.44193859045,2017.2139930073172,55857.92211187072,119.17241379310344
1790153205,8,TPOT,completion,0.100000,0.000000,360,360,360,360,360,360,360,360,360,360,360,27,0,350,285.18319650611295,120.69522257615614,423.20790158137385,0.0
1790153205,8,TTFT,completion,0.100000,0.000000,4400,4400,4400,4400,4400,4400,4400,4400,4400,4400,4400,29,0,2100,3416.4717008985963,1622.394263977185,13435.974085936323,0.0
1790153205,8,,Aggregated,0.300000,0.000000,4400,4400,50000,50000,50000,50000,50000,50000,50000,50000,50000,85,0,2100,13926.628727657033,120.69522257615614,55857.92211187072,40.65882352941176
1790153206,8,POST,completion,0.100000,0.000000,50000,50000,50000,50000,50000,50000,50000,50000,50000,50000,50000,29,0,36000,37137.44193859045,2017.2139930073172,55857.92211187072,119.17241379310344
1790153206,8,TPOT,completion,0.100000,0.000000,360,360,360,360,360,360,360,360,360,360,360,27,0,350,285.18319650611295,120.69522257615614,423.20790158137385,0.0
1790153206,8,TTFT,completion,0.100000,0.000000,4400,4400,4400,4400,4400,4400,4400,4400,4400,4400,4400,29,0,2100,3416.4717008985963,1622.394263977185,13435.974085936323,0.0
1790153206,8,,Aggregated,0.300000,0.000000,4400,4400,50000,50000,50000,50000,50000,50000,50000,50000,50000,85,0,2100,13926.628727657033,120.69522257615614,55857.92211187072,40.65882352941176
1790153207,8,POST,completion,0.100000,0.000000,0,0,0,0,0,0,0,0,0,0,0,29,0,36000,37137.44193859045,2017.2139930073172,55857.92211187072,119.17241379310344
1790153207,8,TPOT,completion,0.100000,0.000000,0,0,0,0,0,0,0,0,0,0,0,27,0,350,285.18319650611295,120.69522257615614,423.20790158137385,0.0
1790153207,8,TTFT,completion,0.100000,0.000000,0,0,0,0,0,0,0,0,0,0,0,29,0,2100,3416.4717008985963,1622.394263977185,13435.974085936323,0.0
1790153207,8,,Aggregated,0.300000,0.000000,0,0,0,0,0,0,0,0,0,0,0,85,0,2100,13926.628727657033,120.69522257615614,55857.92211187072,40.65882352941176
1790153208,8,POST,completion,0.100000,0.000000,0,0,0,0,0,0,0,0,0,0,0,29,0,36000,37137.44193859045,2017.2139930073172,55857.92211187072,119.17241379310344
1790153208,8,TPOT,completion,0.100000,0.000000,0,0,0,0,0,0,0,0,0,0,0,27,0,350,285.18319650611295,120.69522257615614,423.20790158137385,0.0
1790153208,8,TTFT,completion,0.100000,0.000000,0,0,0,0,0,0,0,0,0,0,0,29,0,2100,3416.4717008985963,1622.394263977185,13435.974085936323,0.0
1790153208,8,,Aggregated,0.300000,0.000000,0,0,0,0,0,0,0,0,0,0,0,85,0,2100,13926.628727657033,120.69522257615614,55857.92211187072,40.65882352941176
1790153209,8,POST,completion,0.100000,0.000000,0,0,0,0,0,0,0,0,0,0,0,29,0,36000,37137.44193859045,2017.2139930073172,55857.92211187072,119.17241379310344
1790153209,8,TPOT,completion,0.100000,0.000000,0,0,0,0,0,0,0,0,0,0,0,27,0,350,285.18319650611295,120.69522257615614,423.20790158137385,0.0
1790153209,8,TTFT,completion,0.100000,0.000000,0,0,0,0,0,0,0,0,0,0,0,29,0,2100,3416.4717008985963,1622.394263977185,13435.974085936323,0.0
1790153209,8,,Aggregated,0.300000,0.000000,0,0,0,0,0,0,0,0,0,0,0,85,0,2100,13926.628727657033,120.69522257615614,55857.92211187072,40.65882352941176
1790153210,8,POST,completion,0.100000,0.000000,0,0,0,0,0,0,0,0,0,0,0,29,0,36000,37137.44193859045,2017.2139930073172,55857.92211187072,119.17241379310344
1790153210,8,TPOT,completion,0.100000,0.000000,0,0,0,0,0,0,0,0,0,0,0,27,0,350,285.18319650611295,120.69522257615614,423.20790158137385,0.0
1790153210,8,TTFT,completion,0.100000,0.000000,0,0,0,0,0,0,0,0,0,0,0,29,0,2100,3416.4717008985963,1622.394263977185,13435.974085936323,0.0
1790153210,8,,Aggregated,0.300000,0.000000,0,0,0,0,0,0,0,0,0,0,0,85,0,2100,13926.628727657033,120.69522257615614,55857.92211187072,40.65882352941176
1790153211,8,POST,completion,0.100000,0.000000,0,0,0,0,0,0,0,0,0,0,0,29,0,36000,37137.44193859045,2017.2139930073172,55857.92211187072,119.17241379310344
1790153211,8,TPOT,completion,0.100000,0.000000,0,0,0,0,0,0,0,0,0,0,0,27,0,350,285.18319650611295,120.69522257615614,423.20790158137385,0.0
1790153211,8,TTFT,completion,0.100000,0.000000,0,0,0,0,0,0,0,0,0,0,0,29,0,2100,3416.4717008985963,1622.394263977185,13435.974085936323,0.0
1790153211,8,,Aggregated,0.300000,0.000000,0,0,0,0,0,0,0,0,0,0,0,85,0,2100,13926.628727657033,120.69522257615614,55857.92211187072,40.65882352941176
1790153212,8,POST,completion,0.100000,0.000000,0,0,0,0,0,0,0,0,0,0,0,29,0,36000,37137.44193859045,2017.2139930073172,55857.92211187072,119.17241379310344
1790153212,8,TPOT,completion,0.100000,0.000000,0,0,0,0,0,0,0,0,0,0,0,27,0,350,285.18319650611295,120.69522257615614,423.20790158137385,0.0
1790153212,8,TTFT,completion,0.100000,0.000000,0,0,0,0,0,0,0,0,0,0,0,29,0,2100,3416.4717008985963,1622.394263977185,13435.974085936323,0.0
1790153212,8,,Aggregated,0.300000,0.000000,0,0,0,0,0,0,0,0,0,0,0,85,0,2100,13926.628727657033,120.69522257615614,55857.92211187072,40.65882352941176
1790153213,8,POST,completion,0.100000,0.000000,0,0,0,0,0,0,0,0,0,0,0,29,0,36000,37137.44193859045,2017.2139930073172,55857.92211187072,119.17241379310344
1790153213,8,TPOT,completion,0.100000,0.000000,0,0,0,0,0,0,0,0,0,0,0,27,0,350,285.18319650611295,120.69522257615614,423.20790158137385,0.0
1790153213,8,TTFT,completion,0.100000,0.000000,0,0,0,0,0,0,0,0,0,0,0,29,0,2100,3416.4717008985963,1622.394263977185,13435.974085936323,0.0
1790153213,8,,Aggregated,0.300000,0.000000,0,0,0,0,0,0,0,0,0,0,0,85,0,2100,13926.628727657033,120.69522257615614,55857.92211187072,40.65882352941176
1790153214,8,POST,completion,0.100000,0.000000,0,0,0,0,0,0,0,0,0,0,0,29,0,36000,37137.44193859045,2017.2139930073172,55857.92211187072,119.17241379310344
1790153214,8,TPOT,completion,0.100000,0.000000,0,0,0,0,0,0,0,0,0,0,0,27,0,350,285.18319650611295,120.69522257615614,423.20790158137385,0.0
1790153214,8,TTFT,completion,0.100000,0.000000,0,0,0,0,0,0,0,0,0,0,0,29,0,2100,3416.4717008985963,1622.394263977185,13435.974085936323,0.0
1790153214,8,,Aggregated,0.300000,0.000000,0,0,0,0,0,0,0,0,0,0,0,85,0,2100,13926.628727657033,120.69522257615614,55857.92211187072,40.65882352941176
1790153215,8,POST,completion,0.100000,0.000000,0,0,0,0,0,0,0,0,0,0,0,29,0,36000,37137.44193859045,2017.2139930073172,55857.92211187072,119.17241379310344
1790153215,8,TPOT,completion,0.100000,0.000000,0,0,0,0,0,0,0,0,0,0,0,27,0,350,285.18319650611295,120.69522257615614,423.20790158137385,0.0
1790153215,8,TTFT,completion,0.100000,0.000000,0,0,0,0,0,0,0,0,0,0,0,29,0,2100,3416.4717008985963,1622.394263977185,13435.974085936323,0.0
1790153215,8,,Aggregated,0.300000,0.000000,0,0,0,0,0,0,0,0,0,0,0,85,0,2100,13926.628727657033,120.69522257615614,55857.92211187072,40.65882352941176
1790153216,8,POST,completion,0.100000,0.000000,0,0,0,0,0,0,0,0,0,0,0,29,0,36000,37137.44193859045,2017.2139930073172,55857.92211187072,119.17241379310344
1790153216,8,TPOT,completion,0.100000,0.000000,0,0,0,0,0,0,0,0,0,0,0,27,0,350,285.18319650611295,120.69522257615614,423.20790158137385,0.0
1790153216,8,TTFT,completion,0.100000,0.000000,0,0,0,0,0,0,0,0,0,0,0,29,0,2100,3416.4717008985963,1622.394263977185,13435.974085936323,0.0
1790153216,8,,Aggregated,0.300000,0.000000,0,0,0,0,0,0,0,0,0,0,0,85,0,2100,13926.628727657033,120.69522257615614,55857.92211187072,40.65882352941176
1790153217,8,POST,completion,0.100000,0.000000,0,0,0,0,0,0,0,0,0,0,0,29,0,36000,37137.44193859045,2017.2139930073172,55857.92211187072,119.17241379310344
1790153217,8,TPOT,completion,0.100000,0.000000,0,0,0,0,0,0,0,0,0,0,0,27,0,350,285.18319650611295,120.69522257615614,423.20790158137385,0.0
1790153217,8,TTFT,completion,0.100000,0.000000,0,0,0,0,0,0,0,0,0,0,0,29,0,2100,3416.4717008985963,1622.394263977185,13435.974085936323,0.0
1790153217,8,,Aggregated,0.300000,0.000000,0,0,0,0,0,0,0,0,0,0,0,85,0,2100,13926.628727657033,120.69522257615614,55857.92211187072,40.65882352941176
1790153218,8,POST,completion,0.100000,0.000000,0,0,0,0,0,0,0,0,0,0,0,29,0,36000,37137.44193859045,2017.2139930073172,55857.92211187072,119.17241379310344
1790153218,8,TPOT,completion,0.100000,0.000000,0,0,0,0,0,0,0,0,0,0,0,27,0,350,285.18319650611295,120.69522257615614,423.20790158137385,0.0
1790153218,8,TTFT,completion,0.100000,0.000000,0,0,0,0,0,0,0,0,0,0,0,29,0,2100,3416.4717008985963,1622.394263977185,13435.974085936323,0.0
1790153218,8,,Aggregated,0.300000,0.000000,0,0,0,0,0,0,0,0,0,0,0,85,0,2100,13926.628727657033,120.69522257615614,55857.92211187072,40.65882352941176
1790153219,8,POST,completion,0.100000,0.000000,0,0,0,0,0,0,0,0,0,0,0,29,0,36000,37137.44193859045,2017.2139930073172,55857.92211187072,119.17241379310344
1790153219,8,TPOT,completion,0.100000,0.000000,0,0,0,0,0,0,0,0,0,0,0,27,0,350,285.18319650611295,120.69522257615614,423.20790158137385,0.0
1790153219,8,TTFT,completion,0.100000,0.000000,0,0,0,0,0,0,0,0,0,0,0,29,0,2100,3416.4717008985963,1622.394263977185,13435.974085936323,0.0
1790153219,8,,Aggregated,0.300000,0.000000,0,0,0,0,0,0,0,0,0,0,0,85,0,2100,13926.628727657033,120.69522257615614,55857.92211187072,40.65882352941176
1790153220,8,POST,completion,0.100000,0.000000,0,0,0,0,0,0,0,0,0,0,0,29,0,36000,37137.44193859045,2017.2139930073172,55857.92211187072,119.17241379310344
1790153220,8,TPOT,completion,0.100000,0.000000,0,0,0,0,0,0,0,0,0,0,0,27,0,350,285.18319650611295,120.69522257615614,423.20790158137385,0.0
1790153220,8,TTFT,completion,0.100000,0.000000,0,0,0,0,0,0,0,0,0,0,0,29,0,2100,3416.4717008985963,1622.394263977185,13435.974085936323,0.0
1790153220,8,,Aggregated,0.300000,0.000000,0,0,0,0,0,0,0,0,0,0,0,85,0,2100,13926.628727657033,120.69522257615614,55857.92211187072,40.65882352941176
1790153221,8,POST,completion,0.100000,0.000000,0,0,0,0,0,0,0,0,0,0,0,29,0,36000,37137.44193859045,2017.2139930073172,55857.92211187072,119.17241379310344
1790153221,8,TPOT,completion,0.100000,0.000000,0,0,0,0,0,0,0,0,0,0,0,27,0,350,285.18319650611295,120.69522257615614,423.20790158137385,0.0
1790153221,8,TTFT,completion,0.100000,0.000000,0,0,0,0,0,0,0,0,0,0,0,29,0,2100,3416.4717008985963,1622.394263977185,13435.974085936323,0.0
1790153221,8,,Aggregated,0.300000,0.000000,0,0,0,0,0,0,0,0,0,0,0,85,0,2100,13926.628727657033,120.69522257615614,55857.92211187072,40.65882352941176
1790153222,8,POST,completion,0.100000,0.000000,0,0,0,0,0,0,0,0,0,0,0,29,0,36000,37137.44193859045,2017.2139930073172,55857.92211187072,119.17241379310344
1790153222,8,TPOT,completion,0.100000,0.000000,0,0,0,0,0,0,0,0,0,0,0,27,0,350,285.18319650611295,120.69522257615614,423.20790158137385,0.0
1790153222,8,TTFT,completion,0.100000,0.000000,0,0,0,0,0,0,0,0,0,0,0,29,0,2100,3416.4717008985963,1622.394263977185,13435.974085936323,0.0
1790153222,8,,Aggregated,0.300000,0.000000,0,0,0,0,0,0,0,0,0,0,0,85,0,2100,13926.628727657033,120.69522257615614,55857.92211187072,40.65882352941176
1790153223,8,POST,completion,0.100000,0.000000,0,0,0,0,0,0,0,0,0,0,0,29,0,36000,37137.44193859045,2017.2139930073172,55857.92211187072,119.17241379310344
1790153223,8,TPOT,completion,0.100000,0.000000,0,0,0,0,0,0,0,0,0,0,0,27,0,350,285.18319650611295,120.69522257615614,423.20790158137385,0.0
1790153223,8,TTFT,completion,0.100000,0.000000,0,0,0,0,0,0,0,0,0,0,0,29,0,2100,3416.4717008985963,1622.394263977185,13435.974085936323,0.0
1790153223,8,,Aggregated,0.300000,0.000000,0,0,0,0,0,0,0,0,0,0,0,85,0,2100,13926.628727657033,120.69522257615614,55857.92211187072,40.65882352941176
1790153224,8,POST,completion,0.100000,0.000000,0,0,0,0,0,0,0,0,0,0,0,29,0,36000,37137.44193859045,2017.2139930073172,55857.92211187072,119.17241379310344
1790153224,8,TPOT,completion,0.100000,0.000000,0,0,0,0,0,0,0,0,0,0,0,27,0,350,285.18319650611295,120.69522257615614,423.20790158137385,0.0
1790153224,8,TTFT,completion,0.100000,0.000000,0,0,0,0,0,0,0,0,0,0,0,29,0,2100,3416.4717008985963,1622.394263977185,13435.974085936323,0.0
1790153224,8,,Aggregated,0.300000,0.000000,0,0,0,0,0,0,0,0,0,0,0,85,0,2100,13926.628727657033,120.69522257615614,55857.92211187072,40.65882352941176
1790153225,8,POST,completion,0.100000,0.000000,0,0,0,0,0,0,0,0,0,0,0,29,0,36000,37137.44193859045,2017.2139930073172,55857.92211187072,119.17241379310344
1790153225,8,TPOT,completion,0.100000,0.000000,0,0,0,0,0,0,0,0,0,0,0,27,0,350,285.18319650611295,120.69522257615614,423.20790158137385,0.0
1790153225,8,TTFT,completion,0.100000,0.000000,0,0,0,0,0,0,0,0,0,0,0,29,0,2100,3416.4717008985963,1622.394263977185,13435.974085936323,0.0
1790153225,8,,Aggregated,0.300000,0.000000,0,0,0,0,0,0,0,0,0,0,0,85,0,2100,13926.628727657033,120.69522257615614,55857.92211187072,40.65882352941176
1790153226,8,POST,completion,0.000000,0.000000,62000,62000,62000,62000,62000,62000,62000,62000,62000,62000,62000,30,0,46000,37970.77651470123,2017.2139930073172,62137.47922191396,119.46666666666667
1790153226,8,TPOT,completion,0.000000,0.000000,470,470,470,470,470,470,470,470,470,470,470,28,0,360,291.90163519837154,120.69522257615614,473.29947988935345,0.0
1790153226,8,TTFT,completion,0.000000,0.000000,2000,2000,2000,2000,2000,2000,2000,2000,2000,2000,2000,30,0,2100,3370.1854585980377,1622.394263977185,13435.974085936323,0.0
1790153226,8,,Aggregated,0.000000,0.000000,2000,2000,62000,62000,62000,62000,62000,62000,62000,62000,62000,88,0,2100,14186.387556642421,120.69522257615614,62137.47922191396,40.72727272727273
1790153227,8,POST,completion,0.000000,0.000000,62000,62000,62000,62000,62000,62000,62000,62000,62000,62000,62000,30,0,46000,37970.77651470123,2017.2139930073172,62137.47922191396,119.46666666666667
1790153227,8,TPOT,completion,0.000000,0.000000,470,470,470,470,470,470,470,470,470,470,470,28,0,360,291.90163519837154,120.69522257615614,473.29947988935345,0.0
1790153227,8,TTFT,completion,0.000000,0.000000,2000,2000,2000,2000,2000,2000,2000,2000,2000,2000,2000,30,0,2100,3370.1854585980377,1622.394263977185,13435.974085936323,0.0
1790153227,8,,Aggregated,0.000000,0.000000,2000,2000,62000,62000,62000,62000,62000,62000,62000,62000,62000,88,0,2100,14186.387556642421,120.69522257615614,62137.47922191396,40.72727272727273
1790153228,8,POST,completion,0.000000,0.000000,62000,62000,62000,62000,62000,62000,62000,62000,62000,62000,62000,30,0,46000,37970.77651470123,2017.2139930073172,62137.47922191396,119.46666666666667
1790153228,8,TPOT,completion,0.000000,0.000000,470,470,470,470,470,470,470,470,470,470,470,28,0,360,291.90163519837154,120.69522257615614,473.29947988935345,0.0
1790153228,8,TTFT,completion,0.000000,0.000000,2000,2000,2000,2000,2000,2000,2000,2000,2000,2000,2000,30,0,2100,3370.1854585980377,1622.394263977185,13435.974085936323,0.0
1790153228,8,,Aggregated,0.000000,0.000000,2000,2000,62000,62000,62000,62000,62000,62000,62000,62000,62000,88,0,2100,14186.387556642421,120.69522257615614,62137.47922191396,40.72727272727273
1790153229,8,POST,completion,0.100000,0.000000,62000,62000,63000,63000,63000,63000,63000,63000,63000,63000,63000,32,0,48000,39464.14818712219,2017.2139930073172,62728.68551383726,120.0
1790153229,8,TPOT,completion,0.100000,0.000000,470,470,480,480,480,480,480,480,480,480,480,30,0,360,303.6904749906014,120.69522257615614,475.4783370143433,0.0
1790153229,8,TTFT,completion,0.100000,0.000000,2300,2300,2300,2300,2300,2300,2300,2300,2300,2300,2300,32,0,2100,3305.4796157739474,1622.394263977185,13435.974085936323,0.0
1790153229,8,,Aggregated,0.300000,0.000000,2300,2300,61000,62000,63000,63000,63000,63000,63000,63000,63000,94,0,2100,14656.795786621222,120.69522257615614,62728.68551383726,40.851063829787236
1790153230,8,POST,completion,0.100000,0.000000,62000,62000,63000,63000,63000,63000,63000,63000,63000,63000,63000,32,0,48000,39464.14818712219,2017.2139930073172,62728.68551383726,120.0
1790153230,8,TPOT,completion,0.100000,0.000000,470,470,480,480,480,480,480,480,480,480,480,30,0,360,303.6904749906014,120.69522257615614,475.4783370143433,0.0
1790153230,8,TTFT,completion,0.100000,0.000000,2300,2300,2300,2300,2300,2300,2300,2300,2300,2300,2300,32,0,2100,3305.4796157739474,1622.394263977185,13435.974085936323,0.0
1790153230,8,,Aggregated,0.300000,0.000000,2300,2300,61000,62000,63000,63000,63000,63000,63000,63000,63000,94,0,2100,14656.795786621222,120.69522257615614,62728.68551383726,40.851063829787236
1790153231,8,POST,completion,0.100000,0.000000,62000,62000,63000,63000,63000,63000,63000,63000,63000,63000,63000,32,0,48000,39464.14818712219,2017.2139930073172,62728.68551383726,120.0
1790153231,8,TPOT,completion,0.100000,0.000000,470,470,480,480,480,480,480,480,480,480,480,30,0,360,303.6904749906014,120.69522257615614,475.4783370143433,0.0
1790153231,8,TTFT,completion,0.100000,0.000000,2300,2300,2300,2300,2300,2300,2300,2300,2300,2300,2300,32,0,2100,3305.4796157739474,1622.394263977185,13435.974085936323,0.0
1790153231,8,,Aggregated,0.300000,0.000000,2300,2300,61000,62000,63000,63000,63000,63000,63000,63000,63000,94,0,2100,14656.795786621222,120.69522257615614,62728.68551383726,40.851063829787236
1790153232,8,POST,completion,0.100000,0.000000,62000,62000,63000,63000,63000,63000,63000,63000,63000,63000,63000,32,0,48000,39464.14818712219,2017.2139930073172,62728.68551383726,120.0
1790153232,8,TPOT,completion,0.100000,0.000000,470,470,480,480,480,480,480,480,480,480,480,30,0,360,303.6904749906014,120.69522257615614,475.4783370143433,0.0
1790153232,8,TTFT,completion,0.100000,0.000000,2300,2300,2300,2300,2300,2300,2300,2300,2300,2300,2300,32,0,2100,3305.4796157739474,1622.394263977185,13435.974085936323,0.0
1790153232,8,,Aggregated,0.300000,0.000000,2300,2300,61000,62000,63000,63000,63000,63000,63000,63000,63000,94,0,2100,14656.795786621222,120.69522257615614,62728.68551383726,40.851063829787236
1790153233,8,POST,completion,0.100000,0.000000,62000,62000,63000,63000,63000,63000,63000,63000,63000,63000,63000,32,0,48000,39464.14818712219,2017.2139930073172,62728.68551383726,120.0
1790153233,8,TPOT,completion,0.100000,0.000000,470,470,480,480,480,480,480,480,480,480,480,30,0,360,303.6904749906014,120.69522257615614,475.4783370143433,0.0
1790153233,8,TTFT,completion,0.100000,0.000000,2300,2300,2300,2300,2300,2300,2300,2300,2300,2300,2300,32,0,2100,3305.4796157739474,1622.394263977185,13435.974085936323,0.0
1790153233,8,,Aggregated,0.300000,0.000000,2300,2300,61000,62000,63000,63000,63000,63000,63000,63000,63000,94,0,2100,14656.795786621222,120.69522257615614,62728.68551383726,40.851063829787236
1790153234,8,POST,completion,0.100000,0.000000,62000,62000,63000,63000,63000,63000,63000,63000,63000,63000,63000,32,0,48000,39464.14818712219,2017.2139930073172,62728.68551383726,120.0
1790153234,8,TPOT,completion,0.100000,0.000000,470,470,480,480,480,480,480,480,480,480,480,30,0,360,303.6904749906014,120.69522257615614,475.4783370143433,0.0
1790153234,8,TTFT,completion,0.100000,0.000000,2300,2300,2300,2300,2300,2300,2300,2300,2300,2300,2300,32,0,2100,3305.4796157739474,1622.394263977185,13435.974085936323,0.0
1790153234,8,,Aggregated,0.300000,0.000000,2300,2300,61000,62000,63000,63000,63000,63000,63000,63000,63000,94,0,2100,14656.795786621222,120.69522257615614,62728.68551383726,40.851063829787236
1790153235,8,POST,completion,0.100000,0.000000,62000,62000,63000,63000,63000,63000,63000,63000,63000,63000,63000,32,0,48000,39464.14818712219,2017.2139930073172,62728.68551383726,120.0
1790153235,8,TPOT,completion,0.100000,0.000000,470,470,480,480,480,480,480,480,480,480,480,30,0,360,303.6904749906014,120.69522257615614,475.4783370143433,0.0
1790153235,8,TTFT,completion,0.100000,0.000000,2300,2300,2300,2300,2300,2300,2300,2300,2300,2300,2300,32,0,2100,3305.4796157739474,1622.394263977185,13435.974085936323,0.0
1790153235,8,,Aggregated,0.300000,0.000000,2300,2300,61000,62000,63000,63000,63000,63000,63000,63000,63000,94,0,2100,14656.795786621222,120.69522257615614,62728.68551383726,40.851063829787236
1790153236,8,POST,completion,0.100000,0.000000,63000,63000,63000,63000,63000,63000,63000,63000,63000,63000,63000,32,0,48000,39464.14818712219,2017.2139930073172,62728.68551383726,120.0
1790153236,8,TPOT,completion,0.100000,0.000000,480,480,480,480,480,480,480,480,480,480,480,30,0,360,303.6904749906014,120.69522257615614,475.4783370143433,0.0
1790153236,8,TTFT,completion,0.100000,0.000000,2300,2300,2300,2300,2300,2300,2300,2300,2300,2300,2300,32,0,2100,3305.4796157739474,1622.394263977185,13435.974085936323,0.0
1790153236,8,,Aggregated,0.300000,0.000000,2300,2300,61000,61000,63000,63000,63000,63000,63000,63000,63000,94,0,2100,14656.795786621222,120.69522257615614,62728.68551383726,40.851063829787236
1790153237,8,POST,completion,0.100000,0.000000,63000,63000,63000,63000,63000,63000,63000,63000,63000,63000,63000,32,0,48000,39464.14818712219,2017.2139930073172,62728.68551383726,120.0
1790153237,8,TPOT,completion,0.100000,0.000000,480,480,480,480,480,480,480,480,480,480,480,30,0,360,303.6904749906014,120.69522257615614,475.4783370143433,0.0
1790153237,8,TTFT,completion,0.100000,0.000000,2300,2300,2300,2300,2300,2300,2300,2300,2300,2300,2300,32,0,2100,3305.4796157739474,1622.394263977185,13435.974085936323,0.0
1790153237,8,,Aggregated,0.300000,0.000000,2300,2300,61000,61000,63000,63000,63000,63000,63000,63000,63000,94,0,2100,14656.795786621222,120.69522257615614,62728.68551383726,40.851063829787236
1790153238,8,POST,completion,0.100000,0.000000,61000,61000,61000,61000,61000,61000,61000,61000,61000,61000,61000,32,0,48000,39464.14818712219,2017.2139930073172,62728.68551383726,120.0
1790153238,8,TPOT,completion,0.100000,0.000000,460,460,460,460,460,460,460,460,460,460,460,30,0,360,303.6904749906014,120.69522257615614,475.4783370143433,0.0
1790153238,8,TTFT,completion,0.100000,0.000000,2300,2300,2300,2300,2300,2300,2300,2300,2300,2300,2300,32,0,2100,3305.4796157739474,1622.394263977185,13435.974085936323,0.0
1790153238,8,,Aggregated,0.300000,0.000000,2300,2300,61000,61000,61000,61000,61000,61000,61000,61000,61000,94,0,2100,14656.795786621222,120.69522257615614,62728.68551383726,40.851063829787236
1790153239,8,POST,completion,0.100000,0.000000,61000,61000,61000,61000,61000,61000,61000,61000,61000,61000,61000,32,0,48000,39464.14818712219,2017.2139930073172,62728.68551383726,120.0
1790153239,8,TPOT,completion,0.100000,0.000000,460,460,460,460,460,460,460,460,460,460,460,30,0,360,303.6904749906014,120.69522257615614,475.4783370143433,0.0
1790153239,8,TTFT,completion,0.100000,0.000000,2300,2300,2300,2300,2300,2300,2300,2300,2300,2300,2300,32,0,2100,3305.4796157739474,1622.394263977185,13435.974085936323,0.0
1790153239,8,,Aggregated,0.300000,0.000000,2300,2300,61000,61000,61000,61000,61000,61000,61000,61000,61000,94,0,2100,14656.795786621222,120.69522257615614,62728.68551383726,40.851063829787236
1790153240,8,POST,completion,0.100000,0.000000,61000,61000,61000,61000,61000,61000,61000,61000,61000,61000,61000,32,0,48000,39464.14818712219,2017.2139930073172,62728.68551383726,120.0
1790153240,8,TPOT,completion,0.100000,0.000000,460,460,460,460,460,460,460,460,460,460,460,30,0,360,303.6904749906014,120.69522257615614,475.4783370143433,0.0
1790153240,8,TTFT,completion,0.100000,0.000000,2300,2300,2300,2300,2300,2300,2300,2300,2300,2300,2300,32,0,2100,3305.4796157739474,1622.394263977185,13435.974085936323,0.0
1790153240,8,,Aggregated,0.300000,0.000000,2300,2300,61000,61000,61000,61000,61000,61000,61000,61000,61000,94,0,2100,14656.795786621222,120.69522257615614,62728.68551383726,40.851063829787236
1790153241,8,POST,completion,0.100000,0.000000,61000,61000,61000,61000,61000,61000,61000,61000,61000,61000,61000,32,0,48000,39464.14818712219,2017.2139930073172,62728.68551383726,120.0
1790153241,8,TPOT,completion,0.100000,0.000000,460,460,460,460,460,460,460,460,460,460,460,30,0,360,303.6904749906014,120.69522257615614,475.4783370143433,0.0
1790153241,8,TTFT,completion,0.100000,0.000000,2300,2300,2300,2300,2300,2300,2300,2300,2300,2300,2300,32,0,2100,3305.4796157739474,1622.394263977185,13435.974085936323,0.0
1790153241,8,,Aggregated,0.300000,0.000000,2300,2300,61000,61000,61000,61000,61000,61000,61000,61000,61000,94,0,2100,14656.795786621222,120.69522257615614,62728.68551383726,40.851063829787236
1790153242,8,POST,completion,0.100000,0.000000,61000,61000,61000,61000,61000,61000,61000,61000,61000,61000,61000,32,0,48000,39464.14818712219,2017.2139930073172,62728.68551383726,120.0
1790153242,8,TPOT,completion,0.100000,0.000000,460,460,460,460,460,460,460,460,460,460,460,30,0,360,303.6904749906014,120.69522257615614,475.4783370143433,0.0
1790153242,8,TTFT,completion,0.100000,0.000000,2300,2300,2300,2300,2300,2300,2300,2300,2300,2300,2300,32,0,2100,3305.4796157739474,1622.394263977185,13435.974085936323,0.0
1790153242,8,,Aggregated,0.300000,0.000000,2300,2300,61000,61000,61000,61000,61000,61000,61000,61000,61000,94,0,2100,14656.795786621222,120.69522257615614,62728.68551383726,40.851063829787236
1790153243,8,POST,completion,0.100000,0.000000,61000,61000,61000,61000,61000,61000,61000,61000,61000,61000,61000,32,0,48000,39464.14818712219,2017.2139930073172,62728.68551383726,120.0
1790153243,8,TPOT,completion,0.100000,0.000000,460,460,460,460,460,460,460,460,460,460,460,30,0,360,303.6904749906014,120.69522257615614,475.4783370143433,0.0
1790153243,8,TTFT,completion,0.100000,0.000000,2300,2300,2300,2300,2300,2300,2300,2300,2300,2300,2300,32,0,2100,3305.4796157739474,1622.394263977185,13435.974085936323,0.0
1790153243,8,,Aggregated,0.300000,0.000000,2300,2300,61000,61000,61000,61000,61000,61000,61000,61000,61000,94,0,2100,14656.795786621222,120.69522257615614,62728.68551383726,40.851063829787236
1790153244,8,POST,completion,0.100000,0.000000,61000,61000,61000,61000,61000,61000,61000,61000,61000,61000,61000,32,0,48000,39464.14818712219,2017.2139930073172,62728.68551383726,120.0
1790153244,8,TPOT,completion,0.100000,0.000000,460,460,460,460,460,460,460,460,460,460,460,30,0,360,303.6904749906014,120.69522257615614,475.4783370143433,0.0
1790153244,8,TTFT,completion,0.100000,0.000000,2300,2300,2300,2300,2300,2300,2300,2300,2300,2300,2300,32,0,2100,3305.4796157739474,1622.394263977185,13435.974085936323,0.0
1790153244,8,,Aggregated,0.300000,0.000000,2300,2300,61000,61000,61000,61000,61000,61000,61000,61000,61000,94,0,2100,14656.795786621222,120.69522257615614,62728.68551383726,40.851063829787236
1790153245,8,POST,completion,0.100000,0.000000,61000,61000,61000,61000,61000,61000,61000,61000,61000,61000,61000,32,0,48000,39464.14818712219,2017.2139930073172,62728.68551383726,120.0
1790153245,8,TPOT,completion,0.100000,0.000000,460,460,460,460,460,460,460,460,460,460,460,30,0,360,303.6904749906014,120.69522257615614,475.4783370143433,0.0
1790153245,8,TTFT,completion,0.100000,0.000000,2300,2300,2300,2300,2300,2300,2300,2300,2300,2300,2300,32,0,2100,3305.4796157739474,1622.394263977185,13435.974085936323,0.0
1790153245,8,,Aggregated,0.300000,0.000000,2300,2300,61000,61000,61000,61000,61000,61000,61000,61000,61000,94,0,2100,14656.795786621222,120.69522257615614,62728.68551383726,40.851063829787236
1790153246,8,POST,completion,0.100000,0.000000,61000,61000,61000,61000,61000,61000,61000,61000,61000,61000,61000,32,0,48000,39464.14818712219,2017.2139930073172,62728.68551383726,120.0
1790153246,8,TPOT,completion,0.100000,0.000000,460,460,460,460,460,460,460,460,460,460,460,30,0,360,303.6904749906014,120.69522257615614,475.4783370143433,0.0
1790153246,8,TTFT,completion,0.100000,0.000000,2300,2300,2300,2300,2300,2300,2300,2300,2300,2300,2300,32,0,2100,3305.4796157739474,1622.394263977185,13435.974085936323,0.0
1790153246,8,,Aggregated,0.300000,0.000000,2300,2300,61000,61000,61000,61000,61000,61000,61000,61000,61000,94,0,2100,14656.795786621222,120.69522257615614,62728.68551383726,40.851063829787236
1790153247,8,POST,completion,0.100000,0.000000,0,0,0,0,0,0,0,0,0,0,0,32,0,48000,39464.14818712219,2017.2139930073172,62728.68551383726,120.0
1790153247,8,TPOT,completion,0.100000,0.000000,0,0,0,0,0,0,0,0,0,0,0,30,0,360,303.6904749906014,120.69522257615614,475.4783370143433,0.0
1790153247,8,TTFT,completion,0.100000,0.000000,0,0,0,0,0,0,0,0,0,0,0,32,0,2100,3305.4796157739474,1622.394263977185,13435.974085936323,0.0
1790153247,8,,Aggregated,0.300000,0.000000,0,0,0,0,0,0,0,0,0,0,0,94,0,2100,14656.795786621222,120.69522257615614,62728.68551383726,40.851063829787236
1790153248,8,POST,completion,0.100000,0.000000,0,0,0,0,0,0,0,0,0,0,0,32,0,48000,39464.14818712219,2017.2139930073172,62728.68551383726,120.0
1790153248,8,TPOT,completion,0.100000,0.000000,0,0,0,0,0,0,0,0,0,0,0,30,0,360,303.6904749906014,120.69522257615614,475.4783370143433,0.0
1790153248,8,TTFT,completion,0.100000,0.000000,0,0,0,0,0,0,0,0,0,0,0,32,0,2100,3305.4796157739474,1622.394263977185,13435.974085936323,0.0
1790153248,8,,Aggregated,0.300000,0.000000,0,0,0,0,0,0,0,0,0,0,0,94,0,2100,14656.795786621222,120.69522257615614,62728.68551383726,40.851063829787236
1790153249,8,POST,completion,0.100000,0.000000,0,0,0,0,0,0,0,0,0,0,0,32,0,48000,39464.14818712219,2017.2139930073172,62728.68551383726,120.0
1790153249,8,TPOT,completion,0.100000,0.000000,0,0,0,0,0,0,0,0,0,0,0,30,0,360,303.6904749906014,120.69522257615614,475.4783370143433,0.0
1790153249,8,TTFT,completion,0.100000,0.000000,0,0,0,0,0,0,0,0,0,0,0,32,0,2100,3305.4796157739474,1622.394263977185,13435.974085936323,0.0
1790153249,8,,Aggregated,0.300000,0.000000,0,0,0,0,0,0,0,0,0,0,0,94,0,2100,14656.795786621222,120.69522257615614,62728.68551383726,40.851063829787236
1790153250,8,POST,completion,0.100000,0.000000,0,0,0,0,0,0,0,0,0,0,0,32,0,48000,39464.14818712219,2017.2139930073172,62728.68551383726,120.0
1790153250,8,TPOT,completion,0.100000,0.000000,0,0,0,0,0,0,0,0,0,0,0,30,0,360,303.6904749906014,120.69522257615614,475.4783370143433,0.0
1790153250,8,TTFT,completion,0.100000,0.000000,0,0,0,0,0,0,0,0,0,0,0,32,0,2100,3305.4796157739474,1622.394263977185,13435.974085936323,0.0
1790153250,8,,Aggregated,0.300000,0.000000,0,0,0,0,0,0,0,0,0,0,0,94,0,2100,14656.795786621222,120.69522257615614,62728.68551383726,40.851063829787236
1790153251,8,POST,completion,0.100000,0.000000,0,0,0,0,0,0,0,0,0,0,0,32,0,48000,39464.14818712219,2017.2139930073172,62728.68551383726,120.0
1790153251,8,TPOT,completion,0.100000,0.000000,0,0,0,0,0,0,0,0,0,0,0,30,0,360,303.6904749906014,120.69522257615614,475.4783370143433,0.0
1790153251,8,TTFT,completion,0.100000,0.000000,0,0,0,0,0,0,0,0,0,0,0,32,0,2100,3305.4796157739474,1622.394263977185,13435.974085936323,0.0
1790153251,8,,Aggregated,0.300000,0.000000,0,0,0,0,0,0,0,0,0,0,0,94,0,2100,14656.795786621222,120.69522257615614,62728.68551383726,40.851063829787236
