Timestamp,User Count,Type,Name,Requests/s,Failures/s,50%,66%,75%,80%,90%,95%,98%,99%,99.9%,99.99%,100%,Total Request Count,Total Failure Count,Total Median Response Time,Total Average Response Time,Total Min Response Time,Total Max Response Time,Total Average Content Size
1790157086,0,,Aggregated,0.000000,0.000000,N/A,N/A,N/A,N/A,N/A,N/A,N/A,N/A,N/A,N/A,N/A,0,0,0,0.0,0,0,0
1790157087,1,,Aggregated,0.000000,0.000000,N/A,N/A,N/A,N/A,N/A,N/A,N/A,N/A,N/A,N/A,N/A,0,0,0,0.0,0,0,0
1790157088,2,,Aggregated,0.000000,0.000000,N/A,N/A,N/A,N/A,N/A,N/A,N/A,N/A,N/A,N/A,N/A,0,0,0,0.0,0,0,0
1790157089,3,,Aggregated,0.000000,0.000000,N/A,N/A,N/A,N/A,N/A,N/A,N/A,N/A,N/A,N/A,N/A,0,0,0,0.0,0,0,0
1790157090,4,,Aggregated,0.000000,0.000000,N/A,N/A,N/A,N/A,N/A,N/A,N/A,N/A,N/A,N/A,N/A,0,0,0,0.0,0,0,0
1790157091,5,,Aggregated,0.000000,0.000000,N/A,N/A,N/A,N/A,N/A,N/A,N/A,N/A,N/A,N/A,N/A,0,0,0,0.0,0,0,0
1790157092,6,,Aggregated,0.000000,0.000000,N/A,N/A,N/A,N/A,N/A,N/A,N/A,N/A,N/A,N/A,N/A,0,0,0,0.0,0,0,0
1790157093,7,,Aggregated,0.000000,0.000000,N/A,N/A,N/A,N/A,N/A,N/A,N/A,N/A,N/A,N/A,N/A,0,0,0,0.0,0,0,0
1790157094,8,,Aggregated,0.000000,0.000000,N/A,N/A,N/A,N/A,N/A,N/A,N/A,N/A,N/A,N/A,N/A,0,0,0,0.0,0,0,0
1790157095,9,,Aggregated,0.000000,0.000000,N/A,N/A,N/A,N/A,N/A,N/A,N/A,N/A,N/A,N/A,N/A,0,0,0,0.0,0,0,0
1790157096,10,,Aggregated,0.000000,0.000000,N/A,N/A,N/A,N/A,N/A,N/A,N/A,N/A,N/A,N/A,N/A,0,0,0,0.0,0,0,0
1790157097,11,,Aggregated,0.000000,0.000000,N/A,N/A,N/A,N/A,N/A,N/A,N/A,N/A,N/A,N/A,N/A,0,0,0,0.0,0,0,0
1790157098,12,,Aggregated,0.000000,0.000000,N/A,N/A,N/A,N/A,N/A,N/A,N/A,N/A,N/A,N/A,N/A,0,0,0,0.0,0,0,0
1790157099,12,,Aggregated,0.000000,0.000000,N/A,N/A,N/A,N/A,N/A,N/A,N/A,N/A,N/A,N/A,N/A,0,0,0,0.0,0,0,0
1790157100,12,,Aggregated,0.000000,0.000000,N/A,N/A,N/A,N/A,N/A,N/A,N/A,N/A,N/A,N/A,N/A,0,0,0,0.0,0,0,0
1790157101,12,,Aggregated,0.000000,0.000000,N/A,N/A,N/A,N/A,N/A,N/A,N/A,N/A,N/A,N/A,N/A,0,0,0,0.0,0,0,0
1790157102,12,,Aggregated,0.000000,0.000000,N/A,N/A,N/A,N/A,N/A,N/A,N/A,N/A,N/A,N/A,N/A,0,0,0,0.0,0,0,0
1790157103,12,,Aggregated,0.000000,0.000000,N/A,N/A,N/A,N/A,N/A,N/A,N/A,N/A,N/A,N/A,N/A,0,0,0,0.0,0,0,0
1790157105,12,,Aggregated,0.000000,0.000000,N/A,N/A,N/A,N/A,N/A,N/A,N/A,N/A,N/A,N/A,N/A,0,0,0,0.0,0,0,0
1790157106,12,,Aggregated,0.000000,0.000000,N/A,N/A,N/A,N/A,N/A,N/A,N/A,N/A,N/A,N/A,N/A,0,0,0,0.0,0,0,0
1790157107,12,,Aggregated,0.000000,0.000000,N/A,N/A,N/A,N/A,N/A,N/A,N/A,N/A,N/A,N/A,N/A,0,0,0,0.0,0,0,0
1790157108,12,,Aggregated,0.000000,0.000000,N/A,N/A,N/A,N/A,N/A,N/A,N/A,N/A,N/A,N/A,N/A,0,0,0,0.0,0,0,0
1790157109,12,,Aggregated,0.000000,0.000000,N/A,N/A,N/A,N/A,N/A,N/A,N/A,N/A,N/A,N/A,N/A,0,0,0,0.0,0,0,0
1790157110,12,,Aggregated,0.000000,0.000000,N/A,N/A,N/A,N/A,N/A,N/A,N/A,N/A,N/A,N/A,N/A,0,0,0,0.0,0,0,0
1790157111,12,,Aggregated,0.000000,0.000000,N/A,N/A,N/A,N/A,N/A,N/A,N/A,N/A,N/A,N/A,N/A,0,0,0,0.0,0,0,0
1790157112,12,,Aggregated,0.000000,0.000000,N/A,N/A,N/A,N/A,N/A,N/A,N/A,N/A,N/A,N/A,N/A,0,0,0,0.0,0,0,0
1790157113,12,,Aggregated,0.000000,0.000000,N/A,N/A,N/A,N/A,N/A,N/A,N/A,N/A,N/A,N/A,N/A,0,0,0,0.0,0,0,0
1790157114,12,,Aggregated,0.000000,0.000000,N/A,N/A,N/A,N/A,N/A,N/A,N/A,N/A,N/A,N/A,N/A,0,0,0,0.0,0,0,0
1790157115,12,,Aggregated,0.000000,0.000000,N/A,N/A,N/A,N/A,N/A,N/A,N/A,N/A,N/A,N/A,N/A,0,0,0,0.0,0,0,0
1790157116,12,,Aggregated,0.000000,0.000000,N/A,N/A,N/A,N/A,N/A,N/A,N/A,N/A,N/A,N/A,N/A,0,0,0,0.0,0,0,0
1790157117,12,,Aggregated,0.000000,0.000000,N/A,N/A,N/A,N/A,N/A,N/A,N/A,N/A,N/A,N/A,N/A,0,0,0,0.0,0,0,0
1790157118,12,,Aggregated,0.000000,0.000000,N/A,N/A,N/A,N/A,N/A,N/A,N/A,N/A,N/A,N/A,N/A,0,0,0,0.0,0,0,0
1790157119,12,,Aggregated,0.000000,0.000000,N/A,N/A,N/A,N/A,N/A,N/A,N/A,N/A,N/A,N/A,N/A,0,0,0,0.0,0,0,0
1790157120,12,,Aggregated,0.000000,0.000000,N/A,N/A,N/A,N/A,N/A,N/A,N/A,N/A,N/A,N/A,N/A,0,0,0,0.0,0,0,0
1790157121,12,,Aggregated,0.000000,0.000000,N/A,N/A,N/A,N/A,N/A,N/A,N/A,N/A,N/A,N/A,N/A,0,0,0,0.0,0,0,0
1790157122,12,,Aggregated,0.000000,0.000000,N/A,N/A,N/A,N/A,N/A,N/A,N/A,N/A,N/A,N/A,N/A,0,0,0,0.0,0,0,0
1790157123,12,,Aggregated,0.000000,0.000000,N/A,N/A,N/A,N/A,N/A,N/A,N/A,N/A,N/A,N/A,N/A,0,0,0,0.0,0,0,0
1790157124,12,POST,completion,0.000000,0.000000,0,0,0,0,0,0,0,0,0,0,0,5,0,28000,27833.292875997722,25835.206421092153,29966.404658043757,128.0
1790157124,12,TPOT,completion,0.000000,0.000000,0,0,0,0,0,0,0,0,0,0,0,5,0,200,203.5752518205192,182.60245777915898,224.36115607861282,0.0
1790157124,12,TTFT,completion,0.000000,0.000000,0,0,0,0,0,0,0,0,0,0,0,5,0,1700,1979.1851388290524,1472.4647449329495,2644.6552991401404,0.0
1790157124,12,,Aggregated,0.000000,0.000000,0,0,0,0,0,0,0,0,0,0,0,15,0,1700,10005.351088882431,182.60245777915898,29966.404658043757,42.666666666666664
1790157125,12,POST,completion,0.000000,0.000000,28000,29000,29000,30000,30000,30000,30000,30000,30000,30000,30000,5,0,28000,27833.292875997722,25835.206421092153,29966.404658043757,128.0
1790157125,12,TPOT,completion,0.000000,0.000000,200,210,210,220,220,220,220,220,220,220,220,5,0,200,203.5752518205192,182.60245777915898,224.36115607861282,0.0
1790157125,12,TTFT,completion,0.000000,0.000000,1700,2500,2500,2600,2600,2600,2600,2600,2600,2600,2600,5,0,1700,1979.1851388290524,1472.4647449329495,2644.6552991401404,0.0
1790157125,12,,Aggregated,0.000000,0.000000,0,0,0,0,0,0,0,0,0,0,0,15,0,1700,10005.351088882431,182.60245777915898,29966.404658043757,42.666666666666664
1790157126,12,POST,completion,0.000000,0.000000,28000,29000,29000,30000,30000,30000,30000,30000,30000,30000,30000,5,0,28000,27833.292875997722,25835.206421092153,29966.404658043757,128.0
1790157126,12,TPOT,completion,0.000000,0.000000,200,210,210,220,220,220,220,220,220,220,220,5,0,200,203.5752518205192,182.60245777915898,224.36115607861282,0.0
1790157126,12,TTFT,completion,0.000000,0.000000,1700,2500,2500,2600,2600,2600,2600,2600,2600,2600,2600,5,0,1700,1979.1851388290524,1472.4647449329495,2644.6552991401404,0.0
1790157126,12,,Aggregated,0.000000,0.000000,0,0,0,0,0,0,0,0,0,0,0,15,0,1700,10005.351088882431,182.60245777915898,29966.404658043757,42.666666666666664
1790157127,12,POST,completion,0.000000,0.000000,28000,29000,29000,30000,30000,30000,30000,30000,30000,30000,30000,5,0,28000,27833.292875997722,25835.206421092153,29966.404658043757,128.0
1790157127,12,TPOT,completion,0.000000,0.000000,200,210,210,220,220,220,220,220,220,220,220,5,0,200,203.5752518205192,182.60245777915898,224.36115607861282,0.0
1790157127,12,TTFT,completion,0.000000,0.000000,1700,2500,2500,2600,2600,2600,2600,2600,2600,2600,2600,5,0,1700,1979.1851388290524,1472.4647449329495,2644.6552991401404,0.0
1790157127,12,,Aggregated,0.000000,0.000000,0,0,0,0,0,0,0,0,0,0,0,15,0,1700,10005.351088882431,182.60245777915898,29966.404658043757,42.666666666666664
1790157128,12,POST,completion,0.000000,0.000000,28000,29000,29000,30000,30000,30000,30000,30000,30000,30000,30000,5,0,28000,27833.292875997722,25835.206421092153,29966.404658043757,128.0
1790157128,12,TPOT,completion,0.000000,0.000000,200,210,210,220,220,220,220,220,220,220,220,5,0,200,203.5752518205192,182.60245777915898,224.36115607861282,0.0
1790157128,12,TTFT,completion,0.000000,0.000000,1700,2500,2500,2600,2600,2600,2600,2600,2600,2600,2600,5,0,1700,1979.1851388290524,1472.4647449329495,2644.6552991401404,0.0
1790157128,12,,Aggregated,0.000000,0.000000,0,0,0,0,0,0,0,0,0,0,0,15,0,1700,10005.351088882431,182.60245777915898,29966.404658043757,42.666666666666664
1790157129,12,POST,completion,0.500000,0.000000,28000,28000,29000,29000,30000,30000,30000,30000,30000,30000,30000,6,0,28000,27103.23831400213,23452.965504024178,29966.404658043757,128.0
1790157129,12,TPOT,completion,0.500000,0.000000,200,200,210,210,220,220,220,220,220,220,220,6,0,200,198.36205165995787,172.29605085715124,224.36115607861282,0.0
1790157129,12,TTFT,completion,0.500000,0.000000,1700,1700,2500,2500,2600,2600,2600,2600,2600,2600,2600,6,0,1700,1911.207225212517,1472.4647449329495,2644.6552991401404,0.0
1790157129,12,,Aggregated,1.500000,0.000000,0,0,0,0,0,0,0,0,0,0,0,18,0,1700,9737.602530291535,172.29605085715124,29966.404658043757,42.666666666666664
1790157130,12,POST,completion,0.500000,0.000000,28000,28000,29000,29000,30000,30000,30000,30000,30000,30000,30000,6,0,28000,27103.23831400213,23452.965504024178,29966.404658043757,128.0
1790157130,12,TPOT,completion,0.500000,0.000000,200,200,210,210,220,220,220,220,220,220,220,6,0,200,198.36205165995787,172.29605085715124,224.36115607861282,0.0
1790157130,12,TTFT,completion,0.500000,0.000000,1700,1700,2500,2500,2600,2600,2600,2600,2600,2600,2600,6,0,1700,1911.207225212517,1472.4647449329495,2644.6552991401404,0.0
1790157130,12,,Aggregated,1.500000,0.000000,1600,1600,23000,23000,23000,23000,23000,23000,23000,23000,23000,18,0,1700,9737.602530291535,172.29605085715124,29966.404658043757,42.666666666666664
1790157131,12,POST,completion,0.500000,0.000000,26000,28000,29000,29000,30000,30000,30000,30000,30000,30000,30000,7,0,26000,26376.664467588333,22017.221389105543,29966.404658043757,128.0
1790157131,12,TPOT,completion,0.500000,0.000000,190,200,210,210,220,220,220,220,220,220,220,7,0,190,193.06253296735878,161.26542081176413,224.36115607861282,0.0
1790157131,12,TTFT,completion,0.500000,0.000000,1600,1700,2500,2500,2600,2600,2600,2600,2600,2600,2600,7,0,1600,1857.6724026019551,1472.4647449329495,2644.6552991401404,0.0
1790157131,12,,Aggregated,1.500000,0.000000,1600,1600,22000,22000,23000,23000,23000,23000,23000,23000,23000,21,0,1600,9475.79980105255,161.26542081176413,29966.404658043757,42.666666666666664
1790157132,12,POST,completion,0.500000,0.000000,26000,28000,29000,29000,30000,30000,30000,30000,30000,30000,30000,7,0,26000,26376.664467588333,22017.221389105543,29966.404658043757,128.0
1790157132,12,TPOT,completion,0.500000,0.000000,190,200,210,210,220,220,220,220,220,220,220,7,0,190,193.06253296735878,161.26542081176413,224.36115607861282,0.0
1790157132,12,TTFT,completion,0.500000,0.000000,1600,1700,2500,2500,2600,2600,2600,2600,2600,2600,2600,7,0,1600,1857.6724026019551,1472.4647449329495,2644.6552991401404,0.0
1790157132,12,,Aggregated,1.500000,0.000000,1600,1600,22000,22000,23000,23000,23000,23000,23000,23000,23000,21,0,1600,9475.79980105255,161.26542081176413,29966.404658043757,42.666666666666664
1790157133,12,POST,completion,0.500000,0.000000,26000,28000,29000,29000,30000,30000,30000,30000,30000,30000,30000,7,0,26000,26376.664467588333,22017.221389105543,29966.404658043757,128.0
1790157133,12,TPOT,completion,0.500000,0.000000,190,200,210,210,220,220,220,220,220,220,220,7,0,190,193.06253296735878,161.26542081176413,224.36115607861282,0.0
1790157133,12,TTFT,completion,0.500000,0.000000,1600,1700,2500,2500,2600,2600,2600,2600,2600,2600,2600,7,0,1600,1857.6724026019551,1472.4647449329495,2644.6552991401404,0.0
1790157133,12,,Aggregated,1.500000,0.000000,1600,1600,22000,22000,23000,23000,23000,23000,23000,23000,23000,21,0,1600,9475.79980105255,161.26542081176413,29966.404658043757,42.666666666666664
1790157134,12,POST,completion,0.500000,0.000000,26000,28000,29000,29000,30000,30000,30000,30000,30000,30000,30000,7,0,26000,26376.664467588333,22017.221389105543,29966.404658043757,128.0
1790157134,12,TPOT,completion,0.500000,0.000000,190,200,210,210,220,220,220,220,220,220,220,7,0,190,193.06253296735878,161.26542081176413,224.36115607861282,0.0
1790157134,12,TTFT,completion,0.500000,0.000000,1600,1700,2500,2500,2600,2600,2600,2600,2600,2600,2600,7,0,1600,1857.6724026019551,1472.4647449329495,2644.6552991401404,0.0
1790157134,12,,Aggregated,1.500000,0.000000,1600,1600,22000,22000,23000,23000,23000,23000,23000,23000,23000,21,0,1600,9475.79980105255,161.26542081176413,29966.404658043757,42.666666666666664
1790157135,12,POST,completion,0.500000,0.000000,26000,28000,29000,29000,30000,30000,30000,30000,30000,30000,30000,7,0,26000,26376.664467588333,22017.221389105543,29966.404658043757,128.0
1790157135,12,TPOT,completion,0.500000,0.000000,190,200,210,210,220,220,220,220,220,220,220,7,0,190,193.06253296735878,161.26542081176413,224.36115607861282,0.0
1790157135,12,TTFT,completion,0.500000,0.000000,1600,1700,2500,2500,2600,2600,2600,2600,2600,2600,2600,7,0,1600,1857.6724026019551,1472.4647449329495,2644.6552991401404,0.0
1790157135,12,,Aggregated,1.500000,0.000000,1600,1600,22000,22000,23000,23000,23000,23000,23000,23000,23000,21,0,1600,9475.79980105255,161.26542081176413,29966.404658043757,42.666666666666664
1790157136,12,POST,completion,0.500000,0.000000,23000,23000,23000,23000,23000,23000,23000,23000,23000,23000,23000,7,0,26000,26376.664467588333,22017.221389105543,29966.404658043757,128.0
1790157136,12,TPOT,completion,0.500000,0.000000,170,170,170,170,170,170,170,170,170,170,170,7,0,190,193.06253296735878,161.26542081176413,224.36115607861282,0.0
1790157136,12,TTFT,completion,0.500000,0.000000,1600,1600,1600,1600,1600,1600,1600,1600,1600,1600,1600,7,0,1600,1857.6724026019551,1472.4647449329495,2644.6552991401404,0.0
1790157136,12,,Aggregated,1.500000,0.000000,1600,1600,22000,22000,23000,23000,23000,23000,23000,23000,23000,21,0,1600,9475.79980105255,161.26542081176413,29966.404658043757,42.666666666666664
1790157137,12,POST,completion,0.500000,0.000000,23000,23000,23000,23000,23000,23000,23000,23000,23000,23000,23000,7,0,26000,26376.664467588333,22017.221389105543,29966.404658043757,128.0
1790157137,12,TPOT,completion,0.500000,0.000000,170,170,170,170,170,170,170,170,170,170,170,7,0,190,193.06253296735878,161.26542081176413,224.36115607861282,0.0
1790157137,12,TTFT,completion,0.500000,0.000000,1600,1600,1600,1600,1600,1600,1600,1600,1600,1600,1600,7,0,1600,1857.6724026019551,1472.4647449329495,2644.6552991401404,0.0
1790157137,12,,Aggregated,1.500000,0.000000,1600,1600,22000,22000,23000,23000,23000,23000,23000,23000,23000,21,0,1600,9475.79980105255,161.26542081176413,29966.404658043757,42.666666666666664
1790157138,12,POST,completion,0.500000,0.000000,23000,23000,23000,23000,23000,23000,23000,23000,23000,23000,23000,7,0,26000,26376.664467588333,22017.221389105543,29966.404658043757,128.0
1790157138,12,TPOT,completion,0.500000,0.000000,170,170,170,170,170,170,170,170,170,170,170,7,0,190,193.06253296735878,161.26542081176413,224.36115607861282,0.0
1790157138,12,TTFT,completion,0.500000,0.000000,1600,1600,1600,1600,1600,1600,1600,1600,1600,1600,1600,7,0,1600,1857.6724026019551,1472.4647449329495,2644.6552991401404,0.0
1790157138,12,,Aggregated,1.500000,0.000000,1600,1600,22000,22000,23000,23000,23000,23000,23000,23000,23000,21,0,1600,9475.79980105255,161.26542081176413,29966.404658043757,42.666666666666664
1790157139,12,POST,completion,0.500000,0.000000,22000,22000,22000,22000,22000,22000,22000,22000,22000,22000,22000,7,0,26000,26376.664467588333,22017.221389105543,29966.404658043757,128.0
1790157139,12,TPOT,completion,0.500000,0.000000,160,160,160,160,160,160,160,160,160,160,160,7,0,190,193.06253296735878,161.26542081176413,224.36115607861282,0.0
1790157139,12,TTFT,completion,0.500000,0.000000,1500,1500,1500,1500,1500,1500,1500,1500,1500,1500,1500,7,0,1600,1857.6724026019551,1472.4647449329495,2644.6552991401404,0.0
1790157139,12,,Aggregated,1.500000,0.000000,1500,1500,22000,22000,22000,22000,22000,22000,22000,22000,22000,21,0,1600,9475.79980105255,161.26542081176413,29966.404658043757,42.666666666666664
1790157140,12,POST,completion,0.500000,0.000000,22000,22000,22000,22000,22000,22000,22000,22000,22000,22000,22000,7,0,26000,26376.664467588333,22017.221389105543,29966.404658043757,128.0
1790157140,12,TPOT,completion,0.500000,0.000000,160,160,160,160,160,160,160,160,160,160,160,7,0,190,193.06253296735878,161.26542081176413,224.36115607861282,0.0
1790157140,12,TTFT,completion,0.500000,0.000000,1500,1500,1500,1500,1500,1500,1500,1500,1500,1500,1500,7,0,1600,1857.6724026019551,1472.4647449329495,2644.6552991401404,0.0
1790157140,12,,Aggregated,1.500000,0.000000,1500,1500,22000,22000,22000,22000,22000,22000,22000,22000,22000,21,0,1600,9475.79980105255,161.26542081176413,29966.404658043757,42.666666666666664
1790157141,12,POST,completion,0.200000,0.000000,23000,23000,23000,23000,23000,23000,23000,23000,23000,23000,23000,8,0,26000,25927.92387274676,22017.221389105543,29966.404658043757,128.0
1790157141,12,TPOT,completion,0.200000,0.000000,170,170,170,170,170,170,170,170,170,170,170,8,0,190,189.7748870796645,161.26542081176413,224.36115607861282,0.0
1790157141,12,TTFT,completion,0.200000,0.000000,1600,1600,1600,1600,1600,1600,1600,1600,1600,1600,1600,8,0,1600,1826.462540018838,1472.4647449329495,2644.6552991401404,0.0
1790157141,12,,Aggregated,0.600000,0.000000,1600,1600,22000,22000,23000,23000,23000,23000,23000,23000,23000,24,0,1600,9314.720433281755,161.26542081176413,29966.404658043757,42.666666666666664
1790157142,12,POST,completion,0.200000,0.000000,22000,22000,23000,23000,23000,23000,23000,23000,23000,23000,23000,9,0,26000,25514.497202226063,22017.221389105543,29966.404658043757,128.0
1790157142,12,TPOT,completion,0.200000,0.000000,160,160,170,170,170,170,170,170,170,170,170,9,0,180,186.04674933059425,156.22164733803237,224.36115607861282,0.0
1790157142,12,TTFT,completion,0.200000,0.000000,1600,1600,2400,2400,2400,2400,2400,2400,2400,2400,2400,9,0,1600,1886.5092894735021,1472.4647449329495,2644.6552991401404,0.0
1790157142,12,,Aggregated,0.600000,0.000000,1600,2400,22000,22000,23000,23000,23000,23000,23000,23000,23000,27,0,1600,9195.68441367672,156.22164733803237,29966.404658043757,42.666666666666664
1790157143,12,POST,completion,0.200000,0.000000,22000,22000,23000,23000,23000,23000,23000,23000,23000,23000,23000,9,0,26000,25514.497202226063,22017.221389105543,29966.404658043757,128.0
1790157143,12,TPOT,completion,0.200000,0.000000,160,160,170,170,170,170,170,170,170,170,170,9,0,180,186.04674933059425,156.22164733803237,224.36115607861282,0.0
1790157143,12,TTFT,completion,0.200000,0.000000,1600,1600,2400,2400,2400,2400,2400,2400,2400,2400,2400,9,0,1600,1886.5092894735021,1472.4647449329495,2644.6552991401404,0.0
1790157143,12,,Aggregated,0.600000,0.000000,1600,2400,22000,22000,23000,23000,23000,23000,23000,23000,23000,27,0,1600,9195.68441367672,156.22164733803237,29966.404658043757,42.666666666666664
1790157144,12,POST,completion,0.200000,0.000000,22000,22000,23000,23000,23000,23000,23000,23000,23000,23000,23000,9,0,26000,25514.497202226063,22017.221389105543,29966.404658043757,128.0
1790157144,12,TPOT,completion,0.200000,0.000000,160,160,170,170,170,170,170,170,170,170,170,9,0,180,186.04674933059425,156.22164733803237,224.36115607861282,0.0
1790157144,12,TTFT,completion,0.200000,0.000000,1600,1600,2400,2400,2400,2400,2400,2400,2400,2400,2400,9,0,1600,1886.5092894735021,1472.4647449329495,2644.6552991401404,0.0
1790157144,12,,Aggregated,0.600000,0.000000,1600,2400,22000,22000,23000,23000,23000,23000,23000,23000,23000,27,0,1600,9195.68441367672,156.22164733803237,29966.404658043757,42.666666666666664
1790157145,12,POST,completion,0.200000,0.000000,23000,23000,23000,23000,23000,23000,23000,23000,23000,23000,23000,9,0,26000,25514.497202226063,22017.221389105543,29966.404658043757,128.0
1790157145,12,TPOT,completion,0.200000,0.000000,170,170,170,170,170,170,170,170,170,170,170,9,0,180,186.04674933059425,156.22164733803237,224.36115607861282,0.0
1790157145,12,TTFT,completion,0.200000,0.000000,2400,2400,2400,2400,2400,2400,2400,2400,2400,2400,2400,9,0,1600,1886.5092894735021,1472.4647449329495,2644.6552991401404,0.0
1790157145,12,,Aggregated,0.600000,0.000000,2400,2400,22000,22000,23000,23000,23000,23000,23000,23000,23000,27,0,1600,9195.68441367672,156.22164733803237,29966.404658043757,42.666666666666664
1790157146,12,POST,completion,0.200000,0.000000,23000,23000,23000,23000,23000,23000,23000,23000,23000,23000,23000,9,0,26000,25514.497202226063,22017.221389105543,29966.404658043757,128.0
1790157146,12,TPOT,completion,0.200000,0.000000,170,170,170,170,170,170,170,170,170,170,170,9,0,180,186.04674933059425,156.22164733803237,224.36115607861282,0.0
1790157146,12,TTFT,completion,0.200000,0.000000,2400,2400,2400,2400,2400,2400,2400,2400,2400,2400,2400,9,0,1600,1886.5092894735021,1472.4647449329495,2644.6552991401404,0.0
1790157146,12,,Aggregated,0.600000,0.000000,2400,2400,22000,22000,23000,23000,23000,23000,23000,23000,23000,27,0,1600,9195.68441367672,156.22164733803237,29966.404658043757,42.666666666666664
1790157147,12,POST,completion,0.200000,0.000000,23000,23000,23000,23000,23000,23000,23000,23000,23000,23000,23000,9,0,26000,25514.497202226063,22017.221389105543,29966.404658043757,128.0
1790157147,12,TPOT,completion,0.200000,0.000000,170,170,170,170,170,170,170,170,170,170,170,9,0,180,186.04674933059425,156.22164733803237,224.36115607861282,0.0
1790157147,12,TTFT,completion,0.200000,0.000000,2400,2400,2400,2400,2400,2400,2400,2400,2400,2400,2400,9,0,1600,1886.5092894735021,1472.4647449329495,2644.6552991401404,0.0
1790157147,12,,Aggregated,0.600000,0.000000,2400,2400,22000,22000,23000,23000,23000,23000,23000,23000,23000,27,0,1600,9195.68441367672,156.22164733803237,29966.404658043757,42.666666666666664
1790157148,12,POST,completion,0.200000,0.000000,23000,23000,23000,23000,23000,23000,23000,23000,23000,23000,23000,9,0,26000,25514.497202226063,22017.221389105543,29966.404658043757,128.0
1790157148,12,TPOT,completion,0.200000,0.000000,170,170,170,170,170,170,170,170,170,170,170,9,0,180,186.04674933059425,156.22164733803237,224.36115607861282,0.0
1790157148,12,TTFT,completion,0.200000,0.000000,2400,2400,2400,2400,2400,2400,2400,2400,2400,2400,2400,9,0,1600,1886.5092894735021,1472.4647449329495,2644.6552991401404,0.0
1790157148,12,,Aggregated,0.600000,0.000000,2400,2400,22000,22000,23000,23000,23000,23000,23000,23000,23000,27,0,1600,9195.68441367672,156.22164733803237,29966.404658043757,42.666666666666664
1790157149,12,POST,completion,0.200000,0.000000,23000,23000,23000,23000,23000,23000,23000,23000,23000,23000,23000,9,0,26000,25514.497202226063,22017.221389105543,29966.404658043757,128.0
1790157149,12,TPOT,completion,0.200000,0.000000,170,170,170,170,170,170,170,170,170,170,170,9,0,180,186.04674933059425,156.22164733803237,224.36115607861282,0.0
1790157149,12,TTFT,completion,0.200000,0.000000,2400,2400,2400,2400,2400,2400,2400,2400,2400,2400,2400,9,0,1600,1886.5092894735021,1472.4647449329495,2644.6552991401404,0.0
1790157149,12,,Aggregated,0.600000,0.000000,2400,2400,22000,22000,23000,23000,23000,23000,23000,23000,23000,27,0,1600,9195.68441367672,156.22164733803237,29966.404658043757,42.666666666666664
1790157150,12,POST,completion,0.200000,0.000000,23000,23000,23000,23000,23000,23000,23000,23000,23000,23000,23000,9,0,26000,25514.497202226063,22017.221389105543,29966.404658043757,128.0
1790157150,12,TPOT,completion,0.200000,0.000000,170,170,170,170,170,170,170,170,170,170,170,9,0,180,186.04674933059425,156.22164733803237,224.36115607861282,0.0
1790157150,12,TTFT,completion,0.200000,0.000000,2400,2400,2400,2400,2400,2400,2400,2400,2400,2400,2400,9,0,1600,1886.5092894735021,1472.4647449329495,2644.6552991401404,0.0
1790157150,12,,Aggregated,0.600000,0.000000,2400,2400,22000,22000,23000,23000,23000,23000,23000,23000,23000,27,0,1600,9195.68441367672,156.22164733803237,29966.404658043757,42.666666666666664
1790157151,12,POST,completion,0.200000,0.000000,23000,23000,23000,23000,23000,23000,23000,23000,23000,23000,23000,9,0,26000,25514.497202226063,22017.221389105543,29966.404658043757,128.0
1790157151,12,TPOT,completion,0.200000,0.000000,170,170,170,170,170,170,170,170,170,170,170,9,0,180,186.04674933059425,156.22164733803237,224.36115607861282,0.0
1790157151,12,TTFT,completion,0.200000,0.000000,2400,2400,2400,2400,2400,2400,2400,2400,2400,2400,2400,9,0,1600,1886.5092894735021,1472.4647449329495,2644.6552991401404,0.0
1790157151,12,,Aggregated,0.600000,0.000000,2400,2400,22000,22000,23000,23000,23000,23000,23000,23000,23000,27,0,1600,9195.68441367672,156.22164733803237,29966.404658043757,42.666666666666664
1790157152,12,POST,completion,0.200000,0.000000,23000,23000,23000,23000,23000,23000,23000,23000,23000,23000,23000,9,0,26000,25514.497202226063,22017.221389105543,29966.404658043757,128.0
1790157152,12,TPOT,completion,0.200000,0.000000,170,170,170,170,170,170,170,170,170,170,170,9,0,180,186.04674933059425,156.22164733803237,224.36115607861282,0.0
1790157152,12,TTFT,completion,0.200000,0.000000,2400,2400,2400,2400,2400,2400,2400,2400,2400,2400,2400,9,0,1600,1886.5092894735021,1472.4647449329495,2644.6552991401404,0.0
1790157152,12,,Aggregated,0.600000,0.000000,2400,2400,22000,22000,23000,23000,23000,23000,23000,23000,23000,27,0,1600,9195.68441367672,156.22164733803237,29966.404658043757,42.666666666666664
1790157153,12,POST,completion,0.200000,0.000000,23000,23000,23000,23000,23000,23000,23000,23000,23000,23000,23000,9,0,26000,25514.497202226063,22017.221389105543,29966.404658043757,128.0
1790157153,12,TPOT,completion,0.200000,0.000000,170,170,170,170,170,170,170,170,170,170,170,9,0,180,186.04674933059425,156.22164733803237,224.36115607861282,0.0
1790157153,12,TTFT,completion,0.200000,0.000000,2400,2400,2400,2400,2400,2400,2400,2400,2400,2400,2400,9,0,1600,1886.5092894735021,1472.4647449329495,2644.6552991401404,0.0
1790157153,12,,Aggregated,0.600000,0.000000,2400,2400,22000,22000,23000,23000,23000,23000,23000,23000,23000,27,0,1600,9195.68441367672,156.22164733803237,29966.404658043757,42.666666666666664
1790157154,12,POST,completion,0.200000,0.000000,23000,23000,23000,23000,23000,23000,23000,23000,23000,23000,23000,9,0,26000,25514.497202226063,22017.221389105543,29966.404658043757,128.0
1790157154,12,TPOT,completion,0.200000,0.000000,170,170,170,170,170,170,170,170,170,170,170,9,0,180,186.04674933059425,156.22164733803237,224.36115607861282,0.0
1790157154,12,TTFT,completion,0.200000,0.000000,2400,2400,2400,2400,2400,2400,2400,2400,2400,2400,2400,9,0,1600,1886.5092894735021,1472.4647449329495,2644.6552991401404,0.0
1790157154,12,,Aggregated,0.600000,0.000000,2400,2400,22000,22000,23000,23000,23000,23000,23000,23000,23000,27,0,1600,9195.68441367672,156.22164733803237,29966.404658043757,42.666666666666664
1790157155,12,POST,completion,0.200000,0.000000,23000,23000,23000,23000,23000,23000,23000,23000,23000,23000,23000,9,0,26000,25514.497202226063,22017.221389105543,29966.404658043757,128.0
1790157155,12,TPOT,completion,0.200000,0.000000,170,170,170,170,170,170,170,170,170,170,170,9,0,180,186.04674933059425,156.22164733803237,224.36115607861282,0.0
1790157155,12,TTFT,completion,0.200000,0.000000,2400,2400,2400,2400,2400,2400,2400,2400,2400,2400,2400,9,0,1600,1886.5092894735021,1472.4647449329495,2644.6552991401404,0.0
1790157155,12,,Aggregated,0.600000,0.000000,2400,2400,22000,22000,23000,23000,23000,23000,23000,23000,23000,27,0,1600,9195.68441367672,156.22164733803237,29966.404658043757,42.666666666666664
1790157156,12,POST,completion,0.200000,0.000000,23000,23000,23000,23000,23000,23000,23000,23000,23000,23000,23000,9,0,26000,25514.497202226063,22017.221389105543,29966.404658043757,128.0
1790157156,12,TPOT,completion,0.200000,0.000000,170,170,170,170,170,170,170,170,170,170,170,9,0,180,186.04674933059425,156.22164733803237,224.36115607861282,0.0
1790157156,12,TTFT,completion,0.200000,0.000000,2400,2400,2400,2400,2400,2400,2400,2400,2400,2400,2400,9,0,1600,1886.5092894735021,1472.4647449329495,2644.6552991401404,0.0
1790157156,12,,Aggregated,0.600000,0.000000,2400,2400,22000,22000,23000,23000,23000,23000,23000,23000,23000,27,0,1600,9195.68441367672,156.22164733803237,29966.404658043757,42.666666666666664
1790157157,12,POST,completion,0.200000,0.000000,23000,23000,23000,23000,23000,23000,23000,23000,23000,23000,23000,9,0,26000,25514.497202226063,22017.221389105543,29966.404658043757,128.0
1790157157,12,TPOT,completion,0.200000,0.000000,170,170,170,170,170,170,170,170,170,170,170,9,0,180,186.04674933059425,156.22164733803237,224.36115607861282,0.0
1790157157,12,TTFT,completion,0.200000,0.000000,2400,2400,2400,2400,2400,2400,2400,2400,2400,2400,2400,9,0,1600,1886.5092894735021,1472.4647449329495,2644.6552991401404,0.0
1790157157,12,,Aggregated,0.600000,0.000000,2400,2400,22000,22000,23000,23000,23000,23000,23000,23000,23000,27,0,1600,9195.68441367672,156.22164733803237,29966.404658043757,42.666666666666664
1790157158,12,POST,completion,0.200000,0.000000,23000,23000,23000,23000,23000,23000,23000,23000,23000,23000,23000,9,0,26000,25514.497202226063,22017.221389105543,29966.404658043757,128.0
1790157158,12,TPOT,completion,0.200000,0.000000,170,170,170,170,170,170,170,170,170,170,170,9,0,180,186.04674933059425,156.22164733803237,224.36115607861282,0.0
1790157158,12,TTFT,completion,0.200000,0.000000,2400,2400,2400,2400,2400,2400,2400,2400,2400,2400,2400,9,0,1600,1886.5092894735021,1472.4647449329495,2644.6552991401404,0.0
1790157158,12,,Aggregated,0.600000,0.000000,2400,2400,22000,22000,23000,23000,23000,23000,23000,23000,23000,27,0,1600,9195.68441367672,156.22164733803237,29966.404658043757,42.666666666666664
1790157159,12,POST,completion,0.200000,0.000000,0,0,0,0,0,0,0,0,0,0,0,9,0,26000,25514.497202226063,22017.221389105543,29966.404658043757,128.0
1790157159,12,TPOT,completion,0.200000,0.000000,0,0,0,0,0,0,0,0,0,0,0,9,0,180,186.04674933059425,156.22164733803237,224.36115607861282,0.0
1790157159,12,TTFT,completion,0.200000,0.000000,0,0,0,0,0,0,0,0,0,0,0,9,0,1600,1886.5092894735021,1472.4647449329495,2644.6552991401404,0.0
1790157159,12,,Aggregated,0.600000,0.000000,0,0,0,0,0,0,0,0,0,0,0,27,0,1600,9195.68441367672,156.22164733803237,29966.404658043757,42.666666666666664
1790157160,12,POST,completion,0.200000,0.000000,0,0,0,0,0,0,0,0,0,0,0,9,0,26000,25514.497202226063,22017.221389105543,29966.404658043757,128.0
1790157160,12,TPOT,completion,0.200000,0.000000,0,0,0,0,0,0,0,0,0,0,0,9,0,180,186.04674933059425,156.22164733803237,224.36115607861282,0.0
1790157160,12,TTFT,completion,0.200000,0.000000,0,0,0,0,0,0,0,0,0,0,0,9,0,1600,1886.5092894735021,1472.4647449329495,2644.6552991401404,0.0
1790157160,12,,Aggregated,0.600000,0.000000,0,0,0,0,0,0,0,0,0,0,0,27,0,1600,9195.68441367672,156.22164733803237,29966.404658043757,42.666666666666664
1790157161,12,POST,completion,0.200000,0.000000,0,0,0,0,0,0,0,0,0,0,0,9,0,26000,25514.497202226063,22017.221389105543,29966.404658043757,128.0
1790157161,12,TPOT,completion,0.200000,0.000000,0,0,0,0,0,0,0,0,0,0,0,9,0,180,186.04674933059425,156.22164733803237,224.36115607861282,0.0
1790157161,12,TTFT,completion,0.200000,0.000000,0,0,0,0,0,0,0,0,0,0,0,9,0,1600,1886.5092894735021,1472.4647449329495,2644.6552991401404,0.0
1790157161,12,,Aggregated,0.600000,0.000000,0,0,0,0,0,0,0,0,0,0,0,27,0,1600,9195.68441367672,156.22164733803237,29966.404658043757,42.666666666666664
1790157162,12,POST,completion,0.200000,0.000000,0,0,0,0,0,0,0,0,0,0,0,9,0,26000,25514.497202226063,22017.221389105543,29966.404658043757,128.0
1790157162,12,TPOT,completion,0.200000,0.000000,0,0,0,0,0,0,0,0,0,0,0,9,0,180,186.04674933059425,156.22164733803237,224.36115607861282,0.0
1790157162,12,TTFT,completion,0.200000,0.000000,0,0,0,0,0,0,0,0,0,0,0,9,0,1600,1886.5092894735021,1472.4647449329495,2644.6552991401404,0.0
1790157162,12,,Aggregated,0.600000,0.000000,0,0,0,0,0,0,0,0,0,0,0,27,0,1600,9195.68441367672,156.22164733803237,29966.404658043757,42.666666666666664
1790157163,12,POST,completion,0.200000,0.000000,0,0,0,0,0,0,0,0,0,0,0,9,0,26000,25514.497202226063,22017.221389105543,29966.404658043757,128.0
1790157163,12,TPOT,completion,0.200000,0.000000,0,0,0,0,0,0,0,0,0,0,0,9,0,180,186.04674933059425,156.22164733803237,224.36115607861282,0.0
1790157163,12,TTFT,completion,0.200000,0.000000,0,0,0,0,0,0,0,0,0,0,0,9,0,1600,1886.5092894735021,1472.4647449329495,2644.6552991401404,0.0
1790157163,12,,Aggregated,0.600000,0.000000,0,0,0,0,0,0,0,0,0,0,0,27,0,1600,9195.68441367672,156.22164733803237,29966.404658043757,42.666666666666664
1790157164,12,POST,completion,0.000000,0.000000,33000,33000,33000,33000,33000,33000,33000,33000,33000,33000,33000,10,0,26000,26216.480178385973,22017.221389105543,32534.32696382515,128.0
1790157164,12,TPOT,completion,0.000000,0.000000,240,240,240,240,240,240,240,240,240,240,240,10,0,190,191.82933781472013,156.22164733803237,243.87263417185292,0.0
1790157164,12,TTFT,completion,0.000000,0.000000,1600,1600,1600,1600,1600,1600,1600,1600,1600,1600,1600,10,0,1600,1854.1029531275854,1472.4647449329495,2644.6552991401404,0.0
1790157164,12,,Aggregated,0.000000,0.000000,1600,1600,33000,33000,33000,33000,33000,33000,33000,33000,33000,30,0,1600,9420.804156442759,156.22164733803237,32534.32696382515,42.666666666666664
1790157165,12,POST,completion,0.000000,0.000000,33000,33000,33000,33000,33000,33000,33000,33000,33000,33000,33000,10,0,26000,26216.480178385973,22017.221389105543,32534.32696382515,128.0
1790157165,12,TPOT,completion,0.000000,0.000000,240,240,240,240,240,240,240,240,240,240,240,10,0,190,191.82933781472013,156.22164733803237,243.87263417185292,0.0
1790157165,12,TTFT,completion,0.000000,0.000000,1600,1600,1600,1600,1600,1600,1600,1600,1600,1600,1600,10,0,1600,1854.1029531275854,1472.4647449329495,2644.6552991401404,0.0
1790157165,12,,Aggregated,0.000000,0.000000,1600,1600,33000,33000,33000,33000,33000,33000,33000,33000,33000,30,0,1600,9420.804156442759,156.22164733803237,32534.32696382515,42.666666666666664
1790157166,12,POST,completion,0.000000,0.000000,33000,33000,33000,33000,33000,33000,33000,33000,33000,33000,33000,11,0,26000,26781.459452986546,22017.221389105543,32534.32696382515,128.0
1790157166,12,TPOT,completion,0.000000,0.000000,240,240,240,240,240,240,240,240,240,240,240,11,0,190,196.50712745422837,156.22164733803237,243.87263417185292,0.0
1790157166,12,TTFT,completion,0.000000,0.000000,1600,1600,1600,1600,1600,1600,1600,1600,1600,1600,1600,11,0,1600,1825.0021916729484,1472.4647449329495,2644.6552991401404,0.0
1790157166,12,,Aggregated,0.000000,0.000000,1600,1600,32000,32000,33000,33000,33000,33000,33000,33000,33000,33,0,1600,9600.989590704574,156.22164733803237,32534.32696382515,42.666666666666664
1790157167,12,POST,completion,0.000000,0.000000,33000,33000,33000,33000,33000,33000,33000,33000,33000,33000,33000,11,0,26000,26781.459452986546,22017.221389105543,32534.32696382515,128.0
1790157167,12,TPOT,completion,0.000000,0.000000,240,240,240,240,240,240,240,240,240,240,240,11,0,190,196.50712745422837,156.22164733803237,243.87263417185292,0.0
1790157167,12,TTFT,completion,0.000000,0.000000,1600,1600,1600,1600,1600,1600,1600,1600,1600,1600,1600,11,0,1600,1825.0021916729484,1472.4647449329495,2644.6552991401404,0.0
1790157167,12,,Aggregated,0.000000,0.000000,1600,1600,32000,32000,33000,33000,33000,33000,33000,33000,33000,33,0,1600,9600.989590704574,156.22164733803237,32534.32696382515,42.666666666666664
1790157168,12,POST,completion,0.000000,0.000000,33000,33000,33000,33000,33000,33000,33000,33000,33000,33000,33000,11,0,26000,26781.459452986546,22017.221389105543,32534.32696382515,128.0
1790157168,12,TPOT,completion,0.000000,0.000000,240,240,240,240,240,240,240,240,240,240,240,11,0,190,196.50712745422837,156.22164733803237,243.87263417185292,0.0
1790157168,12,TTFT,completion,0.000000,0.000000,1600,1600,1600,1600,1600,1600,1600,1600,1600,1600,1600,11,0,1600,1825.0021916729484,1472.4647449329495,2644.6552991401404,0.0
1790157168,12,,Aggregated,0.000000,0.000000,1600,1600,32000,32000,33000,33000,33000,33000,33000,33000,33000,33,0,1600,9600.989590704574,156.22164733803237,32534.32696382515,42.666666666666664
1790157169,12,POST,completion,0.000000,0.000000,33000,33000,33000,33000,33000,33000,33000,33000,33000,33000,33000,11,0,26000,26781.459452986546,22017.221389105543,32534.32696382515,128.0
1790157169,12,TPOT,completion,0.000000,0.000000,240,240,240,240,240,240,240,240,240,240,240,11,0,190,196.50712745422837,156.22164733803237,243.87263417185292,0.0
1790157169,12,TTFT,completion,0.000000,0.000000,1600,1600,1600,1600,1600,1600,1600,1600,1600,1600,1600,11,0,1600,1825.0021916729484,1472.4647449329495,2644.6552991401404,0.0
1790157169,12,,Aggregated,0.000000,0.000000,1600,1600,32000,32000,33000,33000,33000,33000,33000,33000,33000,33,0,1600,9600.989590704574,156.22164733803237,32534.32696382515,42.666666666666664
1790157170,12,POST,completion,0.000000,0.000000,33000,33000,33000,33000,33000,33000,33000,33000,33000,33000,33000,11,0,26000,26781.459452986546,22017.221389105543,32534.32696382515,128.0
1790157170,12,TPOT,completion,0.000000,0.000000,240,240,240,240,240,240,240,240,240,240,240,11,0,190,196.50712745422837,156.22164733803237,243.87263417185292,0.0
1790157170,12,TTFT,completion,0.000000,0.000000,1600,1600,1600,1600,1600,1600,1600,1600,1600,1600,1600,11,0,1600,1825.0021916729484,1472.4647449329495,2644.6552991401404,0.0
1790157170,12,,Aggregated,0.000000,0.000000,1600,1600,32000,32000,33000,33000,33000,33000,33000,33000,33000,33,0,1600,9600.989590704574,156.22164733803237,32534.32696382515,42.666666666666664
1790157171,12,POST,completion,0.000000,0.000000,33000,33000,33000,33000,33000,33000,33000,33000,33000,33000,33000,11,0,26000,26781.459452986546,22017.221389105543,32534.32696382515,128.0
1790157171,12,TPOT,completion,0.000000,0.000000,240,240,240,240,240,240,240,240,240,240,240,11,0,190,196.50712745422837,156.22164733803237,243.87263417185292,0.0
1790157171,12,TTFT,completion,0.000000,0.000000,1600,1600,1600,1600,1600,1600,1600,1600,1600,1600,1600,11,0,1600,1825.0021916729484,1472.4647449329495,2644.6552991401404,0.0
1790157171,12,,Aggregated,0.000000,0.000000,1600,1600,32000,32000,33000,33000,33000,33000,33000,33000,33000,33,0,1600,9600.989590704574,156.22164733803237,32534.32696382515,42.666666666666664
1790157172,12,POST,completion,0.000000,0.000000,33000,33000,33000,33000,33000,33000,33000,33000,33000,33000,33000,11,0,26000,26781.459452986546,22017.221389105543,32534.32696382515,128.0
1790157172,12,TPOT,completion,0.000000,0.000000,240,240,240,240,240,240,240,240,240,240,240,11,0,190,196.50712745422837,156.22164733803237,243.87263417185292,0.0
1790157172,12,TTFT,completion,0.000000,0.000000,1600,1600,1600,1600,1600,1600,1600,1600,1600,1600,1600,11,0,1600,1825.0021916729484,1472.4647449329495,2644.6552991401404,0.0
1790157172,12,,Aggregated,0.000000,0.000000,1600,1600,32000,32000,33000,33000,33000,33000,33000,33000,33000,33,0,1600,9600.989590704574,156.22164733803237,32534.32696382515,42.666666666666664
1790157173,12,POST,completion,0.000000,0.000000,33000,33000,33000,33000,33000,33000,33000,33000,33000,33000,33000,11,0,26000,26781.459452986546,22017.221389105543,32534.32696382515,128.0
1790157173,12,TPOT,completion,0.000000,0.000000,240,240,240,240,240,240,240,240,240,240,240,11,0,190,196.50712745422837,156.22164733803237,243.87263417185292,0.0
1790157173,12,TTFT,completion,0.000000,0.000000,1600,1600,1600,1600,1600,1600,1600,1600,1600,1600,1600,11,0,1600,1825.0021916729484,1472.4647449329495,2644.6552991401404,0.0
1790157173,12,,Aggregated,0.000000,0.000000,1600,1600,32000,32000,33000,33000,33000,33000,33000,33000,33000,33,0,1600,9600.989590704574,156.22164733803237,32534.32696382515,42.666666666666664
1790157174,12,POST,completion,0.000000,0.000000,32000,32000,32000,32000,32000,32000,32000,32000,32000,32000,32000,11,0,26000,26781.459452986546,22017.221389105543,32534.32696382515,128.0
1790157174,12,TPOT,completion,0.000000,0.000000,240,240,240,240,240,240,240,240,240,240,240,11,0,190,196.50712745422837,156.22164733803237,243.87263417185292,0.0
1790157174,12,TTFT,completion,0.000000,0.000000,1500,1500,1500,1500,1500,1500,1500,1500,1500,1500,1500,11,0,1600,1825.0021916729484,1472.4647449329495,2644.6552991401404,0.0
1790157174,12,,Aggregated,0.000000,0.000000,1500,1500,32000,32000,32000,32000,32000,32000,32000,32000,32000,33,0,1600,9600.989590704574,156.22164733803237,32534.32696382515,42.666666666666664
1790157175,12,POST,completion,0.000000,0.000000,32000,32000,32000,32000,32000,32000,32000,32000,32000,32000,32000,11,0,26000,26781.459452986546,22017.221389105543,32534.32696382515,128.0
1790157175,12,TPOT,completion,0.000000,0.000000,240,240,240,240,240,240,240,240,240,240,240,11,0,190,196.50712745422837,156.22164733803237,243.87263417185292,0.0
1790157175,12,TTFT,completion,0.000000,0.000000,1500,1500,1500,1500,1500,1500,1500,1500,1500,1500,1500,11,0,1600,1825.0021916729484,1472.4647449329495,2644.6552991401404,0.0
1790157175,12,,Aggregated,0.000000,0.000000,1500,1500,32000,32000,32000,32000,32000,32000,32000,32000,32000,33,0,1600,9600.989590704574,156.22164733803237,32534.32696382515,42.666666666666664
1790157176,12,POST,completion,0.000000,0.000000,32000,32000,32000,32000,32000,32000,32000,32000,32000,32000,32000,11,0,26000,26781.459452986546,22017.221389105543,32534.32696382515,128.0
1790157176,12,TPOT,completion,0.000000,0.000000,240,240,240,240,240,240,240,240,240,240,240,11,0,190,196.50712745422837,156.22164733803237,243.87263417185292,0.0
1790157176,12,TTFT,completion,0.000000,0.000000,1500,1500,1500,1500,1500,1500,1500,1500,1500,1500,1500,11,0,1600,1825.0021916729484,1472.4647449329495,2644.6552991401404,0.0
1790157176,12,,Aggregated,0.000000,0.000000,1500,1500,32000,32000,32000,32000,32000,32000,32000,32000,32000,33,0,1600,9600.989590704574,156.22164733803237,32534.32696382515,42.666666666666664
1790157177,12,POST,completion,0.000000,0.000000,32000,32000,32000,32000,32000,32000,32000,32000,32000,32000,32000,11,0,26000,26781.459452986546,22017.221389105543,32534.32696382515,128.0
1790157177,12,TPOT,completion,0.000000,0.000000,240,240,240,240,240,240,240,240,240,240,240,11,0,190,196.50712745422837,156.22164733803237,243.87263417185292,0.0
1790157177,12,TTFT,completion,0.000000,0.000000,1500,1500,1500,1500,1500,1500,1500,1500,1500,1500,1500,11,0,1600,1825.0021916729484,1472.4647449329495,2644.6552991401404,0.0
1790157177,12,,Aggregated,0.000000,0.000000,1500,1500,32000,32000,32000,32000,32000,32000,32000,32000,32000,33,0,1600,9600.989590704574,156.22164733803237,32534.32696382515,42.666666666666664
1790157178,12,POST,completion,0.000000,0.000000,32000,32000,32000,32000,32000,32000,32000,32000,32000,32000,32000,11,0,26000,26781.459452986546,22017.221389105543,32534.32696382515,128.0
1790157178,12,TPOT,completion,0.000000,0.000000,240,240,240,240,240,240,240,240,240,240,240,11,0,190,196.50712745422837,156.22164733803237,243.87263417185292,0.0
1790157178,12,TTFT,completion,0.000000,0.000000,1500,1500,1500,1500,1500,1500,1500,1500,1500,1500,1500,11,0,1600,1825.0021916729484,1472.4647449329495,2644.6552991401404,0.0
1790157178,12,,Aggregated,0.000000,0.000000,1500,1500,32000,32000,32000,32000,32000,32000,32000,32000,32000,33,0,1600,9600.989590704574,156.22164733803237,32534.32696382515,42.666666666666664
1790157179,12,POST,completion,0.000000,0.000000,32000,32000,32000,32000,32000,32000,32000,32000,32000,32000,32000,11,0,26000,26781.459452986546,22017.221389105543,32534.32696382515,128.0
1790157179,12,TPOT,completion,0.000000,0.000000,240,240,240,240,240,240,240,240,240,240,240,11,0,190,196.50712745422837,156.22164733803237,243.87263417185292,0.0
1790157179,12,TTFT,completion,0.000000,0.000000,1500,1500,1500,1500,1500,1500,1500,1500,1500,1500,1500,11,0,1600,1825.0021916729484,1472.4647449329495,2644.6552991401404,0.0
1790157179,12,,Aggregated,0.000000,0.000000,1500,1500,32000,32000,32000,32000,32000,32000,32000,32000,32000,33,0,1600,9600.989590704574,156.22164733803237,32534.32696382515,42.666666666666664
1790157180,12,POST,completion,0.000000,0.000000,32000,32000,32000,32000,32000,32000,32000,32000,32000,32000,32000,11,0,26000,26781.459452986546,22017.221389105543,32534.32696382515,128.0
1790157180,12,TPOT,completion,0.000000,0.000000,240,240,240,240,240,240,240,240,240,240,240,11,0,190,196.50712745422837,156.22164733803237,243.87263417185292,0.0
1790157180,12,TTFT,completion,0.000000,0.000000,1500,1500,1500,1500,1500,1500,1500,1500,1500,1500,1500,11,0,1600,1825.0021916729484,1472.4647449329495,2644.6552991401404,0.0
1790157180,12,,Aggregated,0.000000,0.000000,1500,1500,32000,32000,32000,32000,32000,32000,32000,32000,32000,33,0,1600,9600.989590704574,156.22164733803237,32534.32696382515,42.666666666666664
1790157181,12,POST,completion,0.000000,0.000000,33000,33000,34000,34000,34000,34000,34000,34000,34000,34000,34000,13,0,28000,27853.407178611422,22017.221389105543,34175.06086896174,128.0
1790157181,12,TPOT,completion,0.000000,0.000000,250,250,260,260,260,260,260,260,260,260,260,13,0,200,205.141788562348,156.22164733803237,257.3822389914119,0.0
1790157181,12,TTFT,completion,0.000000,0.000000,1500,1500,1800,1800,1800,1800,1800,1800,1800,1800,1800,13,0,1600,1800.3477243384202,1472.4647449329495,2644.6552991401404,0.0
1790157181,12,,Aggregated,0.000000,0.000000,1500,1800,32000,33000,34000,34000,34000,34000,34000,34000,34000,39,0,1600,9952.965563837395,156.22164733803237,34175.06086896174,42.666666666666664
1790157182,12,POST,completion,0.000000,0.000000,31000,32000,32000,32000,33000,34000,34000,34000,34000,34000,34000,21,0,29000,28170.34713764276,22017.221389105543,34175.06086896174,128.0
1790157182,12,TPOT,completion,0.000000,0.000000,220,240,240,240,250,260,260,260,260,260,260,21,0,200,203.42334272164646,156.22164733803237,257.3822389914119,0.0
1790157182,12,TTFT,completion,0.000000,0.000000,2800,3400,3400,3400,3800,4400,4400,4400,4400,4400,4400,21,0,2200,2335.5350396595895,1472.4647449329495,4409.369504079223,0.0
1790157182,12,,Aggregated,0.000000,0.000000,2800,4400,27000,30000,32000,33000,34000,34000,34000,34000,34000,63,0,2200,10236.435173341328,156.22164733803237,34175.06086896174,42.666666666666664
1790157183,12,POST,completion,0.000000,0.000000,31000,32000,32000,33000,34000,34000,34000,34000,34000,34000,34000,21,0,29000,28170.34713764276,22017.221389105543,34175.06086896174,128.0
1790157183,12,TPOT,completion,0.000000,0.000000,220,220,240,250,260,260,260,260,260,260,260,21,0,200,203.42334272164646,156.22164733803237,257.3822389914119,0.0
1790157183,12,TTFT,completion,0.000000,0.000000,2900,3400,3400,3800,4400,4400,4400,4400,4400,4400,4400,21,0,2200,2335.5350396595895,1472.4647449329495,4409.369504079223,0.0
1790157183,12,,Aggregated,0.000000,0.000000,2900,4400,27000,30000,32000,33000,34000,34000,34000,34000,34000,63,0,2200,10236.435173341328,156.22164733803237,34175.06086896174,42.666666666666664
1790157184,12,POST,completion,0.000000,0.000000,31000,32000,32000,33000,34000,34000,34000,34000,34000,34000,34000,21,0,29000,28170.34713764276,22017.221389105543,34175.06086896174,128.0
1790157184,12,TPOT,completion,0.000000,0.000000,220,220,240,250,260,260,260,260,260,260,260,21,0,200,203.42334272164646,156.22164733803237,257.3822389914119,0.0
1790157184,12,TTFT,completion,0.000000,0.000000,2900,3400,3400,3800,4400,4400,4400,4400,4400,4400,4400,21,0,2200,2335.5350396595895,1472.4647449329495,4409.369504079223,0.0
1790157184,12,,Aggregated,0.000000,0.000000,2900,4400,27000,30000,32000,33000,34000,34000,34000,34000,34000,63,0,2200,10236.435173341328,156.22164733803237,34175.06086896174,42.666666666666664
1790157185,12,POST,completion,0.000000,0.000000,31000,32000,32000,33000,34000,34000,34000,34000,34000,34000,34000,21,0,29000,28170.34713764276,22017.221389105543,34175.06086896174,128.0
1790157185,12,TPOT,completion,0.000000,0.000000,220,220,240,250,260,260,260,260,260,260,260,21,0,200,203.42334272164646,156.22164733803237,257.3822389914119,0.0
1790157185,12,TTFT,completion,0.000000,0.000000,2900,3400,3400,3800,4400,4400,4400,4400,4400,4400,4400,21,0,2200,2335.5350396595895,1472.4647449329495,4409.369504079223,0.0
1790157185,12,,Aggregated,0.000000,0.000000,2900,4400,27000,30000,32000,33000,34000,34000,34000,34000,34000,63,0,2200,10236.435173341328,156.22164733803237,34175.06086896174,42.666666666666664
1790157186,12,POST,completion,0.000000,0.000000,31000,32000,32000,33000,34000,34000,34000,34000,34000,34000,34000,21,0,29000,28170.34713764276,22017.221389105543,34175.06086896174,128.0
1790157186,12,TPOT,completion,0.000000,0.000000,220,220,240,250,260,260,260,260,260,260,260,21,0,200,203.42334272164646,156.22164733803237,257.3822389914119,0.0
1790157186,12,TTFT,completion,0.000000,0.000000,2900,3400,3400,3800,4400,4400,4400,4400,4400,4400,4400,21,0,2200,2335.5350396595895,1472.4647449329495,4409.369504079223,0.0
1790157186,12,,Aggregated,0.000000,0.000000,2900,4400,27000,30000,32000,33000,34000,34000,34000,34000,34000,63,0,2200,10236.435173341328,156.22164733803237,34175.06086896174,42.666666666666664
1790157187,12,POST,completion,1.000000,0.000000,30000,31000,32000,32000,33000,34000,34000,34000,34000,34000,34000,23,0,28000,27635.234739631414,21384.136450942606,34175.06086896174,128.0
1790157187,12,TPOT,completion,1.000000,0.000000,200,220,240,240,250,260,260,260,260,260,260,23,0,200,199.76196555135084,156.22164733803237,257.3822389914119,0.0
1790157187,12,TTFT,completion,1.000000,0.000000,2800,2900,3400,3400,3800,4400,4400,4400,4400,4400,4400,23,0,1800,2265.4175018668984,1472.4647449329495,4409.369504079223,0.0
1790157187,12,,Aggregated,3.000000,0.000000,2800,4400,25000,27000,32000,33000,34000,34000,34000,34000,34000,69,0,1800,10033.471402349885,156.22164733803237,34175.06086896174,42.666666666666664
1790157188,12,POST,completion,1.000000,0.000000,30000,31000,32000,32000,33000,34000,34000,34000,34000,34000,34000,23,0,28000,27635.234739631414,21384.136450942606,34175.06086896174,128.0
1790157188,12,TPOT,completion,1.000000,0.000000,200,220,240,240,250,260,260,260,260,260,260,23,0,200,199.76196555135084,156.22164733803237,257.3822389914119,0.0
1790157188,12,TTFT,completion,1.000000,0.000000,2800,2900,3400,3400,3800,4400,4400,4400,4400,4400,4400,23,0,1800,2265.4175018668984,1472.4647449329495,4409.369504079223,0.0
1790157188,12,,Aggregated,3.000000,0.000000,2800,4400,25000,27000,32000,33000,34000,34000,34000,34000,34000,69,0,1800,10033.471402349885,156.22164733803237,34175.06086896174,42.666666666666664
1790157189,12,POST,completion,1.000000,0.000000,30000,31000,32000,32000,33000,34000,34000,34000,34000,34000,34000,23,0,28000,27635.234739631414,21384.136450942606,34175.06086896174,128.0
1790157189,12,TPOT,completion,1.000000,0.000000,200,220,240,240,250,260,260,260,260,260,260,23,0,200,199.76196555135084,156.22164733803237,257.3822389914119,0.0
1790157189,12,TTFT,completion,1.000000,0.000000,2800,2900,3400,3400,3800,4400,4400,4400,4400,4400,4400,23,0,1800,2265.4175018668984,1472.4647449329495,4409.369504079223,0.0
1790157189,12,,Aggregated,3.000000,0.000000,2800,4400,25000,27000,32000,33000,34000,34000,34000,34000,34000,69,0,1800,10033.471402349885,156.22164733803237,34175.06086896174,42.666666666666664
1790157190,12,POST,completion,1.000000,0.000000,30000,31000,32000,32000,33000,34000,34000,34000,34000,34000,34000,23,0,28000,27635.234739631414,21384.136450942606,34175.06086896174,128.0
1790157190,12,TPOT,completion,1.000000,0.000000,200,220,240,240,250,260,260,260,260,260,260,23,0,200,199.76196555135084,156.22164733803237,257.3822389914119,0.0
1790157190,12,TTFT,completion,1.000000,0.000000,2800,2900,3400,3400,3800,4400,4400,4400,4400,4400,4400,23,0,1800,2265.4175018668984,1472.4647449329495,4409.369504079223,0.0
1790157190,12,,Aggregated,3.000000,0.000000,2800,4400,25000,27000,32000,33000,34000,34000,34000,34000,34000,69,0,1800,10033.471402349885,156.22164733803237,34175.06086896174,42.666666666666664
1790157191,12,POST,completion,1.000000,0.000000,30000,31000,32000,32000,33000,34000,34000,34000,34000,34000,34000,23,0,28000,27635.234739631414,21384.136450942606,34175.06086896174,128.0
1790157191,12,TPOT,completion,1.000000,0.000000,200,220,240,240,250,260,260,260,260,260,260,23,0,200,199.76196555135084,156.22164733803237,257.3822389914119,0.0
1790157191,12,TTFT,completion,1.000000,0.000000,2800,2900,3400,3400,3800,4400,4400,4400,4400,4400,4400,23,0,1800,2265.4175018668984,1472.4647449329495,4409.369504079223,0.0
1790157191,12,,Aggregated,3.000000,0.000000,2800,4400,25000,27000,32000,33000,34000,34000,34000,34000,34000,69,0,1800,10033.471402349885,156.22164733803237,34175.06086896174,42.666666666666664
1790157192,12,POST,completion,1.000000,0.000000,30000,31000,32000,32000,33000,34000,34000,34000,34000,34000,34000,23,0,28000,27635.234739631414,21384.136450942606,34175.06086896174,128.0
1790157192,12,TPOT,completion,1.000000,0.000000,200,220,240,240,250,260,260,260,260,260,260,23,0,200,199.76196555135084,156.22164733803237,257.3822389914119,0.0
1790157192,12,TTFT,completion,1.000000,0.000000,2800,2900,3400,3400,3800,4400,4400,4400,4400,4400,4400,23,0,1800,2265.4175018668984,1472.4647449329495,4409.369504079223,0.0
1790157192,12,,Aggregated,3.000000,0.000000,2800,4400,25000,27000,32000,33000,34000,34000,34000,34000,34000,69,0,1800,10033.471402349885,156.22164733803237,34175.06086896174,42.666666666666664
1790157193,12,POST,completion,1.000000,0.000000,23000,23000,23000,23000,23000,23000,23000,23000,23000,23000,23000,23,0,28000,27635.234739631414,21384.136450942606,34175.06086896174,128.0
1790157193,12,TPOT,completion,1.000000,0.000000,170,170,170,170,170,170,170,170,170,170,170,23,0,200,199.76196555135084,156.22164733803237,257.3822389914119,0.0
1790157193,12,TTFT,completion,1.000000,0.000000,1500,1500,1500,1500,1500,1500,1500,1500,1500,1500,1500,23,0,1800,2265.4175018668984,1472.4647449329495,4409.369504079223,0.0
1790157193,12,,Aggregated,3.000000,0.000000,1500,1500,21000,21000,23000,23000,23000,23000,23000,23000,23000,69,0,1800,10033.471402349885,156.22164733803237,34175.06086896174,42.666666666666664
1790157194,12,POST,completion,1.000000,0.000000,23000,23000,23000,23000,23000,23000,23000,23000,23000,23000,23000,23,0,28000,27635.234739631414,21384.136450942606,34175.06086896174,128.0
1790157194,12,TPOT,completion,1.000000,0.000000,170,170,170,170,170,170,170,170,170,170,170,23,0,200,199.76196555135084,156.22164733803237,257.3822389914119,0.0
1790157194,12,TTFT,completion,1.000000,0.000000,1500,1500,1500,1500,1500,1500,1500,1500,1500,1500,1500,23,0,1800,2265.4175018668984,1472.4647449329495,4409.369504079223,0.0
1790157194,12,,Aggregated,3.000000,0.000000,1500,1500,21000,21000,23000,23000,23000,23000,23000,23000,23000,69,0,1800,10033.471402349885,156.22164733803237,34175.06086896174,42.666666666666664
1790157195,12,POST,completion,1.000000,0.000000,23000,23000,23000,23000,23000,23000,23000,23000,23000,23000,23000,23,0,28000,27635.234739631414,21384.136450942606,34175.06086896174,128.0
1790157195,12,TPOT,completion,1.000000,0.000000,170,170,170,170,170,170,170,170,170,170,170,23,0,200,199.76196555135084,156.22164733803237,257.3822389914119,0.0
1790157195,12,TTFT,completion,1.000000,0.000000,1500,1500,1500,1500,1500,1500,1500,1500,1500,1500,1500,23,0,1800,2265.4175018668984,1472.4647449329495,4409.369504079223,0.0
1790157195,12,,Aggregated,3.000000,0.000000,1500,1500,21000,21000,23000,23000,23000,23000,23000,23000,23000,69,0,1800,10033.471402349885,156.22164733803237,34175.06086896174,42.666666666666664
1790157196,12,POST,completion,1.000000,0.000000,23000,23000,23000,23000,23000,23000,23000,23000,23000,23000,23000,23,0,28000,27635.234739631414,21384.136450942606,34175.06086896174,128.0
1790157196,12,TPOT,completion,1.000000,0.000000,170,170,170,170,170,170,170,170,170,170,170,23,0,200,199.76196555135084,156.22164733803237,257.3822389914119,0.0
1790157196,12,TTFT,completion,1.000000,0.000000,1500,1500,1500,1500,1500,1500,1500,1500,1500,1500,1500,23,0,1800,2265.4175018668984,1472.4647449329495,4409.369504079223,0.0
1790157196,12,,Aggregated,3.000000,0.000000,1500,1500,21000,21000,23000,23000,23000,23000,23000,23000,23000,69,0,1800,10033.471402349885,156.22164733803237,34175.06086896174,42.666666666666664
1790157197,12,POST,completion,1.000000,0.000000,23000,23000,23000,23000,23000,23000,23000,23000,23000,23000,23000,23,0,28000,27635.234739631414,21384.136450942606,34175.06086896174,128.0
1790157197,12,TPOT,completion,1.000000,0.000000,170,170,170,170,170,170,170,170,170,170,170,23,0,200,199.76196555135084,156.22164733803237,257.3822389914119,0.0
1790157197,12,TTFT,completion,1.000000,0.000000,1500,1500,1500,1500,1500,1500,1500,1500,1500,1500,1500,23,0,1800,2265.4175018668984,1472.4647449329495,4409.369504079223,0.0
1790157197,12,,Aggregated,3.000000,0.000000,1500,1500,21000,21000,23000,23000,23000,23000,23000,23000,23000,69,0,1800,10033.471402349885,156.22164733803237,34175.06086896174,42.666666666666664
1790157198,12,POST,completion,1.000000,0.000000,23000,23000,23000,23000,23000,23000,23000,23000,23000,23000,23000,23,0,28000,27635.234739631414,21384.136450942606,34175.06086896174,128.0
1790157198,12,TPOT,completion,1.000000,0.000000,170,170,170,170,170,170,170,170,170,170,170,23,0,200,199.76196555135084,156.22164733803237,257.3822389914119,0.0
1790157198,12,TTFT,completion,1.000000,0.000000,1500,1500,1500,1500,1500,1500,1500,1500,1500,1500,1500,23,0,1800,2265.4175018668984,1472.4647449329495,4409.369504079223,0.0
1790157198,12,,Aggregated,3.000000,0.000000,1500,1500,21000,21000,23000,23000,23000,23000,23000,23000,23000,69,0,1800,10033.471402349885,156.22164733803237,34175.06086896174,42.666666666666664
1790157199,12,POST,completion,1.000000,0.000000,23000,23000,23000,23000,23000,23000,23000,23000,23000,23000,23000,23,0,28000,27635.234739631414,21384.136450942606,34175.06086896174,128.0
1790157199,12,TPOT,completion,1.000000,0.000000,170,170,170,170,170,170,170,170,170,170,170,23,0,200,199.76196555135084,156.22164733803237,257.3822389914119,0.0
1790157199,12,TTFT,completion,1.000000,0.000000,1500,1500,1500,1500,1500,1500,1500,1500,1500,1500,1500,23,0,1800,2265.4175018668984,1472.4647449329495,4409.369504079223,0.0
1790157199,12,,Aggregated,3.000000,0.000000,1500,1500,21000,21000,23000,23000,23000,23000,23000,23000,23000,69,0,1800,10033.471402349885,156.22164733803237,34175.06086896174,42.666666666666664
1790157200,12,POST,completion,0.000000,0.000000,21000,21000,23000,23000,23000,23000,23000,23000,23000,23000,23000,24,0,28000,27217.748857607756,17615.573571063578,34175.06086896174,128.0
1790157200,12,TPOT,completion,0.000000,0.000000,160,160,170,170,170,170,170,170,170,170,170,24,0,200,196.72775403096887,126.94088906218393,257.3822389914119,0.0
1790157200,12,TTFT,completion,0.000000,0.000000,1500,1500,1500,1500,1500,1500,1500,1500,1500,1500,1500,24,0,1800,2233.276135249374,1472.4647449329495,4409.369504079223,0.0
1790157200,12,,Aggregated,0.000000,0.000000,1500,1500,18000,21000,23000,23000,23000,23000,23000,23000,23000,72,0,1800,9882.584248962696,126.94088906218393,34175.06086896174,42.666666666666664
1790157201,12,POST,completion,0.000000,0.000000,21000,21000,23000,23000,23000,23000,23000,23000,23000,23000,23000,24,0,28000,27217.748857607756,17615.573571063578,34175.06086896174,128.0
1790157201,12,TPOT,completion,0.000000,0.000000,160,160,170,170,170,170,170,170,170,170,170,24,0,200,196.72775403096887,126.94088906218393,257.3822389914119,0.0
1790157201,12,TTFT,completion,0.000000,0.000000,1500,1500,1500,1500,1500,1500,1500,1500,1500,1500,1500,24,0,1800,2233.276135249374,1472.4647449329495,4409.369504079223,0.0
1790157201,12,,Aggregated,0.000000,0.000000,1500,1500,18000,21000,23000,23000,23000,23000,23000,23000,23000,72,0,1800,9882.584248962696,126.94088906218393,34175.06086896174,42.666666666666664
1790157202,12,POST,completion,0.000000,0.000000,18000,18000,18000,18000,18000,18000,18000,18000,18000,18000,18000,24,0,28000,27217.748857607756,17615.573571063578,34175.06086896174,128.0
1790157202,12,TPOT,completion,0.000000,0.000000,130,130,130,130,130,130,130,130,130,130,130,24,0,200,196.72775403096887,126.94088906218393,257.3822389914119,0.0
1790157202,12,TTFT,completion,0.000000,0.000000,1500,1500,1500,1500,1500,1500,1500,1500,1500,1500,1500,24,0,1800,2233.276135249374,1472.4647449329495,4409.369504079223,0.0
1790157202,12,,Aggregated,0.000000,0.000000,1500,1500,18000,18000,18000,18000,18000,18000,18000,18000,18000,72,0,1800,9882.584248962696,126.94088906218393,34175.06086896174,42.666666666666664
1790157203,12,POST,completion,0.000000,0.000000,18000,18000,18000,18000,18000,18000,18000,18000,18000,18000,18000,24,0,28000,27217.748857607756,17615.573571063578,34175.06086896174,128.0
1790157203,12,TPOT,completion,0.000000,0.000000,130,130,130,130,130,130,130,130,130,130,130,24,0,200,196.72775403096887,126.94088906218393,257.3822389914119,0.0
1790157203,12,TTFT,completion,0.000000,0.000000,1500,1500,1500,1500,1500,1500,1500,1500,1500,1500,1500,24,0,1800,2233.276135249374,1472.4647449329495,4409.369504079223,0.0
1790157203,12,,Aggregated,0.000000,0.000000,1500,1500,18000,18000,18000,18000,18000,18000,18000,18000,18000,72,0,1800,9882.584248962696,126.94088906218393,34175.06086896174,42.666666666666664
1790157204,12,POST,completion,0.000000,0.000000,18000,18000,18000,18000,18000,18000,18000,18000,18000,18000,18000,24,0,28000,27217.748857607756,17615.573571063578,34175.06086896174,128.0
1790157204,12,TPOT,completion,0.000000,0.000000,130,130,130,130,130,130,130,130,130,130,130,24,0,200,196.72775403096887,126.94088906218393,257.3822389914119,0.0
1790157204,12,TTFT,completion,0.000000,0.000000,1500,1500,1500,1500,1500,1500,1500,1500,1500,1500,1500,24,0,1800,2233.276135249374,1472.4647449329495,4409.369504079223,0.0
1790157204,12,,Aggregated,0.000000,0.000000,1500,1500,18000,18000,18000,18000,18000,18000,18000,18000,18000,72,0,1800,9882.584248962696,126.94088906218393,34175.06086896174,42.666666666666664
1790157205,12,POST,completion,0.000000,0.000000,18000,18000,18000,18000,18000,18000,18000,18000,18000,18000,18000,24,0,28000,27217.748857607756,17615.573571063578,34175.06086896174,128.0
1790157205,12,TPOT,completion,0.000000,0.000000,130,130,130,130,130,130,130,130,130,130,130,24,0,200,196.72775403096887,126.94088906218393,257.3822389914119,0.0
1790157205,12,TTFT,completion,0.000000,0.000000,1500,1500,1500,1500,1500,1500,1500,1500,1500,1500,1500,24,0,1800,2233.276135249374,1472.4647449329495,4409.369504079223,0.0
1790157205,12,,Aggregated,0.000000,0.000000,1500,1500,18000,18000,18000,18000,18000,18000,18000,18000,18000,72,0,1800,9882.584248962696,126.94088906218393,34175.06086896174,42.666666666666664
1790157206,12,POST,completion,0.000000,0.000000,18000,18000,18000,18000,18000,18000,18000,18000,18000,18000,18000,24,0,28000,27217.748857607756,17615.573571063578,34175.06086896174,128.0
1790157206,12,TPOT,completion,0.000000,0.000000,130,130,130,130,130,130,130,130,130,130,130,24,0,200,196.72775403096887,126.94088906218393,257.3822389914119,0.0
1790157206,12,TTFT,completion,0.000000,0.000000,1500,1500,1500,1500,1500,1500,1500,1500,1500,1500,1500,24,0,1800,2233.276135249374,1472.4647449329495,4409.369504079223,0.0
1790157206,12,,Aggregated,0.000000,0.000000,1500,1500,18000,18000,18000,18000,18000,18000,18000,18000,18000,72,0,1800,9882.584248962696,126.94088906218393,34175.06086896174,42.666666666666664
1790157207,12,POST,completion,0.000000,0.000000,18000,18000,18000,18000,18000,18000,18000,18000,18000,18000,18000,24,0,28000,27217.748857607756,17615.573571063578,34175.06086896174,128.0
1790157207,12,TPOT,completion,0.000000,0.000000,130,130,130,130,130,130,130,130,130,130,130,24,0,200,196.72775403096887,126.94088906218393,257.3822389914119,0.0
1790157207,12,TTFT,completion,0.000000,0.000000,1500,1500,1500,1500,1500,1500,1500,1500,1500,1500,1500,24,0,1800,2233.276135249374,1472.4647449329495,4409.369504079223,0.0
1790157207,12,,Aggregated,0.000000,0.000000,1500,1500,18000,18000,18000,18000,18000,18000,18000,18000,18000,72,0,1800,9882.584248962696,126.94088906218393,34175.06086896174,42.666666666666664
1790157208,12,POST,completion,0.000000,0.000000,18000,18000,18000,18000,18000,18000,18000,18000,18000,18000,18000,24,0,28000,27217.748857607756,17615.573571063578,34175.06086896174,128.0
1790157208,12,TPOT,completion,0.000000,0.000000,130,130,130,130,130,130,130,130,130,130,130,24,0,200,196.72775403096887,126.94088906218393,257.3822389914119,0.0
1790157208,12,TTFT,completion,0.000000,0.000000,1500,1500,1500,1500,1500,1500,1500,1500,1500,1500,1500,24,0,1800,2233.276135249374,1472.4647449329495,4409.369504079223,0.0
1790157208,12,,Aggregated,0.000000,0.000000,1500,1500,18000,18000,18000,18000,18000,18000,18000,18000,18000,72,0,1800,9882.584248962696,126.94088906218393,34175.06086896174,42.666666666666664
1790157209,12,POST,completion,0.000000,0.000000,18000,18000,18000,18000,18000,18000,18000,18000,18000,18000,18000,24,0,28000,27217.748857607756,17615.573571063578,34175.06086896174,128.0
1790157209,12,TPOT,completion,0.000000,0.000000,130,130,130,130,130,130,130,130,130,130,130,24,0,200,196.72775403096887,126.94088906218393,257.3822389914119,0.0
1790157209,12,TTFT,completion,0.000000,0.000000,1500,1500,1500,1500,1500,1500,1500,1500,1500,1500,1500,24,0,1800,2233.276135249374,1472.4647449329495,4409.369504079223,0.0
1790157209,12,,Aggregated,0.000000,0.000000,1500,1500,18000,18000,18000,18000,18000,18000,18000,18000,18000,72,0,1800,9882.584248962696,126.94088906218393,34175.06086896174,42.666666666666664
1790157210,12,POST,completion,0.000000,0.000000,18000,18000,18000,18000,18000,18000,18000,18000,18000,18000,18000,24,0,28000,27217.748857607756,17615.573571063578,34175.06086896174,128.0
1790157210,12,TPOT,completion,0.000000,0.000000,130,130,130,130,130,130,130,130,130,130,130,24,0,200,196.72775403096887,126.94088906218393,257.3822389914119,0.0
1790157210,12,TTFT,completion,0.000000,0.000000,1500,1500,1500,1500,1500,1500,1500,1500,1500,1500,1500,24,0,1800,2233.276135249374,1472.4647449329495,4409.369504079223,0.0
1790157210,12,,Aggregated,0.000000,0.000000,1500,1500,18000,18000,18000,18000,18000,18000,18000,18000,18000,72,0,1800,9882.584248962696,126.94088906218393,34175.06086896174,42.666666666666664
1790157211,12,POST,completion,0.000000,0.000000,18000,18000,18000,18000,18000,18000,18000,18000,18000,18000,18000,24,0,28000,27217.748857607756,17615.573571063578,34175.06086896174,128.0
1790157211,12,TPOT,completion,0.000000,0.000000,130,130,130,130,130,130,130,130,130,130,130,24,0,200,196.72775403096887,126.94088906218393,257.3822389914119,0.0
1790157211,12,TTFT,completion,0.000000,0.000000,1500,1500,1500,1500,1500,1500,1500,1500,1500,1500,1500,24,0,1800,2233.276135249374,1472.4647449329495,4409.369504079223,0.0
1790157211,12,,Aggregated,0.000000,0.000000,1500,1500,18000,18000,18000,18000,18000,18000,18000,18000,18000,72,0,1800,9882.584248962696,126.94088906218393,34175.06086896174,42.666666666666664
1790157212,12,POST,completion,0.000000,0.000000,18000,18000,18000,18000,18000,18000,18000,18000,18000,18000,18000,24,0,28000,27217.748857607756,17615.573571063578,34175.06086896174,128.0
1790157212,12,TPOT,completion,0.000000,0.000000,130,130,130,130,130,130,130,130,130,130,130,24,0,200,196.72775403096887,126.94088906218393,257.3822389914119,0.0
1790157212,12,TTFT,completion,0.000000,0.000000,1500,1500,1500,1500,1500,1500,1500,1500,1500,1500,1500,24,0,1800,2233.276135249374,1472.4647449329495,4409.369504079223,0.0
1790157212,12,,Aggregated,0.000000,0.000000,1500,1500,18000,18000,18000,18000,18000,18000,18000,18000,18000,72,0,1800,9882.584248962696,126.94088906218393,34175.06086896174,42.666666666666664
1790157213,12,POST,completion,0.000000,0.000000,18000,18000,18000,18000,18000,18000,18000,18000,18000,18000,18000,24,0,28000,27217.748857607756,17615.573571063578,34175.06086896174,128.0
1790157213,12,TPOT,completion,0.000000,0.000000,130,130,130,130,130,130,130,130,130,130,130,24,0,200,196.72775403096887,126.94088906218393,257.3822389914119,0.0
1790157213,12,TTFT,completion,0.000000,0.000000,1500,1500,1500,1500,1500,1500,1500,1500,1500,1500,1500,24,0,1800,2233.276135249374,1472.4647449329495,4409.369504079223,0.0
1790157213,12,,Aggregated,0.000000,0.000000,1500,1500,18000,18000,18000,18000,18000,18000,18000,18000,18000,72,0,1800,9882.584248962696,126.94088906218393,34175.06086896174,42.666666666666664
1790157214,12,POST,completion,0.000000,0.000000,18000,18000,18000,18000,18000,18000,18000,18000,18000,18000,18000,24,0,28000,27217.748857607756,17615.573571063578,34175.06086896174,128.0
1790157214,12,TPOT,completion,0.000000,0.000000,130,130,130,130,130,130,130,130,130,130,130,24,0,200,196.72775403096887,126.94088906218393,257.3822389914119,0.0
1790157214,12,TTFT,completion,0.000000,0.000000,1500,1500,1500,1500,1500,1500,1500,1500,1500,1500,1500,24,0,1800,2233.276135249374,1472.4647449329495,4409.369504079223,0.0
1790157214,12,,Aggregated,0.000000,0.000000,1500,1500,18000,18000,18000,18000,18000,18000,18000,18000,18000,72,0,1800,9882.584248962696,126.94088906218393,34175.06086896174,42.666666666666664
1790157215,12,POST,completion,0.000000,0.000000,18000,18000,18000,18000,18000,18000,18000,18000,18000,18000,18000,24,0,28000,27217.748857607756,17615.573571063578,34175.06086896174,128.0
1790157215,12,TPOT,completion,0.000000,0.000000,130,130,130,130,130,130,130,130,130,130,130,24,0,200,196.72775403096887,126.94088906218393,257.3822389914119,0.0
1790157215,12,TTFT,completion,0.000000,0.000000,1500,1500,1500,1500,1500,1500,1500,1500,1500,1500,1500,24,0,1800,2233.276135249374,1472.4647449329495,4409.369504079223,0.0
1790157215,12,,Aggregated,0.000000,0.000000,1500,1500,18000,18000,18000,18000,18000,18000,18000,18000,18000,72,0,1800,9882.584248962696,126.94088906218393,34175.06086896174,42.666666666666664
1790157216,12,POST,completion,0.000000,0.000000,18000,18000,18000,18000,18000,18000,18000,18000,18000,18000,18000,24,0,28000,27217.748857607756,17615.573571063578,34175.06086896174,128.0
1790157216,12,TPOT,completion,0.000000,0.000000,130,130,130,130,130,130,130,130,130,130,130,24,0,200,196.72775403096887,126.94088906218393,257.3822389914119,0.0
1790157216,12,TTFT,completion,0.000000,0.000000,1500,1500,1500,1500,1500,1500,1500,1500,1500,1500,1500,24,0,1800,2233.276135249374,1472.4647449329495,4409.369504079223,0.0
1790157216,12,,Aggregated,0.000000,0.000000,1500,1500,18000,18000,18000,18000,18000,18000,18000,18000,18000,72,0,1800,9882.584248962696,126.94088906218393,34175.06086896174,42.666666666666664
1790157217,12,POST,completion,0.000000,0.000000,0,0,0,0,0,0,0,0,0,0,0,24,0,28000,27217.748857607756,17615.573571063578,34175.06086896174,128.0
1790157217,12,TPOT,completion,0.000000,0.000000,0,0,0,0,0,0,0,0,0,0,0,24,0,200,196.72775403096887,126.94088906218393,257.3822389914119,0.0
1790157217,12,TTFT,completion,0.000000,0.000000,0,0,0,0,0,0,0,0,0,0,0,24,0,1800,2233.276135249374,1472.4647449329495,4409.369504079223,0.0
1790157217,12,,Aggregated,0.000000,0.000000,0,0,0,0,0,0,0,0,0,0,0,72,0,1800,9882.584248962696,126.94088906218393,34175.06086896174,42.666666666666664
1790157218,12,POST,completion,0.000000,0.000000,0,0,0,0,0,0,0,0,0,0,0,24,0,28000,27217.748857607756,17615.573571063578,34175.06086896174,128.0
1790157218,12,TPOT,completion,0.000000,0.000000,0,0,0,0,0,0,0,0,0,0,0,24,0,200,196.72775403096887,126.94088906218393,257.3822389914119,0.0
1790157218,12,TTFT,completion,0.000000,0.000000,0,0,0,0,0,0,0,0,0,0,0,24,0,1800,2233.276135249374,1472.4647449329495,4409.369504079223,0.0
1790157218,12,,Aggregated,0.000000,0.000000,0,0,0,0,0,0,0,0,0,0,0,72,0,1800,9882.584248962696,126.94088906218393,34175.06086896174,42.666666666666664
1790157219,12,POST,completion,0.000000,0.000000,0,0,0,0,0,0,0,0,0,0,0,24,0,28000,27217.748857607756,17615.573571063578,34175.06086896174,128.0
1790157219,12,TPOT,completion,0.000000,0.000000,0,0,0,0,0,0,0,0,0,0,0,24,0,200,196.72775403096887,126.94088906218393,257.3822389914119,0.0
1790157219,12,TTFT,completion,0.000000,0.000000,0,0,0,0,0,0,0,0,0,0,0,24,0,1800,2233.276135249374,1472.4647449329495,4409.369504079223,0.0
1790157219,12,,Aggregated,0.000000,0.000000,0,0,0,0,0,0,0,0,0,0,0,72,0,1800,9882.584248962696,126.94088906218393,34175.06086896174,42.666666666666664
1790157220,12,POST,completion,0.000000,0.000000,0,0,0,0,0,0,0,0,0,0,0,24,0,28000,27217.748857607756,17615.573571063578,34175.06086896174,128.0
1790157220,12,TPOT,completion,0.000000,0.000000,0,0,0,0,0,0,0,0,0,0,0,24,0,200,196.72775403096887,126.94088906218393,257.3822389914119,0.0
1790157220,12,TTFT,completion,0.000000,0.000000,0,0,0,0,0,0,0,0,0,0,0,24,0,1800,2233.276135249374,1472.4647449329495,4409.369504079223,0.0
1790157220,12,,Aggregated,0.000000,0.000000,0,0,0,0,0,0,0,0,0,0,0,72,0,1800,9882.584248962696,126.94088906218393,34175.06086896174,42.666666666666664
1790157221,12,POST,completion,0.000000,0.000000,0,0,0,0,0,0,0,0,0,0,0,24,0,28000,27217.748857607756,17615.573571063578,34175.06086896174,128.0
1790157221,12,TPOT,completion,0.000000,0.000000,0,0,0,0,0,0,0,0,0,0,0,24,0,200,196.72775403096887,126.94088906218393,257.3822389914119,0.0
1790157221,12,TTFT,completion,0.000000,0.000000,0,0,0,0,0,0,0,0,0,0,0,24,0,1800,2233.276135249374,1472.4647449329495,4409.369504079223,0.0
1790157221,12,,Aggregated,0.000000,0.000000,0,0,0,0,0,0,0,0,0,0,0,72,0,1800,9882.584248962696,126.94088906218393,34175.06086896174,42.666666666666664
1790157222,12,POST,completion,0.000000,0.000000,0,0,0,0,0,0,0,0,0,0,0,24,0,28000,27217.748857607756,17615.573571063578,34175.06086896174,128.0
1790157222,12,TPOT,completion,0.000000,0.000000,0,0,0,0,0,0,0,0,0,0,0,24,0,200,196.72775403096887,126.94088906218393,257.3822389914119,0.0
1790157222,12,TTFT,completion,0.000000,0.000000,0,0,0,0,0,0,0,0,0,0,0,24,0,1800,2233.276135249374,1472.4647449329495,4409.369504079223,0.0
1790157222,12,,Aggregated,0.000000,0.000000,0,0,0,0,0,0,0,0,0,0,0,72,0,1800,9882.584248962696,126.94088906218393,34175.06086896174,42.666666666666664
1790157223,12,POST,completion,0.000000,0.000000,0,0,0,0,0,0,0,0,0,0,0,24,0,28000,27217.748857607756,17615.573571063578,34175.06086896174,128.0
1790157223,12,TPOT,completion,0.000000,0.000000,0,0,0,0,0,0,0,0,0,0,0,24,0,200,196.72775403096887,126.94088906218393,257.3822389914119,0.0
1790157223,12,TTFT,completion,0.000000,0.000000,0,0,0,0,0,0,0,0,0,0,0,24,0,1800,2233.276135249374,1472.4647449329495,4409.369504079223,0.0
1790157223,12,,Aggregated,0.000000,0.000000,0,0,0,0,0,0,0,0,0,0,0,72,0,1800,9882.584248962696,126.94088906218393,34175.06086896174,42.666666666666664
1790157224,12,POST,completion,0.000000,0.000000,0,0,0,0,0,0,0,0,0,0,0,24,0,28000,27217.748857607756,17615.573571063578,34175.06086896174,128.0
1790157224,12,TPOT,completion,0.000000,0.000000,0,0,0,0,0,0,0,0,0,0,0,24,0,200,196.72775403096887,126.94088906218393,257.3822389914119,0.0
1790157224,12,TTFT,completion,0.000000,0.000000,0,0,0,0,0,0,0,0,0,0,0,24,0,1800,2233.276135249374,1472.4647449329495,4409.369504079223,0.0
1790157224,12,,Aggregated,0.000000,0.000000,0,0,0,0,0,0,0,0,0,0,0,72,0,1800,9882.584248962696,126.94088906218393,34175.06086896174,42.666666666666664
1790157225,12,POST,completion,0.000000,0.000000,0,0,0,0,0,0,0,0,0,0,0,24,0,28000,27217.748857607756,17615.573571063578,34175.06086896174,128.0
1790157225,12,TPOT,completion,0.000000,0.000000,0,0,0,0,0,0,0,0,0,0,0,24,0,200,196.72775403096887,126.94088906218393,257.3822389914119,0.0
1790157225,12,TTFT,completion,0.000000,0.000000,0,0,0,0,0,0,0,0,0,0,0,24,0,1800,2233.276135249374,1472.4647449329495,4409.369504079223,0.0
1790157225,12,,Aggregated,0.000000,0.000000,0,0,0,0,0,0,0,0,0,0,0,72,0,1800,9882.584248962696,126.94088906218393,34175.06086896174,42.666666666666664
1790157226,12,POST,completion,0.000000,0.000000,0,0,0,0,0,0,0,0,0,0,0,24,0,28000,27217.748857607756,17615.573571063578,34175.06086896174,128.0
1790157226,12,TPOT,completion,0.000000,0.000000,0,0,0,0,0,0,0,0,0,0,0,24,0,200,196.72775403096887,126.94088906218393,257.3822389914119,0.0
1790157226,12,TTFT,completion,0.000000,0.000000,0,0,0,0,0,0,0,0,0,0,0,24,0,1800,2233.276135249374,1472.4647449329495,4409.369504079223,0.0
1790157226,12,,Aggregated,0.000000,0.000000,0,0,0,0,0,0,0,0,0,0,0,72,0,1800,9882.584248962696,126.94088906218393,34175.06086896174,42.666666666666664
1790157227,12,POST,completion,0.000000,0.000000,0,0,0,0,0,0,0,0,0,0,0,24,0,28000,27217.748857607756,17615.573571063578,34175.06086896174,128.0
1790157227,12,TPOT,completion,0.000000,0.000000,0,0,0,0,0,0,0,0,0,0,0,24,0,200,196.72775403096887,126.94088906218393,257.3822389914119,0.0
1790157227,12,TTFT,completion,0.000000,0.000000,0,0,0,0,0,0,0,0,0,0,0,24,0,1800,2233.276135249374,1472.4647449329495,4409.369504079223,0.0
1790157227,12,,Aggregated,0.000000,0.000000,0,0,0,0,0,0,0,0,0,0,0,72,0,1800,9882.584248962696,126.94088906218393,34175.06086896174,42.666666666666664
1790157228,12,POST,completion,0.000000,0.000000,0,0,0,0,0,0,0,0,0,0,0,24,0,28000,27217.748857607756,17615.573571063578,34175.06086896174,128.0
1790157228,12,TPOT,completion,0.000000,0.000000,0,0,0,0,0,0,0,0,0,0,0,24,0,200,196.72775403096887,126.94088906218393,257.3822389914119,0.0
1790157228,12,TTFT,completion,0.000000,0.000000,0,0,0,0,0,0,0,0,0,0,0,24,0,1800,2233.276135249374,1472.4647449329495,4409.369504079223,0.0
1790157228,12,,Aggregated,0.000000,0.000000,0,0,0,0,0,0,0,0,0,0,0,72,0,1800,9882.584248962696,126.94088906218393,34175.06086896174,42.666666666666664
1790157229,12,POST,completion,0.000000,0.000000,0,0,0,0,0,0,0,0,0,0,0,24,0,28000,27217.748857607756,17615.573571063578,34175.06086896174,128.0
1790157229,12,TPOT,completion,0.000000,0.000000,0,0,0,0,0,0,0,0,0,0,0,24,0,200,196.72775403096887,126.94088906218393,257.3822389914119,0.0
1790157229,12,TTFT,completion,0.000000,0.000000,0,0,0,0,0,0,0,0,0,0,0,24,0,1800,2233.276135249374,1472.4647449329495,4409.369504079223,0.0
1790157229,12,,Aggregated,0.000000,0.000000,0,0,0,0,0,0,0,0,0,0,0,72,0,1800,9882.584248962696,126.94088906218393,34175.06086896174,42.666666666666664
1790157230,12,POST,completion,0.000000,0.000000,0,0,0,0,0,0,0,0,0,0,0,24,0,28000,27217.748857607756,17615.573571063578,34175.06086896174,128.0
1790157230,12,TPOT,completion,0.000000,0.000000,0,0,0,0,0,0,0,0,0,0,0,24,0,200,196.72775403096887,126.94088906218393,257.3822389914119,0.0
1790157230,12,TTFT,completion,0.000000,0.000000,0,0,0,0,0,0,0,0,0,0,0,24,0,1800,2233.276135249374,1472.4647449329495,4409.369504079223,0.0
1790157230,12,,Aggregated,0.000000,0.000000,0,0,0,0,0,0,0,0,0,0,0,72,0,1800,9882.584248962696,126.94088906218393,34175.06086896174,42.666666666666664
1790157231,12,POST,completion,0.000000,0.000000,0,0,0,0,0,0,0,0,0,0,0,24,0,28000,27217.748857607756,17615.573571063578,34175.06086896174,128.0
1790157231,12,TPOT,completion,0.000000,0.000000,0,0,0,0,0,0,0,0,0,0,0,24,0,200,196.72775403096887,126.94088906218393,257.3822389914119,0.0
1790157231,12,TTFT,completion,0.000000,0.000000,0,0,0,0,0,0,0,0,0,0,0,24,0,1800,2233.276135249374,1472.4647449329495,4409.369504079223,0.0
1790157231,12,,Aggregated,0.000000,0.000000,0,0,0,0,0,0,0,0,0,0,0,72,0,1800,9882.584248962696,126.94088906218393,34175.06086896174,42.666666666666664
1790157232,12,POST,completion,0.000000,0.000000,0,0,0,0,0,0,0,0,0,0,0,24,0,28000,27217.748857607756,17615.573571063578,34175.06086896174,128.0
1790157232,12,TPOT,completion,0.000000,0.000000,0,0,0,0,0,0,0,0,0,0,0,24,0,200,196.72775403096887,126.94088906218393,257.3822389914119,0.0
1790157232,12,TTFT,completion,0.000000,0.000000,0,0,0,0,0,0,0,0,0,0,0,24,0,1800,2233.276135249374,1472.4647449329495,4409.369504079223,0.0
1790157232,12,,Aggregated,0.000000,0.000000,0,0,0,0,0,0,0,0,0,0,0,72,0,1800,9882.584248962696,126.94088906218393,34175.06086896174,42.666666666666664
1790157233,12,POST,completion,0.000000,0.000000,0,0,0,0,0,0,0,0,0,0,0,24,0,28000,27217.748857607756,17615.573571063578,34175.06086896174,128.0
1790157233,12,TPOT,completion,0.000000,0.000000,0,0,0,0,0,0,0,0,0,0,0,24,0,200,196.72775403096887,126.94088906218393,257.3822389914119,0.0
1790157233,12,TTFT,completion,0.000000,0.000000,0,0,0,0,0,0,0,0,0,0,0,24,0,1800,2233.276135249374,1472.4647449329495,4409.369504079223,0.0
1790157233,12,,Aggregated,0.000000,0.000000,0,0,0,0,0,0,0,0,0,0,0,72,0,1800,9882.584248962696,126.94088906218393,34175.06086896174,42.666666666666664
1790157234,12,POST,completion,0.000000,0.000000,0,0,0,0,0,0,0,0,0,0,0,24,0,28000,27217.748857607756,17615.573571063578,34175.06086896174,128.0
1790157234,12,TPOT,completion,0.000000,0.000000,0,0,0,0,0,0,0,0,0,0,0,24,0,200,196.72775403096887,126.94088906218393,257.3822389914119,0.0
1790157234,12,TTFT,completion,0.000000,0.000000,0,0,0,0,0,0,0,0,0,0,0,24,0,1800,2233.276135249374,1472.4647449329495,4409.369504079223,0.0
1790157234,12,,Aggregated,0.000000,0.000000,0,0,0,0,0,0,0,0,0,0,0,72,0,1800,9882.584248962696,126.94088906218393,34175.06086896174,42.666666666666664
1790157235,12,POST,completion,0.000000,0.000000,0,0,0,0,0,0,0,0,0,0,0,24,0,28000,27217.748857607756,17615.573571063578,34175.06086896174,128.0
1790157235,12,TPOT,completion,0.000000,0.000000,0,0,0,0,0,0,0,0,0,0,0,24,0,200,196.72775403096887,126.94088906218393,257.3822389914119,0.0
1790157235,12,TTFT,completion,0.000000,0.000000,0,0,0,0,0,0,0,0,0,0,0,24,0,1800,2233.276135249374,1472.4647449329495,4409.369504079223,0.0
1790157235,12,,Aggregated,0.000000,0.000000,0,0,0,0,0,0,0,0,0,0,0,72,0,1800,9882.584248962696,126.94088906218393,34175.06086896174,42.666666666666664
1790157236,12,POST,completion,0.000000,0.000000,0,0,0,0,0,0,0,0,0,0,0,24,0,28000,27217.748857607756,17615.573571063578,34175.06086896174,128.0
1790157236,12,TPOT,completion,0.000000,0.000000,0,0,0,0,0,0,0,0,0,0,0,24,0,200,196.72775403096887,126.94088906218393,257.3822389914119,0.0
1790157236,12,TTFT,completion,0.000000,0.000000,0,0,0,0,0,0,0,0,0,0,0,24,0,1800,2233.276135249374,1472.4647449329495,4409.369504079223,0.0
1790157236,12,,Aggregated,0.000000,0.000000,0,0,0,0,0,0,0,0,0,0,0,72,0,1800,9882.584248962696,126.94088906218393,34175.06086896174,42.666666666666664
1790157237,12,POST,completion,0.000000,0.000000,0,0,0,0,0,0,0,0,0,0,0,24,0,28000,27217.748857607756,17615.573571063578,34175.06086896174,128.0
1790157237,12,TPOT,completion,0.000000,0.000000,0,0,0,0,0,0,0,0,0,0,0,24,0,200,196.72775403096887,126.94088906218393,257.3822389914119,0.0
1790157237,12,TTFT,completion,0.000000,0.000000,0,0,0,0,0,0,0,0,0,0,0,24,0,1800,2233.276135249374,1472.4647449329495,4409.369504079223,0.0
1790157237,12,,Aggregated,0.000000,0.000000,0,0,0,0,0,0,0,0,0,0,0,72,0,1800,9882.584248962696,126.94088906218393,34175.06086896174,42.666666666666664
1790157238,12,POST,completion,0.000000,0.000000,0,0,0,0,0,0,0,0,0,0,0,24,0,28000,27217.748857607756,17615.573571063578,34175.06086896174,128.0
1790157238,12,TPOT,completion,0.000000,0.000000,0,0,0,0,0,0,0,0,0,0,0,24,0,200,196.72775403096887,126.94088906218393,257.3822389914119,0.0
1790157238,12,TTFT,completion,0.000000,0.000000,0,0,0,0,0,0,0,0,0,0,0,24,0,1800,2233.276135249374,1472.4647449329495,4409.369504079223,0.0
1790157238,12,,Aggregated,0.000000,0.000000,0,0,0,0,0,0,0,0,0,0,0,72,0,1800,9882.584248962696,126.94088906218393,34175.06086896174,42.666666666666664
1790157239,12,POST,completion,0.000000,0.000000,0,0,0,0,0,0,0,0,0,0,0,25,0,28000,27429.843516219407,17615.573571063578,34175.06086896174,128.0
1790157239,12,TPOT,completion,0.000000,0.000000,0,0,0,0,0,0,0,0,0,0,0,25,0,200,198.67326491732356,126.94088906218393,257.3822389914119,0.0
1790157239,12,TTFT,completion,0.000000,0.000000,0,0,0,0,0,0,0,0,0,0,0,25,0,1700,2198.2902501523495,1358.6290078237653,4409.369504079223,0.0
1790157239,12,,Aggregated,0.000000,0.000000,0,0,0,0,0,0,0,0,0,0,0,75,0,1700,9942.269010429689,126.94088906218393,34175.06086896174,42.666666666666664
1790157240,12,POST,completion,0.000000,0.000000,29000,30000,31000,32000,33000,33000,33000,33000,33000,33000,33000,33,0,28000,27599.93067263823,17615.573571063578,34175.06086896174,128.0
1790157240,12,TPOT,completion,0.000000,0.000000,210,210,230,240,250,250,250,250,250,250,250,33,0,200,198.86800496644767,126.94088906218393,257.3822389914119,0.0
1790157240,12,TTFT,completion,0.000000,0.000000,2700,2700,3300,3700,4300,4300,4300,4300,4300,4300,4300,33,0,2100,2343.6471514446152,1358.6290078237653,4409.369504079223,0.0
1790157240,12,,Aggregated,0.000000,0.000000,2700,4300,27000,28000,31000,32000,33000,33000,33000,33000,33000,99,0,2100,10047.481943016428,126.94088906218393,34175.06086896174,42.666666666666664
1790157241,12,POST,completion,0.000000,0.000000,29000,30000,31000,32000,33000,33000,33000,33000,33000,33000,33000,33,0,28000,27599.93067263823,17615.573571063578,34175.06086896174,128.0
1790157241,12,TPOT,completion,0.000000,0.000000,210,210,230,240,250,250,250,250,250,250,250,33,0,200,198.86800496644767,126.94088906218393,257.3822389914119,0.0
1790157241,12,TTFT,completion,0.000000,0.000000,2700,2700,3300,3700,4300,4300,4300,4300,4300,4300,4300,33,0,2100,2343.6471514446152,1358.6290078237653,4409.369504079223,0.0
1790157241,12,,Aggregated,0.000000,0.000000,2700,4300,27000,28000,31000,32000,33000,33000,33000,33000,33000,99,0,2100,10047.481943016428,126.94088906218393,34175.06086896174,42.666666666666664
1790157242,12,POST,completion,0.000000,0.000000,29000,30000,31000,32000,33000,33000,33000,33000,33000,33000,33000,33,0,28000,27599.93067263823,17615.573571063578,34175.06086896174,128.0
1790157242,12,TPOT,completion,0.000000,0.000000,210,210,230,240,250,250,250,250,250,250,250,33,0,200,198.86800496644767,126.94088906218393,257.3822389914119,0.0
1790157242,12,TTFT,completion,0.000000,0.000000,2700,2700,3300,3700,4300,4300,4300,4300,4300,4300,4300,33,0,2100,2343.6471514446152,1358.6290078237653,4409.369504079223,0.0
1790157242,12,,Aggregated,0.000000,0.000000,2700,4300,27000,28000,31000,32000,33000,33000,33000,33000,33000,99,0,2100,10047.481943016428,126.94088906218393,34175.06086896174,42.666666666666664
1790157243,12,POST,completion,0.000000,0.000000,29000,30000,31000,32000,33000,33000,33000,33000,33000,33000,33000,33,0,28000,27599.93067263823,17615.573571063578,34175.06086896174,128.0
1790157243,12,TPOT,completion,0.000000,0.000000,210,210,230,240,250,250,250,250,250,250,250,33,0,200,198.86800496644767,126.94088906218393,257.3822389914119,0.0
1790157243,12,TTFT,completion,0.000000,0.000000,2700,2700,3300,3700,4300,4300,4300,4300,4300,4300,4300,33,0,2100,2343.6471514446152,1358.6290078237653,4409.369504079223,0.0
1790157243,12,,Aggregated,0.000000,0.000000,2700,4300,27000,28000,31000,32000,33000,33000,33000,33000,33000,99,0,2100,10047.481943016428,126.94088906218393,34175.06086896174,42.666666666666664
1790157244,12,POST,completion,0.000000,0.000000,29000,30000,31000,32000,33000,33000,33000,33000,33000,33000,33000,33,0,28000,27599.93067263823,17615.573571063578,34175.06086896174,128.0
1790157244,12,TPOT,completion,0.000000,0.000000,210,210,230,240,250,250,250,250,250,250,250,33,0,200,198.86800496644767,126.94088906218393,257.3822389914119,0.0
1790157244,12,TTFT,completion,0.000000,0.000000,2700,2700,3300,3700,4300,4300,4300,4300,4300,4300,4300,33,0,2100,2343.6471514446152,1358.6290078237653,4409.369504079223,0.0
1790157244,12,,Aggregated,0.000000,0.000000,2700,4300,27000,28000,31000,32000,33000,33000,33000,33000,33000,99,0,2100,10047.481943016428,126.94088906218393,34175.06086896174,42.666666666666664
1790157245,12,POST,completion,0.000000,0.000000,29000,30000,31000,32000,33000,33000,33000,33000,33000,33000,33000,33,0,28000,27599.93067263823,17615.573571063578,34175.06086896174,128.0
1790157245,12,TPOT,completion,0.000000,0.000000,210,210,230,240,250,250,250,250,250,250,250,33,0,200,198.86800496644767,126.94088906218393,257.3822389914119,0.0
1790157245,12,TTFT,completion,0.000000,0.000000,2700,2700,3300,3700,4300,4300,4300,4300,4300,4300,4300,33,0,2100,2343.6471514446152,1358.6290078237653,4409.369504079223,0.0
1790157245,12,,Aggregated,0.000000,0.000000,2700,4300,27000,28000,31000,32000,33000,33000,33000,33000,33000,99,0,2100,10047.481943016428,126.94088906218393,34175.06086896174,42.666666666666664
1790157246,12,POST,completion,0.900000,0.000000,28000,30000,31000,31000,32000,33000,33000,33000,33000,33000,33000,35,0,28000,27260.69950321024,17615.573571063578,34175.06086896174,128.0
1790157246,12,TPOT,completion,0.900000,0.000000,190,210,230,230,240,250,250,250,250,250,250,35,0,190,196.59963685901852,126.94088906218393,257.3822389914119,0.0
1790157246,12,TTFT,completion,0.900000,0.000000,2100,2700,3300,3300,3700,4300,4300,4300,4300,4300,4300,35,0,2000,2292.498355165922,1358.6290078237653,4409.369504079223,0.0
1790157246,12,,Aggregated,2.700000,0.000000,2100,4300,23000,27000,30000,32000,33000,33000,33000,33000,33000,105,0,2000,9916.59916507839,126.94088906218393,34175.06086896174,42.666666666666664
1790157247,12,POST,completion,0.900000,0.000000,28000,30000,31000,31000,32000,33000,33000,33000,33000,33000,33000,35,0,28000,27260.69950321024,17615.573571063578,34175.06086896174,128.0
1790157247,12,TPOT,completion,0.900000,0.000000,190,210,230,230,240,250,250,250,250,250,250,35,0,190,196.59963685901852,126.94088906218393,257.3822389914119,0.0
1790157247,12,TTFT,completion,0.900000,0.000000,2100,2700,3300,3300,3700,4300,4300,4300,4300,4300,4300,35,0,2000,2292.498355165922,1358.6290078237653,4409.369504079223,0.0
1790157247,12,,Aggregated,2.700000,0.000000,2100,4300,23000,27000,30000,32000,33000,33000,33000,33000,33000,105,0,2000,9916.59916507839,126.94088906218393,34175.06086896174,42.666666666666664
1790157248,12,POST,completion,0.900000,0.000000,28000,30000,31000,31000,32000,33000,33000,33000,33000,33000,33000,35,0,28000,27260.69950321024,17615.573571063578,34175.06086896174,128.0
1790157248,12,TPOT,completion,0.900000,0.000000,190,210,230,230,240,250,250,250,250,250,250,35,0,190,196.59963685901852,126.94088906218393,257.3822389914119,0.0
1790157248,12,TTFT,completion,0.900000,0.000000,2100,2700,3300,3300,3700,4300,4300,4300,4300,4300,4300,35,0,2000,2292.498355165922,1358.6290078237653,4409.369504079223,0.0
1790157248,12,,Aggregated,2.700000,0.000000,2100,4300,23000,27000,30000,32000,33000,33000,33000,33000,33000,105,0,2000,9916.59916507839,126.94088906218393,34175.06086896174,42.666666666666664
1790157249,12,POST,completion,0.900000,0.000000,25000,25000,27000,27000,28000,28000,28000,28000,28000,28000,28000,35,0,28000,27260.69950321024,17615.573571063578,34175.06086896174,128.0
1790157249,12,TPOT,completion,0.900000,0.000000,180,180,190,190,190,190,190,190,190,190,190,35,0,190,196.59963685901852,126.94088906218393,257.3822389914119,0.0
1790157249,12,TTFT,completion,0.900000,0.000000,2700,2700,3300,3300,4300,4300,4300,4300,4300,4300,4300,35,0,2000,2292.498355165922,1358.6290078237653,4409.369504079223,0.0
1790157249,12,,Aggregated,2.700000,0.000000,2700,4300,22000,23000,27000,28000,28000,28000,28000,28000,28000,105,0,2000,9916.59916507839,126.94088906218393,34175.06086896174,42.666666666666664
1790157250,12,POST,completion,0.900000,0.000000,25000,25000,27000,27000,28000,28000,28000,28000,28000,28000,28000,35,0,28000,27260.69950321024,17615.573571063578,34175.06086896174,128.0
1790157250,12,TPOT,completion,0.900000,0.000000,180,180,190,190,190,190,190,190,190,190,190,35,0,190,196.59963685901852,126.94088906218393,257.3822389914119,0.0
1790157250,12,TTFT,completion,0.900000,0.000000,2700,2700,3300,3300,4300,4300,4300,4300,4300,4300,4300,35,0,2000,2292.498355165922,1358.6290078237653,4409.369504079223,0.0
1790157250,12,,Aggregated,2.700000,0.000000,2700,4300,22000,23000,27000,28000,28000,28000,28000,28000,28000,105,0,2000,9916.59916507839,126.94088906218393,34175.06086896174,42.666666666666664
1790157251,12,POST,completion,0.900000,0.000000,25000,25000,27000,27000,28000,28000,28000,28000,28000,28000,28000,35,0,28000,27260.69950321024,17615.573571063578,34175.06086896174,128.0
1790157251,12,TPOT,completion,0.900000,0.000000,180,180,190,190,190,190,190,190,190,190,190,35,0,190,196.59963685901852,126.94088906218393,257.3822389914119,0.0
1790157251,12,TTFT,completion,0.900000,0.000000,2700,2700,3300,3300,4300,4300,4300,4300,4300,4300,4300,35,0,2000,2292.498355165922,1358.6290078237653,4409.369504079223,0.0
1790157251,12,,Aggregated,2.700000,0.000000,2700,4300,22000,23000,27000,28000,28000,28000,28000,28000,28000,105,0,2000,9916.59916507839,126.94088906218393,34175.06086896174,42.666666666666664
1790157252,12,POST,completion,0.900000,0.000000,25000,25000,27000,27000,28000,28000,28000,28000,28000,28000,28000,35,0,28000,27260.69950321024,17615.573571063578,34175.06086896174,128.0
1790157252,12,TPOT,completion,0.900000,0.000000,180,180,190,190,190,190,190,190,190,190,190,35,0,190,196.59963685901852,126.94088906218393,257.3822389914119,0.0
1790157252,12,TTFT,completion,0.900000,0.000000,2700,2700,3300,3300,4300,4300,4300,4300,4300,4300,4300,35,0,2000,2292.498355165922,1358.6290078237653,4409.369504079223,0.0
1790157252,12,,Aggregated,2.700000,0.000000,2700,4300,22000,23000,27000,28000,28000,28000,28000,28000,28000,105,0,2000,9916.59916507839,126.94088906218393,34175.06086896174,42.666666666666664
1790157253,12,POST,completion,0.900000,0.000000,22000,22000,22000,22000,22000,22000,22000,22000,22000,22000,22000,35,0,28000,27260.69950321024,17615.573571063578,34175.06086896174,128.0
1790157253,12,TPOT,completion,0.900000,0.000000,160,160,160,160,160,160,160,160,160,160,160,35,0,190,196.59963685901852,126.94088906218393,257.3822389914119,0.0
1790157253,12,TTFT,completion,0.900000,0.000000,1500,1500,1500,1500,1500,1500,1500,1500,1500,1500,1500,35,0,2000,2292.498355165922,1358.6290078237653,4409.369504079223,0.0
1790157253,12,,Aggregated,2.700000,0.000000,1500,1500,21000,21000,22000,22000,22000,22000,22000,22000,22000,105,0,2000,9916.59916507839,126.94088906218393,34175.06086896174,42.666666666666664
1790157254,12,POST,completion,0.900000,0.000000,22000,22000,22000,22000,22000,22000,22000,22000,22000,22000,22000,35,0,28000,27260.69950321024,17615.573571063578,34175.06086896174,128.0
1790157254,12,TPOT,completion,0.900000,0.000000,160,160,160,160,160,160,160,160,160,160,160,35,0,190,196.59963685901852,126.94088906218393,257.3822389914119,0.0
1790157254,12,TTFT,completion,0.900000,0.000000,1500,1500,1500,1500,1500,1500,1500,1500,1500,1500,1500,35,0,2000,2292.498355165922,1358.6290078237653,4409.369504079223,0.0
1790157254,12,,Aggregated,2.700000,0.000000,1500,1500,21000,21000,22000,22000,22000,22000,22000,22000,22000,105,0,2000,9916.59916507839,126.94088906218393,34175.06086896174,42.666666666666664
1790157255,12,POST,completion,0.900000,0.000000,22000,22000,22000,22000,22000,22000,22000,22000,22000,22000,22000,35,0,28000,27260.69950321024,17615.573571063578,34175.06086896174,128.0
1790157255,12,TPOT,completion,0.900000,0.000000,160,160,160,160,160,160,160,160,160,160,160,35,0,190,196.59963685901852,126.94088906218393,257.3822389914119,0.0
1790157255,12,TTFT,completion,0.900000,0.000000,1500,1500,1500,1500,1500,1500,1500,1500,1500,1500,1500,35,0,2000,2292.498355165922,1358.6290078237653,4409.369504079223,0.0
1790157255,12,,Aggregated,2.700000,0.000000,1500,1500,21000,21000,22000,22000,22000,22000,22000,22000,22000,105,0,2000,9916.59916507839,126.94088906218393,34175.06086896174,42.666666666666664
1790157256,12,POST,completion,0.900000,0.000000,22000,22000,22000,22000,22000,22000,22000,22000,22000,22000,22000,35,0,28000,27260.69950321024,17615.573571063578,34175.06086896174,128.0
1790157256,12,TPOT,completion,0.900000,0.000000,160,160,160,160,160,160,160,160,160,160,160,35,0,190,196.59963685901852,126.94088906218393,257.3822389914119,0.0
1790157256,12,TTFT,completion,0.900000,0.000000,1500,1500,1500,1500,1500,1500,1500,1500,1500,1500,1500,35,0,2000,2292.498355165922,1358.6290078237653,4409.369504079223,0.0
1790157256,12,,Aggregated,2.700000,0.000000,1500,1500,21000,21000,22000,22000,22000,22000,22000,22000,22000,105,0,2000,9916.59916507839,126.94088906218393,34175.06086896174,42.666666666666664
1790157257,12,POST,completion,0.900000,0.000000,22000,22000,22000,22000,22000,22000,22000,22000,22000,22000,22000,35,0,28000,27260.69950321024,17615.573571063578,34175.06086896174,128.0
1790157257,12,TPOT,completion,0.900000,0.000000,160,160,160,160,160,160,160,160,160,160,160,35,0,190,196.59963685901852,126.94088906218393,257.3822389914119,0.0
1790157257,12,TTFT,completion,0.900000,0.000000,1500,1500,1500,1500,1500,1500,1500,1500,1500,1500,1500,35,0,2000,2292.498355165922,1358.6290078237653,4409.369504079223,0.0
1790157257,12,,Aggregated,2.700000,0.000000,1500,1500,21000,21000,22000,22000,22000,22000,22000,22000,22000,105,0,2000,9916.59916507839,126.94088906218393,34175.06086896174,42.666666666666664
1790157258,12,POST,completion,0.900000,0.000000,22000,22000,22000,22000,22000,22000,22000,22000,22000,22000,22000,35,0,28000,27260.69950321024,17615.573571063578,34175.06086896174,128.0
1790157258,12,TPOT,completion,0.900000,0.000000,160,160,160,160,160,160,160,160,160,160,160,35,0,190,196.59963685901852,126.94088906218393,257.3822389914119,0.0
1790157258,12,TTFT,completion,0.900000,0.000000,1500,1500,1500,1500,1500,1500,1500,1500,1500,1500,1500,35,0,2000,2292.498355165922,1358.6290078237653,4409.369504079223,0.0
1790157258,12,,Aggregated,2.700000,0.000000,1500,1500,21000,21000,22000,22000,22000,22000,22000,22000,22000,105,0,2000,9916.59916507839,126.94088906218393,34175.06086896174,42.666666666666664
1790157259,12,POST,completion,0.000000,0.000000,21000,21000,22000,22000,22000,22000,22000,22000,22000,22000,22000,36,0,28000,26991.11637481514,17555.70688098669,34175.06086896174,128.0
1790157259,12,TPOT,completion,0.000000,0.000000,150,150,160,160,160,160,160,160,160,160,160,36,0,190,194.66957302784633,126.94088906218393,257.3822389914119,0.0
1790157259,12,TTFT,completion,0.000000,0.000000,1400,1400,1500,1500,1500,1500,1500,1500,1500,1500,1500,36,0,2000,2268.033004023083,1358.6290078237653,4409.369504079223,0.0
1790157259,12,,Aggregated,0.000000,0.000000,1400,1500,18000,21000,22000,22000,22000,22000,22000,22000,22000,108,0,2000,9817.93965062202,126.94088906218393,34175.06086896174,42.666666666666664
1790157260,12,POST,completion,0.000000,0.000000,21000,21000,22000,22000,22000,22000,22000,22000,22000,22000,22000,36,0,28000,26991.11637481514,17555.70688098669,34175.06086896174,128.0
1790157260,12,TPOT,completion,0.000000,0.000000,150,150,160,160,160,160,160,160,160,160,160,36,0,190,194.66957302784633,126.94088906218393,257.3822389914119,0.0
1790157260,12,TTFT,completion,0.000000,0.000000,1400,1400,1500,1500,1500,1500,1500,1500,1500,1500,1500,36,0,2000,2268.033004023083,1358.6290078237653,4409.369504079223,0.0
1790157260,12,,Aggregated,0.000000,0.000000,1400,1500,18000,21000,22000,22000,22000,22000,22000,22000,22000,108,0,2000,9817.93965062202,126.94088906218393,34175.06086896174,42.666666666666664
1790157261,12,POST,completion,0.000000,0.000000,21000,21000,22000,22000,22000,22000,22000,22000,22000,22000,22000,36,0,28000,26991.11637481514,17555.70688098669,34175.06086896174,128.0
1790157261,12,TPOT,completion,0.000000,0.000000,150,150,160,160,160,160,160,160,160,160,160,36,0,190,194.66957302784633,126.94088906218393,257.3822389914119,0.0
1790157261,12,TTFT,completion,0.000000,0.000000,1400,1400,1500,1500,1500,1500,1500,1500,1500,1500,1500,36,0,2000,2268.033004023083,1358.6290078237653,4409.369504079223,0.0
1790157261,12,,Aggregated,0.000000,0.000000,1400,1500,18000,21000,22000,22000,22000,22000,22000,22000,22000,108,0,2000,9817.93965062202,126.94088906218393,34175.06086896174,42.666666666666664
1790157262,12,POST,completion,0.000000,0.000000,18000,18000,18000,18000,18000,18000,18000,18000,18000,18000,18000,36,0,28000,26991.11637481514,17555.70688098669,34175.06086896174,128.0
1790157262,12,TPOT,completion,0.000000,0.000000,130,130,130,130,130,130,130,130,130,130,130,36,0,190,194.66957302784633,126.94088906218393,257.3822389914119,0.0
1790157262,12,TTFT,completion,0.000000,0.000000,1400,1400,1400,1400,1400,1400,1400,1400,1400,1400,1400,36,0,2000,2268.033004023083,1358.6290078237653,4409.369504079223,0.0
1790157262,12,,Aggregated,0.000000,0.000000,1400,1400,18000,18000,18000,18000,18000,18000,18000,18000,18000,108,0,2000,9817.93965062202,126.94088906218393,34175.06086896174,42.666666666666664
1790157263,12,POST,completion,0.000000,0.000000,18000,18000,18000,18000,18000,18000,18000,18000,18000,18000,18000,36,0,28000,26991.11637481514,17555.70688098669,34175.06086896174,128.0
1790157263,12,TPOT,completion,0.000000,0.000000,130,130,130,130,130,130,130,130,130,130,130,36,0,190,194.66957302784633,126.94088906218393,257.3822389914119,0.0
1790157263,12,TTFT,completion,0.000000,0.000000,1400,1400,1400,1400,1400,1400,1400,1400,1400,1400,1400,36,0,2000,2268.033004023083,1358.6290078237653,4409.369504079223,0.0
1790157263,12,,Aggregated,0.000000,0.000000,1400,1400,18000,18000,18000,18000,18000,18000,18000,18000,18000,108,0,2000,9817.93965062202,126.94088906218393,34175.06086896174,42.666666666666664
1790157264,12,POST,completion,0.000000,0.000000,18000,18000,18000,18000,18000,18000,18000,18000,18000,18000,18000,36,0,28000,26991.11637481514,17555.70688098669,34175.06086896174,128.0
1790157264,12,TPOT,completion,0.000000,0.000000,130,130,130,130,130,130,130,130,130,130,130,36,0,190,194.66957302784633,126.94088906218393,257.3822389914119,0.0
1790157264,12,TTFT,completion,0.000000,0.000000,1400,1400,1400,1400,1400,1400,1400,1400,1400,1400,1400,36,0,2000,2268.033004023083,1358.6290078237653,4409.369504079223,0.0
1790157264,12,,Aggregated,0.000000,0.000000,1400,1400,18000,18000,18000,18000,18000,18000,18000,18000,18000,108,0,2000,9817.93965062202,126.94088906218393,34175.06086896174,42.666666666666664
1790157265,12,POST,completion,0.000000,0.000000,18000,18000,18000,18000,18000,18000,18000,18000,18000,18000,18000,36,0,28000,26991.11637481514,17555.70688098669,34175.06086896174,128.0
1790157265,12,TPOT,completion,0.000000,0.000000,130,130,130,130,130,130,130,130,130,130,130,36,0,190,194.66957302784633,126.94088906218393,257.3822389914119,0.0
1790157265,12,TTFT,completion,0.000000,0.000000,1400,1400,1400,1400,1400,1400,1400,1400,1400,1400,1400,36,0,2000,2268.033004023083,1358.6290078237653,4409.369504079223,0.0
1790157265,12,,Aggregated,0.000000,0.000000,1400,1400,18000,18000,18000,18000,18000,18000,18000,18000,18000,108,0,2000,9817.93965062202,126.94088906218393,34175.06086896174,42.666666666666664
1790157266,12,POST,completion,0.000000,0.000000,18000,18000,18000,18000,18000,18000,18000,18000,18000,18000,18000,36,0,28000,26991.11637481514,17555.70688098669,34175.06086896174,128.0
1790157266,12,TPOT,completion,0.000000,0.000000,130,130,130,130,130,130,130,130,130,130,130,36,0,190,194.66957302784633,126.94088906218393,257.3822389914119,0.0
1790157266,12,TTFT,completion,0.000000,0.000000,1400,1400,1400,1400,1400,1400,1400,1400,1400,1400,1400,36,0,2000,2268.033004023083,1358.6290078237653,4409.369504079223,0.0
1790157266,12,,Aggregated,0.000000,0.000000,1400,1400,18000,18000,18000,18000,18000,18000,18000,18000,18000,108,0,2000,9817.93965062202,126.94088906218393,34175.06086896174,42.666666666666664
1790157267,12,POST,completion,0.000000,0.000000,18000,18000,18000,18000,18000,18000,18000,18000,18000,18000,18000,36,0,28000,26991.11637481514,17555.70688098669,34175.06086896174,128.0
1790157267,12,TPOT,completion,0.000000,0.000000,130,130,130,130,130,130,130,130,130,130,130,36,0,190,194.66957302784633,126.94088906218393,257.3822389914119,0.0
1790157267,12,TTFT,completion,0.000000,0.000000,1400,1400,1400,1400,1400,1400,1400,1400,1400,1400,1400,36,0,2000,2268.033004023083,1358.6290078237653,4409.369504079223,0.0
1790157267,12,,Aggregated,0.000000,0.000000,1400,1400,18000,18000,18000,18000,18000,18000,18000,18000,18000,108,0,2000,9817.93965062202,126.94088906218393,34175.06086896174,42.666666666666664
1790157268,12,POST,completion,0.000000,0.000000,18000,18000,18000,18000,18000,18000,18000,18000,18000,18000,18000,36,0,28000,26991.11637481514,17555.70688098669,34175.06086896174,128.0
1790157268,12,TPOT,completion,0.000000,0.000000,130,130,130,130,130,130,130,130,130,130,130,36,0,190,194.66957302784633,126.94088906218393,257.3822389914119,0.0
1790157268,12,TTFT,completion,0.000000,0.000000,1400,1400,1400,1400,1400,1400,1400,1400,1400,1400,1400,36,0,2000,2268.033004023083,1358.6290078237653,4409.369504079223,0.0
1790157268,12,,Aggregated,0.000000,0.000000,1400,1400,18000,18000,18000,18000,18000,18000,18000,18000,18000,108,0,2000,9817.93965062202,126.94088906218393,34175.06086896174,42.666666666666664
1790157269,12,POST,completion,0.000000,0.000000,18000,18000,18000,18000,18000,18000,18000,18000,18000,18000,18000,36,0,28000,26991.11637481514,17555.70688098669,34175.06086896174,128.0
1790157269,12,TPOT,completion,0.000000,0.000000,130,130,130,130,130,130,130,130,130,130,130,36,0,190,194.66957302784633,126.94088906218393,257.3822389914119,0.0
1790157269,12,TTFT,completion,0.000000,0.000000,1400,1400,1400,1400,1400,1400,1400,1400,1400,1400,1400,36,0,2000,2268.033004023083,1358.6290078237653,4409.369504079223,0.0
1790157269,12,,Aggregated,0.000000,0.000000,1400,1400,18000,18000,18000,18000,18000,18000,18000,18000,18000,108,0,2000,9817.93965062202,126.94088906218393,34175.06086896174,42.666666666666664
1790157270,12,POST,completion,0.000000,0.000000,18000,18000,18000,18000,18000,18000,18000,18000,18000,18000,18000,36,0,28000,26991.11637481514,17555.70688098669,34175.06086896174,128.0
1790157270,12,TPOT,completion,0.000000,0.000000,130,130,130,130,130,130,130,130,130,130,130,36,0,190,194.66957302784633,126.94088906218393,257.3822389914119,0.0
1790157270,12,TTFT,completion,0.000000,0.000000,1400,1400,1400,1400,1400,1400,1400,1400,1400,1400,1400,36,0,2000,2268.033004023083,1358.6290078237653,4409.369504079223,0.0
1790157270,12,,Aggregated,0.000000,0.000000,1400,1400,18000,18000,18000,18000,18000,18000,18000,18000,18000,108,0,2000,9817.93965062202,126.94088906218393,34175.06086896174,42.666666666666664
1790157271,12,POST,completion,0.000000,0.000000,18000,18000,18000,18000,18000,18000,18000,18000,18000,18000,18000,36,0,28000,26991.11637481514,17555.70688098669,34175.06086896174,128.0
1790157271,12,TPOT,completion,0.000000,0.000000,130,130,130,130,130,130,130,130,130,130,130,36,0,190,194.66957302784633,126.94088906218393,257.3822389914119,0.0
1790157271,12,TTFT,completion,0.000000,0.000000,1400,1400,1400,1400,1400,1400,1400,1400,1400,1400,1400,36,0,2000,2268.033004023083,1358.6290078237653,4409.369504079223,0.0
1790157271,12,,Aggregated,0.000000,0.000000,1400,1400,18000,18000,18000,18000,18000,18000,18000,18000,18000,108,0,2000,9817.93965062202,126.94088906218393,34175.06086896174,42.666666666666664
1790157272,12,POST,completion,0.000000,0.000000,18000,18000,18000,18000,18000,18000,18000,18000,18000,18000,18000,36,0,28000,26991.11637481514,17555.70688098669,34175.06086896174,128.0
1790157272,12,TPOT,completion,0.000000,0.000000,130,130,130,130,130,130,130,130,130,130,130,36,0,190,194.66957302784633,126.94088906218393,257.3822389914119,0.0
1790157272,12,TTFT,completion,0.000000,0.000000,1400,1400,1400,1400,1400,1400,1400,1400,1400,1400,1400,36,0,2000,2268.033004023083,1358.6290078237653,4409.369504079223,0.0
1790157272,12,,Aggregated,0.000000,0.000000,1400,1400,18000,18000,18000,18000,18000,18000,18000,18000,18000,108,0,2000,9817.93965062202,126.94088906218393,34175.06086896174,42.666666666666664
1790157273,12,POST,completion,0.000000,0.000000,18000,18000,18000,18000,18000,18000,18000,18000,18000,18000,18000,36,0,28000,26991.11637481514,17555.70688098669,34175.06086896174,128.0
1790157273,12,TPOT,completion,0.000000,0.000000,130,130,130,130,130,130,130,130,130,130,130,36,0,190,194.66957302784633,126.94088906218393,257.3822389914119,0.0
1790157273,12,TTFT,completion,0.000000,0.000000,1400,1400,1400,1400,1400,1400,1400,1400,1400,1400,1400,36,0,2000,2268.033004023083,1358.6290078237653,4409.369504079223,0.0
1790157273,12,,Aggregated,0.000000,0.000000,1400,1400,18000,18000,18000,18000,18000,18000,18000,18000,18000,108,0,2000,9817.93965062202,126.94088906218393,34175.06086896174,42.666666666666664
1790157274,12,POST,completion,0.000000,0.000000,18000,18000,18000,18000,18000,18000,18000,18000,18000,18000,18000,36,0,28000,26991.11637481514,17555.70688098669,34175.06086896174,128.0
1790157274,12,TPOT,completion,0.000000,0.000000,130,130,130,130,130,130,130,130,130,130,130,36,0,190,194.66957302784633,126.94088906218393,257.3822389914119,0.0
1790157274,12,TTFT,completion,0.000000,0.000000,1400,1400,1400,1400,1400,1400,1400,1400,1400,1400,1400,36,0,2000,2268.033004023083,1358.6290078237653,4409.369504079223,0.0
1790157274,12,,Aggregated,0.000000,0.000000,1400,1400,18000,18000,18000,18000,18000,18000,18000,18000,18000,108,0,2000,9817.93965062202,126.94088906218393,34175.06086896174,42.666666666666664
1790157275,12,POST,completion,0.000000,0.000000,18000,18000,18000,18000,18000,18000,18000,18000,18000,18000,18000,36,0,28000,26991.11637481514,17555.70688098669,34175.06086896174,128.0
1790157275,12,TPOT,completion,0.000000,0.000000,130,130,130,130,130,130,130,130,130,130,130,36,0,190,194.66957302784633,126.94088906218393,257.3822389914119,0.0
1790157275,12,TTFT,completion,0.000000,0.000000,1400,1400,1400,1400,1400,1400,1400,1400,1400,1400,1400,36,0,2000,2268.033004023083,1358.6290078237653,4409.369504079223,0.0
1790157275,12,,Aggregated,0.000000,0.000000,1400,1400,18000,18000,18000,18000,18000,18000,18000,18000,18000,108,0,2000,9817.93965062202,126.94088906218393,34175.06086896174,42.666666666666664
1790157276,12,POST,completion,0.000000,0.000000,18000,18000,18000,18000,18000,18000,18000,18000,18000,18000,18000,36,0,28000,26991.11637481514,17555.70688098669,34175.06086896174,128.0
1790157276,12,TPOT,completion,0.000000,0.000000,130,130,130,130,130,130,130,130,130,130,130,36,0,190,194.66957302784633,126.94088906218393,257.3822389914119,0.0
1790157276,12,TTFT,completion,0.000000,0.000000,1400,1400,1400,1400,1400,1400,1400,1400,1400,1400,1400,36,0,2000,2268.033004023083,1358.6290078237653,4409.369504079223,0.0
1790157276,12,,Aggregated,0.000000,0.000000,1400,1400,18000,18000,18000,18000,18000,18000,18000,18000,18000,108,0,2000,9817.93965062202,126.94088906218393,34175.06086896174,42.666666666666664
1790157277,12,POST,completion,0.000000,0.000000,0,0,0,0,0,0,0,0,0,0,0,36,0,28000,26991.11637481514,17555.70688098669,34175.06086896174,128.0
1790157277,12,TPOT,completion,0.000000,0.000000,0,0,0,0,0,0,0,0,0,0,0,36,0,190,194.66957302784633,126.94088906218393,257.3822389914119,0.0
1790157277,12,TTFT,completion,0.000000,0.000000,0,0,0,0,0,0,0,0,0,0,0,36,0,2000,2268.033004023083,1358.6290078237653,4409.369504079223,0.0
1790157277,12,,Aggregated,0.000000,0.000000,0,0,0,0,0,0,0,0,0,0,0,108,0,2000,9817.93965062202,126.94088906218393,34175.06086896174,42.666666666666664
1790157278,12,POST,completion,0.000000,0.000000,0,0,0,0,0,0,0,0,0,0,0,36,0,28000,26991.11637481514,17555.70688098669,34175.06086896174,128.0
1790157278,12,TPOT,completion,0.000000,0.000000,0,0,0,0,0,0,0,0,0,0,0,36,0,190,194.66957302784633,126.94088906218393,257.3822389914119,0.0
1790157278,12,TTFT,completion,0.000000,0.000000,0,0,0,0,0,0,0,0,0,0,0,36,0,2000,2268.033004023083,1358.6290078237653,4409.369504079223,0.0
1790157278,12,,Aggregated,0.000000,0.000000,0,0,0,0,0,0,0,0,0,0,0,108,0,2000,9817.93965062202,126.94088906218393,34175.06086896174,42.666666666666664
1790157279,12,POST,completion,0.000000,0.000000,0,0,0,0,0,0,0,0,0,0,0,36,0,28000,26991.11637481514,17555.70688098669,34175.06086896174,128.0
1790157279,12,TPOT,completion,0.000000,0.000000,0,0,0,0,0,0,0,0,0,0,0,36,0,190,194.66957302784633,126.94088906218393,257.3822389914119,0.0
1790157279,12,TTFT,completion,0.000000,0.000000,0,0,0,0,0,0,0,0,0,0,0,36,0,2000,2268.033004023083,1358.6290078237653,4409.369504079223,0.0
1790157279,12,,Aggregated,0.000000,0.000000,0,0,0,0,0,0,0,0,0,0,0,108,0,2000,9817.93965062202,126.94088906218393,34175.06086896174,42.666666666666664
1790157280,12,POST,completion,0.000000,0.000000,0,0,0,0,0,0,0,0,0,0,0,36,0,28000,26991.11637481514,17555.70688098669,34175.06086896174,128.0
1790157280,12,TPOT,completion,0.000000,0.000000,0,0,0,0,0,0,0,0,0,0,0,36,0,190,194.66957302784633,126.94088906218393,257.3822389914119,0.0
1790157280,12,TTFT,completion,0.000000,0.000000,0,0,0,0,0,0,0,0,0,0,0,36,0,2000,2268.033004023083,1358.6290078237653,4409.369504079223,0.0
1790157280,12,,Aggregated,0.000000,0.000000,0,0,0,0,0,0,0,0,0,0,0,108,0,2000,9817.93965062202,126.94088906218393,34175.06086896174,42.666666666666664
1790157281,12,POST,completion,0.000000,0.000000,0,0,0,0,0,0,0,0,0,0,0,36,0,28000,26991.11637481514,17555.70688098669,34175.06086896174,128.0
1790157281,12,TPOT,completion,0.000000,0.000000,0,0,0,0,0,0,0,0,0,0,0,36,0,190,194.66957302784633,126.94088906218393,257.3822389914119,0.0
1790157281,12,TTFT,completion,0.000000,0.000000,0,0,0,0,0,0,0,0,0,0,0,36,0,2000,2268.033004023083,1358.6290078237653,4409.369504079223,0.0
1790157281,12,,Aggregated,0.000000,0.000000,0,0,0,0,0,0,0,0,0,0,0,108,0,2000,9817.93965062202,126.94088906218393,34175.06086896174,42.666666666666664
1790157282,12,POST,completion,0.000000,0.000000,0,0,0,0,0,0,0,0,0,0,0,36,0,28000,26991.11637481514,17555.70688098669,34175.06086896174,128.0
1790157282,12,TPOT,completion,0.000000,0.000000,0,0,0,0,0,0,0,0,0,0,0,36,0,190,194.66957302784633,126.94088906218393,257.3822389914119,0.0
1790157282,12,TTFT,completion,0.000000,0.000000,0,0,0,0,0,0,0,0,0,0,0,36,0,2000,2268.033004023083,1358.6290078237653,4409.369504079223,0.0
1790157282,12,,Aggregated,0.000000,0.000000,0,0,0,0,0,0,0,0,0,0,0,108,0,2000,9817.93965062202,126.94088906218393,34175.06086896174,42.666666666666664
1790157283,12,POST,completion,0.000000,0.000000,0,0,0,0,0,0,0,0,0,0,0,36,0,28000,26991.11637481514,17555.70688098669,34175.06086896174,128.0
1790157283,12,TPOT,completion,0.000000,0.000000,0,0,0,0,0,0,0,0,0,0,0,36,0,190,194.66957302784633,126.94088906218393,257.3822389914119,0.0
1790157283,12,TTFT,completion,0.000000,0.000000,0,0,0,0,0,0,0,0,0,0,0,36,0,2000,2268.033004023083,1358.6290078237653,4409.369504079223,0.0
1790157283,12,,Aggregated,0.000000,0.000000,0,0,0,0,0,0,0,0,0,0,0,108,0,2000,9817.93965062202,126.94088906218393,34175.06086896174,42.666666666666664
1790157284,12,POST,completion,0.000000,0.000000,0,0,0,0,0,0,0,0,0,0,0,36,0,28000,26991.11637481514,17555.70688098669,34175.06086896174,128.0
1790157284,12,TPOT,completion,0.000000,0.000000,0,0,0,0,0,0,0,0,0,0,0,36,0,190,194.66957302784633,126.94088906218393,257.3822389914119,0.0
1790157284,12,TTFT,completion,0.000000,0.000000,0,0,0,0,0,0,0,0,0,0,0,36,0,2000,2268.033004023083,1358.6290078237653,4409.369504079223,0.0
1790157284,12,,Aggregated,0.000000,0.000000,0,0,0,0,0,0,0,0,0,0,0,108,0,2000,9817.93965062202,126.94088906218393,34175.06086896174,42.666666666666664
1790157285,12,POST,completion,0.000000,0.000000,0,0,0,0,0,0,0,0,0,0,0,36,0,28000,26991.11637481514,17555.70688098669,34175.06086896174,128.0
1790157285,12,TPOT,completion,0.000000,0.000000,0,0,0,0,0,0,0,0,0,0,0,36,0,190,194.66957302784633,126.94088906218393,257.3822389914119,0.0
1790157285,12,TTFT,completion,0.000000,0.000000,0,0,0,0,0,0,0,0,0,0,0,36,0,2000,2268.033004023083,1358.6290078237653,4409.369504079223,0.0
1790157285,12,,Aggregated,0.000000,0.000000,0,0,0,0,0,0,0,0,0,0,0,108,0,2000,9817.93965062202,126.94088906218393,34175.06086896174,42.666666666666664
1790157286,12,POST,completion,0.000000,0.000000,0,0,0,0,0,0,0,0,0,0,0,36,0,28000,26991.11637481514,17555.70688098669,34175.06086896174,128.0
1790157286,12,TPOT,completion,0.000000,0.000000,0,0,0,0,0,0,0,0,0,0,0,36,0,190,194.66957302784633,126.94088906218393,257.3822389914119,0.0
1790157286,12,TTFT,completion,0.000000,0.000000,0,0,0,0,0,0,0,0,0,0,0,36,0,2000,2268.033004023083,1358.6290078237653,4409.369504079223,0.0
1790157286,12,,Aggregated,0.000000,0.000000,0,0,0,0,0,0,0,0,0,0,0,108,0,2000,9817.93965062202,126.94088906218393,34175.06086896174,42.666666666666664
1790157287,12,POST,completion,0.000000,0.000000,0,0,0,0,0,0,0,0,0,0,0,36,0,28000,26991.11637481514,17555.70688098669,34175.06086896174,128.0
1790157287,12,TPOT,completion,0.000000,0.000000,0,0,0,0,0,0,0,0,0,0,0,36,0,190,194.66957302784633,126.94088906218393,257.3822389914119,0.0
1790157287,12,TTFT,completion,0.000000,0.000000,0,0,0,0,0,0,0,0,0,0,0,36,0,2000,2268.033004023083,1358.6290078237653,4409.369504079223,0.0
1790157287,12,,Aggregated,0.000000,0.000000,0,0,0,0,0,0,0,0,0,0,0,108,0,2000,9817.93965062202,126.94088906218393,34175.06086896174,42.666666666666664
1790157288,12,POST,completion,0.000000,0.000000,0,0,0,0,0,0,0,0,0,0,0,36,0,28000,26991.11637481514,17555.70688098669,34175.06086896174,128.0
1790157288,12,TPOT,completion,0.000000,0.000000,0,0,0,0,0,0,0,0,0,0,0,36,0,190,194.66957302784633,126.94088906218393,257.3822389914119,0.0
1790157288,12,TTFT,completion,0.000000,0.000000,0,0,0,0,0,0,0,0,0,0,0,36,0,2000,2268.033004023083,1358.6290078237653,4409.369504079223,0.0
1790157288,12,,Aggregated,0.000000,0.000000,0,0,0,0,0,0,0,0,0,0,0,108,0,2000,9817.93965062202,126.94088906218393,34175.06086896174,42.666666666666664
1790157289,12,POST,completion,0.000000,0.000000,0,0,0,0,0,0,0,0,0,0,0,36,0,28000,26991.11637481514,17555.70688098669,34175.06086896174,128.0
1790157289,12,TPOT,completion,0.000000,0.000000,0,0,0,0,0,0,0,0,0,0,0,36,0,190,194.66957302784633,126.94088906218393,257.3822389914119,0.0
1790157289,12,TTFT,completion,0.000000,0.000000,0,0,0,0,0,0,0,0,0,0,0,36,0,2000,2268.033004023083,1358.6290078237653,4409.369504079223,0.0
1790157289,12,,Aggregated,0.000000,0.000000,0,0,0,0,0,0,0,0,0,0,0,108,0,2000,9817.93965062202,126.94088906218393,34175.06086896174,42.666666666666664
1790157290,12,POST,completion,0.000000,0.000000,0,0,0,0,0,0,0,0,0,0,0,36,0,28000,26991.11637481514,17555.70688098669,34175.06086896174,128.0
1790157290,12,TPOT,completion,0.000000,0.000000,0,0,0,0,0,0,0,0,0,0,0,36,0,190,194.66957302784633,126.94088906218393,257.3822389914119,0.0
1790157290,12,TTFT,completion,0.000000,0.000000,0,0,0,0,0,0,0,0,0,0,0,36,0,2000,2268.033004023083,1358.6290078237653,4409.369504079223,0.0
1790157290,12,,Aggregated,0.000000,0.000000,0,0,0,0,0,0,0,0,0,0,0,108,0,2000,9817.93965062202,126.94088906218393,34175.06086896174,42.666666666666664
1790157291,12,POST,completion,0.000000,0.000000,0,0,0,0,0,0,0,0,0,0,0,36,0,28000,26991.11637481514,17555.70688098669,34175.06086896174,128.0
1790157291,12,TPOT,completion,0.000000,0.000000,0,0,0,0,0,0,0,0,0,0,0,36,0,190,194.66957302784633,126.94088906218393,257.3822389914119,0.0
1790157291,12,TTFT,completion,0.000000,0.000000,0,0,0,0,0,0,0,0,0,0,0,36,0,2000,2268.033004023083,1358.6290078237653,4409.369504079223,0.0
1790157291,12,,Aggregated,0.000000,0.000000,0,0,0,0,0,0,0,0,0,0,0,108,0,2000,9817.93965062202,126.94088906218393,34175.06086896174,42.666666666666664
1790157292,12,POST,completion,0.000000,0.000000,0,0,0,0,0,0,0,0,0,0,0,36,0,28000,26991.11637481514,17555.70688098669,34175.06086896174,128.0
1790157292,12,TPOT,completion,0.000000,0.000000,0,0,0,0,0,0,0,0,0,0,0,36,0,190,194.66957302784633,126.94088906218393,257.3822389914119,0.0
1790157292,12,TTFT,completion,0.000000,0.000000,0,0,0,0,0,0,0,0,0,0,0,36,0,2000,2268.033004023083,1358.6290078237653,4409.369504079223,0.0
1790157292,12,,Aggregated,0.000000,0.000000,0,0,0,0,0,0,0,0,0,0,0,108,0,2000,9817.93965062202,126.94088906218393,34175.06086896174,42.666666666666664
1790157293,12,POST,completion,0.000000,0.000000,0,0,0,0,0,0,0,0,0,0,0,36,0,28000,26991.11637481514,17555.70688098669,34175.06086896174,128.0
1790157293,12,TPOT,completion,0.000000,0.000000,0,0,0,0,0,0,0,0,0,0,0,36,0,190,194.66957302784633,126.94088906218393,257.3822389914119,0.0
1790157293,12,TTFT,completion,0.000000,0.000000,0,0,0,0,0,0,0,0,0,0,0,36,0,2000,2268.033004023083,1358.6290078237653,4409.369504079223,0.0
1790157293,12,,Aggregated,0.000000,0.000000,0,0,0,0,0,0,0,0,0,0,0,108,0,2000,9817.93965062202,126.94088906218393,34175.06086896174,42.666666666666664
1790157294,12,POST,completion,0.000000,0.000000,0,0,0,0,0,0,0,0,0,0,0,36,0,28000,26991.11637481514,17555.70688098669,34175.06086896174,128.0
1790157294,12,TPOT,completion,0.000000,0.000000,0,0,0,0,0,0,0,0,0,0,0,36,0,190,194.66957302784633,126.94088906218393,257.3822389914119,0.0
1790157294,12,TTFT,completion,0.000000,0.000000,0,0,0,0,0,0,0,0,0,0,0,36,0,2000,2268.033004023083,1358.6290078237653,4409.369504079223,0.0
1790157294,12,,Aggregated,0.000000,0.000000,0,0,0,0,0,0,0,0,0,0,0,108,0,2000,9817.93965062202,126.94088906218393,34175.06086896174,42.666666666666664
1790157295,12,POST,completion,0.000000,0.000000,0,0,0,0,0,0,0,0,0,0,0,36,0,28000,26991.11637481514,17555.70688098669,34175.06086896174,128.0
1790157295,12,TPOT,completion,0.000000,0.000000,0,0,0,0,0,0,0,0,0,0,0,36,0,190,194.66957302784633,126.94088906218393,257.3822389914119,0.0
1790157295,12,TTFT,completion,0.000000,0.000000,0,0,0,0,0,0,0,0,0,0,0,36,0,2000,2268.033004023083,1358.6290078237653,4409.369504079223,0.0
1790157295,12,,Aggregated,0.000000,0.000000,0,0,0,0,0,0,0,0,0,0,0,108,0,2000,9817.93965062202,126.94088906218393,34175.06086896174,42.666666666666664
1790157296,12,POST,completion,0.000000,0.000000,0,0,0,0,0,0,0,0,0,0,0,36,0,28000,26991.11637481514,17555.70688098669,34175.06086896174,128.0
1790157296,12,TPOT,completion,0.000000,0.000000,0,0,0,0,0,0,0,0,0,0,0,36,0,190,194.66957302784633,126.94088906218393,257.3822389914119,0.0
1790157296,12,TTFT,completion,0.000000,0.000000,0,0,0,0,0,0,0,0,0,0,0,36,0,2000,2268.033004023083,1358.6290078237653,4409.369504079223,0.0
1790157296,12,,Aggregated,0.000000,0.000000,0,0,0,0,0,0,0,0,0,0,0,108,0,2000,9817.93965062202,126.94088906218393,34175.06086896174,42.666666666666664
1790157298,12,POST,completion,0.000000,0.000000,0,0,0,0,0,0,0,0,0,0,0,36,0,28000,26991.11637481514,17555.70688098669,34175.06086896174,128.0
1790157298,12,TPOT,completion,0.000000,0.000000,0,0,0,0,0,0,0,0,0,0,0,36,0,190,194.66957302784633,126.94088906218393,257.3822389914119,0.0
1790157298,12,TTFT,completion,0.000000,0.000000,0,0,0,0,0,0,0,0,0,0,0,36,0,2000,2268.033004023083,1358.6290078237653,4409.369504079223,0.0
1790157298,12,,Aggregated,0.000000,0.000000,0,0,0,0,0,0,0,0,0,0,0,108,0,2000,9817.93965062202,126.94088906218393,34175.06086896174,42.666666666666664
1790157299,12,POST,completion,0.000000,0.000000,0,0,0,0,0,0,0,0,0,0,0,36,0,28000,26991.11637481514,17555.70688098669,34175.06086896174,128.0
1790157299,12,TPOT,completion,0.000000,0.000000,0,0,0,0,0,0,0,0,0,0,0,36,0,190,194.66957302784633,126.94088906218393,257.3822389914119,0.0
1790157299,12,TTFT,completion,0.000000,0.000000,0,0,0,0,0,0,0,0,0,0,0,36,0,2000,2268.033004023083,1358.6290078237653,4409.369504079223,0.0
1790157299,12,,Aggregated,0.000000,0.000000,0,0,0,0,0,0,0,0,0,0,0,108,0,2000,9817.93965062202,126.94088906218393,34175.06086896174,42.666666666666664
1790157300,12,POST,completion,0.000000,0.000000,0,0,0,0,0,0,0,0,0,0,0,36,0,28000,26991.11637481514,17555.70688098669,34175.06086896174,128.0
1790157300,12,TPOT,completion,0.000000,0.000000,0,0,0,0,0,0,0,0,0,0,0,36,0,190,194.66957302784633,126.94088906218393,257.3822389914119,0.0
1790157300,12,TTFT,completion,0.000000,0.000000,0,0,0,0,0,0,0,0,0,0,0,36,0,2000,2268.033004023083,1358.6290078237653,4409.369504079223,0.0
1790157300,12,,Aggregated,0.000000,0.000000,0,0,0,0,0,0,0,0,0,0,0,108,0,2000,9817.93965062202,126.94088906218393,34175.06086896174,42.666666666666664
1790157301,12,POST,completion,0.000000,0.000000,0,0,0,0,0,0,0,0,0,0,0,36,0,28000,26991.11637481514,17555.70688098669,34175.06086896174,128.0
1790157301,12,TPOT,completion,0.000000,0.000000,0,0,0,0,0,0,0,0,0,0,0,36,0,190,194.66957302784633,126.94088906218393,257.3822389914119,0.0
1790157301,12,TTFT,completion,0.000000,0.000000,0,0,0,0,0,0,0,0,0,0,0,36,0,2000,2268.033004023083,1358.6290078237653,4409.369504079223,0.0
1790157301,12,,Aggregated,0.000000,0.000000,0,0,0,0,0,0,0,0,0,0,0,108,0,2000,9817.93965062202,126.94088906218393,34175.06086896174,42.666666666666664
1790157302,12,POST,completion,0.000000,0.000000,0,0,0,0,0,0,0,0,0,0,0,36,0,28000,26991.11637481514,17555.70688098669,34175.06086896174,128.0
1790157302,12,TPOT,completion,0.000000,0.000000,0,0,0,0,0,0,0,0,0,0,0,36,0,190,194.66957302784633,126.94088906218393,257.3822389914119,0.0
1790157302,12,TTFT,completion,0.000000,0.000000,0,0,0,0,0,0,0,0,0,0,0,36,0,2000,2268.033004023083,1358.6290078237653,4409.369504079223,0.0
1790157302,12,,Aggregated,0.000000,0.000000,0,0,0,0,0,0,0,0,0,0,0,108,0,2000,9817.93965062202,126.94088906218393,34175.06086896174,42.666666666666664
1790157303,12,POST,completion,0.000000,0.000000,0,0,0,0,0,0,0,0,0,0,0,36,0,28000,26991.11637481514,17555.70688098669,34175.06086896174,128.0
1790157303,12,TPOT,completion,0.000000,0.000000,0,0,0,0,0,0,0,0,0,0,0,36,0,190,194.66957302784633,126.94088906218393,257.3822389914119,0.0
1790157303,12,TTFT,completion,0.000000,0.000000,0,0,0,0,0,0,0,0,0,0,0,36,0,2000,2268.033004023083,1358.6290078237653,4409.369504079223,0.0
1790157303,12,,Aggregated,0.000000,0.000000,0,0,0,0,0,0,0,0,0,0,0,108,0,2000,9817.93965062202,126.94088906218393,34175.06086896174,42.666666666666664
1790157304,12,POST,completion,0.000000,0.000000,36000,36000,37000,37000,37000,37000,37000,37000,37000,37000,37000,40,0,29000,27837.78798773419,17555.70688098669,36772.09824603051,128.0
1790157304,12,TPOT,completion,0.000000,0.000000,270,270,280,280,280,280,280,280,280,280,280,40,0,200,200.9232154796652,126.94088906218393,276.92641655173827,0.0
1790157304,12,TTFT,completion,0.000000,0.000000,3200,3200,4200,4200,4200,4200,4200,4200,4200,4200,4200,40,0,2100,2320.489996363176,1358.6290078237653,4409.369504079223,0.0
1790157304,12,,Aggregated,0.000000,0.000000,3200,4200,35000,35000,36000,37000,37000,37000,37000,37000,37000,120,0,2100,10119.73373319234,126.94088906218393,36772.09824603051,42.666666666666664
1790157305,12,POST,completion,0.000000,0.000000,33000,34000,35000,36000,37000,37000,37000,37000,37000,37000,37000,45,0,29000,28151.195794509516,17555.70688098669,36772.09824603051,128.0
1790157305,12,TPOT,completion,0.000000,0.000000,210,240,240,270,280,280,280,280,280,280,280,45,0,200,200.78177151680873,126.94088906218393,276.92641655173827,0.0
1790157305,12,TTFT,completion,0.000000,0.000000,4200,4700,5700,5700,6700,6700,6700,6700,6700,6700,6700,45,0,2200,2651.861780674921,1358.6290078237653,6699.659981997684,0.0
1790157305,12,,Aggregated,0.000000,0.000000,4200,6700,31000,32000,35000,36000,37000,37000,37000,37000,37000,135,0,2200,10334.61311556708,126.94088906218393,36772.09824603051,42.666666666666664
1790157306,12,POST,completion,0.000000,0.000000,33000,34000,35000,36000,37000,37000,37000,37000,37000,37000,37000,45,0,29000,28151.195794509516,17555.70688098669,36772.09824603051,128.0
1790157306,12,TPOT,completion,0.000000,0.000000,210,240,240,270,280,280,280,280,280,280,280,45,0,200,200.78177151680873,126.94088906218393,276.92641655173827,0.0
1790157306,12,TTFT,completion,0.000000,0.000000,4200,4700,5700,5700,6700,6700,6700,6700,6700,6700,6700,45,0,2200,2651.861780674921,1358.6290078237653,6699.659981997684,0.0
1790157306,12,,Aggregated,0.000000,0.000000,4200,6700,31000,32000,35000,36000,37000,37000,37000,37000,37000,135,0,2200,10334.61311556708,126.94088906218393,36772.09824603051,42.666666666666664
1790157307,12,POST,completion,0.000000,0.000000,33000,34000,35000,36000,37000,37000,37000,37000,37000,37000,37000,45,0,29000,28151.195794509516,17555.70688098669,36772.09824603051,128.0
1790157307,12,TPOT,completion,0.000000,0.000000,210,240,240,270,280,280,280,280,280,280,280,45,0,200,200.78177151680873,126.94088906218393,276.92641655173827,0.0
1790157307,12,TTFT,completion,0.000000,0.000000,4200,4700,5700,5700,6700,6700,6700,6700,6700,6700,6700,45,0,2200,2651.861780674921,1358.6290078237653,6699.659981997684,0.0
1790157307,12,,Aggregated,0.000000,0.000000,4200,6700,31000,32000,35000,36000,37000,37000,37000,37000,37000,135,0,2200,10334.61311556708,126.94088906218393,36772.09824603051,42.666666666666664
1790157308,12,POST,completion,0.900000,0.000000,32000,34000,35000,35000,36000,37000,37000,37000,37000,37000,37000,47,0,29000,27923.55625804494,17555.70688098669,36772.09824603051,128.0
1790157308,12,TPOT,completion,0.900000,0.000000,210,240,240,240,270,280,280,280,280,280,280,47,0,200,199.29160660368055,126.94088906218393,276.92641655173827,0.0
1790157308,12,TTFT,completion,0.900000,0.000000,3700,4700,5700,5700,5700,6700,6700,6700,6700,6700,6700,47,0,2200,2613.4729311613246,1358.6290078237653,6699.659981997684,0.0
1790157308,12,,Aggregated,2.700000,0.000000,3700,6700,27000,31000,34000,36000,37000,37000,37000,37000,37000,141,0,2200,10245.440265269977,126.94088906218393,36772.09824603051,42.666666666666664
1790157309,12,POST,completion,0.900000,0.000000,32000,34000,35000,35000,36000,37000,37000,37000,37000,37000,37000,47,0,29000,27923.55625804494,17555.70688098669,36772.09824603051,128.0
1790157309,12,TPOT,completion,0.900000,0.000000,210,240,240,240,270,280,280,280,280,280,280,47,0,200,199.29160660368055,126.94088906218393,276.92641655173827,0.0
1790157309,12,TTFT,completion,0.900000,0.000000,3700,4700,5700,5700,5700,6700,6700,6700,6700,6700,6700,47,0,2200,2613.4729311613246,1358.6290078237653,6699.659981997684,0.0
1790157309,12,,Aggregated,2.700000,0.000000,3700,6700,27000,31000,34000,36000,37000,37000,37000,37000,37000,141,0,2200,10245.440265269977,126.94088906218393,36772.09824603051,42.666666666666664
1790157310,12,POST,completion,0.900000,0.000000,32000,34000,35000,35000,36000,37000,37000,37000,37000,37000,37000,47,0,29000,27923.55625804494,17555.70688098669,36772.09824603051,128.0
1790157310,12,TPOT,completion,0.900000,0.000000,210,240,240,240,270,280,280,280,280,280,280,47,0,200,199.29160660368055,126.94088906218393,276.92641655173827,0.0
1790157310,12,TTFT,completion,0.900000,0.000000,3700,4700,5700,5700,5700,6700,6700,6700,6700,6700,6700,47,0,2200,2613.4729311613246,1358.6290078237653,6699.659981997684,0.0
1790157310,12,,Aggregated,2.700000,0.000000,3700,6700,27000,31000,34000,36000,37000,37000,37000,37000,37000,141,0,2200,10245.440265269977,126.94088906218393,36772.09824603051,42.666666666666664
1790157311,12,POST,completion,0.900000,0.000000,32000,34000,35000,35000,36000,37000,37000,37000,37000,37000,37000,47,0,29000,27923.55625804494,17555.70688098669,36772.09824603051,128.0
1790157311,12,TPOT,completion,0.900000,0.000000,210,240,240,240,270,280,280,280,280,280,280,47,0,200,199.29160660368055,126.94088906218393,276.92641655173827,0.0
1790157311,12,TTFT,completion,0.900000,0.000000,3700,4700,5700,5700,5700,6700,6700,6700,6700,6700,6700,47,0,2200,2613.4729311613246,1358.6290078237653,6699.659981997684,0.0
1790157311,12,,Aggregated,2.700000,0.000000,3700,6700,27000,31000,34000,36000,37000,37000,37000,37000,37000,141,0,2200,10245.440265269977,126.94088906218393,36772.09824603051,42.666666666666664
1790157312,12,POST,completion,0.900000,0.000000,32000,34000,35000,35000,36000,37000,37000,37000,37000,37000,37000,47,0,29000,27923.55625804494,17555.70688098669,36772.09824603051,128.0
1790157312,12,TPOT,completion,0.900000,0.000000,210,240,240,240,270,280,280,280,280,280,280,47,0,200,199.29160660368055,126.94088906218393,276.92641655173827,0.0
1790157312,12,TTFT,completion,0.900000,0.000000,3700,4700,5700,5700,5700,6700,6700,6700,6700,6700,6700,47,0,2200,2613.4729311613246,1358.6290078237653,6699.659981997684,0.0
1790157312,12,,Aggregated,2.700000,0.000000,3700,6700,27000,31000,34000,36000,37000,37000,37000,37000,37000,141,0,2200,10245.440265269977,126.94088906218393,36772.09824603051,42.666666666666664
1790157313,12,POST,completion,0.900000,0.000000,31000,32000,33000,34000,35000,35000,35000,35000,35000,35000,35000,47,0,29000,27923.55625804494,17555.70688098669,36772.09824603051,128.0
1790157313,12,TPOT,completion,0.900000,0.000000,210,210,210,240,240,240,240,240,240,240,240,47,0,200,199.29160660368055,126.94088906218393,276.92641655173827,0.0
1790157313,12,TTFT,completion,0.900000,0.000000,4200,4700,5700,5700,6700,6700,6700,6700,6700,6700,6700,47,0,2200,2613.4729311613246,1358.6290078237653,6699.659981997684,0.0
1790157313,12,,Aggregated,2.700000,0.000000,4200,6700,27000,29000,33000,34000,35000,35000,35000,35000,35000,141,0,2200,10245.440265269977,126.94088906218393,36772.09824603051,42.666666666666664
1790157314,12,POST,completion,0.900000,0.000000,31000,32000,33000,34000,35000,35000,35000,35000,35000,35000,35000,47,0,29000,27923.55625804494,17555.70688098669,36772.09824603051,128.0
1790157314,12,TPOT,completion,0.900000,0.000000,210,210,210,240,240,240,240,240,240,240,240,47,0,200,199.29160660368055,126.94088906218393,276.92641655173827,0.0
1790157314,12,TTFT,completion,0.900000,0.000000,4200,4700,5700,5700,6700,6700,6700,6700,6700,6700,6700,47,0,2200,2613.4729311613246,1358.6290078237653,6699.659981997684,0.0
1790157314,12,,Aggregated,2.700000,0.000000,4200,6700,27000,29000,33000,34000,35000,35000,35000,35000,35000,141,0,2200,10245.440265269977,126.94088906218393,36772.09824603051,42.666666666666664
1790157315,12,POST,completion,0.900000,0.000000,24000,24000,24000,24000,24000,24000,24000,24000,24000,24000,24000,47,0,29000,27923.55625804494,17555.70688098669,36772.09824603051,128.0
1790157315,12,TPOT,completion,0.900000,0.000000,170,170,170,170,170,170,170,170,170,170,170,47,0,200,199.29160660368055,126.94088906218393,276.92641655173827,0.0
1790157315,12,TTFT,completion,0.900000,0.000000,1800,1800,1800,1800,1800,1800,1800,1800,1800,1800,1800,47,0,2200,2613.4729311613246,1358.6290078237653,6699.659981997684,0.0
1790157315,12,,Aggregated,2.700000,0.000000,1800,1800,22000,22000,24000,24000,24000,24000,24000,24000,24000,141,0,2200,10245.440265269977,126.94088906218393,36772.09824603051,42.666666666666664
1790157316,12,POST,completion,0.900000,0.000000,24000,24000,24000,24000,24000,24000,24000,24000,24000,24000,24000,47,0,29000,27923.55625804494,17555.70688098669,36772.09824603051,128.0
1790157316,12,TPOT,completion,0.900000,0.000000,170,170,170,170,170,170,170,170,170,170,170,47,0,200,199.29160660368055,126.94088906218393,276.92641655173827,0.0
1790157316,12,TTFT,completion,0.900000,0.000000,1800,1800,1800,1800,1800,1800,1800,1800,1800,1800,1800,47,0,2200,2613.4729311613246,1358.6290078237653,6699.659981997684,0.0
1790157316,12,,Aggregated,2.700000,0.000000,1800,1800,22000,22000,24000,24000,24000,24000,24000,24000,24000,141,0,2200,10245.440265269977,126.94088906218393,36772.09824603051,42.666666666666664
1790157317,12,POST,completion,0.900000,0.000000,24000,24000,24000,24000,24000,24000,24000,24000,24000,24000,24000,47,0,29000,27923.55625804494,17555.70688098669,36772.09824603051,128.0
1790157317,12,TPOT,completion,0.900000,0.000000,170,170,170,170,170,170,170,170,170,170,170,47,0,200,199.29160660368055,126.94088906218393,276.92641655173827,0.0
1790157317,12,TTFT,completion,0.900000,0.000000,1800,1800,1800,1800,1800,1800,1800,1800,1800,1800,1800,47,0,2200,2613.4729311613246,1358.6290078237653,6699.659981997684,0.0
1790157317,12,,Aggregated,2.700000,0.000000,1800,1800,22000,22000,24000,24000,24000,24000,24000,24000,24000,141,0,2200,10245.440265269977,126.94088906218393,36772.09824603051,42.666666666666664
1790157318,12,POST,completion,0.900000,0.000000,24000,24000,24000,24000,24000,24000,24000,24000,24000,24000,24000,47,0,29000,27923.55625804494,17555.70688098669,36772.09824603051,128.0
1790157318,12,TPOT,completion,0.900000,0.000000,170,170,170,170,170,170,170,170,170,170,170,47,0,200,199.29160660368055,126.94088906218393,276.92641655173827,0.0
1790157318,12,TTFT,completion,0.900000,0.000000,1800,1800,1800,1800,1800,1800,1800,1800,1800,1800,1800,47,0,2200,2613.4729311613246,1358.6290078237653,6699.659981997684,0.0
1790157318,12,,Aggregated,2.700000,0.000000,1800,1800,22000,22000,24000,24000,24000,24000,24000,24000,24000,141,0,2200,10245.440265269977,126.94088906218393,36772.09824603051,42.666666666666664
1790157319,12,POST,completion,0.900000,0.000000,24000,24000,24000,24000,24000,24000,24000,24000,24000,24000,24000,47,0,29000,27923.55625804494,17555.70688098669,36772.09824603051,128.0
1790157319,12,TPOT,completion,0.900000,0.000000,170,170,170,170,170,170,170,170,170,170,170,47,0,200,199.29160660368055,126.94088906218393,276.92641655173827,0.0
1790157319,12,TTFT,completion,0.900000,0.000000,1800,1800,1800,1800,1800,1800,1800,1800,1800,1800,1800,47,0,2200,2613.4729311613246,1358.6290078237653,6699.659981997684,0.0
1790157319,12,,Aggregated,2.700000,0.000000,1800,1800,22000,22000,24000,24000,24000,24000,24000,24000,24000,141,0,2200,10245.440265269977,126.94088906218393,36772.09824603051,42.666666666666664
1790157320,12,POST,completion,0.000000,0.000000,22000,22000,24000,24000,24000,24000,24000,24000,24000,24000,24000,48,0,29000,27718.084832939592,17555.70688098669,36772.09824603051,128.0
1790157320,12,TPOT,completion,0.000000,0.000000,160,160,170,170,170,170,170,170,170,170,170,48,0,200,197.81625383210266,126.94088906218393,276.92641655173827,0.0
1790157320,12,TTFT,completion,0.000000,0.000000,1700,1700,1800,1800,1800,1800,1800,1800,1800,1800,1800,48,0,2200,2595.371130092341,1358.6290078237653,6699.659981997684,0.0
1790157320,12,,Aggregated,0.000000,0.000000,1700,1800,18000,22000,24000,24000,24000,24000,24000,24000,24000,144,0,2200,10170.42407228801,126.94088906218393,36772.09824603051,42.666666666666664
1790157321,12,POST,completion,0.000000,0.000000,22000,22000,24000,24000,24000,24000,24000,24000,24000,24000,24000,48,0,29000,27718.084832939592,17555.70688098669,36772.09824603051,128.0
1790157321,12,TPOT,completion,0.000000,0.000000,160,160,170,170,170,170,170,170,170,170,170,48,0,200,197.81625383210266,126.94088906218393,276.92641655173827,0.0
1790157321,12,TTFT,completion,0.000000,0.000000,1700,1700,1800,1800,1800,1800,1800,1800,1800,1800,1800,48,0,2200,2595.371130092341,1358.6290078237653,6699.659981997684,0.0
1790157321,12,,Aggregated,0.000000,0.000000,1700,1800,18000,22000,24000,24000,24000,24000,24000,24000,24000,144,0,2200,10170.42407228801,126.94088906218393,36772.09824603051,42.666666666666664
1790157322,12,POST,completion,0.000000,0.000000,22000,22000,24000,24000,24000,24000,24000,24000,24000,24000,24000,48,0,29000,27718.084832939592,17555.70688098669,36772.09824603051,128.0
1790157322,12,TPOT,completion,0.000000,0.000000,160,160,170,170,170,170,170,170,170,170,170,48,0,200,197.81625383210266,126.94088906218393,276.92641655173827,0.0
1790157322,12,TTFT,completion,0.000000,0.000000,1700,1700,1800,1800,1800,1800,1800,1800,1800,1800,1800,48,0,2200,2595.371130092341,1358.6290078237653,6699.659981997684,0.0
1790157322,12,,Aggregated,0.000000,0.000000,1700,1800,18000,22000,24000,24000,24000,24000,24000,24000,24000,144,0,2200,10170.42407228801,126.94088906218393,36772.09824603051,42.666666666666664
1790157323,12,POST,completion,0.000000,0.000000,18000,18000,18000,18000,18000,18000,18000,18000,18000,18000,18000,48,0,29000,27718.084832939592,17555.70688098669,36772.09824603051,128.0
1790157323,12,TPOT,completion,0.000000,0.000000,130,130,130,130,130,130,130,130,130,130,130,48,0,200,197.81625383210266,126.94088906218393,276.92641655173827,0.0
1790157323,12,TTFT,completion,0.000000,0.000000,1700,1700,1700,1700,1700,1700,1700,1700,1700,1700,1700,48,0,2200,2595.371130092341,1358.6290078237653,6699.659981997684,0.0
1790157323,12,,Aggregated,0.000000,0.000000,1700,1700,18000,18000,18000,18000,18000,18000,18000,18000,18000,144,0,2200,10170.42407228801,126.94088906218393,36772.09824603051,42.666666666666664
1790157324,12,POST,completion,0.000000,0.000000,18000,18000,18000,18000,18000,18000,18000,18000,18000,18000,18000,48,0,29000,27718.084832939592,17555.70688098669,36772.09824603051,128.0
1790157324,12,TPOT,completion,0.000000,0.000000,130,130,130,130,130,130,130,130,130,130,130,48,0,200,197.81625383210266,126.94088906218393,276.92641655173827,0.0
1790157324,12,TTFT,completion,0.000000,0.000000,1700,1700,1700,1700,1700,1700,1700,1700,1700,1700,1700,48,0,2200,2595.371130092341,1358.6290078237653,6699.659981997684,0.0
1790157324,12,,Aggregated,0.000000,0.000000,1700,1700,18000,18000,18000,18000,18000,18000,18000,18000,18000,144,0,2200,10170.42407228801,126.94088906218393,36772.09824603051,42.666666666666664
1790157325,12,POST,completion,0.000000,0.000000,18000,18000,18000,18000,18000,18000,18000,18000,18000,18000,18000,48,0,29000,27718.084832939592,17555.70688098669,36772.09824603051,128.0
1790157325,12,TPOT,completion,0.000000,0.000000,130,130,130,130,130,130,130,130,130,130,130,48,0,200,197.81625383210266,126.94088906218393,276.92641655173827,0.0
1790157325,12,TTFT,completion,0.000000,0.000000,1700,1700,1700,1700,1700,1700,1700,1700,1700,1700,1700,48,0,2200,2595.371130092341,1358.6290078237653,6699.659981997684,0.0
1790157325,12,,Aggregated,0.000000,0.000000,1700,1700,18000,18000,18000,18000,18000,18000,18000,18000,18000,144,0,2200,10170.42407228801,126.94088906218393,36772.09824603051,42.666666666666664
1790157326,12,POST,completion,0.000000,0.000000,18000,18000,18000,18000,18000,18000,18000,18000,18000,18000,18000,48,0,29000,27718.084832939592,17555.70688098669,36772.09824603051,128.0
1790157326,12,TPOT,completion,0.000000,0.000000,130,130,130,130,130,130,130,130,130,130,130,48,0,200,197.81625383210266,126.94088906218393,276.92641655173827,0.0
1790157326,12,TTFT,completion,0.000000,0.000000,1700,1700,1700,1700,1700,1700,1700,1700,1700,1700,1700,48,0,2200,2595.371130092341,1358.6290078237653,6699.659981997684,0.0
1790157326,12,,Aggregated,0.000000,0.000000,1700,1700,18000,18000,18000,18000,18000,18000,18000,18000,18000,144,0,2200,10170.42407228801,126.94088906218393,36772.09824603051,42.666666666666664
1790157327,12,POST,completion,0.000000,0.000000,18000,18000,18000,18000,18000,18000,18000,18000,18000,18000,18000,48,0,29000,27718.084832939592,17555.70688098669,36772.09824603051,128.0
1790157327,12,TPOT,completion,0.000000,0.000000,130,130,130,130,130,130,130,130,130,130,130,48,0,200,197.81625383210266,126.94088906218393,276.92641655173827,0.0
1790157327,12,TTFT,completion,0.000000,0.000000,1700,1700,1700,1700,1700,1700,1700,1700,1700,1700,1700,48,0,2200,2595.371130092341,1358.6290078237653,6699.659981997684,0.0
1790157327,12,,Aggregated,0.000000,0.000000,1700,1700,18000,18000,18000,18000,18000,18000,18000,18000,18000,144,0,2200,10170.42407228801,126.94088906218393,36772.09824603051,42.666666666666664
1790157328,12,POST,completion,0.000000,0.000000,18000,18000,18000,18000,18000,18000,18000,18000,18000,18000,18000,48,0,29000,27718.084832939592,17555.70688098669,36772.09824603051,128.0
1790157328,12,TPOT,completion,0.000000,0.000000,130,130,130,130,130,130,130,130,130,130,130,48,0,200,197.81625383210266,126.94088906218393,276.92641655173827,0.0
1790157328,12,TTFT,completion,0.000000,0.000000,1700,1700,1700,1700,1700,1700,1700,1700,1700,1700,1700,48,0,2200,2595.371130092341,1358.6290078237653,6699.659981997684,0.0
1790157328,12,,Aggregated,0.000000,0.000000,1700,1700,18000,18000,18000,18000,18000,18000,18000,18000,18000,144,0,2200,10170.42407228801,126.94088906218393,36772.09824603051,42.666666666666664
1790157329,12,POST,completion,0.000000,0.000000,18000,18000,18000,18000,18000,18000,18000,18000,18000,18000,18000,48,0,29000,27718.084832939592,17555.70688098669,36772.09824603051,128.0
1790157329,12,TPOT,completion,0.000000,0.000000,130,130,130,130,130,130,130,130,130,130,130,48,0,200,197.81625383210266,126.94088906218393,276.92641655173827,0.0
1790157329,12,TTFT,completion,0.000000,0.000000,1700,1700,1700,1700,1700,1700,1700,1700,1700,1700,1700,48,0,2200,2595.371130092341,1358.6290078237653,6699.659981997684,0.0
1790157329,12,,Aggregated,0.000000,0.000000,1700,1700,18000,18000,18000,18000,18000,18000,18000,18000,18000,144,0,2200,10170.42407228801,126.94088906218393,36772.09824603051,42.666666666666664
1790157330,12,POST,completion,0.000000,0.000000,18000,18000,18000,18000,18000,18000,18000,18000,18000,18000,18000,48,0,29000,27718.084832939592,17555.70688098669,36772.09824603051,128.0
1790157330,12,TPOT,completion,0.000000,0.000000,130,130,130,130,130,130,130,130,130,130,130,48,0,200,197.81625383210266,126.94088906218393,276.92641655173827,0.0
1790157330,12,TTFT,completion,0.000000,0.000000,1700,1700,1700,1700,1700,1700,1700,1700,1700,1700,1700,48,0,2200,2595.371130092341,1358.6290078237653,6699.659981997684,0.0
1790157330,12,,Aggregated,0.000000,0.000000,1700,1700,18000,18000,18000,18000,18000,18000,18000,18000,18000,144,0,2200,10170.42407228801,126.94088906218393,36772.09824603051,42.666666666666664
1790157331,12,POST,completion,0.000000,0.000000,18000,18000,18000,18000,18000,18000,18000,18000,18000,18000,18000,48,0,29000,27718.084832939592,17555.70688098669,36772.09824603051,128.0
1790157331,12,TPOT,completion,0.000000,0.000000,130,130,130,130,130,130,130,130,130,130,130,48,0,200,197.81625383210266,126.94088906218393,276.92641655173827,0.0
1790157331,12,TTFT,completion,0.000000,0.000000,1700,1700,1700,1700,1700,1700,1700,1700,1700,1700,1700,48,0,2200,2595.371130092341,1358.6290078237653,6699.659981997684,0.0
1790157331,12,,Aggregated,0.000000,0.000000,1700,1700,18000,18000,18000,18000,18000,18000,18000,18000,18000,144,0,2200,10170.42407228801,126.94088906218393,36772.09824603051,42.666666666666664
1790157332,12,POST,completion,0.000000,0.000000,18000,18000,18000,18000,18000,18000,18000,18000,18000,18000,18000,48,0,29000,27718.084832939592,17555.70688098669,36772.09824603051,128.0
1790157332,12,TPOT,completion,0.000000,0.000000,130,130,130,130,130,130,130,130,130,130,130,48,0,200,197.81625383210266,126.94088906218393,276.92641655173827,0.0
1790157332,12,TTFT,completion,0.000000,0.000000,1700,1700,1700,1700,1700,1700,1700,1700,1700,1700,1700,48,0,2200,2595.371130092341,1358.6290078237653,6699.659981997684,0.0
1790157332,12,,Aggregated,0.000000,0.000000,1700,1700,18000,18000,18000,18000,18000,18000,18000,18000,18000,144,0,2200,10170.42407228801,126.94088906218393,36772.09824603051,42.666666666666664
1790157333,12,POST,completion,0.000000,0.000000,18000,18000,18000,18000,18000,18000,18000,18000,18000,18000,18000,48,0,29000,27718.084832939592,17555.70688098669,36772.09824603051,128.0
1790157333,12,TPOT,completion,0.000000,0.000000,130,130,130,130,130,130,130,130,130,130,130,48,0,200,197.81625383210266,126.94088906218393,276.92641655173827,0.0
1790157333,12,TTFT,completion,0.000000,0.000000,1700,1700,1700,1700,1700,1700,1700,1700,1700,1700,1700,48,0,2200,2595.371130092341,1358.6290078237653,6699.659981997684,0.0
1790157333,12,,Aggregated,0.000000,0.000000,1700,1700,18000,18000,18000,18000,18000,18000,18000,18000,18000,144,0,2200,10170.42407228801,126.94088906218393,36772.09824603051,42.666666666666664
1790157334,12,POST,completion,0.000000,0.000000,18000,18000,18000,18000,18000,18000,18000,18000,18000,18000,18000,48,0,29000,27718.084832939592,17555.70688098669,36772.09824603051,128.0
1790157334,12,TPOT,completion,0.000000,0.000000,130,130,130,130,130,130,130,130,130,130,130,48,0,200,197.81625383210266,126.94088906218393,276.92641655173827,0.0
1790157334,12,TTFT,completion,0.000000,0.000000,1700,1700,1700,1700,1700,1700,1700,1700,1700,1700,1700,48,0,2200,2595.371130092341,1358.6290078237653,6699.659981997684,0.0
1790157334,12,,Aggregated,0.000000,0.000000,1700,1700,18000,18000,18000,18000,18000,18000,18000,18000,18000,144,0,2200,10170.42407228801,126.94088906218393,36772.09824603051,42.666666666666664
1790157335,12,POST,completion,0.000000,0.000000,18000,18000,18000,18000,18000,18000,18000,18000,18000,18000,18000,48,0,29000,27718.084832939592,17555.70688098669,36772.09824603051,128.0
1790157335,12,TPOT,completion,0.000000,0.000000,130,130,130,130,130,130,130,130,130,130,130,48,0,200,197.81625383210266,126.94088906218393,276.92641655173827,0.0
1790157335,12,TTFT,completion,0.000000,0.000000,1700,1700,1700,1700,1700,1700,1700,1700,1700,1700,1700,48,0,2200,2595.371130092341,1358.6290078237653,6699.659981997684,0.0
1790157335,12,,Aggregated,0.000000,0.000000,1700,1700,18000,18000,18000,18000,18000,18000,18000,18000,18000,144,0,2200,10170.42407228801,126.94088906218393,36772.09824603051,42.666666666666664
1790157336,12,POST,completion,0.000000,0.000000,18000,18000,18000,18000,18000,18000,18000,18000,18000,18000,18000,48,0,29000,27718.084832939592,17555.70688098669,36772.09824603051,128.0
1790157336,12,TPOT,completion,0.000000,0.000000,130,130,130,130,130,130,130,130,130,130,130,48,0,200,197.81625383210266,126.94088906218393,276.92641655173827,0.0
1790157336,12,TTFT,completion,0.000000,0.000000,1700,1700,1700,1700,1700,1700,1700,1700,1700,1700,1700,48,0,2200,2595.371130092341,1358.6290078237653,6699.659981997684,0.0
1790157336,12,,Aggregated,0.000000,0.000000,1700,1700,18000,18000,18000,18000,18000,18000,18000,18000,18000,144,0,2200,10170.42407228801,126.94088906218393,36772.09824603051,42.666666666666664
1790157337,12,POST,completion,0.000000,0.000000,18000,18000,18000,18000,18000,18000,18000,18000,18000,18000,18000,48,0,29000,27718.084832939592,17555.70688098669,36772.09824603051,128.0
1790157337,12,TPOT,completion,0.000000,0.000000,130,130,130,130,130,130,130,130,130,130,130,48,0,200,197.81625383210266,126.94088906218393,276.92641655173827,0.0
1790157337,12,TTFT,completion,0.000000,0.000000,1700,1700,1700,1700,1700,1700,1700,1700,1700,1700,1700,48,0,2200,2595.371130092341,1358.6290078237653,6699.659981997684,0.0
1790157337,12,,Aggregated,0.000000,0.000000,1700,1700,18000,18000,18000,18000,18000,18000,18000,18000,18000,144,0,2200,10170.42407228801,126.94088906218393,36772.09824603051,42.666666666666664
1790157338,12,POST,completion,0.000000,0.000000,0,0,0,0,0,0,0,0,0,0,0,48,0,29000,27718.084832939592,17555.70688098669,36772.09824603051,128.0
1790157338,12,TPOT,completion,0.000000,0.000000,0,0,0,0,0,0,0,0,0,0,0,48,0,200,197.81625383210266,126.94088906218393,276.92641655173827,0.0
1790157338,12,TTFT,completion,0.000000,0.000000,0,0,0,0,0,0,0,0,0,0,0,48,0,2200,2595.371130092341,1358.6290078237653,6699.659981997684,0.0
1790157338,12,,Aggregated,0.000000,0.000000,0,0,0,0,0,0,0,0,0,0,0,144,0,2200,10170.42407228801,126.94088906218393,36772.09824603051,42.666666666666664
1790157339,12,POST,completion,0.000000,0.000000,0,0,0,0,0,0,0,0,0,0,0,48,0,29000,27718.084832939592,17555.70688098669,36772.09824603051,128.0
1790157339,12,TPOT,completion,0.000000,0.000000,0,0,0,0,0,0,0,0,0,0,0,48,0,200,197.81625383210266,126.94088906218393,276.92641655173827,0.0
1790157339,12,TTFT,completion,0.000000,0.000000,0,0,0,0,0,0,0,0,0,0,0,48,0,2200,2595.371130092341,1358.6290078237653,6699.659981997684,0.0
1790157339,12,,Aggregated,0.000000,0.000000,0,0,0,0,0,0,0,0,0,0,0,144,0,2200,10170.42407228801,126.94088906218393,36772.09824603051,42.666666666666664
1790157340,12,POST,completion,0.000000,0.000000,0,0,0,0,0,0,0,0,0,0,0,48,0,29000,27718.084832939592,17555.70688098669,36772.09824603051,128.0
1790157340,12,TPOT,completion,0.000000,0.000000,0,0,0,0,0,0,0,0,0,0,0,48,0,200,197.81625383210266,126.94088906218393,276.92641655173827,0.0
1790157340,12,TTFT,completion,0.000000,0.000000,0,0,0,0,0,0,0,0,0,0,0,48,0,2200,2595.371130092341,1358.6290078237653,6699.659981997684,0.0
1790157340,12,,Aggregated,0.000000,0.000000,0,0,0,0,0,0,0,0,0,0,0,144,0,2200,10170.42407228801,126.94088906218393,36772.09824603051,42.666666666666664
1790157341,12,POST,completion,0.000000,0.000000,0,0,0,0,0,0,0,0,0,0,0,48,0,29000,27718.084832939592,17555.70688098669,36772.09824603051,128.0
1790157341,12,TPOT,completion,0.000000,0.000000,0,0,0,0,0,0,0,0,0,0,0,48,0,200,197.81625383210266,126.94088906218393,276.92641655173827,0.0
1790157341,12,TTFT,completion,0.000000,0.000000,0,0,0,0,0,0,0,0,0,0,0,48,0,2200,2595.371130092341,1358.6290078237653,6699.659981997684,0.0
1790157341,12,,Aggregated,0.000000,0.000000,0,0,0,0,0,0,0,0,0,0,0,144,0,2200,10170.42407228801,126.94088906218393,36772.09824603051,42.666666666666664
1790157342,12,POST,completion,0.000000,0.000000,0,0,0,0,0,0,0,0,0,0,0,48,0,29000,27718.084832939592,17555.70688098669,36772.09824603051,128.0
1790157342,12,TPOT,completion,0.000000,0.000000,0,0,0,0,0,0,0,0,0,0,0,48,0,200,197.81625383210266,126.94088906218393,276.92641655173827,0.0
1790157342,12,TTFT,completion,0.000000,0.000000,0,0,0,0,0,0,0,0,0,0,0,48,0,2200,2595.371130092341,1358.6290078237653,6699.659981997684,0.0
1790157342,12,,Aggregated,0.000000,0.000000,0,0,0,0,0,0,0,0,0,0,0,144,0,2200,10170.42407228801,126.94088906218393,36772.09824603051,42.666666666666664
1790157343,12,POST,completion,0.000000,0.000000,0,0,0,0,0,0,0,0,0,0,0,48,0,29000,27718.084832939592,17555.70688098669,36772.09824603051,128.0
1790157343,12,TPOT,completion,0.000000,0.000000,0,0,0,0,0,0,0,0,0,0,0,48,0,200,197.81625383210266,126.94088906218393,276.92641655173827,0.0
1790157343,12,TTFT,completion,0.000000,0.000000,0,0,0,0,0,0,0,0,0,0,0,48,0,2200,2595.371130092341,1358.6290078237653,6699.659981997684,0.0
1790157343,12,,Aggregated,0.000000,0.000000,0,0,0,0,0,0,0,0,0,0,0,144,0,2200,10170.42407228801,126.94088906218393,36772.09824603051,42.666666666666664
1790157344,12,POST,completion,0.000000,0.000000,0,0,0,0,0,0,0,0,0,0,0,48,0,29000,27718.084832939592,17555.70688098669,36772.09824603051,128.0
1790157344,12,TPOT,completion,0.000000,0.000000,0,0,0,0,0,0,0,0,0,0,0,48,0,200,197.81625383210266,126.94088906218393,276.92641655173827,0.0
1790157344,12,TTFT,completion,0.000000,0.000000,0,0,0,0,0,0,0,0,0,0,0,48,0,2200,2595.371130092341,1358.6290078237653,6699.659981997684,0.0
1790157344,12,,Aggregated,0.000000,0.000000,0,0,0,0,0,0,0,0,0,0,0,144,0,2200,10170.42407228801,126.94088906218393,36772.09824603051,42.666666666666664
1790157345,12,POST,completion,0.000000,0.000000,0,0,0,0,0,0,0,0,0,0,0,48,0,29000,27718.084832939592,17555.70688098669,36772.09824603051,128.0
1790157345,12,TPOT,completion,0.000000,0.000000,0,0,0,0,0,0,0,0,0,0,0,48,0,200,197.81625383210266,126.94088906218393,276.92641655173827,0.0
1790157345,12,TTFT,completion,0.000000,0.000000,0,0,0,0,0,0,0,0,0,0,0,48,0,2200,2595.371130092341,1358.6290078237653,6699.659981997684,0.0
1790157345,12,,Aggregated,0.000000,0.000000,0,0,0,0,0,0,0,0,0,0,0,144,0,2200,10170.42407228801,126.94088906218393,36772.09824603051,42.666666666666664
1790157346,12,POST,completion,0.000000,0.000000,0,0,0,0,0,0,0,0,0,0,0,48,0,29000,27718.084832939592,17555.70688098669,36772.09824603051,128.0
1790157346,12,TPOT,completion,0.000000,0.000000,0,0,0,0,0,0,0,0,0,0,0,48,0,200,197.81625383210266,126.94088906218393,276.92641655173827,0.0
1790157346,12,TTFT,completion,0.000000,0.000000,0,0,0,0,0,0,0,0,0,0,0,48,0,2200,2595.371130092341,1358.6290078237653,6699.659981997684,0.0
1790157346,12,,Aggregated,0.000000,0.000000,0,0,0,0,0,0,0,0,0,0,0,144,0,2200,10170.42407228801,126.94088906218393,36772.09824603051,42.666666666666664
1790157347,12,POST,completion,0.000000,0.000000,0,0,0,0,0,0,0,0,0,0,0,48,0,29000,27718.084832939592,17555.70688098669,36772.09824603051,128.0
1790157347,12,TPOT,completion,0.000000,0.000000,0,0,0,0,0,0,0,0,0,0,0,48,0,200,197.81625383210266,126.94088906218393,276.92641655173827,0.0
1790157347,12,TTFT,completion,0.000000,0.000000,0,0,0,0,0,0,0,0,0,0,0,48,0,2200,2595.371130092341,1358.6290078237653,6699.659981997684,0.0
1790157347,12,,Aggregated,0.000000,0.000000,0,0,0,0,0,0,0,0,0,0,0,144,0,2200,10170.42407228801,126.94088906218393,36772.09824603051,42.666666666666664
1790157348,12,POST,completion,0.000000,0.000000,0,0,0,0,0,0,0,0,0,0,0,48,0,29000,27718.084832939592,17555.70688098669,36772.09824603051,128.0
1790157348,12,TPOT,completion,0.000000,0.000000,0,0,0,0,0,0,0,0,0,0,0,48,0,200,197.81625383210266,126.94088906218393,276.92641655173827,0.0
1790157348,12,TTFT,completion,0.000000,0.000000,0,0,0,0,0,0,0,0,0,0,0,48,0,2200,2595.371130092341,1358.6290078237653,6699.659981997684,0.0
1790157348,12,,Aggregated,0.000000,0.000000,0,0,0,0,0,0,0,0,0,0,0,144,0,2200,10170.42407228801,126.94088906218393,36772.09824603051,42.666666666666664
1790157349,12,POST,completion,0.000000,0.000000,0,0,0,0,0,0,0,0,0,0,0,48,0,29000,27718.084832939592,17555.70688098669,36772.09824603051,128.0
1790157349,12,TPOT,completion,0.000000,0.000000,0,0,0,0,0,0,0,0,0,0,0,48,0,200,197.81625383210266,126.94088906218393,276.92641655173827,0.0
1790157349,12,TTFT,completion,0.000000,0.000000,0,0,0,0,0,0,0,0,0,0,0,48,0,2200,2595.371130092341,1358.6290078237653,6699.659981997684,0.0
1790157349,12,,Aggregated,0.000000,0.000000,0,0,0,0,0,0,0,0,0,0,0,144,0,2200,10170.42407228801,126.94088906218393,36772.09824603051,42.666666666666664
1790157350,12,POST,completion,0.000000,0.000000,0,0,0,0,0,0,0,0,0,0,0,48,0,29000,27718.084832939592,17555.70688098669,36772.09824603051,128.0
1790157350,12,TPOT,completion,0.000000,0.000000,0,0,0,0,0,0,0,0,0,0,0,48,0,200,197.81625383210266,126.94088906218393,276.92641655173827,0.0
1790157350,12,TTFT,completion,0.000000,0.000000,0,0,0,0,0,0,0,0,0,0,0,48,0,2200,2595.371130092341,1358.6290078237653,6699.659981997684,0.0
1790157350,12,,Aggregated,0.000000,0.000000,0,0,0,0,0,0,0,0,0,0,0,144,0,2200,10170.42407228801,126.94088906218393,36772.09824603051,42.666666666666664
1790157351,12,POST,completion,0.000000,0.000000,0,0,0,0,0,0,0,0,0,0,0,48,0,29000,27718.084832939592,17555.70688098669,36772.09824603051,128.0
1790157351,12,TPOT,completion,0.000000,0.000000,0,0,0,0,0,0,0,0,0,0,0,48,0,200,197.81625383210266,126.94088906218393,276.92641655173827,0.0
1790157351,12,TTFT,completion,0.000000,0.000000,0,0,0,0,0,0,0,0,0,0,0,48,0,2200,2595.371130092341,1358.6290078237653,6699.659981997684,0.0
1790157351,12,,Aggregated,0.000000,0.000000,0,0,0,0,0,0,0,0,0,0,0,144,0,2200,10170.42407228801,126.94088906218393,36772.09824603051,42.666666666666664
1790157352,12,POST,completion,0.000000,0.000000,0,0,0,0,0,0,0,0,0,0,0,48,0,29000,27718.084832939592,17555.70688098669,36772.09824603051,128.0
1790157352,12,TPOT,completion,0.000000,0.000000,0,0,0,0,0,0,0,0,0,0,0,48,0,200,197.81625383210266,126.94088906218393,276.92641655173827,0.0
1790157352,12,TTFT,completion,0.000000,0.000000,0,0,0,0,0,0,0,0,0,0,0,48,0,2200,2595.371130092341,1358.6290078237653,6699.659981997684,0.0
1790157352,12,,Aggregated,0.000000,0.000000,0,0,0,0,0,0,0,0,0,0,0,144,0,2200,10170.42407228801,126.94088906218393,36772.09824603051,42.666666666666664
1790157353,12,POST,completion,0.000000,0.000000,0,0,0,0,0,0,0,0,0,0,0,48,0,29000,27718.084832939592,17555.70688098669,36772.09824603051,128.0
1790157353,12,TPOT,completion,0.000000,0.000000,0,0,0,0,0,0,0,0,0,0,0,48,0,200,197.81625383210266,126.94088906218393,276.92641655173827,0.0
1790157353,12,TTFT,completion,0.000000,0.000000,0,0,0,0,0,0,0,0,0,0,0,48,0,2200,2595.371130092341,1358.6290078237653,6699.659981997684,0.0
1790157353,12,,Aggregated,0.000000,0.000000,0,0,0,0,0,0,0,0,0,0,0,144,0,2200,10170.42407228801,126.94088906218393,36772.09824603051,42.666666666666664
1790157354,12,POST,completion,0.000000,0.000000,0,0,0,0,0,0,0,0,0,0,0,48,0,29000,27718.084832939592,17555.70688098669,36772.09824603051,128.0
1790157354,12,TPOT,completion,0.000000,0.000000,0,0,0,0,0,0,0,0,0,0,0,48,0,200,197.81625383210266,126.94088906218393,276.92641655173827,0.0
1790157354,12,TTFT,completion,0.000000,0.000000,0,0,0,0,0,0,0,0,0,0,0,48,0,2200,2595.371130092341,1358.6290078237653,6699.659981997684,0.0
1790157354,12,,Aggregated,0.000000,0.000000,0,0,0,0,0,0,0,0,0,0,0,144,0,2200,10170.42407228801,126.94088906218393,36772.09824603051,42.666666666666664
1790157355,12,POST,completion,0.000000,0.000000,0,0,0,0,0,0,0,0,0,0,0,48,0,29000,27718.084832939592,17555.70688098669,36772.09824603051,128.0
1790157355,12,TPOT,completion,0.000000,0.000000,0,0,0,0,0,0,0,0,0,0,0,48,0,200,197.81625383210266,126.94088906218393,276.92641655173827,0.0
1790157355,12,TTFT,completion,0.000000,0.000000,0,0,0,0,0,0,0,0,0,0,0,48,0,2200,2595.371130092341,1358.6290078237653,6699.659981997684,0.0
1790157355,12,,Aggregated,0.000000,0.000000,0,0,0,0,0,0,0,0,0,0,0,144,0,2200,10170.42407228801,126.94088906218393,36772.09824603051,42.666666666666664
1790157356,12,POST,completion,0.000000,0.000000,0,0,0,0,0,0,0,0,0,0,0,48,0,29000,27718.084832939592,17555.70688098669,36772.09824603051,128.0
1790157356,12,TPOT,completion,0.000000,0.000000,0,0,0,0,0,0,0,0,0,0,0,48,0,200,197.81625383210266,126.94088906218393,276.92641655173827,0.0
1790157356,12,TTFT,completion,0.000000,0.000000,0,0,0,0,0,0,0,0,0,0,0,48,0,2200,2595.371130092341,1358.6290078237653,6699.659981997684,0.0
1790157356,12,,Aggregated,0.000000,0.000000,0,0,0,0,0,0,0,0,0,0,0,144,0,2200,10170.42407228801,126.94088906218393,36772.09824603051,42.666666666666664
1790157357,12,POST,completion,0.000000,0.000000,0,0,0,0,0,0,0,0,0,0,0,48,0,29000,27718.084832939592,17555.70688098669,36772.09824603051,128.0
1790157357,12,TPOT,completion,0.000000,0.000000,0,0,0,0,0,0,0,0,0,0,0,48,0,200,197.81625383210266,126.94088906218393,276.92641655173827,0.0
1790157357,12,TTFT,completion,0.000000,0.000000,0,0,0,0,0,0,0,0,0,0,0,48,0,2200,2595.371130092341,1358.6290078237653,6699.659981997684,0.0
1790157357,12,,Aggregated,0.000000,0.000000,0,0,0,0,0,0,0,0,0,0,0,144,0,2200,10170.42407228801,126.94088906218393,36772.09824603051,42.666666666666664
1790157358,12,POST,completion,0.000000,0.000000,0,0,0,0,0,0,0,0,0,0,0,48,0,29000,27718.084832939592,17555.70688098669,36772.09824603051,128.0
1790157358,12,TPOT,completion,0.000000,0.000000,0,0,0,0,0,0,0,0,0,0,0,48,0,200,197.81625383210266,126.94088906218393,276.92641655173827,0.0
1790157358,12,TTFT,completion,0.000000,0.000000,0,0,0,0,0,0,0,0,0,0,0,48,0,2200,2595.371130092341,1358.6290078237653,6699.659981997684,0.0
1790157358,12,,Aggregated,0.000000,0.000000,0,0,0,0,0,0,0,0,0,0,0,144,0,2200,10170.42407228801,126.94088906218393,36772.09824603051,42.666666666666664
1790157359,12,POST,completion,0.000000,0.000000,0,0,0,0,0,0,0,0,0,0,0,48,0,29000,27718.084832939592,17555.70688098669,36772.09824603051,128.0
1790157359,12,TPOT,completion,0.000000,0.000000,0,0,0,0,0,0,0,0,0,0,0,48,0,200,197.81625383210266,126.94088906218393,276.92641655173827,0.0
1790157359,12,TTFT,completion,0.000000,0.000000,0,0,0,0,0,0,0,0,0,0,0,48,0,2200,2595.371130092341,1358.6290078237653,6699.659981997684,0.0
1790157359,12,,Aggregated,0.000000,0.000000,0,0,0,0,0,0,0,0,0,0,0,144,0,2200,10170.42407228801,126.94088906218393,36772.09824603051,42.666666666666664
1790157360,12,POST,completion,0.000000,0.000000,0,0,0,0,0,0,0,0,0,0,0,48,0,29000,27718.084832939592,17555.70688098669,36772.09824603051,128.0
1790157360,12,TPOT,completion,0.000000,0.000000,0,0,0,0,0,0,0,0,0,0,0,48,0,200,197.81625383210266,126.94088906218393,276.92641655173827,0.0
1790157360,12,TTFT,completion,0.000000,0.000000,0,0,0,0,0,0,0,0,0,0,0,48,0,2200,2595.371130092341,1358.6290078237653,6699.659981997684,0.0
1790157360,12,,Aggregated,0.000000,0.000000,0,0,0,0,0,0,0,0,0,0,0,144,0,2200,10170.42407228801,126.94088906218393,36772.09824603051,42.666666666666664
1790157361,12,POST,completion,0.000000,0.000000,0,0,0,0,0,0,0,0,0,0,0,48,0,29000,27718.084832939592,17555.70688098669,36772.09824603051,128.0
1790157361,12,TPOT,completion,0.000000,0.000000,0,0,0,0,0,0,0,0,0,0,0,48,0,200,197.81625383210266,126.94088906218393,276.92641655173827,0.0
1790157361,12,TTFT,completion,0.000000,0.000000,0,0,0,0,0,0,0,0,0,0,0,48,0,2200,2595.371130092341,1358.6290078237653,6699.659981997684,0.0
1790157361,12,,Aggregated,0.000000,0.000000,0,0,0,0,0,0,0,0,0,0,0,144,0,2200,10170.42407228801,126.94088906218393,36772.09824603051,42.666666666666664
1790157362,12,POST,completion,0.000000,0.000000,0,0,0,0,0,0,0,0,0,0,0,48,0,29000,27718.084832939592,17555.70688098669,36772.09824603051,128.0
1790157362,12,TPOT,completion,0.000000,0.000000,0,0,0,0,0,0,0,0,0,0,0,48,0,200,197.81625383210266,126.94088906218393,276.92641655173827,0.0
1790157362,12,TTFT,completion,0.000000,0.000000,0,0,0,0,0,0,0,0,0,0,0,48,0,2200,2595.371130092341,1358.6290078237653,6699.659981997684,0.0
1790157362,12,,Aggregated,0.000000,0.000000,0,0,0,0,0,0,0,0,0,0,0,144,0,2200,10170.42407228801,126.94088906218393,36772.09824603051,42.666666666666664
1790157363,12,POST,completion,0.000000,0.000000,0,0,0,0,0,0,0,0,0,0,0,48,0,29000,27718.084832939592,17555.70688098669,36772.09824603051,128.0
1790157363,12,TPOT,completion,0.000000,0.000000,0,0,0,0,0,0,0,0,0,0,0,48,0,200,197.81625383210266,126.94088906218393,276.92641655173827,0.0
1790157363,12,TTFT,completion,0.000000,0.000000,0,0,0,0,0,0,0,0,0,0,0,48,0,2200,2595.371130092341,1358.6290078237653,6699.659981997684,0.0
1790157363,12,,Aggregated,0.000000,0.000000,0,0,0,0,0,0,0,0,0,0,0,144,0,2200,10170.42407228801,126.94088906218393,36772.09824603051,42.666666666666664
1790157364,12,POST,completion,0.000000,0.000000,33000,34000,35000,36000,37000,37000,37000,37000,37000,37000,37000,57,0,29000,28548.924750411523,17555.70688098669,36961.0988071654,128.0
1790157364,12,TPOT,completion,0.000000,0.000000,210,240,240,270,280,280,280,280,280,280,280,57,0,200,202.18136684095123,126.94088906218393,277.46095356722105,0.0
1790157364,12,TTFT,completion,0.000000,0.000000,4400,4800,5800,5900,6900,6900,6900,6900,6900,6900,6900,57,0,2400,2871.8410029010684,1358.6290078237653,6850.660050986335,0.0
1790157364,12,,Aggregated,0.000000,0.000000,4400,6900,31000,32000,35000,36000,37000,37000,37000,37000,37000,171,0,2400,10540.982373384511,126.94088906218393,36961.0988071654,42.666666666666664
1790157365,12,POST,completion,0.000000,0.000000,33000,34000,35000,36000,37000,37000,37000,37000,37000,37000,37000,57,0,29000,28548.924750411523,17555.70688098669,36961.0988071654,128.0
1790157365,12,TPOT,completion,0.000000,0.000000,210,240,240,270,280,280,280,280,280,280,280,57,0,200,202.18136684095123,126.94088906218393,277.46095356722105,0.0
1790157365,12,TTFT,completion,0.000000,0.000000,4400,4800,5800,5900,6900,6900,6900,6900,6900,6900,6900,57,0,2400,2871.8410029010684,1358.6290078237653,6850.660050986335,0.0
1790157365,12,,Aggregated,0.000000,0.000000,4400,6900,31000,32000,35000,36000,37000,37000,37000,37000,37000,171,0,2400,10540.982373384511,126.94088906218393,36961.0988071654,42.666666666666664
1790157366,12,POST,completion,0.000000,0.000000,33000,34000,35000,36000,37000,37000,37000,37000,37000,37000,37000,57,0,29000,28548.924750411523,17555.70688098669,36961.0988071654,128.0
1790157366,12,TPOT,completion,0.000000,0.000000,210,240,240,270,280,280,280,280,280,280,280,57,0,200,202.18136684095123,126.94088906218393,277.46095356722105,0.0
1790157366,12,TTFT,completion,0.000000,0.000000,4400,4800,5800,5900,6900,6900,6900,6900,6900,6900,6900,57,0,2400,2871.8410029010684,1358.6290078237653,6850.660050986335,0.0
1790157366,12,,Aggregated,0.000000,0.000000,4400,6900,31000,32000,35000,36000,37000,37000,37000,37000,37000,171,0,2400,10540.982373384511,126.94088906218393,36961.0988071654,42.666666666666664
1790157367,12,POST,completion,0.900000,0.000000,33000,34000,35000,36000,37000,37000,37000,37000,37000,37000,37000,58,0,29000,28462.88407602797,17555.70688098669,36961.0988071654,128.0
1790157367,12,TPOT,completion,0.900000,0.000000,210,240,240,270,280,280,280,280,280,280,280,58,0,200,201.65891668459253,126.94088906218393,277.46095356722105,0.0
1790157367,12,TTFT,completion,0.900000,0.000000,4400,4800,5800,5900,6900,6900,6900,6900,6900,6900,6900,58,0,2400,2852.1514607127756,1358.6290078237653,6850.660050986335,0.0
1790157367,12,,Aggregated,2.700000,0.000000,4400,6900,30000,32000,35000,36000,37000,37000,37000,37000,37000,174,0,2400,10505.564817808443,126.94088906218393,36961.0988071654,42.666666666666664
1790157368,12,POST,completion,0.900000,0.000000,32000,34000,35000,35000,36000,37000,37000,37000,37000,37000,37000,59,0,29000,28356.097597009266,17555.70688098669,36961.0988071654,128.0
1790157368,12,TPOT,completion,0.900000,0.000000,210,240,240,240,270,280,280,280,280,280,280,59,0,200,200.9577512444403,126.94088906218393,277.46095356722105,0.0
1790157368,12,TTFT,completion,0.900000,0.000000,3900,4800,5800,5800,5900,6900,6900,6900,6900,6900,6900,59,0,2300,2834.412989328947,1358.6290078237653,6850.660050986335,0.0
1790157368,12,,Aggregated,2.700000,0.000000,3900,6900,28000,31000,34000,36000,37000,37000,37000,37000,37000,177,0,2300,10463.822779194214,126.94088906218393,36961.0988071654,42.666666666666664
1790157369,12,POST,completion,0.900000,0.000000,32000,34000,35000,35000,36000,37000,37000,37000,37000,37000,37000,59,0,29000,28356.097597009266,17555.70688098669,36961.0988071654,128.0
1790157369,12,TPOT,completion,0.900000,0.000000,210,240,240,240,270,280,280,280,280,280,280,59,0,200,200.9577512444403,126.94088906218393,277.46095356722105,0.0
1790157369,12,TTFT,completion,0.900000,0.000000,3900,4800,5800,5800,5900,6900,6900,6900,6900,6900,6900,59,0,2300,2834.412989328947,1358.6290078237653,6850.660050986335,0.0
1790157369,12,,Aggregated,2.700000,0.000000,3900,6900,28000,31000,34000,36000,37000,37000,37000,37000,37000,177,0,2300,10463.822779194214,126.94088906218393,36961.0988071654,42.666666666666664
1790157370,12,POST,completion,0.900000,0.000000,32000,34000,35000,35000,36000,37000,37000,37000,37000,37000,37000,59,0,29000,28356.097597009266,17555.70688098669,36961.0988071654,128.0
1790157370,12,TPOT,completion,0.900000,0.000000,210,240,240,240,270,280,280,280,280,280,280,59,0,200,200.9577512444403,126.94088906218393,277.46095356722105,0.0
1790157370,12,TTFT,completion,0.900000,0.000000,3900,4800,5800,5800,5900,6900,6900,6900,6900,6900,6900,59,0,2300,2834.412989328947,1358.6290078237653,6850.660050986335,0.0
1790157370,12,,Aggregated,2.700000,0.000000,3900,6900,28000,31000,34000,36000,37000,37000,37000,37000,37000,177,0,2300,10463.822779194214,126.94088906218393,36961.0988071654,42.666666666666664
1790157371,12,POST,completion,0.900000,0.000000,32000,34000,35000,35000,36000,37000,37000,37000,37000,37000,37000,59,0,29000,28356.097597009266,17555.70688098669,36961.0988071654,128.0
1790157371,12,TPOT,completion,0.900000,0.000000,210,240,240,240,270,280,280,280,280,280,280,59,0,200,200.9577512444403,126.94088906218393,277.46095356722105,0.0
1790157371,12,TTFT,completion,0.900000,0.000000,3900,4800,5800,5800,5900,6900,6900,6900,6900,6900,6900,59,0,2300,2834.412989328947,1358.6290078237653,6850.660050986335,0.0
1790157371,12,,Aggregated,2.700000,0.000000,3900,6900,28000,31000,34000,36000,37000,37000,37000,37000,37000,177,0,2300,10463.822779194214,126.94088906218393,36961.0988071654,42.666666666666664
1790157372,12,POST,completion,0.900000,0.000000,32000,34000,35000,35000,36000,37000,37000,37000,37000,37000,37000,59,0,29000,28356.097597009266,17555.70688098669,36961.0988071654,128.0
1790157372,12,TPOT,completion,0.900000,0.000000,210,240,240,240,270,280,280,280,280,280,280,59,0,200,200.9577512444403,126.94088906218393,277.46095356722105,0.0
1790157372,12,TTFT,completion,0.900000,0.000000,3900,4800,5800,5800,5900,6900,6900,6900,6900,6900,6900,59,0,2300,2834.412989328947,1358.6290078237653,6850.660050986335,0.0
1790157372,12,,Aggregated,2.700000,0.000000,3900,6900,28000,31000,34000,36000,37000,37000,37000,37000,37000,177,0,2300,10463.822779194214,126.94088906218393,36961.0988071654,42.666666666666664
1790157373,12,POST,completion,0.900000,0.000000,32000,33000,34000,35000,36000,36000,36000,36000,36000,36000,36000,59,0,29000,28356.097597009266,17555.70688098669,36961.0988071654,128.0
1790157373,12,TPOT,completion,0.900000,0.000000,210,210,240,240,270,270,270,270,270,270,270,59,0,200,200.9577512444403,126.94088906218393,277.46095356722105,0.0
1790157373,12,TTFT,completion,0.900000,0.000000,4400,4800,5800,5900,6900,6900,6900,6900,6900,6900,6900,59,0,2300,2834.412989328947,1358.6290078237653,6850.660050986335,0.0
1790157373,12,,Aggregated,2.700000,0.000000,4400,6900,28000,31000,34000,35000,36000,36000,36000,36000,36000,177,0,2300,10463.822779194214,126.94088906218393,36961.0988071654,42.666666666666664
1790157374,12,POST,completion,0.900000,0.000000,32000,33000,34000,35000,36000,36000,36000,36000,36000,36000,36000,59,0,29000,28356.097597009266,17555.70688098669,36961.0988071654,128.0
1790157374,12,TPOT,completion,0.900000,0.000000,210,210,240,240,270,270,270,270,270,270,270,59,0,200,200.9577512444403,126.94088906218393,277.46095356722105,0.0
1790157374,12,TTFT,completion,0.900000,0.000000,4400,4800,5800,5900,6900,6900,6900,6900,6900,6900,6900,59,0,2300,2834.412989328947,1358.6290078237653,6850.660050986335,0.0
1790157374,12,,Aggregated,2.700000,0.000000,4400,6900,28000,31000,34000,35000,36000,36000,36000,36000,36000,177,0,2300,10463.822779194214,126.94088906218393,36961.0988071654,42.666666666666664
1790157375,12,POST,completion,0.900000,0.000000,24000,24000,24000,24000,24000,24000,24000,24000,24000,24000,24000,59,0,29000,28356.097597009266,17555.70688098669,36961.0988071654,128.0
1790157375,12,TPOT,completion,0.900000,0.000000,170,170,170,170,170,170,170,170,170,170,170,59,0,200,200.9577512444403,126.94088906218393,277.46095356722105,0.0
1790157375,12,TTFT,completion,0.900000,0.000000,1800,1800,1800,1800,1800,1800,1800,1800,1800,1800,1800,59,0,2300,2834.412989328947,1358.6290078237653,6850.660050986335,0.0
1790157375,12,,Aggregated,2.700000,0.000000,1800,1800,22000,22000,24000,24000,24000,24000,24000,24000,24000,177,0,2300,10463.822779194214,126.94088906218393,36961.0988071654,42.666666666666664
1790157376,12,POST,completion,0.900000,0.000000,24000,24000,24000,24000,24000,24000,24000,24000,24000,24000,24000,59,0,29000,28356.097597009266,17555.70688098669,36961.0988071654,128.0
1790157376,12,TPOT,completion,0.900000,0.000000,170,170,170,170,170,170,170,170,170,170,170,59,0,200,200.9577512444403,126.94088906218393,277.46095356722105,0.0
1790157376,12,TTFT,completion,0.900000,0.000000,1800,1800,1800,1800,1800,1800,1800,1800,1800,1800,1800,59,0,2300,2834.412989328947,1358.6290078237653,6850.660050986335,0.0
1790157376,12,,Aggregated,2.700000,0.000000,1800,1800,22000,22000,24000,24000,24000,24000,24000,24000,24000,177,0,2300,10463.822779194214,126.94088906218393,36961.0988071654,42.666666666666664
1790157377,12,POST,completion,0.900000,0.000000,24000,24000,24000,24000,24000,24000,24000,24000,24000,24000,24000,59,0,29000,28356.097597009266,17555.70688098669,36961.0988071654,128.0
1790157377,12,TPOT,completion,0.900000,0.000000,170,170,170,170,170,170,170,170,170,170,170,59,0,200,200.9577512444403,126.94088906218393,277.46095356722105,0.0
1790157377,12,TTFT,completion,0.900000,0.000000,1800,1800,1800,1800,1800,1800,1800,1800,1800,1800,1800,59,0,2300,2834.412989328947,1358.6290078237653,6850.660050986335,0.0
1790157377,12,,Aggregated,2.700000,0.000000,1800,1800,22000,22000,24000,24000,24000,24000,24000,24000,24000,177,0,2300,10463.822779194214,126.94088906218393,36961.0988071654,42.666666666666664
1790157378,12,POST,completion,0.900000,0.000000,24000,24000,24000,24000,24000,24000,24000,24000,24000,24000,24000,59,0,29000,28356.097597009266,17555.70688098669,36961.0988071654,128.0
1790157378,12,TPOT,completion,0.900000,0.000000,170,170,170,170,170,170,170,170,170,170,170,59,0,200,200.9577512444403,126.94088906218393,277.46095356722105,0.0
1790157378,12,TTFT,completion,0.900000,0.000000,1800,1800,1800,1800,1800,1800,1800,1800,1800,1800,1800,59,0,2300,2834.412989328947,1358.6290078237653,6850.660050986335,0.0
1790157378,12,,Aggregated,2.700000,0.000000,1800,1800,22000,22000,24000,24000,24000,24000,24000,24000,24000,177,0,2300,10463.822779194214,126.94088906218393,36961.0988071654,42.666666666666664
1790157379,12,POST,completion,0.900000,0.000000,24000,24000,24000,24000,24000,24000,24000,24000,24000,24000,24000,59,0,29000,28356.097597009266,17555.70688098669,36961.0988071654,128.0
1790157379,12,TPOT,completion,0.900000,0.000000,170,170,170,170,170,170,170,170,170,170,170,59,0,200,200.9577512444403,126.94088906218393,277.46095356722105,0.0
1790157379,12,TTFT,completion,0.900000,0.000000,1800,1800,1800,1800,1800,1800,1800,1800,1800,1800,1800,59,0,2300,2834.412989328947,1358.6290078237653,6850.660050986335,0.0
1790157379,12,,Aggregated,2.700000,0.000000,1800,1800,22000,22000,24000,24000,24000,24000,24000,24000,24000,177,0,2300,10463.822779194214,126.94088906218393,36961.0988071654,42.666666666666664
1790157380,12,POST,completion,0.200000,0.000000,22000,22000,24000,24000,24000,24000,24000,24000,24000,24000,24000,60,0,29000,28183.478907790657,17555.70688098669,36961.0988071654,128.0
1790157380,12,TPOT,completion,0.200000,0.000000,160,160,170,170,170,170,170,170,170,170,170,60,0,200,199.7570292482438,126.94088906218393,277.46095356722105,0.0
1790157380,12,TTFT,completion,0.200000,0.000000,1700,1700,1800,1800,1800,1800,1800,1800,1800,1800,1800,60,0,2300,2814.2858090577647,1358.6290078237653,6850.660050986335,0.0
1790157380,12,,Aggregated,0.600000,0.000000,1700,1800,18000,22000,24000,24000,24000,24000,24000,24000,24000,180,0,2300,10399.17391536555,126.94088906218393,36961.0988071654,42.666666666666664
1790157381,12,POST,completion,0.200000,0.000000,22000,22000,24000,24000,24000,24000,24000,24000,24000,24000,24000,60,0,29000,28183.478907790657,17555.70688098669,36961.0988071654,128.0
1790157381,12,TPOT,completion,0.200000,0.000000,160,160,170,170,170,170,170,170,170,170,170,60,0,200,199.7570292482438,126.94088906218393,277.46095356722105,0.0
1790157381,12,TTFT,completion,0.200000,0.000000,1700,1700,1800,1800,1800,1800,1800,1800,1800,1800,1800,60,0,2300,2814.2858090577647,1358.6290078237653,6850.660050986335,0.0
1790157381,12,,Aggregated,0.600000,0.000000,1700,1800,18000,22000,24000,24000,24000,24000,24000,24000,24000,180,0,2300,10399.17391536555,126.94088906218393,36961.0988071654,42.666666666666664
1790157382,12,POST,completion,0.200000,0.000000,22000,22000,24000,24000,24000,24000,24000,24000,24000,24000,24000,60,0,29000,28183.478907790657,17555.70688098669,36961.0988071654,128.0
1790157382,12,TPOT,completion,0.200000,0.000000,160,160,170,170,170,170,170,170,170,170,170,60,0,200,199.7570292482438,126.94088906218393,277.46095356722105,0.0
1790157382,12,TTFT,completion,0.200000,0.000000,1700,1700,1800,1800,1800,1800,1800,1800,1800,1800,1800,60,0,2300,2814.2858090577647,1358.6290078237653,6850.660050986335,0.0
1790157382,12,,Aggregated,0.600000,0.000000,1700,1800,18000,22000,24000,24000,24000,24000,24000,24000,24000,180,0,2300,10399.17391536555,126.94088906218393,36961.0988071654,42.666666666666664
1790157383,12,POST,completion,0.200000,0.000000,18000,18000,18000,18000,18000,18000,18000,18000,18000,18000,18000,60,0,29000,28183.478907790657,17555.70688098669,36961.0988071654,128.0
1790157383,12,TPOT,completion,0.200000,0.000000,130,130,130,130,130,130,130,130,130,130,130,60,0,200,199.7570292482438,126.94088906218393,277.46095356722105,0.0
1790157383,12,TTFT,completion,0.200000,0.000000,1600,1600,1600,1600,1600,1600,1600,1600,1600,1600,1600,60,0,2300,2814.2858090577647,1358.6290078237653,6850.660050986335,0.0
1790157383,12,,Aggregated,0.600000,0.000000,1600,1600,18000,18000,18000,18000,18000,18000,18000,18000,18000,180,0,2300,10399.17391536555,126.94088906218393,36961.0988071654,42.666666666666664
1790157384,12,POST,completion,0.200000,0.000000,18000,18000,18000,18000,18000,18000,18000,18000,18000,18000,18000,60,0,29000,28183.478907790657,17555.70688098669,36961.0988071654,128.0
1790157384,12,TPOT,completion,0.200000,0.000000,130,130,130,130,130,130,130,130,130,130,130,60,0,200,199.7570292482438,126.94088906218393,277.46095356722105,0.0
1790157384,12,TTFT,completion,0.200000,0.000000,1600,1600,1600,1600,1600,1600,1600,1600,1600,1600,1600,60,0,2300,2814.2858090577647,1358.6290078237653,6850.660050986335,0.0
1790157384,12,,Aggregated,0.600000,0.000000,1600,1600,18000,18000,18000,18000,18000,18000,18000,18000,18000,180,0,2300,10399.17391536555,126.94088906218393,36961.0988071654,42.666666666666664
1790157385,12,POST,completion,0.200000,0.000000,18000,18000,18000,18000,18000,18000,18000,18000,18000,18000,18000,60,0,29000,28183.478907790657,17555.70688098669,36961.0988071654,128.0
1790157385,12,TPOT,completion,0.200000,0.000000,130,130,130,130,130,130,130,130,130,130,130,60,0,200,199.7570292482438,126.94088906218393,277.46095356722105,0.0
1790157385,12,TTFT,completion,0.200000,0.000000,1600,1600,1600,1600,1600,1600,1600,1600,1600,1600,1600,60,0,2300,2814.2858090577647,1358.6290078237653,6850.660050986335,0.0
1790157385,12,,Aggregated,0.600000,0.000000,1600,1600,18000,18000,18000,18000,18000,18000,18000,18000,18000,180,0,2300,10399.17391536555,126.94088906218393,36961.0988071654,42.666666666666664
1790157386,12,POST,completion,0.200000,0.000000,18000,18000,18000,18000,18000,18000,18000,18000,18000,18000,18000,60,0,29000,28183.478907790657,17555.70688098669,36961.0988071654,128.0
1790157386,12,TPOT,completion,0.200000,0.000000,130,130,130,130,130,130,130,130,130,130,130,60,0,200,199.7570292482438,126.94088906218393,277.46095356722105,0.0
1790157386,12,TTFT,completion,0.200000,0.000000,1600,1600,1600,1600,1600,1600,1600,1600,1600,1600,1600,60,0,2300,2814.2858090577647,1358.6290078237653,6850.660050986335,0.0
1790157386,12,,Aggregated,0.600000,0.000000,1600,1600,18000,18000,18000,18000,18000,18000,18000,18000,18000,180,0,2300,10399.17391536555,126.94088906218393,36961.0988071654,42.666666666666664
