Timestamp,User Count,Type,Name,Requests/s,Failures/s,50%,66%,75%,80%,90%,95%,98%,99%,99.9%,99.99%,100%,Total Request Count,Total Failure Count,Total Median Response Time,Total Average Response Time,Total Min Response Time,Total Max Response Time,Total Average Content Size
1790318306,0,,Aggregated,0.000000,0.000000,N/A,N/A,N/A,N/A,N/A,N/A,N/A,N/A,N/A,N/A,N/A,0,0,0,0.0,0,0,0
1790318307,1,,Aggregated,0.000000,0.000000,N/A,N/A,N/A,N/A,N/A,N/A,N/A,N/A,N/A,N/A,N/A,0,0,0,0.0,0,0,0
1790318308,2,,Aggregated,0.000000,0.000000,N/A,N/A,N/A,N/A,N/A,N/A,N/A,N/A,N/A,N/A,N/A,0,0,0,0.0,0,0,0
1790318309,2,,Aggregated,0.000000,0.000000,N/A,N/A,N/A,N/A,N/A,N/A,N/A,N/A,N/A,N/A,N/A,0,0,0,0.0,0,0,0
1790318310,2,,Aggregated,0.000000,0.000000,N/A,N/A,N/A,N/A,N/A,N/A,N/A,N/A,N/A,N/A,N/A,0,0,0,0.0,0,0,0
1790318311,2,,Aggregated,0.000000,0.000000,N/A,N/A,N/A,N/A,N/A,N/A,N/A,N/A,N/A,N/A,N/A,0,0,0,0.0,0,0,0
1790318312,2,,Aggregated,0.000000,0.000000,N/A,N/A,N/A,N/A,N/A,N/A,N/A,N/A,N/A,N/A,N/A,0,0,0,0.0,0,0,0
1790318313,2,,Aggregated,0.000000,0.000000,N/A,N/A,N/A,N/A,N/A,N/A,N/A,N/A,N/A,N/A,N/A,0,0,0,0.0,0,0,0
1790318314,2,,Aggregated,0.000000,0.000000,N/A,N/A,N/A,N/A,N/A,N/A,N/A,N/A,N/A,N/A,N/A,0,0,0,0.0,0,0,0
1790318315,2,,Aggregated,0.000000,0.000000,N/A,N/A,N/A,N/A,N/A,N/A,N/A,N/A,N/A,N/A,N/A,0,0,0,0.0,0,0,0
1790318316,2,,Aggregated,0.000000,0.000000,N/A,N/A,N/A,N/A,N/A,N/A,N/A,N/A,N/A,N/A,N/A,0,0,0,0.0,0,0,0
1790318317,2,,Aggregated,0.000000,0.000000,N/A,N/A,N/A,N/A,N/A,N/A,N/A,N/A,N/A,N/A,N/A,0,0,0,0.0,0,0,0
1790318318,2,,Aggregated,0.000000,0.000000,N/A,N/A,N/A,N/A,N/A,N/A,N/A,N/A,N/A,N/A,N/A,0,0,0,0.0,0,0,0
1790318319,2,,Aggregated,0.000000,0.000000,N/A,N/A,N/A,N/A,N/A,N/A,N/A,N/A,N/A,N/A,N/A,0,0,0,0.0,0,0,0
1790318320,2,,Aggregated,0.000000,0.000000,N/A,N/A,N/A,N/A,N/A,N/A,N/A,N/A,N/A,N/A,N/A,0,0,0,0.0,0,0,0
1790318321,2,,Aggregated,0.000000,0.000000,N/A,N/A,N/A,N/A,N/A,N/A,N/A,N/A,N/A,N/A,N/A,0,0,0,0.0,0,0,0
1790318322,2,,Aggregated,0.000000,0.000000,N/A,N/A,N/A,N/A,N/A,N/A,N/A,N/A,N/A,N/A,N/A,0,0,0,0.0,0,0,0
1790318323,2,,Aggregated,0.000000,0.000000,N/A,N/A,N/A,N/A,N/A,N/A,N/A,N/A,N/A,N/A,N/A,0,0,0,0.0,0,0,0
1790318324,2,,Aggregated,0.000000,0.000000,N/A,N/A,N/A,N/A,N/A,N/A,N/A,N/A,N/A,N/A,N/A,0,0,0,0.0,0,0,0
1790318325,2,,Aggregated,0.000000,0.000000,N/A,N/A,N/A,N/A,N/A,N/A,N/A,N/A,N/A,N/A,N/A,0,0,0,0.0,0,0,0
1790318326,2,,Aggregated,0.000000,0.000000,N/A,N/A,N/A,N/A,N/A,N/A,N/A,N/A,N/A,N/A,N/A,0,0,0,0.0,0,0,0
1790318327,2,,Aggregated,0.000000,0.000000,N/A,N/A,N/A,N/A,N/A,N/A,N/A,N/A,N/A,N/A,N/A,0,0,0,0.0,0,0,0
1790318328,2,,Aggregated,0.000000,0.000000,N/A,N/A,N/A,N/A,N/A,N/A,N/A,N/A,N/A,N/A,N/A,0,0,0,0.0,0,0,0
1790318329,2,,Aggregated,0.000000,0.000000,N/A,N/A,N/A,N/A,N/A,N/A,N/A,N/A,N/A,N/A,N/A,0,0,0,0.0,0,0,0
1790318330,2,,Aggregated,0.000000,0.000000,N/A,N/A,N/A,N/A,N/A,N/A,N/A,N/A,N/A,N/A,N/A,0,0,0,0.0,0,0,0
1790318331,2,,Aggregated,0.000000,0.000000,N/A,N/A,N/A,N/A,N/A,N/A,N/A,N/A,N/A,N/A,N/A,0,0,0,0.0,0,0,0
1790318332,2,,Aggregated,0.000000,0.000000,N/A,N/A,N/A,N/A,N/A,N/A,N/A,N/A,N/A,N/A,N/A,0,0,0,0.0,0,0,0
1790318334,2,,Aggregated,0.000000,0.000000,N/A,N/A,N/A,N/A,N/A,N/A,N/A,N/A,N/A,N/A,N/A,0,0,0,0.0,0,0,0
1790318335,2,,Aggregated,0.000000,0.000000,N/A,N/A,N/A,N/A,N/A,N/A,N/A,N/A,N/A,N/A,N/A,0,0,0,0.0,0,0,0
1790318336,2,,Aggregated,0.000000,0.000000,N/A,N/A,N/A,N/A,N/A,N/A,N/A,N/A,N/A,N/A,N/A,0,0,0,0.0,0,0,0
1790318337,2,,Aggregated,0.000000,0.000000,N/A,N/A,N/A,N/A,N/A,N/A,N/A,N/A,N/A,N/A,N/A,0,0,0,0.0,0,0,0
1790318338,2,,Aggregated,0.000000,0.000000,N/A,N/A,N/A,N/A,N/A,N/A,N/A,N/A,N/A,N/A,N/A,0,0,0,0.0,0,0,0
1790318339,2,,Aggregated,0.000000,0.000000,N/A,N/A,N/A,N/A,N/A,N/A,N/A,N/A,N/A,N/A,N/A,0,0,0,0.0,0,0,0
1790318340,2,,Aggregated,0.000000,0.000000,N/A,N/A,N/A,N/A,N/A,N/A,N/A,N/A,N/A,N/A,N/A,0,0,0,0.0,0,0,0
1790318341,2,,Aggregated,0.000000,0.000000,N/A,N/A,N/A,N/A,N/A,N/A,N/A,N/A,N/A,N/A,N/A,0,0,0,0.0,0,0,0
1790318342,2,,Aggregated,0.000000,0.000000,N/A,N/A,N/A,N/A,N/A,N/A,N/A,N/A,N/A,N/A,N/A,0,0,0,0.0,0,0,0
1790318343,2,,Aggregated,0.000000,0.000000,N/A,N/A,N/A,N/A,N/A,N/A,N/A,N/A,N/A,N/A,N/A,0,0,0,0.0,0,0,0
1790318344,2,,Aggregated,0.000000,0.000000,N/A,N/A,N/A,N/A,N/A,N/A,N/A,N/A,N/A,N/A,N/A,0,0,0,0.0,0,0,0
1790318345,2,,Aggregated,0.000000,0.000000,N/A,N/A,N/A,N/A,N/A,N/A,N/A,N/A,N/A,N/A,N/A,0,0,0,0.0,0,0,0
1790318346,2,,Aggregated,0.000000,0.000000,N/A,N/A,N/A,N/A,N/A,N/A,N/A,N/A,N/A,N/A,N/A,0,0,0,0.0,0,0,0
1790318347,2,,Aggregated,0.000000,0.000000,N/A,N/A,N/A,N/A,N/A,N/A,N/A,N/A,N/A,N/A,N/A,0,0,0,0.0,0,0,0
1790318348,2,,Aggregated,0.000000,0.000000,N/A,N/A,N/A,N/A,N/A,N/A,N/A,N/A,N/A,N/A,N/A,0,0,0,0.0,0,0,0
1790318349,2,,Aggregated,0.000000,0.000000,N/A,N/A,N/A,N/A,N/A,N/A,N/A,N/A,N/A,N/A,N/A,0,0,0,0.0,0,0,0
1790318350,2,,Aggregated,0.000000,0.000000,N/A,N/A,N/A,N/A,N/A,N/A,N/A,N/A,N/A,N/A,N/A,0,0,0,0.0,0,0,0
1790318351,2,,Aggregated,0.000000,0.000000,N/A,N/A,N/A,N/A,N/A,N/A,N/A,N/A,N/A,N/A,N/A,0,0,0,0.0,0,0,0
1790318352,2,,Aggregated,0.000000,0.000000,N/A,N/A,N/A,N/A,N/A,N/A,N/A,N/A,N/A,N/A,N/A,0,0,0,0.0,0,0,0
1790318353,2,,Aggregated,0.000000,0.000000,N/A,N/A,N/A,N/A,N/A,N/A,N/A,N/A,N/A,N/A,N/A,0,0,0,0.0,0,0,0
1790318354,2,,Aggregated,0.000000,0.000000,N/A,N/A,N/A,N/A,N/A,N/A,N/A,N/A,N/A,N/A,N/A,0,0,0,0.0,0,0,0
1790318355,2,,Aggregated,0.000000,0.000000,N/A,N/A,N/A,N/A,N/A,N/A,N/A,N/A,N/A,N/A,N/A,0,0,0,0.0,0,0,0
1790318356,2,,Aggregated,0.000000,0.000000,N/A,N/A,N/A,N/A,N/A,N/A,N/A,N/A,N/A,N/A,N/A,0,0,0,0.0,0,0,0
1790318357,2,,Aggregated,0.000000,0.000000,N/A,N/A,N/A,N/A,N/A,N/A,N/A,N/A,N/A,N/A,N/A,0,0,0,0.0,0,0,0
1790318358,2,,Aggregated,0.000000,0.000000,N/A,N/A,N/A,N/A,N/A,N/A,N/A,N/A,N/A,N/A,N/A,0,0,0,0.0,0,0,0
1790318359,2,,Aggregated,0.000000,0.000000,N/A,N/A,N/A,N/A,N/A,N/A,N/A,N/A,N/A,N/A,N/A,0,0,0,0.0,0,0,0
1790318360,2,POST,completion,0.000000,0.000000,0,0,0,0,0,0,0,0,0,0,0,1,0,42603.43541693874,42603.43541693874,42603.43541693874,42603.43541693874,128.0
1790318360,2,TPOT,completion,0.000000,0.000000,0,0,0,0,0,0,0,0,0,0,0,1,0,294.4715441805934,294.4715441805934,294.4715441805934,294.4715441805934,0.0
1790318360,2,TTFT,completion,0.000000,0.000000,0,0,0,0,0,0,0,0,0,0,0,1,0,5204.8424910753965,5204.8424910753965,5204.8424910753965,5204.8424910753965,0.0
1790318360,2,,Aggregated,0.000000,0.000000,0,0,0,0,0,0,0,0,0,0,0,3,0,5200,16034.249817398244,294.4715441805934,42603.43541693874,42.666666666666664
1790318361,2,POST,completion,0.000000,0.000000,43000,43000,43000,43000,43000,43000,43000,43000,43000,43000,43000,1,0,42603.43541693874,42603.43541693874,42603.43541693874,42603.43541693874,128.0
1790318361,2,TPOT,completion,0.000000,0.000000,290,290,290,290,290,290,290,290,290,290,290,1,0,294.4715441805934,294.4715441805934,294.4715441805934,294.4715441805934,0.0
1790318361,2,TTFT,completion,0.000000,0.000000,5200,5200,5200,5200,5200,5200,5200,5200,5200,5200,5200,1,0,5204.8424910753965,5204.8424910753965,5204.8424910753965,5204.8424910753965,0.0
1790318361,2,,Aggregated,0.000000,0.000000,0,0,0,0,0,0,0,0,0,0,0,3,0,5200,16034.249817398244,294.4715441805934,42603.43541693874,42.666666666666664
1790318362,2,POST,completion,0.000000,0.000000,43000,43000,43000,43000,43000,43000,43000,43000,43000,43000,43000,1,0,42603.43541693874,42603.43541693874,42603.43541693874,42603.43541693874,128.0
1790318362,2,TPOT,completion,0.000000,0.000000,290,290,290,290,290,290,290,290,290,290,290,1,0,294.4715441805934,294.4715441805934,294.4715441805934,294.4715441805934,0.0
1790318362,2,TTFT,completion,0.000000,0.000000,5200,5200,5200,5200,5200,5200,5200,5200,5200,5200,5200,1,0,5204.8424910753965,5204.8424910753965,5204.8424910753965,5204.8424910753965,0.0
1790318362,2,,Aggregated,0.000000,0.000000,0,0,0,0,0,0,0,0,0,0,0,3,0,5200,16034.249817398244,294.4715441805934,42603.43541693874,42.666666666666664
1790318363,2,POST,completion,0.100000,0.000000,43000,43000,43000,43000,43000,43000,43000,43000,43000,43000,43000,2,0,42603.43541693874,42557.30565695558,42511.17589697242,42603.43541693874,128.0
1790318363,2,TPOT,completion,0.100000,0.000000,290,290,290,290,290,290,290,290,290,290,290,2,0,293.65384506289007,294.06269462174174,293.65384506289007,294.4715441805934,0.0
1790318363,2,TTFT,completion,0.100000,0.000000,5200,5200,5200,5200,5200,5200,5200,5200,5200,5200,5200,2,0,5204.8424910753965,5210.711228544824,5204.8424910753965,5216.579966014251,0.0
1790318363,2,,Aggregated,0.300000,0.000000,5200,5200,43000,43000,43000,43000,43000,43000,43000,43000,43000,6,0,5200,16020.693193374047,293.65384506289007,42603.43541693874,42.666666666666664
1790318364,2,POST,completion,0.100000,0.000000,43000,43000,43000,43000,43000,43000,43000,43000,43000,43000,43000,2,0,42603.43541693874,42557.30565695558,42511.17589697242,42603.43541693874,128.0
1790318364,2,TPOT,completion,0.100000,0.000000,290,290,290,290,290,290,290,290,290,290,290,2,0,293.65384506289007,294.06269462174174,293.65384506289007,294.4715441805934,0.0
1790318364,2,TTFT,completion,0.100000,0.000000,5200,5200,5200,5200,5200,5200,5200,5200,5200,5200,5200,2,0,5204.8424910753965,5210.711228544824,5204.8424910753965,5216.579966014251,0.0
1790318364,2,,Aggregated,0.300000,0.000000,5200,5200,43000,43000,43000,43000,43000,43000,43000,43000,43000,6,0,5200,16020.693193374047,293.65384506289007,42603.43541693874,42.666666666666664
1790318365,2,POST,completion,0.100000,0.000000,43000,43000,43000,43000,43000,43000,43000,43000,43000,43000,43000,2,0,42603.43541693874,42557.30565695558,42511.17589697242,42603.43541693874,128.0
1790318365,2,TPOT,completion,0.100000,0.000000,290,290,290,290,290,290,290,290,290,290,290,2,0,293.65384506289007,294.06269462174174,293.65384506289007,294.4715441805934,0.0
1790318365,2,TTFT,completion,0.100000,0.000000,5200,5200,5200,5200,5200,5200,5200,5200,5200,5200,5200,2,0,5204.8424910753965,5210.711228544824,5204.8424910753965,5216.579966014251,0.0
1790318365,2,,Aggregated,0.300000,0.000000,5200,5200,43000,43000,43000,43000,43000,43000,43000,43000,43000,6,0,5200,16020.693193374047,293.65384506289007,42603.43541693874,42.666666666666664
1790318366,2,POST,completion,0.100000,0.000000,43000,43000,43000,43000,43000,43000,43000,43000,43000,43000,43000,2,0,42603.43541693874,42557.30565695558,42511.17589697242,42603.43541693874,128.0
1790318366,2,TPOT,completion,0.100000,0.000000,290,290,290,290,290,290,290,290,290,290,290,2,0,293.65384506289007,294.06269462174174,293.65384506289007,294.4715441805934,0.0
1790318366,2,TTFT,completion,0.100000,0.000000,5200,5200,5200,5200,5200,5200,5200,5200,5200,5200,5200,2,0,5204.8424910753965,5210.711228544824,5204.8424910753965,5216.579966014251,0.0
1790318366,2,,Aggregated,0.300000,0.000000,5200,5200,43000,43000,43000,43000,43000,43000,43000,43000,43000,6,0,5200,16020.693193374047,293.65384506289007,42603.43541693874,42.666666666666664
1790318367,2,POST,completion,0.100000,0.000000,43000,43000,43000,43000,43000,43000,43000,43000,43000,43000,43000,2,0,42603.43541693874,42557.30565695558,42511.17589697242,42603.43541693874,128.0
1790318367,2,TPOT,completion,0.100000,0.000000,290,290,290,290,290,290,290,290,290,290,290,2,0,293.65384506289007,294.06269462174174,293.65384506289007,294.4715441805934,0.0
1790318367,2,TTFT,completion,0.100000,0.000000,5200,5200,5200,5200,5200,5200,5200,5200,5200,5200,5200,2,0,5204.8424910753965,5210.711228544824,5204.8424910753965,5216.579966014251,0.0
1790318367,2,,Aggregated,0.300000,0.000000,5200,5200,43000,43000,43000,43000,43000,43000,43000,43000,43000,6,0,5200,16020.693193374047,293.65384506289007,42603.43541693874,42.666666666666664
1790318368,2,POST,completion,0.100000,0.000000,43000,43000,43000,43000,43000,43000,43000,43000,43000,43000,43000,2,0,42603.43541693874,42557.30565695558,42511.17589697242,42603.43541693874,128.0
1790318368,2,TPOT,completion,0.100000,0.000000,290,290,290,290,290,290,290,290,290,290,290,2,0,293.65384506289007,294.06269462174174,293.65384506289007,294.4715441805934,0.0
1790318368,2,TTFT,completion,0.100000,0.000000,5200,5200,5200,5200,5200,5200,5200,5200,5200,5200,5200,2,0,5204.8424910753965,5210.711228544824,5204.8424910753965,5216.579966014251,0.0
1790318368,2,,Aggregated,0.300000,0.000000,5200,5200,43000,43000,43000,43000,43000,43000,43000,43000,43000,6,0,5200,16020.693193374047,293.65384506289007,42603.43541693874,42.666666666666664
1790318369,2,POST,completion,0.100000,0.000000,43000,43000,43000,43000,43000,43000,43000,43000,43000,43000,43000,2,0,42603.43541693874,42557.30565695558,42511.17589697242,42603.43541693874,128.0
1790318369,2,TPOT,completion,0.100000,0.000000,290,290,290,290,290,290,290,290,290,290,290,2,0,293.65384506289007,294.06269462174174,293.65384506289007,294.4715441805934,0.0
1790318369,2,TTFT,completion,0.100000,0.000000,5200,5200,5200,5200,5200,5200,5200,5200,5200,5200,5200,2,0,5204.8424910753965,5210.711228544824,5204.8424910753965,5216.579966014251,0.0
1790318369,2,,Aggregated,0.300000,0.000000,5200,5200,43000,43000,43000,43000,43000,43000,43000,43000,43000,6,0,5200,16020.693193374047,293.65384506289007,42603.43541693874,42.666666666666664
1790318370,2,POST,completion,0.100000,0.000000,43000,43000,43000,43000,43000,43000,43000,43000,43000,43000,43000,2,0,42603.43541693874,42557.30565695558,42511.17589697242,42603.43541693874,128.0
1790318370,2,TPOT,completion,0.100000,0.000000,290,290,290,290,290,290,290,290,290,290,290,2,0,293.65384506289007,294.06269462174174,293.65384506289007,294.4715441805934,0.0
1790318370,2,TTFT,completion,0.100000,0.000000,5200,5200,5200,5200,5200,5200,5200,5200,5200,5200,5200,2,0,5204.8424910753965,5210.711228544824,5204.8424910753965,5216.579966014251,0.0
1790318370,2,,Aggregated,0.300000,0.000000,5200,5200,43000,43000,43000,43000,43000,43000,43000,43000,43000,6,0,5200,16020.693193374047,293.65384506289007,42603.43541693874,42.666666666666664
1790318371,2,POST,completion,0.100000,0.000000,43000,43000,43000,43000,43000,43000,43000,43000,43000,43000,43000,2,0,42603.43541693874,42557.30565695558,42511.17589697242,42603.43541693874,128.0
1790318371,2,TPOT,completion,0.100000,0.000000,290,290,290,290,290,290,290,290,290,290,290,2,0,293.65384506289007,294.06269462174174,293.65384506289007,294.4715441805934,0.0
1790318371,2,TTFT,completion,0.100000,0.000000,5200,5200,5200,5200,5200,5200,5200,5200,5200,5200,5200,2,0,5204.8424910753965,5210.711228544824,5204.8424910753965,5216.579966014251,0.0
1790318371,2,,Aggregated,0.300000,0.000000,5200,5200,43000,43000,43000,43000,43000,43000,43000,43000,43000,6,0,5200,16020.693193374047,293.65384506289007,42603.43541693874,42.666666666666664
1790318372,2,POST,completion,0.100000,0.000000,43000,43000,43000,43000,43000,43000,43000,43000,43000,43000,43000,2,0,42603.43541693874,42557.30565695558,42511.17589697242,42603.43541693874,128.0
1790318372,2,TPOT,completion,0.100000,0.000000,290,290,290,290,290,290,290,290,290,290,290,2,0,293.65384506289007,294.06269462174174,293.65384506289007,294.4715441805934,0.0
1790318372,2,TTFT,completion,0.100000,0.000000,5200,5200,5200,5200,5200,5200,5200,5200,5200,5200,5200,2,0,5204.8424910753965,5210.711228544824,5204.8424910753965,5216.579966014251,0.0
1790318372,2,,Aggregated,0.300000,0.000000,5200,5200,43000,43000,43000,43000,43000,43000,43000,43000,43000,6,0,5200,16020.693193374047,293.65384506289007,42603.43541693874,42.666666666666664
1790318373,2,POST,completion,0.100000,0.000000,43000,43000,43000,43000,43000,43000,43000,43000,43000,43000,43000,2,0,42603.43541693874,42557.30565695558,42511.17589697242,42603.43541693874,128.0
1790318373,2,TPOT,completion,0.100000,0.000000,290,290,290,290,290,290,290,290,290,290,290,2,0,293.65384506289007,294.06269462174174,293.65384506289007,294.4715441805934,0.0
1790318373,2,TTFT,completion,0.100000,0.000000,5200,5200,5200,5200,5200,5200,5200,5200,5200,5200,5200,2,0,5204.8424910753965,5210.711228544824,5204.8424910753965,5216.579966014251,0.0
1790318373,2,,Aggregated,0.300000,0.000000,5200,5200,43000,43000,43000,43000,43000,43000,43000,43000,43000,6,0,5200,16020.693193374047,293.65384506289007,42603.43541693874,42.666666666666664
1790318374,2,POST,completion,0.100000,0.000000,43000,43000,43000,43000,43000,43000,43000,43000,43000,43000,43000,2,0,42603.43541693874,42557.30565695558,42511.17589697242,42603.43541693874,128.0
1790318374,2,TPOT,completion,0.100000,0.000000,290,290,290,290,290,290,290,290,290,290,290,2,0,293.65384506289007,294.06269462174174,293.65384506289007,294.4715441805934,0.0
1790318374,2,TTFT,completion,0.100000,0.000000,5200,5200,5200,5200,5200,5200,5200,5200,5200,5200,5200,2,0,5204.8424910753965,5210.711228544824,5204.8424910753965,5216.579966014251,0.0
1790318374,2,,Aggregated,0.300000,0.000000,5200,5200,43000,43000,43000,43000,43000,43000,43000,43000,43000,6,0,5200,16020.693193374047,293.65384506289007,42603.43541693874,42.666666666666664
1790318375,2,POST,completion,0.100000,0.000000,43000,43000,43000,43000,43000,43000,43000,43000,43000,43000,43000,2,0,42603.43541693874,42557.30565695558,42511.17589697242,42603.43541693874,128.0
1790318375,2,TPOT,completion,0.100000,0.000000,290,290,290,290,290,290,290,290,290,290,290,2,0,293.65384506289007,294.06269462174174,293.65384506289007,294.4715441805934,0.0
1790318375,2,TTFT,completion,0.100000,0.000000,5200,5200,5200,5200,5200,5200,5200,5200,5200,5200,5200,2,0,5204.8424910753965,5210.711228544824,5204.8424910753965,5216.579966014251,0.0
1790318375,2,,Aggregated,0.300000,0.000000,5200,5200,43000,43000,43000,43000,43000,43000,43000,43000,43000,6,0,5200,16020.693193374047,293.65384506289007,42603.43541693874,42.666666666666664
1790318376,2,POST,completion,0.100000,0.000000,43000,43000,43000,43000,43000,43000,43000,43000,43000,43000,43000,2,0,42603.43541693874,42557.30565695558,42511.17589697242,42603.43541693874,128.0
1790318376,2,TPOT,completion,0.100000,0.000000,290,290,290,290,290,290,290,290,290,290,290,2,0,293.65384506289007,294.06269462174174,293.65384506289007,294.4715441805934,0.0
1790318376,2,TTFT,completion,0.100000,0.000000,5200,5200,5200,5200,5200,5200,5200,5200,5200,5200,5200,2,0,5204.8424910753965,5210.711228544824,5204.8424910753965,5216.579966014251,0.0
1790318376,2,,Aggregated,0.300000,0.000000,5200,5200,43000,43000,43000,43000,43000,43000,43000,43000,43000,6,0,5200,16020.693193374047,293.65384506289007,42603.43541693874,42.666666666666664
1790318377,2,POST,completion,0.100000,0.000000,43000,43000,43000,43000,43000,43000,43000,43000,43000,43000,43000,2,0,42603.43541693874,42557.30565695558,42511.17589697242,42603.43541693874,128.0
1790318377,2,TPOT,completion,0.100000,0.000000,290,290,290,290,290,290,290,290,290,290,290,2,0,293.65384506289007,294.06269462174174,293.65384506289007,294.4715441805934,0.0
1790318377,2,TTFT,completion,0.100000,0.000000,5200,5200,5200,5200,5200,5200,5200,5200,5200,5200,5200,2,0,5204.8424910753965,5210.711228544824,5204.8424910753965,5216.579966014251,0.0
1790318377,2,,Aggregated,0.300000,0.000000,5200,5200,43000,43000,43000,43000,43000,43000,43000,43000,43000,6,0,5200,16020.693193374047,293.65384506289007,42603.43541693874,42.666666666666664
1790318378,2,POST,completion,0.100000,0.000000,43000,43000,43000,43000,43000,43000,43000,43000,43000,43000,43000,2,0,42603.43541693874,42557.30565695558,42511.17589697242,42603.43541693874,128.0
1790318378,2,TPOT,completion,0.100000,0.000000,290,290,290,290,290,290,290,290,290,290,290,2,0,293.65384506289007,294.06269462174174,293.65384506289007,294.4715441805934,0.0
1790318378,2,TTFT,completion,0.100000,0.000000,5200,5200,5200,5200,5200,5200,5200,5200,5200,5200,5200,2,0,5204.8424910753965,5210.711228544824,5204.8424910753965,5216.579966014251,0.0
1790318378,2,,Aggregated,0.300000,0.000000,5200,5200,43000,43000,43000,43000,43000,43000,43000,43000,43000,6,0,5200,16020.693193374047,293.65384506289007,42603.43541693874,42.666666666666664
1790318379,2,POST,completion,0.100000,0.000000,43000,43000,43000,43000,43000,43000,43000,43000,43000,43000,43000,2,0,42603.43541693874,42557.30565695558,42511.17589697242,42603.43541693874,128.0
1790318379,2,TPOT,completion,0.100000,0.000000,290,290,290,290,290,290,290,290,290,290,290,2,0,293.65384506289007,294.06269462174174,293.65384506289007,294.4715441805934,0.0
1790318379,2,TTFT,completion,0.100000,0.000000,5200,5200,5200,5200,5200,5200,5200,5200,5200,5200,5200,2,0,5204.8424910753965,5210.711228544824,5204.8424910753965,5216.579966014251,0.0
1790318379,2,,Aggregated,0.300000,0.000000,5200,5200,43000,43000,43000,43000,43000,43000,43000,43000,43000,6,0,5200,16020.693193374047,293.65384506289007,42603.43541693874,42.666666666666664
1790318380,2,POST,completion,0.100000,0.000000,0,0,0,0,0,0,0,0,0,0,0,2,0,42603.43541693874,42557.30565695558,42511.17589697242,42603.43541693874,128.0
1790318380,2,TPOT,completion,0.100000,0.000000,0,0,0,0,0,0,0,0,0,0,0,2,0,293.65384506289007,294.06269462174174,293.65384506289007,294.4715441805934,0.0
1790318380,2,TTFT,completion,0.100000,0.000000,0,0,0,0,0,0,0,0,0,0,0,2,0,5204.8424910753965,5210.711228544824,5204.8424910753965,5216.579966014251,0.0
1790318380,2,,Aggregated,0.300000,0.000000,0,0,0,0,0,0,0,0,0,0,0,6,0,5200,16020.693193374047,293.65384506289007,42603.43541693874,42.666666666666664
1790318381,2,POST,completion,0.100000,0.000000,0,0,0,0,0,0,0,0,0,0,0,2,0,42603.43541693874,42557.30565695558,42511.17589697242,42603.43541693874,128.0
1790318381,2,TPOT,completion,0.100000,0.000000,0,0,0,0,0,0,0,0,0,0,0,2,0,293.65384506289007,294.06269462174174,293.65384506289007,294.4715441805934,0.0
1790318381,2,TTFT,completion,0.100000,0.000000,0,0,0,0,0,0,0,0,0,0,0,2,0,5204.8424910753965,5210.711228544824,5204.8424910753965,5216.579966014251,0.0
1790318381,2,,Aggregated,0.300000,0.000000,0,0,0,0,0,0,0,0,0,0,0,6,0,5200,16020.693193374047,293.65384506289007,42603.43541693874,42.666666666666664
1790318382,2,POST,completion,0.100000,0.000000,0,0,0,0,0,0,0,0,0,0,0,2,0,42603.43541693874,42557.30565695558,42511.17589697242,42603.43541693874,128.0
1790318382,2,TPOT,completion,0.100000,0.000000,0,0,0,0,0,0,0,0,0,0,0,2,0,293.65384506289007,294.06269462174174,293.65384506289007,294.4715441805934,0.0
1790318382,2,TTFT,completion,0.100000,0.000000,0,0,0,0,0,0,0,0,0,0,0,2,0,5204.8424910753965,5210.711228544824,5204.8424910753965,5216.579966014251,0.0
1790318382,2,,Aggregated,0.300000,0.000000,0,0,0,0,0,0,0,0,0,0,0,6,0,5200,16020.693193374047,293.65384506289007,42603.43541693874,42.666666666666664
1790318383,2,POST,completion,0.100000,0.000000,0,0,0,0,0,0,0,0,0,0,0,2,0,42603.43541693874,42557.30565695558,42511.17589697242,42603.43541693874,128.0
1790318383,2,TPOT,completion,0.100000,0.000000,0,0,0,0,0,0,0,0,0,0,0,2,0,293.65384506289007,294.06269462174174,293.65384506289007,294.4715441805934,0.0
1790318383,2,TTFT,completion,0.100000,0.000000,0,0,0,0,0,0,0,0,0,0,0,2,0,5204.8424910753965,5210.711228544824,5204.8424910753965,5216.579966014251,0.0
1790318383,2,,Aggregated,0.300000,0.000000,0,0,0,0,0,0,0,0,0,0,0,6,0,5200,16020.693193374047,293.65384506289007,42603.43541693874,42.666666666666664
1790318384,2,POST,completion,0.100000,0.000000,0,0,0,0,0,0,0,0,0,0,0,2,0,42603.43541693874,42557.30565695558,42511.17589697242,42603.43541693874,128.0
1790318384,2,TPOT,completion,0.100000,0.000000,0,0,0,0,0,0,0,0,0,0,0,2,0,293.65384506289007,294.06269462174174,293.65384506289007,294.4715441805934,0.0
1790318384,2,TTFT,completion,0.100000,0.000000,0,0,0,0,0,0,0,0,0,0,0,2,0,5204.8424910753965,5210.711228544824,5204.8424910753965,5216.579966014251,0.0
1790318384,2,,Aggregated,0.300000,0.000000,0,0,0,0,0,0,0,0,0,0,0,6,0,5200,16020.693193374047,293.65384506289007,42603.43541693874,42.666666666666664
1790318385,2,POST,completion,0.100000,0.000000,0,0,0,0,0,0,0,0,0,0,0,2,0,42603.43541693874,42557.30565695558,42511.17589697242,42603.43541693874,128.0
1790318385,2,TPOT,completion,0.100000,0.000000,0,0,0,0,0,0,0,0,0,0,0,2,0,293.65384506289007,294.06269462174174,293.65384506289007,294.4715441805934,0.0
1790318385,2,TTFT,completion,0.100000,0.000000,0,0,0,0,0,0,0,0,0,0,0,2,0,5204.8424910753965,5210.711228544824,5204.8424910753965,5216.579966014251,0.0
1790318385,2,,Aggregated,0.300000,0.000000,0,0,0,0,0,0,0,0,0,0,0,6,0,5200,16020.693193374047,293.65384506289007,42603.43541693874,42.666666666666664
1790318386,2,POST,completion,0.100000,0.000000,0,0,0,0,0,0,0,0,0,0,0,2,0,42603.43541693874,42557.30565695558,42511.17589697242,42603.43541693874,128.0
1790318386,2,TPOT,completion,0.100000,0.000000,0,0,0,0,0,0,0,0,0,0,0,2,0,293.65384506289007,294.06269462174174,293.65384506289007,294.4715441805934,0.0
1790318386,2,TTFT,completion,0.100000,0.000000,0,0,0,0,0,0,0,0,0,0,0,2,0,5204.8424910753965,5210.711228544824,5204.8424910753965,5216.579966014251,0.0
1790318386,2,,Aggregated,0.300000,0.000000,0,0,0,0,0,0,0,0,0,0,0,6,0,5200,16020.693193374047,293.65384506289007,42603.43541693874,42.666666666666664
1790318387,2,POST,completion,0.100000,0.000000,0,0,0,0,0,0,0,0,0,0,0,2,0,42603.43541693874,42557.30565695558,42511.17589697242,42603.43541693874,128.0
1790318387,2,TPOT,completion,0.100000,0.000000,0,0,0,0,0,0,0,0,0,0,0,2,0,293.65384506289007,294.06269462174174,293.65384506289007,294.4715441805934,0.0
1790318387,2,TTFT,completion,0.100000,0.000000,0,0,0,0,0,0,0,0,0,0,0,2,0,5204.8424910753965,5210.711228544824,5204.8424910753965,5216.579966014251,0.0
1790318387,2,,Aggregated,0.300000,0.000000,0,0,0,0,0,0,0,0,0,0,0,6,0,5200,16020.693193374047,293.65384506289007,42603.43541693874,42.666666666666664
1790318388,2,POST,completion,0.100000,0.000000,0,0,0,0,0,0,0,0,0,0,0,2,0,42603.43541693874,42557.30565695558,42511.17589697242,42603.43541693874,128.0
1790318388,2,TPOT,completion,0.100000,0.000000,0,0,0,0,0,0,0,0,0,0,0,2,0,293.65384506289007,294.06269462174174,293.65384506289007,294.4715441805934,0.0
1790318388,2,TTFT,completion,0.100000,0.000000,0,0,0,0,0,0,0,0,0,0,0,2,0,5204.8424910753965,5210.711228544824,5204.8424910753965,5216.579966014251,0.0
1790318388,2,,Aggregated,0.300000,0.000000,0,0,0,0,0,0,0,0,0,0,0,6,0,5200,16020.693193374047,293.65384506289007,42603.43541693874,42.666666666666664
1790318389,2,POST,completion,0.100000,0.000000,0,0,0,0,0,0,0,0,0,0,0,2,0,42603.43541693874,42557.30565695558,42511.17589697242,42603.43541693874,128.0
1790318389,2,TPOT,completion,0.100000,0.000000,0,0,0,0,0,0,0,0,0,0,0,2,0,293.65384506289007,294.06269462174174,293.65384506289007,294.4715441805934,0.0
1790318389,2,TTFT,completion,0.100000,0.000000,0,0,0,0,0,0,0,0,0,0,0,2,0,5204.8424910753965,5210.711228544824,5204.8424910753965,5216.579966014251,0.0
1790318389,2,,Aggregated,0.300000,0.000000,0,0,0,0,0,0,0,0,0,0,0,6,0,5200,16020.693193374047,293.65384506289007,42603.43541693874,42.666666666666664
1790318390,2,POST,completion,0.100000,0.000000,0,0,0,0,0,0,0,0,0,0,0,2,0,42603.43541693874,42557.30565695558,42511.17589697242,42603.43541693874,128.0
1790318390,2,TPOT,completion,0.100000,0.000000,0,0,0,0,0,0,0,0,0,0,0,2,0,293.65384506289007,294.06269462174174,293.65384506289007,294.4715441805934,0.0
1790318390,2,TTFT,completion,0.100000,0.000000,0,0,0,0,0,0,0,0,0,0,0,2,0,5204.8424910753965,5210.711228544824,5204.8424910753965,5216.579966014251,0.0
1790318390,2,,Aggregated,0.300000,0.000000,0,0,0,0,0,0,0,0,0,0,0,6,0,5200,16020.693193374047,293.65384506289007,42603.43541693874,42.666666666666664
1790318391,2,POST,completion,0.100000,0.000000,0,0,0,0,0,0,0,0,0,0,0,2,0,42603.43541693874,42557.30565695558,42511.17589697242,42603.43541693874,128.0
1790318391,2,TPOT,completion,0.100000,0.000000,0,0,0,0,0,0,0,0,0,0,0,2,0,293.65384506289007,294.06269462174174,293.65384506289007,294.4715441805934,0.0
1790318391,2,TTFT,completion,0.100000,0.000000,0,0,0,0,0,0,0,0,0,0,0,2,0,5204.8424910753965,5210.711228544824,5204.8424910753965,5216.579966014251,0.0
1790318391,2,,Aggregated,0.300000,0.000000,0,0,0,0,0,0,0,0,0,0,0,6,0,5200,16020.693193374047,293.65384506289007,42603.43541693874,42.666666666666664
1790318392,2,POST,completion,0.100000,0.000000,0,0,0,0,0,0,0,0,0,0,0,2,0,42603.43541693874,42557.30565695558,42511.17589697242,42603.43541693874,128.0
1790318392,2,TPOT,completion,0.100000,0.000000,0,0,0,0,0,0,0,0,0,0,0,2,0,293.65384506289007,294.06269462174174,293.65384506289007,294.4715441805934,0.0
1790318392,2,TTFT,completion,0.100000,0.000000,0,0,0,0,0,0,0,0,0,0,0,2,0,5204.8424910753965,5210.711228544824,5204.8424910753965,5216.579966014251,0.0
1790318392,2,,Aggregated,0.300000,0.000000,0,0,0,0,0,0,0,0,0,0,0,6,0,5200,16020.693193374047,293.65384506289007,42603.43541693874,42.666666666666664
1790318393,2,POST,completion,0.100000,0.000000,0,0,0,0,0,0,0,0,0,0,0,2,0,42603.43541693874,42557.30565695558,42511.17589697242,42603.43541693874,128.0
1790318393,2,TPOT,completion,0.100000,0.000000,0,0,0,0,0,0,0,0,0,0,0,2,0,293.65384506289007,294.06269462174174,293.65384506289007,294.4715441805934,0.0
1790318393,2,TTFT,completion,0.100000,0.000000,0,0,0,0,0,0,0,0,0,0,0,2,0,5204.8424910753965,5210.711228544824,5204.8424910753965,5216.579966014251,0.0
1790318393,2,,Aggregated,0.300000,0.000000,0,0,0,0,0,0,0,0,0,0,0,6,0,5200,16020.693193374047,293.65384506289007,42603.43541693874,42.666666666666664
1790318394,2,POST,completion,0.100000,0.000000,0,0,0,0,0,0,0,0,0,0,0,2,0,42603.43541693874,42557.30565695558,42511.17589697242,42603.43541693874,128.0
1790318394,2,TPOT,completion,0.100000,0.000000,0,0,0,0,0,0,0,0,0,0,0,2,0,293.65384506289007,294.06269462174174,293.65384506289007,294.4715441805934,0.0
1790318394,2,TTFT,completion,0.100000,0.000000,0,0,0,0,0,0,0,0,0,0,0,2,0,5204.8424910753965,5210.711228544824,5204.8424910753965,5216.579966014251,0.0
1790318394,2,,Aggregated,0.300000,0.000000,0,0,0,0,0,0,0,0,0,0,0,6,0,5200,16020.693193374047,293.65384506289007,42603.43541693874,42.666666666666664
1790318395,2,POST,completion,0.100000,0.000000,0,0,0,0,0,0,0,0,0,0,0,2,0,42603.43541693874,42557.30565695558,42511.17589697242,42603.43541693874,128.0
1790318395,2,TPOT,completion,0.100000,0.000000,0,0,0,0,0,0,0,0,0,0,0,2,0,293.65384506289007,294.06269462174174,293.65384506289007,294.4715441805934,0.0
1790318395,2,TTFT,completion,0.100000,0.000000,0,0,0,0,0,0,0,0,0,0,0,2,0,5204.8424910753965,5210.711228544824,5204.8424910753965,5216.579966014251,0.0
1790318395,2,,Aggregated,0.300000,0.000000,0,0,0,0,0,0,0,0,0,0,0,6,0,5200,16020.693193374047,293.65384506289007,42603.43541693874,42.666666666666664
1790318396,2,POST,completion,0.100000,0.000000,0,0,0,0,0,0,0,0,0,0,0,2,0,42603.43541693874,42557.30565695558,42511.17589697242,42603.43541693874,128.0
1790318396,2,TPOT,completion,0.100000,0.000000,0,0,0,0,0,0,0,0,0,0,0,2,0,293.65384506289007,294.06269462174174,293.65384506289007,294.4715441805934,0.0
1790318396,2,TTFT,completion,0.100000,0.000000,0,0,0,0,0,0,0,0,0,0,0,2,0,5204.8424910753965,5210.711228544824,5204.8424910753965,5216.579966014251,0.0
1790318396,2,,Aggregated,0.300000,0.000000,0,0,0,0,0,0,0,0,0,0,0,6,0,5200,16020.693193374047,293.65384506289007,42603.43541693874,42.666666666666664
1790318397,2,POST,completion,0.100000,0.000000,0,0,0,0,0,0,0,0,0,0,0,2,0,42603.43541693874,42557.30565695558,42511.17589697242,42603.43541693874,128.0
1790318397,2,TPOT,completion,0.100000,0.000000,0,0,0,0,0,0,0,0,0,0,0,2,0,293.65384506289007,294.06269462174174,293.65384506289007,294.4715441805934,0.0
1790318397,2,TTFT,completion,0.100000,0.000000,0,0,0,0,0,0,0,0,0,0,0,2,0,5204.8424910753965,5210.711228544824,5204.8424910753965,5216.579966014251,0.0
1790318397,2,,Aggregated,0.300000,0.000000,0,0,0,0,0,0,0,0,0,0,0,6,0,5200,16020.693193374047,293.65384506289007,42603.43541693874,42.666666666666664
1790318398,2,POST,completion,0.100000,0.000000,0,0,0,0,0,0,0,0,0,0,0,2,0,42603.43541693874,42557.30565695558,42511.17589697242,42603.43541693874,128.0
1790318398,2,TPOT,completion,0.100000,0.000000,0,0,0,0,0,0,0,0,0,0,0,2,0,293.65384506289007,294.06269462174174,293.65384506289007,294.4715441805934,0.0
1790318398,2,TTFT,completion,0.100000,0.000000,0,0,0,0,0,0,0,0,0,0,0,2,0,5204.8424910753965,5210.711228544824,5204.8424910753965,5216.579966014251,0.0
1790318398,2,,Aggregated,0.300000,0.000000,0,0,0,0,0,0,0,0,0,0,0,6,0,5200,16020.693193374047,293.65384506289007,42603.43541693874,42.666666666666664
1790318399,2,POST,completion,0.100000,0.000000,0,0,0,0,0,0,0,0,0,0,0,2,0,42603.43541693874,42557.30565695558,42511.17589697242,42603.43541693874,128.0
1790318399,2,TPOT,completion,0.100000,0.000000,0,0,0,0,0,0,0,0,0,0,0,2,0,293.65384506289007,294.06269462174174,293.65384506289007,294.4715441805934,0.0
1790318399,2,TTFT,completion,0.100000,0.000000,0,0,0,0,0,0,0,0,0,0,0,2,0,5204.8424910753965,5210.711228544824,5204.8424910753965,5216.579966014251,0.0
1790318399,2,,Aggregated,0.300000,0.000000,0,0,0,0,0,0,0,0,0,0,0,6,0,5200,16020.693193374047,293.65384506289007,42603.43541693874,42.666666666666664
1790318400,2,POST,completion,0.100000,0.000000,0,0,0,0,0,0,0,0,0,0,0,2,0,42603.43541693874,42557.30565695558,42511.17589697242,42603.43541693874,128.0
1790318400,2,TPOT,completion,0.100000,0.000000,0,0,0,0,0,0,0,0,0,0,0,2,0,293.65384506289007,294.06269462174174,293.65384506289007,294.4715441805934,0.0
1790318400,2,TTFT,completion,0.100000,0.000000,0,0,0,0,0,0,0,0,0,0,0,2,0,5204.8424910753965,5210.711228544824,5204.8424910753965,5216.579966014251,0.0
1790318400,2,,Aggregated,0.300000,0.000000,0,0,0,0,0,0,0,0,0,0,0,6,0,5200,16020.693193374047,293.65384506289007,42603.43541693874,42.666666666666664
1790318401,2,POST,completion,0.000000,0.000000,0,0,0,0,0,0,0,0,0,0,0,3,0,42603.43541693874,42256.676809008546,41655.419113114476,42603.43541693874,128.0
1790318401,2,TPOT,completion,0.000000,0.000000,0,0,0,0,0,0,0,0,0,0,0,3,0,290,291.73726144642757,287.08639509579916,294.4715441805934,0.0
1790318401,2,TTFT,completion,0.000000,0.000000,0,0,0,0,0,0,0,0,0,0,0,3,0,5200,5205.4195403276635,5194.836163893342,5216.579966014251,0.0
1790318401,2,,Aggregated,0.000000,0.000000,0,0,0,0,0,0,0,0,0,0,0,9,0,5200,15917.944536927544,287.08639509579916,42603.43541693874,42.666666666666664
1790318402,2,POST,completion,0.000000,0.000000,42000,42000,42000,42000,42000,42000,42000,42000,42000,42000,42000,3,0,42603.43541693874,42256.676809008546,41655.419113114476,42603.43541693874,128.0
1790318402,2,TPOT,completion,0.000000,0.000000,290,290,290,290,290,290,290,290,290,290,290,3,0,290,291.73726144642757,287.08639509579916,294.4715441805934,0.0
1790318402,2,TTFT,completion,0.000000,0.000000,5200,5200,5200,5200,5200,5200,5200,5200,5200,5200,5200,3,0,5200,5205.4195403276635,5194.836163893342,5216.579966014251,0.0
1790318402,2,,Aggregated,0.000000,0.000000,5200,5200,42000,42000,42000,42000,42000,42000,42000,42000,42000,9,0,5200,15917.944536927544,287.08639509579916,42603.43541693874,42.666666666666664
1790318403,2,POST,completion,0.000000,0.000000,42000,42000,42000,42000,42000,42000,42000,42000,42000,42000,42000,3,0,42603.43541693874,42256.676809008546,41655.419113114476,42603.43541693874,128.0
1790318403,2,TPOT,completion,0.000000,0.000000,290,290,290,290,290,290,290,290,290,290,290,3,0,290,291.73726144642757,287.08639509579916,294.4715441805934,0.0
1790318403,2,TTFT,completion,0.000000,0.000000,5200,5200,5200,5200,5200,5200,5200,5200,5200,5200,5200,3,0,5200,5205.4195403276635,5194.836163893342,5216.579966014251,0.0
1790318403,2,,Aggregated,0.000000,0.000000,5200,5200,42000,42000,42000,42000,42000,42000,42000,42000,42000,9,0,5200,15917.944536927544,287.08639509579916,42603.43541693874,42.666666666666664
1790318404,2,POST,completion,0.000000,0.000000,42000,42000,42000,42000,42000,42000,42000,42000,42000,42000,42000,3,0,42603.43541693874,42256.676809008546,41655.419113114476,42603.43541693874,128.0
1790318404,2,TPOT,completion,0.000000,0.000000,290,290,290,290,290,290,290,290,290,290,290,3,0,290,291.73726144642757,287.08639509579916,294.4715441805934,0.0
1790318404,2,TTFT,completion,0.000000,0.000000,5200,5200,5200,5200,5200,5200,5200,5200,5200,5200,5200,3,0,5200,5205.4195403276635,5194.836163893342,5216.579966014251,0.0
1790318404,2,,Aggregated,0.000000,0.000000,5200,5200,42000,42000,42000,42000,42000,42000,42000,42000,42000,9,0,5200,15917.944536927544,287.08639509579916,42603.43541693874,42.666666666666664
1790318405,2,POST,completion,0.100000,0.000000,42000,42000,42000,42000,42000,42000,42000,42000,42000,42000,42000,4,0,42603.43541693874,42104.857328988146,41649.39888892695,42603.43541693874,128.0
1790318405,2,TPOT,completion,0.100000,0.000000,290,290,290,290,290,290,290,290,290,290,290,4,0,290,290.4726460078313,286.6787996920427,294.4715441805934,0.0
1790318405,2,TTFT,completion,0.100000,0.000000,5200,5200,5200,5200,5200,5200,5200,5200,5200,5200,5200,4,0,5200,5214.212903752923,5194.836163893342,5240.592994028702,0.0
1790318405,2,,Aggregated,0.300000,0.000000,5200,5200,42000,42000,42000,42000,42000,42000,42000,42000,42000,12,0,5200,15869.847626249633,286.6787996920427,42603.43541693874,42.666666666666664
1790318406,2,POST,completion,0.100000,0.000000,42000,42000,42000,42000,42000,42000,42000,42000,42000,42000,42000,4,0,42603.43541693874,42104.857328988146,41649.39888892695,42603.43541693874,128.0
1790318406,2,TPOT,completion,0.100000,0.000000,290,290,290,290,290,290,290,290,290,290,290,4,0,290,290.4726460078313,286.6787996920427,294.4715441805934,0.0
1790318406,2,TTFT,completion,0.100000,0.000000,5200,5200,5200,5200,5200,5200,5200,5200,5200,5200,5200,4,0,5200,5214.212903752923,5194.836163893342,5240.592994028702,0.0
1790318406,2,,Aggregated,0.300000,0.000000,5200,5200,42000,42000,42000,42000,42000,42000,42000,42000,42000,12,0,5200,15869.847626249633,286.6787996920427,42603.43541693874,42.666666666666664
1790318407,2,POST,completion,0.100000,0.000000,42000,42000,42000,42000,42000,42000,42000,42000,42000,42000,42000,4,0,42603.43541693874,42104.857328988146,41649.39888892695,42603.43541693874,128.0
1790318407,2,TPOT,completion,0.100000,0.000000,290,290,290,290,290,290,290,290,290,290,290,4,0,290,290.4726460078313,286.6787996920427,294.4715441805934,0.0
1790318407,2,TTFT,completion,0.100000,0.000000,5200,5200,5200,5200,5200,5200,5200,5200,5200,5200,5200,4,0,5200,5214.212903752923,5194.836163893342,5240.592994028702,0.0
1790318407,2,,Aggregated,0.300000,0.000000,5200,5200,42000,42000,42000,42000,42000,42000,42000,42000,42000,12,0,5200,15869.847626249633,286.6787996920427,42603.43541693874,42.666666666666664
1790318408,2,POST,completion,0.100000,0.000000,42000,42000,42000,42000,42000,42000,42000,42000,42000,42000,42000,4,0,42603.43541693874,42104.857328988146,41649.39888892695,42603.43541693874,128.0
1790318408,2,TPOT,completion,0.100000,0.000000,290,290,290,290,290,290,290,290,290,290,290,4,0,290,290.4726460078313,286.6787996920427,294.4715441805934,0.0
1790318408,2,TTFT,completion,0.100000,0.000000,5200,5200,5200,5200,5200,5200,5200,5200,5200,5200,5200,4,0,5200,5214.212903752923,5194.836163893342,5240.592994028702,0.0
1790318408,2,,Aggregated,0.300000,0.000000,5200,5200,42000,42000,42000,42000,42000,42000,42000,42000,42000,12,0,5200,15869.847626249633,286.6787996920427,42603.43541693874,42.666666666666664
1790318409,2,POST,completion,0.100000,0.000000,42000,42000,42000,42000,42000,42000,42000,42000,42000,42000,42000,4,0,42603.43541693874,42104.857328988146,41649.39888892695,42603.43541693874,128.0
1790318409,2,TPOT,completion,0.100000,0.000000,290,290,290,290,290,290,290,290,290,290,290,4,0,290,290.4726460078313,286.6787996920427,294.4715441805934,0.0
1790318409,2,TTFT,completion,0.100000,0.000000,5200,5200,5200,5200,5200,5200,5200,5200,5200,5200,5200,4,0,5200,5214.212903752923,5194.836163893342,5240.592994028702,0.0
1790318409,2,,Aggregated,0.300000,0.000000,5200,5200,42000,42000,42000,42000,42000,42000,42000,42000,42000,12,0,5200,15869.847626249633,286.6787996920427,42603.43541693874,42.666666666666664
1790318410,2,POST,completion,0.100000,0.000000,42000,42000,42000,42000,42000,42000,42000,42000,42000,42000,42000,4,0,42603.43541693874,42104.857328988146,41649.39888892695,42603.43541693874,128.0
1790318410,2,TPOT,completion,0.100000,0.000000,290,290,290,290,290,290,290,290,290,290,290,4,0,290,290.4726460078313,286.6787996920427,294.4715441805934,0.0
1790318410,2,TTFT,completion,0.100000,0.000000,5200,5200,5200,5200,5200,5200,5200,5200,5200,5200,5200,4,0,5200,5214.212903752923,5194.836163893342,5240.592994028702,0.0
1790318410,2,,Aggregated,0.300000,0.000000,5200,5200,42000,42000,42000,42000,42000,42000,42000,42000,42000,12,0,5200,15869.847626249633,286.6787996920427,42603.43541693874,42.666666666666664
1790318411,2,POST,completion,0.100000,0.000000,42000,42000,42000,42000,42000,42000,42000,42000,42000,42000,42000,4,0,42603.43541693874,42104.857328988146,41649.39888892695,42603.43541693874,128.0
1790318411,2,TPOT,completion,0.100000,0.000000,290,290,290,290,290,290,290,290,290,290,290,4,0,290,290.4726460078313,286.6787996920427,294.4715441805934,0.0
1790318411,2,TTFT,completion,0.100000,0.000000,5200,5200,5200,5200,5200,5200,5200,5200,5200,5200,5200,4,0,5200,5214.212903752923,5194.836163893342,5240.592994028702,0.0
1790318411,2,,Aggregated,0.300000,0.000000,5200,5200,42000,42000,42000,42000,42000,42000,42000,42000,42000,12,0,5200,15869.847626249633,286.6787996920427,42603.43541693874,42.666666666666664
1790318412,2,POST,completion,0.100000,0.000000,42000,42000,42000,42000,42000,42000,42000,42000,42000,42000,42000,4,0,42603.43541693874,42104.857328988146,41649.39888892695,42603.43541693874,128.0
1790318412,2,TPOT,completion,0.100000,0.000000,290,290,290,290,290,290,290,290,290,290,290,4,0,290,290.4726460078313,286.6787996920427,294.4715441805934,0.0
1790318412,2,TTFT,completion,0.100000,0.000000,5200,5200,5200,5200,5200,5200,5200,5200,5200,5200,5200,4,0,5200,5214.212903752923,5194.836163893342,5240.592994028702,0.0
1790318412,2,,Aggregated,0.300000,0.000000,5200,5200,42000,42000,42000,42000,42000,42000,42000,42000,42000,12,0,5200,15869.847626249633,286.6787996920427,42603.43541693874,42.666666666666664
1790318413,2,POST,completion,0.100000,0.000000,42000,42000,42000,42000,42000,42000,42000,42000,42000,42000,42000,4,0,42603.43541693874,42104.857328988146,41649.39888892695,42603.43541693874,128.0
1790318413,2,TPOT,completion,0.100000,0.000000,290,290,290,290,290,290,290,290,290,290,290,4,0,290,290.4726460078313,286.6787996920427,294.4715441805934,0.0
1790318413,2,TTFT,completion,0.100000,0.000000,5200,5200,5200,5200,5200,5200,5200,5200,5200,5200,5200,4,0,5200,5214.212903752923,5194.836163893342,5240.592994028702,0.0
1790318413,2,,Aggregated,0.300000,0.000000,5200,5200,42000,42000,42000,42000,42000,42000,42000,42000,42000,12,0,5200,15869.847626249633,286.6787996920427,42603.43541693874,42.666666666666664
1790318414,2,POST,completion,0.100000,0.000000,42000,42000,42000,42000,42000,42000,42000,42000,42000,42000,42000,4,0,42603.43541693874,42104.857328988146,41649.39888892695,42603.43541693874,128.0
1790318414,2,TPOT,completion,0.100000,0.000000,290,290,290,290,290,290,290,290,290,290,290,4,0,290,290.4726460078313,286.6787996920427,294.4715441805934,0.0
1790318414,2,TTFT,completion,0.100000,0.000000,5200,5200,5200,5200,5200,5200,5200,5200,5200,5200,5200,4,0,5200,5214.212903752923,5194.836163893342,5240.592994028702,0.0
1790318414,2,,Aggregated,0.300000,0.000000,5200,5200,42000,42000,42000,42000,42000,42000,42000,42000,42000,12,0,5200,15869.847626249633,286.6787996920427,42603.43541693874,42.666666666666664
1790318415,2,POST,completion,0.100000,0.000000,42000,42000,42000,42000,42000,42000,42000,42000,42000,42000,42000,4,0,42603.43541693874,42104.857328988146,41649.39888892695,42603.43541693874,128.0
1790318415,2,TPOT,completion,0.100000,0.000000,290,290,290,290,290,290,290,290,290,290,290,4,0,290,290.4726460078313,286.6787996920427,294.4715441805934,0.0
1790318415,2,TTFT,completion,0.100000,0.000000,5200,5200,5200,5200,5200,5200,5200,5200,5200,5200,5200,4,0,5200,5214.212903752923,5194.836163893342,5240.592994028702,0.0
1790318415,2,,Aggregated,0.300000,0.000000,5200,5200,42000,42000,42000,42000,42000,42000,42000,42000,42000,12,0,5200,15869.847626249633,286.6787996920427,42603.43541693874,42.666666666666664
1790318416,2,POST,completion,0.100000,0.000000,42000,42000,42000,42000,42000,42000,42000,42000,42000,42000,42000,4,0,42603.43541693874,42104.857328988146,41649.39888892695,42603.43541693874,128.0
1790318416,2,TPOT,completion,0.100000,0.000000,290,290,290,290,290,290,290,290,290,290,290,4,0,290,290.4726460078313,286.6787996920427,294.4715441805934,0.0
1790318416,2,TTFT,completion,0.100000,0.000000,5200,5200,5200,5200,5200,5200,5200,5200,5200,5200,5200,4,0,5200,5214.212903752923,5194.836163893342,5240.592994028702,0.0
1790318416,2,,Aggregated,0.300000,0.000000,5200,5200,42000,42000,42000,42000,42000,42000,42000,42000,42000,12,0,5200,15869.847626249633,286.6787996920427,42603.43541693874,42.666666666666664
1790318417,2,POST,completion,0.100000,0.000000,42000,42000,42000,42000,42000,42000,42000,42000,42000,42000,42000,4,0,42603.43541693874,42104.857328988146,41649.39888892695,42603.43541693874,128.0
1790318417,2,TPOT,completion,0.100000,0.000000,290,290,290,290,290,290,290,290,290,290,290,4,0,290,290.4726460078313,286.6787996920427,294.4715441805934,0.0
1790318417,2,TTFT,completion,0.100000,0.000000,5200,5200,5200,5200,5200,5200,5200,5200,5200,5200,5200,4,0,5200,5214.212903752923,5194.836163893342,5240.592994028702,0.0
1790318417,2,,Aggregated,0.300000,0.000000,5200,5200,42000,42000,42000,42000,42000,42000,42000,42000,42000,12,0,5200,15869.847626249633,286.6787996920427,42603.43541693874,42.666666666666664
1790318418,2,POST,completion,0.100000,0.000000,42000,42000,42000,42000,42000,42000,42000,42000,42000,42000,42000,4,0,42603.43541693874,42104.857328988146,41649.39888892695,42603.43541693874,128.0
1790318418,2,TPOT,completion,0.100000,0.000000,290,290,290,290,290,290,290,290,290,290,290,4,0,290,290.4726460078313,286.6787996920427,294.4715441805934,0.0
1790318418,2,TTFT,completion,0.100000,0.000000,5200,5200,5200,5200,5200,5200,5200,5200,5200,5200,5200,4,0,5200,5214.212903752923,5194.836163893342,5240.592994028702,0.0
1790318418,2,,Aggregated,0.300000,0.000000,5200,5200,42000,42000,42000,42000,42000,42000,42000,42000,42000,12,0,5200,15869.847626249633,286.6787996920427,42603.43541693874,42.666666666666664
1790318419,2,POST,completion,0.100000,0.000000,42000,42000,42000,42000,42000,42000,42000,42000,42000,42000,42000,4,0,42603.43541693874,42104.857328988146,41649.39888892695,42603.43541693874,128.0
1790318419,2,TPOT,completion,0.100000,0.000000,290,290,290,290,290,290,290,290,290,290,290,4,0,290,290.4726460078313,286.6787996920427,294.4715441805934,0.0
1790318419,2,TTFT,completion,0.100000,0.000000,5200,5200,5200,5200,5200,5200,5200,5200,5200,5200,5200,4,0,5200,5214.212903752923,5194.836163893342,5240.592994028702,0.0
1790318419,2,,Aggregated,0.300000,0.000000,5200,5200,42000,42000,42000,42000,42000,42000,42000,42000,42000,12,0,5200,15869.847626249633,286.6787996920427,42603.43541693874,42.666666666666664
1790318420,2,POST,completion,0.100000,0.000000,42000,42000,42000,42000,42000,42000,42000,42000,42000,42000,42000,4,0,42603.43541693874,42104.857328988146,41649.39888892695,42603.43541693874,128.0
1790318420,2,TPOT,completion,0.100000,0.000000,290,290,290,290,290,290,290,290,290,290,290,4,0,290,290.4726460078313,286.6787996920427,294.4715441805934,0.0
1790318420,2,TTFT,completion,0.100000,0.000000,5200,5200,5200,5200,5200,5200,5200,5200,5200,5200,5200,4,0,5200,5214.212903752923,5194.836163893342,5240.592994028702,0.0
1790318420,2,,Aggregated,0.300000,0.000000,5200,5200,42000,42000,42000,42000,42000,42000,42000,42000,42000,12,0,5200,15869.847626249633,286.6787996920427,42603.43541693874,42.666666666666664
1790318421,2,POST,completion,0.100000,0.000000,42000,42000,42000,42000,42000,42000,42000,42000,42000,42000,42000,4,0,42603.43541693874,42104.857328988146,41649.39888892695,42603.43541693874,128.0
1790318421,2,TPOT,completion,0.100000,0.000000,290,290,290,290,290,290,290,290,290,290,290,4,0,290,290.4726460078313,286.6787996920427,294.4715441805934,0.0
1790318421,2,TTFT,completion,0.100000,0.000000,5200,5200,5200,5200,5200,5200,5200,5200,5200,5200,5200,4,0,5200,5214.212903752923,5194.836163893342,5240.592994028702,0.0
1790318421,2,,Aggregated,0.300000,0.000000,5200,5200,42000,42000,42000,42000,42000,42000,42000,42000,42000,12,0,5200,15869.847626249633,286.6787996920427,42603.43541693874,42.666666666666664
1790318422,2,POST,completion,0.100000,0.000000,0,0,0,0,0,0,0,0,0,0,0,4,0,42603.43541693874,42104.857328988146,41649.39888892695,42603.43541693874,128.0
1790318422,2,TPOT,completion,0.100000,0.000000,0,0,0,0,0,0,0,0,0,0,0,4,0,290,290.4726460078313,286.6787996920427,294.4715441805934,0.0
1790318422,2,TTFT,completion,0.100000,0.000000,0,0,0,0,0,0,0,0,0,0,0,4,0,5200,5214.212903752923,5194.836163893342,5240.592994028702,0.0
1790318422,2,,Aggregated,0.300000,0.000000,0,0,0,0,0,0,0,0,0,0,0,12,0,5200,15869.847626249633,286.6787996920427,42603.43541693874,42.666666666666664
1790318423,2,POST,completion,0.100000,0.000000,0,0,0,0,0,0,0,0,0,0,0,4,0,42603.43541693874,42104.857328988146,41649.39888892695,42603.43541693874,128.0
1790318423,2,TPOT,completion,0.100000,0.000000,0,0,0,0,0,0,0,0,0,0,0,4,0,290,290.4726460078313,286.6787996920427,294.4715441805934,0.0
1790318423,2,TTFT,completion,0.100000,0.000000,0,0,0,0,0,0,0,0,0,0,0,4,0,5200,5214.212903752923,5194.836163893342,5240.592994028702,0.0
1790318423,2,,Aggregated,0.300000,0.000000,0,0,0,0,0,0,0,0,0,0,0,12,0,5200,15869.847626249633,286.6787996920427,42603.43541693874,42.666666666666664
1790318424,2,POST,completion,0.100000,0.000000,0,0,0,0,0,0,0,0,0,0,0,4,0,42603.43541693874,42104.857328988146,41649.39888892695,42603.43541693874,128.0
1790318424,2,TPOT,completion,0.100000,0.000000,0,0,0,0,0,0,0,0,0,0,0,4,0,290,290.4726460078313,286.6787996920427,294.4715441805934,0.0
1790318424,2,TTFT,completion,0.100000,0.000000,0,0,0,0,0,0,0,0,0,0,0,4,0,5200,5214.212903752923,5194.836163893342,5240.592994028702,0.0
1790318424,2,,Aggregated,0.300000,0.000000,0,0,0,0,0,0,0,0,0,0,0,12,0,5200,15869.847626249633,286.6787996920427,42603.43541693874,42.666666666666664
1790318425,2,POST,completion,0.100000,0.000000,0,0,0,0,0,0,0,0,0,0,0,4,0,42603.43541693874,42104.857328988146,41649.39888892695,42603.43541693874,128.0
1790318425,2,TPOT,completion,0.100000,0.000000,0,0,0,0,0,0,0,0,0,0,0,4,0,290,290.4726460078313,286.6787996920427,294.4715441805934,0.0
1790318425,2,TTFT,completion,0.100000,0.000000,0,0,0,0,0,0,0,0,0,0,0,4,0,5200,5214.212903752923,5194.836163893342,5240.592994028702,0.0
1790318425,2,,Aggregated,0.300000,0.000000,0,0,0,0,0,0,0,0,0,0,0,12,0,5200,15869.847626249633,286.6787996920427,42603.43541693874,42.666666666666664
1790318426,2,POST,completion,0.100000,0.000000,0,0,0,0,0,0,0,0,0,0,0,4,0,42603.43541693874,42104.857328988146,41649.39888892695,42603.43541693874,128.0
1790318426,2,TPOT,completion,0.100000,0.000000,0,0,0,0,0,0,0,0,0,0,0,4,0,290,290.4726460078313,286.6787996920427,294.4715441805934,0.0
1790318426,2,TTFT,completion,0.100000,0.000000,0,0,0,0,0,0,0,0,0,0,0,4,0,5200,5214.212903752923,5194.836163893342,5240.592994028702,0.0
1790318426,2,,Aggregated,0.300000,0.000000,0,0,0,0,0,0,0,0,0,0,0,12,0,5200,15869.847626249633,286.6787996920427,42603.43541693874,42.666666666666664
1790318427,2,POST,completion,0.100000,0.000000,0,0,0,0,0,0,0,0,0,0,0,4,0,42603.43541693874,42104.857328988146,41649.39888892695,42603.43541693874,128.0
1790318427,2,TPOT,completion,0.100000,0.000000,0,0,0,0,0,0,0,0,0,0,0,4,0,290,290.4726460078313,286.6787996920427,294.4715441805934,0.0
1790318427,2,TTFT,completion,0.100000,0.000000,0,0,0,0,0,0,0,0,0,0,0,4,0,5200,5214.212903752923,5194.836163893342,5240.592994028702,0.0
1790318427,2,,Aggregated,0.300000,0.000000,0,0,0,0,0,0,0,0,0,0,0,12,0,5200,15869.847626249633,286.6787996920427,42603.43541693874,42.666666666666664
1790318428,2,POST,completion,0.100000,0.000000,0,0,0,0,0,0,0,0,0,0,0,4,0,42603.43541693874,42104.857328988146,41649.39888892695,42603.43541693874,128.0
1790318428,2,TPOT,completion,0.100000,0.000000,0,0,0,0,0,0,0,0,0,0,0,4,0,290,290.4726460078313,286.6787996920427,294.4715441805934,0.0
1790318428,2,TTFT,completion,0.100000,0.000000,0,0,0,0,0,0,0,0,0,0,0,4,0,5200,5214.212903752923,5194.836163893342,5240.592994028702,0.0
1790318428,2,,Aggregated,0.300000,0.000000,0,0,0,0,0,0,0,0,0,0,0,12,0,5200,15869.847626249633,286.6787996920427,42603.43541693874,42.666666666666664
1790318429,2,POST,completion,0.100000,0.000000,0,0,0,0,0,0,0,0,0,0,0,4,0,42603.43541693874,42104.857328988146,41649.39888892695,42603.43541693874,128.0
1790318429,2,TPOT,completion,0.100000,0.000000,0,0,0,0,0,0,0,0,0,0,0,4,0,290,290.4726460078313,286.6787996920427,294.4715441805934,0.0
1790318429,2,TTFT,completion,0.100000,0.000000,0,0,0,0,0,0,0,0,0,0,0,4,0,5200,5214.212903752923,5194.836163893342,5240.592994028702,0.0
1790318429,2,,Aggregated,0.300000,0.000000,0,0,0,0,0,0,0,0,0,0,0,12,0,5200,15869.847626249633,286.6787996920427,42603.43541693874,42.666666666666664
1790318430,2,POST,completion,0.100000,0.000000,0,0,0,0,0,0,0,0,0,0,0,4,0,42603.43541693874,42104.857328988146,41649.39888892695,42603.43541693874,128.0
1790318430,2,TPOT,completion,0.100000,0.000000,0,0,0,0,0,0,0,0,0,0,0,4,0,290,290.4726460078313,286.6787996920427,294.4715441805934,0.0
1790318430,2,TTFT,completion,0.100000,0.000000,0,0,0,0,0,0,0,0,0,0,0,4,0,5200,5214.212903752923,5194.836163893342,5240.592994028702,0.0
1790318430,2,,Aggregated,0.300000,0.000000,0,0,0,0,0,0,0,0,0,0,0,12,0,5200,15869.847626249633,286.6787996920427,42603.43541693874,42.666666666666664
1790318431,2,POST,completion,0.100000,0.000000,0,0,0,0,0,0,0,0,0,0,0,4,0,42603.43541693874,42104.857328988146,41649.39888892695,42603.43541693874,128.0
1790318431,2,TPOT,completion,0.100000,0.000000,0,0,0,0,0,0,0,0,0,0,0,4,0,290,290.4726460078313,286.6787996920427,294.4715441805934,0.0
1790318431,2,TTFT,completion,0.100000,0.000000,0,0,0,0,0,0,0,0,0,0,0,4,0,5200,5214.212903752923,5194.836163893342,5240.592994028702,0.0
1790318431,2,,Aggregated,0.300000,0.000000,0,0,0,0,0,0,0,0,0,0,0,12,0,5200,15869.847626249633,286.6787996920427,42603.43541693874,42.666666666666664
1790318432,2,POST,completion,0.100000,0.000000,0,0,0,0,0,0,0,0,0,0,0,4,0,42603.43541693874,42104.857328988146,41649.39888892695,42603.43541693874,128.0
1790318432,2,TPOT,completion,0.100000,0.000000,0,0,0,0,0,0,0,0,0,0,0,4,0,290,290.4726460078313,286.6787996920427,294.4715441805934,0.0
1790318432,2,TTFT,completion,0.100000,0.000000,0,0,0,0,0,0,0,0,0,0,0,4,0,5200,5214.212903752923,5194.836163893342,5240.592994028702,0.0
1790318432,2,,Aggregated,0.300000,0.000000,0,0,0,0,0,0,0,0,0,0,0,12,0,5200,15869.847626249633,286.6787996920427,42603.43541693874,42.666666666666664
1790318433,2,POST,completion,0.100000,0.000000,0,0,0,0,0,0,0,0,0,0,0,4,0,42603.43541693874,42104.857328988146,41649.39888892695,42603.43541693874,128.0
1790318433,2,TPOT,completion,0.100000,0.000000,0,0,0,0,0,0,0,0,0,0,0,4,0,290,290.4726460078313,286.6787996920427,294.4715441805934,0.0
1790318433,2,TTFT,completion,0.100000,0.000000,0,0,0,0,0,0,0,0,0,0,0,4,0,5200,5214.212903752923,5194.836163893342,5240.592994028702,0.0
1790318433,2,,Aggregated,0.300000,0.000000,0,0,0,0,0,0,0,0,0,0,0,12,0,5200,15869.847626249633,286.6787996920427,42603.43541693874,42.666666666666664
1790318434,2,POST,completion,0.100000,0.000000,0,0,0,0,0,0,0,0,0,0,0,4,0,42603.43541693874,42104.857328988146,41649.39888892695,42603.43541693874,128.0
1790318434,2,TPOT,completion,0.100000,0.000000,0,0,0,0,0,0,0,0,0,0,0,4,0,290,290.4726460078313,286.6787996920427,294.4715441805934,0.0
1790318434,2,TTFT,completion,0.100000,0.000000,0,0,0,0,0,0,0,0,0,0,0,4,0,5200,5214.212903752923,5194.836163893342,5240.592994028702,0.0
1790318434,2,,Aggregated,0.300000,0.000000,0,0,0,0,0,0,0,0,0,0,0,12,0,5200,15869.847626249633,286.6787996920427,42603.43541693874,42.666666666666664
1790318435,2,POST,completion,0.100000,0.000000,0,0,0,0,0,0,0,0,0,0,0,4,0,42603.43541693874,42104.857328988146,41649.39888892695,42603.43541693874,128.0
1790318435,2,TPOT,completion,0.100000,0.000000,0,0,0,0,0,0,0,0,0,0,0,4,0,290,290.4726460078313,286.6787996920427,294.4715441805934,0.0
1790318435,2,TTFT,completion,0.100000,0.000000,0,0,0,0,0,0,0,0,0,0,0,4,0,5200,5214.212903752923,5194.836163893342,5240.592994028702,0.0
1790318435,2,,Aggregated,0.300000,0.000000,0,0,0,0,0,0,0,0,0,0,0,12,0,5200,15869.847626249633,286.6787996920427,42603.43541693874,42.666666666666664
1790318436,2,POST,completion,0.100000,0.000000,0,0,0,0,0,0,0,0,0,0,0,4,0,42603.43541693874,42104.857328988146,41649.39888892695,42603.43541693874,128.0
1790318436,2,TPOT,completion,0.100000,0.000000,0,0,0,0,0,0,0,0,0,0,0,4,0,290,290.4726460078313,286.6787996920427,294.4715441805934,0.0
1790318436,2,TTFT,completion,0.100000,0.000000,0,0,0,0,0,0,0,0,0,0,0,4,0,5200,5214.212903752923,5194.836163893342,5240.592994028702,0.0
1790318436,2,,Aggregated,0.300000,0.000000,0,0,0,0,0,0,0,0,0,0,0,12,0,5200,15869.847626249633,286.6787996920427,42603.43541693874,42.666666666666664
1790318437,2,POST,completion,0.100000,0.000000,0,0,0,0,0,0,0,0,0,0,0,4,0,42603.43541693874,42104.857328988146,41649.39888892695,42603.43541693874,128.0
1790318437,2,TPOT,completion,0.100000,0.000000,0,0,0,0,0,0,0,0,0,0,0,4,0,290,290.4726460078313,286.6787996920427,294.4715441805934,0.0
1790318437,2,TTFT,completion,0.100000,0.000000,0,0,0,0,0,0,0,0,0,0,0,4,0,5200,5214.212903752923,5194.836163893342,5240.592994028702,0.0
1790318437,2,,Aggregated,0.300000,0.000000,0,0,0,0,0,0,0,0,0,0,0,12,0,5200,15869.847626249633,286.6787996920427,42603.43541693874,42.666666666666664
1790318438,2,POST,completion,0.100000,0.000000,0,0,0,0,0,0,0,0,0,0,0,4,0,42603.43541693874,42104.857328988146,41649.39888892695,42603.43541693874,128.0
1790318438,2,TPOT,completion,0.100000,0.000000,0,0,0,0,0,0,0,0,0,0,0,4,0,290,290.4726460078313,286.6787996920427,294.4715441805934,0.0
1790318438,2,TTFT,completion,0.100000,0.000000,0,0,0,0,0,0,0,0,0,0,0,4,0,5200,5214.212903752923,5194.836163893342,5240.592994028702,0.0
1790318438,2,,Aggregated,0.300000,0.000000,0,0,0,0,0,0,0,0,0,0,0,12,0,5200,15869.847626249633,286.6787996920427,42603.43541693874,42.666666666666664
1790318439,2,POST,completion,0.100000,0.000000,0,0,0,0,0,0,0,0,0,0,0,4,0,42603.43541693874,42104.857328988146,41649.39888892695,42603.43541693874,128.0
1790318439,2,TPOT,completion,0.100000,0.000000,0,0,0,0,0,0,0,0,0,0,0,4,0,290,290.4726460078313,286.6787996920427,294.4715441805934,0.0
1790318439,2,TTFT,completion,0.100000,0.000000,0,0,0,0,0,0,0,0,0,0,0,4,0,5200,5214.212903752923,5194.836163893342,5240.592994028702,0.0
1790318439,2,,Aggregated,0.300000,0.000000,0,0,0,0,0,0,0,0,0,0,0,12,0,5200,15869.847626249633,286.6787996920427,42603.43541693874,42.666666666666664
1790318440,2,POST,completion,0.100000,0.000000,0,0,0,0,0,0,0,0,0,0,0,4,0,42603.43541693874,42104.857328988146,41649.39888892695,42603.43541693874,128.0
1790318440,2,TPOT,completion,0.100000,0.000000,0,0,0,0,0,0,0,0,0,0,0,4,0,290,290.4726460078313,286.6787996920427,294.4715441805934,0.0
1790318440,2,TTFT,completion,0.100000,0.000000,0,0,0,0,0,0,0,0,0,0,0,4,0,5200,5214.212903752923,5194.836163893342,5240.592994028702,0.0
1790318440,2,,Aggregated,0.300000,0.000000,0,0,0,0,0,0,0,0,0,0,0,12,0,5200,15869.847626249633,286.6787996920427,42603.43541693874,42.666666666666664
1790318441,2,POST,completion,0.100000,0.000000,0,0,0,0,0,0,0,0,0,0,0,4,0,42603.43541693874,42104.857328988146,41649.39888892695,42603.43541693874,128.0
1790318441,2,TPOT,completion,0.100000,0.000000,0,0,0,0,0,0,0,0,0,0,0,4,0,290,290.4726460078313,286.6787996920427,294.4715441805934,0.0
1790318441,2,TTFT,completion,0.100000,0.000000,0,0,0,0,0,0,0,0,0,0,0,4,0,5200,5214.212903752923,5194.836163893342,5240.592994028702,0.0
1790318441,2,,Aggregated,0.300000,0.000000,0,0,0,0,0,0,0,0,0,0,0,12,0,5200,15869.847626249633,286.6787996920427,42603.43541693874,42.666666666666664
1790318442,2,POST,completion,0.100000,0.000000,0,0,0,0,0,0,0,0,0,0,0,4,0,42603.43541693874,42104.857328988146,41649.39888892695,42603.43541693874,128.0
1790318442,2,TPOT,completion,0.100000,0.000000,0,0,0,0,0,0,0,0,0,0,0,4,0,290,290.4726460078313,286.6787996920427,294.4715441805934,0.0
1790318442,2,TTFT,completion,0.100000,0.000000,0,0,0,0,0,0,0,0,0,0,0,4,0,5200,5214.212903752923,5194.836163893342,5240.592994028702,0.0
1790318442,2,,Aggregated,0.300000,0.000000,0,0,0,0,0,0,0,0,0,0,0,12,0,5200,15869.847626249633,286.6787996920427,42603.43541693874,42.666666666666664
1790318443,2,POST,completion,0.000000,0.000000,0,0,0,0,0,0,0,0,0,0,0,5,0,42000,42173.95425280556,41649.39888892695,42603.43541693874,128.0
1790318443,2,TPOT,completion,0.000000,0.000000,0,0,0,0,0,0,0,0,0,0,0,5,0,290,291.0631572017373,286.6787996920427,294.4715441805934,0.0
1790318443,2,TTFT,completion,0.000000,0.000000,0,0,0,0,0,0,0,0,0,0,0,5,0,5200,5208.3105938043445,5184.701354010031,5240.592994028702,0.0
1790318443,2,,Aggregated,0.000000,0.000000,0,0,0,0,0,0,0,0,0,0,0,15,0,5200,15891.109334603882,286.6787996920427,42603.43541693874,42.666666666666664
1790318444,2,POST,completion,0.000000,0.000000,42000,42000,42000,42000,42000,42000,42000,42000,42000,42000,42000,5,0,42000,42173.95425280556,41649.39888892695,42603.43541693874,128.0
1790318444,2,TPOT,completion,0.000000,0.000000,290,290,290,290,290,290,290,290,290,290,290,5,0,290,291.0631572017373,286.6787996920427,294.4715441805934,0.0
1790318444,2,TTFT,completion,0.000000,0.000000,5200,5200,5200,5200,5200,5200,5200,5200,5200,5200,5200,5,0,5200,5208.3105938043445,5184.701354010031,5240.592994028702,0.0
1790318444,2,,Aggregated,0.000000,0.000000,5200,5200,42000,42000,42000,42000,42000,42000,42000,42000,42000,15,0,5200,15891.109334603882,286.6787996920427,42603.43541693874,42.666666666666664
1790318445,2,POST,completion,0.000000,0.000000,42000,42000,42000,42000,42000,42000,42000,42000,42000,42000,42000,5,0,42000,42173.95425280556,41649.39888892695,42603.43541693874,128.0
1790318445,2,TPOT,completion,0.000000,0.000000,290,290,290,290,290,290,290,290,290,290,290,5,0,290,291.0631572017373,286.6787996920427,294.4715441805934,0.0
1790318445,2,TTFT,completion,0.000000,0.000000,5200,5200,5200,5200,5200,5200,5200,5200,5200,5200,5200,5,0,5200,5208.3105938043445,5184.701354010031,5240.592994028702,0.0
1790318445,2,,Aggregated,0.000000,0.000000,5200,5200,42000,42000,42000,42000,42000,42000,42000,42000,42000,15,0,5200,15891.109334603882,286.6787996920427,42603.43541693874,42.666666666666664
1790318446,2,POST,completion,0.100000,0.000000,42000,42000,42000,42000,42000,42000,42000,42000,42000,42000,42000,6,0,42000,42175.51479799052,41649.39888892695,42603.43541693874,128.0
1790318446,2,TPOT,completion,0.100000,0.000000,290,290,290,290,290,290,290,290,290,290,290,6,0,290,291.09578460010056,286.6787996920427,294.4715441805934,0.0
1790318446,2,TTFT,completion,0.100000,0.000000,5200,5200,5200,5200,5200,5200,5200,5200,5200,5200,5200,6,0,5200,5205.736864823848,5184.701354010031,5240.592994028702,0.0
1790318446,2,,Aggregated,0.300000,0.000000,5200,5200,42000,42000,42000,42000,42000,42000,42000,42000,42000,18,0,5200,15890.782482471492,286.6787996920427,42603.43541693874,42.666666666666664
1790318447,2,POST,completion,0.100000,0.000000,42000,42000,42000,42000,42000,42000,42000,42000,42000,42000,42000,6,0,42000,42175.51479799052,41649.39888892695,42603.43541693874,128.0
1790318447,2,TPOT,completion,0.100000,0.000000,290,290,290,290,290,290,290,290,290,290,290,6,0,290,291.09578460010056,286.6787996920427,294.4715441805934,0.0
1790318447,2,TTFT,completion,0.100000,0.000000,5200,5200,5200,5200,5200,5200,5200,5200,5200,5200,5200,6,0,5200,5205.736864823848,5184.701354010031,5240.592994028702,0.0
1790318447,2,,Aggregated,0.300000,0.000000,5200,5200,42000,42000,42000,42000,42000,42000,42000,42000,42000,18,0,5200,15890.782482471492,286.6787996920427,42603.43541693874,42.666666666666664
1790318448,2,POST,completion,0.100000,0.000000,42000,42000,42000,42000,42000,42000,42000,42000,42000,42000,42000,6,0,42000,42175.51479799052,41649.39888892695,42603.43541693874,128.0
1790318448,2,TPOT,completion,0.100000,0.000000,290,290,290,290,290,290,290,290,290,290,290,6,0,290,291.09578460010056,286.6787996920427,294.4715441805934,0.0
1790318448,2,TTFT,completion,0.100000,0.000000,5200,5200,5200,5200,5200,5200,5200,5200,5200,5200,5200,6,0,5200,5205.736864823848,5184.701354010031,5240.592994028702,0.0
1790318448,2,,Aggregated,0.300000,0.000000,5200,5200,42000,42000,42000,42000,42000,42000,42000,42000,42000,18,0,5200,15890.782482471492,286.6787996920427,42603.43541693874,42.666666666666664
1790318449,2,POST,completion,0.100000,0.000000,42000,42000,42000,42000,42000,42000,42000,42000,42000,42000,42000,6,0,42000,42175.51479799052,41649.39888892695,42603.43541693874,128.0
1790318449,2,TPOT,completion,0.100000,0.000000,290,290,290,290,290,290,290,290,290,290,290,6,0,290,291.09578460010056,286.6787996920427,294.4715441805934,0.0
1790318449,2,TTFT,completion,0.100000,0.000000,5200,5200,5200,5200,5200,5200,5200,5200,5200,5200,5200,6,0,5200,5205.736864823848,5184.701354010031,5240.592994028702,0.0
1790318449,2,,Aggregated,0.300000,0.000000,5200,5200,42000,42000,42000,42000,42000,42000,42000,42000,42000,18,0,5200,15890.782482471492,286.6787996920427,42603.43541693874,42.666666666666664
1790318451,2,POST,completion,0.100000,0.000000,42000,42000,42000,42000,42000,42000,42000,42000,42000,42000,42000,6,0,42000,42175.51479799052,41649.39888892695,42603.43541693874,128.0
1790318451,2,TPOT,completion,0.100000,0.000000,290,290,290,290,290,290,290,290,290,290,290,6,0,290,291.09578460010056,286.6787996920427,294.4715441805934,0.0
1790318451,2,TTFT,completion,0.100000,0.000000,5200,5200,5200,5200,5200,5200,5200,5200,5200,5200,5200,6,0,5200,5205.736864823848,5184.701354010031,5240.592994028702,0.0
1790318451,2,,Aggregated,0.300000,0.000000,5200,5200,42000,42000,42000,42000,42000,42000,42000,42000,42000,18,0,5200,15890.782482471492,286.6787996920427,42603.43541693874,42.666666666666664
1790318452,2,POST,completion,0.100000,0.000000,42000,42000,42000,42000,42000,42000,42000,42000,42000,42000,42000,6,0,42000,42175.51479799052,41649.39888892695,42603.43541693874,128.0
1790318452,2,TPOT,completion,0.100000,0.000000,290,290,290,290,290,290,290,290,290,290,290,6,0,290,291.09578460010056,286.6787996920427,294.4715441805934,0.0
1790318452,2,TTFT,completion,0.100000,0.000000,5200,5200,5200,5200,5200,5200,5200,5200,5200,5200,5200,6,0,5200,5205.736864823848,5184.701354010031,5240.592994028702,0.0
1790318452,2,,Aggregated,0.300000,0.000000,5200,5200,42000,42000,42000,42000,42000,42000,42000,42000,42000,18,0,5200,15890.782482471492,286.6787996920427,42603.43541693874,42.666666666666664
1790318453,2,POST,completion,0.100000,0.000000,42000,42000,42000,42000,42000,42000,42000,42000,42000,42000,42000,6,0,42000,42175.51479799052,41649.39888892695,42603.43541693874,128.0
1790318453,2,TPOT,completion,0.100000,0.000000,290,290,290,290,290,290,290,290,290,290,290,6,0,290,291.09578460010056,286.6787996920427,294.4715441805934,0.0
1790318453,2,TTFT,completion,0.100000,0.000000,5200,5200,5200,5200,5200,5200,5200,5200,5200,5200,5200,6,0,5200,5205.736864823848,5184.701354010031,5240.592994028702,0.0
1790318453,2,,Aggregated,0.300000,0.000000,5200,5200,42000,42000,42000,42000,42000,42000,42000,42000,42000,18,0,5200,15890.782482471492,286.6787996920427,42603.43541693874,42.666666666666664
1790318454,2,POST,completion,0.100000,0.000000,42000,42000,42000,42000,42000,42000,42000,42000,42000,42000,42000,6,0,42000,42175.51479799052,41649.39888892695,42603.43541693874,128.0
1790318454,2,TPOT,completion,0.100000,0.000000,290,290,290,290,290,290,290,290,290,290,290,6,0,290,291.09578460010056,286.6787996920427,294.4715441805934,0.0
1790318454,2,TTFT,completion,0.100000,0.000000,5200,5200,5200,5200,5200,5200,5200,5200,5200,5200,5200,6,0,5200,5205.736864823848,5184.701354010031,5240.592994028702,0.0
1790318454,2,,Aggregated,0.300000,0.000000,5200,5200,42000,42000,42000,42000,42000,42000,42000,42000,42000,18,0,5200,15890.782482471492,286.6787996920427,42603.43541693874,42.666666666666664
1790318455,2,POST,completion,0.100000,0.000000,42000,42000,42000,42000,42000,42000,42000,42000,42000,42000,42000,6,0,42000,42175.51479799052,41649.39888892695,42603.43541693874,128.0
1790318455,2,TPOT,completion,0.100000,0.000000,290,290,290,290,290,290,290,290,290,290,290,6,0,290,291.09578460010056,286.6787996920427,294.4715441805934,0.0
1790318455,2,TTFT,completion,0.100000,0.000000,5200,5200,5200,5200,5200,5200,5200,5200,5200,5200,5200,6,0,5200,5205.736864823848,5184.701354010031,5240.592994028702,0.0
1790318455,2,,Aggregated,0.300000,0.000000,5200,5200,42000,42000,42000,42000,42000,42000,42000,42000,42000,18,0,5200,15890.782482471492,286.6787996920427,42603.43541693874,42.666666666666664
1790318456,2,POST,completion,0.100000,0.000000,42000,42000,42000,42000,42000,42000,42000,42000,42000,42000,42000,6,0,42000,42175.51479799052,41649.39888892695,42603.43541693874,128.0
1790318456,2,TPOT,completion,0.100000,0.000000,290,290,290,290,290,290,290,290,290,290,290,6,0,290,291.09578460010056,286.6787996920427,294.4715441805934,0.0
1790318456,2,TTFT,completion,0.100000,0.000000,5200,5200,5200,5200,5200,5200,5200,5200,5200,5200,5200,6,0,5200,5205.736864823848,5184.701354010031,5240.592994028702,0.0
1790318456,2,,Aggregated,0.300000,0.000000,5200,5200,42000,42000,42000,42000,42000,42000,42000,42000,42000,18,0,5200,15890.782482471492,286.6787996920427,42603.43541693874,42.666666666666664
1790318457,2,POST,completion,0.100000,0.000000,42000,42000,42000,42000,42000,42000,42000,42000,42000,42000,42000,6,0,42000,42175.51479799052,41649.39888892695,42603.43541693874,128.0
1790318457,2,TPOT,completion,0.100000,0.000000,290,290,290,290,290,290,290,290,290,290,290,6,0,290,291.09578460010056,286.6787996920427,294.4715441805934,0.0
1790318457,2,TTFT,completion,0.100000,0.000000,5200,5200,5200,5200,5200,5200,5200,5200,5200,5200,5200,6,0,5200,5205.736864823848,5184.701354010031,5240.592994028702,0.0
1790318457,2,,Aggregated,0.300000,0.000000,5200,5200,42000,42000,42000,42000,42000,42000,42000,42000,42000,18,0,5200,15890.782482471492,286.6787996920427,42603.43541693874,42.666666666666664
1790318458,2,POST,completion,0.100000,0.000000,42000,42000,42000,42000,42000,42000,42000,42000,42000,42000,42000,6,0,42000,42175.51479799052,41649.39888892695,42603.43541693874,128.0
1790318458,2,TPOT,completion,0.100000,0.000000,290,290,290,290,290,290,290,290,290,290,290,6,0,290,291.09578460010056,286.6787996920427,294.4715441805934,0.0
1790318458,2,TTFT,completion,0.100000,0.000000,5200,5200,5200,5200,5200,5200,5200,5200,5200,5200,5200,6,0,5200,5205.736864823848,5184.701354010031,5240.592994028702,0.0
1790318458,2,,Aggregated,0.300000,0.000000,5200,5200,42000,42000,42000,42000,42000,42000,42000,42000,42000,18,0,5200,15890.782482471492,286.6787996920427,42603.43541693874,42.666666666666664
1790318459,2,POST,completion,0.100000,0.000000,42000,42000,42000,42000,42000,42000,42000,42000,42000,42000,42000,6,0,42000,42175.51479799052,41649.39888892695,42603.43541693874,128.0
1790318459,2,TPOT,completion,0.100000,0.000000,290,290,290,290,290,290,290,290,290,290,290,6,0,290,291.09578460010056,286.6787996920427,294.4715441805934,0.0
1790318459,2,TTFT,completion,0.100000,0.000000,5200,5200,5200,5200,5200,5200,5200,5200,5200,5200,5200,6,0,5200,5205.736864823848,5184.701354010031,5240.592994028702,0.0
1790318459,2,,Aggregated,0.300000,0.000000,5200,5200,42000,42000,42000,42000,42000,42000,42000,42000,42000,18,0,5200,15890.782482471492,286.6787996920427,42603.43541693874,42.666666666666664
1790318460,2,POST,completion,0.100000,0.000000,42000,42000,42000,42000,42000,42000,42000,42000,42000,42000,42000,6,0,42000,42175.51479799052,41649.39888892695,42603.43541693874,128.0
1790318460,2,TPOT,completion,0.100000,0.000000,290,290,290,290,290,290,290,290,290,290,290,6,0,290,291.09578460010056,286.6787996920427,294.4715441805934,0.0
1790318460,2,TTFT,completion,0.100000,0.000000,5200,5200,5200,5200,5200,5200,5200,5200,5200,5200,5200,6,0,5200,5205.736864823848,5184.701354010031,5240.592994028702,0.0
1790318460,2,,Aggregated,0.300000,0.000000,5200,5200,42000,42000,42000,42000,42000,42000,42000,42000,42000,18,0,5200,15890.782482471492,286.6787996920427,42603.43541693874,42.666666666666664
1790318461,2,POST,completion,0.100000,0.000000,42000,42000,42000,42000,42000,42000,42000,42000,42000,42000,42000,6,0,42000,42175.51479799052,41649.39888892695,42603.43541693874,128.0
1790318461,2,TPOT,completion,0.100000,0.000000,290,290,290,290,290,290,290,290,290,290,290,6,0,290,291.09578460010056,286.6787996920427,294.4715441805934,0.0
1790318461,2,TTFT,completion,0.100000,0.000000,5200,5200,5200,5200,5200,5200,5200,5200,5200,5200,5200,6,0,5200,5205.736864823848,5184.701354010031,5240.592994028702,0.0
1790318461,2,,Aggregated,0.300000,0.000000,5200,5200,42000,42000,42000,42000,42000,42000,42000,42000,42000,18,0,5200,15890.782482471492,286.6787996920427,42603.43541693874,42.666666666666664
1790318462,2,POST,completion,0.100000,0.000000,42000,42000,42000,42000,42000,42000,42000,42000,42000,42000,42000,6,0,42000,42175.51479799052,41649.39888892695,42603.43541693874,128.0
1790318462,2,TPOT,completion,0.100000,0.000000,290,290,290,290,290,290,290,290,290,290,290,6,0,290,291.09578460010056,286.6787996920427,294.4715441805934,0.0
1790318462,2,TTFT,completion,0.100000,0.000000,5200,5200,5200,5200,5200,5200,5200,5200,5200,5200,5200,6,0,5200,5205.736864823848,5184.701354010031,5240.592994028702,0.0
1790318462,2,,Aggregated,0.300000,0.000000,5200,5200,42000,42000,42000,42000,42000,42000,42000,42000,42000,18,0,5200,15890.782482471492,286.6787996920427,42603.43541693874,42.666666666666664
1790318463,2,POST,completion,0.100000,0.000000,42000,42000,42000,42000,42000,42000,42000,42000,42000,42000,42000,6,0,42000,42175.51479799052,41649.39888892695,42603.43541693874,128.0
1790318463,2,TPOT,completion,0.100000,0.000000,290,290,290,290,290,290,290,290,290,290,290,6,0,290,291.09578460010056,286.6787996920427,294.4715441805934,0.0
1790318463,2,TTFT,completion,0.100000,0.000000,5200,5200,5200,5200,5200,5200,5200,5200,5200,5200,5200,6,0,5200,5205.736864823848,5184.701354010031,5240.592994028702,0.0
1790318463,2,,Aggregated,0.300000,0.000000,5200,5200,42000,42000,42000,42000,42000,42000,42000,42000,42000,18,0,5200,15890.782482471492,286.6787996920427,42603.43541693874,42.666666666666664
1790318464,2,POST,completion,0.100000,0.000000,0,0,0,0,0,0,0,0,0,0,0,6,0,42000,42175.51479799052,41649.39888892695,42603.43541693874,128.0
1790318464,2,TPOT,completion,0.100000,0.000000,0,0,0,0,0,0,0,0,0,0,0,6,0,290,291.09578460010056,286.6787996920427,294.4715441805934,0.0
1790318464,2,TTFT,completion,0.100000,0.000000,0,0,0,0,0,0,0,0,0,0,0,6,0,5200,5205.736864823848,5184.701354010031,5240.592994028702,0.0
1790318464,2,,Aggregated,0.300000,0.000000,0,0,0,0,0,0,0,0,0,0,0,18,0,5200,15890.782482471492,286.6787996920427,42603.43541693874,42.666666666666664
1790318465,2,POST,completion,0.100000,0.000000,0,0,0,0,0,0,0,0,0,0,0,6,0,42000,42175.51479799052,41649.39888892695,42603.43541693874,128.0
1790318465,2,TPOT,completion,0.100000,0.000000,0,0,0,0,0,0,0,0,0,0,0,6,0,290,291.09578460010056,286.6787996920427,294.4715441805934,0.0
1790318465,2,TTFT,completion,0.100000,0.000000,0,0,0,0,0,0,0,0,0,0,0,6,0,5200,5205.736864823848,5184.701354010031,5240.592994028702,0.0
1790318465,2,,Aggregated,0.300000,0.000000,0,0,0,0,0,0,0,0,0,0,0,18,0,5200,15890.782482471492,286.6787996920427,42603.43541693874,42.666666666666664
1790318466,2,POST,completion,0.100000,0.000000,0,0,0,0,0,0,0,0,0,0,0,6,0,42000,42175.51479799052,41649.39888892695,42603.43541693874,128.0
1790318466,2,TPOT,completion,0.100000,0.000000,0,0,0,0,0,0,0,0,0,0,0,6,0,290,291.09578460010056,286.6787996920427,294.4715441805934,0.0
1790318466,2,TTFT,completion,0.100000,0.000000,0,0,0,0,0,0,0,0,0,0,0,6,0,5200,5205.736864823848,5184.701354010031,5240.592994028702,0.0
1790318466,2,,Aggregated,0.300000,0.000000,0,0,0,0,0,0,0,0,0,0,0,18,0,5200,15890.782482471492,286.6787996920427,42603.43541693874,42.666666666666664
1790318467,2,POST,completion,0.100000,0.000000,0,0,0,0,0,0,0,0,0,0,0,6,0,42000,42175.51479799052,41649.39888892695,42603.43541693874,128.0
1790318467,2,TPOT,completion,0.100000,0.000000,0,0,0,0,0,0,0,0,0,0,0,6,0,290,291.09578460010056,286.6787996920427,294.4715441805934,0.0
1790318467,2,TTFT,completion,0.100000,0.000000,0,0,0,0,0,0,0,0,0,0,0,6,0,5200,5205.736864823848,5184.701354010031,5240.592994028702,0.0
1790318467,2,,Aggregated,0.300000,0.000000,0,0,0,0,0,0,0,0,0,0,0,18,0,5200,15890.782482471492,286.6787996920427,42603.43541693874,42.666666666666664
1790318468,2,POST,completion,0.100000,0.000000,0,0,0,0,0,0,0,0,0,0,0,6,0,42000,42175.51479799052,41649.39888892695,42603.43541693874,128.0
1790318468,2,TPOT,completion,0.100000,0.000000,0,0,0,0,0,0,0,0,0,0,0,6,0,290,291.09578460010056,286.6787996920427,294.4715441805934,0.0
1790318468,2,TTFT,completion,0.100000,0.000000,0,0,0,0,0,0,0,0,0,0,0,6,0,5200,5205.736864823848,5184.701354010031,5240.592994028702,0.0
1790318468,2,,Aggregated,0.300000,0.000000,0,0,0,0,0,0,0,0,0,0,0,18,0,5200,15890.782482471492,286.6787996920427,42603.43541693874,42.666666666666664
1790318469,2,POST,completion,0.100000,0.000000,0,0,0,0,0,0,0,0,0,0,0,6,0,42000,42175.51479799052,41649.39888892695,42603.43541693874,128.0
1790318469,2,TPOT,completion,0.100000,0.000000,0,0,0,0,0,0,0,0,0,0,0,6,0,290,291.09578460010056,286.6787996920427,294.4715441805934,0.0
1790318469,2,TTFT,completion,0.100000,0.000000,0,0,0,0,0,0,0,0,0,0,0,6,0,5200,5205.736864823848,5184.701354010031,5240.592994028702,0.0
1790318469,2,,Aggregated,0.300000,0.000000,0,0,0,0,0,0,0,0,0,0,0,18,0,5200,15890.782482471492,286.6787996920427,42603.43541693874,42.666666666666664
1790318470,2,POST,completion,0.100000,0.000000,0,0,0,0,0,0,0,0,0,0,0,6,0,42000,42175.51479799052,41649.39888892695,42603.43541693874,128.0
1790318470,2,TPOT,completion,0.100000,0.000000,0,0,0,0,0,0,0,0,0,0,0,6,0,290,291.09578460010056,286.6787996920427,294.4715441805934,0.0
1790318470,2,TTFT,completion,0.100000,0.000000,0,0,0,0,0,0,0,0,0,0,0,6,0,5200,5205.736864823848,5184.701354010031,5240.592994028702,0.0
1790318470,2,,Aggregated,0.300000,0.000000,0,0,0,0,0,0,0,0,0,0,0,18,0,5200,15890.782482471492,286.6787996920427,42603.43541693874,42.666666666666664
1790318471,2,POST,completion,0.100000,0.000000,0,0,0,0,0,0,0,0,0,0,0,6,0,42000,42175.51479799052,41649.39888892695,42603.43541693874,128.0
1790318471,2,TPOT,completion,0.100000,0.000000,0,0,0,0,0,0,0,0,0,0,0,6,0,290,291.09578460010056,286.6787996920427,294.4715441805934,0.0
1790318471,2,TTFT,completion,0.100000,0.000000,0,0,0,0,0,0,0,0,0,0,0,6,0,5200,5205.736864823848,5184.701354010031,5240.592994028702,0.0
1790318471,2,,Aggregated,0.300000,0.000000,0,0,0,0,0,0,0,0,0,0,0,18,0,5200,15890.782482471492,286.6787996920427,42603.43541693874,42.666666666666664
1790318472,2,POST,completion,0.100000,0.000000,0,0,0,0,0,0,0,0,0,0,0,6,0,42000,42175.51479799052,41649.39888892695,42603.43541693874,128.0
1790318472,2,TPOT,completion,0.100000,0.000000,0,0,0,0,0,0,0,0,0,0,0,6,0,290,291.09578460010056,286.6787996920427,294.4715441805934,0.0
1790318472,2,TTFT,completion,0.100000,0.000000,0,0,0,0,0,0,0,0,0,0,0,6,0,5200,5205.736864823848,5184.701354010031,5240.592994028702,0.0
1790318472,2,,Aggregated,0.300000,0.000000,0,0,0,0,0,0,0,0,0,0,0,18,0,5200,15890.782482471492,286.6787996920427,42603.43541693874,42.666666666666664
1790318473,2,POST,completion,0.100000,0.000000,0,0,0,0,0,0,0,0,0,0,0,6,0,42000,42175.51479799052,41649.39888892695,42603.43541693874,128.0
1790318473,2,TPOT,completion,0.100000,0.000000,0,0,0,0,0,0,0,0,0,0,0,6,0,290,291.09578460010056,286.6787996920427,294.4715441805934,0.0
1790318473,2,TTFT,completion,0.100000,0.000000,0,0,0,0,0,0,0,0,0,0,0,6,0,5200,5205.736864823848,5184.701354010031,5240.592994028702,0.0
1790318473,2,,Aggregated,0.300000,0.000000,0,0,0,0,0,0,0,0,0,0,0,18,0,5200,15890.782482471492,286.6787996920427,42603.43541693874,42.666666666666664
1790318474,2,POST,completion,0.100000,0.000000,0,0,0,0,0,0,0,0,0,0,0,6,0,42000,42175.51479799052,41649.39888892695,42603.43541693874,128.0
1790318474,2,TPOT,completion,0.100000,0.000000,0,0,0,0,0,0,0,0,0,0,0,6,0,290,291.09578460010056,286.6787996920427,294.4715441805934,0.0
1790318474,2,TTFT,completion,0.100000,0.000000,0,0,0,0,0,0,0,0,0,0,0,6,0,5200,5205.736864823848,5184.701354010031,5240.592994028702,0.0
1790318474,2,,Aggregated,0.300000,0.000000,0,0,0,0,0,0,0,0,0,0,0,18,0,5200,15890.782482471492,286.6787996920427,42603.43541693874,42.666666666666664
1790318475,2,POST,completion,0.100000,0.000000,0,0,0,0,0,0,0,0,0,0,0,6,0,42000,42175.51479799052,41649.39888892695,42603.43541693874,128.0
1790318475,2,TPOT,completion,0.100000,0.000000,0,0,0,0,0,0,0,0,0,0,0,6,0,290,291.09578460010056,286.6787996920427,294.4715441805934,0.0
1790318475,2,TTFT,completion,0.100000,0.000000,0,0,0,0,0,0,0,0,0,0,0,6,0,5200,5205.736864823848,5184.701354010031,5240.592994028702,0.0
1790318475,2,,Aggregated,0.300000,0.000000,0,0,0,0,0,0,0,0,0,0,0,18,0,5200,15890.782482471492,286.6787996920427,42603.43541693874,42.666666666666664
1790318476,2,POST,completion,0.100000,0.000000,0,0,0,0,0,0,0,0,0,0,0,6,0,42000,42175.51479799052,41649.39888892695,42603.43541693874,128.0
1790318476,2,TPOT,completion,0.100000,0.000000,0,0,0,0,0,0,0,0,0,0,0,6,0,290,291.09578460010056,286.6787996920427,294.4715441805934,0.0
1790318476,2,TTFT,completion,0.100000,0.000000,0,0,0,0,0,0,0,0,0,0,0,6,0,5200,5205.736864823848,5184.701354010031,5240.592994028702,0.0
1790318476,2,,Aggregated,0.300000,0.000000,0,0,0,0,0,0,0,0,0,0,0,18,0,5200,15890.782482471492,286.6787996920427,42603.43541693874,42.666666666666664
1790318477,2,POST,completion,0.100000,0.000000,0,0,0,0,0,0,0,0,0,0,0,6,0,42000,42175.51479799052,41649.39888892695,42603.43541693874,128.0
1790318477,2,TPOT,completion,0.100000,0.000000,0,0,0,0,0,0,0,0,0,0,0,6,0,290,291.09578460010056,286.6787996920427,294.4715441805934,0.0
1790318477,2,TTFT,completion,0.100000,0.000000,0,0,0,0,0,0,0,0,0,0,0,6,0,5200,5205.736864823848,5184.701354010031,5240.592994028702,0.0
1790318477,2,,Aggregated,0.300000,0.000000,0,0,0,0,0,0,0,0,0,0,0,18,0,5200,15890.782482471492,286.6787996920427,42603.43541693874,42.666666666666664
1790318478,2,POST,completion,0.100000,0.000000,0,0,0,0,0,0,0,0,0,0,0,6,0,42000,42175.51479799052,41649.39888892695,42603.43541693874,128.0
1790318478,2,TPOT,completion,0.100000,0.000000,0,0,0,0,0,0,0,0,0,0,0,6,0,290,291.09578460010056,286.6787996920427,294.4715441805934,0.0
1790318478,2,TTFT,completion,0.100000,0.000000,0,0,0,0,0,0,0,0,0,0,0,6,0,5200,5205.736864823848,5184.701354010031,5240.592994028702,0.0
1790318478,2,,Aggregated,0.300000,0.000000,0,0,0,0,0,0,0,0,0,0,0,18,0,5200,15890.782482471492,286.6787996920427,42603.43541693874,42.666666666666664
1790318479,2,POST,completion,0.100000,0.000000,0,0,0,0,0,0,0,0,0,0,0,6,0,42000,42175.51479799052,41649.39888892695,42603.43541693874,128.0
1790318479,2,TPOT,completion,0.100000,0.000000,0,0,0,0,0,0,0,0,0,0,0,6,0,290,291.09578460010056,286.6787996920427,294.4715441805934,0.0
1790318479,2,TTFT,completion,0.100000,0.000000,0,0,0,0,0,0,0,0,0,0,0,6,0,5200,5205.736864823848,5184.701354010031,5240.592994028702,0.0
1790318479,2,,Aggregated,0.300000,0.000000,0,0,0,0,0,0,0,0,0,0,0,18,0,5200,15890.782482471492,286.6787996920427,42603.43541693874,42.666666666666664
1790318480,2,POST,completion,0.100000,0.000000,0,0,0,0,0,0,0,0,0,0,0,6,0,42000,42175.51479799052,41649.39888892695,42603.43541693874,128.0
1790318480,2,TPOT,completion,0.100000,0.000000,0,0,0,0,0,0,0,0,0,0,0,6,0,290,291.09578460010056,286.6787996920427,294.4715441805934,0.0
1790318480,2,TTFT,completion,0.100000,0.000000,0,0,0,0,0,0,0,0,0,0,0,6,0,5200,5205.736864823848,5184.701354010031,5240.592994028702,0.0
1790318480,2,,Aggregated,0.300000,0.000000,0,0,0,0,0,0,0,0,0,0,0,18,0,5200,15890.782482471492,286.6787996920427,42603.43541693874,42.666666666666664
1790318481,2,POST,completion,0.100000,0.000000,0,0,0,0,0,0,0,0,0,0,0,6,0,42000,42175.51479799052,41649.39888892695,42603.43541693874,128.0
1790318481,2,TPOT,completion,0.100000,0.000000,0,0,0,0,0,0,0,0,0,0,0,6,0,290,291.09578460010056,286.6787996920427,294.4715441805934,0.0
1790318481,2,TTFT,completion,0.100000,0.000000,0,0,0,0,0,0,0,0,0,0,0,6,0,5200,5205.736864823848,5184.701354010031,5240.592994028702,0.0
1790318481,2,,Aggregated,0.300000,0.000000,0,0,0,0,0,0,0,0,0,0,0,18,0,5200,15890.782482471492,286.6787996920427,42603.43541693874,42.666666666666664
1790318482,2,POST,completion,0.100000,0.000000,0,0,0,0,0,0,0,0,0,0,0,6,0,42000,42175.51479799052,41649.39888892695,42603.43541693874,128.0
1790318482,2,TPOT,completion,0.100000,0.000000,0,0,0,0,0,0,0,0,0,0,0,6,0,290,291.09578460010056,286.6787996920427,294.4715441805934,0.0
1790318482,2,TTFT,completion,0.100000,0.000000,0,0,0,0,0,0,0,0,0,0,0,6,0,5200,5205.736864823848,5184.701354010031,5240.592994028702,0.0
1790318482,2,,Aggregated,0.300000,0.000000,0,0,0,0,0,0,0,0,0,0,0,18,0,5200,15890.782482471492,286.6787996920427,42603.43541693874,42.666666666666664
1790318483,2,POST,completion,0.100000,0.000000,0,0,0,0,0,0,0,0,0,0,0,6,0,42000,42175.51479799052,41649.39888892695,42603.43541693874,128.0
1790318483,2,TPOT,completion,0.100000,0.000000,0,0,0,0,0,0,0,0,0,0,0,6,0,290,291.09578460010056,286.6787996920427,294.4715441805934,0.0
1790318483,2,TTFT,completion,0.100000,0.000000,0,0,0,0,0,0,0,0,0,0,0,6,0,5200,5205.736864823848,5184.701354010031,5240.592994028702,0.0
1790318483,2,,Aggregated,0.300000,0.000000,0,0,0,0,0,0,0,0,0,0,0,18,0,5200,15890.782482471492,286.6787996920427,42603.43541693874,42.666666666666664
1790318484,2,POST,completion,0.100000,0.000000,0,0,0,0,0,0,0,0,0,0,0,6,0,42000,42175.51479799052,41649.39888892695,42603.43541693874,128.0
1790318484,2,TPOT,completion,0.100000,0.000000,0,0,0,0,0,0,0,0,0,0,0,6,0,290,291.09578460010056,286.6787996920427,294.4715441805934,0.0
1790318484,2,TTFT,completion,0.100000,0.000000,0,0,0,0,0,0,0,0,0,0,0,6,0,5200,5205.736864823848,5184.701354010031,5240.592994028702,0.0
1790318484,2,,Aggregated,0.300000,0.000000,0,0,0,0,0,0,0,0,0,0,0,18,0,5200,15890.782482471492,286.6787996920427,42603.43541693874,42.666666666666664
1790318485,2,POST,completion,0.100000,0.000000,0,0,0,0,0,0,0,0,0,0,0,6,0,42000,42175.51479799052,41649.39888892695,42603.43541693874,128.0
1790318485,2,TPOT,completion,0.100000,0.000000,0,0,0,0,0,0,0,0,0,0,0,6,0,290,291.09578460010056,286.6787996920427,294.4715441805934,0.0
1790318485,2,TTFT,completion,0.100000,0.000000,0,0,0,0,0,0,0,0,0,0,0,6,0,5200,5205.736864823848,5184.701354010031,5240.592994028702,0.0
1790318485,2,,Aggregated,0.300000,0.000000,0,0,0,0,0,0,0,0,0,0,0,18,0,5200,15890.782482471492,286.6787996920427,42603.43541693874,42.666666666666664
1790318486,2,POST,completion,0.000000,0.000000,42000,42000,42000,42000,42000,42000,42000,42000,42000,42000,42000,7,0,42000,42200.443488545716,41649.39888892695,42603.43541693874,128.0
1790318486,2,TPOT,completion,0.000000,0.000000,290,290,290,290,290,290,290,290,290,290,290,7,0,290,290.7531597574019,286.6787996920427,294.4715441805934,0.0
1790318486,2,TTFT,completion,0.000000,0.000000,5700,5700,5700,5700,5700,5700,5700,5700,5700,5700,5700,7,0,5200,5274.188490983631,5184.701354010031,5684.898247942328,0.0
1790318486,2,,Aggregated,0.000000,0.000000,5700,5700,42000,42000,42000,42000,42000,42000,42000,42000,42000,21,0,5200,15921.795046428917,286.6787996920427,42603.43541693874,42.666666666666664
1790318487,2,POST,completion,0.000000,0.000000,42000,42000,42000,42000,42000,42000,42000,42000,42000,42000,42000,7,0,42000,42200.443488545716,41649.39888892695,42603.43541693874,128.0
1790318487,2,TPOT,completion,0.000000,0.000000,290,290,290,290,290,290,290,290,290,290,290,7,0,290,290.7531597574019,286.6787996920427,294.4715441805934,0.0
1790318487,2,TTFT,completion,0.000000,0.000000,5700,5700,5700,5700,5700,5700,5700,5700,5700,5700,5700,7,0,5200,5274.188490983631,5184.701354010031,5684.898247942328,0.0
1790318487,2,,Aggregated,0.000000,0.000000,5700,5700,42000,42000,42000,42000,42000,42000,42000,42000,42000,21,0,5200,15921.795046428917,286.6787996920427,42603.43541693874,42.666666666666664
1790318488,2,POST,completion,0.000000,0.000000,42000,42000,42000,42000,42000,42000,42000,42000,42000,42000,42000,7,0,42000,42200.443488545716,41649.39888892695,42603.43541693874,128.0
1790318488,2,TPOT,completion,0.000000,0.000000,290,290,290,290,290,290,290,290,290,290,290,7,0,290,290.7531597574019,286.6787996920427,294.4715441805934,0.0
1790318488,2,TTFT,completion,0.000000,0.000000,5700,5700,5700,5700,5700,5700,5700,5700,5700,5700,5700,7,0,5200,5274.188490983631,5184.701354010031,5684.898247942328,0.0
1790318488,2,,Aggregated,0.000000,0.000000,5700,5700,42000,42000,42000,42000,42000,42000,42000,42000,42000,21,0,5200,15921.795046428917,286.6787996920427,42603.43541693874,42.666666666666664
1790318489,2,POST,completion,0.100000,0.000000,42000,42000,42000,42000,42000,42000,42000,42000,42000,42000,42000,8,0,42000,42219.959378708154,41649.39888892695,42603.43541693874,128.0
1790318489,2,TPOT,completion,0.100000,0.000000,290,290,290,290,290,290,290,290,290,290,290,8,0,290,290.4794332048834,286.6787996920427,294.4715441805934,0.0
1790318489,2,TTFT,completion,0.100000,0.000000,5700,5700,5700,5700,5700,5700,5700,5700,5700,5700,5700,8,0,5200,5328.459238487994,5184.701354010031,5708.354471018538,0.0
1790318489,2,,Aggregated,0.300000,0.000000,5700,5700,42000,42000,42000,42000,42000,42000,42000,42000,42000,24,0,5200,15946.299350133677,286.6787996920427,42603.43541693874,42.666666666666664
1790318490,2,POST,completion,0.100000,0.000000,42000,42000,42000,42000,42000,42000,42000,42000,42000,42000,42000,8,0,42000,42219.959378708154,41649.39888892695,42603.43541693874,128.0
1790318490,2,TPOT,completion,0.100000,0.000000,290,290,290,290,290,290,290,290,290,290,290,8,0,290,290.4794332048834,286.6787996920427,294.4715441805934,0.0
1790318490,2,TTFT,completion,0.100000,0.000000,5700,5700,5700,5700,5700,5700,5700,5700,5700,5700,5700,8,0,5200,5328.459238487994,5184.701354010031,5708.354471018538,0.0
1790318490,2,,Aggregated,0.300000,0.000000,5700,5700,42000,42000,42000,42000,42000,42000,42000,42000,42000,24,0,5200,15946.299350133677,286.6787996920427,42603.43541693874,42.666666666666664
1790318491,2,POST,completion,0.100000,0.000000,42000,42000,42000,42000,42000,42000,42000,42000,42000,42000,42000,8,0,42000,42219.959378708154,41649.39888892695,42603.43541693874,128.0
1790318491,2,TPOT,completion,0.100000,0.000000,290,290,290,290,290,290,290,290,290,290,290,8,0,290,290.4794332048834,286.6787996920427,294.4715441805934,0.0
1790318491,2,TTFT,completion,0.100000,0.000000,5700,5700,5700,5700,5700,5700,5700,5700,5700,5700,5700,8,0,5200,5328.459238487994,5184.701354010031,5708.354471018538,0.0
1790318491,2,,Aggregated,0.300000,0.000000,5700,5700,42000,42000,42000,42000,42000,42000,42000,42000,42000,24,0,5200,15946.299350133677,286.6787996920427,42603.43541693874,42.666666666666664
1790318492,2,POST,completion,0.100000,0.000000,42000,42000,42000,42000,42000,42000,42000,42000,42000,42000,42000,8,0,42000,42219.959378708154,41649.39888892695,42603.43541693874,128.0
1790318492,2,TPOT,completion,0.100000,0.000000,290,290,290,290,290,290,290,290,290,290,290,8,0,290,290.4794332048834,286.6787996920427,294.4715441805934,0.0
1790318492,2,TTFT,completion,0.100000,0.000000,5700,5700,5700,5700,5700,5700,5700,5700,5700,5700,5700,8,0,5200,5328.459238487994,5184.701354010031,5708.354471018538,0.0
1790318492,2,,Aggregated,0.300000,0.000000,5700,5700,42000,42000,42000,42000,42000,42000,42000,42000,42000,24,0,5200,15946.299350133677,286.6787996920427,42603.43541693874,42.666666666666664
1790318493,2,POST,completion,0.100000,0.000000,42000,42000,42000,42000,42000,42000,42000,42000,42000,42000,42000,8,0,42000,42219.959378708154,41649.39888892695,42603.43541693874,128.0
1790318493,2,TPOT,completion,0.100000,0.000000,290,290,290,290,290,290,290,290,290,290,290,8,0,290,290.4794332048834,286.6787996920427,294.4715441805934,0.0
1790318493,2,TTFT,completion,0.100000,0.000000,5700,5700,5700,5700,5700,5700,5700,5700,5700,5700,5700,8,0,5200,5328.459238487994,5184.701354010031,5708.354471018538,0.0
1790318493,2,,Aggregated,0.300000,0.000000,5700,5700,42000,42000,42000,42000,42000,42000,42000,42000,42000,24,0,5200,15946.299350133677,286.6787996920427,42603.43541693874,42.666666666666664
1790318494,2,POST,completion,0.100000,0.000000,42000,42000,42000,42000,42000,42000,42000,42000,42000,42000,42000,8,0,42000,42219.959378708154,41649.39888892695,42603.43541693874,128.0
1790318494,2,TPOT,completion,0.100000,0.000000,290,290,290,290,290,290,290,290,290,290,290,8,0,290,290.4794332048834,286.6787996920427,294.4715441805934,0.0
1790318494,2,TTFT,completion,0.100000,0.000000,5700,5700,5700,5700,5700,5700,5700,5700,5700,5700,5700,8,0,5200,5328.459238487994,5184.701354010031,5708.354471018538,0.0
1790318494,2,,Aggregated,0.300000,0.000000,5700,5700,42000,42000,42000,42000,42000,42000,42000,42000,42000,24,0,5200,15946.299350133677,286.6787996920427,42603.43541693874,42.666666666666664
1790318495,2,POST,completion,0.100000,0.000000,42000,42000,42000,42000,42000,42000,42000,42000,42000,42000,42000,8,0,42000,42219.959378708154,41649.39888892695,42603.43541693874,128.0
1790318495,2,TPOT,completion,0.100000,0.000000,290,290,290,290,290,290,290,290,290,290,290,8,0,290,290.4794332048834,286.6787996920427,294.4715441805934,0.0
1790318495,2,TTFT,completion,0.100000,0.000000,5700,5700,5700,5700,5700,5700,5700,5700,5700,5700,5700,8,0,5200,5328.459238487994,5184.701354010031,5708.354471018538,0.0
1790318495,2,,Aggregated,0.300000,0.000000,5700,5700,42000,42000,42000,42000,42000,42000,42000,42000,42000,24,0,5200,15946.299350133677,286.6787996920427,42603.43541693874,42.666666666666664
1790318496,2,POST,completion,0.100000,0.000000,42000,42000,42000,42000,42000,42000,42000,42000,42000,42000,42000,8,0,42000,42219.959378708154,41649.39888892695,42603.43541693874,128.0
1790318496,2,TPOT,completion,0.100000,0.000000,290,290,290,290,290,290,290,290,290,290,290,8,0,290,290.4794332048834,286.6787996920427,294.4715441805934,0.0
1790318496,2,TTFT,completion,0.100000,0.000000,5700,5700,5700,5700,5700,5700,5700,5700,5700,5700,5700,8,0,5200,5328.459238487994,5184.701354010031,5708.354471018538,0.0
1790318496,2,,Aggregated,0.300000,0.000000,5700,5700,42000,42000,42000,42000,42000,42000,42000,42000,42000,24,0,5200,15946.299350133677,286.6787996920427,42603.43541693874,42.666666666666664
1790318497,2,POST,completion,0.100000,0.000000,42000,42000,42000,42000,42000,42000,42000,42000,42000,42000,42000,8,0,42000,42219.959378708154,41649.39888892695,42603.43541693874,128.0
1790318497,2,TPOT,completion,0.100000,0.000000,290,290,290,290,290,290,290,290,290,290,290,8,0,290,290.4794332048834,286.6787996920427,294.4715441805934,0.0
1790318497,2,TTFT,completion,0.100000,0.000000,5700,5700,5700,5700,5700,5700,5700,5700,5700,5700,5700,8,0,5200,5328.459238487994,5184.701354010031,5708.354471018538,0.0
1790318497,2,,Aggregated,0.300000,0.000000,5700,5700,42000,42000,42000,42000,42000,42000,42000,42000,42000,24,0,5200,15946.299350133677,286.6787996920427,42603.43541693874,42.666666666666664
1790318498,2,POST,completion,0.100000,0.000000,42000,42000,42000,42000,42000,42000,42000,42000,42000,42000,42000,8,0,42000,42219.959378708154,41649.39888892695,42603.43541693874,128.0
1790318498,2,TPOT,completion,0.100000,0.000000,290,290,290,290,290,290,290,290,290,290,290,8,0,290,290.4794332048834,286.6787996920427,294.4715441805934,0.0
1790318498,2,TTFT,completion,0.100000,0.000000,5700,5700,5700,5700,5700,5700,5700,5700,5700,5700,5700,8,0,5200,5328.459238487994,5184.701354010031,5708.354471018538,0.0
1790318498,2,,Aggregated,0.300000,0.000000,5700,5700,42000,42000,42000,42000,42000,42000,42000,42000,42000,24,0,5200,15946.299350133677,286.6787996920427,42603.43541693874,42.666666666666664
1790318499,2,POST,completion,0.100000,0.000000,42000,42000,42000,42000,42000,42000,42000,42000,42000,42000,42000,8,0,42000,42219.959378708154,41649.39888892695,42603.43541693874,128.0
1790318499,2,TPOT,completion,0.100000,0.000000,290,290,290,290,290,290,290,290,290,290,290,8,0,290,290.4794332048834,286.6787996920427,294.4715441805934,0.0
1790318499,2,TTFT,completion,0.100000,0.000000,5700,5700,5700,5700,5700,5700,5700,5700,5700,5700,5700,8,0,5200,5328.459238487994,5184.701354010031,5708.354471018538,0.0
1790318499,2,,Aggregated,0.300000,0.000000,5700,5700,42000,42000,42000,42000,42000,42000,42000,42000,42000,24,0,5200,15946.299350133677,286.6787996920427,42603.43541693874,42.666666666666664
1790318500,2,POST,completion,0.100000,0.000000,42000,42000,42000,42000,42000,42000,42000,42000,42000,42000,42000,8,0,42000,42219.959378708154,41649.39888892695,42603.43541693874,128.0
1790318500,2,TPOT,completion,0.100000,0.000000,290,290,290,290,290,290,290,290,290,290,290,8,0,290,290.4794332048834,286.6787996920427,294.4715441805934,0.0
1790318500,2,TTFT,completion,0.100000,0.000000,5700,5700,5700,5700,5700,5700,5700,5700,5700,5700,5700,8,0,5200,5328.459238487994,5184.701354010031,5708.354471018538,0.0
1790318500,2,,Aggregated,0.300000,0.000000,5700,5700,42000,42000,42000,42000,42000,42000,42000,42000,42000,24,0,5200,15946.299350133677,286.6787996920427,42603.43541693874,42.666666666666664
1790318501,2,POST,completion,0.100000,0.000000,42000,42000,42000,42000,42000,42000,42000,42000,42000,42000,42000,8,0,42000,42219.959378708154,41649.39888892695,42603.43541693874,128.0
1790318501,2,TPOT,completion,0.100000,0.000000,290,290,290,290,290,290,290,290,290,290,290,8,0,290,290.4794332048834,286.6787996920427,294.4715441805934,0.0
1790318501,2,TTFT,completion,0.100000,0.000000,5700,5700,5700,5700,5700,5700,5700,5700,5700,5700,5700,8,0,5200,5328.459238487994,5184.701354010031,5708.354471018538,0.0
1790318501,2,,Aggregated,0.300000,0.000000,5700,5700,42000,42000,42000,42000,42000,42000,42000,42000,42000,24,0,5200,15946.299350133677,286.6787996920427,42603.43541693874,42.666666666666664
1790318502,2,POST,completion,0.100000,0.000000,42000,42000,42000,42000,42000,42000,42000,42000,42000,42000,42000,8,0,42000,42219.959378708154,41649.39888892695,42603.43541693874,128.0
1790318502,2,TPOT,completion,0.100000,0.000000,290,290,290,290,290,290,290,290,290,290,290,8,0,290,290.4794332048834,286.6787996920427,294.4715441805934,0.0
1790318502,2,TTFT,completion,0.100000,0.000000,5700,5700,5700,5700,5700,5700,5700,5700,5700,5700,5700,8,0,5200,5328.459238487994,5184.701354010031,5708.354471018538,0.0
1790318502,2,,Aggregated,0.300000,0.000000,5700,5700,42000,42000,42000,42000,42000,42000,42000,42000,42000,24,0,5200,15946.299350133677,286.6787996920427,42603.43541693874,42.666666666666664
1790318503,2,POST,completion,0.100000,0.000000,42000,42000,42000,42000,42000,42000,42000,42000,42000,42000,42000,8,0,42000,42219.959378708154,41649.39888892695,42603.43541693874,128.0
1790318503,2,TPOT,completion,0.100000,0.000000,290,290,290,290,290,290,290,290,290,290,290,8,0,290,290.4794332048834,286.6787996920427,294.4715441805934,0.0
1790318503,2,TTFT,completion,0.100000,0.000000,5700,5700,5700,5700,5700,5700,5700,5700,5700,5700,5700,8,0,5200,5328.459238487994,5184.701354010031,5708.354471018538,0.0
1790318503,2,,Aggregated,0.300000,0.000000,5700,5700,42000,42000,42000,42000,42000,42000,42000,42000,42000,24,0,5200,15946.299350133677,286.6787996920427,42603.43541693874,42.666666666666664
1790318504,2,POST,completion,0.100000,0.000000,42000,42000,42000,42000,42000,42000,42000,42000,42000,42000,42000,8,0,42000,42219.959378708154,41649.39888892695,42603.43541693874,128.0
1790318504,2,TPOT,completion,0.100000,0.000000,290,290,290,290,290,290,290,290,290,290,290,8,0,290,290.4794332048834,286.6787996920427,294.4715441805934,0.0
1790318504,2,TTFT,completion,0.100000,0.000000,5700,5700,5700,5700,5700,5700,5700,5700,5700,5700,5700,8,0,5200,5328.459238487994,5184.701354010031,5708.354471018538,0.0
1790318504,2,,Aggregated,0.300000,0.000000,5700,5700,42000,42000,42000,42000,42000,42000,42000,42000,42000,24,0,5200,15946.299350133677,286.6787996920427,42603.43541693874,42.666666666666664
1790318505,2,POST,completion,0.100000,0.000000,42000,42000,42000,42000,42000,42000,42000,42000,42000,42000,42000,8,0,42000,42219.959378708154,41649.39888892695,42603.43541693874,128.0
1790318505,2,TPOT,completion,0.100000,0.000000,290,290,290,290,290,290,290,290,290,290,290,8,0,290,290.4794332048834,286.6787996920427,294.4715441805934,0.0
1790318505,2,TTFT,completion,0.100000,0.000000,5700,5700,5700,5700,5700,5700,5700,5700,5700,5700,5700,8,0,5200,5328.459238487994,5184.701354010031,5708.354471018538,0.0
1790318505,2,,Aggregated,0.300000,0.000000,5700,5700,42000,42000,42000,42000,42000,42000,42000,42000,42000,24,0,5200,15946.299350133677,286.6787996920427,42603.43541693874,42.666666666666664
1790318506,2,POST,completion,0.100000,0.000000,42000,42000,42000,42000,42000,42000,42000,42000,42000,42000,42000,8,0,42000,42219.959378708154,41649.39888892695,42603.43541693874,128.0
1790318506,2,TPOT,completion,0.100000,0.000000,290,290,290,290,290,290,290,290,290,290,290,8,0,290,290.4794332048834,286.6787996920427,294.4715441805934,0.0
1790318506,2,TTFT,completion,0.100000,0.000000,5700,5700,5700,5700,5700,5700,5700,5700,5700,5700,5700,8,0,5200,5328.459238487994,5184.701354010031,5708.354471018538,0.0
1790318506,2,,Aggregated,0.300000,0.000000,5700,5700,42000,42000,42000,42000,42000,42000,42000,42000,42000,24,0,5200,15946.299350133677,286.6787996920427,42603.43541693874,42.666666666666664
1790318507,2,POST,completion,0.100000,0.000000,0,0,0,0,0,0,0,0,0,0,0,8,0,42000,42219.959378708154,41649.39888892695,42603.43541693874,128.0
1790318507,2,TPOT,completion,0.100000,0.000000,0,0,0,0,0,0,0,0,0,0,0,8,0,290,290.4794332048834,286.6787996920427,294.4715441805934,0.0
1790318507,2,TTFT,completion,0.100000,0.000000,0,0,0,0,0,0,0,0,0,0,0,8,0,5200,5328.459238487994,5184.701354010031,5708.354471018538,0.0
1790318507,2,,Aggregated,0.300000,0.000000,0,0,0,0,0,0,0,0,0,0,0,24,0,5200,15946.299350133677,286.6787996920427,42603.43541693874,42.666666666666664
1790318508,2,POST,completion,0.100000,0.000000,0,0,0,0,0,0,0,0,0,0,0,8,0,42000,42219.959378708154,41649.39888892695,42603.43541693874,128.0
1790318508,2,TPOT,completion,0.100000,0.000000,0,0,0,0,0,0,0,0,0,0,0,8,0,290,290.4794332048834,286.6787996920427,294.4715441805934,0.0
1790318508,2,TTFT,completion,0.100000,0.000000,0,0,0,0,0,0,0,0,0,0,0,8,0,5200,5328.459238487994,5184.701354010031,5708.354471018538,0.0
1790318508,2,,Aggregated,0.300000,0.000000,0,0,0,0,0,0,0,0,0,0,0,24,0,5200,15946.299350133677,286.6787996920427,42603.43541693874,42.666666666666664
1790318509,2,POST,completion,0.100000,0.000000,0,0,0,0,0,0,0,0,0,0,0,8,0,42000,42219.959378708154,41649.39888892695,42603.43541693874,128.0
1790318509,2,TPOT,completion,0.100000,0.000000,0,0,0,0,0,0,0,0,0,0,0,8,0,290,290.4794332048834,286.6787996920427,294.4715441805934,0.0
1790318509,2,TTFT,completion,0.100000,0.000000,0,0,0,0,0,0,0,0,0,0,0,8,0,5200,5328.459238487994,5184.701354010031,5708.354471018538,0.0
1790318509,2,,Aggregated,0.300000,0.000000,0,0,0,0,0,0,0,0,0,0,0,24,0,5200,15946.299350133677,286.6787996920427,42603.43541693874,42.666666666666664
1790318510,2,POST,completion,0.100000,0.000000,0,0,0,0,0,0,0,0,0,0,0,8,0,42000,42219.959378708154,41649.39888892695,42603.43541693874,128.0
1790318510,2,TPOT,completion,0.100000,0.000000,0,0,0,0,0,0,0,0,0,0,0,8,0,290,290.4794332048834,286.6787996920427,294.4715441805934,0.0
1790318510,2,TTFT,completion,0.100000,0.000000,0,0,0,0,0,0,0,0,0,0,0,8,0,5200,5328.459238487994,5184.701354010031,5708.354471018538,0.0
1790318510,2,,Aggregated,0.300000,0.000000,0,0,0,0,0,0,0,0,0,0,0,24,0,5200,15946.299350133677,286.6787996920427,42603.43541693874,42.666666666666664
1790318511,2,POST,completion,0.100000,0.000000,0,0,0,0,0,0,0,0,0,0,0,8,0,42000,42219.959378708154,41649.39888892695,42603.43541693874,128.0
1790318511,2,TPOT,completion,0.100000,0.000000,0,0,0,0,0,0,0,0,0,0,0,8,0,290,290.4794332048834,286.6787996920427,294.4715441805934,0.0
1790318511,2,TTFT,completion,0.100000,0.000000,0,0,0,0,0,0,0,0,0,0,0,8,0,5200,5328.459238487994,5184.701354010031,5708.354471018538,0.0
1790318511,2,,Aggregated,0.300000,0.000000,0,0,0,0,0,0,0,0,0,0,0,24,0,5200,15946.299350133677,286.6787996920427,42603.43541693874,42.666666666666664
1790318512,2,POST,completion,0.100000,0.000000,0,0,0,0,0,0,0,0,0,0,0,8,0,42000,42219.959378708154,41649.39888892695,42603.43541693874,128.0
1790318512,2,TPOT,completion,0.100000,0.000000,0,0,0,0,0,0,0,0,0,0,0,8,0,290,290.4794332048834,286.6787996920427,294.4715441805934,0.0
1790318512,2,TTFT,completion,0.100000,0.000000,0,0,0,0,0,0,0,0,0,0,0,8,0,5200,5328.459238487994,5184.701354010031,5708.354471018538,0.0
1790318512,2,,Aggregated,0.300000,0.000000,0,0,0,0,0,0,0,0,0,0,0,24,0,5200,15946.299350133677,286.6787996920427,42603.43541693874,42.666666666666664
1790318513,2,POST,completion,0.100000,0.000000,0,0,0,0,0,0,0,0,0,0,0,8,0,42000,42219.959378708154,41649.39888892695,42603.43541693874,128.0
1790318513,2,TPOT,completion,0.100000,0.000000,0,0,0,0,0,0,0,0,0,0,0,8,0,290,290.4794332048834,286.6787996920427,294.4715441805934,0.0
1790318513,2,TTFT,completion,0.100000,0.000000,0,0,0,0,0,0,0,0,0,0,0,8,0,5200,5328.459238487994,5184.701354010031,5708.354471018538,0.0
1790318513,2,,Aggregated,0.300000,0.000000,0,0,0,0,0,0,0,0,0,0,0,24,0,5200,15946.299350133677,286.6787996920427,42603.43541693874,42.666666666666664
1790318514,2,POST,completion,0.100000,0.000000,0,0,0,0,0,0,0,0,0,0,0,8,0,42000,42219.959378708154,41649.39888892695,42603.43541693874,128.0
1790318514,2,TPOT,completion,0.100000,0.000000,0,0,0,0,0,0,0,0,0,0,0,8,0,290,290.4794332048834,286.6787996920427,294.4715441805934,0.0
1790318514,2,TTFT,completion,0.100000,0.000000,0,0,0,0,0,0,0,0,0,0,0,8,0,5200,5328.459238487994,5184.701354010031,5708.354471018538,0.0
1790318514,2,,Aggregated,0.300000,0.000000,0,0,0,0,0,0,0,0,0,0,0,24,0,5200,15946.299350133677,286.6787996920427,42603.43541693874,42.666666666666664
1790318515,2,POST,completion,0.100000,0.000000,0,0,0,0,0,0,0,0,0,0,0,8,0,42000,42219.959378708154,41649.39888892695,42603.43541693874,128.0
1790318515,2,TPOT,completion,0.100000,0.000000,0,0,0,0,0,0,0,0,0,0,0,8,0,290,290.4794332048834,286.6787996920427,294.4715441805934,0.0
1790318515,2,TTFT,completion,0.100000,0.000000,0,0,0,0,0,0,0,0,0,0,0,8,0,5200,5328.459238487994,5184.701354010031,5708.354471018538,0.0
1790318515,2,,Aggregated,0.300000,0.000000,0,0,0,0,0,0,0,0,0,0,0,24,0,5200,15946.299350133677,286.6787996920427,42603.43541693874,42.666666666666664
1790318516,2,POST,completion,0.100000,0.000000,0,0,0,0,0,0,0,0,0,0,0,8,0,42000,42219.959378708154,41649.39888892695,42603.43541693874,128.0
1790318516,2,TPOT,completion,0.100000,0.000000,0,0,0,0,0,0,0,0,0,0,0,8,0,290,290.4794332048834,286.6787996920427,294.4715441805934,0.0
1790318516,2,TTFT,completion,0.100000,0.000000,0,0,0,0,0,0,0,0,0,0,0,8,0,5200,5328.459238487994,5184.701354010031,5708.354471018538,0.0
1790318516,2,,Aggregated,0.300000,0.000000,0,0,0,0,0,0,0,0,0,0,0,24,0,5200,15946.299350133677,286.6787996920427,42603.43541693874,42.666666666666664
1790318517,2,POST,completion,0.100000,0.000000,0,0,0,0,0,0,0,0,0,0,0,8,0,42000,42219.959378708154,41649.39888892695,42603.43541693874,128.0
1790318517,2,TPOT,completion,0.100000,0.000000,0,0,0,0,0,0,0,0,0,0,0,8,0,290,290.4794332048834,286.6787996920427,294.4715441805934,0.0
1790318517,2,TTFT,completion,0.100000,0.000000,0,0,0,0,0,0,0,0,0,0,0,8,0,5200,5328.459238487994,5184.701354010031,5708.354471018538,0.0
1790318517,2,,Aggregated,0.300000,0.000000,0,0,0,0,0,0,0,0,0,0,0,24,0,5200,15946.299350133677,286.6787996920427,42603.43541693874,42.666666666666664
1790318518,2,POST,completion,0.100000,0.000000,0,0,0,0,0,0,0,0,0,0,0,8,0,42000,42219.959378708154,41649.39888892695,42603.43541693874,128.0
1790318518,2,TPOT,completion,0.100000,0.000000,0,0,0,0,0,0,0,0,0,0,0,8,0,290,290.4794332048834,286.6787996920427,294.4715441805934,0.0
1790318518,2,TTFT,completion,0.100000,0.000000,0,0,0,0,0,0,0,0,0,0,0,8,0,5200,5328.459238487994,5184.701354010031,5708.354471018538,0.0
1790318518,2,,Aggregated,0.300000,0.000000,0,0,0,0,0,0,0,0,0,0,0,24,0,5200,15946.299350133677,286.6787996920427,42603.43541693874,42.666666666666664
1790318519,2,POST,completion,0.100000,0.000000,0,0,0,0,0,0,0,0,0,0,0,8,0,42000,42219.959378708154,41649.39888892695,42603.43541693874,128.0
1790318519,2,TPOT,completion,0.100000,0.000000,0,0,0,0,0,0,0,0,0,0,0,8,0,290,290.4794332048834,286.6787996920427,294.4715441805934,0.0
1790318519,2,TTFT,completion,0.100000,0.000000,0,0,0,0,0,0,0,0,0,0,0,8,0,5200,5328.459238487994,5184.701354010031,5708.354471018538,0.0
1790318519,2,,Aggregated,0.300000,0.000000,0,0,0,0,0,0,0,0,0,0,0,24,0,5200,15946.299350133677,286.6787996920427,42603.43541693874,42.666666666666664
1790318520,2,POST,completion,0.100000,0.000000,0,0,0,0,0,0,0,0,0,0,0,8,0,42000,42219.959378708154,41649.39888892695,42603.43541693874,128.0
1790318520,2,TPOT,completion,0.100000,0.000000,0,0,0,0,0,0,0,0,0,0,0,8,0,290,290.4794332048834,286.6787996920427,294.4715441805934,0.0
1790318520,2,TTFT,completion,0.100000,0.000000,0,0,0,0,0,0,0,0,0,0,0,8,0,5200,5328.459238487994,5184.701354010031,5708.354471018538,0.0
1790318520,2,,Aggregated,0.300000,0.000000,0,0,0,0,0,0,0,0,0,0,0,24,0,5200,15946.299350133677,286.6787996920427,42603.43541693874,42.666666666666664
1790318521,2,POST,completion,0.100000,0.000000,0,0,0,0,0,0,0,0,0,0,0,8,0,42000,42219.959378708154,41649.39888892695,42603.43541693874,128.0
1790318521,2,TPOT,completion,0.100000,0.000000,0,0,0,0,0,0,0,0,0,0,0,8,0,290,290.4794332048834,286.6787996920427,294.4715441805934,0.0
1790318521,2,TTFT,completion,0.100000,0.000000,0,0,0,0,0,0,0,0,0,0,0,8,0,5200,5328.459238487994,5184.701354010031,5708.354471018538,0.0
1790318521,2,,Aggregated,0.300000,0.000000,0,0,0,0,0,0,0,0,0,0,0,24,0,5200,15946.299350133677,286.6787996920427,42603.43541693874,42.666666666666664
1790318522,2,POST,completion,0.100000,0.000000,0,0,0,0,0,0,0,0,0,0,0,8,0,42000,42219.959378708154,41649.39888892695,42603.43541693874,128.0
1790318522,2,TPOT,completion,0.100000,0.000000,0,0,0,0,0,0,0,0,0,0,0,8,0,290,290.4794332048834,286.6787996920427,294.4715441805934,0.0
1790318522,2,TTFT,completion,0.100000,0.000000,0,0,0,0,0,0,0,0,0,0,0,8,0,5200,5328.459238487994,5184.701354010031,5708.354471018538,0.0
1790318522,2,,Aggregated,0.300000,0.000000,0,0,0,0,0,0,0,0,0,0,0,24,0,5200,15946.299350133677,286.6787996920427,42603.43541693874,42.666666666666664
1790318523,2,POST,completion,0.100000,0.000000,0,0,0,0,0,0,0,0,0,0,0,8,0,42000,42219.959378708154,41649.39888892695,42603.43541693874,128.0
1790318523,2,TPOT,completion,0.100000,0.000000,0,0,0,0,0,0,0,0,0,0,0,8,0,290,290.4794332048834,286.6787996920427,294.4715441805934,0.0
1790318523,2,TTFT,completion,0.100000,0.000000,0,0,0,0,0,0,0,0,0,0,0,8,0,5200,5328.459238487994,5184.701354010031,5708.354471018538,0.0
1790318523,2,,Aggregated,0.300000,0.000000,0,0,0,0,0,0,0,0,0,0,0,24,0,5200,15946.299350133677,286.6787996920427,42603.43541693874,42.666666666666664
1790318524,2,POST,completion,0.100000,0.000000,0,0,0,0,0,0,0,0,0,0,0,8,0,42000,42219.959378708154,41649.39888892695,42603.43541693874,128.0
1790318524,2,TPOT,completion,0.100000,0.000000,0,0,0,0,0,0,0,0,0,0,0,8,0,290,290.4794332048834,286.6787996920427,294.4715441805934,0.0
1790318524,2,TTFT,completion,0.100000,0.000000,0,0,0,0,0,0,0,0,0,0,0,8,0,5200,5328.459238487994,5184.701354010031,5708.354471018538,0.0
1790318524,2,,Aggregated,0.300000,0.000000,0,0,0,0,0,0,0,0,0,0,0,24,0,5200,15946.299350133677,286.6787996920427,42603.43541693874,42.666666666666664
1790318525,2,POST,completion,0.100000,0.000000,0,0,0,0,0,0,0,0,0,0,0,8,0,42000,42219.959378708154,41649.39888892695,42603.43541693874,128.0
1790318525,2,TPOT,completion,0.100000,0.000000,0,0,0,0,0,0,0,0,0,0,0,8,0,290,290.4794332048834,286.6787996920427,294.4715441805934,0.0
1790318525,2,TTFT,completion,0.100000,0.000000,0,0,0,0,0,0,0,0,0,0,0,8,0,5200,5328.459238487994,5184.701354010031,5708.354471018538,0.0
1790318525,2,,Aggregated,0.300000,0.000000,0,0,0,0,0,0,0,0,0,0,0,24,0,5200,15946.299350133677,286.6787996920427,42603.43541693874,42.666666666666664
1790318526,2,POST,completion,0.100000,0.000000,0,0,0,0,0,0,0,0,0,0,0,8,0,42000,42219.959378708154,41649.39888892695,42603.43541693874,128.0
1790318526,2,TPOT,completion,0.100000,0.000000,0,0,0,0,0,0,0,0,0,0,0,8,0,290,290.4794332048834,286.6787996920427,294.4715441805934,0.0
1790318526,2,TTFT,completion,0.100000,0.000000,0,0,0,0,0,0,0,0,0,0,0,8,0,5200,5328.459238487994,5184.701354010031,5708.354471018538,0.0
1790318526,2,,Aggregated,0.300000,0.000000,0,0,0,0,0,0,0,0,0,0,0,24,0,5200,15946.299350133677,286.6787996920427,42603.43541693874,42.666666666666664
1790318527,2,POST,completion,0.100000,0.000000,0,0,0,0,0,0,0,0,0,0,0,8,0,42000,42219.959378708154,41649.39888892695,42603.43541693874,128.0
1790318527,2,TPOT,completion,0.100000,0.000000,0,0,0,0,0,0,0,0,0,0,0,8,0,290,290.4794332048834,286.6787996920427,294.4715441805934,0.0
1790318527,2,TTFT,completion,0.100000,0.000000,0,0,0,0,0,0,0,0,0,0,0,8,0,5200,5328.459238487994,5184.701354010031,5708.354471018538,0.0
1790318527,2,,Aggregated,0.300000,0.000000,0,0,0,0,0,0,0,0,0,0,0,24,0,5200,15946.299350133677,286.6787996920427,42603.43541693874,42.666666666666664
1790318528,2,POST,completion,0.100000,0.000000,0,0,0,0,0,0,0,0,0,0,0,8,0,42000,42219.959378708154,41649.39888892695,42603.43541693874,128.0
1790318528,2,TPOT,completion,0.100000,0.000000,0,0,0,0,0,0,0,0,0,0,0,8,0,290,290.4794332048834,286.6787996920427,294.4715441805934,0.0
1790318528,2,TTFT,completion,0.100000,0.000000,0,0,0,0,0,0,0,0,0,0,0,8,0,5200,5328.459238487994,5184.701354010031,5708.354471018538,0.0
1790318528,2,,Aggregated,0.300000,0.000000,0,0,0,0,0,0,0,0,0,0,0,24,0,5200,15946.299350133677,286.6787996920427,42603.43541693874,42.666666666666664
1790318529,2,POST,completion,0.000000,0.000000,43000,43000,43000,43000,43000,43000,43000,43000,43000,43000,43000,9,0,42000,42304.425856978116,41649.39888892695,42980.157683137804,128.0
1790318529,2,TPOT,completion,0.000000,0.000000,290,290,290,290,290,290,290,290,290,290,290,9,0,290,290.9011166964023,286.6787996920427,294.4715441805934,0.0
1790318529,2,TTFT,completion,0.000000,0.000000,5600,5600,5600,5600,5600,5600,5600,5600,5600,5600,5600,9,0,5200,5359.3747814496355,5184.701354010031,5708.354471018538,0.0
1790318529,2,,Aggregated,0.000000,0.000000,5600,5600,43000,43000,43000,43000,43000,43000,43000,43000,43000,27,0,5200,15984.900585041383,286.6787996920427,42980.157683137804,42.666666666666664
1790318530,2,POST,completion,0.000000,0.000000,43000,43000,43000,43000,43000,43000,43000,43000,43000,43000,43000,9,0,42000,42304.425856978116,41649.39888892695,42980.157683137804,128.0
1790318530,2,TPOT,completion,0.000000,0.000000,290,290,290,290,290,290,290,290,290,290,290,9,0,290,290.9011166964023,286.6787996920427,294.4715441805934,0.0
1790318530,2,TTFT,completion,0.000000,0.000000,5600,5600,5600,5600,5600,5600,5600,5600,5600,5600,5600,9,0,5200,5359.3747814496355,5184.701354010031,5708.354471018538,0.0
1790318530,2,,Aggregated,0.000000,0.000000,5600,5600,43000,43000,43000,43000,43000,43000,43000,43000,43000,27,0,5200,15984.900585041383,286.6787996920427,42980.157683137804,42.666666666666664
1790318531,2,POST,completion,0.000000,0.000000,43000,43000,43000,43000,43000,43000,43000,43000,43000,43000,43000,9,0,42000,42304.425856978116,41649.39888892695,42980.157683137804,128.0
1790318531,2,TPOT,completion,0.000000,0.000000,290,290,290,290,290,290,290,290,290,290,290,9,0,290,290.9011166964023,286.6787996920427,294.4715441805934,0.0
1790318531,2,TTFT,completion,0.000000,0.000000,5600,5600,5600,5600,5600,5600,5600,5600,5600,5600,5600,9,0,5200,5359.3747814496355,5184.701354010031,5708.354471018538,0.0
1790318531,2,,Aggregated,0.000000,0.000000,5600,5600,43000,43000,43000,43000,43000,43000,43000,43000,43000,27,0,5200,15984.900585041383,286.6787996920427,42980.157683137804,42.666666666666664
1790318532,2,POST,completion,0.100000,0.000000,43000,43000,43000,43000,43000,43000,43000,43000,43000,43000,43000,10,0,42000,42341.73440877348,41649.39888892695,42980.157683137804,128.0
1790318532,2,TPOT,completion,0.100000,0.000000,290,290,290,290,290,290,290,290,290,290,290,10,0,290,291.0137279685147,286.6787996920427,294.4715441805934,0.0
1790318532,2,TTFT,completion,0.100000,0.000000,5600,5600,5600,5600,5600,5600,5600,5600,5600,5600,5600,10,0,5200,5382.382508111186,5184.701354010031,5708.354471018538,0.0
1790318532,2,,Aggregated,0.300000,0.000000,5600,5600,43000,43000,43000,43000,43000,43000,43000,43000,43000,30,0,5200,16005.043548284393,286.6787996920427,42980.157683137804,42.666666666666664
1790318533,2,POST,completion,0.100000,0.000000,43000,43000,43000,43000,43000,43000,43000,43000,43000,43000,43000,10,0,42000,42341.73440877348,41649.39888892695,42980.157683137804,128.0
1790318533,2,TPOT,completion,0.100000,0.000000,290,290,290,290,290,290,290,290,290,290,290,10,0,290,291.0137279685147,286.6787996920427,294.4715441805934,0.0
1790318533,2,TTFT,completion,0.100000,0.000000,5600,5600,5600,5600,5600,5600,5600,5600,5600,5600,5600,10,0,5200,5382.382508111186,5184.701354010031,5708.354471018538,0.0
1790318533,2,,Aggregated,0.300000,0.000000,5600,5600,43000,43000,43000,43000,43000,43000,43000,43000,43000,30,0,5200,16005.043548284393,286.6787996920427,42980.157683137804,42.666666666666664
1790318534,2,POST,completion,0.100000,0.000000,43000,43000,43000,43000,43000,43000,43000,43000,43000,43000,43000,10,0,42000,42341.73440877348,41649.39888892695,42980.157683137804,128.0
1790318534,2,TPOT,completion,0.100000,0.000000,290,290,290,290,290,290,290,290,290,290,290,10,0,290,291.0137279685147,286.6787996920427,294.4715441805934,0.0
1790318534,2,TTFT,completion,0.100000,0.000000,5600,5600,5600,5600,5600,5600,5600,5600,5600,5600,5600,10,0,5200,5382.382508111186,5184.701354010031,5708.354471018538,0.0
1790318534,2,,Aggregated,0.300000,0.000000,5600,5600,43000,43000,43000,43000,43000,43000,43000,43000,43000,30,0,5200,16005.043548284393,286.6787996920427,42980.157683137804,42.666666666666664
1790318535,2,POST,completion,0.100000,0.000000,43000,43000,43000,43000,43000,43000,43000,43000,43000,43000,43000,10,0,42000,42341.73440877348,41649.39888892695,42980.157683137804,128.0
1790318535,2,TPOT,completion,0.100000,0.000000,290,290,290,290,290,290,290,290,290,290,290,10,0,290,291.0137279685147,286.6787996920427,294.4715441805934,0.0
1790318535,2,TTFT,completion,0.100000,0.000000,5600,5600,5600,5600,5600,5600,5600,5600,5600,5600,5600,10,0,5200,5382.382508111186,5184.701354010031,5708.354471018538,0.0
1790318535,2,,Aggregated,0.300000,0.000000,5600,5600,43000,43000,43000,43000,43000,43000,43000,43000,43000,30,0,5200,16005.043548284393,286.6787996920427,42980.157683137804,42.666666666666664
1790318536,2,POST,completion,0.100000,0.000000,43000,43000,43000,43000,43000,43000,43000,43000,43000,43000,43000,10,0,42000,42341.73440877348,41649.39888892695,42980.157683137804,128.0
1790318536,2,TPOT,completion,0.100000,0.000000,290,290,290,290,290,290,290,290,290,290,290,10,0,290,291.0137279685147,286.6787996920427,294.4715441805934,0.0
1790318536,2,TTFT,completion,0.100000,0.000000,5600,5600,5600,5600,5600,5600,5600,5600,5600,5600,5600,10,0,5200,5382.382508111186,5184.701354010031,5708.354471018538,0.0
1790318536,2,,Aggregated,0.300000,0.000000,5600,5600,43000,43000,43000,43000,43000,43000,43000,43000,43000,30,0,5200,16005.043548284393,286.6787996920427,42980.157683137804,42.666666666666664
1790318537,2,POST,completion,0.100000,0.000000,43000,43000,43000,43000,43000,43000,43000,43000,43000,43000,43000,10,0,42000,42341.73440877348,41649.39888892695,42980.157683137804,128.0
1790318537,2,TPOT,completion,0.100000,0.000000,290,290,290,290,290,290,290,290,290,290,290,10,0,290,291.0137279685147,286.6787996920427,294.4715441805934,0.0
1790318537,2,TTFT,completion,0.100000,0.000000,5600,5600,5600,5600,5600,5600,5600,5600,5600,5600,5600,10,0,5200,5382.382508111186,5184.701354010031,5708.354471018538,0.0
1790318537,2,,Aggregated,0.300000,0.000000,5600,5600,43000,43000,43000,43000,43000,43000,43000,43000,43000,30,0,5200,16005.043548284393,286.6787996920427,42980.157683137804,42.666666666666664
1790318538,2,POST,completion,0.100000,0.000000,43000,43000,43000,43000,43000,43000,43000,43000,43000,43000,43000,10,0,42000,42341.73440877348,41649.39888892695,42980.157683137804,128.0
1790318538,2,TPOT,completion,0.100000,0.000000,290,290,290,290,290,290,290,290,290,290,290,10,0,290,291.0137279685147,286.6787996920427,294.4715441805934,0.0
1790318538,2,TTFT,completion,0.100000,0.000000,5600,5600,5600,5600,5600,5600,5600,5600,5600,5600,5600,10,0,5200,5382.382508111186,5184.701354010031,5708.354471018538,0.0
1790318538,2,,Aggregated,0.300000,0.000000,5600,5600,43000,43000,43000,43000,43000,43000,43000,43000,43000,30,0,5200,16005.043548284393,286.6787996920427,42980.157683137804,42.666666666666664
1790318539,2,POST,completion,0.100000,0.000000,43000,43000,43000,43000,43000,43000,43000,43000,43000,43000,43000,10,0,42000,42341.73440877348,41649.39888892695,42980.157683137804,128.0
1790318539,2,TPOT,completion,0.100000,0.000000,290,290,290,290,290,290,290,290,290,290,290,10,0,290,291.0137279685147,286.6787996920427,294.4715441805934,0.0
1790318539,2,TTFT,completion,0.100000,0.000000,5600,5600,5600,5600,5600,5600,5600,5600,5600,5600,5600,10,0,5200,5382.382508111186,5184.701354010031,5708.354471018538,0.0
1790318539,2,,Aggregated,0.300000,0.000000,5600,5600,43000,43000,43000,43000,43000,43000,43000,43000,43000,30,0,5200,16005.043548284393,286.6787996920427,42980.157683137804,42.666666666666664
1790318540,2,POST,completion,0.100000,0.000000,43000,43000,43000,43000,43000,43000,43000,43000,43000,43000,43000,10,0,42000,42341.73440877348,41649.39888892695,42980.157683137804,128.0
1790318540,2,TPOT,completion,0.100000,0.000000,290,290,290,290,290,290,290,290,290,290,290,10,0,290,291.0137279685147,286.6787996920427,294.4715441805934,0.0
1790318540,2,TTFT,completion,0.100000,0.000000,5600,5600,5600,5600,5600,5600,5600,5600,5600,5600,5600,10,0,5200,5382.382508111186,5184.701354010031,5708.354471018538,0.0
1790318540,2,,Aggregated,0.300000,0.000000,5600,5600,43000,43000,43000,43000,43000,43000,43000,43000,43000,30,0,5200,16005.043548284393,286.6787996920427,42980.157683137804,42.666666666666664
1790318541,2,POST,completion,0.100000,0.000000,43000,43000,43000,43000,43000,43000,43000,43000,43000,43000,43000,10,0,42000,42341.73440877348,41649.39888892695,42980.157683137804,128.0
1790318541,2,TPOT,completion,0.100000,0.000000,290,290,290,290,290,290,290,290,290,290,290,10,0,290,291.0137279685147,286.6787996920427,294.4715441805934,0.0
1790318541,2,TTFT,completion,0.100000,0.000000,5600,5600,5600,5600,5600,5600,5600,5600,5600,5600,5600,10,0,5200,5382.382508111186,5184.701354010031,5708.354471018538,0.0
1790318541,2,,Aggregated,0.300000,0.000000,5600,5600,43000,43000,43000,43000,43000,43000,43000,43000,43000,30,0,5200,16005.043548284393,286.6787996920427,42980.157683137804,42.666666666666664
1790318542,2,POST,completion,0.100000,0.000000,43000,43000,43000,43000,43000,43000,43000,43000,43000,43000,43000,10,0,42000,42341.73440877348,41649.39888892695,42980.157683137804,128.0
1790318542,2,TPOT,completion,0.100000,0.000000,290,290,290,290,290,290,290,290,290,290,290,10,0,290,291.0137279685147,286.6787996920427,294.4715441805934,0.0
1790318542,2,TTFT,completion,0.100000,0.000000,5600,5600,5600,5600,5600,5600,5600,5600,5600,5600,5600,10,0,5200,5382.382508111186,5184.701354010031,5708.354471018538,0.0
1790318542,2,,Aggregated,0.300000,0.000000,5600,5600,43000,43000,43000,43000,43000,43000,43000,43000,43000,30,0,5200,16005.043548284393,286.6787996920427,42980.157683137804,42.666666666666664
1790318543,2,POST,completion,0.100000,0.000000,43000,43000,43000,43000,43000,43000,43000,43000,43000,43000,43000,10,0,42000,42341.73440877348,41649.39888892695,42980.157683137804,128.0
1790318543,2,TPOT,completion,0.100000,0.000000,290,290,290,290,290,290,290,290,290,290,290,10,0,290,291.0137279685147,286.6787996920427,294.4715441805934,0.0
1790318543,2,TTFT,completion,0.100000,0.000000,5600,5600,5600,5600,5600,5600,5600,5600,5600,5600,5600,10,0,5200,5382.382508111186,5184.701354010031,5708.354471018538,0.0
1790318543,2,,Aggregated,0.300000,0.000000,5600,5600,43000,43000,43000,43000,43000,43000,43000,43000,43000,30,0,5200,16005.043548284393,286.6787996920427,42980.157683137804,42.666666666666664
1790318544,2,POST,completion,0.100000,0.000000,43000,43000,43000,43000,43000,43000,43000,43000,43000,43000,43000,10,0,42000,42341.73440877348,41649.39888892695,42980.157683137804,128.0
1790318544,2,TPOT,completion,0.100000,0.000000,290,290,290,290,290,290,290,290,290,290,290,10,0,290,291.0137279685147,286.6787996920427,294.4715441805934,0.0
1790318544,2,TTFT,completion,0.100000,0.000000,5600,5600,5600,5600,5600,5600,5600,5600,5600,5600,5600,10,0,5200,5382.382508111186,5184.701354010031,5708.354471018538,0.0
1790318544,2,,Aggregated,0.300000,0.000000,5600,5600,43000,43000,43000,43000,43000,43000,43000,43000,43000,30,0,5200,16005.043548284393,286.6787996920427,42980.157683137804,42.666666666666664
1790318545,2,POST,completion,0.100000,0.000000,43000,43000,43000,43000,43000,43000,43000,43000,43000,43000,43000,10,0,42000,42341.73440877348,41649.39888892695,42980.157683137804,128.0
1790318545,2,TPOT,completion,0.100000,0.000000,290,290,290,290,290,290,290,290,290,290,290,10,0,290,291.0137279685147,286.6787996920427,294.4715441805934,0.0
1790318545,2,TTFT,completion,0.100000,0.000000,5600,5600,5600,5600,5600,5600,5600,5600,5600,5600,5600,10,0,5200,5382.382508111186,5184.701354010031,5708.354471018538,0.0
1790318545,2,,Aggregated,0.300000,0.000000,5600,5600,43000,43000,43000,43000,43000,43000,43000,43000,43000,30,0,5200,16005.043548284393,286.6787996920427,42980.157683137804,42.666666666666664
1790318546,2,POST,completion,0.100000,0.000000,43000,43000,43000,43000,43000,43000,43000,43000,43000,43000,43000,10,0,42000,42341.73440877348,41649.39888892695,42980.157683137804,128.0
1790318546,2,TPOT,completion,0.100000,0.000000,290,290,290,290,290,290,290,290,290,290,290,10,0,290,291.0137279685147,286.6787996920427,294.4715441805934,0.0
1790318546,2,TTFT,completion,0.100000,0.000000,5600,5600,5600,5600,5600,5600,5600,5600,5600,5600,5600,10,0,5200,5382.382508111186,5184.701354010031,5708.354471018538,0.0
1790318546,2,,Aggregated,0.300000,0.000000,5600,5600,43000,43000,43000,43000,43000,43000,43000,43000,43000,30,0,5200,16005.043548284393,286.6787996920427,42980.157683137804,42.666666666666664
1790318547,2,POST,completion,0.100000,0.000000,43000,43000,43000,43000,43000,43000,43000,43000,43000,43000,43000,10,0,42000,42341.73440877348,41649.39888892695,42980.157683137804,128.0
1790318547,2,TPOT,completion,0.100000,0.000000,290,290,290,290,290,290,290,290,290,290,290,10,0,290,291.0137279685147,286.6787996920427,294.4715441805934,0.0
1790318547,2,TTFT,completion,0.100000,0.000000,5600,5600,5600,5600,5600,5600,5600,5600,5600,5600,5600,10,0,5200,5382.382508111186,5184.701354010031,5708.354471018538,0.0
1790318547,2,,Aggregated,0.300000,0.000000,5600,5600,43000,43000,43000,43000,43000,43000,43000,43000,43000,30,0,5200,16005.043548284393,286.6787996920427,42980.157683137804,42.666666666666664
1790318548,2,POST,completion,0.100000,0.000000,43000,43000,43000,43000,43000,43000,43000,43000,43000,43000,43000,10,0,42000,42341.73440877348,41649.39888892695,42980.157683137804,128.0
1790318548,2,TPOT,completion,0.100000,0.000000,290,290,290,290,290,290,290,290,290,290,290,10,0,290,291.0137279685147,286.6787996920427,294.4715441805934,0.0
1790318548,2,TTFT,completion,0.100000,0.000000,5600,5600,5600,5600,5600,5600,5600,5600,5600,5600,5600,10,0,5200,5382.382508111186,5184.701354010031,5708.354471018538,0.0
1790318548,2,,Aggregated,0.300000,0.000000,5600,5600,43000,43000,43000,43000,43000,43000,43000,43000,43000,30,0,5200,16005.043548284393,286.6787996920427,42980.157683137804,42.666666666666664
1790318549,2,POST,completion,0.100000,0.000000,0,0,0,0,0,0,0,0,0,0,0,10,0,42000,42341.73440877348,41649.39888892695,42980.157683137804,128.0
1790318549,2,TPOT,completion,0.100000,0.000000,0,0,0,0,0,0,0,0,0,0,0,10,0,290,291.0137279685147,286.6787996920427,294.4715441805934,0.0
1790318549,2,TTFT,completion,0.100000,0.000000,0,0,0,0,0,0,0,0,0,0,0,10,0,5200,5382.382508111186,5184.701354010031,5708.354471018538,0.0
1790318549,2,,Aggregated,0.300000,0.000000,0,0,0,0,0,0,0,0,0,0,0,30,0,5200,16005.043548284393,286.6787996920427,42980.157683137804,42.666666666666664
1790318550,2,POST,completion,0.100000,0.000000,0,0,0,0,0,0,0,0,0,0,0,10,0,42000,42341.73440877348,41649.39888892695,42980.157683137804,128.0
1790318550,2,TPOT,completion,0.100000,0.000000,0,0,0,0,0,0,0,0,0,0,0,10,0,290,291.0137279685147,286.6787996920427,294.4715441805934,0.0
1790318550,2,TTFT,completion,0.100000,0.000000,0,0,0,0,0,0,0,0,0,0,0,10,0,5200,5382.382508111186,5184.701354010031,5708.354471018538,0.0
1790318550,2,,Aggregated,0.300000,0.000000,0,0,0,0,0,0,0,0,0,0,0,30,0,5200,16005.043548284393,286.6787996920427,42980.157683137804,42.666666666666664
1790318551,2,POST,completion,0.100000,0.000000,0,0,0,0,0,0,0,0,0,0,0,10,0,42000,42341.73440877348,41649.39888892695,42980.157683137804,128.0
1790318551,2,TPOT,completion,0.100000,0.000000,0,0,0,0,0,0,0,0,0,0,0,10,0,290,291.0137279685147,286.6787996920427,294.4715441805934,0.0
1790318551,2,TTFT,completion,0.100000,0.000000,0,0,0,0,0,0,0,0,0,0,0,10,0,5200,5382.382508111186,5184.701354010031,5708.354471018538,0.0
1790318551,2,,Aggregated,0.300000,0.000000,0,0,0,0,0,0,0,0,0,0,0,30,0,5200,16005.043548284393,286.6787996920427,42980.157683137804,42.666666666666664
1790318552,2,POST,completion,0.100000,0.000000,0,0,0,0,0,0,0,0,0,0,0,10,0,42000,42341.73440877348,41649.39888892695,42980.157683137804,128.0
1790318552,2,TPOT,completion,0.100000,0.000000,0,0,0,0,0,0,0,0,0,0,0,10,0,290,291.0137279685147,286.6787996920427,294.4715441805934,0.0
1790318552,2,TTFT,completion,0.100000,0.000000,0,0,0,0,0,0,0,0,0,0,0,10,0,5200,5382.382508111186,5184.701354010031,5708.354471018538,0.0
1790318552,2,,Aggregated,0.300000,0.000000,0,0,0,0,0,0,0,0,0,0,0,30,0,5200,16005.043548284393,286.6787996920427,42980.157683137804,42.666666666666664
1790318553,2,POST,completion,0.100000,0.000000,0,0,0,0,0,0,0,0,0,0,0,10,0,42000,42341.73440877348,41649.39888892695,42980.157683137804,128.0
1790318553,2,TPOT,completion,0.100000,0.000000,0,0,0,0,0,0,0,0,0,0,0,10,0,290,291.0137279685147,286.6787996920427,294.4715441805934,0.0
1790318553,2,TTFT,completion,0.100000,0.000000,0,0,0,0,0,0,0,0,0,0,0,10,0,5200,5382.382508111186,5184.701354010031,5708.354471018538,0.0
1790318553,2,,Aggregated,0.300000,0.000000,0,0,0,0,0,0,0,0,0,0,0,30,0,5200,16005.043548284393,286.6787996920427,42980.157683137804,42.666666666666664
1790318554,2,POST,completion,0.100000,0.000000,0,0,0,0,0,0,0,0,0,0,0,10,0,42000,42341.73440877348,41649.39888892695,42980.157683137804,128.0
1790318554,2,TPOT,completion,0.100000,0.000000,0,0,0,0,0,0,0,0,0,0,0,10,0,290,291.0137279685147,286.6787996920427,294.4715441805934,0.0
1790318554,2,TTFT,completion,0.100000,0.000000,0,0,0,0,0,0,0,0,0,0,0,10,0,5200,5382.382508111186,5184.701354010031,5708.354471018538,0.0
1790318554,2,,Aggregated,0.300000,0.000000,0,0,0,0,0,0,0,0,0,0,0,30,0,5200,16005.043548284393,286.6787996920427,42980.157683137804,42.666666666666664
1790318555,2,POST,completion,0.100000,0.000000,0,0,0,0,0,0,0,0,0,0,0,10,0,42000,42341.73440877348,41649.39888892695,42980.157683137804,128.0
1790318555,2,TPOT,completion,0.100000,0.000000,0,0,0,0,0,0,0,0,0,0,0,10,0,290,291.0137279685147,286.6787996920427,294.4715441805934,0.0
1790318555,2,TTFT,completion,0.100000,0.000000,0,0,0,0,0,0,0,0,0,0,0,10,0,5200,5382.382508111186,5184.701354010031,5708.354471018538,0.0
1790318555,2,,Aggregated,0.300000,0.000000,0,0,0,0,0,0,0,0,0,0,0,30,0,5200,16005.043548284393,286.6787996920427,42980.157683137804,42.666666666666664
1790318556,2,POST,completion,0.100000,0.000000,0,0,0,0,0,0,0,0,0,0,0,10,0,42000,42341.73440877348,41649.39888892695,42980.157683137804,128.0
1790318556,2,TPOT,completion,0.100000,0.000000,0,0,0,0,0,0,0,0,0,0,0,10,0,290,291.0137279685147,286.6787996920427,294.4715441805934,0.0
1790318556,2,TTFT,completion,0.100000,0.000000,0,0,0,0,0,0,0,0,0,0,0,10,0,5200,5382.382508111186,5184.701354010031,5708.354471018538,0.0
1790318556,2,,Aggregated,0.300000,0.000000,0,0,0,0,0,0,0,0,0,0,0,30,0,5200,16005.043548284393,286.6787996920427,42980.157683137804,42.666666666666664
1790318557,2,POST,completion,0.100000,0.000000,0,0,0,0,0,0,0,0,0,0,0,10,0,42000,42341.73440877348,41649.39888892695,42980.157683137804,128.0
1790318557,2,TPOT,completion,0.100000,0.000000,0,0,0,0,0,0,0,0,0,0,0,10,0,290,291.0137279685147,286.6787996920427,294.4715441805934,0.0
1790318557,2,TTFT,completion,0.100000,0.000000,0,0,0,0,0,0,0,0,0,0,0,10,0,5200,5382.382508111186,5184.701354010031,5708.354471018538,0.0
1790318557,2,,Aggregated,0.300000,0.000000,0,0,0,0,0,0,0,0,0,0,0,30,0,5200,16005.043548284393,286.6787996920427,42980.157683137804,42.666666666666664
1790318558,2,POST,completion,0.100000,0.000000,0,0,0,0,0,0,0,0,0,0,0,10,0,42000,42341.73440877348,41649.39888892695,42980.157683137804,128.0
1790318558,2,TPOT,completion,0.100000,0.000000,0,0,0,0,0,0,0,0,0,0,0,10,0,290,291.0137279685147,286.6787996920427,294.4715441805934,0.0
1790318558,2,TTFT,completion,0.100000,0.000000,0,0,0,0,0,0,0,0,0,0,0,10,0,5200,5382.382508111186,5184.701354010031,5708.354471018538,0.0
1790318558,2,,Aggregated,0.300000,0.000000,0,0,0,0,0,0,0,0,0,0,0,30,0,5200,16005.043548284393,286.6787996920427,42980.157683137804,42.666666666666664
1790318559,2,POST,completion,0.100000,0.000000,0,0,0,0,0,0,0,0,0,0,0,10,0,42000,42341.73440877348,41649.39888892695,42980.157683137804,128.0
1790318559,2,TPOT,completion,0.100000,0.000000,0,0,0,0,0,0,0,0,0,0,0,10,0,290,291.0137279685147,286.6787996920427,294.4715441805934,0.0
1790318559,2,TTFT,completion,0.100000,0.000000,0,0,0,0,0,0,0,0,0,0,0,10,0,5200,5382.382508111186,5184.701354010031,5708.354471018538,0.0
1790318559,2,,Aggregated,0.300000,0.000000,0,0,0,0,0,0,0,0,0,0,0,30,0,5200,16005.043548284393,286.6787996920427,42980.157683137804,42.666666666666664
1790318560,2,POST,completion,0.100000,0.000000,0,0,0,0,0,0,0,0,0,0,0,10,0,42000,42341.73440877348,41649.39888892695,42980.157683137804,128.0
1790318560,2,TPOT,completion,0.100000,0.000000,0,0,0,0,0,0,0,0,0,0,0,10,0,290,291.0137279685147,286.6787996920427,294.4715441805934,0.0
1790318560,2,TTFT,completion,0.100000,0.000000,0,0,0,0,0,0,0,0,0,0,0,10,0,5200,5382.382508111186,5184.701354010031,5708.354471018538,0.0
1790318560,2,,Aggregated,0.300000,0.000000,0,0,0,0,0,0,0,0,0,0,0,30,0,5200,16005.043548284393,286.6787996920427,42980.157683137804,42.666666666666664
1790318561,2,POST,completion,0.100000,0.000000,0,0,0,0,0,0,0,0,0,0,0,10,0,42000,42341.73440877348,41649.39888892695,42980.157683137804,128.0
1790318561,2,TPOT,completion,0.100000,0.000000,0,0,0,0,0,0,0,0,0,0,0,10,0,290,291.0137279685147,286.6787996920427,294.4715441805934,0.0
1790318561,2,TTFT,completion,0.100000,0.000000,0,0,0,0,0,0,0,0,0,0,0,10,0,5200,5382.382508111186,5184.701354010031,5708.354471018538,0.0
1790318561,2,,Aggregated,0.300000,0.000000,0,0,0,0,0,0,0,0,0,0,0,30,0,5200,16005.043548284393,286.6787996920427,42980.157683137804,42.666666666666664
1790318562,2,POST,completion,0.100000,0.000000,0,0,0,0,0,0,0,0,0,0,0,10,0,42000,42341.73440877348,41649.39888892695,42980.157683137804,128.0
1790318562,2,TPOT,completion,0.100000,0.000000,0,0,0,0,0,0,0,0,0,0,0,10,0,290,291.0137279685147,286.6787996920427,294.4715441805934,0.0
1790318562,2,TTFT,completion,0.100000,0.000000,0,0,0,0,0,0,0,0,0,0,0,10,0,5200,5382.382508111186,5184.701354010031,5708.354471018538,0.0
1790318562,2,,Aggregated,0.300000,0.000000,0,0,0,0,0,0,0,0,0,0,0,30,0,5200,16005.043548284393,286.6787996920427,42980.157683137804,42.666666666666664
1790318563,2,POST,completion,0.100000,0.000000,0,0,0,0,0,0,0,0,0,0,0,10,0,42000,42341.73440877348,41649.39888892695,42980.157683137804,128.0
1790318563,2,TPOT,completion,0.100000,0.000000,0,0,0,0,0,0,0,0,0,0,0,10,0,290,291.0137279685147,286.6787996920427,294.4715441805934,0.0
1790318563,2,TTFT,completion,0.100000,0.000000,0,0,0,0,0,0,0,0,0,0,0,10,0,5200,5382.382508111186,5184.701354010031,5708.354471018538,0.0
1790318563,2,,Aggregated,0.300000,0.000000,0,0,0,0,0,0,0,0,0,0,0,30,0,5200,16005.043548284393,286.6787996920427,42980.157683137804,42.666666666666664
1790318564,2,POST,completion,0.100000,0.000000,0,0,0,0,0,0,0,0,0,0,0,10,0,42000,42341.73440877348,41649.39888892695,42980.157683137804,128.0
1790318564,2,TPOT,completion,0.100000,0.000000,0,0,0,0,0,0,0,0,0,0,0,10,0,290,291.0137279685147,286.6787996920427,294.4715441805934,0.0
1790318564,2,TTFT,completion,0.100000,0.000000,0,0,0,0,0,0,0,0,0,0,0,10,0,5200,5382.382508111186,5184.701354010031,5708.354471018538,0.0
1790318564,2,,Aggregated,0.300000,0.000000,0,0,0,0,0,0,0,0,0,0,0,30,0,5200,16005.043548284393,286.6787996920427,42980.157683137804,42.666666666666664
1790318565,2,POST,completion,0.100000,0.000000,0,0,0,0,0,0,0,0,0,0,0,10,0,42000,42341.73440877348,41649.39888892695,42980.157683137804,128.0
1790318565,2,TPOT,completion,0.100000,0.000000,0,0,0,0,0,0,0,0,0,0,0,10,0,290,291.0137279685147,286.6787996920427,294.4715441805934,0.0
1790318565,2,TTFT,completion,0.100000,0.000000,0,0,0,0,0,0,0,0,0,0,0,10,0,5200,5382.382508111186,5184.701354010031,5708.354471018538,0.0
1790318565,2,,Aggregated,0.300000,0.000000,0,0,0,0,0,0,0,0,0,0,0,30,0,5200,16005.043548284393,286.6787996920427,42980.157683137804,42.666666666666664
1790318566,2,POST,completion,0.100000,0.000000,0,0,0,0,0,0,0,0,0,0,0,10,0,42000,42341.73440877348,41649.39888892695,42980.157683137804,128.0
1790318566,2,TPOT,completion,0.100000,0.000000,0,0,0,0,0,0,0,0,0,0,0,10,0,290,291.0137279685147,286.6787996920427,294.4715441805934,0.0
1790318566,2,TTFT,completion,0.100000,0.000000,0,0,0,0,0,0,0,0,0,0,0,10,0,5200,5382.382508111186,5184.701354010031,5708.354471018538,0.0
1790318566,2,,Aggregated,0.300000,0.000000,0,0,0,0,0,0,0,0,0,0,0,30,0,5200,16005.043548284393,286.6787996920427,42980.157683137804,42.666666666666664
1790318567,2,POST,completion,0.100000,0.000000,0,0,0,0,0,0,0,0,0,0,0,10,0,42000,42341.73440877348,41649.39888892695,42980.157683137804,128.0
1790318567,2,TPOT,completion,0.100000,0.000000,0,0,0,0,0,0,0,0,0,0,0,10,0,290,291.0137279685147,286.6787996920427,294.4715441805934,0.0
1790318567,2,TTFT,completion,0.100000,0.000000,0,0,0,0,0,0,0,0,0,0,0,10,0,5200,5382.382508111186,5184.701354010031,5708.354471018538,0.0
1790318567,2,,Aggregated,0.300000,0.000000,0,0,0,0,0,0,0,0,0,0,0,30,0,5200,16005.043548284393,286.6787996920427,42980.157683137804,42.666666666666664
1790318568,2,POST,completion,0.100000,0.000000,0,0,0,0,0,0,0,0,0,0,0,10,0,42000,42341.73440877348,41649.39888892695,42980.157683137804,128.0
1790318568,2,TPOT,completion,0.100000,0.000000,0,0,0,0,0,0,0,0,0,0,0,10,0,290,291.0137279685147,286.6787996920427,294.4715441805934,0.0
1790318568,2,TTFT,completion,0.100000,0.000000,0,0,0,0,0,0,0,0,0,0,0,10,0,5200,5382.382508111186,5184.701354010031,5708.354471018538,0.0
1790318568,2,,Aggregated,0.300000,0.000000,0,0,0,0,0,0,0,0,0,0,0,30,0,5200,16005.043548284393,286.6787996920427,42980.157683137804,42.666666666666664
1790318569,2,POST,completion,0.100000,0.000000,0,0,0,0,0,0,0,0,0,0,0,10,0,42000,42341.73440877348,41649.39888892695,42980.157683137804,128.0
1790318569,2,TPOT,completion,0.100000,0.000000,0,0,0,0,0,0,0,0,0,0,0,10,0,290,291.0137279685147,286.6787996920427,294.4715441805934,0.0
1790318569,2,TTFT,completion,0.100000,0.000000,0,0,0,0,0,0,0,0,0,0,0,10,0,5200,5382.382508111186,5184.701354010031,5708.354471018538,0.0
1790318569,2,,Aggregated,0.300000,0.000000,0,0,0,0,0,0,0,0,0,0,0,30,0,5200,16005.043548284393,286.6787996920427,42980.157683137804,42.666666666666664
1790318570,2,POST,completion,0.100000,0.000000,0,0,0,0,0,0,0,0,0,0,0,10,0,42000,42341.73440877348,41649.39888892695,42980.157683137804,128.0
1790318570,2,TPOT,completion,0.100000,0.000000,0,0,0,0,0,0,0,0,0,0,0,10,0,290,291.0137279685147,286.6787996920427,294.4715441805934,0.0
1790318570,2,TTFT,completion,0.100000,0.000000,0,0,0,0,0,0,0,0,0,0,0,10,0,5200,5382.382508111186,5184.701354010031,5708.354471018538,0.0
1790318570,2,,Aggregated,0.300000,0.000000,0,0,0,0,0,0,0,0,0,0,0,30,0,5200,16005.043548284393,286.6787996920427,42980.157683137804,42.666666666666664
1790318571,2,POST,completion,0.000000,0.000000,0,0,0,0,0,0,0,0,0,0,0,11,0,42000,42336.13328760574,41649.39888892695,42980.157683137804,128.0
1790318571,2,TPOT,completion,0.000000,0.000000,0,0,0,0,0,0,0,0,0,0,0,11,0,290,290.796413874679,286.6787996920427,294.4715441805934,0.0
1790318571,2,TTFT,completion,0.000000,0.000000,0,0,0,0,0,0,0,0,0,0,0,11,0,5200,5404.383860655467,5184.701354010031,5708.354471018538,0.0
1790318571,2,,Aggregated,0.000000,0.000000,0,0,0,0,0,0,0,0,0,0,0,33,0,5200,16010.437854045296,286.6787996920427,42980.157683137804,42.666666666666664
1790318572,2,POST,completion,0.000000,0.000000,42000,42000,42000,42000,42000,42000,42000,42000,42000,42000,42000,11,0,42000,42336.13328760574,41649.39888892695,42980.157683137804,128.0
1790318572,2,TPOT,completion,0.000000,0.000000,290,290,290,290,290,290,290,290,290,290,290,11,0,290,290.796413874679,286.6787996920427,294.4715441805934,0.0
1790318572,2,TTFT,completion,0.000000,0.000000,5600,5600,5600,5600,5600,5600,5600,5600,5600,5600,5600,11,0,5200,5404.383860655467,5184.701354010031,5708.354471018538,0.0
1790318572,2,,Aggregated,0.000000,0.000000,5600,5600,42000,42000,42000,42000,42000,42000,42000,42000,42000,33,0,5200,16010.437854045296,286.6787996920427,42980.157683137804,42.666666666666664
1790318573,2,POST,completion,0.000000,0.000000,42000,42000,42000,42000,42000,42000,42000,42000,42000,42000,42000,11,0,42000,42336.13328760574,41649.39888892695,42980.157683137804,128.0
1790318573,2,TPOT,completion,0.000000,0.000000,290,290,290,290,290,290,290,290,290,290,290,11,0,290,290.796413874679,286.6787996920427,294.4715441805934,0.0
1790318573,2,TTFT,completion,0.000000,0.000000,5600,5600,5600,5600,5600,5600,5600,5600,5600,5600,5600,11,0,5200,5404.383860655467,5184.701354010031,5708.354471018538,0.0
1790318573,2,,Aggregated,0.000000,0.000000,5600,5600,42000,42000,42000,42000,42000,42000,42000,42000,42000,33,0,5200,16010.437854045296,286.6787996920427,42980.157683137804,42.666666666666664
1790318574,2,POST,completion,0.100000,0.000000,42000,42000,42000,42000,42000,42000,42000,42000,42000,42000,42000,12,0,42000,42331.867111225925,41649.39888892695,42980.157683137804,128.0
1790318574,2,TPOT,completion,0.100000,0.000000,290,290,290,290,290,290,290,290,290,290,290,12,0,290,290.58944714821513,286.6787996920427,294.4715441805934,0.0
1790318574,2,TTFT,completion,0.100000,0.000000,5700,5700,5700,5700,5700,5700,5700,5700,5700,5700,5700,12,0,5600,5426.401556353085,5184.701354010031,5708.354471018538,0.0
1790318574,2,,Aggregated,0.300000,0.000000,5700,5700,42000,42000,42000,42000,42000,42000,42000,42000,42000,36,0,5600,16016.286038242406,286.6787996920427,42980.157683137804,42.666666666666664
1790318575,2,POST,completion,0.100000,0.000000,42000,42000,42000,42000,42000,42000,42000,42000,42000,42000,42000,12,0,42000,42331.867111225925,41649.39888892695,42980.157683137804,128.0
1790318575,2,TPOT,completion,0.100000,0.000000,290,290,290,290,290,290,290,290,290,290,290,12,0,290,290.58944714821513,286.6787996920427,294.4715441805934,0.0
1790318575,2,TTFT,completion,0.100000,0.000000,5700,5700,5700,5700,5700,5700,5700,5700,5700,5700,5700,12,0,5600,5426.401556353085,5184.701354010031,5708.354471018538,0.0
1790318575,2,,Aggregated,0.300000,0.000000,5700,5700,42000,42000,42000,42000,42000,42000,42000,42000,42000,36,0,5600,16016.286038242406,286.6787996920427,42980.157683137804,42.666666666666664
1790318576,2,POST,completion,0.100000,0.000000,42000,42000,42000,42000,42000,42000,42000,42000,42000,42000,42000,12,0,42000,42331.867111225925,41649.39888892695,42980.157683137804,128.0
1790318576,2,TPOT,completion,0.100000,0.000000,290,290,290,290,290,290,290,290,290,290,290,12,0,290,290.58944714821513,286.6787996920427,294.4715441805934,0.0
1790318576,2,TTFT,completion,0.100000,0.000000,5700,5700,5700,5700,5700,5700,5700,5700,5700,5700,5700,12,0,5600,5426.401556353085,5184.701354010031,5708.354471018538,0.0
1790318576,2,,Aggregated,0.300000,0.000000,5700,5700,42000,42000,42000,42000,42000,42000,42000,42000,42000,36,0,5600,16016.286038242406,286.6787996920427,42980.157683137804,42.666666666666664
1790318577,2,POST,completion,0.100000,0.000000,42000,42000,42000,42000,42000,42000,42000,42000,42000,42000,42000,12,0,42000,42331.867111225925,41649.39888892695,42980.157683137804,128.0
1790318577,2,TPOT,completion,0.100000,0.000000,290,290,290,290,290,290,290,290,290,290,290,12,0,290,290.58944714821513,286.6787996920427,294.4715441805934,0.0
1790318577,2,TTFT,completion,0.100000,0.000000,5700,5700,5700,5700,5700,5700,5700,5700,5700,5700,5700,12,0,5600,5426.401556353085,5184.701354010031,5708.354471018538,0.0
1790318577,2,,Aggregated,0.300000,0.000000,5700,5700,42000,42000,42000,42000,42000,42000,42000,42000,42000,36,0,5600,16016.286038242406,286.6787996920427,42980.157683137804,42.666666666666664
1790318578,2,POST,completion,0.100000,0.000000,42000,42000,42000,42000,42000,42000,42000,42000,42000,42000,42000,12,0,42000,42331.867111225925,41649.39888892695,42980.157683137804,128.0
1790318578,2,TPOT,completion,0.100000,0.000000,290,290,290,290,290,290,290,290,290,290,290,12,0,290,290.58944714821513,286.6787996920427,294.4715441805934,0.0
1790318578,2,TTFT,completion,0.100000,0.000000,5700,5700,5700,5700,5700,5700,5700,5700,5700,5700,5700,12,0,5600,5426.401556353085,5184.701354010031,5708.354471018538,0.0
1790318578,2,,Aggregated,0.300000,0.000000,5700,5700,42000,42000,42000,42000,42000,42000,42000,42000,42000,36,0,5600,16016.286038242406,286.6787996920427,42980.157683137804,42.666666666666664
1790318579,2,POST,completion,0.100000,0.000000,42000,42000,42000,42000,42000,42000,42000,42000,42000,42000,42000,12,0,42000,42331.867111225925,41649.39888892695,42980.157683137804,128.0
1790318579,2,TPOT,completion,0.100000,0.000000,290,290,290,290,290,290,290,290,290,290,290,12,0,290,290.58944714821513,286.6787996920427,294.4715441805934,0.0
1790318579,2,TTFT,completion,0.100000,0.000000,5700,5700,5700,5700,5700,5700,5700,5700,5700,5700,5700,12,0,5600,5426.401556353085,5184.701354010031,5708.354471018538,0.0
1790318579,2,,Aggregated,0.300000,0.000000,5700,5700,42000,42000,42000,42000,42000,42000,42000,42000,42000,36,0,5600,16016.286038242406,286.6787996920427,42980.157683137804,42.666666666666664
1790318580,2,POST,completion,0.100000,0.000000,42000,42000,42000,42000,42000,42000,42000,42000,42000,42000,42000,12,0,42000,42331.867111225925,41649.39888892695,42980.157683137804,128.0
1790318580,2,TPOT,completion,0.100000,0.000000,290,290,290,290,290,290,290,290,290,290,290,12,0,290,290.58944714821513,286.6787996920427,294.4715441805934,0.0
1790318580,2,TTFT,completion,0.100000,0.000000,5700,5700,5700,5700,5700,5700,5700,5700,5700,5700,5700,12,0,5600,5426.401556353085,5184.701354010031,5708.354471018538,0.0
1790318580,2,,Aggregated,0.300000,0.000000,5700,5700,42000,42000,42000,42000,42000,42000,42000,42000,42000,36,0,5600,16016.286038242406,286.6787996920427,42980.157683137804,42.666666666666664
1790318581,2,POST,completion,0.100000,0.000000,42000,42000,42000,42000,42000,42000,42000,42000,42000,42000,42000,12,0,42000,42331.867111225925,41649.39888892695,42980.157683137804,128.0
1790318581,2,TPOT,completion,0.100000,0.000000,290,290,290,290,290,290,290,290,290,290,290,12,0,290,290.58944714821513,286.6787996920427,294.4715441805934,0.0
1790318581,2,TTFT,completion,0.100000,0.000000,5700,5700,5700,5700,5700,5700,5700,5700,5700,5700,5700,12,0,5600,5426.401556353085,5184.701354010031,5708.354471018538,0.0
1790318581,2,,Aggregated,0.300000,0.000000,5700,5700,42000,42000,42000,42000,42000,42000,42000,42000,42000,36,0,5600,16016.286038242406,286.6787996920427,42980.157683137804,42.666666666666664
1790318582,2,POST,completion,0.100000,0.000000,42000,42000,42000,42000,42000,42000,42000,42000,42000,42000,42000,12,0,42000,42331.867111225925,41649.39888892695,42980.157683137804,128.0
1790318582,2,TPOT,completion,0.100000,0.000000,290,290,290,290,290,290,290,290,290,290,290,12,0,290,290.58944714821513,286.6787996920427,294.4715441805934,0.0
1790318582,2,TTFT,completion,0.100000,0.000000,5700,5700,5700,5700,5700,5700,5700,5700,5700,5700,5700,12,0,5600,5426.401556353085,5184.701354010031,5708.354471018538,0.0
1790318582,2,,Aggregated,0.300000,0.000000,5700,5700,42000,42000,42000,42000,42000,42000,42000,42000,42000,36,0,5600,16016.286038242406,286.6787996920427,42980.157683137804,42.666666666666664
1790318583,2,POST,completion,0.100000,0.000000,42000,42000,42000,42000,42000,42000,42000,42000,42000,42000,42000,12,0,42000,42331.867111225925,41649.39888892695,42980.157683137804,128.0
1790318583,2,TPOT,completion,0.100000,0.000000,290,290,290,290,290,290,290,290,290,290,290,12,0,290,290.58944714821513,286.6787996920427,294.4715441805934,0.0
1790318583,2,TTFT,completion,0.100000,0.000000,5700,5700,5700,5700,5700,5700,5700,5700,5700,5700,5700,12,0,5600,5426.401556353085,5184.701354010031,5708.354471018538,0.0
1790318583,2,,Aggregated,0.300000,0.000000,5700,5700,42000,42000,42000,42000,42000,42000,42000,42000,42000,36,0,5600,16016.286038242406,286.6787996920427,42980.157683137804,42.666666666666664
1790318584,2,POST,completion,0.100000,0.000000,42000,42000,42000,42000,42000,42000,42000,42000,42000,42000,42000,12,0,42000,42331.867111225925,41649.39888892695,42980.157683137804,128.0
1790318584,2,TPOT,completion,0.100000,0.000000,290,290,290,290,290,290,290,290,290,290,290,12,0,290,290.58944714821513,286.6787996920427,294.4715441805934,0.0
1790318584,2,TTFT,completion,0.100000,0.000000,5700,5700,5700,5700,5700,5700,5700,5700,5700,5700,5700,12,0,5600,5426.401556353085,5184.701354010031,5708.354471018538,0.0
1790318584,2,,Aggregated,0.300000,0.000000,5700,5700,42000,42000,42000,42000,42000,42000,42000,42000,42000,36,0,5600,16016.286038242406,286.6787996920427,42980.157683137804,42.666666666666664
1790318585,2,POST,completion,0.100000,0.000000,42000,42000,42000,42000,42000,42000,42000,42000,42000,42000,42000,12,0,42000,42331.867111225925,41649.39888892695,42980.157683137804,128.0
1790318585,2,TPOT,completion,0.100000,0.000000,290,290,290,290,290,290,290,290,290,290,290,12,0,290,290.58944714821513,286.6787996920427,294.4715441805934,0.0
1790318585,2,TTFT,completion,0.100000,0.000000,5700,5700,5700,5700,5700,5700,5700,5700,5700,5700,5700,12,0,5600,5426.401556353085,5184.701354010031,5708.354471018538,0.0
1790318585,2,,Aggregated,0.300000,0.000000,5700,5700,42000,42000,42000,42000,42000,42000,42000,42000,42000,36,0,5600,16016.286038242406,286.6787996920427,42980.157683137804,42.666666666666664
1790318586,2,POST,completion,0.100000,0.000000,42000,42000,42000,42000,42000,42000,42000,42000,42000,42000,42000,12,0,42000,42331.867111225925,41649.39888892695,42980.157683137804,128.0
1790318586,2,TPOT,completion,0.100000,0.000000,290,290,290,290,290,290,290,290,290,290,290,12,0,290,290.58944714821513,286.6787996920427,294.4715441805934,0.0
1790318586,2,TTFT,completion,0.100000,0.000000,5700,5700,5700,5700,5700,5700,5700,5700,5700,5700,5700,12,0,5600,5426.401556353085,5184.701354010031,5708.354471018538,0.0
1790318586,2,,Aggregated,0.300000,0.000000,5700,5700,42000,42000,42000,42000,42000,42000,42000,42000,42000,36,0,5600,16016.286038242406,286.6787996920427,42980.157683137804,42.666666666666664
1790318587,2,POST,completion,0.100000,0.000000,42000,42000,42000,42000,42000,42000,42000,42000,42000,42000,42000,12,0,42000,42331.867111225925,41649.39888892695,42980.157683137804,128.0
1790318587,2,TPOT,completion,0.100000,0.000000,290,290,290,290,290,290,290,290,290,290,290,12,0,290,290.58944714821513,286.6787996920427,294.4715441805934,0.0
1790318587,2,TTFT,completion,0.100000,0.000000,5700,5700,5700,5700,5700,5700,5700,5700,5700,5700,5700,12,0,5600,5426.401556353085,5184.701354010031,5708.354471018538,0.0
1790318587,2,,Aggregated,0.300000,0.000000,5700,5700,42000,42000,42000,42000,42000,42000,42000,42000,42000,36,0,5600,16016.286038242406,286.6787996920427,42980.157683137804,42.666666666666664
1790318588,2,POST,completion,0.100000,0.000000,42000,42000,42000,42000,42000,42000,42000,42000,42000,42000,42000,12,0,42000,42331.867111225925,41649.39888892695,42980.157683137804,128.0
1790318588,2,TPOT,completion,0.100000,0.000000,290,290,290,290,290,290,290,290,290,290,290,12,0,290,290.58944714821513,286.6787996920427,294.4715441805934,0.0
1790318588,2,TTFT,completion,0.100000,0.000000,5700,5700,5700,5700,5700,5700,5700,5700,5700,5700,5700,12,0,5600,5426.401556353085,5184.701354010031,5708.354471018538,0.0
1790318588,2,,Aggregated,0.300000,0.000000,5700,5700,42000,42000,42000,42000,42000,42000,42000,42000,42000,36,0,5600,16016.286038242406,286.6787996920427,42980.157683137804,42.666666666666664
1790318589,2,POST,completion,0.100000,0.000000,42000,42000,42000,42000,42000,42000,42000,42000,42000,42000,42000,12,0,42000,42331.867111225925,41649.39888892695,42980.157683137804,128.0
1790318589,2,TPOT,completion,0.100000,0.000000,290,290,290,290,290,290,290,290,290,290,290,12,0,290,290.58944714821513,286.6787996920427,294.4715441805934,0.0
1790318589,2,TTFT,completion,0.100000,0.000000,5700,5700,5700,5700,5700,5700,5700,5700,5700,5700,5700,12,0,5600,5426.401556353085,5184.701354010031,5708.354471018538,0.0
1790318589,2,,Aggregated,0.300000,0.000000,5700,5700,42000,42000,42000,42000,42000,42000,42000,42000,42000,36,0,5600,16016.286038242406,286.6787996920427,42980.157683137804,42.666666666666664
1790318590,2,POST,completion,0.100000,0.000000,42000,42000,42000,42000,42000,42000,42000,42000,42000,42000,42000,12,0,42000,42331.867111225925,41649.39888892695,42980.157683137804,128.0
1790318590,2,TPOT,completion,0.100000,0.000000,290,290,290,290,290,290,290,290,290,290,290,12,0,290,290.58944714821513,286.6787996920427,294.4715441805934,0.0
1790318590,2,TTFT,completion,0.100000,0.000000,5700,5700,5700,5700,5700,5700,5700,5700,5700,5700,5700,12,0,5600,5426.401556353085,5184.701354010031,5708.354471018538,0.0
1790318590,2,,Aggregated,0.300000,0.000000,5700,5700,42000,42000,42000,42000,42000,42000,42000,42000,42000,36,0,5600,16016.286038242406,286.6787996920427,42980.157683137804,42.666666666666664
1790318591,2,POST,completion,0.100000,0.000000,42000,42000,42000,42000,42000,42000,42000,42000,42000,42000,42000,12,0,42000,42331.867111225925,41649.39888892695,42980.157683137804,128.0
1790318591,2,TPOT,completion,0.100000,0.000000,290,290,290,290,290,290,290,290,290,290,290,12,0,290,290.58944714821513,286.6787996920427,294.4715441805934,0.0
1790318591,2,TTFT,completion,0.100000,0.000000,5700,5700,5700,5700,5700,5700,5700,5700,5700,5700,5700,12,0,5600,5426.401556353085,5184.701354010031,5708.354471018538,0.0
1790318591,2,,Aggregated,0.300000,0.000000,5700,5700,42000,42000,42000,42000,42000,42000,42000,42000,42000,36,0,5600,16016.286038242406,286.6787996920427,42980.157683137804,42.666666666666664
1790318592,2,POST,completion,0.100000,0.000000,0,0,0,0,0,0,0,0,0,0,0,12,0,42000,42331.867111225925,41649.39888892695,42980.157683137804,128.0
1790318592,2,TPOT,completion,0.100000,0.000000,0,0,0,0,0,0,0,0,0,0,0,12,0,290,290.58944714821513,286.6787996920427,294.4715441805934,0.0
1790318592,2,TTFT,completion,0.100000,0.000000,0,0,0,0,0,0,0,0,0,0,0,12,0,5600,5426.401556353085,5184.701354010031,5708.354471018538,0.0
1790318592,2,,Aggregated,0.300000,0.000000,0,0,0,0,0,0,0,0,0,0,0,36,0,5600,16016.286038242406,286.6787996920427,42980.157683137804,42.666666666666664
1790318593,2,POST,completion,0.100000,0.000000,0,0,0,0,0,0,0,0,0,0,0,12,0,42000,42331.867111225925,41649.39888892695,42980.157683137804,128.0
1790318593,2,TPOT,completion,0.100000,0.000000,0,0,0,0,0,0,0,0,0,0,0,12,0,290,290.58944714821513,286.6787996920427,294.4715441805934,0.0
1790318593,2,TTFT,completion,0.100000,0.000000,0,0,0,0,0,0,0,0,0,0,0,12,0,5600,5426.401556353085,5184.701354010031,5708.354471018538,0.0
1790318593,2,,Aggregated,0.300000,0.000000,0,0,0,0,0,0,0,0,0,0,0,36,0,5600,16016.286038242406,286.6787996920427,42980.157683137804,42.666666666666664
1790318594,2,POST,completion,0.100000,0.000000,0,0,0,0,0,0,0,0,0,0,0,12,0,42000,42331.867111225925,41649.39888892695,42980.157683137804,128.0
1790318594,2,TPOT,completion,0.100000,0.000000,0,0,0,0,0,0,0,0,0,0,0,12,0,290,290.58944714821513,286.6787996920427,294.4715441805934,0.0
1790318594,2,TTFT,completion,0.100000,0.000000,0,0,0,0,0,0,0,0,0,0,0,12,0,5600,5426.401556353085,5184.701354010031,5708.354471018538,0.0
1790318594,2,,Aggregated,0.300000,0.000000,0,0,0,0,0,0,0,0,0,0,0,36,0,5600,16016.286038242406,286.6787996920427,42980.157683137804,42.666666666666664
1790318595,2,POST,completion,0.100000,0.000000,0,0,0,0,0,0,0,0,0,0,0,12,0,42000,42331.867111225925,41649.39888892695,42980.157683137804,128.0
1790318595,2,TPOT,completion,0.100000,0.000000,0,0,0,0,0,0,0,0,0,0,0,12,0,290,290.58944714821513,286.6787996920427,294.4715441805934,0.0
1790318595,2,TTFT,completion,0.100000,0.000000,0,0,0,0,0,0,0,0,0,0,0,12,0,5600,5426.401556353085,5184.701354010031,5708.354471018538,0.0
1790318595,2,,Aggregated,0.300000,0.000000,0,0,0,0,0,0,0,0,0,0,0,36,0,5600,16016.286038242406,286.6787996920427,42980.157683137804,42.666666666666664
1790318596,2,POST,completion,0.100000,0.000000,0,0,0,0,0,0,0,0,0,0,0,12,0,42000,42331.867111225925,41649.39888892695,42980.157683137804,128.0
1790318596,2,TPOT,completion,0.100000,0.000000,0,0,0,0,0,0,0,0,0,0,0,12,0,290,290.58944714821513,286.6787996920427,294.4715441805934,0.0
1790318596,2,TTFT,completion,0.100000,0.000000,0,0,0,0,0,0,0,0,0,0,0,12,0,5600,5426.401556353085,5184.701354010031,5708.354471018538,0.0
1790318596,2,,Aggregated,0.300000,0.000000,0,0,0,0,0,0,0,0,0,0,0,36,0,5600,16016.286038242406,286.6787996920427,42980.157683137804,42.666666666666664
1790318597,2,POST,completion,0.100000,0.000000,0,0,0,0,0,0,0,0,0,0,0,12,0,42000,42331.867111225925,41649.39888892695,42980.157683137804,128.0
1790318597,2,TPOT,completion,0.100000,0.000000,0,0,0,0,0,0,0,0,0,0,0,12,0,290,290.58944714821513,286.6787996920427,294.4715441805934,0.0
1790318597,2,TTFT,completion,0.100000,0.000000,0,0,0,0,0,0,0,0,0,0,0,12,0,5600,5426.401556353085,5184.701354010031,5708.354471018538,0.0
1790318597,2,,Aggregated,0.300000,0.000000,0,0,0,0,0,0,0,0,0,0,0,36,0,5600,16016.286038242406,286.6787996920427,42980.157683137804,42.666666666666664
1790318598,2,POST,completion,0.100000,0.000000,0,0,0,0,0,0,0,0,0,0,0,12,0,42000,42331.867111225925,41649.39888892695,42980.157683137804,128.0
1790318598,2,TPOT,completion,0.100000,0.000000,0,0,0,0,0,0,0,0,0,0,0,12,0,290,290.58944714821513,286.6787996920427,294.4715441805934,0.0
1790318598,2,TTFT,completion,0.100000,0.000000,0,0,0,0,0,0,0,0,0,0,0,12,0,5600,5426.401556353085,5184.701354010031,5708.354471018538,0.0
1790318598,2,,Aggregated,0.300000,0.000000,0,0,0,0,0,0,0,0,0,0,0,36,0,5600,16016.286038242406,286.6787996920427,42980.157683137804,42.666666666666664
1790318599,2,POST,completion,0.100000,0.000000,0,0,0,0,0,0,0,0,0,0,0,12,0,42000,42331.867111225925,41649.39888892695,42980.157683137804,128.0
1790318599,2,TPOT,completion,0.100000,0.000000,0,0,0,0,0,0,0,0,0,0,0,12,0,290,290.58944714821513,286.6787996920427,294.4715441805934,0.0
1790318599,2,TTFT,completion,0.100000,0.000000,0,0,0,0,0,0,0,0,0,0,0,12,0,5600,5426.401556353085,5184.701354010031,5708.354471018538,0.0
1790318599,2,,Aggregated,0.300000,0.000000,0,0,0,0,0,0,0,0,0,0,0,36,0,5600,16016.286038242406,286.6787996920427,42980.157683137804,42.666666666666664
1790318600,2,POST,completion,0.100000,0.000000,0,0,0,0,0,0,0,0,0,0,0,12,0,42000,42331.867111225925,41649.39888892695,42980.157683137804,128.0
1790318600,2,TPOT,completion,0.100000,0.000000,0,0,0,0,0,0,0,0,0,0,0,12,0,290,290.58944714821513,286.6787996920427,294.4715441805934,0.0
1790318600,2,TTFT,completion,0.100000,0.000000,0,0,0,0,0,0,0,0,0,0,0,12,0,5600,5426.401556353085,5184.701354010031,5708.354471018538,0.0
1790318600,2,,Aggregated,0.300000,0.000000,0,0,0,0,0,0,0,0,0,0,0,36,0,5600,16016.286038242406,286.6787996920427,42980.157683137804,42.666666666666664
1790318601,2,POST,completion,0.100000,0.000000,0,0,0,0,0,0,0,0,0,0,0,12,0,42000,42331.867111225925,41649.39888892695,42980.157683137804,128.0
1790318601,2,TPOT,completion,0.100000,0.000000,0,0,0,0,0,0,0,0,0,0,0,12,0,290,290.58944714821513,286.6787996920427,294.4715441805934,0.0
1790318601,2,TTFT,completion,0.100000,0.000000,0,0,0,0,0,0,0,0,0,0,0,12,0,5600,5426.401556353085,5184.701354010031,5708.354471018538,0.0
1790318601,2,,Aggregated,0.300000,0.000000,0,0,0,0,0,0,0,0,0,0,0,36,0,5600,16016.286038242406,286.6787996920427,42980.157683137804,42.666666666666664
1790318602,2,POST,completion,0.100000,0.000000,0,0,0,0,0,0,0,0,0,0,0,12,0,42000,42331.867111225925,41649.39888892695,42980.157683137804,128.0
1790318602,2,TPOT,completion,0.100000,0.000000,0,0,0,0,0,0,0,0,0,0,0,12,0,290,290.58944714821513,286.6787996920427,294.4715441805934,0.0
1790318602,2,TTFT,completion,0.100000,0.000000,0,0,0,0,0,0,0,0,0,0,0,12,0,5600,5426.401556353085,5184.701354010031,5708.354471018538,0.0
1790318602,2,,Aggregated,0.300000,0.000000,0,0,0,0,0,0,0,0,0,0,0,36,0,5600,16016.286038242406,286.6787996920427,42980.157683137804,42.666666666666664
1790318603,2,POST,completion,0.100000,0.000000,0,0,0,0,0,0,0,0,0,0,0,12,0,42000,42331.867111225925,41649.39888892695,42980.157683137804,128.0
1790318603,2,TPOT,completion,0.100000,0.000000,0,0,0,0,0,0,0,0,0,0,0,12,0,290,290.58944714821513,286.6787996920427,294.4715441805934,0.0
1790318603,2,TTFT,completion,0.100000,0.000000,0,0,0,0,0,0,0,0,0,0,0,12,0,5600,5426.401556353085,5184.701354010031,5708.354471018538,0.0
1790318603,2,,Aggregated,0.300000,0.000000,0,0,0,0,0,0,0,0,0,0,0,36,0,5600,16016.286038242406,286.6787996920427,42980.157683137804,42.666666666666664
1790318604,2,POST,completion,0.100000,0.000000,0,0,0,0,0,0,0,0,0,0,0,12,0,42000,42331.867111225925,41649.39888892695,42980.157683137804,128.0
1790318604,2,TPOT,completion,0.100000,0.000000,0,0,0,0,0,0,0,0,0,0,0,12,0,290,290.58944714821513,286.6787996920427,294.4715441805934,0.0
1790318604,2,TTFT,completion,0.100000,0.000000,0,0,0,0,0,0,0,0,0,0,0,12,0,5600,5426.401556353085,5184.701354010031,5708.354471018538,0.0
1790318604,2,,Aggregated,0.300000,0.000000,0,0,0,0,0,0,0,0,0,0,0,36,0,5600,16016.286038242406,286.6787996920427,42980.157683137804,42.666666666666664
1790318605,2,POST,completion,0.100000,0.000000,0,0,0,0,0,0,0,0,0,0,0,12,0,42000,42331.867111225925,41649.39888892695,42980.157683137804,128.0
1790318605,2,TPOT,completion,0.100000,0.000000,0,0,0,0,0,0,0,0,0,0,0,12,0,290,290.58944714821513,286.6787996920427,294.4715441805934,0.0
1790318605,2,TTFT,completion,0.100000,0.000000,0,0,0,0,0,0,0,0,0,0,0,12,0,5600,5426.401556353085,5184.701354010031,5708.354471018538,0.0
1790318605,2,,Aggregated,0.300000,0.000000,0,0,0,0,0,0,0,0,0,0,0,36,0,5600,16016.286038242406,286.6787996920427,42980.157683137804,42.666666666666664
