Timestamp,User Count,Type,Name,Requests/s,Failures/s,50%,66%,75%,80%,90%,95%,98%,99%,99.9%,99.99%,100%,Total Request Count,Total Failure Count,Total Median Response Time,Total Average Response Time,Total Min Response Time,Total Max Response Time,Total Average Content Size
1790239759,0,,Aggregated,0.000000,0.000000,N/A,N/A,N/A,N/A,N/A,N/A,N/A,N/A,N/A,N/A,N/A,0,0,0,0.0,0,0,0
1790239760,1,,Aggregated,0.000000,0.000000,N/A,N/A,N/A,N/A,N/A,N/A,N/A,N/A,N/A,N/A,N/A,0,0,0,0.0,0,0,0
1790239761,2,,Aggregated,0.000000,0.000000,N/A,N/A,N/A,N/A,N/A,N/A,N/A,N/A,N/A,N/A,N/A,0,0,0,0.0,0,0,0
1790239762,3,,Aggregated,0.000000,0.000000,N/A,N/A,N/A,N/A,N/A,N/A,N/A,N/A,N/A,N/A,N/A,0,0,0,0.0,0,0,0
1790239763,4,,Aggregated,0.000000,0.000000,N/A,N/A,N/A,N/A,N/A,N/A,N/A,N/A,N/A,N/A,N/A,0,0,0,0.0,0,0,0
1790239764,4,,Aggregated,0.000000,0.000000,N/A,N/A,N/A,N/A,N/A,N/A,N/A,N/A,N/A,N/A,N/A,0,0,0,0.0,0,0,0
1790239765,4,,Aggregated,0.000000,0.000000,N/A,N/A,N/A,N/A,N/A,N/A,N/A,N/A,N/A,N/A,N/A,0,0,0,0.0,0,0,0
1790239766,4,,Aggregated,0.000000,0.000000,N/A,N/A,N/A,N/A,N/A,N/A,N/A,N/A,N/A,N/A,N/A,0,0,0,0.0,0,0,0
1790239767,4,,Aggregated,0.000000,0.000000,N/A,N/A,N/A,N/A,N/A,N/A,N/A,N/A,N/A,N/A,N/A,0,0,0,0.0,0,0,0
1790239768,4,,Aggregated,0.000000,0.000000,N/A,N/A,N/A,N/A,N/A,N/A,N/A,N/A,N/A,N/A,N/A,0,0,0,0.0,0,0,0
1790239769,4,,Aggregated,0.000000,0.000000,N/A,N/A,N/A,N/A,N/A,N/A,N/A,N/A,N/A,N/A,N/A,0,0,0,0.0,0,0,0
1790239770,4,,Aggregated,0.000000,0.000000,N/A,N/A,N/A,N/A,N/A,N/A,N/A,N/A,N/A,N/A,N/A,0,0,0,0.0,0,0,0
1790239771,4,,Aggregated,0.000000,0.000000,N/A,N/A,N/A,N/A,N/A,N/A,N/A,N/A,N/A,N/A,N/A,0,0,0,0.0,0,0,0
1790239772,4,,Aggregated,0.000000,0.000000,N/A,N/A,N/A,N/A,N/A,N/A,N/A,N/A,N/A,N/A,N/A,0,0,0,0.0,0,0,0
1790239773,4,,Aggregated,0.000000,0.000000,N/A,N/A,N/A,N/A,N/A,N/A,N/A,N/A,N/A,N/A,N/A,0,0,0,0.0,0,0,0
1790239774,4,,Aggregated,0.000000,0.000000,N/A,N/A,N/A,N/A,N/A,N/A,N/A,N/A,N/A,N/A,N/A,0,0,0,0.0,0,0,0
1790239775,4,,Aggregated,0.000000,0.000000,N/A,N/A,N/A,N/A,N/A,N/A,N/A,N/A,N/A,N/A,N/A,0,0,0,0.0,0,0,0
1790239776,4,,Aggregated,0.000000,0.000000,N/A,N/A,N/A,N/A,N/A,N/A,N/A,N/A,N/A,N/A,N/A,0,0,0,0.0,0,0,0
1790239777,4,,Aggregated,0.000000,0.000000,N/A,N/A,N/A,N/A,N/A,N/A,N/A,N/A,N/A,N/A,N/A,0,0,0,0.0,0,0,0
1790239778,4,,Aggregated,0.000000,0.000000,N/A,N/A,N/A,N/A,N/A,N/A,N/A,N/A,N/A,N/A,N/A,0,0,0,0.0,0,0,0
1790239779,4,,Aggregated,0.000000,0.000000,N/A,N/A,N/A,N/A,N/A,N/A,N/A,N/A,N/A,N/A,N/A,0,0,0,0.0,0,0,0
1790239780,4,,Aggregated,0.000000,0.000000,N/A,N/A,N/A,N/A,N/A,N/A,N/A,N/A,N/A,N/A,N/A,0,0,0,0.0,0,0,0
1790239781,4,,Aggregated,0.000000,0.000000,N/A,N/A,N/A,N/A,N/A,N/A,N/A,N/A,N/A,N/A,N/A,0,0,0,0.0,0,0,0
1790239782,4,,Aggregated,0.000000,0.000000,N/A,N/A,N/A,N/A,N/A,N/A,N/A,N/A,N/A,N/A,N/A,0,0,0,0.0,0,0,0
1790239783,4,,Aggregated,0.000000,0.000000,N/A,N/A,N/A,N/A,N/A,N/A,N/A,N/A,N/A,N/A,N/A,0,0,0,0.0,0,0,0
1790239784,4,,Aggregated,0.000000,0.000000,N/A,N/A,N/A,N/A,N/A,N/A,N/A,N/A,N/A,N/A,N/A,0,0,0,0.0,0,0,0
1790239785,4,,Aggregated,0.000000,0.000000,N/A,N/A,N/A,N/A,N/A,N/A,N/A,N/A,N/A,N/A,N/A,0,0,0,0.0,0,0,0
1790239786,4,,Aggregated,0.000000,0.000000,N/A,N/A,N/A,N/A,N/A,N/A,N/A,N/A,N/A,N/A,N/A,0,0,0,0.0,0,0,0
1790239787,4,,Aggregated,0.000000,0.000000,N/A,N/A,N/A,N/A,N/A,N/A,N/A,N/A,N/A,N/A,N/A,0,0,0,0.0,0,0,0
1790239788,4,,Aggregated,0.000000,0.000000,N/A,N/A,N/A,N/A,N/A,N/A,N/A,N/A,N/A,N/A,N/A,0,0,0,0.0,0,0,0
1790239789,4,,Aggregated,0.000000,0.000000,N/A,N/A,N/A,N/A,N/A,N/A,N/A,N/A,N/A,N/A,N/A,0,0,0,0.0,0,0,0
1790239790,4,,Aggregated,0.000000,0.000000,N/A,N/A,N/A,N/A,N/A,N/A,N/A,N/A,N/A,N/A,N/A,0,0,0,0.0,0,0,0
1790239791,4,,Aggregated,0.000000,0.000000,N/A,N/A,N/A,N/A,N/A,N/A,N/A,N/A,N/A,N/A,N/A,0,0,0,0.0,0,0,0
1790239792,4,,Aggregated,0.000000,0.000000,N/A,N/A,N/A,N/A,N/A,N/A,N/A,N/A,N/A,N/A,N/A,0,0,0,0.0,0,0,0
1790239793,4,,Aggregated,0.000000,0.000000,N/A,N/A,N/A,N/A,N/A,N/A,N/A,N/A,N/A,N/A,N/A,0,0,0,0.0,0,0,0
1790239794,4,,Aggregated,0.000000,0.000000,N/A,N/A,N/A,N/A,N/A,N/A,N/A,N/A,N/A,N/A,N/A,0,0,0,0.0,0,0,0
1790239795,4,,Aggregated,0.000000,0.000000,N/A,N/A,N/A,N/A,N/A,N/A,N/A,N/A,N/A,N/A,N/A,0,0,0,0.0,0,0,0
1790239796,4,,Aggregated,0.000000,0.000000,N/A,N/A,N/A,N/A,N/A,N/A,N/A,N/A,N/A,N/A,N/A,0,0,0,0.0,0,0,0
1790239797,4,,Aggregated,0.000000,0.000000,N/A,N/A,N/A,N/A,N/A,N/A,N/A,N/A,N/A,N/A,N/A,0,0,0,0.0,0,0,0
1790239798,4,,Aggregated,0.000000,0.000000,N/A,N/A,N/A,N/A,N/A,N/A,N/A,N/A,N/A,N/A,N/A,0,0,0,0.0,0,0,0
1790239799,4,,Aggregated,0.000000,0.000000,N/A,N/A,N/A,N/A,N/A,N/A,N/A,N/A,N/A,N/A,N/A,0,0,0,0.0,0,0,0
1790239800,4,,Aggregated,0.000000,0.000000,N/A,N/A,N/A,N/A,N/A,N/A,N/A,N/A,N/A,N/A,N/A,0,0,0,0.0,0,0,0
1790239801,4,,Aggregated,0.000000,0.000000,N/A,N/A,N/A,N/A,N/A,N/A,N/A,N/A,N/A,N/A,N/A,0,0,0,0.0,0,0,0
1790239802,4,,Aggregated,0.000000,0.000000,N/A,N/A,N/A,N/A,N/A,N/A,N/A,N/A,N/A,N/A,N/A,0,0,0,0.0,0,0,0
1790239803,4,,Aggregated,0.000000,0.000000,N/A,N/A,N/A,N/A,N/A,N/A,N/A,N/A,N/A,N/A,N/A,0,0,0,0.0,0,0,0
1790239804,4,,Aggregated,0.000000,0.000000,N/A,N/A,N/A,N/A,N/A,N/A,N/A,N/A,N/A,N/A,N/A,0,0,0,0.0,0,0,0
1790239805,4,,Aggregated,0.000000,0.000000,N/A,N/A,N/A,N/A,N/A,N/A,N/A,N/A,N/A,N/A,N/A,0,0,0,0.0,0,0,0
1790239806,4,,Aggregated,0.000000,0.000000,N/A,N/A,N/A,N/A,N/A,N/A,N/A,N/A,N/A,N/A,N/A,0,0,0,0.0,0,0,0
1790239807,4,,Aggregated,0.000000,0.000000,N/A,N/A,N/A,N/A,N/A,N/A,N/A,N/A,N/A,N/A,N/A,0,0,0,0.0,0,0,0
1790239808,4,,Aggregated,0.000000,0.000000,N/A,N/A,N/A,N/A,N/A,N/A,N/A,N/A,N/A,N/A,N/A,0,0,0,0.0,0,0,0
1790239809,4,,Aggregated,0.000000,0.000000,N/A,N/A,N/A,N/A,N/A,N/A,N/A,N/A,N/A,N/A,N/A,0,0,0,0.0,0,0,0
1790239810,4,,Aggregated,0.000000,0.000000,N/A,N/A,N/A,N/A,N/A,N/A,N/A,N/A,N/A,N/A,N/A,0,0,0,0.0,0,0,0
1790239811,4,,Aggregated,0.000000,0.000000,N/A,N/A,N/A,N/A,N/A,N/A,N/A,N/A,N/A,N/A,N/A,0,0,0,0.0,0,0,0
1790239812,4,,Aggregated,0.000000,0.000000,N/A,N/A,N/A,N/A,N/A,N/A,N/A,N/A,N/A,N/A,N/A,0,0,0,0.0,0,0,0
1790239813,4,,Aggregated,0.000000,0.000000,N/A,N/A,N/A,N/A,N/A,N/A,N/A,N/A,N/A,N/A,N/A,0,0,0,0.0,0,0,0
1790239814,4,,Aggregated,0.000000,0.000000,N/A,N/A,N/A,N/A,N/A,N/A,N/A,N/A,N/A,N/A,N/A,0,0,0,0.0,0,0,0
1790239815,4,,Aggregated,0.000000,0.000000,N/A,N/A,N/A,N/A,N/A,N/A,N/A,N/A,N/A,N/A,N/A,0,0,0,0.0,0,0,0
1790239816,4,,Aggregated,0.000000,0.000000,N/A,N/A,N/A,N/A,N/A,N/A,N/A,N/A,N/A,N/A,N/A,0,0,0,0.0,0,0,0
1790239817,4,,Aggregated,0.000000,0.000000,N/A,N/A,N/A,N/A,N/A,N/A,N/A,N/A,N/A,N/A,N/A,0,0,0,0.0,0,0,0
1790239818,4,,Aggregated,0.000000,0.000000,N/A,N/A,N/A,N/A,N/A,N/A,N/A,N/A,N/A,N/A,N/A,0,0,0,0.0,0,0,0
1790239819,4,,Aggregated,0.000000,0.000000,N/A,N/A,N/A,N/A,N/A,N/A,N/A,N/A,N/A,N/A,N/A,0,0,0,0.0,0,0,0
1790239820,4,,Aggregated,0.000000,0.000000,N/A,N/A,N/A,N/A,N/A,N/A,N/A,N/A,N/A,N/A,N/A,0,0,0,0.0,0,0,0
1790239821,4,POST,completion,0.000000,0.000000,0,0,0,0,0,0,0,0,0,0,0,1,0,44655.91594390571,44655.91594390571,44655.91594390571,44655.91594390571,128.0
1790239821,4,TPOT,completion,0.000000,0.000000,0,0,0,0,0,0,0,0,0,0,0,1,0,321.1944286297185,321.1944286297185,321.1944286297185,321.1944286297185,0.0
1790239821,4,TTFT,completion,0.000000,0.000000,0,0,0,0,0,0,0,0,0,0,0,1,0,3864.0952319838107,3864.0952319838107,3864.0952319838107,3864.0952319838107,0.0
1790239821,4,,Aggregated,0.000000,0.000000,0,0,0,0,0,0,0,0,0,0,0,3,0,3900,16280.401868173081,321.1944286297185,44655.91594390571,42.666666666666664
1790239822,4,POST,completion,0.000000,0.000000,0,0,0,0,0,0,0,0,0,0,0,1,0,44655.91594390571,44655.91594390571,44655.91594390571,44655.91594390571,128.0
1790239822,4,TPOT,completion,0.000000,0.000000,0,0,0,0,0,0,0,0,0,0,0,1,0,321.1944286297185,321.1944286297185,321.1944286297185,321.1944286297185,0.0
1790239822,4,TTFT,completion,0.000000,0.000000,0,0,0,0,0,0,0,0,0,0,0,1,0,3864.0952319838107,3864.0952319838107,3864.0952319838107,3864.0952319838107,0.0
1790239822,4,,Aggregated,0.000000,0.000000,0,0,0,0,0,0,0,0,0,0,0,3,0,3900,16280.401868173081,321.1944286297185,44655.91594390571,42.666666666666664
1790239823,4,POST,completion,0.000000,0.000000,48000,48000,48000,48000,48000,48000,48000,48000,48000,48000,48000,2,0,48000,46499.5336009888,44655.91594390571,48343.151258071885,128.0
1790239823,4,TPOT,completion,0.000000,0.000000,350,350,350,350,350,350,350,350,350,350,350,2,0,350,336.7474708104814,321.1944286297185,352.30051299124426,0.0
1790239823,4,TTFT,completion,0.000000,0.000000,3900,3900,3900,3900,3900,3900,3900,3900,3900,3900,3900,2,0,3864.0952319838107,3732.4621620355174,3600.829092087224,3864.0952319838107,0.0
1790239823,4,,Aggregated,0.000000,0.000000,0,0,0,0,0,0,0,0,0,0,0,6,0,3900,16856.2477446116,321.1944286297185,48343.151258071885,42.666666666666664
1790239824,4,POST,completion,0.000000,0.000000,48000,48000,48000,48000,48000,48000,48000,48000,48000,48000,48000,2,0,48000,46499.5336009888,44655.91594390571,48343.151258071885,128.0
1790239824,4,TPOT,completion,0.000000,0.000000,350,350,350,350,350,350,350,350,350,350,350,2,0,350,336.7474708104814,321.1944286297185,352.30051299124426,0.0
1790239824,4,TTFT,completion,0.000000,0.000000,3900,3900,3900,3900,3900,3900,3900,3900,3900,3900,3900,2,0,3864.0952319838107,3732.4621620355174,3600.829092087224,3864.0952319838107,0.0
1790239824,4,,Aggregated,0.000000,0.000000,3600,3600,48000,48000,48000,48000,48000,48000,48000,48000,48000,6,0,3900,16856.2477446116,321.1944286297185,48343.151258071885,42.666666666666664
1790239825,4,POST,completion,0.000000,0.000000,48000,48000,48000,48000,48000,48000,48000,48000,48000,48000,48000,2,0,48000,46499.5336009888,44655.91594390571,48343.151258071885,128.0
1790239825,4,TPOT,completion,0.000000,0.000000,350,350,350,350,350,350,350,350,350,350,350,2,0,350,336.7474708104814,321.1944286297185,352.30051299124426,0.0
1790239825,4,TTFT,completion,0.000000,0.000000,3900,3900,3900,3900,3900,3900,3900,3900,3900,3900,3900,2,0,3864.0952319838107,3732.4621620355174,3600.829092087224,3864.0952319838107,0.0
1790239825,4,,Aggregated,0.000000,0.000000,3600,3600,48000,48000,48000,48000,48000,48000,48000,48000,48000,6,0,3900,16856.2477446116,321.1944286297185,48343.151258071885,42.666666666666664
1790239826,4,POST,completion,0.000000,0.000000,48000,48000,48000,48000,48000,48000,48000,48000,48000,48000,48000,2,0,48000,46499.5336009888,44655.91594390571,48343.151258071885,128.0
1790239826,4,TPOT,completion,0.000000,0.000000,350,350,350,350,350,350,350,350,350,350,350,2,0,350,336.7474708104814,321.1944286297185,352.30051299124426,0.0
1790239826,4,TTFT,completion,0.000000,0.000000,3900,3900,3900,3900,3900,3900,3900,3900,3900,3900,3900,2,0,3864.0952319838107,3732.4621620355174,3600.829092087224,3864.0952319838107,0.0
1790239826,4,,Aggregated,0.000000,0.000000,3600,3600,48000,48000,48000,48000,48000,48000,48000,48000,48000,6,0,3900,16856.2477446116,321.1944286297185,48343.151258071885,42.666666666666664
1790239827,4,POST,completion,0.000000,0.000000,48000,48000,48000,48000,48000,48000,48000,48000,48000,48000,48000,2,0,48000,46499.5336009888,44655.91594390571,48343.151258071885,128.0
1790239827,4,TPOT,completion,0.000000,0.000000,350,350,350,350,350,350,350,350,350,350,350,2,0,350,336.7474708104814,321.1944286297185,352.30051299124426,0.0
1790239827,4,TTFT,completion,0.000000,0.000000,3900,3900,3900,3900,3900,3900,3900,3900,3900,3900,3900,2,0,3864.0952319838107,3732.4621620355174,3600.829092087224,3864.0952319838107,0.0
1790239827,4,,Aggregated,0.000000,0.000000,3600,3600,48000,48000,48000,48000,48000,48000,48000,48000,48000,6,0,3900,16856.2477446116,321.1944286297185,48343.151258071885,42.666666666666664
1790239828,4,POST,completion,0.000000,0.000000,48000,48000,48000,48000,48000,48000,48000,48000,48000,48000,48000,2,0,48000,46499.5336009888,44655.91594390571,48343.151258071885,128.0
1790239828,4,TPOT,completion,0.000000,0.000000,350,350,350,350,350,350,350,350,350,350,350,2,0,350,336.7474708104814,321.1944286297185,352.30051299124426,0.0
1790239828,4,TTFT,completion,0.000000,0.000000,3900,3900,3900,3900,3900,3900,3900,3900,3900,3900,3900,2,0,3864.0952319838107,3732.4621620355174,3600.829092087224,3864.0952319838107,0.0
1790239828,4,,Aggregated,0.000000,0.000000,3600,3600,48000,48000,48000,48000,48000,48000,48000,48000,48000,6,0,3900,16856.2477446116,321.1944286297185,48343.151258071885,42.666666666666664
1790239829,4,POST,completion,0.000000,0.000000,48000,48000,48000,48000,48000,48000,48000,48000,48000,48000,48000,2,0,48000,46499.5336009888,44655.91594390571,48343.151258071885,128.0
1790239829,4,TPOT,completion,0.000000,0.000000,350,350,350,350,350,350,350,350,350,350,350,2,0,350,336.7474708104814,321.1944286297185,352.30051299124426,0.0
1790239829,4,TTFT,completion,0.000000,0.000000,3900,3900,3900,3900,3900,3900,3900,3900,3900,3900,3900,2,0,3864.0952319838107,3732.4621620355174,3600.829092087224,3864.0952319838107,0.0
1790239829,4,,Aggregated,0.000000,0.000000,3600,3600,48000,48000,48000,48000,48000,48000,48000,48000,48000,6,0,3900,16856.2477446116,321.1944286297185,48343.151258071885,42.666666666666664
1790239830,4,POST,completion,0.000000,0.000000,48000,48000,48000,48000,48000,48000,48000,48000,48000,48000,48000,2,0,48000,46499.5336009888,44655.91594390571,48343.151258071885,128.0
1790239830,4,TPOT,completion,0.000000,0.000000,350,350,350,350,350,350,350,350,350,350,350,2,0,350,336.7474708104814,321.1944286297185,352.30051299124426,0.0
1790239830,4,TTFT,completion,0.000000,0.000000,3900,3900,3900,3900,3900,3900,3900,3900,3900,3900,3900,2,0,3864.0952319838107,3732.4621620355174,3600.829092087224,3864.0952319838107,0.0
1790239830,4,,Aggregated,0.000000,0.000000,3600,3600,48000,48000,48000,48000,48000,48000,48000,48000,48000,6,0,3900,16856.2477446116,321.1944286297185,48343.151258071885,42.666666666666664
1790239831,4,POST,completion,0.000000,0.000000,48000,48000,48000,48000,48000,48000,48000,48000,48000,48000,48000,2,0,48000,46499.5336009888,44655.91594390571,48343.151258071885,128.0
1790239831,4,TPOT,completion,0.000000,0.000000,350,350,350,350,350,350,350,350,350,350,350,2,0,350,336.7474708104814,321.1944286297185,352.30051299124426,0.0
1790239831,4,TTFT,completion,0.000000,0.000000,3900,3900,3900,3900,3900,3900,3900,3900,3900,3900,3900,2,0,3864.0952319838107,3732.4621620355174,3600.829092087224,3864.0952319838107,0.0
1790239831,4,,Aggregated,0.000000,0.000000,3600,3600,48000,48000,48000,48000,48000,48000,48000,48000,48000,6,0,3900,16856.2477446116,321.1944286297185,48343.151258071885,42.666666666666664
1790239832,4,POST,completion,0.000000,0.000000,48000,48000,48000,48000,48000,48000,48000,48000,48000,48000,48000,2,0,48000,46499.5336009888,44655.91594390571,48343.151258071885,128.0
1790239832,4,TPOT,completion,0.000000,0.000000,350,350,350,350,350,350,350,350,350,350,350,2,0,350,336.7474708104814,321.1944286297185,352.30051299124426,0.0
1790239832,4,TTFT,completion,0.000000,0.000000,3600,3600,3600,3600,3600,3600,3600,3600,3600,3600,3600,2,0,3864.0952319838107,3732.4621620355174,3600.829092087224,3864.0952319838107,0.0
1790239832,4,,Aggregated,0.000000,0.000000,3600,3600,48000,48000,48000,48000,48000,48000,48000,48000,48000,6,0,3900,16856.2477446116,321.1944286297185,48343.151258071885,42.666666666666664
1790239833,4,POST,completion,0.000000,0.000000,48000,48000,48000,48000,48000,48000,48000,48000,48000,48000,48000,2,0,48000,46499.5336009888,44655.91594390571,48343.151258071885,128.0
1790239833,4,TPOT,completion,0.000000,0.000000,350,350,350,350,350,350,350,350,350,350,350,2,0,350,336.7474708104814,321.1944286297185,352.30051299124426,0.0
1790239833,4,TTFT,completion,0.000000,0.000000,3600,3600,3600,3600,3600,3600,3600,3600,3600,3600,3600,2,0,3864.0952319838107,3732.4621620355174,3600.829092087224,3864.0952319838107,0.0
1790239833,4,,Aggregated,0.000000,0.000000,3600,3600,48000,48000,48000,48000,48000,48000,48000,48000,48000,6,0,3900,16856.2477446116,321.1944286297185,48343.151258071885,42.666666666666664
1790239834,4,POST,completion,0.100000,0.000000,48000,48000,48000,48000,48000,48000,48000,48000,48000,48000,48000,3,0,47000,46700.80889901146,44655.91594390571,48343.151258071885,128.0
1790239834,4,TPOT,completion,0.100000,0.000000,350,350,350,350,350,350,350,350,350,350,350,3,0,340,336.2797843249578,321.1944286297185,352.30051299124426,0.0
1790239834,4,TTFT,completion,0.100000,0.000000,4500,4500,4500,4500,4500,4500,4500,4500,4500,4500,4500,3,0,3900,3993.135355723401,3600.829092087224,4514.481743099168,0.0
1790239834,4,,Aggregated,0.300000,0.000000,4500,4500,47000,47000,48000,48000,48000,48000,48000,48000,48000,9,0,3900,17010.074679686608,321.1944286297185,48343.151258071885,42.666666666666664
1790239835,4,POST,completion,0.100000,0.000000,48000,48000,48000,48000,48000,48000,48000,48000,48000,48000,48000,3,0,47000,46700.80889901146,44655.91594390571,48343.151258071885,128.0
1790239835,4,TPOT,completion,0.100000,0.000000,350,350,350,350,350,350,350,350,350,350,350,3,0,340,336.2797843249578,321.1944286297185,352.30051299124426,0.0
1790239835,4,TTFT,completion,0.100000,0.000000,4500,4500,4500,4500,4500,4500,4500,4500,4500,4500,4500,3,0,3900,3993.135355723401,3600.829092087224,4514.481743099168,0.0
1790239835,4,,Aggregated,0.300000,0.000000,4500,4500,47000,47000,48000,48000,48000,48000,48000,48000,48000,9,0,3900,17010.074679686608,321.1944286297185,48343.151258071885,42.666666666666664
1790239836,4,POST,completion,0.100000,0.000000,48000,48000,48000,48000,48000,48000,48000,48000,48000,48000,48000,3,0,47000,46700.80889901146,44655.91594390571,48343.151258071885,128.0
1790239836,4,TPOT,completion,0.100000,0.000000,350,350,350,350,350,350,350,350,350,350,350,3,0,340,336.2797843249578,321.1944286297185,352.30051299124426,0.0
1790239836,4,TTFT,completion,0.100000,0.000000,4500,4500,4500,4500,4500,4500,4500,4500,4500,4500,4500,3,0,3900,3993.135355723401,3600.829092087224,4514.481743099168,0.0
1790239836,4,,Aggregated,0.300000,0.000000,4500,4500,47000,47000,48000,48000,48000,48000,48000,48000,48000,9,0,3900,17010.074679686608,321.1944286297185,48343.151258071885,42.666666666666664
1790239837,4,POST,completion,0.100000,0.000000,48000,48000,54000,54000,54000,54000,54000,54000,54000,54000,54000,4,0,48000,48640.382327721454,44655.91594390571,54459.10261385143,128.0
1790239837,4,TPOT,completion,0.100000,0.000000,350,350,390,390,390,390,390,390,390,390,390,4,0,350,350.510845170723,321.1944286297185,393.2040277080185,0.0
1790239837,4,TTFT,completion,0.100000,0.000000,4500,4500,4500,4500,4500,4500,4500,4500,4500,4500,4500,4,0,4500,4125.373257033061,3600.829092087224,4522.086960962042,0.0
1790239837,4,,Aggregated,0.300000,0.000000,4500,4500,47000,48000,54000,54000,54000,54000,54000,54000,54000,12,0,4500,17705.422143308413,321.1944286297185,54459.10261385143,42.666666666666664
1790239838,4,POST,completion,0.100000,0.000000,54000,54000,54000,54000,54000,54000,54000,54000,54000,54000,54000,4,0,48000,48640.382327721454,44655.91594390571,54459.10261385143,128.0
1790239838,4,TPOT,completion,0.100000,0.000000,390,390,390,390,390,390,390,390,390,390,390,4,0,350,350.510845170723,321.1944286297185,393.2040277080185,0.0
1790239838,4,TTFT,completion,0.100000,0.000000,4500,4500,4500,4500,4500,4500,4500,4500,4500,4500,4500,4,0,4500,4125.373257033061,3600.829092087224,4522.086960962042,0.0
1790239838,4,,Aggregated,0.300000,0.000000,4500,4500,47000,47000,54000,54000,54000,54000,54000,54000,54000,12,0,4500,17705.422143308413,321.1944286297185,54459.10261385143,42.666666666666664
1790239839,4,POST,completion,0.100000,0.000000,54000,54000,54000,54000,54000,54000,54000,54000,54000,54000,54000,4,0,48000,48640.382327721454,44655.91594390571,54459.10261385143,128.0
1790239839,4,TPOT,completion,0.100000,0.000000,390,390,390,390,390,390,390,390,390,390,390,4,0,350,350.510845170723,321.1944286297185,393.2040277080185,0.0
1790239839,4,TTFT,completion,0.100000,0.000000,4500,4500,4500,4500,4500,4500,4500,4500,4500,4500,4500,4,0,4500,4125.373257033061,3600.829092087224,4522.086960962042,0.0
1790239839,4,,Aggregated,0.300000,0.000000,4500,4500,47000,47000,54000,54000,54000,54000,54000,54000,54000,12,0,4500,17705.422143308413,321.1944286297185,54459.10261385143,42.666666666666664
1790239840,4,POST,completion,0.100000,0.000000,54000,54000,54000,54000,54000,54000,54000,54000,54000,54000,54000,4,0,48000,48640.382327721454,44655.91594390571,54459.10261385143,128.0
1790239840,4,TPOT,completion,0.100000,0.000000,390,390,390,390,390,390,390,390,390,390,390,4,0,350,350.510845170723,321.1944286297185,393.2040277080185,0.0
1790239840,4,TTFT,completion,0.100000,0.000000,4500,4500,4500,4500,4500,4500,4500,4500,4500,4500,4500,4,0,4500,4125.373257033061,3600.829092087224,4522.086960962042,0.0
1790239840,4,,Aggregated,0.300000,0.000000,4500,4500,47000,47000,54000,54000,54000,54000,54000,54000,54000,12,0,4500,17705.422143308413,321.1944286297185,54459.10261385143,42.666666666666664
1790239841,4,POST,completion,0.100000,0.000000,54000,54000,54000,54000,54000,54000,54000,54000,54000,54000,54000,4,0,48000,48640.382327721454,44655.91594390571,54459.10261385143,128.0
1790239841,4,TPOT,completion,0.100000,0.000000,390,390,390,390,390,390,390,390,390,390,390,4,0,350,350.510845170723,321.1944286297185,393.2040277080185,0.0
1790239841,4,TTFT,completion,0.100000,0.000000,4500,4500,4500,4500,4500,4500,4500,4500,4500,4500,4500,4,0,4500,4125.373257033061,3600.829092087224,4522.086960962042,0.0
1790239841,4,,Aggregated,0.300000,0.000000,4500,4500,47000,47000,54000,54000,54000,54000,54000,54000,54000,12,0,4500,17705.422143308413,321.1944286297185,54459.10261385143,42.666666666666664
1790239842,4,POST,completion,0.100000,0.000000,54000,54000,54000,54000,54000,54000,54000,54000,54000,54000,54000,4,0,48000,48640.382327721454,44655.91594390571,54459.10261385143,128.0
1790239842,4,TPOT,completion,0.100000,0.000000,390,390,390,390,390,390,390,390,390,390,390,4,0,350,350.510845170723,321.1944286297185,393.2040277080185,0.0
1790239842,4,TTFT,completion,0.100000,0.000000,4500,4500,4500,4500,4500,4500,4500,4500,4500,4500,4500,4,0,4500,4125.373257033061,3600.829092087224,4522.086960962042,0.0
1790239842,4,,Aggregated,0.300000,0.000000,4500,4500,47000,47000,54000,54000,54000,54000,54000,54000,54000,12,0,4500,17705.422143308413,321.1944286297185,54459.10261385143,42.666666666666664
1790239843,4,POST,completion,0.100000,0.000000,54000,54000,54000,54000,54000,54000,54000,54000,54000,54000,54000,4,0,48000,48640.382327721454,44655.91594390571,54459.10261385143,128.0
1790239843,4,TPOT,completion,0.100000,0.000000,390,390,390,390,390,390,390,390,390,390,390,4,0,350,350.510845170723,321.1944286297185,393.2040277080185,0.0
1790239843,4,TTFT,completion,0.100000,0.000000,4500,4500,4500,4500,4500,4500,4500,4500,4500,4500,4500,4,0,4500,4125.373257033061,3600.829092087224,4522.086960962042,0.0
1790239843,4,,Aggregated,0.300000,0.000000,4500,4500,47000,47000,54000,54000,54000,54000,54000,54000,54000,12,0,4500,17705.422143308413,321.1944286297185,54459.10261385143,42.666666666666664
1790239844,4,POST,completion,0.100000,0.000000,54000,54000,54000,54000,54000,54000,54000,54000,54000,54000,54000,4,0,48000,48640.382327721454,44655.91594390571,54459.10261385143,128.0
1790239844,4,TPOT,completion,0.100000,0.000000,390,390,390,390,390,390,390,390,390,390,390,4,0,350,350.510845170723,321.1944286297185,393.2040277080185,0.0
1790239844,4,TTFT,completion,0.100000,0.000000,4500,4500,4500,4500,4500,4500,4500,4500,4500,4500,4500,4,0,4500,4125.373257033061,3600.829092087224,4522.086960962042,0.0
1790239844,4,,Aggregated,0.300000,0.000000,4500,4500,47000,47000,54000,54000,54000,54000,54000,54000,54000,12,0,4500,17705.422143308413,321.1944286297185,54459.10261385143,42.666666666666664
1790239845,4,POST,completion,0.100000,0.000000,54000,54000,54000,54000,54000,54000,54000,54000,54000,54000,54000,4,0,48000,48640.382327721454,44655.91594390571,54459.10261385143,128.0
1790239845,4,TPOT,completion,0.100000,0.000000,390,390,390,390,390,390,390,390,390,390,390,4,0,350,350.510845170723,321.1944286297185,393.2040277080185,0.0
1790239845,4,TTFT,completion,0.100000,0.000000,4500,4500,4500,4500,4500,4500,4500,4500,4500,4500,4500,4,0,4500,4125.373257033061,3600.829092087224,4522.086960962042,0.0
1790239845,4,,Aggregated,0.300000,0.000000,4500,4500,54000,54000,54000,54000,54000,54000,54000,54000,54000,12,0,4500,17705.422143308413,321.1944286297185,54459.10261385143,42.666666666666664
1790239846,4,POST,completion,0.100000,0.000000,54000,54000,54000,54000,54000,54000,54000,54000,54000,54000,54000,4,0,48000,48640.382327721454,44655.91594390571,54459.10261385143,128.0
1790239846,4,TPOT,completion,0.100000,0.000000,390,390,390,390,390,390,390,390,390,390,390,4,0,350,350.510845170723,321.1944286297185,393.2040277080185,0.0
1790239846,4,TTFT,completion,0.100000,0.000000,4500,4500,4500,4500,4500,4500,4500,4500,4500,4500,4500,4,0,4500,4125.373257033061,3600.829092087224,4522.086960962042,0.0
1790239846,4,,Aggregated,0.300000,0.000000,4500,4500,54000,54000,54000,54000,54000,54000,54000,54000,54000,12,0,4500,17705.422143308413,321.1944286297185,54459.10261385143,42.666666666666664
1790239847,4,POST,completion,0.100000,0.000000,54000,54000,54000,54000,54000,54000,54000,54000,54000,54000,54000,4,0,48000,48640.382327721454,44655.91594390571,54459.10261385143,128.0
1790239847,4,TPOT,completion,0.100000,0.000000,390,390,390,390,390,390,390,390,390,390,390,4,0,350,350.510845170723,321.1944286297185,393.2040277080185,0.0
1790239847,4,TTFT,completion,0.100000,0.000000,4500,4500,4500,4500,4500,4500,4500,4500,4500,4500,4500,4,0,4500,4125.373257033061,3600.829092087224,4522.086960962042,0.0
1790239847,4,,Aggregated,0.300000,0.000000,4500,4500,54000,54000,54000,54000,54000,54000,54000,54000,54000,12,0,4500,17705.422143308413,321.1944286297185,54459.10261385143,42.666666666666664
1790239848,4,POST,completion,0.100000,0.000000,54000,54000,54000,54000,54000,54000,54000,54000,54000,54000,54000,4,0,48000,48640.382327721454,44655.91594390571,54459.10261385143,128.0
1790239848,4,TPOT,completion,0.100000,0.000000,390,390,390,390,390,390,390,390,390,390,390,4,0,350,350.510845170723,321.1944286297185,393.2040277080185,0.0
1790239848,4,TTFT,completion,0.100000,0.000000,4500,4500,4500,4500,4500,4500,4500,4500,4500,4500,4500,4,0,4500,4125.373257033061,3600.829092087224,4522.086960962042,0.0
1790239848,4,,Aggregated,0.300000,0.000000,4500,4500,54000,54000,54000,54000,54000,54000,54000,54000,54000,12,0,4500,17705.422143308413,321.1944286297185,54459.10261385143,42.666666666666664
1790239849,4,POST,completion,0.100000,0.000000,54000,54000,54000,54000,54000,54000,54000,54000,54000,54000,54000,4,0,48000,48640.382327721454,44655.91594390571,54459.10261385143,128.0
1790239849,4,TPOT,completion,0.100000,0.000000,390,390,390,390,390,390,390,390,390,390,390,4,0,350,350.510845170723,321.1944286297185,393.2040277080185,0.0
1790239849,4,TTFT,completion,0.100000,0.000000,4500,4500,4500,4500,4500,4500,4500,4500,4500,4500,4500,4,0,4500,4125.373257033061,3600.829092087224,4522.086960962042,0.0
1790239849,4,,Aggregated,0.300000,0.000000,4500,4500,54000,54000,54000,54000,54000,54000,54000,54000,54000,12,0,4500,17705.422143308413,321.1944286297185,54459.10261385143,42.666666666666664
1790239850,4,POST,completion,0.100000,0.000000,54000,54000,54000,54000,54000,54000,54000,54000,54000,54000,54000,4,0,48000,48640.382327721454,44655.91594390571,54459.10261385143,128.0
1790239850,4,TPOT,completion,0.100000,0.000000,390,390,390,390,390,390,390,390,390,390,390,4,0,350,350.510845170723,321.1944286297185,393.2040277080185,0.0
1790239850,4,TTFT,completion,0.100000,0.000000,4500,4500,4500,4500,4500,4500,4500,4500,4500,4500,4500,4,0,4500,4125.373257033061,3600.829092087224,4522.086960962042,0.0
1790239850,4,,Aggregated,0.300000,0.000000,4500,4500,54000,54000,54000,54000,54000,54000,54000,54000,54000,12,0,4500,17705.422143308413,321.1944286297185,54459.10261385143,42.666666666666664
1790239851,4,POST,completion,0.100000,0.000000,54000,54000,54000,54000,54000,54000,54000,54000,54000,54000,54000,4,0,48000,48640.382327721454,44655.91594390571,54459.10261385143,128.0
1790239851,4,TPOT,completion,0.100000,0.000000,390,390,390,390,390,390,390,390,390,390,390,4,0,350,350.510845170723,321.1944286297185,393.2040277080185,0.0
1790239851,4,TTFT,completion,0.100000,0.000000,4500,4500,4500,4500,4500,4500,4500,4500,4500,4500,4500,4,0,4500,4125.373257033061,3600.829092087224,4522.086960962042,0.0
1790239851,4,,Aggregated,0.300000,0.000000,4500,4500,54000,54000,54000,54000,54000,54000,54000,54000,54000,12,0,4500,17705.422143308413,321.1944286297185,54459.10261385143,42.666666666666664
1790239852,4,POST,completion,0.100000,0.000000,54000,54000,54000,54000,54000,54000,54000,54000,54000,54000,54000,4,0,48000,48640.382327721454,44655.91594390571,54459.10261385143,128.0
1790239852,4,TPOT,completion,0.100000,0.000000,390,390,390,390,390,390,390,390,390,390,390,4,0,350,350.510845170723,321.1944286297185,393.2040277080185,0.0
1790239852,4,TTFT,completion,0.100000,0.000000,4500,4500,4500,4500,4500,4500,4500,4500,4500,4500,4500,4,0,4500,4125.373257033061,3600.829092087224,4522.086960962042,0.0
1790239852,4,,Aggregated,0.300000,0.000000,4500,4500,54000,54000,54000,54000,54000,54000,54000,54000,54000,12,0,4500,17705.422143308413,321.1944286297185,54459.10261385143,42.666666666666664
1790239853,4,POST,completion,0.100000,0.000000,54000,54000,54000,54000,54000,54000,54000,54000,54000,54000,54000,4,0,48000,48640.382327721454,44655.91594390571,54459.10261385143,128.0
1790239853,4,TPOT,completion,0.100000,0.000000,390,390,390,390,390,390,390,390,390,390,390,4,0,350,350.510845170723,321.1944286297185,393.2040277080185,0.0
1790239853,4,TTFT,completion,0.100000,0.000000,4500,4500,4500,4500,4500,4500,4500,4500,4500,4500,4500,4,0,4500,4125.373257033061,3600.829092087224,4522.086960962042,0.0
1790239853,4,,Aggregated,0.300000,0.000000,4500,4500,54000,54000,54000,54000,54000,54000,54000,54000,54000,12,0,4500,17705.422143308413,321.1944286297185,54459.10261385143,42.666666666666664
1790239854,4,POST,completion,0.100000,0.000000,0,0,0,0,0,0,0,0,0,0,0,4,0,48000,48640.382327721454,44655.91594390571,54459.10261385143,128.0
1790239854,4,TPOT,completion,0.100000,0.000000,0,0,0,0,0,0,0,0,0,0,0,4,0,350,350.510845170723,321.1944286297185,393.2040277080185,0.0
1790239854,4,TTFT,completion,0.100000,0.000000,0,0,0,0,0,0,0,0,0,0,0,4,0,4500,4125.373257033061,3600.829092087224,4522.086960962042,0.0
1790239854,4,,Aggregated,0.300000,0.000000,0,0,0,0,0,0,0,0,0,0,0,12,0,4500,17705.422143308413,321.1944286297185,54459.10261385143,42.666666666666664
1790239856,4,POST,completion,0.100000,0.000000,0,0,0,0,0,0,0,0,0,0,0,4,0,48000,48640.382327721454,44655.91594390571,54459.10261385143,128.0
1790239856,4,TPOT,completion,0.100000,0.000000,0,0,0,0,0,0,0,0,0,0,0,4,0,350,350.510845170723,321.1944286297185,393.2040277080185,0.0
1790239856,4,TTFT,completion,0.100000,0.000000,0,0,0,0,0,0,0,0,0,0,0,4,0,4500,4125.373257033061,3600.829092087224,4522.086960962042,0.0
1790239856,4,,Aggregated,0.300000,0.000000,0,0,0,0,0,0,0,0,0,0,0,12,0,4500,17705.422143308413,321.1944286297185,54459.10261385143,42.666666666666664
1790239857,4,POST,completion,0.100000,0.000000,0,0,0,0,0,0,0,0,0,0,0,4,0,48000,48640.382327721454,44655.91594390571,54459.10261385143,128.0
1790239857,4,TPOT,completion,0.100000,0.000000,0,0,0,0,0,0,0,0,0,0,0,4,0,350,350.510845170723,321.1944286297185,393.2040277080185,0.0
1790239857,4,TTFT,completion,0.100000,0.000000,0,0,0,0,0,0,0,0,0,0,0,4,0,4500,4125.373257033061,3600.829092087224,4522.086960962042,0.0
1790239857,4,,Aggregated,0.300000,0.000000,0,0,0,0,0,0,0,0,0,0,0,12,0,4500,17705.422143308413,321.1944286297185,54459.10261385143,42.666666666666664
1790239858,4,POST,completion,0.100000,0.000000,0,0,0,0,0,0,0,0,0,0,0,4,0,48000,48640.382327721454,44655.91594390571,54459.10261385143,128.0
1790239858,4,TPOT,completion,0.100000,0.000000,0,0,0,0,0,0,0,0,0,0,0,4,0,350,350.510845170723,321.1944286297185,393.2040277080185,0.0
1790239858,4,TTFT,completion,0.100000,0.000000,0,0,0,0,0,0,0,0,0,0,0,4,0,4500,4125.373257033061,3600.829092087224,4522.086960962042,0.0
1790239858,4,,Aggregated,0.300000,0.000000,0,0,0,0,0,0,0,0,0,0,0,12,0,4500,17705.422143308413,321.1944286297185,54459.10261385143,42.666666666666664
1790239859,4,POST,completion,0.100000,0.000000,0,0,0,0,0,0,0,0,0,0,0,4,0,48000,48640.382327721454,44655.91594390571,54459.10261385143,128.0
1790239859,4,TPOT,completion,0.100000,0.000000,0,0,0,0,0,0,0,0,0,0,0,4,0,350,350.510845170723,321.1944286297185,393.2040277080185,0.0
1790239859,4,TTFT,completion,0.100000,0.000000,0,0,0,0,0,0,0,0,0,0,0,4,0,4500,4125.373257033061,3600.829092087224,4522.086960962042,0.0
1790239859,4,,Aggregated,0.300000,0.000000,0,0,0,0,0,0,0,0,0,0,0,12,0,4500,17705.422143308413,321.1944286297185,54459.10261385143,42.666666666666664
1790239860,4,POST,completion,0.100000,0.000000,0,0,0,0,0,0,0,0,0,0,0,4,0,48000,48640.382327721454,44655.91594390571,54459.10261385143,128.0
1790239860,4,TPOT,completion,0.100000,0.000000,0,0,0,0,0,0,0,0,0,0,0,4,0,350,350.510845170723,321.1944286297185,393.2040277080185,0.0
1790239860,4,TTFT,completion,0.100000,0.000000,0,0,0,0,0,0,0,0,0,0,0,4,0,4500,4125.373257033061,3600.829092087224,4522.086960962042,0.0
1790239860,4,,Aggregated,0.300000,0.000000,0,0,0,0,0,0,0,0,0,0,0,12,0,4500,17705.422143308413,321.1944286297185,54459.10261385143,42.666666666666664
1790239861,4,POST,completion,0.100000,0.000000,0,0,0,0,0,0,0,0,0,0,0,4,0,48000,48640.382327721454,44655.91594390571,54459.10261385143,128.0
1790239861,4,TPOT,completion,0.100000,0.000000,0,0,0,0,0,0,0,0,0,0,0,4,0,350,350.510845170723,321.1944286297185,393.2040277080185,0.0
1790239861,4,TTFT,completion,0.100000,0.000000,0,0,0,0,0,0,0,0,0,0,0,4,0,4500,4125.373257033061,3600.829092087224,4522.086960962042,0.0
1790239861,4,,Aggregated,0.300000,0.000000,0,0,0,0,0,0,0,0,0,0,0,12,0,4500,17705.422143308413,321.1944286297185,54459.10261385143,42.666666666666664
1790239862,4,POST,completion,0.100000,0.000000,0,0,0,0,0,0,0,0,0,0,0,4,0,48000,48640.382327721454,44655.91594390571,54459.10261385143,128.0
1790239862,4,TPOT,completion,0.100000,0.000000,0,0,0,0,0,0,0,0,0,0,0,4,0,350,350.510845170723,321.1944286297185,393.2040277080185,0.0
1790239862,4,TTFT,completion,0.100000,0.000000,0,0,0,0,0,0,0,0,0,0,0,4,0,4500,4125.373257033061,3600.829092087224,4522.086960962042,0.0
1790239862,4,,Aggregated,0.300000,0.000000,0,0,0,0,0,0,0,0,0,0,0,12,0,4500,17705.422143308413,321.1944286297185,54459.10261385143,42.666666666666664
1790239863,4,POST,completion,0.100000,0.000000,0,0,0,0,0,0,0,0,0,0,0,4,0,48000,48640.382327721454,44655.91594390571,54459.10261385143,128.0
1790239863,4,TPOT,completion,0.100000,0.000000,0,0,0,0,0,0,0,0,0,0,0,4,0,350,350.510845170723,321.1944286297185,393.2040277080185,0.0
1790239863,4,TTFT,completion,0.100000,0.000000,0,0,0,0,0,0,0,0,0,0,0,4,0,4500,4125.373257033061,3600.829092087224,4522.086960962042,0.0
1790239863,4,,Aggregated,0.300000,0.000000,0,0,0,0,0,0,0,0,0,0,0,12,0,4500,17705.422143308413,321.1944286297185,54459.10261385143,42.666666666666664
1790239864,4,POST,completion,0.100000,0.000000,0,0,0,0,0,0,0,0,0,0,0,4,0,48000,48640.382327721454,44655.91594390571,54459.10261385143,128.0
1790239864,4,TPOT,completion,0.100000,0.000000,0,0,0,0,0,0,0,0,0,0,0,4,0,350,350.510845170723,321.1944286297185,393.2040277080185,0.0
1790239864,4,TTFT,completion,0.100000,0.000000,0,0,0,0,0,0,0,0,0,0,0,4,0,4500,4125.373257033061,3600.829092087224,4522.086960962042,0.0
1790239864,4,,Aggregated,0.300000,0.000000,0,0,0,0,0,0,0,0,0,0,0,12,0,4500,17705.422143308413,321.1944286297185,54459.10261385143,42.666666666666664
1790239865,4,POST,completion,0.100000,0.000000,0,0,0,0,0,0,0,0,0,0,0,4,0,48000,48640.382327721454,44655.91594390571,54459.10261385143,128.0
1790239865,4,TPOT,completion,0.100000,0.000000,0,0,0,0,0,0,0,0,0,0,0,4,0,350,350.510845170723,321.1944286297185,393.2040277080185,0.0
1790239865,4,TTFT,completion,0.100000,0.000000,0,0,0,0,0,0,0,0,0,0,0,4,0,4500,4125.373257033061,3600.829092087224,4522.086960962042,0.0
1790239865,4,,Aggregated,0.300000,0.000000,0,0,0,0,0,0,0,0,0,0,0,12,0,4500,17705.422143308413,321.1944286297185,54459.10261385143,42.666666666666664
1790239866,4,POST,completion,0.100000,0.000000,0,0,0,0,0,0,0,0,0,0,0,4,0,48000,48640.382327721454,44655.91594390571,54459.10261385143,128.0
1790239866,4,TPOT,completion,0.100000,0.000000,0,0,0,0,0,0,0,0,0,0,0,4,0,350,350.510845170723,321.1944286297185,393.2040277080185,0.0
1790239866,4,TTFT,completion,0.100000,0.000000,0,0,0,0,0,0,0,0,0,0,0,4,0,4500,4125.373257033061,3600.829092087224,4522.086960962042,0.0
1790239866,4,,Aggregated,0.300000,0.000000,0,0,0,0,0,0,0,0,0,0,0,12,0,4500,17705.422143308413,321.1944286297185,54459.10261385143,42.666666666666664
1790239867,4,POST,completion,0.100000,0.000000,0,0,0,0,0,0,0,0,0,0,0,4,0,48000,48640.382327721454,44655.91594390571,54459.10261385143,128.0
1790239867,4,TPOT,completion,0.100000,0.000000,0,0,0,0,0,0,0,0,0,0,0,4,0,350,350.510845170723,321.1944286297185,393.2040277080185,0.0
1790239867,4,TTFT,completion,0.100000,0.000000,0,0,0,0,0,0,0,0,0,0,0,4,0,4500,4125.373257033061,3600.829092087224,4522.086960962042,0.0
1790239867,4,,Aggregated,0.300000,0.000000,0,0,0,0,0,0,0,0,0,0,0,12,0,4500,17705.422143308413,321.1944286297185,54459.10261385143,42.666666666666664
1790239868,4,POST,completion,0.100000,0.000000,0,0,0,0,0,0,0,0,0,0,0,4,0,48000,48640.382327721454,44655.91594390571,54459.10261385143,128.0
1790239868,4,TPOT,completion,0.100000,0.000000,0,0,0,0,0,0,0,0,0,0,0,4,0,350,350.510845170723,321.1944286297185,393.2040277080185,0.0
1790239868,4,TTFT,completion,0.100000,0.000000,0,0,0,0,0,0,0,0,0,0,0,4,0,4500,4125.373257033061,3600.829092087224,4522.086960962042,0.0
1790239868,4,,Aggregated,0.300000,0.000000,0,0,0,0,0,0,0,0,0,0,0,12,0,4500,17705.422143308413,321.1944286297185,54459.10261385143,42.666666666666664
1790239869,4,POST,completion,0.100000,0.000000,0,0,0,0,0,0,0,0,0,0,0,4,0,48000,48640.382327721454,44655.91594390571,54459.10261385143,128.0
1790239869,4,TPOT,completion,0.100000,0.000000,0,0,0,0,0,0,0,0,0,0,0,4,0,350,350.510845170723,321.1944286297185,393.2040277080185,0.0
1790239869,4,TTFT,completion,0.100000,0.000000,0,0,0,0,0,0,0,0,0,0,0,4,0,4500,4125.373257033061,3600.829092087224,4522.086960962042,0.0
1790239869,4,,Aggregated,0.300000,0.000000,0,0,0,0,0,0,0,0,0,0,0,12,0,4500,17705.422143308413,321.1944286297185,54459.10261385143,42.666666666666664
1790239870,4,POST,completion,0.100000,0.000000,0,0,0,0,0,0,0,0,0,0,0,4,0,48000,48640.382327721454,44655.91594390571,54459.10261385143,128.0
1790239870,4,TPOT,completion,0.100000,0.000000,0,0,0,0,0,0,0,0,0,0,0,4,0,350,350.510845170723,321.1944286297185,393.2040277080185,0.0
1790239870,4,TTFT,completion,0.100000,0.000000,0,0,0,0,0,0,0,0,0,0,0,4,0,4500,4125.373257033061,3600.829092087224,4522.086960962042,0.0
1790239870,4,,Aggregated,0.300000,0.000000,0,0,0,0,0,0,0,0,0,0,0,12,0,4500,17705.422143308413,321.1944286297185,54459.10261385143,42.666666666666664
1790239871,4,POST,completion,0.100000,0.000000,0,0,0,0,0,0,0,0,0,0,0,4,0,48000,48640.382327721454,44655.91594390571,54459.10261385143,128.0
1790239871,4,TPOT,completion,0.100000,0.000000,0,0,0,0,0,0,0,0,0,0,0,4,0,350,350.510845170723,321.1944286297185,393.2040277080185,0.0
1790239871,4,TTFT,completion,0.100000,0.000000,0,0,0,0,0,0,0,0,0,0,0,4,0,4500,4125.373257033061,3600.829092087224,4522.086960962042,0.0
1790239871,4,,Aggregated,0.300000,0.000000,0,0,0,0,0,0,0,0,0,0,0,12,0,4500,17705.422143308413,321.1944286297185,54459.10261385143,42.666666666666664
1790239872,4,POST,completion,0.100000,0.000000,0,0,0,0,0,0,0,0,0,0,0,4,0,48000,48640.382327721454,44655.91594390571,54459.10261385143,128.0
1790239872,4,TPOT,completion,0.100000,0.000000,0,0,0,0,0,0,0,0,0,0,0,4,0,350,350.510845170723,321.1944286297185,393.2040277080185,0.0
1790239872,4,TTFT,completion,0.100000,0.000000,0,0,0,0,0,0,0,0,0,0,0,4,0,4500,4125.373257033061,3600.829092087224,4522.086960962042,0.0
1790239872,4,,Aggregated,0.300000,0.000000,0,0,0,0,0,0,0,0,0,0,0,12,0,4500,17705.422143308413,321.1944286297185,54459.10261385143,42.666666666666664
1790239873,4,POST,completion,0.000000,0.000000,51000,51000,51000,51000,51000,51000,51000,51000,51000,51000,51000,5,0,48000,49089.432854996994,44655.91594390571,54459.10261385143,128.0
1790239873,4,TPOT,completion,0.000000,0.000000,370,370,370,370,370,370,370,370,370,370,370,5,0,350,353.87705978387453,321.1944286297185,393.2040277080185,0.0
1790239873,4,TTFT,completion,0.000000,0.000000,4200,4200,4200,4200,4200,4200,4200,4200,4200,4200,4200,5,0,4200,4146.908818837255,3600.829092087224,4522.086960962042,0.0
1790239873,4,,Aggregated,0.000000,0.000000,4200,4200,51000,51000,51000,51000,51000,51000,51000,51000,51000,15,0,4200,17863.406244539372,321.1944286297185,54459.10261385143,42.666666666666664
1790239874,4,POST,completion,0.000000,0.000000,51000,51000,51000,51000,51000,51000,51000,51000,51000,51000,51000,5,0,48000,49089.432854996994,44655.91594390571,54459.10261385143,128.0
1790239874,4,TPOT,completion,0.000000,0.000000,370,370,370,370,370,370,370,370,370,370,370,5,0,350,353.87705978387453,321.1944286297185,393.2040277080185,0.0
1790239874,4,TTFT,completion,0.000000,0.000000,4200,4200,4200,4200,4200,4200,4200,4200,4200,4200,4200,5,0,4200,4146.908818837255,3600.829092087224,4522.086960962042,0.0
1790239874,4,,Aggregated,0.000000,0.000000,4200,4200,51000,51000,51000,51000,51000,51000,51000,51000,51000,15,0,4200,17863.406244539372,321.1944286297185,54459.10261385143,42.666666666666664
1790239875,4,POST,completion,0.000000,0.000000,51000,51000,51000,51000,51000,51000,51000,51000,51000,51000,51000,5,0,48000,49089.432854996994,44655.91594390571,54459.10261385143,128.0
1790239875,4,TPOT,completion,0.000000,0.000000,370,370,370,370,370,370,370,370,370,370,370,5,0,350,353.87705978387453,321.1944286297185,393.2040277080185,0.0
1790239875,4,TTFT,completion,0.000000,0.000000,4200,4200,4200,4200,4200,4200,4200,4200,4200,4200,4200,5,0,4200,4146.908818837255,3600.829092087224,4522.086960962042,0.0
1790239875,4,,Aggregated,0.000000,0.000000,4200,4200,51000,51000,51000,51000,51000,51000,51000,51000,51000,15,0,4200,17863.406244539372,321.1944286297185,54459.10261385143,42.666666666666664
1790239876,4,POST,completion,0.000000,0.000000,51000,51000,51000,51000,51000,51000,51000,51000,51000,51000,51000,5,0,48000,49089.432854996994,44655.91594390571,54459.10261385143,128.0
1790239876,4,TPOT,completion,0.000000,0.000000,370,370,370,370,370,370,370,370,370,370,370,5,0,350,353.87705978387453,321.1944286297185,393.2040277080185,0.0
1790239876,4,TTFT,completion,0.000000,0.000000,4200,4200,4200,4200,4200,4200,4200,4200,4200,4200,4200,5,0,4200,4146.908818837255,3600.829092087224,4522.086960962042,0.0
1790239876,4,,Aggregated,0.000000,0.000000,4200,4200,51000,51000,51000,51000,51000,51000,51000,51000,51000,15,0,4200,17863.406244539372,321.1944286297185,54459.10261385143,42.666666666666664
1790239877,4,POST,completion,0.000000,0.000000,51000,51000,51000,51000,51000,51000,51000,51000,51000,51000,51000,5,0,48000,49089.432854996994,44655.91594390571,54459.10261385143,128.0
1790239877,4,TPOT,completion,0.000000,0.000000,370,370,370,370,370,370,370,370,370,370,370,5,0,350,353.87705978387453,321.1944286297185,393.2040277080185,0.0
1790239877,4,TTFT,completion,0.000000,0.000000,4200,4200,4200,4200,4200,4200,4200,4200,4200,4200,4200,5,0,4200,4146.908818837255,3600.829092087224,4522.086960962042,0.0
1790239877,4,,Aggregated,0.000000,0.000000,4200,4200,51000,51000,51000,51000,51000,51000,51000,51000,51000,15,0,4200,17863.406244539372,321.1944286297185,54459.10261385143,42.666666666666664
1790239878,4,POST,completion,0.100000,0.000000,55000,55000,55000,55000,55000,55000,55000,55000,55000,55000,55000,6,0,51000,50000.77898784851,44655.91594390571,54557.50965210609,128.0
1790239878,4,TPOT,completion,0.100000,0.000000,390,390,390,390,390,390,390,390,390,390,390,6,0,370,360.170816077137,321.1944286297185,393.2040277080185,0.0
1790239878,4,TTFT,completion,0.100000,0.000000,4800,4800,4800,4800,4800,4800,4800,4800,4800,4800,4800,6,0,4500,4258.94781621173,3600.829092087224,4819.142803084105,0.0
1790239878,4,,Aggregated,0.300000,0.000000,4800,4800,51000,51000,55000,55000,55000,55000,55000,55000,55000,18,0,4500,18206.63254004579,321.1944286297185,54557.50965210609,42.666666666666664
1790239879,4,POST,completion,0.100000,0.000000,55000,55000,55000,55000,55000,55000,55000,55000,55000,55000,55000,6,0,51000,50000.77898784851,44655.91594390571,54557.50965210609,128.0
1790239879,4,TPOT,completion,0.100000,0.000000,390,390,390,390,390,390,390,390,390,390,390,6,0,370,360.170816077137,321.1944286297185,393.2040277080185,0.0
1790239879,4,TTFT,completion,0.100000,0.000000,4800,4800,4800,4800,4800,4800,4800,4800,4800,4800,4800,6,0,4500,4258.94781621173,3600.829092087224,4819.142803084105,0.0
1790239879,4,,Aggregated,0.300000,0.000000,4800,4800,51000,51000,55000,55000,55000,55000,55000,55000,55000,18,0,4500,18206.63254004579,321.1944286297185,54557.50965210609,42.666666666666664
1790239880,4,POST,completion,0.100000,0.000000,55000,55000,55000,55000,55000,55000,55000,55000,55000,55000,55000,6,0,51000,50000.77898784851,44655.91594390571,54557.50965210609,128.0
1790239880,4,TPOT,completion,0.100000,0.000000,390,390,390,390,390,390,390,390,390,390,390,6,0,370,360.170816077137,321.1944286297185,393.2040277080185,0.0
1790239880,4,TTFT,completion,0.100000,0.000000,4800,4800,4800,4800,4800,4800,4800,4800,4800,4800,4800,6,0,4500,4258.94781621173,3600.829092087224,4819.142803084105,0.0
1790239880,4,,Aggregated,0.300000,0.000000,4800,4800,51000,51000,55000,55000,55000,55000,55000,55000,55000,18,0,4500,18206.63254004579,321.1944286297185,54557.50965210609,42.666666666666664
1790239881,4,POST,completion,0.100000,0.000000,55000,55000,55000,55000,55000,55000,55000,55000,55000,55000,55000,6,0,51000,50000.77898784851,44655.91594390571,54557.50965210609,128.0
1790239881,4,TPOT,completion,0.100000,0.000000,390,390,390,390,390,390,390,390,390,390,390,6,0,370,360.170816077137,321.1944286297185,393.2040277080185,0.0
1790239881,4,TTFT,completion,0.100000,0.000000,4800,4800,4800,4800,4800,4800,4800,4800,4800,4800,4800,6,0,4500,4258.94781621173,3600.829092087224,4819.142803084105,0.0
1790239881,4,,Aggregated,0.300000,0.000000,4800,4800,51000,51000,55000,55000,55000,55000,55000,55000,55000,18,0,4500,18206.63254004579,321.1944286297185,54557.50965210609,42.666666666666664
1790239882,4,POST,completion,0.100000,0.000000,55000,55000,55000,55000,55000,55000,55000,55000,55000,55000,55000,6,0,51000,50000.77898784851,44655.91594390571,54557.50965210609,128.0
1790239882,4,TPOT,completion,0.100000,0.000000,390,390,390,390,390,390,390,390,390,390,390,6,0,370,360.170816077137,321.1944286297185,393.2040277080185,0.0
1790239882,4,TTFT,completion,0.100000,0.000000,4800,4800,4800,4800,4800,4800,4800,4800,4800,4800,4800,6,0,4500,4258.94781621173,3600.829092087224,4819.142803084105,0.0
1790239882,4,,Aggregated,0.300000,0.000000,4800,4800,51000,51000,55000,55000,55000,55000,55000,55000,55000,18,0,4500,18206.63254004579,321.1944286297185,54557.50965210609,42.666666666666664
1790239883,4,POST,completion,0.100000,0.000000,55000,55000,55000,55000,55000,55000,55000,55000,55000,55000,55000,6,0,51000,50000.77898784851,44655.91594390571,54557.50965210609,128.0
1790239883,4,TPOT,completion,0.100000,0.000000,390,390,390,390,390,390,390,390,390,390,390,6,0,370,360.170816077137,321.1944286297185,393.2040277080185,0.0
1790239883,4,TTFT,completion,0.100000,0.000000,4800,4800,4800,4800,4800,4800,4800,4800,4800,4800,4800,6,0,4500,4258.94781621173,3600.829092087224,4819.142803084105,0.0
1790239883,4,,Aggregated,0.300000,0.000000,4800,4800,51000,51000,55000,55000,55000,55000,55000,55000,55000,18,0,4500,18206.63254004579,321.1944286297185,54557.50965210609,42.666666666666664
1790239884,4,POST,completion,0.200000,0.000000,55000,55000,55000,55000,55000,55000,55000,55000,55000,55000,55000,7,0,48000,49445.32755516203,44655.91594390571,54557.50965210609,128.0
1790239884,4,TPOT,completion,0.200000,0.000000,390,390,390,390,390,390,390,390,390,390,390,7,0,350,355.8876803013862,321.1944286297185,393.2040277080185,0.0
1790239884,4,TTFT,completion,0.200000,0.000000,4800,4800,4800,4800,4800,4800,4800,4800,4800,4800,4800,7,0,4200,4247.460389310228,3600.829092087224,4819.142803084105,0.0
1790239884,4,,Aggregated,0.600000,0.000000,4800,4800,46000,46000,55000,55000,55000,55000,55000,55000,55000,21,0,4200,18016.22520825788,321.1944286297185,54557.50965210609,42.666666666666664
1790239885,4,POST,completion,0.100000,0.000000,51000,51000,55000,55000,55000,55000,55000,55000,55000,55000,55000,8,0,51000,49598.55176878045,44655.91594390571,54557.50965210609,128.0
1790239885,4,TPOT,completion,0.100000,0.000000,360,360,390,390,390,390,390,390,390,390,390,8,0,360,357.02024317414345,321.1944286297185,393.2040277080185,0.0
1790239885,4,TTFT,completion,0.100000,0.000000,4300,4300,4800,4800,4800,4800,4800,4800,4800,4800,4800,8,0,4300,4256.855338666355,3600.829092087224,4819.142803084105,0.0
1790239885,4,,Aggregated,0.300000,0.000000,4300,4800,46000,51000,55000,55000,55000,55000,55000,55000,55000,24,0,4300,18070.80911687365,321.1944286297185,54557.50965210609,42.666666666666664
1790239886,4,POST,completion,0.100000,0.000000,51000,51000,55000,55000,55000,55000,55000,55000,55000,55000,55000,8,0,51000,49598.55176878045,44655.91594390571,54557.50965210609,128.0
1790239886,4,TPOT,completion,0.100000,0.000000,360,360,390,390,390,390,390,390,390,390,390,8,0,360,357.02024317414345,321.1944286297185,393.2040277080185,0.0
1790239886,4,TTFT,completion,0.100000,0.000000,4300,4300,4800,4800,4800,4800,4800,4800,4800,4800,4800,8,0,4300,4256.855338666355,3600.829092087224,4819.142803084105,0.0
1790239886,4,,Aggregated,0.300000,0.000000,4300,4800,46000,51000,55000,55000,55000,55000,55000,55000,55000,24,0,4300,18070.80911687365,321.1944286297185,54557.50965210609,42.666666666666664
1790239887,4,POST,completion,0.100000,0.000000,51000,51000,55000,55000,55000,55000,55000,55000,55000,55000,55000,8,0,51000,49598.55176878045,44655.91594390571,54557.50965210609,128.0
1790239887,4,TPOT,completion,0.100000,0.000000,360,360,390,390,390,390,390,390,390,390,390,8,0,360,357.02024317414345,321.1944286297185,393.2040277080185,0.0
1790239887,4,TTFT,completion,0.100000,0.000000,4300,4300,4800,4800,4800,4800,4800,4800,4800,4800,4800,8,0,4300,4256.855338666355,3600.829092087224,4819.142803084105,0.0
1790239887,4,,Aggregated,0.300000,0.000000,4300,4800,46000,51000,55000,55000,55000,55000,55000,55000,55000,24,0,4300,18070.80911687365,321.1944286297185,54557.50965210609,42.666666666666664
1790239888,4,POST,completion,0.100000,0.000000,51000,51000,55000,55000,55000,55000,55000,55000,55000,55000,55000,8,0,51000,49598.55176878045,44655.91594390571,54557.50965210609,128.0
1790239888,4,TPOT,completion,0.100000,0.000000,360,360,390,390,390,390,390,390,390,390,390,8,0,360,357.02024317414345,321.1944286297185,393.2040277080185,0.0
1790239888,4,TTFT,completion,0.100000,0.000000,4300,4300,4800,4800,4800,4800,4800,4800,4800,4800,4800,8,0,4300,4256.855338666355,3600.829092087224,4819.142803084105,0.0
1790239888,4,,Aggregated,0.300000,0.000000,4300,4800,46000,51000,55000,55000,55000,55000,55000,55000,55000,24,0,4300,18070.80911687365,321.1944286297185,54557.50965210609,42.666666666666664
1790239889,4,POST,completion,0.100000,0.000000,51000,51000,55000,55000,55000,55000,55000,55000,55000,55000,55000,8,0,51000,49598.55176878045,44655.91594390571,54557.50965210609,128.0
1790239889,4,TPOT,completion,0.100000,0.000000,360,360,390,390,390,390,390,390,390,390,390,8,0,360,357.02024317414345,321.1944286297185,393.2040277080185,0.0
1790239889,4,TTFT,completion,0.100000,0.000000,4300,4300,4800,4800,4800,4800,4800,4800,4800,4800,4800,8,0,4300,4256.855338666355,3600.829092087224,4819.142803084105,0.0
1790239889,4,,Aggregated,0.300000,0.000000,4300,4800,46000,51000,55000,55000,55000,55000,55000,55000,55000,24,0,4300,18070.80911687365,321.1944286297185,54557.50965210609,42.666666666666664
1790239890,4,POST,completion,0.100000,0.000000,51000,51000,51000,51000,51000,51000,51000,51000,51000,51000,51000,8,0,51000,49598.55176878045,44655.91594390571,54557.50965210609,128.0
1790239890,4,TPOT,completion,0.100000,0.000000,360,360,360,360,360,360,360,360,360,360,360,8,0,360,357.02024317414345,321.1944286297185,393.2040277080185,0.0
1790239890,4,TTFT,completion,0.100000,0.000000,4300,4300,4300,4300,4300,4300,4300,4300,4300,4300,4300,8,0,4300,4256.855338666355,3600.829092087224,4819.142803084105,0.0
1790239890,4,,Aggregated,0.300000,0.000000,4300,4300,46000,46000,51000,51000,51000,51000,51000,51000,51000,24,0,4300,18070.80911687365,321.1944286297185,54557.50965210609,42.666666666666664
1790239891,4,POST,completion,0.100000,0.000000,51000,51000,51000,51000,51000,51000,51000,51000,51000,51000,51000,8,0,51000,49598.55176878045,44655.91594390571,54557.50965210609,128.0
1790239891,4,TPOT,completion,0.100000,0.000000,360,360,360,360,360,360,360,360,360,360,360,8,0,360,357.02024317414345,321.1944286297185,393.2040277080185,0.0
1790239891,4,TTFT,completion,0.100000,0.000000,4300,4300,4300,4300,4300,4300,4300,4300,4300,4300,4300,8,0,4300,4256.855338666355,3600.829092087224,4819.142803084105,0.0
1790239891,4,,Aggregated,0.300000,0.000000,4300,4300,46000,46000,51000,51000,51000,51000,51000,51000,51000,24,0,4300,18070.80911687365,321.1944286297185,54557.50965210609,42.666666666666664
1790239892,4,POST,completion,0.100000,0.000000,51000,51000,51000,51000,51000,51000,51000,51000,51000,51000,51000,8,0,51000,49598.55176878045,44655.91594390571,54557.50965210609,128.0
1790239892,4,TPOT,completion,0.100000,0.000000,360,360,360,360,360,360,360,360,360,360,360,8,0,360,357.02024317414345,321.1944286297185,393.2040277080185,0.0
1790239892,4,TTFT,completion,0.100000,0.000000,4300,4300,4300,4300,4300,4300,4300,4300,4300,4300,4300,8,0,4300,4256.855338666355,3600.829092087224,4819.142803084105,0.0
1790239892,4,,Aggregated,0.300000,0.000000,4300,4300,46000,46000,51000,51000,51000,51000,51000,51000,51000,24,0,4300,18070.80911687365,321.1944286297185,54557.50965210609,42.666666666666664
1790239893,4,POST,completion,0.100000,0.000000,51000,51000,51000,51000,51000,51000,51000,51000,51000,51000,51000,8,0,51000,49598.55176878045,44655.91594390571,54557.50965210609,128.0
1790239893,4,TPOT,completion,0.100000,0.000000,360,360,360,360,360,360,360,360,360,360,360,8,0,360,357.02024317414345,321.1944286297185,393.2040277080185,0.0
1790239893,4,TTFT,completion,0.100000,0.000000,4300,4300,4300,4300,4300,4300,4300,4300,4300,4300,4300,8,0,4300,4256.855338666355,3600.829092087224,4819.142803084105,0.0
1790239893,4,,Aggregated,0.300000,0.000000,4300,4300,46000,46000,51000,51000,51000,51000,51000,51000,51000,24,0,4300,18070.80911687365,321.1944286297185,54557.50965210609,42.666666666666664
1790239894,4,POST,completion,0.100000,0.000000,51000,51000,51000,51000,51000,51000,51000,51000,51000,51000,51000,8,0,51000,49598.55176878045,44655.91594390571,54557.50965210609,128.0
1790239894,4,TPOT,completion,0.100000,0.000000,360,360,360,360,360,360,360,360,360,360,360,8,0,360,357.02024317414345,321.1944286297185,393.2040277080185,0.0
1790239894,4,TTFT,completion,0.100000,0.000000,4300,4300,4300,4300,4300,4300,4300,4300,4300,4300,4300,8,0,4300,4256.855338666355,3600.829092087224,4819.142803084105,0.0
1790239894,4,,Aggregated,0.300000,0.000000,4300,4300,51000,51000,51000,51000,51000,51000,51000,51000,51000,24,0,4300,18070.80911687365,321.1944286297185,54557.50965210609,42.666666666666664
1790239895,4,POST,completion,0.100000,0.000000,51000,51000,51000,51000,51000,51000,51000,51000,51000,51000,51000,8,0,51000,49598.55176878045,44655.91594390571,54557.50965210609,128.0
1790239895,4,TPOT,completion,0.100000,0.000000,360,360,360,360,360,360,360,360,360,360,360,8,0,360,357.02024317414345,321.1944286297185,393.2040277080185,0.0
1790239895,4,TTFT,completion,0.100000,0.000000,4300,4300,4300,4300,4300,4300,4300,4300,4300,4300,4300,8,0,4300,4256.855338666355,3600.829092087224,4819.142803084105,0.0
1790239895,4,,Aggregated,0.300000,0.000000,4300,4300,51000,51000,51000,51000,51000,51000,51000,51000,51000,24,0,4300,18070.80911687365,321.1944286297185,54557.50965210609,42.666666666666664
1790239896,4,POST,completion,0.100000,0.000000,51000,51000,51000,51000,51000,51000,51000,51000,51000,51000,51000,8,0,51000,49598.55176878045,44655.91594390571,54557.50965210609,128.0
1790239896,4,TPOT,completion,0.100000,0.000000,360,360,360,360,360,360,360,360,360,360,360,8,0,360,357.02024317414345,321.1944286297185,393.2040277080185,0.0
1790239896,4,TTFT,completion,0.100000,0.000000,4300,4300,4300,4300,4300,4300,4300,4300,4300,4300,4300,8,0,4300,4256.855338666355,3600.829092087224,4819.142803084105,0.0
1790239896,4,,Aggregated,0.300000,0.000000,4300,4300,51000,51000,51000,51000,51000,51000,51000,51000,51000,24,0,4300,18070.80911687365,321.1944286297185,54557.50965210609,42.666666666666664
1790239897,4,POST,completion,0.100000,0.000000,51000,51000,51000,51000,51000,51000,51000,51000,51000,51000,51000,8,0,51000,49598.55176878045,44655.91594390571,54557.50965210609,128.0
1790239897,4,TPOT,completion,0.100000,0.000000,360,360,360,360,360,360,360,360,360,360,360,8,0,360,357.02024317414345,321.1944286297185,393.2040277080185,0.0
1790239897,4,TTFT,completion,0.100000,0.000000,4300,4300,4300,4300,4300,4300,4300,4300,4300,4300,4300,8,0,4300,4256.855338666355,3600.829092087224,4819.142803084105,0.0
1790239897,4,,Aggregated,0.300000,0.000000,4300,4300,51000,51000,51000,51000,51000,51000,51000,51000,51000,24,0,4300,18070.80911687365,321.1944286297185,54557.50965210609,42.666666666666664
1790239898,4,POST,completion,0.100000,0.000000,51000,51000,51000,51000,51000,51000,51000,51000,51000,51000,51000,8,0,51000,49598.55176878045,44655.91594390571,54557.50965210609,128.0
1790239898,4,TPOT,completion,0.100000,0.000000,360,360,360,360,360,360,360,360,360,360,360,8,0,360,357.02024317414345,321.1944286297185,393.2040277080185,0.0
1790239898,4,TTFT,completion,0.100000,0.000000,4300,4300,4300,4300,4300,4300,4300,4300,4300,4300,4300,8,0,4300,4256.855338666355,3600.829092087224,4819.142803084105,0.0
1790239898,4,,Aggregated,0.300000,0.000000,4300,4300,51000,51000,51000,51000,51000,51000,51000,51000,51000,24,0,4300,18070.80911687365,321.1944286297185,54557.50965210609,42.666666666666664
1790239899,4,POST,completion,0.100000,0.000000,51000,51000,51000,51000,51000,51000,51000,51000,51000,51000,51000,8,0,51000,49598.55176878045,44655.91594390571,54557.50965210609,128.0
1790239899,4,TPOT,completion,0.100000,0.000000,360,360,360,360,360,360,360,360,360,360,360,8,0,360,357.02024317414345,321.1944286297185,393.2040277080185,0.0
1790239899,4,TTFT,completion,0.100000,0.000000,4300,4300,4300,4300,4300,4300,4300,4300,4300,4300,4300,8,0,4300,4256.855338666355,3600.829092087224,4819.142803084105,0.0
1790239899,4,,Aggregated,0.300000,0.000000,4300,4300,51000,51000,51000,51000,51000,51000,51000,51000,51000,24,0,4300,18070.80911687365,321.1944286297185,54557.50965210609,42.666666666666664
1790239900,4,POST,completion,0.100000,0.000000,51000,51000,51000,51000,51000,51000,51000,51000,51000,51000,51000,8,0,51000,49598.55176878045,44655.91594390571,54557.50965210609,128.0
1790239900,4,TPOT,completion,0.100000,0.000000,360,360,360,360,360,360,360,360,360,360,360,8,0,360,357.02024317414345,321.1944286297185,393.2040277080185,0.0
1790239900,4,TTFT,completion,0.100000,0.000000,4300,4300,4300,4300,4300,4300,4300,4300,4300,4300,4300,8,0,4300,4256.855338666355,3600.829092087224,4819.142803084105,0.0
1790239900,4,,Aggregated,0.300000,0.000000,4300,4300,51000,51000,51000,51000,51000,51000,51000,51000,51000,24,0,4300,18070.80911687365,321.1944286297185,54557.50965210609,42.666666666666664
1790239901,4,POST,completion,0.100000,0.000000,51000,51000,51000,51000,51000,51000,51000,51000,51000,51000,51000,8,0,51000,49598.55176878045,44655.91594390571,54557.50965210609,128.0
1790239901,4,TPOT,completion,0.100000,0.000000,360,360,360,360,360,360,360,360,360,360,360,8,0,360,357.02024317414345,321.1944286297185,393.2040277080185,0.0
1790239901,4,TTFT,completion,0.100000,0.000000,4300,4300,4300,4300,4300,4300,4300,4300,4300,4300,4300,8,0,4300,4256.855338666355,3600.829092087224,4819.142803084105,0.0
1790239901,4,,Aggregated,0.300000,0.000000,4300,4300,51000,51000,51000,51000,51000,51000,51000,51000,51000,24,0,4300,18070.80911687365,321.1944286297185,54557.50965210609,42.666666666666664
1790239902,4,POST,completion,0.100000,0.000000,51000,51000,51000,51000,51000,51000,51000,51000,51000,51000,51000,8,0,51000,49598.55176878045,44655.91594390571,54557.50965210609,128.0
1790239902,4,TPOT,completion,0.100000,0.000000,360,360,360,360,360,360,360,360,360,360,360,8,0,360,357.02024317414345,321.1944286297185,393.2040277080185,0.0
1790239902,4,TTFT,completion,0.100000,0.000000,4300,4300,4300,4300,4300,4300,4300,4300,4300,4300,4300,8,0,4300,4256.855338666355,3600.829092087224,4819.142803084105,0.0
1790239902,4,,Aggregated,0.300000,0.000000,4300,4300,51000,51000,51000,51000,51000,51000,51000,51000,51000,24,0,4300,18070.80911687365,321.1944286297185,54557.50965210609,42.666666666666664
1790239903,4,POST,completion,0.100000,0.000000,0,0,0,0,0,0,0,0,0,0,0,8,0,51000,49598.55176878045,44655.91594390571,54557.50965210609,128.0
1790239903,4,TPOT,completion,0.100000,0.000000,0,0,0,0,0,0,0,0,0,0,0,8,0,360,357.02024317414345,321.1944286297185,393.2040277080185,0.0
1790239903,4,TTFT,completion,0.100000,0.000000,0,0,0,0,0,0,0,0,0,0,0,8,0,4300,4256.855338666355,3600.829092087224,4819.142803084105,0.0
1790239903,4,,Aggregated,0.300000,0.000000,0,0,0,0,0,0,0,0,0,0,0,24,0,4300,18070.80911687365,321.1944286297185,54557.50965210609,42.666666666666664
1790239904,4,POST,completion,0.100000,0.000000,0,0,0,0,0,0,0,0,0,0,0,8,0,51000,49598.55176878045,44655.91594390571,54557.50965210609,128.0
1790239904,4,TPOT,completion,0.100000,0.000000,0,0,0,0,0,0,0,0,0,0,0,8,0,360,357.02024317414345,321.1944286297185,393.2040277080185,0.0
1790239904,4,TTFT,completion,0.100000,0.000000,0,0,0,0,0,0,0,0,0,0,0,8,0,4300,4256.855338666355,3600.829092087224,4819.142803084105,0.0
1790239904,4,,Aggregated,0.300000,0.000000,0,0,0,0,0,0,0,0,0,0,0,24,0,4300,18070.80911687365,321.1944286297185,54557.50965210609,42.666666666666664
1790239905,4,POST,completion,0.100000,0.000000,0,0,0,0,0,0,0,0,0,0,0,8,0,51000,49598.55176878045,44655.91594390571,54557.50965210609,128.0
1790239905,4,TPOT,completion,0.100000,0.000000,0,0,0,0,0,0,0,0,0,0,0,8,0,360,357.02024317414345,321.1944286297185,393.2040277080185,0.0
1790239905,4,TTFT,completion,0.100000,0.000000,0,0,0,0,0,0,0,0,0,0,0,8,0,4300,4256.855338666355,3600.829092087224,4819.142803084105,0.0
1790239905,4,,Aggregated,0.300000,0.000000,0,0,0,0,0,0,0,0,0,0,0,24,0,4300,18070.80911687365,321.1944286297185,54557.50965210609,42.666666666666664
1790239906,4,POST,completion,0.100000,0.000000,0,0,0,0,0,0,0,0,0,0,0,8,0,51000,49598.55176878045,44655.91594390571,54557.50965210609,128.0
1790239906,4,TPOT,completion,0.100000,0.000000,0,0,0,0,0,0,0,0,0,0,0,8,0,360,357.02024317414345,321.1944286297185,393.2040277080185,0.0
1790239906,4,TTFT,completion,0.100000,0.000000,0,0,0,0,0,0,0,0,0,0,0,8,0,4300,4256.855338666355,3600.829092087224,4819.142803084105,0.0
1790239906,4,,Aggregated,0.300000,0.000000,0,0,0,0,0,0,0,0,0,0,0,24,0,4300,18070.80911687365,321.1944286297185,54557.50965210609,42.666666666666664
1790239907,4,POST,completion,0.100000,0.000000,0,0,0,0,0,0,0,0,0,0,0,8,0,51000,49598.55176878045,44655.91594390571,54557.50965210609,128.0
1790239907,4,TPOT,completion,0.100000,0.000000,0,0,0,0,0,0,0,0,0,0,0,8,0,360,357.02024317414345,321.1944286297185,393.2040277080185,0.0
1790239907,4,TTFT,completion,0.100000,0.000000,0,0,0,0,0,0,0,0,0,0,0,8,0,4300,4256.855338666355,3600.829092087224,4819.142803084105,0.0
1790239907,4,,Aggregated,0.300000,0.000000,0,0,0,0,0,0,0,0,0,0,0,24,0,4300,18070.80911687365,321.1944286297185,54557.50965210609,42.666666666666664
1790239908,4,POST,completion,0.100000,0.000000,0,0,0,0,0,0,0,0,0,0,0,8,0,51000,49598.55176878045,44655.91594390571,54557.50965210609,128.0
1790239908,4,TPOT,completion,0.100000,0.000000,0,0,0,0,0,0,0,0,0,0,0,8,0,360,357.02024317414345,321.1944286297185,393.2040277080185,0.0
1790239908,4,TTFT,completion,0.100000,0.000000,0,0,0,0,0,0,0,0,0,0,0,8,0,4300,4256.855338666355,3600.829092087224,4819.142803084105,0.0
1790239908,4,,Aggregated,0.300000,0.000000,0,0,0,0,0,0,0,0,0,0,0,24,0,4300,18070.80911687365,321.1944286297185,54557.50965210609,42.666666666666664
1790239909,4,POST,completion,0.100000,0.000000,0,0,0,0,0,0,0,0,0,0,0,8,0,51000,49598.55176878045,44655.91594390571,54557.50965210609,128.0
1790239909,4,TPOT,completion,0.100000,0.000000,0,0,0,0,0,0,0,0,0,0,0,8,0,360,357.02024317414345,321.1944286297185,393.2040277080185,0.0
1790239909,4,TTFT,completion,0.100000,0.000000,0,0,0,0,0,0,0,0,0,0,0,8,0,4300,4256.855338666355,3600.829092087224,4819.142803084105,0.0
1790239909,4,,Aggregated,0.300000,0.000000,0,0,0,0,0,0,0,0,0,0,0,24,0,4300,18070.80911687365,321.1944286297185,54557.50965210609,42.666666666666664
1790239910,4,POST,completion,0.100000,0.000000,0,0,0,0,0,0,0,0,0,0,0,8,0,51000,49598.55176878045,44655.91594390571,54557.50965210609,128.0
1790239910,4,TPOT,completion,0.100000,0.000000,0,0,0,0,0,0,0,0,0,0,0,8,0,360,357.02024317414345,321.1944286297185,393.2040277080185,0.0
1790239910,4,TTFT,completion,0.100000,0.000000,0,0,0,0,0,0,0,0,0,0,0,8,0,4300,4256.855338666355,3600.829092087224,4819.142803084105,0.0
1790239910,4,,Aggregated,0.300000,0.000000,0,0,0,0,0,0,0,0,0,0,0,24,0,4300,18070.80911687365,321.1944286297185,54557.50965210609,42.666666666666664
1790239911,4,POST,completion,0.100000,0.000000,0,0,0,0,0,0,0,0,0,0,0,8,0,51000,49598.55176878045,44655.91594390571,54557.50965210609,128.0
1790239911,4,TPOT,completion,0.100000,0.000000,0,0,0,0,0,0,0,0,0,0,0,8,0,360,357.02024317414345,321.1944286297185,393.2040277080185,0.0
1790239911,4,TTFT,completion,0.100000,0.000000,0,0,0,0,0,0,0,0,0,0,0,8,0,4300,4256.855338666355,3600.829092087224,4819.142803084105,0.0
1790239911,4,,Aggregated,0.300000,0.000000,0,0,0,0,0,0,0,0,0,0,0,24,0,4300,18070.80911687365,321.1944286297185,54557.50965210609,42.666666666666664
1790239912,4,POST,completion,0.100000,0.000000,0,0,0,0,0,0,0,0,0,0,0,8,0,51000,49598.55176878045,44655.91594390571,54557.50965210609,128.0
1790239912,4,TPOT,completion,0.100000,0.000000,0,0,0,0,0,0,0,0,0,0,0,8,0,360,357.02024317414345,321.1944286297185,393.2040277080185,0.0
1790239912,4,TTFT,completion,0.100000,0.000000,0,0,0,0,0,0,0,0,0,0,0,8,0,4300,4256.855338666355,3600.829092087224,4819.142803084105,0.0
1790239912,4,,Aggregated,0.300000,0.000000,0,0,0,0,0,0,0,0,0,0,0,24,0,4300,18070.80911687365,321.1944286297185,54557.50965210609,42.666666666666664
1790239913,4,POST,completion,0.100000,0.000000,0,0,0,0,0,0,0,0,0,0,0,8,0,51000,49598.55176878045,44655.91594390571,54557.50965210609,128.0
1790239913,4,TPOT,completion,0.100000,0.000000,0,0,0,0,0,0,0,0,0,0,0,8,0,360,357.02024317414345,321.1944286297185,393.2040277080185,0.0
1790239913,4,TTFT,completion,0.100000,0.000000,0,0,0,0,0,0,0,0,0,0,0,8,0,4300,4256.855338666355,3600.829092087224,4819.142803084105,0.0
1790239913,4,,Aggregated,0.300000,0.000000,0,0,0,0,0,0,0,0,0,0,0,24,0,4300,18070.80911687365,321.1944286297185,54557.50965210609,42.666666666666664
1790239914,4,POST,completion,0.100000,0.000000,0,0,0,0,0,0,0,0,0,0,0,8,0,51000,49598.55176878045,44655.91594390571,54557.50965210609,128.0
1790239914,4,TPOT,completion,0.100000,0.000000,0,0,0,0,0,0,0,0,0,0,0,8,0,360,357.02024317414345,321.1944286297185,393.2040277080185,0.0
1790239914,4,TTFT,completion,0.100000,0.000000,0,0,0,0,0,0,0,0,0,0,0,8,0,4300,4256.855338666355,3600.829092087224,4819.142803084105,0.0
1790239914,4,,Aggregated,0.300000,0.000000,0,0,0,0,0,0,0,0,0,0,0,24,0,4300,18070.80911687365,321.1944286297185,54557.50965210609,42.666666666666664
1790239915,4,POST,completion,0.100000,0.000000,0,0,0,0,0,0,0,0,0,0,0,8,0,51000,49598.55176878045,44655.91594390571,54557.50965210609,128.0
1790239915,4,TPOT,completion,0.100000,0.000000,0,0,0,0,0,0,0,0,0,0,0,8,0,360,357.02024317414345,321.1944286297185,393.2040277080185,0.0
1790239915,4,TTFT,completion,0.100000,0.000000,0,0,0,0,0,0,0,0,0,0,0,8,0,4300,4256.855338666355,3600.829092087224,4819.142803084105,0.0
1790239915,4,,Aggregated,0.300000,0.000000,0,0,0,0,0,0,0,0,0,0,0,24,0,4300,18070.80911687365,321.1944286297185,54557.50965210609,42.666666666666664
1790239916,4,POST,completion,0.100000,0.000000,0,0,0,0,0,0,0,0,0,0,0,8,0,51000,49598.55176878045,44655.91594390571,54557.50965210609,128.0
1790239916,4,TPOT,completion,0.100000,0.000000,0,0,0,0,0,0,0,0,0,0,0,8,0,360,357.02024317414345,321.1944286297185,393.2040277080185,0.0
1790239916,4,TTFT,completion,0.100000,0.000000,0,0,0,0,0,0,0,0,0,0,0,8,0,4300,4256.855338666355,3600.829092087224,4819.142803084105,0.0
1790239916,4,,Aggregated,0.300000,0.000000,0,0,0,0,0,0,0,0,0,0,0,24,0,4300,18070.80911687365,321.1944286297185,54557.50965210609,42.666666666666664
1790239917,4,POST,completion,0.100000,0.000000,0,0,0,0,0,0,0,0,0,0,0,8,0,51000,49598.55176878045,44655.91594390571,54557.50965210609,128.0
1790239917,4,TPOT,completion,0.100000,0.000000,0,0,0,0,0,0,0,0,0,0,0,8,0,360,357.02024317414345,321.1944286297185,393.2040277080185,0.0
1790239917,4,TTFT,completion,0.100000,0.000000,0,0,0,0,0,0,0,0,0,0,0,8,0,4300,4256.855338666355,3600.829092087224,4819.142803084105,0.0
1790239917,4,,Aggregated,0.300000,0.000000,0,0,0,0,0,0,0,0,0,0,0,24,0,4300,18070.80911687365,321.1944286297185,54557.50965210609,42.666666666666664
1790239918,4,POST,completion,0.100000,0.000000,0,0,0,0,0,0,0,0,0,0,0,8,0,51000,49598.55176878045,44655.91594390571,54557.50965210609,128.0
1790239918,4,TPOT,completion,0.100000,0.000000,0,0,0,0,0,0,0,0,0,0,0,8,0,360,357.02024317414345,321.1944286297185,393.2040277080185,0.0
1790239918,4,TTFT,completion,0.100000,0.000000,0,0,0,0,0,0,0,0,0,0,0,8,0,4300,4256.855338666355,3600.829092087224,4819.142803084105,0.0
1790239918,4,,Aggregated,0.300000,0.000000,0,0,0,0,0,0,0,0,0,0,0,24,0,4300,18070.80911687365,321.1944286297185,54557.50965210609,42.666666666666664
1790239919,4,POST,completion,0.100000,0.000000,0,0,0,0,0,0,0,0,0,0,0,8,0,51000,49598.55176878045,44655.91594390571,54557.50965210609,128.0
1790239919,4,TPOT,completion,0.100000,0.000000,0,0,0,0,0,0,0,0,0,0,0,8,0,360,357.02024317414345,321.1944286297185,393.2040277080185,0.0
1790239919,4,TTFT,completion,0.100000,0.000000,0,0,0,0,0,0,0,0,0,0,0,8,0,4300,4256.855338666355,3600.829092087224,4819.142803084105,0.0
1790239919,4,,Aggregated,0.300000,0.000000,0,0,0,0,0,0,0,0,0,0,0,24,0,4300,18070.80911687365,321.1944286297185,54557.50965210609,42.666666666666664
1790239920,4,POST,completion,0.100000,0.000000,0,0,0,0,0,0,0,0,0,0,0,8,0,51000,49598.55176878045,44655.91594390571,54557.50965210609,128.0
1790239920,4,TPOT,completion,0.100000,0.000000,0,0,0,0,0,0,0,0,0,0,0,8,0,360,357.02024317414345,321.1944286297185,393.2040277080185,0.0
1790239920,4,TTFT,completion,0.100000,0.000000,0,0,0,0,0,0,0,0,0,0,0,8,0,4300,4256.855338666355,3600.829092087224,4819.142803084105,0.0
1790239920,4,,Aggregated,0.300000,0.000000,0,0,0,0,0,0,0,0,0,0,0,24,0,4300,18070.80911687365,321.1944286297185,54557.50965210609,42.666666666666664
1790239921,4,POST,completion,0.100000,0.000000,0,0,0,0,0,0,0,0,0,0,0,8,0,51000,49598.55176878045,44655.91594390571,54557.50965210609,128.0
1790239921,4,TPOT,completion,0.100000,0.000000,0,0,0,0,0,0,0,0,0,0,0,8,0,360,357.02024317414345,321.1944286297185,393.2040277080185,0.0
1790239921,4,TTFT,completion,0.100000,0.000000,0,0,0,0,0,0,0,0,0,0,0,8,0,4300,4256.855338666355,3600.829092087224,4819.142803084105,0.0
1790239921,4,,Aggregated,0.300000,0.000000,0,0,0,0,0,0,0,0,0,0,0,24,0,4300,18070.80911687365,321.1944286297185,54557.50965210609,42.666666666666664
1790239922,4,POST,completion,0.100000,0.000000,0,0,0,0,0,0,0,0,0,0,0,8,0,51000,49598.55176878045,44655.91594390571,54557.50965210609,128.0
1790239922,4,TPOT,completion,0.100000,0.000000,0,0,0,0,0,0,0,0,0,0,0,8,0,360,357.02024317414345,321.1944286297185,393.2040277080185,0.0
1790239922,4,TTFT,completion,0.100000,0.000000,0,0,0,0,0,0,0,0,0,0,0,8,0,4300,4256.855338666355,3600.829092087224,4819.142803084105,0.0
1790239922,4,,Aggregated,0.300000,0.000000,0,0,0,0,0,0,0,0,0,0,0,24,0,4300,18070.80911687365,321.1944286297185,54557.50965210609,42.666666666666664
1790239923,4,POST,completion,0.100000,0.000000,0,0,0,0,0,0,0,0,0,0,0,8,0,51000,49598.55176878045,44655.91594390571,54557.50965210609,128.0
1790239923,4,TPOT,completion,0.100000,0.000000,0,0,0,0,0,0,0,0,0,0,0,8,0,360,357.02024317414345,321.1944286297185,393.2040277080185,0.0
1790239923,4,TTFT,completion,0.100000,0.000000,0,0,0,0,0,0,0,0,0,0,0,8,0,4300,4256.855338666355,3600.829092087224,4819.142803084105,0.0
1790239923,4,,Aggregated,0.300000,0.000000,0,0,0,0,0,0,0,0,0,0,0,24,0,4300,18070.80911687365,321.1944286297185,54557.50965210609,42.666666666666664
1790239924,4,POST,completion,0.100000,0.000000,0,0,0,0,0,0,0,0,0,0,0,8,0,51000,49598.55176878045,44655.91594390571,54557.50965210609,128.0
1790239924,4,TPOT,completion,0.100000,0.000000,0,0,0,0,0,0,0,0,0,0,0,8,0,360,357.02024317414345,321.1944286297185,393.2040277080185,0.0
1790239924,4,TTFT,completion,0.100000,0.000000,0,0,0,0,0,0,0,0,0,0,0,8,0,4300,4256.855338666355,3600.829092087224,4819.142803084105,0.0
1790239924,4,,Aggregated,0.300000,0.000000,0,0,0,0,0,0,0,0,0,0,0,24,0,4300,18070.80911687365,321.1944286297185,54557.50965210609,42.666666666666664
1790239925,4,POST,completion,0.000000,0.000000,47000,47000,47000,47000,47000,47000,47000,47000,47000,47000,47000,9,0,48000,49323.29057824487,44655.91594390571,54557.50965210609,128.0
1790239925,4,TPOT,completion,0.000000,0.000000,330,330,330,330,330,330,330,330,330,330,330,9,0,350,354.2398952851308,321.1944286297185,393.2040277080185,0.0
1790239925,4,TTFT,completion,0.000000,0.000000,5000,5000,5000,5000,5000,5000,5000,5000,5000,5000,5000,9,0,4300,4334.702025581565,3600.829092087224,4957.475520903245,0.0
1790239925,4,,Aggregated,0.000000,0.000000,5000,5000,47000,47000,47000,47000,47000,47000,47000,47000,47000,27,0,4300,18004.077499703857,321.1944286297185,54557.50965210609,42.666666666666664
1790239926,4,POST,completion,0.000000,0.000000,47000,47000,47000,47000,47000,47000,47000,47000,47000,47000,47000,9,0,48000,49323.29057824487,44655.91594390571,54557.50965210609,128.0
1790239926,4,TPOT,completion,0.000000,0.000000,330,330,330,330,330,330,330,330,330,330,330,9,0,350,354.2398952851308,321.1944286297185,393.2040277080185,0.0
1790239926,4,TTFT,completion,0.000000,0.000000,5000,5000,5000,5000,5000,5000,5000,5000,5000,5000,5000,9,0,4300,4334.702025581565,3600.829092087224,4957.475520903245,0.0
1790239926,4,,Aggregated,0.000000,0.000000,5000,5000,47000,47000,47000,47000,47000,47000,47000,47000,47000,27,0,4300,18004.077499703857,321.1944286297185,54557.50965210609,42.666666666666664
1790239927,4,POST,completion,0.100000,0.000000,55000,55000,55000,55000,55000,55000,55000,55000,55000,55000,55000,10,0,51000,49900.979427737184,44655.91594390571,55100.179073167965,128.0
1790239927,4,TPOT,completion,0.100000,0.000000,400,400,400,400,400,400,400,400,400,400,400,10,0,360,358.56010015104255,321.1944286297185,397.4419439442485,0.0
1790239927,4,TTFT,completion,0.100000,0.000000,5000,5000,5000,5000,5000,5000,5000,5000,5000,5000,5000,10,0,4500,4363.725388143212,3600.829092087224,4957.475520903245,0.0
1790239927,4,,Aggregated,0.300000,0.000000,5000,5000,47000,47000,55000,55000,55000,55000,55000,55000,55000,30,0,4500,18207.75497201048,321.1944286297185,55100.179073167965,42.666666666666664
1790239928,4,POST,completion,0.100000,0.000000,55000,55000,55000,55000,55000,55000,55000,55000,55000,55000,55000,10,0,51000,49900.979427737184,44655.91594390571,55100.179073167965,128.0
1790239928,4,TPOT,completion,0.100000,0.000000,400,400,400,400,400,400,400,400,400,400,400,10,0,360,358.56010015104255,321.1944286297185,397.4419439442485,0.0
1790239928,4,TTFT,completion,0.100000,0.000000,5000,5000,5000,5000,5000,5000,5000,5000,5000,5000,5000,10,0,4500,4363.725388143212,3600.829092087224,4957.475520903245,0.0
1790239928,4,,Aggregated,0.300000,0.000000,5000,5000,47000,47000,55000,55000,55000,55000,55000,55000,55000,30,0,4500,18207.75497201048,321.1944286297185,55100.179073167965,42.666666666666664
1790239929,4,POST,completion,0.100000,0.000000,55000,55000,55000,55000,55000,55000,55000,55000,55000,55000,55000,10,0,51000,49900.979427737184,44655.91594390571,55100.179073167965,128.0
1790239929,4,TPOT,completion,0.100000,0.000000,400,400,400,400,400,400,400,400,400,400,400,10,0,360,358.56010015104255,321.1944286297185,397.4419439442485,0.0
1790239929,4,TTFT,completion,0.100000,0.000000,5000,5000,5000,5000,5000,5000,5000,5000,5000,5000,5000,10,0,4500,4363.725388143212,3600.829092087224,4957.475520903245,0.0
1790239929,4,,Aggregated,0.300000,0.000000,5000,5000,47000,47000,55000,55000,55000,55000,55000,55000,55000,30,0,4500,18207.75497201048,321.1944286297185,55100.179073167965,42.666666666666664
1790239930,4,POST,completion,0.100000,0.000000,55000,55000,55000,55000,55000,55000,55000,55000,55000,55000,55000,10,0,51000,49900.979427737184,44655.91594390571,55100.179073167965,128.0
1790239930,4,TPOT,completion,0.100000,0.000000,400,400,400,400,400,400,400,400,400,400,400,10,0,360,358.56010015104255,321.1944286297185,397.4419439442485,0.0
1790239930,4,TTFT,completion,0.100000,0.000000,5000,5000,5000,5000,5000,5000,5000,5000,5000,5000,5000,10,0,4500,4363.725388143212,3600.829092087224,4957.475520903245,0.0
1790239930,4,,Aggregated,0.300000,0.000000,5000,5000,47000,47000,55000,55000,55000,55000,55000,55000,55000,30,0,4500,18207.75497201048,321.1944286297185,55100.179073167965,42.666666666666664
1790239931,4,POST,completion,0.100000,0.000000,55000,55000,55000,55000,55000,55000,55000,55000,55000,55000,55000,10,0,51000,49900.979427737184,44655.91594390571,55100.179073167965,128.0
1790239931,4,TPOT,completion,0.100000,0.000000,400,400,400,400,400,400,400,400,400,400,400,10,0,360,358.56010015104255,321.1944286297185,397.4419439442485,0.0
1790239931,4,TTFT,completion,0.100000,0.000000,5000,5000,5000,5000,5000,5000,5000,5000,5000,5000,5000,10,0,4500,4363.725388143212,3600.829092087224,4957.475520903245,0.0
1790239931,4,,Aggregated,0.300000,0.000000,5000,5000,47000,47000,55000,55000,55000,55000,55000,55000,55000,30,0,4500,18207.75497201048,321.1944286297185,55100.179073167965,42.666666666666664
1790239932,4,POST,completion,0.100000,0.000000,55000,55000,55000,55000,55000,55000,55000,55000,55000,55000,55000,10,0,51000,49900.979427737184,44655.91594390571,55100.179073167965,128.0
1790239932,4,TPOT,completion,0.100000,0.000000,400,400,400,400,400,400,400,400,400,400,400,10,0,360,358.56010015104255,321.1944286297185,397.4419439442485,0.0
1790239932,4,TTFT,completion,0.100000,0.000000,5000,5000,5000,5000,5000,5000,5000,5000,5000,5000,5000,10,0,4500,4363.725388143212,3600.829092087224,4957.475520903245,0.0
1790239932,4,,Aggregated,0.300000,0.000000,5000,5000,47000,47000,55000,55000,55000,55000,55000,55000,55000,30,0,4500,18207.75497201048,321.1944286297185,55100.179073167965,42.666666666666664
1790239933,4,POST,completion,0.100000,0.000000,55000,55000,55000,55000,55000,55000,55000,55000,55000,55000,55000,10,0,51000,49900.979427737184,44655.91594390571,55100.179073167965,128.0
1790239933,4,TPOT,completion,0.100000,0.000000,400,400,400,400,400,400,400,400,400,400,400,10,0,360,358.56010015104255,321.1944286297185,397.4419439442485,0.0
1790239933,4,TTFT,completion,0.100000,0.000000,5000,5000,5000,5000,5000,5000,5000,5000,5000,5000,5000,10,0,4500,4363.725388143212,3600.829092087224,4957.475520903245,0.0
1790239933,4,,Aggregated,0.300000,0.000000,5000,5000,47000,47000,55000,55000,55000,55000,55000,55000,55000,30,0,4500,18207.75497201048,321.1944286297185,55100.179073167965,42.666666666666664
1790239934,4,POST,completion,0.200000,0.000000,50000,50000,55000,55000,55000,55000,55000,55000,55000,55000,55000,11,0,50000,49946.5041727632,44655.91594390571,55100.179073167965,128.0
1790239934,4,TPOT,completion,0.200000,0.000000,360,360,400,400,400,400,400,400,400,400,400,11,0,360,359.0811299269788,321.1944286297185,397.4419439442485,0.0
1790239934,4,TTFT,completion,0.200000,0.000000,4600,4600,5000,5000,5000,5000,5000,5000,5000,5000,5000,11,0,4300,4343.083520398729,3600.829092087224,4957.475520903245,0.0
1790239934,4,,Aggregated,0.600000,0.000000,4600,5000,47000,50000,55000,55000,55000,55000,55000,55000,55000,33,0,4300,18216.222941029635,321.1944286297185,55100.179073167965,42.666666666666664
1790239935,4,POST,completion,0.200000,0.000000,55000,55000,55000,55000,55000,55000,55000,55000,55000,55000,55000,11,0,50000,49946.5041727632,44655.91594390571,55100.179073167965,128.0
1790239935,4,TPOT,completion,0.200000,0.000000,400,400,400,400,400,400,400,400,400,400,400,11,0,360,359.0811299269788,321.1944286297185,397.4419439442485,0.0
1790239935,4,TTFT,completion,0.200000,0.000000,4600,4600,4600,4600,4600,4600,4600,4600,4600,4600,4600,11,0,4300,4343.083520398729,3600.829092087224,4957.475520903245,0.0
1790239935,4,,Aggregated,0.600000,0.000000,4600,4600,50000,50000,55000,55000,55000,55000,55000,55000,55000,33,0,4300,18216.222941029635,321.1944286297185,55100.179073167965,42.666666666666664
1790239936,4,POST,completion,0.200000,0.000000,55000,55000,55000,55000,55000,55000,55000,55000,55000,55000,55000,11,0,50000,49946.5041727632,44655.91594390571,55100.179073167965,128.0
1790239936,4,TPOT,completion,0.200000,0.000000,400,400,400,400,400,400,400,400,400,400,400,11,0,360,359.0811299269788,321.1944286297185,397.4419439442485,0.0
1790239936,4,TTFT,completion,0.200000,0.000000,4600,4600,4600,4600,4600,4600,4600,4600,4600,4600,4600,11,0,4300,4343.083520398729,3600.829092087224,4957.475520903245,0.0
1790239936,4,,Aggregated,0.600000,0.000000,4600,4600,50000,50000,55000,55000,55000,55000,55000,55000,55000,33,0,4300,18216.222941029635,321.1944286297185,55100.179073167965,42.666666666666664
1790239937,4,POST,completion,0.200000,0.000000,55000,55000,55000,55000,55000,55000,55000,55000,55000,55000,55000,11,0,50000,49946.5041727632,44655.91594390571,55100.179073167965,128.0
1790239937,4,TPOT,completion,0.200000,0.000000,400,400,400,400,400,400,400,400,400,400,400,11,0,360,359.0811299269788,321.1944286297185,397.4419439442485,0.0
1790239937,4,TTFT,completion,0.200000,0.000000,4600,4600,4600,4600,4600,4600,4600,4600,4600,4600,4600,11,0,4300,4343.083520398729,3600.829092087224,4957.475520903245,0.0
1790239937,4,,Aggregated,0.600000,0.000000,4600,4600,50000,50000,55000,55000,55000,55000,55000,55000,55000,33,0,4300,18216.222941029635,321.1944286297185,55100.179073167965,42.666666666666664
1790239938,4,POST,completion,0.200000,0.000000,55000,55000,55000,55000,55000,55000,55000,55000,55000,55000,55000,11,0,50000,49946.5041727632,44655.91594390571,55100.179073167965,128.0
1790239938,4,TPOT,completion,0.200000,0.000000,400,400,400,400,400,400,400,400,400,400,400,11,0,360,359.0811299269788,321.1944286297185,397.4419439442485,0.0
1790239938,4,TTFT,completion,0.200000,0.000000,4600,4600,4600,4600,4600,4600,4600,4600,4600,4600,4600,11,0,4300,4343.083520398729,3600.829092087224,4957.475520903245,0.0
1790239938,4,,Aggregated,0.600000,0.000000,4600,4600,50000,50000,55000,55000,55000,55000,55000,55000,55000,33,0,4300,18216.222941029635,321.1944286297185,55100.179073167965,42.666666666666664
1790239939,4,POST,completion,0.200000,0.000000,55000,55000,55000,55000,55000,55000,55000,55000,55000,55000,55000,11,0,50000,49946.5041727632,44655.91594390571,55100.179073167965,128.0
1790239939,4,TPOT,completion,0.200000,0.000000,400,400,400,400,400,400,400,400,400,400,400,11,0,360,359.0811299269788,321.1944286297185,397.4419439442485,0.0
1790239939,4,TTFT,completion,0.200000,0.000000,4600,4600,4600,4600,4600,4600,4600,4600,4600,4600,4600,11,0,4300,4343.083520398729,3600.829092087224,4957.475520903245,0.0
1790239939,4,,Aggregated,0.600000,0.000000,4600,4600,50000,50000,55000,55000,55000,55000,55000,55000,55000,33,0,4300,18216.222941029635,321.1944286297185,55100.179073167965,42.666666666666664
1790239940,4,POST,completion,0.100000,0.000000,55000,55000,55000,55000,55000,55000,55000,55000,55000,55000,55000,12,0,51000,50362.23538185004,44655.91594390571,55100.179073167965,128.0
1790239940,4,TPOT,completion,0.100000,0.000000,390,390,390,390,390,390,390,390,390,390,390,12,0,360,362.0327105977893,321.1944286297185,397.4419439442485,0.0
1790239940,4,TTFT,completion,0.100000,0.000000,4800,4800,4800,4800,4800,4800,4800,4800,4800,4800,4800,12,0,4500,4383.966253274896,3600.829092087224,4957.475520903245,0.0
1790239940,4,,Aggregated,0.300000,0.000000,4800,4800,50000,50000,55000,55000,55000,55000,55000,55000,55000,36,0,4500,18369.41144857424,321.1944286297185,55100.179073167965,42.666666666666664
1790239941,4,POST,completion,0.100000,0.000000,55000,55000,55000,55000,55000,55000,55000,55000,55000,55000,55000,12,0,51000,50362.23538185004,44655.91594390571,55100.179073167965,128.0
1790239941,4,TPOT,completion,0.100000,0.000000,390,390,390,390,390,390,390,390,390,390,390,12,0,360,362.0327105977893,321.1944286297185,397.4419439442485,0.0
1790239941,4,TTFT,completion,0.100000,0.000000,4800,4800,4800,4800,4800,4800,4800,4800,4800,4800,4800,12,0,4500,4383.966253274896,3600.829092087224,4957.475520903245,0.0
1790239941,4,,Aggregated,0.300000,0.000000,4800,4800,50000,50000,55000,55000,55000,55000,55000,55000,55000,36,0,4500,18369.41144857424,321.1944286297185,55100.179073167965,42.666666666666664
1790239942,4,POST,completion,0.100000,0.000000,55000,55000,55000,55000,55000,55000,55000,55000,55000,55000,55000,12,0,51000,50362.23538185004,44655.91594390571,55100.179073167965,128.0
1790239942,4,TPOT,completion,0.100000,0.000000,390,390,390,390,390,390,390,390,390,390,390,12,0,360,362.0327105977893,321.1944286297185,397.4419439442485,0.0
1790239942,4,TTFT,completion,0.100000,0.000000,4800,4800,4800,4800,4800,4800,4800,4800,4800,4800,4800,12,0,4500,4383.966253274896,3600.829092087224,4957.475520903245,0.0
1790239942,4,,Aggregated,0.300000,0.000000,4800,4800,50000,50000,55000,55000,55000,55000,55000,55000,55000,36,0,4500,18369.41144857424,321.1944286297185,55100.179073167965,42.666666666666664
1790239943,4,POST,completion,0.100000,0.000000,55000,55000,55000,55000,55000,55000,55000,55000,55000,55000,55000,12,0,51000,50362.23538185004,44655.91594390571,55100.179073167965,128.0
1790239943,4,TPOT,completion,0.100000,0.000000,390,390,390,390,390,390,390,390,390,390,390,12,0,360,362.0327105977893,321.1944286297185,397.4419439442485,0.0
1790239943,4,TTFT,completion,0.100000,0.000000,4800,4800,4800,4800,4800,4800,4800,4800,4800,4800,4800,12,0,4500,4383.966253274896,3600.829092087224,4957.475520903245,0.0
1790239943,4,,Aggregated,0.300000,0.000000,4800,4800,50000,50000,55000,55000,55000,55000,55000,55000,55000,36,0,4500,18369.41144857424,321.1944286297185,55100.179073167965,42.666666666666664
1790239944,4,POST,completion,0.100000,0.000000,55000,55000,55000,55000,55000,55000,55000,55000,55000,55000,55000,12,0,51000,50362.23538185004,44655.91594390571,55100.179073167965,128.0
1790239944,4,TPOT,completion,0.100000,0.000000,390,390,390,390,390,390,390,390,390,390,390,12,0,360,362.0327105977893,321.1944286297185,397.4419439442485,0.0
1790239944,4,TTFT,completion,0.100000,0.000000,4800,4800,4800,4800,4800,4800,4800,4800,4800,4800,4800,12,0,4500,4383.966253274896,3600.829092087224,4957.475520903245,0.0
1790239944,4,,Aggregated,0.300000,0.000000,4800,4800,50000,50000,55000,55000,55000,55000,55000,55000,55000,36,0,4500,18369.41144857424,321.1944286297185,55100.179073167965,42.666666666666664
1790239945,4,POST,completion,0.100000,0.000000,55000,55000,55000,55000,55000,55000,55000,55000,55000,55000,55000,12,0,51000,50362.23538185004,44655.91594390571,55100.179073167965,128.0
1790239945,4,TPOT,completion,0.100000,0.000000,390,390,390,390,390,390,390,390,390,390,390,12,0,360,362.0327105977893,321.1944286297185,397.4419439442485,0.0
1790239945,4,TTFT,completion,0.100000,0.000000,4800,4800,4800,4800,4800,4800,4800,4800,4800,4800,4800,12,0,4500,4383.966253274896,3600.829092087224,4957.475520903245,0.0
1790239945,4,,Aggregated,0.300000,0.000000,4800,4800,50000,50000,55000,55000,55000,55000,55000,55000,55000,36,0,4500,18369.41144857424,321.1944286297185,55100.179073167965,42.666666666666664
1790239946,4,POST,completion,0.100000,0.000000,55000,55000,55000,55000,55000,55000,55000,55000,55000,55000,55000,12,0,51000,50362.23538185004,44655.91594390571,55100.179073167965,128.0
1790239946,4,TPOT,completion,0.100000,0.000000,390,390,390,390,390,390,390,390,390,390,390,12,0,360,362.0327105977893,321.1944286297185,397.4419439442485,0.0
1790239946,4,TTFT,completion,0.100000,0.000000,4800,4800,4800,4800,4800,4800,4800,4800,4800,4800,4800,12,0,4500,4383.966253274896,3600.829092087224,4957.475520903245,0.0
1790239946,4,,Aggregated,0.300000,0.000000,4800,4800,55000,55000,55000,55000,55000,55000,55000,55000,55000,36,0,4500,18369.41144857424,321.1944286297185,55100.179073167965,42.666666666666664
1790239947,4,POST,completion,0.100000,0.000000,55000,55000,55000,55000,55000,55000,55000,55000,55000,55000,55000,12,0,51000,50362.23538185004,44655.91594390571,55100.179073167965,128.0
1790239947,4,TPOT,completion,0.100000,0.000000,390,390,390,390,390,390,390,390,390,390,390,12,0,360,362.0327105977893,321.1944286297185,397.4419439442485,0.0
1790239947,4,TTFT,completion,0.100000,0.000000,4800,4800,4800,4800,4800,4800,4800,4800,4800,4800,4800,12,0,4500,4383.966253274896,3600.829092087224,4957.475520903245,0.0
1790239947,4,,Aggregated,0.300000,0.000000,4800,4800,55000,55000,55000,55000,55000,55000,55000,55000,55000,36,0,4500,18369.41144857424,321.1944286297185,55100.179073167965,42.666666666666664
1790239948,4,POST,completion,0.100000,0.000000,55000,55000,55000,55000,55000,55000,55000,55000,55000,55000,55000,12,0,51000,50362.23538185004,44655.91594390571,55100.179073167965,128.0
1790239948,4,TPOT,completion,0.100000,0.000000,390,390,390,390,390,390,390,390,390,390,390,12,0,360,362.0327105977893,321.1944286297185,397.4419439442485,0.0
1790239948,4,TTFT,completion,0.100000,0.000000,4800,4800,4800,4800,4800,4800,4800,4800,4800,4800,4800,12,0,4500,4383.966253274896,3600.829092087224,4957.475520903245,0.0
1790239948,4,,Aggregated,0.300000,0.000000,4800,4800,55000,55000,55000,55000,55000,55000,55000,55000,55000,36,0,4500,18369.41144857424,321.1944286297185,55100.179073167965,42.666666666666664
1790239949,4,POST,completion,0.100000,0.000000,55000,55000,55000,55000,55000,55000,55000,55000,55000,55000,55000,12,0,51000,50362.23538185004,44655.91594390571,55100.179073167965,128.0
1790239949,4,TPOT,completion,0.100000,0.000000,390,390,390,390,390,390,390,390,390,390,390,12,0,360,362.0327105977893,321.1944286297185,397.4419439442485,0.0
1790239949,4,TTFT,completion,0.100000,0.000000,4800,4800,4800,4800,4800,4800,4800,4800,4800,4800,4800,12,0,4500,4383.966253274896,3600.829092087224,4957.475520903245,0.0
1790239949,4,,Aggregated,0.300000,0.000000,4800,4800,55000,55000,55000,55000,55000,55000,55000,55000,55000,36,0,4500,18369.41144857424,321.1944286297185,55100.179073167965,42.666666666666664
1790239950,4,POST,completion,0.100000,0.000000,55000,55000,55000,55000,55000,55000,55000,55000,55000,55000,55000,12,0,51000,50362.23538185004,44655.91594390571,55100.179073167965,128.0
1790239950,4,TPOT,completion,0.100000,0.000000,390,390,390,390,390,390,390,390,390,390,390,12,0,360,362.0327105977893,321.1944286297185,397.4419439442485,0.0
1790239950,4,TTFT,completion,0.100000,0.000000,4800,4800,4800,4800,4800,4800,4800,4800,4800,4800,4800,12,0,4500,4383.966253274896,3600.829092087224,4957.475520903245,0.0
1790239950,4,,Aggregated,0.300000,0.000000,4800,4800,55000,55000,55000,55000,55000,55000,55000,55000,55000,36,0,4500,18369.41144857424,321.1944286297185,55100.179073167965,42.666666666666664
1790239951,4,POST,completion,0.100000,0.000000,55000,55000,55000,55000,55000,55000,55000,55000,55000,55000,55000,12,0,51000,50362.23538185004,44655.91594390571,55100.179073167965,128.0
1790239951,4,TPOT,completion,0.100000,0.000000,390,390,390,390,390,390,390,390,390,390,390,12,0,360,362.0327105977893,321.1944286297185,397.4419439442485,0.0
1790239951,4,TTFT,completion,0.100000,0.000000,4800,4800,4800,4800,4800,4800,4800,4800,4800,4800,4800,12,0,4500,4383.966253274896,3600.829092087224,4957.475520903245,0.0
1790239951,4,,Aggregated,0.300000,0.000000,4800,4800,55000,55000,55000,55000,55000,55000,55000,55000,55000,36,0,4500,18369.41144857424,321.1944286297185,55100.179073167965,42.666666666666664
1790239952,4,POST,completion,0.100000,0.000000,55000,55000,55000,55000,55000,55000,55000,55000,55000,55000,55000,12,0,51000,50362.23538185004,44655.91594390571,55100.179073167965,128.0
1790239952,4,TPOT,completion,0.100000,0.000000,390,390,390,390,390,390,390,390,390,390,390,12,0,360,362.0327105977893,321.1944286297185,397.4419439442485,0.0
1790239952,4,TTFT,completion,0.100000,0.000000,4800,4800,4800,4800,4800,4800,4800,4800,4800,4800,4800,12,0,4500,4383.966253274896,3600.829092087224,4957.475520903245,0.0
1790239952,4,,Aggregated,0.300000,0.000000,4800,4800,55000,55000,55000,55000,55000,55000,55000,55000,55000,36,0,4500,18369.41144857424,321.1944286297185,55100.179073167965,42.666666666666664
1790239953,4,POST,completion,0.100000,0.000000,55000,55000,55000,55000,55000,55000,55000,55000,55000,55000,55000,12,0,51000,50362.23538185004,44655.91594390571,55100.179073167965,128.0
1790239953,4,TPOT,completion,0.100000,0.000000,390,390,390,390,390,390,390,390,390,390,390,12,0,360,362.0327105977893,321.1944286297185,397.4419439442485,0.0
1790239953,4,TTFT,completion,0.100000,0.000000,4800,4800,4800,4800,4800,4800,4800,4800,4800,4800,4800,12,0,4500,4383.966253274896,3600.829092087224,4957.475520903245,0.0
1790239953,4,,Aggregated,0.300000,0.000000,4800,4800,55000,55000,55000,55000,55000,55000,55000,55000,55000,36,0,4500,18369.41144857424,321.1944286297185,55100.179073167965,42.666666666666664
1790239954,4,POST,completion,0.100000,0.000000,55000,55000,55000,55000,55000,55000,55000,55000,55000,55000,55000,12,0,51000,50362.23538185004,44655.91594390571,55100.179073167965,128.0
1790239954,4,TPOT,completion,0.100000,0.000000,390,390,390,390,390,390,390,390,390,390,390,12,0,360,362.0327105977893,321.1944286297185,397.4419439442485,0.0
1790239954,4,TTFT,completion,0.100000,0.000000,4800,4800,4800,4800,4800,4800,4800,4800,4800,4800,4800,12,0,4500,4383.966253274896,3600.829092087224,4957.475520903245,0.0
1790239954,4,,Aggregated,0.300000,0.000000,4800,4800,55000,55000,55000,55000,55000,55000,55000,55000,55000,36,0,4500,18369.41144857424,321.1944286297185,55100.179073167965,42.666666666666664
1790239955,4,POST,completion,0.100000,0.000000,55000,55000,55000,55000,55000,55000,55000,55000,55000,55000,55000,12,0,51000,50362.23538185004,44655.91594390571,55100.179073167965,128.0
1790239955,4,TPOT,completion,0.100000,0.000000,390,390,390,390,390,390,390,390,390,390,390,12,0,360,362.0327105977893,321.1944286297185,397.4419439442485,0.0
1790239955,4,TTFT,completion,0.100000,0.000000,4800,4800,4800,4800,4800,4800,4800,4800,4800,4800,4800,12,0,4500,4383.966253274896,3600.829092087224,4957.475520903245,0.0
1790239955,4,,Aggregated,0.300000,0.000000,4800,4800,55000,55000,55000,55000,55000,55000,55000,55000,55000,36,0,4500,18369.41144857424,321.1944286297185,55100.179073167965,42.666666666666664
1790239956,4,POST,completion,0.100000,0.000000,55000,55000,55000,55000,55000,55000,55000,55000,55000,55000,55000,12,0,51000,50362.23538185004,44655.91594390571,55100.179073167965,128.0
1790239956,4,TPOT,completion,0.100000,0.000000,390,390,390,390,390,390,390,390,390,390,390,12,0,360,362.0327105977893,321.1944286297185,397.4419439442485,0.0
1790239956,4,TTFT,completion,0.100000,0.000000,4800,4800,4800,4800,4800,4800,4800,4800,4800,4800,4800,12,0,4500,4383.966253274896,3600.829092087224,4957.475520903245,0.0
1790239956,4,,Aggregated,0.300000,0.000000,4800,4800,55000,55000,55000,55000,55000,55000,55000,55000,55000,36,0,4500,18369.41144857424,321.1944286297185,55100.179073167965,42.666666666666664
1790239957,4,POST,completion,0.100000,0.000000,55000,55000,55000,55000,55000,55000,55000,55000,55000,55000,55000,12,0,51000,50362.23538185004,44655.91594390571,55100.179073167965,128.0
1790239957,4,TPOT,completion,0.100000,0.000000,390,390,390,390,390,390,390,390,390,390,390,12,0,360,362.0327105977893,321.1944286297185,397.4419439442485,0.0
1790239957,4,TTFT,completion,0.100000,0.000000,4800,4800,4800,4800,4800,4800,4800,4800,4800,4800,4800,12,0,4500,4383.966253274896,3600.829092087224,4957.475520903245,0.0
1790239957,4,,Aggregated,0.300000,0.000000,4800,4800,55000,55000,55000,55000,55000,55000,55000,55000,55000,36,0,4500,18369.41144857424,321.1944286297185,55100.179073167965,42.666666666666664
1790239958,4,POST,completion,0.100000,0.000000,0,0,0,0,0,0,0,0,0,0,0,12,0,51000,50362.23538185004,44655.91594390571,55100.179073167965,128.0
1790239958,4,TPOT,completion,0.100000,0.000000,0,0,0,0,0,0,0,0,0,0,0,12,0,360,362.0327105977893,321.1944286297185,397.4419439442485,0.0
1790239958,4,TTFT,completion,0.100000,0.000000,0,0,0,0,0,0,0,0,0,0,0,12,0,4500,4383.966253274896,3600.829092087224,4957.475520903245,0.0
1790239958,4,,Aggregated,0.300000,0.000000,0,0,0,0,0,0,0,0,0,0,0,36,0,4500,18369.41144857424,321.1944286297185,55100.179073167965,42.666666666666664
1790239959,4,POST,completion,0.100000,0.000000,0,0,0,0,0,0,0,0,0,0,0,12,0,51000,50362.23538185004,44655.91594390571,55100.179073167965,128.0
1790239959,4,TPOT,completion,0.100000,0.000000,0,0,0,0,0,0,0,0,0,0,0,12,0,360,362.0327105977893,321.1944286297185,397.4419439442485,0.0
1790239959,4,TTFT,completion,0.100000,0.000000,0,0,0,0,0,0,0,0,0,0,0,12,0,4500,4383.966253274896,3600.829092087224,4957.475520903245,0.0
1790239959,4,,Aggregated,0.300000,0.000000,0,0,0,0,0,0,0,0,0,0,0,36,0,4500,18369.41144857424,321.1944286297185,55100.179073167965,42.666666666666664
1790239960,4,POST,completion,0.100000,0.000000,0,0,0,0,0,0,0,0,0,0,0,12,0,51000,50362.23538185004,44655.91594390571,55100.179073167965,128.0
1790239960,4,TPOT,completion,0.100000,0.000000,0,0,0,0,0,0,0,0,0,0,0,12,0,360,362.0327105977893,321.1944286297185,397.4419439442485,0.0
1790239960,4,TTFT,completion,0.100000,0.000000,0,0,0,0,0,0,0,0,0,0,0,12,0,4500,4383.966253274896,3600.829092087224,4957.475520903245,0.0
1790239960,4,,Aggregated,0.300000,0.000000,0,0,0,0,0,0,0,0,0,0,0,36,0,4500,18369.41144857424,321.1944286297185,55100.179073167965,42.666666666666664
1790239961,4,POST,completion,0.100000,0.000000,0,0,0,0,0,0,0,0,0,0,0,12,0,51000,50362.23538185004,44655.91594390571,55100.179073167965,128.0
1790239961,4,TPOT,completion,0.100000,0.000000,0,0,0,0,0,0,0,0,0,0,0,12,0,360,362.0327105977893,321.1944286297185,397.4419439442485,0.0
1790239961,4,TTFT,completion,0.100000,0.000000,0,0,0,0,0,0,0,0,0,0,0,12,0,4500,4383.966253274896,3600.829092087224,4957.475520903245,0.0
1790239961,4,,Aggregated,0.300000,0.000000,0,0,0,0,0,0,0,0,0,0,0,36,0,4500,18369.41144857424,321.1944286297185,55100.179073167965,42.666666666666664
1790239962,4,POST,completion,0.100000,0.000000,0,0,0,0,0,0,0,0,0,0,0,12,0,51000,50362.23538185004,44655.91594390571,55100.179073167965,128.0
1790239962,4,TPOT,completion,0.100000,0.000000,0,0,0,0,0,0,0,0,0,0,0,12,0,360,362.0327105977893,321.1944286297185,397.4419439442485,0.0
1790239962,4,TTFT,completion,0.100000,0.000000,0,0,0,0,0,0,0,0,0,0,0,12,0,4500,4383.966253274896,3600.829092087224,4957.475520903245,0.0
1790239962,4,,Aggregated,0.300000,0.000000,0,0,0,0,0,0,0,0,0,0,0,36,0,4500,18369.41144857424,321.1944286297185,55100.179073167965,42.666666666666664
1790239963,4,POST,completion,0.100000,0.000000,0,0,0,0,0,0,0,0,0,0,0,12,0,51000,50362.23538185004,44655.91594390571,55100.179073167965,128.0
1790239963,4,TPOT,completion,0.100000,0.000000,0,0,0,0,0,0,0,0,0,0,0,12,0,360,362.0327105977893,321.1944286297185,397.4419439442485,0.0
1790239963,4,TTFT,completion,0.100000,0.000000,0,0,0,0,0,0,0,0,0,0,0,12,0,4500,4383.966253274896,3600.829092087224,4957.475520903245,0.0
1790239963,4,,Aggregated,0.300000,0.000000,0,0,0,0,0,0,0,0,0,0,0,36,0,4500,18369.41144857424,321.1944286297185,55100.179073167965,42.666666666666664
1790239964,4,POST,completion,0.100000,0.000000,0,0,0,0,0,0,0,0,0,0,0,12,0,51000,50362.23538185004,44655.91594390571,55100.179073167965,128.0
1790239964,4,TPOT,completion,0.100000,0.000000,0,0,0,0,0,0,0,0,0,0,0,12,0,360,362.0327105977893,321.1944286297185,397.4419439442485,0.0
1790239964,4,TTFT,completion,0.100000,0.000000,0,0,0,0,0,0,0,0,0,0,0,12,0,4500,4383.966253274896,3600.829092087224,4957.475520903245,0.0
1790239964,4,,Aggregated,0.300000,0.000000,0,0,0,0,0,0,0,0,0,0,0,36,0,4500,18369.41144857424,321.1944286297185,55100.179073167965,42.666666666666664
1790239965,4,POST,completion,0.100000,0.000000,0,0,0,0,0,0,0,0,0,0,0,12,0,51000,50362.23538185004,44655.91594390571,55100.179073167965,128.0
1790239965,4,TPOT,completion,0.100000,0.000000,0,0,0,0,0,0,0,0,0,0,0,12,0,360,362.0327105977893,321.1944286297185,397.4419439442485,0.0
1790239965,4,TTFT,completion,0.100000,0.000000,0,0,0,0,0,0,0,0,0,0,0,12,0,4500,4383.966253274896,3600.829092087224,4957.475520903245,0.0
1790239965,4,,Aggregated,0.300000,0.000000,0,0,0,0,0,0,0,0,0,0,0,36,0,4500,18369.41144857424,321.1944286297185,55100.179073167965,42.666666666666664
1790239966,4,POST,completion,0.100000,0.000000,0,0,0,0,0,0,0,0,0,0,0,12,0,51000,50362.23538185004,44655.91594390571,55100.179073167965,128.0
1790239966,4,TPOT,completion,0.100000,0.000000,0,0,0,0,0,0,0,0,0,0,0,12,0,360,362.0327105977893,321.1944286297185,397.4419439442485,0.0
1790239966,4,TTFT,completion,0.100000,0.000000,0,0,0,0,0,0,0,0,0,0,0,12,0,4500,4383.966253274896,3600.829092087224,4957.475520903245,0.0
1790239966,4,,Aggregated,0.300000,0.000000,0,0,0,0,0,0,0,0,0,0,0,36,0,4500,18369.41144857424,321.1944286297185,55100.179073167965,42.666666666666664
1790239967,4,POST,completion,0.100000,0.000000,0,0,0,0,0,0,0,0,0,0,0,12,0,51000,50362.23538185004,44655.91594390571,55100.179073167965,128.0
1790239967,4,TPOT,completion,0.100000,0.000000,0,0,0,0,0,0,0,0,0,0,0,12,0,360,362.0327105977893,321.1944286297185,397.4419439442485,0.0
1790239967,4,TTFT,completion,0.100000,0.000000,0,0,0,0,0,0,0,0,0,0,0,12,0,4500,4383.966253274896,3600.829092087224,4957.475520903245,0.0
1790239967,4,,Aggregated,0.300000,0.000000,0,0,0,0,0,0,0,0,0,0,0,36,0,4500,18369.41144857424,321.1944286297185,55100.179073167965,42.666666666666664
1790239968,4,POST,completion,0.100000,0.000000,0,0,0,0,0,0,0,0,0,0,0,12,0,51000,50362.23538185004,44655.91594390571,55100.179073167965,128.0
1790239968,4,TPOT,completion,0.100000,0.000000,0,0,0,0,0,0,0,0,0,0,0,12,0,360,362.0327105977893,321.1944286297185,397.4419439442485,0.0
1790239968,4,TTFT,completion,0.100000,0.000000,0,0,0,0,0,0,0,0,0,0,0,12,0,4500,4383.966253274896,3600.829092087224,4957.475520903245,0.0
1790239968,4,,Aggregated,0.300000,0.000000,0,0,0,0,0,0,0,0,0,0,0,36,0,4500,18369.41144857424,321.1944286297185,55100.179073167965,42.666666666666664
1790239969,4,POST,completion,0.100000,0.000000,0,0,0,0,0,0,0,0,0,0,0,12,0,51000,50362.23538185004,44655.91594390571,55100.179073167965,128.0
1790239969,4,TPOT,completion,0.100000,0.000000,0,0,0,0,0,0,0,0,0,0,0,12,0,360,362.0327105977893,321.1944286297185,397.4419439442485,0.0
1790239969,4,TTFT,completion,0.100000,0.000000,0,0,0,0,0,0,0,0,0,0,0,12,0,4500,4383.966253274896,3600.829092087224,4957.475520903245,0.0
1790239969,4,,Aggregated,0.300000,0.000000,0,0,0,0,0,0,0,0,0,0,0,36,0,4500,18369.41144857424,321.1944286297185,55100.179073167965,42.666666666666664
1790239970,4,POST,completion,0.100000,0.000000,0,0,0,0,0,0,0,0,0,0,0,12,0,51000,50362.23538185004,44655.91594390571,55100.179073167965,128.0
1790239970,4,TPOT,completion,0.100000,0.000000,0,0,0,0,0,0,0,0,0,0,0,12,0,360,362.0327105977893,321.1944286297185,397.4419439442485,0.0
1790239970,4,TTFT,completion,0.100000,0.000000,0,0,0,0,0,0,0,0,0,0,0,12,0,4500,4383.966253274896,3600.829092087224,4957.475520903245,0.0
1790239970,4,,Aggregated,0.300000,0.000000,0,0,0,0,0,0,0,0,0,0,0,36,0,4500,18369.41144857424,321.1944286297185,55100.179073167965,42.666666666666664
1790239971,4,POST,completion,0.100000,0.000000,0,0,0,0,0,0,0,0,0,0,0,12,0,51000,50362.23538185004,44655.91594390571,55100.179073167965,128.0
1790239971,4,TPOT,completion,0.100000,0.000000,0,0,0,0,0,0,0,0,0,0,0,12,0,360,362.0327105977893,321.1944286297185,397.4419439442485,0.0
1790239971,4,TTFT,completion,0.100000,0.000000,0,0,0,0,0,0,0,0,0,0,0,12,0,4500,4383.966253274896,3600.829092087224,4957.475520903245,0.0
1790239971,4,,Aggregated,0.300000,0.000000,0,0,0,0,0,0,0,0,0,0,0,36,0,4500,18369.41144857424,321.1944286297185,55100.179073167965,42.666666666666664
1790239972,4,POST,completion,0.100000,0.000000,0,0,0,0,0,0,0,0,0,0,0,12,0,51000,50362.23538185004,44655.91594390571,55100.179073167965,128.0
1790239972,4,TPOT,completion,0.100000,0.000000,0,0,0,0,0,0,0,0,0,0,0,12,0,360,362.0327105977893,321.1944286297185,397.4419439442485,0.0
1790239972,4,TTFT,completion,0.100000,0.000000,0,0,0,0,0,0,0,0,0,0,0,12,0,4500,4383.966253274896,3600.829092087224,4957.475520903245,0.0
1790239972,4,,Aggregated,0.300000,0.000000,0,0,0,0,0,0,0,0,0,0,0,36,0,4500,18369.41144857424,321.1944286297185,55100.179073167965,42.666666666666664
1790239973,4,POST,completion,0.000000,0.000000,46000,46000,46000,46000,46000,46000,46000,46000,46000,46000,46000,13,0,50000,49999.28837416407,44655.91594390571,55100.179073167965,128.0
1790239973,4,TPOT,completion,0.000000,0.000000,330,330,330,330,330,330,330,330,330,330,330,13,0,360,359.33366064690193,321.1944286297185,397.4419439442485,0.0
1790239973,4,TTFT,completion,0.000000,0.000000,4100,4100,4100,4100,4100,4100,4100,4100,4100,4100,4100,13,0,4300,4363.79588363119,3600.829092087224,4957.475520903245,0.0
1790239973,4,,Aggregated,0.000000,0.000000,4100,4100,46000,46000,46000,46000,46000,46000,46000,46000,46000,39,0,4300,18240.805972814054,321.1944286297185,55100.179073167965,42.666666666666664
1790239974,4,POST,completion,0.000000,0.000000,46000,46000,46000,46000,46000,46000,46000,46000,46000,46000,46000,13,0,50000,49999.28837416407,44655.91594390571,55100.179073167965,128.0
1790239974,4,TPOT,completion,0.000000,0.000000,330,330,330,330,330,330,330,330,330,330,330,13,0,360,359.33366064690193,321.1944286297185,397.4419439442485,0.0
1790239974,4,TTFT,completion,0.000000,0.000000,4100,4100,4100,4100,4100,4100,4100,4100,4100,4100,4100,13,0,4300,4363.79588363119,3600.829092087224,4957.475520903245,0.0
1790239974,4,,Aggregated,0.000000,0.000000,4100,4100,46000,46000,46000,46000,46000,46000,46000,46000,46000,39,0,4300,18240.805972814054,321.1944286297185,55100.179073167965,42.666666666666664
1790239975,4,POST,completion,0.000000,0.000000,46000,46000,46000,46000,46000,46000,46000,46000,46000,46000,46000,13,0,50000,49999.28837416407,44655.91594390571,55100.179073167965,128.0
1790239975,4,TPOT,completion,0.000000,0.000000,330,330,330,330,330,330,330,330,330,330,330,13,0,360,359.33366064690193,321.1944286297185,397.4419439442485,0.0
1790239975,4,TTFT,completion,0.000000,0.000000,4100,4100,4100,4100,4100,4100,4100,4100,4100,4100,4100,13,0,4300,4363.79588363119,3600.829092087224,4957.475520903245,0.0
1790239975,4,,Aggregated,0.000000,0.000000,4100,4100,46000,46000,46000,46000,46000,46000,46000,46000,46000,39,0,4300,18240.805972814054,321.1944286297185,55100.179073167965,42.666666666666664
1790239976,4,POST,completion,0.100000,0.000000,51000,51000,51000,51000,51000,51000,51000,51000,51000,51000,51000,14,0,51000,50082.98324715412,44655.91594390571,55100.179073167965,128.0
1790239976,4,TPOT,completion,0.100000,0.000000,370,370,370,370,370,370,370,370,370,370,370,14,0,360,359.9749508318287,321.1944286297185,397.4419439442485,0.0
1790239976,4,TTFT,completion,0.100000,0.000000,4400,4400,4400,4400,4400,4400,4400,4400,4400,4400,4400,14,0,4400,4366.046467297046,3600.829092087224,4957.475520903245,0.0
1790239976,4,,Aggregated,0.300000,0.000000,4400,4400,46000,46000,51000,51000,51000,51000,51000,51000,51000,42,0,4400,18269.668221761,321.1944286297185,55100.179073167965,42.666666666666664
1790239977,4,POST,completion,0.100000,0.000000,51000,51000,51000,51000,51000,51000,51000,51000,51000,51000,51000,14,0,51000,50082.98324715412,44655.91594390571,55100.179073167965,128.0
1790239977,4,TPOT,completion,0.100000,0.000000,370,370,370,370,370,370,370,370,370,370,370,14,0,360,359.9749508318287,321.1944286297185,397.4419439442485,0.0
1790239977,4,TTFT,completion,0.100000,0.000000,4400,4400,4400,4400,4400,4400,4400,4400,4400,4400,4400,14,0,4400,4366.046467297046,3600.829092087224,4957.475520903245,0.0
1790239977,4,,Aggregated,0.300000,0.000000,4400,4400,46000,46000,51000,51000,51000,51000,51000,51000,51000,42,0,4400,18269.668221761,321.1944286297185,55100.179073167965,42.666666666666664
1790239978,4,POST,completion,0.100000,0.000000,51000,51000,51000,51000,51000,51000,51000,51000,51000,51000,51000,14,0,51000,50082.98324715412,44655.91594390571,55100.179073167965,128.0
1790239978,4,TPOT,completion,0.100000,0.000000,370,370,370,370,370,370,370,370,370,370,370,14,0,360,359.9749508318287,321.1944286297185,397.4419439442485,0.0
1790239978,4,TTFT,completion,0.100000,0.000000,4400,4400,4400,4400,4400,4400,4400,4400,4400,4400,4400,14,0,4400,4366.046467297046,3600.829092087224,4957.475520903245,0.0
1790239978,4,,Aggregated,0.300000,0.000000,4400,4400,46000,46000,51000,51000,51000,51000,51000,51000,51000,42,0,4400,18269.668221761,321.1944286297185,55100.179073167965,42.666666666666664
1790239979,4,POST,completion,0.100000,0.000000,51000,51000,51000,51000,51000,51000,51000,51000,51000,51000,51000,14,0,51000,50082.98324715412,44655.91594390571,55100.179073167965,128.0
1790239979,4,TPOT,completion,0.100000,0.000000,370,370,370,370,370,370,370,370,370,370,370,14,0,360,359.9749508318287,321.1944286297185,397.4419439442485,0.0
1790239979,4,TTFT,completion,0.100000,0.000000,4400,4400,4400,4400,4400,4400,4400,4400,4400,4400,4400,14,0,4400,4366.046467297046,3600.829092087224,4957.475520903245,0.0
1790239979,4,,Aggregated,0.300000,0.000000,4400,4400,46000,46000,51000,51000,51000,51000,51000,51000,51000,42,0,4400,18269.668221761,321.1944286297185,55100.179073167965,42.666666666666664
1790239980,4,POST,completion,0.100000,0.000000,51000,51000,51000,51000,51000,51000,51000,51000,51000,51000,51000,14,0,51000,50082.98324715412,44655.91594390571,55100.179073167965,128.0
1790239980,4,TPOT,completion,0.100000,0.000000,370,370,370,370,370,370,370,370,370,370,370,14,0,360,359.9749508318287,321.1944286297185,397.4419439442485,0.0
1790239980,4,TTFT,completion,0.100000,0.000000,4400,4400,4400,4400,4400,4400,4400,4400,4400,4400,4400,14,0,4400,4366.046467297046,3600.829092087224,4957.475520903245,0.0
1790239980,4,,Aggregated,0.300000,0.000000,4400,4400,46000,46000,51000,51000,51000,51000,51000,51000,51000,42,0,4400,18269.668221761,321.1944286297185,55100.179073167965,42.666666666666664
1790239981,4,POST,completion,0.100000,0.000000,51000,51000,51000,51000,51000,51000,51000,51000,51000,51000,51000,14,0,51000,50082.98324715412,44655.91594390571,55100.179073167965,128.0
1790239981,4,TPOT,completion,0.100000,0.000000,370,370,370,370,370,370,370,370,370,370,370,14,0,360,359.9749508318287,321.1944286297185,397.4419439442485,0.0
1790239981,4,TTFT,completion,0.100000,0.000000,4400,4400,4400,4400,4400,4400,4400,4400,4400,4400,4400,14,0,4400,4366.046467297046,3600.829092087224,4957.475520903245,0.0
1790239981,4,,Aggregated,0.300000,0.000000,4400,4400,46000,46000,51000,51000,51000,51000,51000,51000,51000,42,0,4400,18269.668221761,321.1944286297185,55100.179073167965,42.666666666666664
1790239982,4,POST,completion,0.100000,0.000000,51000,51000,51000,51000,51000,51000,51000,51000,51000,51000,51000,14,0,51000,50082.98324715412,44655.91594390571,55100.179073167965,128.0
1790239982,4,TPOT,completion,0.100000,0.000000,370,370,370,370,370,370,370,370,370,370,370,14,0,360,359.9749508318287,321.1944286297185,397.4419439442485,0.0
1790239982,4,TTFT,completion,0.100000,0.000000,4400,4400,4400,4400,4400,4400,4400,4400,4400,4400,4400,14,0,4400,4366.046467297046,3600.829092087224,4957.475520903245,0.0
1790239982,4,,Aggregated,0.300000,0.000000,4400,4400,46000,46000,51000,51000,51000,51000,51000,51000,51000,42,0,4400,18269.668221761,321.1944286297185,55100.179073167965,42.666666666666664
1790239983,4,POST,completion,0.100000,0.000000,51000,51000,51000,51000,51000,51000,51000,51000,51000,51000,51000,14,0,51000,50082.98324715412,44655.91594390571,55100.179073167965,128.0
1790239983,4,TPOT,completion,0.100000,0.000000,370,370,370,370,370,370,370,370,370,370,370,14,0,360,359.9749508318287,321.1944286297185,397.4419439442485,0.0
1790239983,4,TTFT,completion,0.100000,0.000000,4400,4400,4400,4400,4400,4400,4400,4400,4400,4400,4400,14,0,4400,4366.046467297046,3600.829092087224,4957.475520903245,0.0
1790239983,4,,Aggregated,0.300000,0.000000,4400,4400,51000,51000,51000,51000,51000,51000,51000,51000,51000,42,0,4400,18269.668221761,321.1944286297185,55100.179073167965,42.666666666666664
1790239984,4,POST,completion,0.100000,0.000000,51000,51000,51000,51000,51000,51000,51000,51000,51000,51000,51000,14,0,51000,50082.98324715412,44655.91594390571,55100.179073167965,128.0
1790239984,4,TPOT,completion,0.100000,0.000000,370,370,370,370,370,370,370,370,370,370,370,14,0,360,359.9749508318287,321.1944286297185,397.4419439442485,0.0
1790239984,4,TTFT,completion,0.100000,0.000000,4400,4400,4400,4400,4400,4400,4400,4400,4400,4400,4400,14,0,4400,4366.046467297046,3600.829092087224,4957.475520903245,0.0
1790239984,4,,Aggregated,0.300000,0.000000,4400,4400,51000,51000,51000,51000,51000,51000,51000,51000,51000,42,0,4400,18269.668221761,321.1944286297185,55100.179073167965,42.666666666666664
1790239985,4,POST,completion,0.100000,0.000000,51000,51000,51000,51000,51000,51000,51000,51000,51000,51000,51000,14,0,51000,50082.98324715412,44655.91594390571,55100.179073167965,128.0
1790239985,4,TPOT,completion,0.100000,0.000000,370,370,370,370,370,370,370,370,370,370,370,14,0,360,359.9749508318287,321.1944286297185,397.4419439442485,0.0
1790239985,4,TTFT,completion,0.100000,0.000000,4400,4400,4400,4400,4400,4400,4400,4400,4400,4400,4400,14,0,4400,4366.046467297046,3600.829092087224,4957.475520903245,0.0
1790239985,4,,Aggregated,0.300000,0.000000,4400,4400,51000,51000,51000,51000,51000,51000,51000,51000,51000,42,0,4400,18269.668221761,321.1944286297185,55100.179073167965,42.666666666666664
1790239986,4,POST,completion,0.100000,0.000000,51000,51000,51000,51000,51000,51000,51000,51000,51000,51000,51000,14,0,51000,50082.98324715412,44655.91594390571,55100.179073167965,128.0
1790239986,4,TPOT,completion,0.100000,0.000000,370,370,370,370,370,370,370,370,370,370,370,14,0,360,359.9749508318287,321.1944286297185,397.4419439442485,0.0
1790239986,4,TTFT,completion,0.100000,0.000000,4400,4400,4400,4400,4400,4400,4400,4400,4400,4400,4400,14,0,4400,4366.046467297046,3600.829092087224,4957.475520903245,0.0
1790239986,4,,Aggregated,0.300000,0.000000,4400,4400,51000,51000,51000,51000,51000,51000,51000,51000,51000,42,0,4400,18269.668221761,321.1944286297185,55100.179073167965,42.666666666666664
1790239987,4,POST,completion,0.100000,0.000000,51000,51000,51000,51000,51000,51000,51000,51000,51000,51000,51000,15,0,50000,49903.16301702211,44655.91594390571,55100.179073167965,128.0
1790239987,4,TPOT,completion,0.100000,0.000000,370,370,370,370,370,370,370,370,370,370,370,15,0,360,358.4503560770655,321.1944286297185,397.4419439442485,0.0
1790239987,4,TTFT,completion,0.100000,0.000000,4600,4600,4600,4600,4600,4600,4600,4600,4600,4600,4600,15,0,4400,4379.851437422137,3600.829092087224,4957.475520903245,0.0
1790239987,4,,Aggregated,0.300000,0.000000,4600,4600,47000,47000,51000,51000,51000,51000,51000,51000,51000,45,0,4400,18213.821603507102,321.1944286297185,55100.179073167965,42.666666666666664
1790239988,4,POST,completion,0.000000,0.000000,51000,51000,54000,54000,54000,54000,54000,54000,54000,54000,54000,16,0,51000,50187.9003039503,44655.91594390571,55100.179073167965,128.0
1790239988,4,TPOT,completion,0.000000,0.000000,370,370,390,390,390,390,390,390,390,390,390,16,0,360,360.5819171996729,321.1944286297185,397.4419439442485,0.0
1790239988,4,TTFT,completion,0.000000,0.000000,4600,4600,4600,4600,4600,4600,4600,4600,4600,4600,4600,16,0,4500,4393.88196489017,3600.829092087224,4957.475520903245,0.0
1790239988,4,,Aggregated,0.000000,0.000000,4600,4600,47000,51000,54000,54000,54000,54000,54000,54000,54000,48,0,4500,18314.121395346712,321.1944286297185,55100.179073167965,42.666666666666664
1790239989,4,POST,completion,0.000000,0.000000,51000,51000,54000,54000,54000,54000,54000,54000,54000,54000,54000,16,0,51000,50187.9003039503,44655.91594390571,55100.179073167965,128.0
1790239989,4,TPOT,completion,0.000000,0.000000,370,370,390,390,390,390,390,390,390,390,390,16,0,360,360.5819171996729,321.1944286297185,397.4419439442485,0.0
1790239989,4,TTFT,completion,0.000000,0.000000,4600,4600,4600,4600,4600,4600,4600,4600,4600,4600,4600,16,0,4500,4393.88196489017,3600.829092087224,4957.475520903245,0.0
1790239989,4,,Aggregated,0.000000,0.000000,4600,4600,47000,51000,54000,54000,54000,54000,54000,54000,54000,48,0,4500,18314.121395346712,321.1944286297185,55100.179073167965,42.666666666666664
1790239990,4,POST,completion,0.000000,0.000000,51000,51000,54000,54000,54000,54000,54000,54000,54000,54000,54000,16,0,51000,50187.9003039503,44655.91594390571,55100.179073167965,128.0
1790239990,4,TPOT,completion,0.000000,0.000000,370,370,390,390,390,390,390,390,390,390,390,16,0,360,360.5819171996729,321.1944286297185,397.4419439442485,0.0
1790239990,4,TTFT,completion,0.000000,0.000000,4600,4600,4600,4600,4600,4600,4600,4600,4600,4600,4600,16,0,4500,4393.88196489017,3600.829092087224,4957.475520903245,0.0
1790239990,4,,Aggregated,0.000000,0.000000,4600,4600,47000,51000,54000,54000,54000,54000,54000,54000,54000,48,0,4500,18314.121395346712,321.1944286297185,55100.179073167965,42.666666666666664
1790239991,4,POST,completion,0.000000,0.000000,54000,54000,54000,54000,54000,54000,54000,54000,54000,54000,54000,16,0,51000,50187.9003039503,44655.91594390571,55100.179073167965,128.0
1790239991,4,TPOT,completion,0.000000,0.000000,390,390,390,390,390,390,390,390,390,390,390,16,0,360,360.5819171996729,321.1944286297185,397.4419439442485,0.0
1790239991,4,TTFT,completion,0.000000,0.000000,4600,4600,4600,4600,4600,4600,4600,4600,4600,4600,4600,16,0,4500,4393.88196489017,3600.829092087224,4957.475520903245,0.0
1790239991,4,,Aggregated,0.000000,0.000000,4600,4600,47000,47000,54000,54000,54000,54000,54000,54000,54000,48,0,4500,18314.121395346712,321.1944286297185,55100.179073167965,42.666666666666664
1790239992,4,POST,completion,0.000000,0.000000,54000,54000,54000,54000,54000,54000,54000,54000,54000,54000,54000,16,0,51000,50187.9003039503,44655.91594390571,55100.179073167965,128.0
1790239992,4,TPOT,completion,0.000000,0.000000,390,390,390,390,390,390,390,390,390,390,390,16,0,360,360.5819171996729,321.1944286297185,397.4419439442485,0.0
1790239992,4,TTFT,completion,0.000000,0.000000,4600,4600,4600,4600,4600,4600,4600,4600,4600,4600,4600,16,0,4500,4393.88196489017,3600.829092087224,4957.475520903245,0.0
1790239992,4,,Aggregated,0.000000,0.000000,4600,4600,47000,47000,54000,54000,54000,54000,54000,54000,54000,48,0,4500,18314.121395346712,321.1944286297185,55100.179073167965,42.666666666666664
1790239993,4,POST,completion,0.000000,0.000000,54000,54000,54000,54000,54000,54000,54000,54000,54000,54000,54000,16,0,51000,50187.9003039503,44655.91594390571,55100.179073167965,128.0
1790239993,4,TPOT,completion,0.000000,0.000000,390,390,390,390,390,390,390,390,390,390,390,16,0,360,360.5819171996729,321.1944286297185,397.4419439442485,0.0
1790239993,4,TTFT,completion,0.000000,0.000000,4600,4600,4600,4600,4600,4600,4600,4600,4600,4600,4600,16,0,4500,4393.88196489017,3600.829092087224,4957.475520903245,0.0
1790239993,4,,Aggregated,0.000000,0.000000,4600,4600,47000,47000,54000,54000,54000,54000,54000,54000,54000,48,0,4500,18314.121395346712,321.1944286297185,55100.179073167965,42.666666666666664
1790239994,4,POST,completion,0.000000,0.000000,54000,54000,54000,54000,54000,54000,54000,54000,54000,54000,54000,16,0,51000,50187.9003039503,44655.91594390571,55100.179073167965,128.0
1790239994,4,TPOT,completion,0.000000,0.000000,390,390,390,390,390,390,390,390,390,390,390,16,0,360,360.5819171996729,321.1944286297185,397.4419439442485,0.0
1790239994,4,TTFT,completion,0.000000,0.000000,4600,4600,4600,4600,4600,4600,4600,4600,4600,4600,4600,16,0,4500,4393.88196489017,3600.829092087224,4957.475520903245,0.0
1790239994,4,,Aggregated,0.000000,0.000000,4600,4600,47000,47000,54000,54000,54000,54000,54000,54000,54000,48,0,4500,18314.121395346712,321.1944286297185,55100.179073167965,42.666666666666664
1790239995,4,POST,completion,0.000000,0.000000,54000,54000,54000,54000,54000,54000,54000,54000,54000,54000,54000,16,0,51000,50187.9003039503,44655.91594390571,55100.179073167965,128.0
1790239995,4,TPOT,completion,0.000000,0.000000,390,390,390,390,390,390,390,390,390,390,390,16,0,360,360.5819171996729,321.1944286297185,397.4419439442485,0.0
1790239995,4,TTFT,completion,0.000000,0.000000,4600,4600,4600,4600,4600,4600,4600,4600,4600,4600,4600,16,0,4500,4393.88196489017,3600.829092087224,4957.475520903245,0.0
1790239995,4,,Aggregated,0.000000,0.000000,4600,4600,47000,47000,54000,54000,54000,54000,54000,54000,54000,48,0,4500,18314.121395346712,321.1944286297185,55100.179073167965,42.666666666666664
1790239996,4,POST,completion,0.000000,0.000000,54000,54000,54000,54000,54000,54000,54000,54000,54000,54000,54000,16,0,51000,50187.9003039503,44655.91594390571,55100.179073167965,128.0
1790239996,4,TPOT,completion,0.000000,0.000000,390,390,390,390,390,390,390,390,390,390,390,16,0,360,360.5819171996729,321.1944286297185,397.4419439442485,0.0
1790239996,4,TTFT,completion,0.000000,0.000000,4600,4600,4600,4600,4600,4600,4600,4600,4600,4600,4600,16,0,4500,4393.88196489017,3600.829092087224,4957.475520903245,0.0
1790239996,4,,Aggregated,0.000000,0.000000,4600,4600,47000,47000,54000,54000,54000,54000,54000,54000,54000,48,0,4500,18314.121395346712,321.1944286297185,55100.179073167965,42.666666666666664
1790239997,4,POST,completion,0.000000,0.000000,54000,54000,54000,54000,54000,54000,54000,54000,54000,54000,54000,16,0,51000,50187.9003039503,44655.91594390571,55100.179073167965,128.0
1790239997,4,TPOT,completion,0.000000,0.000000,390,390,390,390,390,390,390,390,390,390,390,16,0,360,360.5819171996729,321.1944286297185,397.4419439442485,0.0
1790239997,4,TTFT,completion,0.000000,0.000000,4600,4600,4600,4600,4600,4600,4600,4600,4600,4600,4600,16,0,4500,4393.88196489017,3600.829092087224,4957.475520903245,0.0
1790239997,4,,Aggregated,0.000000,0.000000,4600,4600,54000,54000,54000,54000,54000,54000,54000,54000,54000,48,0,4500,18314.121395346712,321.1944286297185,55100.179073167965,42.666666666666664
1790239998,4,POST,completion,0.000000,0.000000,54000,54000,54000,54000,54000,54000,54000,54000,54000,54000,54000,16,0,51000,50187.9003039503,44655.91594390571,55100.179073167965,128.0
1790239998,4,TPOT,completion,0.000000,0.000000,390,390,390,390,390,390,390,390,390,390,390,16,0,360,360.5819171996729,321.1944286297185,397.4419439442485,0.0
1790239998,4,TTFT,completion,0.000000,0.000000,4600,4600,4600,4600,4600,4600,4600,4600,4600,4600,4600,16,0,4500,4393.88196489017,3600.829092087224,4957.475520903245,0.0
1790239998,4,,Aggregated,0.000000,0.000000,4600,4600,54000,54000,54000,54000,54000,54000,54000,54000,54000,48,0,4500,18314.121395346712,321.1944286297185,55100.179073167965,42.666666666666664
1790239999,4,POST,completion,0.000000,0.000000,54000,54000,54000,54000,54000,54000,54000,54000,54000,54000,54000,16,0,51000,50187.9003039503,44655.91594390571,55100.179073167965,128.0
1790239999,4,TPOT,completion,0.000000,0.000000,390,390,390,390,390,390,390,390,390,390,390,16,0,360,360.5819171996729,321.1944286297185,397.4419439442485,0.0
1790239999,4,TTFT,completion,0.000000,0.000000,4600,4600,4600,4600,4600,4600,4600,4600,4600,4600,4600,16,0,4500,4393.88196489017,3600.829092087224,4957.475520903245,0.0
1790239999,4,,Aggregated,0.000000,0.000000,4600,4600,54000,54000,54000,54000,54000,54000,54000,54000,54000,48,0,4500,18314.121395346712,321.1944286297185,55100.179073167965,42.666666666666664
1790240000,4,POST,completion,0.000000,0.000000,54000,54000,54000,54000,54000,54000,54000,54000,54000,54000,54000,16,0,51000,50187.9003039503,44655.91594390571,55100.179073167965,128.0
1790240000,4,TPOT,completion,0.000000,0.000000,390,390,390,390,390,390,390,390,390,390,390,16,0,360,360.5819171996729,321.1944286297185,397.4419439442485,0.0
1790240000,4,TTFT,completion,0.000000,0.000000,4600,4600,4600,4600,4600,4600,4600,4600,4600,4600,4600,16,0,4500,4393.88196489017,3600.829092087224,4957.475520903245,0.0
1790240000,4,,Aggregated,0.000000,0.000000,4600,4600,54000,54000,54000,54000,54000,54000,54000,54000,54000,48,0,4500,18314.121395346712,321.1944286297185,55100.179073167965,42.666666666666664
1790240001,4,POST,completion,0.000000,0.000000,54000,54000,54000,54000,54000,54000,54000,54000,54000,54000,54000,16,0,51000,50187.9003039503,44655.91594390571,55100.179073167965,128.0
1790240001,4,TPOT,completion,0.000000,0.000000,390,390,390,390,390,390,390,390,390,390,390,16,0,360,360.5819171996729,321.1944286297185,397.4419439442485,0.0
1790240001,4,TTFT,completion,0.000000,0.000000,4600,4600,4600,4600,4600,4600,4600,4600,4600,4600,4600,16,0,4500,4393.88196489017,3600.829092087224,4957.475520903245,0.0
1790240001,4,,Aggregated,0.000000,0.000000,4600,4600,54000,54000,54000,54000,54000,54000,54000,54000,54000,48,0,4500,18314.121395346712,321.1944286297185,55100.179073167965,42.666666666666664
1790240002,4,POST,completion,0.000000,0.000000,54000,54000,54000,54000,54000,54000,54000,54000,54000,54000,54000,16,0,51000,50187.9003039503,44655.91594390571,55100.179073167965,128.0
1790240002,4,TPOT,completion,0.000000,0.000000,390,390,390,390,390,390,390,390,390,390,390,16,0,360,360.5819171996729,321.1944286297185,397.4419439442485,0.0
1790240002,4,TTFT,completion,0.000000,0.000000,4600,4600,4600,4600,4600,4600,4600,4600,4600,4600,4600,16,0,4500,4393.88196489017,3600.829092087224,4957.475520903245,0.0
1790240002,4,,Aggregated,0.000000,0.000000,4600,4600,54000,54000,54000,54000,54000,54000,54000,54000,54000,48,0,4500,18314.121395346712,321.1944286297185,55100.179073167965,42.666666666666664
1790240003,4,POST,completion,0.000000,0.000000,54000,54000,54000,54000,54000,54000,54000,54000,54000,54000,54000,16,0,51000,50187.9003039503,44655.91594390571,55100.179073167965,128.0
1790240003,4,TPOT,completion,0.000000,0.000000,390,390,390,390,390,390,390,390,390,390,390,16,0,360,360.5819171996729,321.1944286297185,397.4419439442485,0.0
1790240003,4,TTFT,completion,0.000000,0.000000,4600,4600,4600,4600,4600,4600,4600,4600,4600,4600,4600,16,0,4500,4393.88196489017,3600.829092087224,4957.475520903245,0.0
1790240003,4,,Aggregated,0.000000,0.000000,4600,4600,54000,54000,54000,54000,54000,54000,54000,54000,54000,48,0,4500,18314.121395346712,321.1944286297185,55100.179073167965,42.666666666666664
1790240004,4,POST,completion,0.000000,0.000000,54000,54000,54000,54000,54000,54000,54000,54000,54000,54000,54000,16,0,51000,50187.9003039503,44655.91594390571,55100.179073167965,128.0
1790240004,4,TPOT,completion,0.000000,0.000000,390,390,390,390,390,390,390,390,390,390,390,16,0,360,360.5819171996729,321.1944286297185,397.4419439442485,0.0
1790240004,4,TTFT,completion,0.000000,0.000000,4600,4600,4600,4600,4600,4600,4600,4600,4600,4600,4600,16,0,4500,4393.88196489017,3600.829092087224,4957.475520903245,0.0
1790240004,4,,Aggregated,0.000000,0.000000,4600,4600,54000,54000,54000,54000,54000,54000,54000,54000,54000,48,0,4500,18314.121395346712,321.1944286297185,55100.179073167965,42.666666666666664
1790240005,4,POST,completion,0.000000,0.000000,54000,54000,54000,54000,54000,54000,54000,54000,54000,54000,54000,16,0,51000,50187.9003039503,44655.91594390571,55100.179073167965,128.0
1790240005,4,TPOT,completion,0.000000,0.000000,390,390,390,390,390,390,390,390,390,390,390,16,0,360,360.5819171996729,321.1944286297185,397.4419439442485,0.0
1790240005,4,TTFT,completion,0.000000,0.000000,4600,4600,4600,4600,4600,4600,4600,4600,4600,4600,4600,16,0,4500,4393.88196489017,3600.829092087224,4957.475520903245,0.0
1790240005,4,,Aggregated,0.000000,0.000000,4600,4600,54000,54000,54000,54000,54000,54000,54000,54000,54000,48,0,4500,18314.121395346712,321.1944286297185,55100.179073167965,42.666666666666664
1790240006,4,POST,completion,0.000000,0.000000,0,0,0,0,0,0,0,0,0,0,0,16,0,51000,50187.9003039503,44655.91594390571,55100.179073167965,128.0
1790240006,4,TPOT,completion,0.000000,0.000000,0,0,0,0,0,0,0,0,0,0,0,16,0,360,360.5819171996729,321.1944286297185,397.4419439442485,0.0
1790240006,4,TTFT,completion,0.000000,0.000000,0,0,0,0,0,0,0,0,0,0,0,16,0,4500,4393.88196489017,3600.829092087224,4957.475520903245,0.0
1790240006,4,,Aggregated,0.000000,0.000000,0,0,0,0,0,0,0,0,0,0,0,48,0,4500,18314.121395346712,321.1944286297185,55100.179073167965,42.666666666666664
1790240007,4,POST,completion,0.000000,0.000000,0,0,0,0,0,0,0,0,0,0,0,16,0,51000,50187.9003039503,44655.91594390571,55100.179073167965,128.0
1790240007,4,TPOT,completion,0.000000,0.000000,0,0,0,0,0,0,0,0,0,0,0,16,0,360,360.5819171996729,321.1944286297185,397.4419439442485,0.0
1790240007,4,TTFT,completion,0.000000,0.000000,0,0,0,0,0,0,0,0,0,0,0,16,0,4500,4393.88196489017,3600.829092087224,4957.475520903245,0.0
1790240007,4,,Aggregated,0.000000,0.000000,0,0,0,0,0,0,0,0,0,0,0,48,0,4500,18314.121395346712,321.1944286297185,55100.179073167965,42.666666666666664
1790240008,4,POST,completion,0.000000,0.000000,0,0,0,0,0,0,0,0,0,0,0,16,0,51000,50187.9003039503,44655.91594390571,55100.179073167965,128.0
1790240008,4,TPOT,completion,0.000000,0.000000,0,0,0,0,0,0,0,0,0,0,0,16,0,360,360.5819171996729,321.1944286297185,397.4419439442485,0.0
1790240008,4,TTFT,completion,0.000000,0.000000,0,0,0,0,0,0,0,0,0,0,0,16,0,4500,4393.88196489017,3600.829092087224,4957.475520903245,0.0
1790240008,4,,Aggregated,0.000000,0.000000,0,0,0,0,0,0,0,0,0,0,0,48,0,4500,18314.121395346712,321.1944286297185,55100.179073167965,42.666666666666664
1790240009,4,POST,completion,0.000000,0.000000,0,0,0,0,0,0,0,0,0,0,0,16,0,51000,50187.9003039503,44655.91594390571,55100.179073167965,128.0
1790240009,4,TPOT,completion,0.000000,0.000000,0,0,0,0,0,0,0,0,0,0,0,16,0,360,360.5819171996729,321.1944286297185,397.4419439442485,0.0
1790240009,4,TTFT,completion,0.000000,0.000000,0,0,0,0,0,0,0,0,0,0,0,16,0,4500,4393.88196489017,3600.829092087224,4957.475520903245,0.0
1790240009,4,,Aggregated,0.000000,0.000000,0,0,0,0,0,0,0,0,0,0,0,48,0,4500,18314.121395346712,321.1944286297185,55100.179073167965,42.666666666666664
1790240010,4,POST,completion,0.000000,0.000000,0,0,0,0,0,0,0,0,0,0,0,16,0,51000,50187.9003039503,44655.91594390571,55100.179073167965,128.0
1790240010,4,TPOT,completion,0.000000,0.000000,0,0,0,0,0,0,0,0,0,0,0,16,0,360,360.5819171996729,321.1944286297185,397.4419439442485,0.0
1790240010,4,TTFT,completion,0.000000,0.000000,0,0,0,0,0,0,0,0,0,0,0,16,0,4500,4393.88196489017,3600.829092087224,4957.475520903245,0.0
1790240010,4,,Aggregated,0.000000,0.000000,0,0,0,0,0,0,0,0,0,0,0,48,0,4500,18314.121395346712,321.1944286297185,55100.179073167965,42.666666666666664
1790240011,4,POST,completion,0.000000,0.000000,0,0,0,0,0,0,0,0,0,0,0,16,0,51000,50187.9003039503,44655.91594390571,55100.179073167965,128.0
1790240011,4,TPOT,completion,0.000000,0.000000,0,0,0,0,0,0,0,0,0,0,0,16,0,360,360.5819171996729,321.1944286297185,397.4419439442485,0.0
1790240011,4,TTFT,completion,0.000000,0.000000,0,0,0,0,0,0,0,0,0,0,0,16,0,4500,4393.88196489017,3600.829092087224,4957.475520903245,0.0
1790240011,4,,Aggregated,0.000000,0.000000,0,0,0,0,0,0,0,0,0,0,0,48,0,4500,18314.121395346712,321.1944286297185,55100.179073167965,42.666666666666664
1790240012,4,POST,completion,0.000000,0.000000,0,0,0,0,0,0,0,0,0,0,0,16,0,51000,50187.9003039503,44655.91594390571,55100.179073167965,128.0
1790240012,4,TPOT,completion,0.000000,0.000000,0,0,0,0,0,0,0,0,0,0,0,16,0,360,360.5819171996729,321.1944286297185,397.4419439442485,0.0
1790240012,4,TTFT,completion,0.000000,0.000000,0,0,0,0,0,0,0,0,0,0,0,16,0,4500,4393.88196489017,3600.829092087224,4957.475520903245,0.0
1790240012,4,,Aggregated,0.000000,0.000000,0,0,0,0,0,0,0,0,0,0,0,48,0,4500,18314.121395346712,321.1944286297185,55100.179073167965,42.666666666666664
1790240013,4,POST,completion,0.000000,0.000000,0,0,0,0,0,0,0,0,0,0,0,16,0,51000,50187.9003039503,44655.91594390571,55100.179073167965,128.0
1790240013,4,TPOT,completion,0.000000,0.000000,0,0,0,0,0,0,0,0,0,0,0,16,0,360,360.5819171996729,321.1944286297185,397.4419439442485,0.0
1790240013,4,TTFT,completion,0.000000,0.000000,0,0,0,0,0,0,0,0,0,0,0,16,0,4500,4393.88196489017,3600.829092087224,4957.475520903245,0.0
1790240013,4,,Aggregated,0.000000,0.000000,0,0,0,0,0,0,0,0,0,0,0,48,0,4500,18314.121395346712,321.1944286297185,55100.179073167965,42.666666666666664
1790240014,4,POST,completion,0.000000,0.000000,0,0,0,0,0,0,0,0,0,0,0,16,0,51000,50187.9003039503,44655.91594390571,55100.179073167965,128.0
1790240014,4,TPOT,completion,0.000000,0.000000,0,0,0,0,0,0,0,0,0,0,0,16,0,360,360.5819171996729,321.1944286297185,397.4419439442485,0.0
1790240014,4,TTFT,completion,0.000000,0.000000,0,0,0,0,0,0,0,0,0,0,0,16,0,4500,4393.88196489017,3600.829092087224,4957.475520903245,0.0
1790240014,4,,Aggregated,0.000000,0.000000,0,0,0,0,0,0,0,0,0,0,0,48,0,4500,18314.121395346712,321.1944286297185,55100.179073167965,42.666666666666664
1790240015,4,POST,completion,0.000000,0.000000,0,0,0,0,0,0,0,0,0,0,0,16,0,51000,50187.9003039503,44655.91594390571,55100.179073167965,128.0
1790240015,4,TPOT,completion,0.000000,0.000000,0,0,0,0,0,0,0,0,0,0,0,16,0,360,360.5819171996729,321.1944286297185,397.4419439442485,0.0
1790240015,4,TTFT,completion,0.000000,0.000000,0,0,0,0,0,0,0,0,0,0,0,16,0,4500,4393.88196489017,3600.829092087224,4957.475520903245,0.0
1790240015,4,,Aggregated,0.000000,0.000000,0,0,0,0,0,0,0,0,0,0,0,48,0,4500,18314.121395346712,321.1944286297185,55100.179073167965,42.666666666666664
1790240016,4,POST,completion,0.000000,0.000000,0,0,0,0,0,0,0,0,0,0,0,16,0,51000,50187.9003039503,44655.91594390571,55100.179073167965,128.0
1790240016,4,TPOT,completion,0.000000,0.000000,0,0,0,0,0,0,0,0,0,0,0,16,0,360,360.5819171996729,321.1944286297185,397.4419439442485,0.0
1790240016,4,TTFT,completion,0.000000,0.000000,0,0,0,0,0,0,0,0,0,0,0,16,0,4500,4393.88196489017,3600.829092087224,4957.475520903245,0.0
1790240016,4,,Aggregated,0.000000,0.000000,0,0,0,0,0,0,0,0,0,0,0,48,0,4500,18314.121395346712,321.1944286297185,55100.179073167965,42.666666666666664
1790240017,4,POST,completion,0.000000,0.000000,0,0,0,0,0,0,0,0,0,0,0,16,0,51000,50187.9003039503,44655.91594390571,55100.179073167965,128.0
1790240017,4,TPOT,completion,0.000000,0.000000,0,0,0,0,0,0,0,0,0,0,0,16,0,360,360.5819171996729,321.1944286297185,397.4419439442485,0.0
1790240017,4,TTFT,completion,0.000000,0.000000,0,0,0,0,0,0,0,0,0,0,0,16,0,4500,4393.88196489017,3600.829092087224,4957.475520903245,0.0
1790240017,4,,Aggregated,0.000000,0.000000,0,0,0,0,0,0,0,0,0,0,0,48,0,4500,18314.121395346712,321.1944286297185,55100.179073167965,42.666666666666664
1790240018,4,POST,completion,0.000000,0.000000,0,0,0,0,0,0,0,0,0,0,0,16,0,51000,50187.9003039503,44655.91594390571,55100.179073167965,128.0
1790240018,4,TPOT,completion,0.000000,0.000000,0,0,0,0,0,0,0,0,0,0,0,16,0,360,360.5819171996729,321.1944286297185,397.4419439442485,0.0
1790240018,4,TTFT,completion,0.000000,0.000000,0,0,0,0,0,0,0,0,0,0,0,16,0,4500,4393.88196489017,3600.829092087224,4957.475520903245,0.0
1790240018,4,,Aggregated,0.000000,0.000000,0,0,0,0,0,0,0,0,0,0,0,48,0,4500,18314.121395346712,321.1944286297185,55100.179073167965,42.666666666666664
1790240019,4,POST,completion,0.000000,0.000000,0,0,0,0,0,0,0,0,0,0,0,16,0,51000,50187.9003039503,44655.91594390571,55100.179073167965,128.0
1790240019,4,TPOT,completion,0.000000,0.000000,0,0,0,0,0,0,0,0,0,0,0,16,0,360,360.5819171996729,321.1944286297185,397.4419439442485,0.0
1790240019,4,TTFT,completion,0.000000,0.000000,0,0,0,0,0,0,0,0,0,0,0,16,0,4500,4393.88196489017,3600.829092087224,4957.475520903245,0.0
1790240019,4,,Aggregated,0.000000,0.000000,0,0,0,0,0,0,0,0,0,0,0,48,0,4500,18314.121395346712,321.1944286297185,55100.179073167965,42.666666666666664
1790240020,4,POST,completion,0.000000,0.000000,0,0,0,0,0,0,0,0,0,0,0,16,0,51000,50187.9003039503,44655.91594390571,55100.179073167965,128.0
1790240020,4,TPOT,completion,0.000000,0.000000,0,0,0,0,0,0,0,0,0,0,0,16,0,360,360.5819171996729,321.1944286297185,397.4419439442485,0.0
1790240020,4,TTFT,completion,0.000000,0.000000,0,0,0,0,0,0,0,0,0,0,0,16,0,4500,4393.88196489017,3600.829092087224,4957.475520903245,0.0
1790240020,4,,Aggregated,0.000000,0.000000,0,0,0,0,0,0,0,0,0,0,0,48,0,4500,18314.121395346712,321.1944286297185,55100.179073167965,42.666666666666664
1790240021,4,POST,completion,0.000000,0.000000,0,0,0,0,0,0,0,0,0,0,0,16,0,51000,50187.9003039503,44655.91594390571,55100.179073167965,128.0
1790240021,4,TPOT,completion,0.000000,0.000000,0,0,0,0,0,0,0,0,0,0,0,16,0,360,360.5819171996729,321.1944286297185,397.4419439442485,0.0
1790240021,4,TTFT,completion,0.000000,0.000000,0,0,0,0,0,0,0,0,0,0,0,16,0,4500,4393.88196489017,3600.829092087224,4957.475520903245,0.0
1790240021,4,,Aggregated,0.000000,0.000000,0,0,0,0,0,0,0,0,0,0,0,48,0,4500,18314.121395346712,321.1944286297185,55100.179073167965,42.666666666666664
1790240022,4,POST,completion,0.000000,0.000000,0,0,0,0,0,0,0,0,0,0,0,16,0,51000,50187.9003039503,44655.91594390571,55100.179073167965,128.0
1790240022,4,TPOT,completion,0.000000,0.000000,0,0,0,0,0,0,0,0,0,0,0,16,0,360,360.5819171996729,321.1944286297185,397.4419439442485,0.0
1790240022,4,TTFT,completion,0.000000,0.000000,0,0,0,0,0,0,0,0,0,0,0,16,0,4500,4393.88196489017,3600.829092087224,4957.475520903245,0.0
1790240022,4,,Aggregated,0.000000,0.000000,0,0,0,0,0,0,0,0,0,0,0,48,0,4500,18314.121395346712,321.1944286297185,55100.179073167965,42.666666666666664
1790240023,4,POST,completion,0.000000,0.000000,0,0,0,0,0,0,0,0,0,0,0,16,0,51000,50187.9003039503,44655.91594390571,55100.179073167965,128.0
1790240023,4,TPOT,completion,0.000000,0.000000,0,0,0,0,0,0,0,0,0,0,0,16,0,360,360.5819171996729,321.1944286297185,397.4419439442485,0.0
1790240023,4,TTFT,completion,0.000000,0.000000,0,0,0,0,0,0,0,0,0,0,0,16,0,4500,4393.88196489017,3600.829092087224,4957.475520903245,0.0
1790240023,4,,Aggregated,0.000000,0.000000,0,0,0,0,0,0,0,0,0,0,0,48,0,4500,18314.121395346712,321.1944286297185,55100.179073167965,42.666666666666664
1790240024,4,POST,completion,0.000000,0.000000,0,0,0,0,0,0,0,0,0,0,0,17,0,51000,50252.59787730379,44655.91594390571,55100.179073167965,128.0
1790240024,4,TPOT,completion,0.000000,0.000000,0,0,0,0,0,0,0,0,0,0,0,17,0,360,361.18994294607523,321.1944286297185,397.4419439442485,0.0
1790240024,4,TTFT,completion,0.000000,0.000000,0,0,0,0,0,0,0,0,0,0,0,17,0,4400,4381.362227955833,3600.829092087224,4957.475520903245,0.0
1790240024,4,,Aggregated,0.000000,0.000000,0,0,0,0,0,0,0,0,0,0,0,51,0,4400,18331.716682735234,321.1944286297185,55100.179073167965,42.666666666666664
1790240025,4,POST,completion,0.000000,0.000000,51000,51000,51000,51000,51000,51000,51000,51000,51000,51000,51000,17,0,51000,50252.59787730379,44655.91594390571,55100.179073167965,128.0
1790240025,4,TPOT,completion,0.000000,0.000000,370,370,370,370,370,370,370,370,370,370,370,17,0,360,361.18994294607523,321.1944286297185,397.4419439442485,0.0
1790240025,4,TTFT,completion,0.000000,0.000000,4200,4200,4200,4200,4200,4200,4200,4200,4200,4200,4200,17,0,4400,4381.362227955833,3600.829092087224,4957.475520903245,0.0
1790240025,4,,Aggregated,0.000000,0.000000,4200,4200,51000,51000,51000,51000,51000,51000,51000,51000,51000,51,0,4400,18331.716682735234,321.1944286297185,55100.179073167965,42.666666666666664
1790240026,4,POST,completion,0.000000,0.000000,51000,51000,51000,51000,51000,51000,51000,51000,51000,51000,51000,17,0,51000,50252.59787730379,44655.91594390571,55100.179073167965,128.0
1790240026,4,TPOT,completion,0.000000,0.000000,370,370,370,370,370,370,370,370,370,370,370,17,0,360,361.18994294607523,321.1944286297185,397.4419439442485,0.0
1790240026,4,TTFT,completion,0.000000,0.000000,4200,4200,4200,4200,4200,4200,4200,4200,4200,4200,4200,17,0,4400,4381.362227955833,3600.829092087224,4957.475520903245,0.0
1790240026,4,,Aggregated,0.000000,0.000000,4200,4200,51000,51000,51000,51000,51000,51000,51000,51000,51000,51,0,4400,18331.716682735234,321.1944286297185,55100.179073167965,42.666666666666664
1790240027,4,POST,completion,0.000000,0.000000,51000,51000,51000,51000,51000,51000,51000,51000,51000,51000,51000,17,0,51000,50252.59787730379,44655.91594390571,55100.179073167965,128.0
1790240027,4,TPOT,completion,0.000000,0.000000,370,370,370,370,370,370,370,370,370,370,370,17,0,360,361.18994294607523,321.1944286297185,397.4419439442485,0.0
1790240027,4,TTFT,completion,0.000000,0.000000,4200,4200,4200,4200,4200,4200,4200,4200,4200,4200,4200,17,0,4400,4381.362227955833,3600.829092087224,4957.475520903245,0.0
1790240027,4,,Aggregated,0.000000,0.000000,4200,4200,51000,51000,51000,51000,51000,51000,51000,51000,51000,51,0,4400,18331.716682735234,321.1944286297185,55100.179073167965,42.666666666666664
1790240028,4,POST,completion,0.000000,0.000000,51000,51000,51000,51000,51000,51000,51000,51000,51000,51000,51000,17,0,51000,50252.59787730379,44655.91594390571,55100.179073167965,128.0
1790240028,4,TPOT,completion,0.000000,0.000000,370,370,370,370,370,370,370,370,370,370,370,17,0,360,361.18994294607523,321.1944286297185,397.4419439442485,0.0
1790240028,4,TTFT,completion,0.000000,0.000000,4200,4200,4200,4200,4200,4200,4200,4200,4200,4200,4200,17,0,4400,4381.362227955833,3600.829092087224,4957.475520903245,0.0
1790240028,4,,Aggregated,0.000000,0.000000,4200,4200,51000,51000,51000,51000,51000,51000,51000,51000,51000,51,0,4400,18331.716682735234,321.1944286297185,55100.179073167965,42.666666666666664
1790240030,4,POST,completion,0.000000,0.000000,51000,51000,51000,51000,51000,51000,51000,51000,51000,51000,51000,17,0,51000,50252.59787730379,44655.91594390571,55100.179073167965,128.0
1790240030,4,TPOT,completion,0.000000,0.000000,370,370,370,370,370,370,370,370,370,370,370,17,0,360,361.18994294607523,321.1944286297185,397.4419439442485,0.0
1790240030,4,TTFT,completion,0.000000,0.000000,4200,4200,4200,4200,4200,4200,4200,4200,4200,4200,4200,17,0,4400,4381.362227955833,3600.829092087224,4957.475520903245,0.0
1790240030,4,,Aggregated,0.000000,0.000000,4200,4200,51000,51000,51000,51000,51000,51000,51000,51000,51000,51,0,4400,18331.716682735234,321.1944286297185,55100.179073167965,42.666666666666664
1790240031,4,POST,completion,0.100000,0.000000,54000,54000,54000,54000,54000,54000,54000,54000,54000,54000,54000,18,0,51000,50480.430564623224,44655.91594390571,55100.179073167965,128.0
1790240031,4,TPOT,completion,0.100000,0.000000,390,390,390,390,390,390,390,390,390,390,390,18,0,370,362.85091849893,321.1944286297185,397.4419439442485,0.0
1790240031,4,TTFT,completion,0.100000,0.000000,4700,4700,4700,4700,4700,4700,4700,4700,4700,4700,4700,18,0,4500,4398.250463121157,3600.829092087224,4957.475520903245,0.0
1790240031,4,,Aggregated,0.300000,0.000000,4700,4700,51000,51000,54000,54000,54000,54000,54000,54000,54000,54,0,4500,18413.843982081104,321.1944286297185,55100.179073167965,42.666666666666664
1790240032,4,POST,completion,0.100000,0.000000,54000,54000,54000,54000,54000,54000,54000,54000,54000,54000,54000,18,0,51000,50480.430564623224,44655.91594390571,55100.179073167965,128.0
1790240032,4,TPOT,completion,0.100000,0.000000,390,390,390,390,390,390,390,390,390,390,390,18,0,370,362.85091849893,321.1944286297185,397.4419439442485,0.0
1790240032,4,TTFT,completion,0.100000,0.000000,4700,4700,4700,4700,4700,4700,4700,4700,4700,4700,4700,18,0,4500,4398.250463121157,3600.829092087224,4957.475520903245,0.0
1790240032,4,,Aggregated,0.300000,0.000000,4700,4700,51000,51000,54000,54000,54000,54000,54000,54000,54000,54,0,4500,18413.843982081104,321.1944286297185,55100.179073167965,42.666666666666664
1790240033,4,POST,completion,0.100000,0.000000,54000,54000,54000,54000,54000,54000,54000,54000,54000,54000,54000,18,0,51000,50480.430564623224,44655.91594390571,55100.179073167965,128.0
1790240033,4,TPOT,completion,0.100000,0.000000,390,390,390,390,390,390,390,390,390,390,390,18,0,370,362.85091849893,321.1944286297185,397.4419439442485,0.0
1790240033,4,TTFT,completion,0.100000,0.000000,4700,4700,4700,4700,4700,4700,4700,4700,4700,4700,4700,18,0,4500,4398.250463121157,3600.829092087224,4957.475520903245,0.0
1790240033,4,,Aggregated,0.300000,0.000000,4700,4700,51000,51000,54000,54000,54000,54000,54000,54000,54000,54,0,4500,18413.843982081104,321.1944286297185,55100.179073167965,42.666666666666664
1790240034,4,POST,completion,0.100000,0.000000,54000,54000,54000,54000,54000,54000,54000,54000,54000,54000,54000,18,0,51000,50480.430564623224,44655.91594390571,55100.179073167965,128.0
1790240034,4,TPOT,completion,0.100000,0.000000,390,390,390,390,390,390,390,390,390,390,390,18,0,370,362.85091849893,321.1944286297185,397.4419439442485,0.0
1790240034,4,TTFT,completion,0.100000,0.000000,4700,4700,4700,4700,4700,4700,4700,4700,4700,4700,4700,18,0,4500,4398.250463121157,3600.829092087224,4957.475520903245,0.0
1790240034,4,,Aggregated,0.300000,0.000000,4700,4700,51000,51000,54000,54000,54000,54000,54000,54000,54000,54,0,4500,18413.843982081104,321.1944286297185,55100.179073167965,42.666666666666664
1790240035,4,POST,completion,0.200000,0.000000,51000,51000,54000,54000,54000,54000,54000,54000,54000,54000,54000,19,0,51000,50261.19233943571,44655.91594390571,55100.179073167965,128.0
1790240035,4,TPOT,completion,0.200000,0.000000,370,370,390,390,390,390,390,390,390,390,390,19,0,360,361.2263135741694,321.1944286297185,397.4419439442485,0.0
1790240035,4,TTFT,completion,0.200000,0.000000,4200,4200,4700,4700,4700,4700,4700,4700,4700,4700,4700,19,0,4400,4385.335704385254,3600.829092087224,4957.475520903245,0.0
1790240035,4,,Aggregated,0.600000,0.000000,4200,4700,46000,51000,54000,54000,54000,54000,54000,54000,54000,57,0,4400,18335.91811913171,321.1944286297185,55100.179073167965,42.666666666666664
1790240036,4,POST,completion,0.200000,0.000000,51000,51000,54000,54000,54000,54000,54000,54000,54000,54000,54000,19,0,51000,50261.19233943571,44655.91594390571,55100.179073167965,128.0
1790240036,4,TPOT,completion,0.200000,0.000000,370,370,390,390,390,390,390,390,390,390,390,19,0,360,361.2263135741694,321.1944286297185,397.4419439442485,0.0
1790240036,4,TTFT,completion,0.200000,0.000000,4200,4200,4700,4700,4700,4700,4700,4700,4700,4700,4700,19,0,4400,4385.335704385254,3600.829092087224,4957.475520903245,0.0
1790240036,4,,Aggregated,0.600000,0.000000,4200,4700,46000,51000,54000,54000,54000,54000,54000,54000,54000,57,0,4400,18335.91811913171,321.1944286297185,55100.179073167965,42.666666666666664
1790240037,4,POST,completion,0.200000,0.000000,54000,54000,54000,54000,54000,54000,54000,54000,54000,54000,54000,19,0,51000,50261.19233943571,44655.91594390571,55100.179073167965,128.0
1790240037,4,TPOT,completion,0.200000,0.000000,390,390,390,390,390,390,390,390,390,390,390,19,0,360,361.2263135741694,321.1944286297185,397.4419439442485,0.0
1790240037,4,TTFT,completion,0.200000,0.000000,4700,4700,4700,4700,4700,4700,4700,4700,4700,4700,4700,19,0,4400,4385.335704385254,3600.829092087224,4957.475520903245,0.0
1790240037,4,,Aggregated,0.600000,0.000000,4700,4700,46000,46000,54000,54000,54000,54000,54000,54000,54000,57,0,4400,18335.91811913171,321.1944286297185,55100.179073167965,42.666666666666664
1790240038,4,POST,completion,0.200000,0.000000,50000,50000,54000,54000,54000,54000,54000,54000,54000,54000,54000,20,0,51000,50263.007014465984,44655.91594390571,55100.179073167965,128.0
1790240038,4,TPOT,completion,0.200000,0.000000,360,360,390,390,390,390,390,390,390,390,390,20,0,360,361.38566264233697,321.1944286297185,397.4419439442485,0.0
1790240038,4,TTFT,completion,0.200000,0.000000,4200,4200,4700,4700,4700,4700,4700,4700,4700,4700,4700,20,0,4400,4366.911525267642,3600.829092087224,4957.475520903245,0.0
1790240038,4,,Aggregated,0.600000,0.000000,4200,4700,46000,50000,54000,54000,54000,54000,54000,54000,54000,60,0,4400,18330.43473412532,321.1944286297185,55100.179073167965,42.666666666666664
1790240039,4,POST,completion,0.200000,0.000000,50000,50000,54000,54000,54000,54000,54000,54000,54000,54000,54000,20,0,51000,50263.007014465984,44655.91594390571,55100.179073167965,128.0
1790240039,4,TPOT,completion,0.200000,0.000000,360,360,390,390,390,390,390,390,390,390,390,20,0,360,361.38566264233697,321.1944286297185,397.4419439442485,0.0
1790240039,4,TTFT,completion,0.200000,0.000000,4200,4200,4700,4700,4700,4700,4700,4700,4700,4700,4700,20,0,4400,4366.911525267642,3600.829092087224,4957.475520903245,0.0
1790240039,4,,Aggregated,0.600000,0.000000,4200,4700,46000,50000,54000,54000,54000,54000,54000,54000,54000,60,0,4400,18330.43473412532,321.1944286297185,55100.179073167965,42.666666666666664
1790240040,4,POST,completion,0.200000,0.000000,50000,50000,54000,54000,54000,54000,54000,54000,54000,54000,54000,20,0,51000,50263.007014465984,44655.91594390571,55100.179073167965,128.0
1790240040,4,TPOT,completion,0.200000,0.000000,360,360,390,390,390,390,390,390,390,390,390,20,0,360,361.38566264233697,321.1944286297185,397.4419439442485,0.0
1790240040,4,TTFT,completion,0.200000,0.000000,4200,4200,4700,4700,4700,4700,4700,4700,4700,4700,4700,20,0,4400,4366.911525267642,3600.829092087224,4957.475520903245,0.0
1790240040,4,,Aggregated,0.600000,0.000000,4200,4700,46000,50000,54000,54000,54000,54000,54000,54000,54000,60,0,4400,18330.43473412532,321.1944286297185,55100.179073167965,42.666666666666664
1790240041,4,POST,completion,0.200000,0.000000,50000,50000,54000,54000,54000,54000,54000,54000,54000,54000,54000,20,0,51000,50263.007014465984,44655.91594390571,55100.179073167965,128.0
1790240041,4,TPOT,completion,0.200000,0.000000,360,360,390,390,390,390,390,390,390,390,390,20,0,360,361.38566264233697,321.1944286297185,397.4419439442485,0.0
1790240041,4,TTFT,completion,0.200000,0.000000,4200,4200,4700,4700,4700,4700,4700,4700,4700,4700,4700,20,0,4400,4366.911525267642,3600.829092087224,4957.475520903245,0.0
1790240041,4,,Aggregated,0.600000,0.000000,4200,4700,46000,50000,54000,54000,54000,54000,54000,54000,54000,60,0,4400,18330.43473412532,321.1944286297185,55100.179073167965,42.666666666666664
1790240042,4,POST,completion,0.200000,0.000000,50000,50000,50000,50000,50000,50000,50000,50000,50000,50000,50000,20,0,51000,50263.007014465984,44655.91594390571,55100.179073167965,128.0
1790240042,4,TPOT,completion,0.200000,0.000000,360,360,360,360,360,360,360,360,360,360,360,20,0,360,361.38566264233697,321.1944286297185,397.4419439442485,0.0
1790240042,4,TTFT,completion,0.200000,0.000000,4200,4200,4200,4200,4200,4200,4200,4200,4200,4200,4200,20,0,4400,4366.911525267642,3600.829092087224,4957.475520903245,0.0
1790240042,4,,Aggregated,0.600000,0.000000,4200,4200,46000,46000,50000,50000,50000,50000,50000,50000,50000,60,0,4400,18330.43473412532,321.1944286297185,55100.179073167965,42.666666666666664
1790240043,4,POST,completion,0.200000,0.000000,50000,50000,50000,50000,50000,50000,50000,50000,50000,50000,50000,20,0,51000,50263.007014465984,44655.91594390571,55100.179073167965,128.0
1790240043,4,TPOT,completion,0.200000,0.000000,360,360,360,360,360,360,360,360,360,360,360,20,0,360,361.38566264233697,321.1944286297185,397.4419439442485,0.0
1790240043,4,TTFT,completion,0.200000,0.000000,4200,4200,4200,4200,4200,4200,4200,4200,4200,4200,4200,20,0,4400,4366.911525267642,3600.829092087224,4957.475520903245,0.0
1790240043,4,,Aggregated,0.600000,0.000000,4200,4200,46000,46000,50000,50000,50000,50000,50000,50000,50000,60,0,4400,18330.43473412532,321.1944286297185,55100.179073167965,42.666666666666664
1790240044,4,POST,completion,0.200000,0.000000,50000,50000,50000,50000,50000,50000,50000,50000,50000,50000,50000,20,0,51000,50263.007014465984,44655.91594390571,55100.179073167965,128.0
1790240044,4,TPOT,completion,0.200000,0.000000,360,360,360,360,360,360,360,360,360,360,360,20,0,360,361.38566264233697,321.1944286297185,397.4419439442485,0.0
1790240044,4,TTFT,completion,0.200000,0.000000,4200,4200,4200,4200,4200,4200,4200,4200,4200,4200,4200,20,0,4400,4366.911525267642,3600.829092087224,4957.475520903245,0.0
1790240044,4,,Aggregated,0.600000,0.000000,4200,4200,46000,46000,50000,50000,50000,50000,50000,50000,50000,60,0,4400,18330.43473412532,321.1944286297185,55100.179073167965,42.666666666666664
1790240045,4,POST,completion,0.200000,0.000000,50000,50000,50000,50000,50000,50000,50000,50000,50000,50000,50000,20,0,51000,50263.007014465984,44655.91594390571,55100.179073167965,128.0
1790240045,4,TPOT,completion,0.200000,0.000000,360,360,360,360,360,360,360,360,360,360,360,20,0,360,361.38566264233697,321.1944286297185,397.4419439442485,0.0
1790240045,4,TTFT,completion,0.200000,0.000000,4000,4000,4000,4000,4000,4000,4000,4000,4000,4000,4000,20,0,4400,4366.911525267642,3600.829092087224,4957.475520903245,0.0
1790240045,4,,Aggregated,0.600000,0.000000,4000,4000,50000,50000,50000,50000,50000,50000,50000,50000,50000,60,0,4400,18330.43473412532,321.1944286297185,55100.179073167965,42.666666666666664
1790240046,4,POST,completion,0.200000,0.000000,50000,50000,50000,50000,50000,50000,50000,50000,50000,50000,50000,20,0,51000,50263.007014465984,44655.91594390571,55100.179073167965,128.0
1790240046,4,TPOT,completion,0.200000,0.000000,360,360,360,360,360,360,360,360,360,360,360,20,0,360,361.38566264233697,321.1944286297185,397.4419439442485,0.0
1790240046,4,TTFT,completion,0.200000,0.000000,4000,4000,4000,4000,4000,4000,4000,4000,4000,4000,4000,20,0,4400,4366.911525267642,3600.829092087224,4957.475520903245,0.0
1790240046,4,,Aggregated,0.600000,0.000000,4000,4000,50000,50000,50000,50000,50000,50000,50000,50000,50000,60,0,4400,18330.43473412532,321.1944286297185,55100.179073167965,42.666666666666664
1790240047,4,POST,completion,0.200000,0.000000,50000,50000,50000,50000,50000,50000,50000,50000,50000,50000,50000,20,0,51000,50263.007014465984,44655.91594390571,55100.179073167965,128.0
1790240047,4,TPOT,completion,0.200000,0.000000,360,360,360,360,360,360,360,360,360,360,360,20,0,360,361.38566264233697,321.1944286297185,397.4419439442485,0.0
1790240047,4,TTFT,completion,0.200000,0.000000,4000,4000,4000,4000,4000,4000,4000,4000,4000,4000,4000,20,0,4400,4366.911525267642,3600.829092087224,4957.475520903245,0.0
1790240047,4,,Aggregated,0.600000,0.000000,4000,4000,50000,50000,50000,50000,50000,50000,50000,50000,50000,60,0,4400,18330.43473412532,321.1944286297185,55100.179073167965,42.666666666666664
1790240048,4,POST,completion,0.200000,0.000000,50000,50000,50000,50000,50000,50000,50000,50000,50000,50000,50000,20,0,51000,50263.007014465984,44655.91594390571,55100.179073167965,128.0
1790240048,4,TPOT,completion,0.200000,0.000000,360,360,360,360,360,360,360,360,360,360,360,20,0,360,361.38566264233697,321.1944286297185,397.4419439442485,0.0
1790240048,4,TTFT,completion,0.200000,0.000000,4000,4000,4000,4000,4000,4000,4000,4000,4000,4000,4000,20,0,4400,4366.911525267642,3600.829092087224,4957.475520903245,0.0
1790240048,4,,Aggregated,0.600000,0.000000,4000,4000,50000,50000,50000,50000,50000,50000,50000,50000,50000,60,0,4400,18330.43473412532,321.1944286297185,55100.179073167965,42.666666666666664
1790240049,4,POST,completion,0.200000,0.000000,50000,50000,50000,50000,50000,50000,50000,50000,50000,50000,50000,20,0,51000,50263.007014465984,44655.91594390571,55100.179073167965,128.0
1790240049,4,TPOT,completion,0.200000,0.000000,360,360,360,360,360,360,360,360,360,360,360,20,0,360,361.38566264233697,321.1944286297185,397.4419439442485,0.0
1790240049,4,TTFT,completion,0.200000,0.000000,4000,4000,4000,4000,4000,4000,4000,4000,4000,4000,4000,20,0,4400,4366.911525267642,3600.829092087224,4957.475520903245,0.0
1790240049,4,,Aggregated,0.600000,0.000000,4000,4000,50000,50000,50000,50000,50000,50000,50000,50000,50000,60,0,4400,18330.43473412532,321.1944286297185,55100.179073167965,42.666666666666664
1790240050,4,POST,completion,0.200000,0.000000,50000,50000,50000,50000,50000,50000,50000,50000,50000,50000,50000,20,0,51000,50263.007014465984,44655.91594390571,55100.179073167965,128.0
1790240050,4,TPOT,completion,0.200000,0.000000,360,360,360,360,360,360,360,360,360,360,360,20,0,360,361.38566264233697,321.1944286297185,397.4419439442485,0.0
1790240050,4,TTFT,completion,0.200000,0.000000,4000,4000,4000,4000,4000,4000,4000,4000,4000,4000,4000,20,0,4400,4366.911525267642,3600.829092087224,4957.475520903245,0.0
1790240050,4,,Aggregated,0.600000,0.000000,4000,4000,50000,50000,50000,50000,50000,50000,50000,50000,50000,60,0,4400,18330.43473412532,321.1944286297185,55100.179073167965,42.666666666666664
1790240051,4,POST,completion,0.200000,0.000000,50000,50000,50000,50000,50000,50000,50000,50000,50000,50000,50000,20,0,51000,50263.007014465984,44655.91594390571,55100.179073167965,128.0
1790240051,4,TPOT,completion,0.200000,0.000000,360,360,360,360,360,360,360,360,360,360,360,20,0,360,361.38566264233697,321.1944286297185,397.4419439442485,0.0
1790240051,4,TTFT,completion,0.200000,0.000000,4000,4000,4000,4000,4000,4000,4000,4000,4000,4000,4000,20,0,4400,4366.911525267642,3600.829092087224,4957.475520903245,0.0
1790240051,4,,Aggregated,0.600000,0.000000,4000,4000,50000,50000,50000,50000,50000,50000,50000,50000,50000,60,0,4400,18330.43473412532,321.1944286297185,55100.179073167965,42.666666666666664
1790240052,4,POST,completion,0.200000,0.000000,50000,50000,50000,50000,50000,50000,50000,50000,50000,50000,50000,20,0,51000,50263.007014465984,44655.91594390571,55100.179073167965,128.0
1790240052,4,TPOT,completion,0.200000,0.000000,360,360,360,360,360,360,360,360,360,360,360,20,0,360,361.38566264233697,321.1944286297185,397.4419439442485,0.0
1790240052,4,TTFT,completion,0.200000,0.000000,4000,4000,4000,4000,4000,4000,4000,4000,4000,4000,4000,20,0,4400,4366.911525267642,3600.829092087224,4957.475520903245,0.0
1790240052,4,,Aggregated,0.600000,0.000000,4000,4000,50000,50000,50000,50000,50000,50000,50000,50000,50000,60,0,4400,18330.43473412532,321.1944286297185,55100.179073167965,42.666666666666664
1790240053,4,POST,completion,0.200000,0.000000,50000,50000,50000,50000,50000,50000,50000,50000,50000,50000,50000,20,0,51000,50263.007014465984,44655.91594390571,55100.179073167965,128.0
1790240053,4,TPOT,completion,0.200000,0.000000,360,360,360,360,360,360,360,360,360,360,360,20,0,360,361.38566264233697,321.1944286297185,397.4419439442485,0.0
1790240053,4,TTFT,completion,0.200000,0.000000,4000,4000,4000,4000,4000,4000,4000,4000,4000,4000,4000,20,0,4400,4366.911525267642,3600.829092087224,4957.475520903245,0.0
1790240053,4,,Aggregated,0.600000,0.000000,4000,4000,50000,50000,50000,50000,50000,50000,50000,50000,50000,60,0,4400,18330.43473412532,321.1944286297185,55100.179073167965,42.666666666666664
1790240054,4,POST,completion,0.200000,0.000000,50000,50000,50000,50000,50000,50000,50000,50000,50000,50000,50000,20,0,51000,50263.007014465984,44655.91594390571,55100.179073167965,128.0
1790240054,4,TPOT,completion,0.200000,0.000000,360,360,360,360,360,360,360,360,360,360,360,20,0,360,361.38566264233697,321.1944286297185,397.4419439442485,0.0
1790240054,4,TTFT,completion,0.200000,0.000000,4000,4000,4000,4000,4000,4000,4000,4000,4000,4000,4000,20,0,4400,4366.911525267642,3600.829092087224,4957.475520903245,0.0
1790240054,4,,Aggregated,0.600000,0.000000,4000,4000,50000,50000,50000,50000,50000,50000,50000,50000,50000,60,0,4400,18330.43473412532,321.1944286297185,55100.179073167965,42.666666666666664
1790240055,4,POST,completion,0.200000,0.000000,0,0,0,0,0,0,0,0,0,0,0,20,0,51000,50263.007014465984,44655.91594390571,55100.179073167965,128.0
1790240055,4,TPOT,completion,0.200000,0.000000,0,0,0,0,0,0,0,0,0,0,0,20,0,360,361.38566264233697,321.1944286297185,397.4419439442485,0.0
1790240055,4,TTFT,completion,0.200000,0.000000,0,0,0,0,0,0,0,0,0,0,0,20,0,4400,4366.911525267642,3600.829092087224,4957.475520903245,0.0
1790240055,4,,Aggregated,0.600000,0.000000,0,0,0,0,0,0,0,0,0,0,0,60,0,4400,18330.43473412532,321.1944286297185,55100.179073167965,42.666666666666664
1790240056,4,POST,completion,0.200000,0.000000,0,0,0,0,0,0,0,0,0,0,0,20,0,51000,50263.007014465984,44655.91594390571,55100.179073167965,128.0
1790240056,4,TPOT,completion,0.200000,0.000000,0,0,0,0,0,0,0,0,0,0,0,20,0,360,361.38566264233697,321.1944286297185,397.4419439442485,0.0
1790240056,4,TTFT,completion,0.200000,0.000000,0,0,0,0,0,0,0,0,0,0,0,20,0,4400,4366.911525267642,3600.829092087224,4957.475520903245,0.0
1790240056,4,,Aggregated,0.600000,0.000000,0,0,0,0,0,0,0,0,0,0,0,60,0,4400,18330.43473412532,321.1944286297185,55100.179073167965,42.666666666666664
1790240057,4,POST,completion,0.200000,0.000000,0,0,0,0,0,0,0,0,0,0,0,20,0,51000,50263.007014465984,44655.91594390571,55100.179073167965,128.0
1790240057,4,TPOT,completion,0.200000,0.000000,0,0,0,0,0,0,0,0,0,0,0,20,0,360,361.38566264233697,321.1944286297185,397.4419439442485,0.0
1790240057,4,TTFT,completion,0.200000,0.000000,0,0,0,0,0,0,0,0,0,0,0,20,0,4400,4366.911525267642,3600.829092087224,4957.475520903245,0.0
1790240057,4,,Aggregated,0.600000,0.000000,0,0,0,0,0,0,0,0,0,0,0,60,0,4400,18330.43473412532,321.1944286297185,55100.179073167965,42.666666666666664
1790240058,4,POST,completion,0.200000,0.000000,0,0,0,0,0,0,0,0,0,0,0,20,0,51000,50263.007014465984,44655.91594390571,55100.179073167965,128.0
1790240058,4,TPOT,completion,0.200000,0.000000,0,0,0,0,0,0,0,0,0,0,0,20,0,360,361.38566264233697,321.1944286297185,397.4419439442485,0.0
1790240058,4,TTFT,completion,0.200000,0.000000,0,0,0,0,0,0,0,0,0,0,0,20,0,4400,4366.911525267642,3600.829092087224,4957.475520903245,0.0
1790240058,4,,Aggregated,0.600000,0.000000,0,0,0,0,0,0,0,0,0,0,0,60,0,4400,18330.43473412532,321.1944286297185,55100.179073167965,42.666666666666664
