Timestamp,User Count,Type,Name,Requests/s,Failures/s,50%,66%,75%,80%,90%,95%,98%,99%,99.9%,99.99%,100%,Total Request Count,Total Failure Count,Total Median Response Time,Total Average Response Time,Total Min Response Time,Total Max Response Time,Total Average Content Size
1790154167,0,,Aggregated,0.000000,0.000000,N/A,N/A,N/A,N/A,N/A,N/A,N/A,N/A,N/A,N/A,N/A,0,0,0,0.0,0,0,0
1790154168,1,,Aggregated,0.000000,0.000000,N/A,N/A,N/A,N/A,N/A,N/A,N/A,N/A,N/A,N/A,N/A,0,0,0,0.0,0,0,0
1790154169,2,,Aggregated,0.000000,0.000000,N/A,N/A,N/A,N/A,N/A,N/A,N/A,N/A,N/A,N/A,N/A,0,0,0,0.0,0,0,0
1790154170,2,,Aggregated,0.000000,0.000000,N/A,N/A,N/A,N/A,N/A,N/A,N/A,N/A,N/A,N/A,N/A,0,0,0,0.0,0,0,0
1790154171,2,,Aggregated,0.000000,0.000000,N/A,N/A,N/A,N/A,N/A,N/A,N/A,N/A,N/A,N/A,N/A,0,0,0,0.0,0,0,0
1790154172,2,,Aggregated,0.000000,0.000000,N/A,N/A,N/A,N/A,N/A,N/A,N/A,N/A,N/A,N/A,N/A,0,0,0,0.0,0,0,0
1790154173,2,,Aggregated,0.000000,0.000000,N/A,N/A,N/A,N/A,N/A,N/A,N/A,N/A,N/A,N/A,N/A,0,0,0,0.0,0,0,0
1790154174,2,,Aggregated,0.000000,0.000000,N/A,N/A,N/A,N/A,N/A,N/A,N/A,N/A,N/A,N/A,N/A,0,0,0,0.0,0,0,0
1790154175,2,,Aggregated,0.000000,0.000000,N/A,N/A,N/A,N/A,N/A,N/A,N/A,N/A,N/A,N/A,N/A,0,0,0,0.0,0,0,0
1790154176,2,,Aggregated,0.000000,0.000000,N/A,N/A,N/A,N/A,N/A,N/A,N/A,N/A,N/A,N/A,N/A,0,0,0,0.0,0,0,0
1790154177,2,,Aggregated,0.000000,0.000000,N/A,N/A,N/A,N/A,N/A,N/A,N/A,N/A,N/A,N/A,N/A,0,0,0,0.0,0,0,0
1790154178,2,,Aggregated,0.000000,0.000000,N/A,N/A,N/A,N/A,N/A,N/A,N/A,N/A,N/A,N/A,N/A,0,0,0,0.0,0,0,0
1790154179,2,,Aggregated,0.000000,0.000000,N/A,N/A,N/A,N/A,N/A,N/A,N/A,N/A,N/A,N/A,N/A,0,0,0,0.0,0,0,0
1790154180,2,,Aggregated,0.000000,0.000000,N/A,N/A,N/A,N/A,N/A,N/A,N/A,N/A,N/A,N/A,N/A,0,0,0,0.0,0,0,0
1790154181,2,,Aggregated,0.000000,0.000000,N/A,N/A,N/A,N/A,N/A,N/A,N/A,N/A,N/A,N/A,N/A,0,0,0,0.0,0,0,0
1790154182,2,,Aggregated,0.000000,0.000000,N/A,N/A,N/A,N/A,N/A,N/A,N/A,N/A,N/A,N/A,N/A,0,0,0,0.0,0,0,0
1790154183,2,,Aggregated,0.000000,0.000000,N/A,N/A,N/A,N/A,N/A,N/A,N/A,N/A,N/A,N/A,N/A,0,0,0,0.0,0,0,0
1790154184,2,,Aggregated,0.000000,0.000000,N/A,N/A,N/A,N/A,N/A,N/A,N/A,N/A,N/A,N/A,N/A,0,0,0,0.0,0,0,0
1790154185,2,,Aggregated,0.000000,0.000000,N/A,N/A,N/A,N/A,N/A,N/A,N/A,N/A,N/A,N/A,N/A,0,0,0,0.0,0,0,0
1790154186,2,,Aggregated,0.000000,0.000000,N/A,N/A,N/A,N/A,N/A,N/A,N/A,N/A,N/A,N/A,N/A,0,0,0,0.0,0,0,0
1790154187,2,,Aggregated,0.000000,0.000000,N/A,N/A,N/A,N/A,N/A,N/A,N/A,N/A,N/A,N/A,N/A,0,0,0,0.0,0,0,0
1790154188,2,,Aggregated,0.000000,0.000000,N/A,N/A,N/A,N/A,N/A,N/A,N/A,N/A,N/A,N/A,N/A,0,0,0,0.0,0,0,0
1790154189,2,,Aggregated,0.000000,0.000000,N/A,N/A,N/A,N/A,N/A,N/A,N/A,N/A,N/A,N/A,N/A,0,0,0,0.0,0,0,0
1790154190,2,POST,completion,0.000000,0.000000,0,0,0,0,0,0,0,0,0,0,0,1,0,19659.62281404063,19659.62281404063,19659.62281404063,19659.62281404063,128.0
1790154190,2,TPOT,completion,0.000000,0.000000,0,0,0,0,0,0,0,0,0,0,0,1,0,142.78879098403524,142.78879098403524,142.78879098403524,142.78879098403524,0.0
1790154190,2,TTFT,completion,0.000000,0.000000,0,0,0,0,0,0,0,0,0,0,0,1,0,1525.375280994922,1525.375280994922,1525.375280994922,1525.375280994922,0.0
1790154190,2,,Aggregated,0.000000,0.000000,0,0,0,0,0,0,0,0,0,0,0,3,0,1500,7109.262295339863,142.78879098403524,19659.62281404063,42.666666666666664
1790154191,2,POST,completion,0.000000,0.000000,20000,20000,20000,20000,20000,20000,20000,20000,20000,20000,20000,1,0,19659.62281404063,19659.62281404063,19659.62281404063,19659.62281404063,128.0
1790154191,2,TPOT,completion,0.000000,0.000000,140,140,140,140,140,140,140,140,140,140,140,1,0,142.78879098403524,142.78879098403524,142.78879098403524,142.78879098403524,0.0
1790154191,2,TTFT,completion,0.000000,0.000000,1500,1500,1500,1500,1500,1500,1500,1500,1500,1500,1500,1,0,1525.375280994922,1525.375280994922,1525.375280994922,1525.375280994922,0.0
1790154191,2,,Aggregated,0.000000,0.000000,0,0,0,0,0,0,0,0,0,0,0,3,0,1500,7109.262295339863,142.78879098403524,19659.62281404063,42.666666666666664
1790154192,2,POST,completion,0.000000,0.000000,20000,20000,20000,20000,20000,20000,20000,20000,20000,20000,20000,1,0,19659.62281404063,19659.62281404063,19659.62281404063,19659.62281404063,128.0
1790154192,2,TPOT,completion,0.000000,0.000000,140,140,140,140,140,140,140,140,140,140,140,1,0,142.78879098403524,142.78879098403524,142.78879098403524,142.78879098403524,0.0
1790154192,2,TTFT,completion,0.000000,0.000000,1500,1500,1500,1500,1500,1500,1500,1500,1500,1500,1500,1,0,1525.375280994922,1525.375280994922,1525.375280994922,1525.375280994922,0.0
1790154192,2,,Aggregated,0.000000,0.000000,0,0,0,0,0,0,0,0,0,0,0,3,0,1500,7109.262295339863,142.78879098403524,19659.62281404063,42.666666666666664
1790154193,2,POST,completion,0.000000,0.000000,20000,20000,20000,20000,20000,20000,20000,20000,20000,20000,20000,1,0,19659.62281404063,19659.62281404063,19659.62281404063,19659.62281404063,128.0
1790154193,2,TPOT,completion,0.000000,0.000000,140,140,140,140,140,140,140,140,140,140,140,1,0,142.78879098403524,142.78879098403524,142.78879098403524,142.78879098403524,0.0
1790154193,2,TTFT,completion,0.000000,0.000000,1500,1500,1500,1500,1500,1500,1500,1500,1500,1500,1500,1,0,1525.375280994922,1525.375280994922,1525.375280994922,1525.375280994922,0.0
1790154193,2,,Aggregated,0.000000,0.000000,0,0,0,0,0,0,0,0,0,0,0,3,0,1500,7109.262295339863,142.78879098403524,19659.62281404063,42.666666666666664
1790154194,2,POST,completion,0.000000,0.000000,20000,20000,20000,20000,20000,20000,20000,20000,20000,20000,20000,1,0,19659.62281404063,19659.62281404063,19659.62281404063,19659.62281404063,128.0
1790154194,2,TPOT,completion,0.000000,0.000000,140,140,140,140,140,140,140,140,140,140,140,1,0,142.78879098403524,142.78879098403524,142.78879098403524,142.78879098403524,0.0
1790154194,2,TTFT,completion,0.000000,0.000000,1500,1500,1500,1500,1500,1500,1500,1500,1500,1500,1500,1,0,1525.375280994922,1525.375280994922,1525.375280994922,1525.375280994922,0.0
1790154194,2,,Aggregated,0.000000,0.000000,0,0,0,0,0,0,0,0,0,0,0,3,0,1500,7109.262295339863,142.78879098403524,19659.62281404063,42.666666666666664
1790154195,2,POST,completion,0.000000,0.000000,20000,20000,20000,20000,20000,20000,20000,20000,20000,20000,20000,1,0,19659.62281404063,19659.62281404063,19659.62281404063,19659.62281404063,128.0
1790154195,2,TPOT,completion,0.000000,0.000000,140,140,140,140,140,140,140,140,140,140,140,1,0,142.78879098403524,142.78879098403524,142.78879098403524,142.78879098403524,0.0
1790154195,2,TTFT,completion,0.000000,0.000000,1500,1500,1500,1500,1500,1500,1500,1500,1500,1500,1500,1,0,1525.375280994922,1525.375280994922,1525.375280994922,1525.375280994922,0.0
1790154195,2,,Aggregated,0.000000,0.000000,0,0,0,0,0,0,0,0,0,0,0,3,0,1500,7109.262295339863,142.78879098403524,19659.62281404063,42.666666666666664
1790154196,2,POST,completion,0.000000,0.000000,20000,20000,20000,20000,20000,20000,20000,20000,20000,20000,20000,1,0,19659.62281404063,19659.62281404063,19659.62281404063,19659.62281404063,128.0
1790154196,2,TPOT,completion,0.000000,0.000000,140,140,140,140,140,140,140,140,140,140,140,1,0,142.78879098403524,142.78879098403524,142.78879098403524,142.78879098403524,0.0
1790154196,2,TTFT,completion,0.000000,0.000000,1500,1500,1500,1500,1500,1500,1500,1500,1500,1500,1500,1,0,1525.375280994922,1525.375280994922,1525.375280994922,1525.375280994922,0.0
1790154196,2,,Aggregated,0.000000,0.000000,0,0,0,0,0,0,0,0,0,0,0,3,0,1500,7109.262295339863,142.78879098403524,19659.62281404063,42.666666666666664
1790154197,2,POST,completion,0.000000,0.000000,20000,20000,20000,20000,20000,20000,20000,20000,20000,20000,20000,1,0,19659.62281404063,19659.62281404063,19659.62281404063,19659.62281404063,128.0
1790154197,2,TPOT,completion,0.000000,0.000000,140,140,140,140,140,140,140,140,140,140,140,1,0,142.78879098403524,142.78879098403524,142.78879098403524,142.78879098403524,0.0
1790154197,2,TTFT,completion,0.000000,0.000000,1500,1500,1500,1500,1500,1500,1500,1500,1500,1500,1500,1,0,1525.375280994922,1525.375280994922,1525.375280994922,1525.375280994922,0.0
1790154197,2,,Aggregated,0.000000,0.000000,0,0,0,0,0,0,0,0,0,0,0,3,0,1500,7109.262295339863,142.78879098403524,19659.62281404063,42.666666666666664
1790154198,2,POST,completion,0.000000,0.000000,20000,20000,20000,20000,20000,20000,20000,20000,20000,20000,20000,1,0,19659.62281404063,19659.62281404063,19659.62281404063,19659.62281404063,128.0
1790154198,2,TPOT,completion,0.000000,0.000000,140,140,140,140,140,140,140,140,140,140,140,1,0,142.78879098403524,142.78879098403524,142.78879098403524,142.78879098403524,0.0
1790154198,2,TTFT,completion,0.000000,0.000000,1500,1500,1500,1500,1500,1500,1500,1500,1500,1500,1500,1,0,1525.375280994922,1525.375280994922,1525.375280994922,1525.375280994922,0.0
1790154198,2,,Aggregated,0.000000,0.000000,0,0,0,0,0,0,0,0,0,0,0,3,0,1500,7109.262295339863,142.78879098403524,19659.62281404063,42.666666666666664
1790154199,2,POST,completion,0.000000,0.000000,20000,20000,20000,20000,20000,20000,20000,20000,20000,20000,20000,1,0,19659.62281404063,19659.62281404063,19659.62281404063,19659.62281404063,128.0
1790154199,2,TPOT,completion,0.000000,0.000000,140,140,140,140,140,140,140,140,140,140,140,1,0,142.78879098403524,142.78879098403524,142.78879098403524,142.78879098403524,0.0
1790154199,2,TTFT,completion,0.000000,0.000000,1500,1500,1500,1500,1500,1500,1500,1500,1500,1500,1500,1,0,1525.375280994922,1525.375280994922,1525.375280994922,1525.375280994922,0.0
1790154199,2,,Aggregated,0.000000,0.000000,0,0,0,0,0,0,0,0,0,0,0,3,0,1500,7109.262295339863,142.78879098403524,19659.62281404063,42.666666666666664
1790154200,2,POST,completion,0.000000,0.000000,20000,20000,20000,20000,20000,20000,20000,20000,20000,20000,20000,1,0,19659.62281404063,19659.62281404063,19659.62281404063,19659.62281404063,128.0
1790154200,2,TPOT,completion,0.000000,0.000000,140,140,140,140,140,140,140,140,140,140,140,1,0,142.78879098403524,142.78879098403524,142.78879098403524,142.78879098403524,0.0
1790154200,2,TTFT,completion,0.000000,0.000000,1500,1500,1500,1500,1500,1500,1500,1500,1500,1500,1500,1,0,1525.375280994922,1525.375280994922,1525.375280994922,1525.375280994922,0.0
1790154200,2,,Aggregated,0.000000,0.000000,0,0,0,0,0,0,0,0,0,0,0,3,0,1500,7109.262295339863,142.78879098403524,19659.62281404063,42.666666666666664
1790154201,2,POST,completion,0.000000,0.000000,20000,20000,20000,20000,20000,20000,20000,20000,20000,20000,20000,1,0,19659.62281404063,19659.62281404063,19659.62281404063,19659.62281404063,128.0
1790154201,2,TPOT,completion,0.000000,0.000000,140,140,140,140,140,140,140,140,140,140,140,1,0,142.78879098403524,142.78879098403524,142.78879098403524,142.78879098403524,0.0
1790154201,2,TTFT,completion,0.000000,0.000000,1500,1500,1500,1500,1500,1500,1500,1500,1500,1500,1500,1,0,1525.375280994922,1525.375280994922,1525.375280994922,1525.375280994922,0.0
1790154201,2,,Aggregated,0.000000,0.000000,0,0,0,0,0,0,0,0,0,0,0,3,0,1500,7109.262295339863,142.78879098403524,19659.62281404063,42.666666666666664
1790154202,2,POST,completion,0.000000,0.000000,20000,20000,20000,20000,20000,20000,20000,20000,20000,20000,20000,1,0,19659.62281404063,19659.62281404063,19659.62281404063,19659.62281404063,128.0
1790154202,2,TPOT,completion,0.000000,0.000000,140,140,140,140,140,140,140,140,140,140,140,1,0,142.78879098403524,142.78879098403524,142.78879098403524,142.78879098403524,0.0
1790154202,2,TTFT,completion,0.000000,0.000000,1500,1500,1500,1500,1500,1500,1500,1500,1500,1500,1500,1,0,1525.375280994922,1525.375280994922,1525.375280994922,1525.375280994922,0.0
1790154202,2,,Aggregated,0.000000,0.000000,0,0,0,0,0,0,0,0,0,0,0,3,0,1500,7109.262295339863,142.78879098403524,19659.62281404063,42.666666666666664
1790154203,2,POST,completion,0.000000,0.000000,20000,20000,20000,20000,20000,20000,20000,20000,20000,20000,20000,1,0,19659.62281404063,19659.62281404063,19659.62281404063,19659.62281404063,128.0
1790154203,2,TPOT,completion,0.000000,0.000000,140,140,140,140,140,140,140,140,140,140,140,1,0,142.78879098403524,142.78879098403524,142.78879098403524,142.78879098403524,0.0
1790154203,2,TTFT,completion,0.000000,0.000000,1500,1500,1500,1500,1500,1500,1500,1500,1500,1500,1500,1,0,1525.375280994922,1525.375280994922,1525.375280994922,1525.375280994922,0.0
1790154203,2,,Aggregated,0.000000,0.000000,0,0,0,0,0,0,0,0,0,0,0,3,0,1500,7109.262295339863,142.78879098403524,19659.62281404063,42.666666666666664
1790154204,2,POST,completion,0.000000,0.000000,20000,20000,20000,20000,20000,20000,20000,20000,20000,20000,20000,1,0,19659.62281404063,19659.62281404063,19659.62281404063,19659.62281404063,128.0
1790154204,2,TPOT,completion,0.000000,0.000000,140,140,140,140,140,140,140,140,140,140,140,1,0,142.78879098403524,142.78879098403524,142.78879098403524,142.78879098403524,0.0
1790154204,2,TTFT,completion,0.000000,0.000000,1500,1500,1500,1500,1500,1500,1500,1500,1500,1500,1500,1,0,1525.375280994922,1525.375280994922,1525.375280994922,1525.375280994922,0.0
1790154204,2,,Aggregated,0.000000,0.000000,0,0,0,0,0,0,0,0,0,0,0,3,0,1500,7109.262295339863,142.78879098403524,19659.62281404063,42.666666666666664
1790154205,2,POST,completion,0.000000,0.000000,20000,20000,20000,20000,20000,20000,20000,20000,20000,20000,20000,1,0,19659.62281404063,19659.62281404063,19659.62281404063,19659.62281404063,128.0
1790154205,2,TPOT,completion,0.000000,0.000000,140,140,140,140,140,140,140,140,140,140,140,1,0,142.78879098403524,142.78879098403524,142.78879098403524,142.78879098403524,0.0
1790154205,2,TTFT,completion,0.000000,0.000000,1500,1500,1500,1500,1500,1500,1500,1500,1500,1500,1500,1,0,1525.375280994922,1525.375280994922,1525.375280994922,1525.375280994922,0.0
1790154205,2,,Aggregated,0.000000,0.000000,0,0,0,0,0,0,0,0,0,0,0,3,0,1500,7109.262295339863,142.78879098403524,19659.62281404063,42.666666666666664
1790154206,2,POST,completion,0.000000,0.000000,20000,20000,20000,20000,20000,20000,20000,20000,20000,20000,20000,2,0,19659.62281404063,18988.034949055873,18316.447084071115,19659.62281404063,128.0
1790154206,2,TPOT,completion,0.000000,0.000000,140,140,140,140,140,140,140,140,140,140,140,2,0,140,137.24183837798842,131.6948857719416,142.78879098403524,0.0
1790154206,2,TTFT,completion,0.000000,0.000000,1600,1600,1600,1600,1600,1600,1600,1600,1600,1600,1600,2,0,1591.1311800591648,1558.2532305270433,1525.375280994922,1591.1311800591648,0.0
1790154206,2,,Aggregated,0.000000,0.000000,1600,1600,18000,18000,18000,18000,18000,18000,18000,18000,18000,6,0,1600,6894.510005986968,131.6948857719416,19659.62281404063,42.666666666666664
1790154207,2,POST,completion,0.000000,0.000000,18000,18000,18000,18000,18000,18000,18000,18000,18000,18000,18000,2,0,19659.62281404063,18988.034949055873,18316.447084071115,19659.62281404063,128.0
1790154207,2,TPOT,completion,0.000000,0.000000,130,130,130,130,130,130,130,130,130,130,130,2,0,140,137.24183837798842,131.6948857719416,142.78879098403524,0.0
1790154207,2,TTFT,completion,0.000000,0.000000,1600,1600,1600,1600,1600,1600,1600,1600,1600,1600,1600,2,0,1591.1311800591648,1558.2532305270433,1525.375280994922,1591.1311800591648,0.0
1790154207,2,,Aggregated,0.000000,0.000000,1600,1600,18000,18000,18000,18000,18000,18000,18000,18000,18000,6,0,1600,6894.510005986968,131.6948857719416,19659.62281404063,42.666666666666664
1790154208,2,POST,completion,0.000000,0.000000,18000,18000,18000,18000,18000,18000,18000,18000,18000,18000,18000,2,0,19659.62281404063,18988.034949055873,18316.447084071115,19659.62281404063,128.0
1790154208,2,TPOT,completion,0.000000,0.000000,130,130,130,130,130,130,130,130,130,130,130,2,0,140,137.24183837798842,131.6948857719416,142.78879098403524,0.0
1790154208,2,TTFT,completion,0.000000,0.000000,1600,1600,1600,1600,1600,1600,1600,1600,1600,1600,1600,2,0,1591.1311800591648,1558.2532305270433,1525.375280994922,1591.1311800591648,0.0
1790154208,2,,Aggregated,0.000000,0.000000,1600,1600,18000,18000,18000,18000,18000,18000,18000,18000,18000,6,0,1600,6894.510005986968,131.6948857719416,19659.62281404063,42.666666666666664
1790154209,2,POST,completion,0.000000,0.000000,18000,18000,18000,18000,18000,18000,18000,18000,18000,18000,18000,2,0,19659.62281404063,18988.034949055873,18316.447084071115,19659.62281404063,128.0
1790154209,2,TPOT,completion,0.000000,0.000000,130,130,130,130,130,130,130,130,130,130,130,2,0,140,137.24183837798842,131.6948857719416,142.78879098403524,0.0
1790154209,2,TTFT,completion,0.000000,0.000000,1600,1600,1600,1600,1600,1600,1600,1600,1600,1600,1600,2,0,1591.1311800591648,1558.2532305270433,1525.375280994922,1591.1311800591648,0.0
1790154209,2,,Aggregated,0.000000,0.000000,1600,1600,18000,18000,18000,18000,18000,18000,18000,18000,18000,6,0,1600,6894.510005986968,131.6948857719416,19659.62281404063,42.666666666666664
1790154210,2,POST,completion,0.000000,0.000000,18000,18000,18000,18000,18000,18000,18000,18000,18000,18000,18000,2,0,19659.62281404063,18988.034949055873,18316.447084071115,19659.62281404063,128.0
1790154210,2,TPOT,completion,0.000000,0.000000,130,130,130,130,130,130,130,130,130,130,130,2,0,140,137.24183837798842,131.6948857719416,142.78879098403524,0.0
1790154210,2,TTFT,completion,0.000000,0.000000,1600,1600,1600,1600,1600,1600,1600,1600,1600,1600,1600,2,0,1591.1311800591648,1558.2532305270433,1525.375280994922,1591.1311800591648,0.0
1790154210,2,,Aggregated,0.000000,0.000000,1600,1600,18000,18000,18000,18000,18000,18000,18000,18000,18000,6,0,1600,6894.510005986968,131.6948857719416,19659.62281404063,42.666666666666664
1790154211,2,POST,completion,0.000000,0.000000,18000,18000,18000,18000,18000,18000,18000,18000,18000,18000,18000,2,0,19659.62281404063,18988.034949055873,18316.447084071115,19659.62281404063,128.0
1790154211,2,TPOT,completion,0.000000,0.000000,130,130,130,130,130,130,130,130,130,130,130,2,0,140,137.24183837798842,131.6948857719416,142.78879098403524,0.0
1790154211,2,TTFT,completion,0.000000,0.000000,1600,1600,1600,1600,1600,1600,1600,1600,1600,1600,1600,2,0,1591.1311800591648,1558.2532305270433,1525.375280994922,1591.1311800591648,0.0
1790154211,2,,Aggregated,0.000000,0.000000,1600,1600,18000,18000,18000,18000,18000,18000,18000,18000,18000,6,0,1600,6894.510005986968,131.6948857719416,19659.62281404063,42.666666666666664
1790154212,2,POST,completion,0.000000,0.000000,18000,18000,18000,18000,18000,18000,18000,18000,18000,18000,18000,2,0,19659.62281404063,18988.034949055873,18316.447084071115,19659.62281404063,128.0
1790154212,2,TPOT,completion,0.000000,0.000000,130,130,130,130,130,130,130,130,130,130,130,2,0,140,137.24183837798842,131.6948857719416,142.78879098403524,0.0
1790154212,2,TTFT,completion,0.000000,0.000000,1600,1600,1600,1600,1600,1600,1600,1600,1600,1600,1600,2,0,1591.1311800591648,1558.2532305270433,1525.375280994922,1591.1311800591648,0.0
1790154212,2,,Aggregated,0.000000,0.000000,1600,1600,18000,18000,18000,18000,18000,18000,18000,18000,18000,6,0,1600,6894.510005986968,131.6948857719416,19659.62281404063,42.666666666666664
1790154213,2,POST,completion,0.000000,0.000000,18000,18000,18000,18000,18000,18000,18000,18000,18000,18000,18000,2,0,19659.62281404063,18988.034949055873,18316.447084071115,19659.62281404063,128.0
1790154213,2,TPOT,completion,0.000000,0.000000,130,130,130,130,130,130,130,130,130,130,130,2,0,140,137.24183837798842,131.6948857719416,142.78879098403524,0.0
1790154213,2,TTFT,completion,0.000000,0.000000,1600,1600,1600,1600,1600,1600,1600,1600,1600,1600,1600,2,0,1591.1311800591648,1558.2532305270433,1525.375280994922,1591.1311800591648,0.0
1790154213,2,,Aggregated,0.000000,0.000000,1600,1600,18000,18000,18000,18000,18000,18000,18000,18000,18000,6,0,1600,6894.510005986968,131.6948857719416,19659.62281404063,42.666666666666664
1790154214,2,POST,completion,0.000000,0.000000,18000,18000,18000,18000,18000,18000,18000,18000,18000,18000,18000,2,0,19659.62281404063,18988.034949055873,18316.447084071115,19659.62281404063,128.0
1790154214,2,TPOT,completion,0.000000,0.000000,130,130,130,130,130,130,130,130,130,130,130,2,0,140,137.24183837798842,131.6948857719416,142.78879098403524,0.0
1790154214,2,TTFT,completion,0.000000,0.000000,1600,1600,1600,1600,1600,1600,1600,1600,1600,1600,1600,2,0,1591.1311800591648,1558.2532305270433,1525.375280994922,1591.1311800591648,0.0
1790154214,2,,Aggregated,0.000000,0.000000,1600,1600,18000,18000,18000,18000,18000,18000,18000,18000,18000,6,0,1600,6894.510005986968,131.6948857719416,19659.62281404063,42.666666666666664
1790154215,2,POST,completion,0.000000,0.000000,18000,18000,18000,18000,18000,18000,18000,18000,18000,18000,18000,2,0,19659.62281404063,18988.034949055873,18316.447084071115,19659.62281404063,128.0
1790154215,2,TPOT,completion,0.000000,0.000000,130,130,130,130,130,130,130,130,130,130,130,2,0,140,137.24183837798842,131.6948857719416,142.78879098403524,0.0
1790154215,2,TTFT,completion,0.000000,0.000000,1600,1600,1600,1600,1600,1600,1600,1600,1600,1600,1600,2,0,1591.1311800591648,1558.2532305270433,1525.375280994922,1591.1311800591648,0.0
1790154215,2,,Aggregated,0.000000,0.000000,1600,1600,18000,18000,18000,18000,18000,18000,18000,18000,18000,6,0,1600,6894.510005986968,131.6948857719416,19659.62281404063,42.666666666666664
1790154216,2,POST,completion,0.000000,0.000000,18000,18000,18000,18000,18000,18000,18000,18000,18000,18000,18000,2,0,19659.62281404063,18988.034949055873,18316.447084071115,19659.62281404063,128.0
1790154216,2,TPOT,completion,0.000000,0.000000,130,130,130,130,130,130,130,130,130,130,130,2,0,140,137.24183837798842,131.6948857719416,142.78879098403524,0.0
1790154216,2,TTFT,completion,0.000000,0.000000,1600,1600,1600,1600,1600,1600,1600,1600,1600,1600,1600,2,0,1591.1311800591648,1558.2532305270433,1525.375280994922,1591.1311800591648,0.0
1790154216,2,,Aggregated,0.000000,0.000000,1600,1600,18000,18000,18000,18000,18000,18000,18000,18000,18000,6,0,1600,6894.510005986968,131.6948857719416,19659.62281404063,42.666666666666664
1790154217,2,POST,completion,0.000000,0.000000,18000,18000,18000,18000,18000,18000,18000,18000,18000,18000,18000,2,0,19659.62281404063,18988.034949055873,18316.447084071115,19659.62281404063,128.0
1790154217,2,TPOT,completion,0.000000,0.000000,130,130,130,130,130,130,130,130,130,130,130,2,0,140,137.24183837798842,131.6948857719416,142.78879098403524,0.0
1790154217,2,TTFT,completion,0.000000,0.000000,1600,1600,1600,1600,1600,1600,1600,1600,1600,1600,1600,2,0,1591.1311800591648,1558.2532305270433,1525.375280994922,1591.1311800591648,0.0
1790154217,2,,Aggregated,0.000000,0.000000,1600,1600,18000,18000,18000,18000,18000,18000,18000,18000,18000,6,0,1600,6894.510005986968,131.6948857719416,19659.62281404063,42.666666666666664
1790154218,2,POST,completion,0.000000,0.000000,18000,18000,18000,18000,18000,18000,18000,18000,18000,18000,18000,2,0,19659.62281404063,18988.034949055873,18316.447084071115,19659.62281404063,128.0
1790154218,2,TPOT,completion,0.000000,0.000000,130,130,130,130,130,130,130,130,130,130,130,2,0,140,137.24183837798842,131.6948857719416,142.78879098403524,0.0
1790154218,2,TTFT,completion,0.000000,0.000000,1600,1600,1600,1600,1600,1600,1600,1600,1600,1600,1600,2,0,1591.1311800591648,1558.2532305270433,1525.375280994922,1591.1311800591648,0.0
1790154218,2,,Aggregated,0.000000,0.000000,1600,1600,18000,18000,18000,18000,18000,18000,18000,18000,18000,6,0,1600,6894.510005986968,131.6948857719416,19659.62281404063,42.666666666666664
1790154219,2,POST,completion,0.000000,0.000000,18000,18000,18000,18000,18000,18000,18000,18000,18000,18000,18000,2,0,19659.62281404063,18988.034949055873,18316.447084071115,19659.62281404063,128.0
1790154219,2,TPOT,completion,0.000000,0.000000,130,130,130,130,130,130,130,130,130,130,130,2,0,140,137.24183837798842,131.6948857719416,142.78879098403524,0.0
1790154219,2,TTFT,completion,0.000000,0.000000,1600,1600,1600,1600,1600,1600,1600,1600,1600,1600,1600,2,0,1591.1311800591648,1558.2532305270433,1525.375280994922,1591.1311800591648,0.0
1790154219,2,,Aggregated,0.000000,0.000000,1600,1600,18000,18000,18000,18000,18000,18000,18000,18000,18000,6,0,1600,6894.510005986968,131.6948857719416,19659.62281404063,42.666666666666664
1790154220,2,POST,completion,0.000000,0.000000,18000,18000,18000,18000,18000,18000,18000,18000,18000,18000,18000,2,0,19659.62281404063,18988.034949055873,18316.447084071115,19659.62281404063,128.0
1790154220,2,TPOT,completion,0.000000,0.000000,130,130,130,130,130,130,130,130,130,130,130,2,0,140,137.24183837798842,131.6948857719416,142.78879098403524,0.0
1790154220,2,TTFT,completion,0.000000,0.000000,1600,1600,1600,1600,1600,1600,1600,1600,1600,1600,1600,2,0,1591.1311800591648,1558.2532305270433,1525.375280994922,1591.1311800591648,0.0
1790154220,2,,Aggregated,0.000000,0.000000,1600,1600,18000,18000,18000,18000,18000,18000,18000,18000,18000,6,0,1600,6894.510005986968,131.6948857719416,19659.62281404063,42.666666666666664
1790154221,2,POST,completion,0.000000,0.000000,18000,18000,18000,18000,18000,18000,18000,18000,18000,18000,18000,2,0,19659.62281404063,18988.034949055873,18316.447084071115,19659.62281404063,128.0
1790154221,2,TPOT,completion,0.000000,0.000000,130,130,130,130,130,130,130,130,130,130,130,2,0,140,137.24183837798842,131.6948857719416,142.78879098403524,0.0
1790154221,2,TTFT,completion,0.000000,0.000000,1600,1600,1600,1600,1600,1600,1600,1600,1600,1600,1600,2,0,1591.1311800591648,1558.2532305270433,1525.375280994922,1591.1311800591648,0.0
1790154221,2,,Aggregated,0.000000,0.000000,1600,1600,18000,18000,18000,18000,18000,18000,18000,18000,18000,6,0,1600,6894.510005986968,131.6948857719416,19659.62281404063,42.666666666666664
1790154222,2,POST,completion,0.000000,0.000000,18000,18000,18000,18000,18000,18000,18000,18000,18000,18000,18000,2,0,19659.62281404063,18988.034949055873,18316.447084071115,19659.62281404063,128.0
1790154222,2,TPOT,completion,0.000000,0.000000,130,130,130,130,130,130,130,130,130,130,130,2,0,140,137.24183837798842,131.6948857719416,142.78879098403524,0.0
1790154222,2,TTFT,completion,0.000000,0.000000,1600,1600,1600,1600,1600,1600,1600,1600,1600,1600,1600,2,0,1591.1311800591648,1558.2532305270433,1525.375280994922,1591.1311800591648,0.0
1790154222,2,,Aggregated,0.000000,0.000000,1600,1600,18000,18000,18000,18000,18000,18000,18000,18000,18000,6,0,1600,6894.510005986968,131.6948857719416,19659.62281404063,42.666666666666664
1790154223,2,POST,completion,0.000000,0.000000,0,0,0,0,0,0,0,0,0,0,0,2,0,19659.62281404063,18988.034949055873,18316.447084071115,19659.62281404063,128.0
1790154223,2,TPOT,completion,0.000000,0.000000,0,0,0,0,0,0,0,0,0,0,0,2,0,140,137.24183837798842,131.6948857719416,142.78879098403524,0.0
1790154223,2,TTFT,completion,0.000000,0.000000,0,0,0,0,0,0,0,0,0,0,0,2,0,1591.1311800591648,1558.2532305270433,1525.375280994922,1591.1311800591648,0.0
1790154223,2,,Aggregated,0.000000,0.000000,0,0,0,0,0,0,0,0,0,0,0,6,0,1600,6894.510005986968,131.6948857719416,19659.62281404063,42.666666666666664
1790154224,2,POST,completion,0.000000,0.000000,0,0,0,0,0,0,0,0,0,0,0,2,0,19659.62281404063,18988.034949055873,18316.447084071115,19659.62281404063,128.0
1790154224,2,TPOT,completion,0.000000,0.000000,0,0,0,0,0,0,0,0,0,0,0,2,0,140,137.24183837798842,131.6948857719416,142.78879098403524,0.0
1790154224,2,TTFT,completion,0.000000,0.000000,0,0,0,0,0,0,0,0,0,0,0,2,0,1591.1311800591648,1558.2532305270433,1525.375280994922,1591.1311800591648,0.0
1790154224,2,,Aggregated,0.000000,0.000000,0,0,0,0,0,0,0,0,0,0,0,6,0,1600,6894.510005986968,131.6948857719416,19659.62281404063,42.666666666666664
1790154225,2,POST,completion,0.000000,0.000000,0,0,0,0,0,0,0,0,0,0,0,2,0,19659.62281404063,18988.034949055873,18316.447084071115,19659.62281404063,128.0
1790154225,2,TPOT,completion,0.000000,0.000000,0,0,0,0,0,0,0,0,0,0,0,2,0,140,137.24183837798842,131.6948857719416,142.78879098403524,0.0
1790154225,2,TTFT,completion,0.000000,0.000000,0,0,0,0,0,0,0,0,0,0,0,2,0,1591.1311800591648,1558.2532305270433,1525.375280994922,1591.1311800591648,0.0
1790154225,2,,Aggregated,0.000000,0.000000,0,0,0,0,0,0,0,0,0,0,0,6,0,1600,6894.510005986968,131.6948857719416,19659.62281404063,42.666666666666664
1790154226,2,POST,completion,0.000000,0.000000,0,0,0,0,0,0,0,0,0,0,0,2,0,19659.62281404063,18988.034949055873,18316.447084071115,19659.62281404063,128.0
1790154226,2,TPOT,completion,0.000000,0.000000,0,0,0,0,0,0,0,0,0,0,0,2,0,140,137.24183837798842,131.6948857719416,142.78879098403524,0.0
1790154226,2,TTFT,completion,0.000000,0.000000,0,0,0,0,0,0,0,0,0,0,0,2,0,1591.1311800591648,1558.2532305270433,1525.375280994922,1591.1311800591648,0.0
1790154226,2,,Aggregated,0.000000,0.000000,0,0,0,0,0,0,0,0,0,0,0,6,0,1600,6894.510005986968,131.6948857719416,19659.62281404063,42.666666666666664
1790154227,2,POST,completion,0.000000,0.000000,0,0,0,0,0,0,0,0,0,0,0,2,0,19659.62281404063,18988.034949055873,18316.447084071115,19659.62281404063,128.0
1790154227,2,TPOT,completion,0.000000,0.000000,0,0,0,0,0,0,0,0,0,0,0,2,0,140,137.24183837798842,131.6948857719416,142.78879098403524,0.0
1790154227,2,TTFT,completion,0.000000,0.000000,0,0,0,0,0,0,0,0,0,0,0,2,0,1591.1311800591648,1558.2532305270433,1525.375280994922,1591.1311800591648,0.0
1790154227,2,,Aggregated,0.000000,0.000000,0,0,0,0,0,0,0,0,0,0,0,6,0,1600,6894.510005986968,131.6948857719416,19659.62281404063,42.666666666666664
1790154228,2,POST,completion,0.000000,0.000000,0,0,0,0,0,0,0,0,0,0,0,2,0,19659.62281404063,18988.034949055873,18316.447084071115,19659.62281404063,128.0
1790154228,2,TPOT,completion,0.000000,0.000000,0,0,0,0,0,0,0,0,0,0,0,2,0,140,137.24183837798842,131.6948857719416,142.78879098403524,0.0
1790154228,2,TTFT,completion,0.000000,0.000000,0,0,0,0,0,0,0,0,0,0,0,2,0,1591.1311800591648,1558.2532305270433,1525.375280994922,1591.1311800591648,0.0
1790154228,2,,Aggregated,0.000000,0.000000,0,0,0,0,0,0,0,0,0,0,0,6,0,1600,6894.510005986968,131.6948857719416,19659.62281404063,42.666666666666664
1790154229,2,POST,completion,0.000000,0.000000,0,0,0,0,0,0,0,0,0,0,0,2,0,19659.62281404063,18988.034949055873,18316.447084071115,19659.62281404063,128.0
1790154229,2,TPOT,completion,0.000000,0.000000,0,0,0,0,0,0,0,0,0,0,0,2,0,140,137.24183837798842,131.6948857719416,142.78879098403524,0.0
1790154229,2,TTFT,completion,0.000000,0.000000,0,0,0,0,0,0,0,0,0,0,0,2,0,1591.1311800591648,1558.2532305270433,1525.375280994922,1591.1311800591648,0.0
1790154229,2,,Aggregated,0.000000,0.000000,0,0,0,0,0,0,0,0,0,0,0,6,0,1600,6894.510005986968,131.6948857719416,19659.62281404063,42.666666666666664
1790154230,2,POST,completion,0.000000,0.000000,0,0,0,0,0,0,0,0,0,0,0,2,0,19659.62281404063,18988.034949055873,18316.447084071115,19659.62281404063,128.0
1790154230,2,TPOT,completion,0.000000,0.000000,0,0,0,0,0,0,0,0,0,0,0,2,0,140,137.24183837798842,131.6948857719416,142.78879098403524,0.0
1790154230,2,TTFT,completion,0.000000,0.000000,0,0,0,0,0,0,0,0,0,0,0,2,0,1591.1311800591648,1558.2532305270433,1525.375280994922,1591.1311800591648,0.0
1790154230,2,,Aggregated,0.000000,0.000000,0,0,0,0,0,0,0,0,0,0,0,6,0,1600,6894.510005986968,131.6948857719416,19659.62281404063,42.666666666666664
1790154231,2,POST,completion,0.000000,0.000000,0,0,0,0,0,0,0,0,0,0,0,2,0,19659.62281404063,18988.034949055873,18316.447084071115,19659.62281404063,128.0
1790154231,2,TPOT,completion,0.000000,0.000000,0,0,0,0,0,0,0,0,0,0,0,2,0,140,137.24183837798842,131.6948857719416,142.78879098403524,0.0
1790154231,2,TTFT,completion,0.000000,0.000000,0,0,0,0,0,0,0,0,0,0,0,2,0,1591.1311800591648,1558.2532305270433,1525.375280994922,1591.1311800591648,0.0
1790154231,2,,Aggregated,0.000000,0.000000,0,0,0,0,0,0,0,0,0,0,0,6,0,1600,6894.510005986968,131.6948857719416,19659.62281404063,42.666666666666664
1790154232,2,POST,completion,0.000000,0.000000,0,0,0,0,0,0,0,0,0,0,0,2,0,19659.62281404063,18988.034949055873,18316.447084071115,19659.62281404063,128.0
1790154232,2,TPOT,completion,0.000000,0.000000,0,0,0,0,0,0,0,0,0,0,0,2,0,140,137.24183837798842,131.6948857719416,142.78879098403524,0.0
1790154232,2,TTFT,completion,0.000000,0.000000,0,0,0,0,0,0,0,0,0,0,0,2,0,1591.1311800591648,1558.2532305270433,1525.375280994922,1591.1311800591648,0.0
1790154232,2,,Aggregated,0.000000,0.000000,0,0,0,0,0,0,0,0,0,0,0,6,0,1600,6894.510005986968,131.6948857719416,19659.62281404063,42.666666666666664
1790154233,2,POST,completion,0.000000,0.000000,0,0,0,0,0,0,0,0,0,0,0,2,0,19659.62281404063,18988.034949055873,18316.447084071115,19659.62281404063,128.0
1790154233,2,TPOT,completion,0.000000,0.000000,0,0,0,0,0,0,0,0,0,0,0,2,0,140,137.24183837798842,131.6948857719416,142.78879098403524,0.0
1790154233,2,TTFT,completion,0.000000,0.000000,0,0,0,0,0,0,0,0,0,0,0,2,0,1591.1311800591648,1558.2532305270433,1525.375280994922,1591.1311800591648,0.0
1790154233,2,,Aggregated,0.000000,0.000000,0,0,0,0,0,0,0,0,0,0,0,6,0,1600,6894.510005986968,131.6948857719416,19659.62281404063,42.666666666666664
1790154234,2,POST,completion,0.000000,0.000000,0,0,0,0,0,0,0,0,0,0,0,2,0,19659.62281404063,18988.034949055873,18316.447084071115,19659.62281404063,128.0
1790154234,2,TPOT,completion,0.000000,0.000000,0,0,0,0,0,0,0,0,0,0,0,2,0,140,137.24183837798842,131.6948857719416,142.78879098403524,0.0
1790154234,2,TTFT,completion,0.000000,0.000000,0,0,0,0,0,0,0,0,0,0,0,2,0,1591.1311800591648,1558.2532305270433,1525.375280994922,1591.1311800591648,0.0
1790154234,2,,Aggregated,0.000000,0.000000,0,0,0,0,0,0,0,0,0,0,0,6,0,1600,6894.510005986968,131.6948857719416,19659.62281404063,42.666666666666664
1790154235,2,POST,completion,0.000000,0.000000,0,0,0,0,0,0,0,0,0,0,0,2,0,19659.62281404063,18988.034949055873,18316.447084071115,19659.62281404063,128.0
1790154235,2,TPOT,completion,0.000000,0.000000,0,0,0,0,0,0,0,0,0,0,0,2,0,140,137.24183837798842,131.6948857719416,142.78879098403524,0.0
1790154235,2,TTFT,completion,0.000000,0.000000,0,0,0,0,0,0,0,0,0,0,0,2,0,1591.1311800591648,1558.2532305270433,1525.375280994922,1591.1311800591648,0.0
1790154235,2,,Aggregated,0.000000,0.000000,0,0,0,0,0,0,0,0,0,0,0,6,0,1600,6894.510005986968,131.6948857719416,19659.62281404063,42.666666666666664
1790154236,2,POST,completion,0.000000,0.000000,0,0,0,0,0,0,0,0,0,0,0,2,0,19659.62281404063,18988.034949055873,18316.447084071115,19659.62281404063,128.0
1790154236,2,TPOT,completion,0.000000,0.000000,0,0,0,0,0,0,0,0,0,0,0,2,0,140,137.24183837798842,131.6948857719416,142.78879098403524,0.0
1790154236,2,TTFT,completion,0.000000,0.000000,0,0,0,0,0,0,0,0,0,0,0,2,0,1591.1311800591648,1558.2532305270433,1525.375280994922,1591.1311800591648,0.0
1790154236,2,,Aggregated,0.000000,0.000000,0,0,0,0,0,0,0,0,0,0,0,6,0,1600,6894.510005986968,131.6948857719416,19659.62281404063,42.666666666666664
1790154237,2,POST,completion,0.000000,0.000000,0,0,0,0,0,0,0,0,0,0,0,2,0,19659.62281404063,18988.034949055873,18316.447084071115,19659.62281404063,128.0
1790154237,2,TPOT,completion,0.000000,0.000000,0,0,0,0,0,0,0,0,0,0,0,2,0,140,137.24183837798842,131.6948857719416,142.78879098403524,0.0
1790154237,2,TTFT,completion,0.000000,0.000000,0,0,0,0,0,0,0,0,0,0,0,2,0,1591.1311800591648,1558.2532305270433,1525.375280994922,1591.1311800591648,0.0
1790154237,2,,Aggregated,0.000000,0.000000,0,0,0,0,0,0,0,0,0,0,0,6,0,1600,6894.510005986968,131.6948857719416,19659.62281404063,42.666666666666664
1790154238,2,POST,completion,0.000000,0.000000,0,0,0,0,0,0,0,0,0,0,0,2,0,19659.62281404063,18988.034949055873,18316.447084071115,19659.62281404063,128.0
1790154238,2,TPOT,completion,0.000000,0.000000,0,0,0,0,0,0,0,0,0,0,0,2,0,140,137.24183837798842,131.6948857719416,142.78879098403524,0.0
1790154238,2,TTFT,completion,0.000000,0.000000,0,0,0,0,0,0,0,0,0,0,0,2,0,1591.1311800591648,1558.2532305270433,1525.375280994922,1591.1311800591648,0.0
1790154238,2,,Aggregated,0.000000,0.000000,0,0,0,0,0,0,0,0,0,0,0,6,0,1600,6894.510005986968,131.6948857719416,19659.62281404063,42.666666666666664
1790154239,2,POST,completion,0.000000,0.000000,0,0,0,0,0,0,0,0,0,0,0,2,0,19659.62281404063,18988.034949055873,18316.447084071115,19659.62281404063,128.0
1790154239,2,TPOT,completion,0.000000,0.000000,0,0,0,0,0,0,0,0,0,0,0,2,0,140,137.24183837798842,131.6948857719416,142.78879098403524,0.0
1790154239,2,TTFT,completion,0.000000,0.000000,0,0,0,0,0,0,0,0,0,0,0,2,0,1591.1311800591648,1558.2532305270433,1525.375280994922,1591.1311800591648,0.0
1790154239,2,,Aggregated,0.000000,0.000000,0,0,0,0,0,0,0,0,0,0,0,6,0,1600,6894.510005986968,131.6948857719416,19659.62281404063,42.666666666666664
1790154240,2,POST,completion,0.000000,0.000000,0,0,0,0,0,0,0,0,0,0,0,2,0,19659.62281404063,18988.034949055873,18316.447084071115,19659.62281404063,128.0
1790154240,2,TPOT,completion,0.000000,0.000000,0,0,0,0,0,0,0,0,0,0,0,2,0,140,137.24183837798842,131.6948857719416,142.78879098403524,0.0
1790154240,2,TTFT,completion,0.000000,0.000000,0,0,0,0,0,0,0,0,0,0,0,2,0,1591.1311800591648,1558.2532305270433,1525.375280994922,1591.1311800591648,0.0
1790154240,2,,Aggregated,0.000000,0.000000,0,0,0,0,0,0,0,0,0,0,0,6,0,1600,6894.510005986968,131.6948857719416,19659.62281404063,42.666666666666664
1790154241,2,POST,completion,0.000000,0.000000,0,0,0,0,0,0,0,0,0,0,0,2,0,19659.62281404063,18988.034949055873,18316.447084071115,19659.62281404063,128.0
1790154241,2,TPOT,completion,0.000000,0.000000,0,0,0,0,0,0,0,0,0,0,0,2,0,140,137.24183837798842,131.6948857719416,142.78879098403524,0.0
1790154241,2,TTFT,completion,0.000000,0.000000,0,0,0,0,0,0,0,0,0,0,0,2,0,1591.1311800591648,1558.2532305270433,1525.375280994922,1591.1311800591648,0.0
1790154241,2,,Aggregated,0.000000,0.000000,0,0,0,0,0,0,0,0,0,0,0,6,0,1600,6894.510005986968,131.6948857719416,19659.62281404063,42.666666666666664
1790154242,2,POST,completion,0.000000,0.000000,0,0,0,0,0,0,0,0,0,0,0,2,0,19659.62281404063,18988.034949055873,18316.447084071115,19659.62281404063,128.0
1790154242,2,TPOT,completion,0.000000,0.000000,0,0,0,0,0,0,0,0,0,0,0,2,0,140,137.24183837798842,131.6948857719416,142.78879098403524,0.0
1790154242,2,TTFT,completion,0.000000,0.000000,0,0,0,0,0,0,0,0,0,0,0,2,0,1591.1311800591648,1558.2532305270433,1525.375280994922,1591.1311800591648,0.0
1790154242,2,,Aggregated,0.000000,0.000000,0,0,0,0,0,0,0,0,0,0,0,6,0,1600,6894.510005986968,131.6948857719416,19659.62281404063,42.666666666666664
1790154243,2,POST,completion,0.000000,0.000000,0,0,0,0,0,0,0,0,0,0,0,2,0,19659.62281404063,18988.034949055873,18316.447084071115,19659.62281404063,128.0
1790154243,2,TPOT,completion,0.000000,0.000000,0,0,0,0,0,0,0,0,0,0,0,2,0,140,137.24183837798842,131.6948857719416,142.78879098403524,0.0
1790154243,2,TTFT,completion,0.000000,0.000000,0,0,0,0,0,0,0,0,0,0,0,2,0,1591.1311800591648,1558.2532305270433,1525.375280994922,1591.1311800591648,0.0
1790154243,2,,Aggregated,0.000000,0.000000,0,0,0,0,0,0,0,0,0,0,0,6,0,1600,6894.510005986968,131.6948857719416,19659.62281404063,42.666666666666664
1790154244,2,POST,completion,0.000000,0.000000,0,0,0,0,0,0,0,0,0,0,0,2,0,19659.62281404063,18988.034949055873,18316.447084071115,19659.62281404063,128.0
1790154244,2,TPOT,completion,0.000000,0.000000,0,0,0,0,0,0,0,0,0,0,0,2,0,140,137.24183837798842,131.6948857719416,142.78879098403524,0.0
1790154244,2,TTFT,completion,0.000000,0.000000,0,0,0,0,0,0,0,0,0,0,0,2,0,1591.1311800591648,1558.2532305270433,1525.375280994922,1591.1311800591648,0.0
1790154244,2,,Aggregated,0.000000,0.000000,0,0,0,0,0,0,0,0,0,0,0,6,0,1600,6894.510005986968,131.6948857719416,19659.62281404063,42.666666666666664
1790154245,2,POST,completion,0.000000,0.000000,0,0,0,0,0,0,0,0,0,0,0,2,0,19659.62281404063,18988.034949055873,18316.447084071115,19659.62281404063,128.0
1790154245,2,TPOT,completion,0.000000,0.000000,0,0,0,0,0,0,0,0,0,0,0,2,0,140,137.24183837798842,131.6948857719416,142.78879098403524,0.0
1790154245,2,TTFT,completion,0.000000,0.000000,0,0,0,0,0,0,0,0,0,0,0,2,0,1591.1311800591648,1558.2532305270433,1525.375280994922,1591.1311800591648,0.0
1790154245,2,,Aggregated,0.000000,0.000000,0,0,0,0,0,0,0,0,0,0,0,6,0,1600,6894.510005986968,131.6948857719416,19659.62281404063,42.666666666666664
1790154246,2,POST,completion,0.000000,0.000000,0,0,0,0,0,0,0,0,0,0,0,2,0,19659.62281404063,18988.034949055873,18316.447084071115,19659.62281404063,128.0
1790154246,2,TPOT,completion,0.000000,0.000000,0,0,0,0,0,0,0,0,0,0,0,2,0,140,137.24183837798842,131.6948857719416,142.78879098403524,0.0
1790154246,2,TTFT,completion,0.000000,0.000000,0,0,0,0,0,0,0,0,0,0,0,2,0,1591.1311800591648,1558.2532305270433,1525.375280994922,1591.1311800591648,0.0
1790154246,2,,Aggregated,0.000000,0.000000,0,0,0,0,0,0,0,0,0,0,0,6,0,1600,6894.510005986968,131.6948857719416,19659.62281404063,42.666666666666664
1790154247,2,POST,completion,0.000000,0.000000,0,0,0,0,0,0,0,0,0,0,0,2,0,19659.62281404063,18988.034949055873,18316.447084071115,19659.62281404063,128.0
1790154247,2,TPOT,completion,0.000000,0.000000,0,0,0,0,0,0,0,0,0,0,0,2,0,140,137.24183837798842,131.6948857719416,142.78879098403524,0.0
1790154247,2,TTFT,completion,0.000000,0.000000,0,0,0,0,0,0,0,0,0,0,0,2,0,1591.1311800591648,1558.2532305270433,1525.375280994922,1591.1311800591648,0.0
1790154247,2,,Aggregated,0.000000,0.000000,0,0,0,0,0,0,0,0,0,0,0,6,0,1600,6894.510005986968,131.6948857719416,19659.62281404063,42.666666666666664
1790154248,2,POST,completion,0.000000,0.000000,21000,21000,21000,21000,21000,21000,21000,21000,21000,21000,21000,4,0,20000,19625.28649251908,18316.447084071115,20697.979454882443,128.0
1790154248,2,TPOT,completion,0.000000,0.000000,150,150,150,150,150,150,150,150,150,150,150,4,0,140,139.91519464564868,131.6948857719416,148.526735519477,0.0
1790154248,2,TTFT,completion,0.000000,0.000000,2500,2500,2500,2500,2500,2500,2500,2500,2500,2500,2500,4,0,1800,1855.9890337637626,1525.375280994922,2472.44951617904,0.0
1790154248,2,,Aggregated,0.000000,0.000000,2500,2500,20000,20000,21000,21000,21000,21000,21000,21000,21000,12,0,1800,7207.063573642829,131.6948857719416,20697.979454882443,42.666666666666664
1790154249,2,POST,completion,0.000000,0.000000,21000,21000,21000,21000,21000,21000,21000,21000,21000,21000,21000,4,0,20000,19625.28649251908,18316.447084071115,20697.979454882443,128.0
1790154249,2,TPOT,completion,0.000000,0.000000,150,150,150,150,150,150,150,150,150,150,150,4,0,140,139.91519464564868,131.6948857719416,148.526735519477,0.0
1790154249,2,TTFT,completion,0.000000,0.000000,2500,2500,2500,2500,2500,2500,2500,2500,2500,2500,2500,4,0,1800,1855.9890337637626,1525.375280994922,2472.44951617904,0.0
1790154249,2,,Aggregated,0.000000,0.000000,2500,2500,20000,20000,21000,21000,21000,21000,21000,21000,21000,12,0,1800,7207.063573642829,131.6948857719416,20697.979454882443,42.666666666666664
1790154250,2,POST,completion,0.000000,0.000000,21000,21000,21000,21000,21000,21000,21000,21000,21000,21000,21000,4,0,20000,19625.28649251908,18316.447084071115,20697.979454882443,128.0
1790154250,2,TPOT,completion,0.000000,0.000000,150,150,150,150,150,150,150,150,150,150,150,4,0,140,139.91519464564868,131.6948857719416,148.526735519477,0.0
1790154250,2,TTFT,completion,0.000000,0.000000,2500,2500,2500,2500,2500,2500,2500,2500,2500,2500,2500,4,0,1800,1855.9890337637626,1525.375280994922,2472.44951617904,0.0
1790154250,2,,Aggregated,0.000000,0.000000,2500,2500,20000,20000,21000,21000,21000,21000,21000,21000,21000,12,0,1800,7207.063573642829,131.6948857719416,20697.979454882443,42.666666666666664
1790154251,2,POST,completion,0.000000,0.000000,21000,21000,21000,21000,21000,21000,21000,21000,21000,21000,21000,4,0,20000,19625.28649251908,18316.447084071115,20697.979454882443,128.0
1790154251,2,TPOT,completion,0.000000,0.000000,150,150,150,150,150,150,150,150,150,150,150,4,0,140,139.91519464564868,131.6948857719416,148.526735519477,0.0
1790154251,2,TTFT,completion,0.000000,0.000000,2500,2500,2500,2500,2500,2500,2500,2500,2500,2500,2500,4,0,1800,1855.9890337637626,1525.375280994922,2472.44951617904,0.0
1790154251,2,,Aggregated,0.000000,0.000000,2500,2500,20000,20000,21000,21000,21000,21000,21000,21000,21000,12,0,1800,7207.063573642829,131.6948857719416,20697.979454882443,42.666666666666664
1790154252,2,POST,completion,0.000000,0.000000,21000,21000,21000,21000,21000,21000,21000,21000,21000,21000,21000,4,0,20000,19625.28649251908,18316.447084071115,20697.979454882443,128.0
1790154252,2,TPOT,completion,0.000000,0.000000,150,150,150,150,150,150,150,150,150,150,150,4,0,140,139.91519464564868,131.6948857719416,148.526735519477,0.0
1790154252,2,TTFT,completion,0.000000,0.000000,2500,2500,2500,2500,2500,2500,2500,2500,2500,2500,2500,4,0,1800,1855.9890337637626,1525.375280994922,2472.44951617904,0.0
1790154252,2,,Aggregated,0.000000,0.000000,2500,2500,20000,20000,21000,21000,21000,21000,21000,21000,21000,12,0,1800,7207.063573642829,131.6948857719416,20697.979454882443,42.666666666666664
1790154253,2,POST,completion,0.000000,0.000000,21000,21000,21000,21000,21000,21000,21000,21000,21000,21000,21000,4,0,20000,19625.28649251908,18316.447084071115,20697.979454882443,128.0
1790154253,2,TPOT,completion,0.000000,0.000000,150,150,150,150,150,150,150,150,150,150,150,4,0,140,139.91519464564868,131.6948857719416,148.526735519477,0.0
1790154253,2,TTFT,completion,0.000000,0.000000,2500,2500,2500,2500,2500,2500,2500,2500,2500,2500,2500,4,0,1800,1855.9890337637626,1525.375280994922,2472.44951617904,0.0
1790154253,2,,Aggregated,0.000000,0.000000,2500,2500,20000,20000,21000,21000,21000,21000,21000,21000,21000,12,0,1800,7207.063573642829,131.6948857719416,20697.979454882443,42.666666666666664
1790154254,2,POST,completion,0.000000,0.000000,21000,21000,21000,21000,21000,21000,21000,21000,21000,21000,21000,4,0,20000,19625.28649251908,18316.447084071115,20697.979454882443,128.0
1790154254,2,TPOT,completion,0.000000,0.000000,150,150,150,150,150,150,150,150,150,150,150,4,0,140,139.91519464564868,131.6948857719416,148.526735519477,0.0
1790154254,2,TTFT,completion,0.000000,0.000000,2500,2500,2500,2500,2500,2500,2500,2500,2500,2500,2500,4,0,1800,1855.9890337637626,1525.375280994922,2472.44951617904,0.0
1790154254,2,,Aggregated,0.000000,0.000000,2500,2500,20000,20000,21000,21000,21000,21000,21000,21000,21000,12,0,1800,7207.063573642829,131.6948857719416,20697.979454882443,42.666666666666664
1790154255,2,POST,completion,0.000000,0.000000,21000,21000,21000,21000,21000,21000,21000,21000,21000,21000,21000,4,0,20000,19625.28649251908,18316.447084071115,20697.979454882443,128.0
1790154255,2,TPOT,completion,0.000000,0.000000,150,150,150,150,150,150,150,150,150,150,150,4,0,140,139.91519464564868,131.6948857719416,148.526735519477,0.0
1790154255,2,TTFT,completion,0.000000,0.000000,2500,2500,2500,2500,2500,2500,2500,2500,2500,2500,2500,4,0,1800,1855.9890337637626,1525.375280994922,2472.44951617904,0.0
1790154255,2,,Aggregated,0.000000,0.000000,2500,2500,20000,20000,21000,21000,21000,21000,21000,21000,21000,12,0,1800,7207.063573642829,131.6948857719416,20697.979454882443,42.666666666666664
1790154256,2,POST,completion,0.000000,0.000000,21000,21000,21000,21000,21000,21000,21000,21000,21000,21000,21000,4,0,20000,19625.28649251908,18316.447084071115,20697.979454882443,128.0
1790154256,2,TPOT,completion,0.000000,0.000000,150,150,150,150,150,150,150,150,150,150,150,4,0,140,139.91519464564868,131.6948857719416,148.526735519477,0.0
1790154256,2,TTFT,completion,0.000000,0.000000,2500,2500,2500,2500,2500,2500,2500,2500,2500,2500,2500,4,0,1800,1855.9890337637626,1525.375280994922,2472.44951617904,0.0
1790154256,2,,Aggregated,0.000000,0.000000,2500,2500,20000,20000,21000,21000,21000,21000,21000,21000,21000,12,0,1800,7207.063573642829,131.6948857719416,20697.979454882443,42.666666666666664
1790154257,2,POST,completion,0.000000,0.000000,21000,21000,21000,21000,21000,21000,21000,21000,21000,21000,21000,4,0,20000,19625.28649251908,18316.447084071115,20697.979454882443,128.0
1790154257,2,TPOT,completion,0.000000,0.000000,150,150,150,150,150,150,150,150,150,150,150,4,0,140,139.91519464564868,131.6948857719416,148.526735519477,0.0
1790154257,2,TTFT,completion,0.000000,0.000000,2500,2500,2500,2500,2500,2500,2500,2500,2500,2500,2500,4,0,1800,1855.9890337637626,1525.375280994922,2472.44951617904,0.0
1790154257,2,,Aggregated,0.000000,0.000000,2500,2500,20000,20000,21000,21000,21000,21000,21000,21000,21000,12,0,1800,7207.063573642829,131.6948857719416,20697.979454882443,42.666666666666664
1790154258,2,POST,completion,0.000000,0.000000,21000,21000,21000,21000,21000,21000,21000,21000,21000,21000,21000,4,0,20000,19625.28649251908,18316.447084071115,20697.979454882443,128.0
1790154258,2,TPOT,completion,0.000000,0.000000,150,150,150,150,150,150,150,150,150,150,150,4,0,140,139.91519464564868,131.6948857719416,148.526735519477,0.0
1790154258,2,TTFT,completion,0.000000,0.000000,2500,2500,2500,2500,2500,2500,2500,2500,2500,2500,2500,4,0,1800,1855.9890337637626,1525.375280994922,2472.44951617904,0.0
1790154258,2,,Aggregated,0.000000,0.000000,2500,2500,20000,20000,21000,21000,21000,21000,21000,21000,21000,12,0,1800,7207.063573642829,131.6948857719416,20697.979454882443,42.666666666666664
1790154259,2,POST,completion,0.000000,0.000000,21000,21000,21000,21000,21000,21000,21000,21000,21000,21000,21000,4,0,20000,19625.28649251908,18316.447084071115,20697.979454882443,128.0
1790154259,2,TPOT,completion,0.000000,0.000000,150,150,150,150,150,150,150,150,150,150,150,4,0,140,139.91519464564868,131.6948857719416,148.526735519477,0.0
1790154259,2,TTFT,completion,0.000000,0.000000,2500,2500,2500,2500,2500,2500,2500,2500,2500,2500,2500,4,0,1800,1855.9890337637626,1525.375280994922,2472.44951617904,0.0
1790154259,2,,Aggregated,0.000000,0.000000,2500,2500,20000,20000,21000,21000,21000,21000,21000,21000,21000,12,0,1800,7207.063573642829,131.6948857719416,20697.979454882443,42.666666666666664
1790154260,2,POST,completion,0.000000,0.000000,21000,21000,21000,21000,21000,21000,21000,21000,21000,21000,21000,4,0,20000,19625.28649251908,18316.447084071115,20697.979454882443,128.0
1790154260,2,TPOT,completion,0.000000,0.000000,150,150,150,150,150,150,150,150,150,150,150,4,0,140,139.91519464564868,131.6948857719416,148.526735519477,0.0
1790154260,2,TTFT,completion,0.000000,0.000000,2500,2500,2500,2500,2500,2500,2500,2500,2500,2500,2500,4,0,1800,1855.9890337637626,1525.375280994922,2472.44951617904,0.0
1790154260,2,,Aggregated,0.000000,0.000000,2500,2500,20000,20000,21000,21000,21000,21000,21000,21000,21000,12,0,1800,7207.063573642829,131.6948857719416,20697.979454882443,42.666666666666664
1790154261,2,POST,completion,0.000000,0.000000,21000,21000,21000,21000,21000,21000,21000,21000,21000,21000,21000,4,0,20000,19625.28649251908,18316.447084071115,20697.979454882443,128.0
1790154261,2,TPOT,completion,0.000000,0.000000,150,150,150,150,150,150,150,150,150,150,150,4,0,140,139.91519464564868,131.6948857719416,148.526735519477,0.0
1790154261,2,TTFT,completion,0.000000,0.000000,2500,2500,2500,2500,2500,2500,2500,2500,2500,2500,2500,4,0,1800,1855.9890337637626,1525.375280994922,2472.44951617904,0.0
1790154261,2,,Aggregated,0.000000,0.000000,2500,2500,20000,20000,21000,21000,21000,21000,21000,21000,21000,12,0,1800,7207.063573642829,131.6948857719416,20697.979454882443,42.666666666666664
1790154262,2,POST,completion,0.000000,0.000000,21000,21000,21000,21000,21000,21000,21000,21000,21000,21000,21000,4,0,20000,19625.28649251908,18316.447084071115,20697.979454882443,128.0
1790154262,2,TPOT,completion,0.000000,0.000000,150,150,150,150,150,150,150,150,150,150,150,4,0,140,139.91519464564868,131.6948857719416,148.526735519477,0.0
1790154262,2,TTFT,completion,0.000000,0.000000,2500,2500,2500,2500,2500,2500,2500,2500,2500,2500,2500,4,0,1800,1855.9890337637626,1525.375280994922,2472.44951617904,0.0
1790154262,2,,Aggregated,0.000000,0.000000,2500,2500,20000,20000,21000,21000,21000,21000,21000,21000,21000,12,0,1800,7207.063573642829,131.6948857719416,20697.979454882443,42.666666666666664
1790154263,2,POST,completion,0.000000,0.000000,21000,21000,21000,21000,21000,21000,21000,21000,21000,21000,21000,4,0,20000,19625.28649251908,18316.447084071115,20697.979454882443,128.0
1790154263,2,TPOT,completion,0.000000,0.000000,150,150,150,150,150,150,150,150,150,150,150,4,0,140,139.91519464564868,131.6948857719416,148.526735519477,0.0
1790154263,2,TTFT,completion,0.000000,0.000000,2500,2500,2500,2500,2500,2500,2500,2500,2500,2500,2500,4,0,1800,1855.9890337637626,1525.375280994922,2472.44951617904,0.0
1790154263,2,,Aggregated,0.000000,0.000000,2500,2500,20000,20000,21000,21000,21000,21000,21000,21000,21000,12,0,1800,7207.063573642829,131.6948857719416,20697.979454882443,42.666666666666664
1790154264,2,POST,completion,0.000000,0.000000,21000,21000,21000,21000,21000,21000,21000,21000,21000,21000,21000,4,0,20000,19625.28649251908,18316.447084071115,20697.979454882443,128.0
1790154264,2,TPOT,completion,0.000000,0.000000,150,150,150,150,150,150,150,150,150,150,150,4,0,140,139.91519464564868,131.6948857719416,148.526735519477,0.0
1790154264,2,TTFT,completion,0.000000,0.000000,2500,2500,2500,2500,2500,2500,2500,2500,2500,2500,2500,4,0,1800,1855.9890337637626,1525.375280994922,2472.44951617904,0.0
1790154264,2,,Aggregated,0.000000,0.000000,2500,2500,20000,20000,21000,21000,21000,21000,21000,21000,21000,12,0,1800,7207.063573642829,131.6948857719416,20697.979454882443,42.666666666666664
1790154265,2,POST,completion,0.000000,0.000000,0,0,0,0,0,0,0,0,0,0,0,4,0,20000,19625.28649251908,18316.447084071115,20697.979454882443,128.0
1790154265,2,TPOT,completion,0.000000,0.000000,0,0,0,0,0,0,0,0,0,0,0,4,0,140,139.91519464564868,131.6948857719416,148.526735519477,0.0
1790154265,2,TTFT,completion,0.000000,0.000000,0,0,0,0,0,0,0,0,0,0,0,4,0,1800,1855.9890337637626,1525.375280994922,2472.44951617904,0.0
1790154265,2,,Aggregated,0.000000,0.000000,0,0,0,0,0,0,0,0,0,0,0,12,0,1800,7207.063573642829,131.6948857719416,20697.979454882443,42.666666666666664
1790154266,2,POST,completion,0.000000,0.000000,0,0,0,0,0,0,0,0,0,0,0,4,0,20000,19625.28649251908,18316.447084071115,20697.979454882443,128.0
1790154266,2,TPOT,completion,0.000000,0.000000,0,0,0,0,0,0,0,0,0,0,0,4,0,140,139.91519464564868,131.6948857719416,148.526735519477,0.0
1790154266,2,TTFT,completion,0.000000,0.000000,0,0,0,0,0,0,0,0,0,0,0,4,0,1800,1855.9890337637626,1525.375280994922,2472.44951617904,0.0
1790154266,2,,Aggregated,0.000000,0.000000,0,0,0,0,0,0,0,0,0,0,0,12,0,1800,7207.063573642829,131.6948857719416,20697.979454882443,42.666666666666664
1790154267,2,POST,completion,0.000000,0.000000,0,0,0,0,0,0,0,0,0,0,0,4,0,20000,19625.28649251908,18316.447084071115,20697.979454882443,128.0
1790154267,2,TPOT,completion,0.000000,0.000000,0,0,0,0,0,0,0,0,0,0,0,4,0,140,139.91519464564868,131.6948857719416,148.526735519477,0.0
1790154267,2,TTFT,completion,0.000000,0.000000,0,0,0,0,0,0,0,0,0,0,0,4,0,1800,1855.9890337637626,1525.375280994922,2472.44951617904,0.0
1790154267,2,,Aggregated,0.000000,0.000000,0,0,0,0,0,0,0,0,0,0,0,12,0,1800,7207.063573642829,131.6948857719416,20697.979454882443,42.666666666666664
1790154268,2,POST,completion,0.000000,0.000000,0,0,0,0,0,0,0,0,0,0,0,4,0,20000,19625.28649251908,18316.447084071115,20697.979454882443,128.0
1790154268,2,TPOT,completion,0.000000,0.000000,0,0,0,0,0,0,0,0,0,0,0,4,0,140,139.91519464564868,131.6948857719416,148.526735519477,0.0
1790154268,2,TTFT,completion,0.000000,0.000000,0,0,0,0,0,0,0,0,0,0,0,4,0,1800,1855.9890337637626,1525.375280994922,2472.44951617904,0.0
1790154268,2,,Aggregated,0.000000,0.000000,0,0,0,0,0,0,0,0,0,0,0,12,0,1800,7207.063573642829,131.6948857719416,20697.979454882443,42.666666666666664
1790154269,2,POST,completion,0.000000,0.000000,0,0,0,0,0,0,0,0,0,0,0,4,0,20000,19625.28649251908,18316.447084071115,20697.979454882443,128.0
1790154269,2,TPOT,completion,0.000000,0.000000,0,0,0,0,0,0,0,0,0,0,0,4,0,140,139.91519464564868,131.6948857719416,148.526735519477,0.0
1790154269,2,TTFT,completion,0.000000,0.000000,0,0,0,0,0,0,0,0,0,0,0,4,0,1800,1855.9890337637626,1525.375280994922,2472.44951617904,0.0
1790154269,2,,Aggregated,0.000000,0.000000,0,0,0,0,0,0,0,0,0,0,0,12,0,1800,7207.063573642829,131.6948857719416,20697.979454882443,42.666666666666664
1790154270,2,POST,completion,0.000000,0.000000,0,0,0,0,0,0,0,0,0,0,0,4,0,20000,19625.28649251908,18316.447084071115,20697.979454882443,128.0
1790154270,2,TPOT,completion,0.000000,0.000000,0,0,0,0,0,0,0,0,0,0,0,4,0,140,139.91519464564868,131.6948857719416,148.526735519477,0.0
1790154270,2,TTFT,completion,0.000000,0.000000,0,0,0,0,0,0,0,0,0,0,0,4,0,1800,1855.9890337637626,1525.375280994922,2472.44951617904,0.0
1790154270,2,,Aggregated,0.000000,0.000000,0,0,0,0,0,0,0,0,0,0,0,12,0,1800,7207.063573642829,131.6948857719416,20697.979454882443,42.666666666666664
1790154271,2,POST,completion,0.000000,0.000000,0,0,0,0,0,0,0,0,0,0,0,4,0,20000,19625.28649251908,18316.447084071115,20697.979454882443,128.0
1790154271,2,TPOT,completion,0.000000,0.000000,0,0,0,0,0,0,0,0,0,0,0,4,0,140,139.91519464564868,131.6948857719416,148.526735519477,0.0
1790154271,2,TTFT,completion,0.000000,0.000000,0,0,0,0,0,0,0,0,0,0,0,4,0,1800,1855.9890337637626,1525.375280994922,2472.44951617904,0.0
1790154271,2,,Aggregated,0.000000,0.000000,0,0,0,0,0,0,0,0,0,0,0,12,0,1800,7207.063573642829,131.6948857719416,20697.979454882443,42.666666666666664
1790154272,2,POST,completion,0.000000,0.000000,0,0,0,0,0,0,0,0,0,0,0,4,0,20000,19625.28649251908,18316.447084071115,20697.979454882443,128.0
1790154272,2,TPOT,completion,0.000000,0.000000,0,0,0,0,0,0,0,0,0,0,0,4,0,140,139.91519464564868,131.6948857719416,148.526735519477,0.0
1790154272,2,TTFT,completion,0.000000,0.000000,0,0,0,0,0,0,0,0,0,0,0,4,0,1800,1855.9890337637626,1525.375280994922,2472.44951617904,0.0
1790154272,2,,Aggregated,0.000000,0.000000,0,0,0,0,0,0,0,0,0,0,0,12,0,1800,7207.063573642829,131.6948857719416,20697.979454882443,42.666666666666664
1790154273,2,POST,completion,0.000000,0.000000,0,0,0,0,0,0,0,0,0,0,0,4,0,20000,19625.28649251908,18316.447084071115,20697.979454882443,128.0
1790154273,2,TPOT,completion,0.000000,0.000000,0,0,0,0,0,0,0,0,0,0,0,4,0,140,139.91519464564868,131.6948857719416,148.526735519477,0.0
1790154273,2,TTFT,completion,0.000000,0.000000,0,0,0,0,0,0,0,0,0,0,0,4,0,1800,1855.9890337637626,1525.375280994922,2472.44951617904,0.0
1790154273,2,,Aggregated,0.000000,0.000000,0,0,0,0,0,0,0,0,0,0,0,12,0,1800,7207.063573642829,131.6948857719416,20697.979454882443,42.666666666666664
1790154274,2,POST,completion,0.000000,0.000000,0,0,0,0,0,0,0,0,0,0,0,4,0,20000,19625.28649251908,18316.447084071115,20697.979454882443,128.0
1790154274,2,TPOT,completion,0.000000,0.000000,0,0,0,0,0,0,0,0,0,0,0,4,0,140,139.91519464564868,131.6948857719416,148.526735519477,0.0
1790154274,2,TTFT,completion,0.000000,0.000000,0,0,0,0,0,0,0,0,0,0,0,4,0,1800,1855.9890337637626,1525.375280994922,2472.44951617904,0.0
1790154274,2,,Aggregated,0.000000,0.000000,0,0,0,0,0,0,0,0,0,0,0,12,0,1800,7207.063573642829,131.6948857719416,20697.979454882443,42.666666666666664
1790154275,2,POST,completion,0.000000,0.000000,0,0,0,0,0,0,0,0,0,0,0,4,0,20000,19625.28649251908,18316.447084071115,20697.979454882443,128.0
1790154275,2,TPOT,completion,0.000000,0.000000,0,0,0,0,0,0,0,0,0,0,0,4,0,140,139.91519464564868,131.6948857719416,148.526735519477,0.0
1790154275,2,TTFT,completion,0.000000,0.000000,0,0,0,0,0,0,0,0,0,0,0,4,0,1800,1855.9890337637626,1525.375280994922,2472.44951617904,0.0
1790154275,2,,Aggregated,0.000000,0.000000,0,0,0,0,0,0,0,0,0,0,0,12,0,1800,7207.063573642829,131.6948857719416,20697.979454882443,42.666666666666664
1790154276,2,POST,completion,0.000000,0.000000,0,0,0,0,0,0,0,0,0,0,0,4,0,20000,19625.28649251908,18316.447084071115,20697.979454882443,128.0
1790154276,2,TPOT,completion,0.000000,0.000000,0,0,0,0,0,0,0,0,0,0,0,4,0,140,139.91519464564868,131.6948857719416,148.526735519477,0.0
1790154276,2,TTFT,completion,0.000000,0.000000,0,0,0,0,0,0,0,0,0,0,0,4,0,1800,1855.9890337637626,1525.375280994922,2472.44951617904,0.0
1790154276,2,,Aggregated,0.000000,0.000000,0,0,0,0,0,0,0,0,0,0,0,12,0,1800,7207.063573642829,131.6948857719416,20697.979454882443,42.666666666666664
1790154277,2,POST,completion,0.000000,0.000000,0,0,0,0,0,0,0,0,0,0,0,4,0,20000,19625.28649251908,18316.447084071115,20697.979454882443,128.0
1790154277,2,TPOT,completion,0.000000,0.000000,0,0,0,0,0,0,0,0,0,0,0,4,0,140,139.91519464564868,131.6948857719416,148.526735519477,0.0
1790154277,2,TTFT,completion,0.000000,0.000000,0,0,0,0,0,0,0,0,0,0,0,4,0,1800,1855.9890337637626,1525.375280994922,2472.44951617904,0.0
1790154277,2,,Aggregated,0.000000,0.000000,0,0,0,0,0,0,0,0,0,0,0,12,0,1800,7207.063573642829,131.6948857719416,20697.979454882443,42.666666666666664
1790154278,2,POST,completion,0.000000,0.000000,0,0,0,0,0,0,0,0,0,0,0,4,0,20000,19625.28649251908,18316.447084071115,20697.979454882443,128.0
1790154278,2,TPOT,completion,0.000000,0.000000,0,0,0,0,0,0,0,0,0,0,0,4,0,140,139.91519464564868,131.6948857719416,148.526735519477,0.0
1790154278,2,TTFT,completion,0.000000,0.000000,0,0,0,0,0,0,0,0,0,0,0,4,0,1800,1855.9890337637626,1525.375280994922,2472.44951617904,0.0
1790154278,2,,Aggregated,0.000000,0.000000,0,0,0,0,0,0,0,0,0,0,0,12,0,1800,7207.063573642829,131.6948857719416,20697.979454882443,42.666666666666664
1790154279,2,POST,completion,0.000000,0.000000,0,0,0,0,0,0,0,0,0,0,0,4,0,20000,19625.28649251908,18316.447084071115,20697.979454882443,128.0
1790154279,2,TPOT,completion,0.000000,0.000000,0,0,0,0,0,0,0,0,0,0,0,4,0,140,139.91519464564868,131.6948857719416,148.526735519477,0.0
1790154279,2,TTFT,completion,0.000000,0.000000,0,0,0,0,0,0,0,0,0,0,0,4,0,1800,1855.9890337637626,1525.375280994922,2472.44951617904,0.0
1790154279,2,,Aggregated,0.000000,0.000000,0,0,0,0,0,0,0,0,0,0,0,12,0,1800,7207.063573642829,131.6948857719416,20697.979454882443,42.666666666666664
1790154280,2,POST,completion,0.000000,0.000000,0,0,0,0,0,0,0,0,0,0,0,4,0,20000,19625.28649251908,18316.447084071115,20697.979454882443,128.0
1790154280,2,TPOT,completion,0.000000,0.000000,0,0,0,0,0,0,0,0,0,0,0,4,0,140,139.91519464564868,131.6948857719416,148.526735519477,0.0
1790154280,2,TTFT,completion,0.000000,0.000000,0,0,0,0,0,0,0,0,0,0,0,4,0,1800,1855.9890337637626,1525.375280994922,2472.44951617904,0.0
1790154280,2,,Aggregated,0.000000,0.000000,0,0,0,0,0,0,0,0,0,0,0,12,0,1800,7207.063573642829,131.6948857719416,20697.979454882443,42.666666666666664
1790154281,2,POST,completion,0.000000,0.000000,0,0,0,0,0,0,0,0,0,0,0,4,0,20000,19625.28649251908,18316.447084071115,20697.979454882443,128.0
1790154281,2,TPOT,completion,0.000000,0.000000,0,0,0,0,0,0,0,0,0,0,0,4,0,140,139.91519464564868,131.6948857719416,148.526735519477,0.0
1790154281,2,TTFT,completion,0.000000,0.000000,0,0,0,0,0,0,0,0,0,0,0,4,0,1800,1855.9890337637626,1525.375280994922,2472.44951617904,0.0
1790154281,2,,Aggregated,0.000000,0.000000,0,0,0,0,0,0,0,0,0,0,0,12,0,1800,7207.063573642829,131.6948857719416,20697.979454882443,42.666666666666664
1790154282,2,POST,completion,0.000000,0.000000,0,0,0,0,0,0,0,0,0,0,0,4,0,20000,19625.28649251908,18316.447084071115,20697.979454882443,128.0
1790154282,2,TPOT,completion,0.000000,0.000000,0,0,0,0,0,0,0,0,0,0,0,4,0,140,139.91519464564868,131.6948857719416,148.526735519477,0.0
1790154282,2,TTFT,completion,0.000000,0.000000,0,0,0,0,0,0,0,0,0,0,0,4,0,1800,1855.9890337637626,1525.375280994922,2472.44951617904,0.0
1790154282,2,,Aggregated,0.000000,0.000000,0,0,0,0,0,0,0,0,0,0,0,12,0,1800,7207.063573642829,131.6948857719416,20697.979454882443,42.666666666666664
1790154283,2,POST,completion,0.000000,0.000000,0,0,0,0,0,0,0,0,0,0,0,4,0,20000,19625.28649251908,18316.447084071115,20697.979454882443,128.0
1790154283,2,TPOT,completion,0.000000,0.000000,0,0,0,0,0,0,0,0,0,0,0,4,0,140,139.91519464564868,131.6948857719416,148.526735519477,0.0
1790154283,2,TTFT,completion,0.000000,0.000000,0,0,0,0,0,0,0,0,0,0,0,4,0,1800,1855.9890337637626,1525.375280994922,2472.44951617904,0.0
1790154283,2,,Aggregated,0.000000,0.000000,0,0,0,0,0,0,0,0,0,0,0,12,0,1800,7207.063573642829,131.6948857719416,20697.979454882443,42.666666666666664
1790154284,2,POST,completion,0.000000,0.000000,0,0,0,0,0,0,0,0,0,0,0,4,0,20000,19625.28649251908,18316.447084071115,20697.979454882443,128.0
1790154284,2,TPOT,completion,0.000000,0.000000,0,0,0,0,0,0,0,0,0,0,0,4,0,140,139.91519464564868,131.6948857719416,148.526735519477,0.0
1790154284,2,TTFT,completion,0.000000,0.000000,0,0,0,0,0,0,0,0,0,0,0,4,0,1800,1855.9890337637626,1525.375280994922,2472.44951617904,0.0
1790154284,2,,Aggregated,0.000000,0.000000,0,0,0,0,0,0,0,0,0,0,0,12,0,1800,7207.063573642829,131.6948857719416,20697.979454882443,42.666666666666664
1790154285,2,POST,completion,0.000000,0.000000,0,0,0,0,0,0,0,0,0,0,0,4,0,20000,19625.28649251908,18316.447084071115,20697.979454882443,128.0
1790154285,2,TPOT,completion,0.000000,0.000000,0,0,0,0,0,0,0,0,0,0,0,4,0,140,139.91519464564868,131.6948857719416,148.526735519477,0.0
1790154285,2,TTFT,completion,0.000000,0.000000,0,0,0,0,0,0,0,0,0,0,0,4,0,1800,1855.9890337637626,1525.375280994922,2472.44951617904,0.0
1790154285,2,,Aggregated,0.000000,0.000000,0,0,0,0,0,0,0,0,0,0,0,12,0,1800,7207.063573642829,131.6948857719416,20697.979454882443,42.666666666666664
1790154286,2,POST,completion,0.000000,0.000000,0,0,0,0,0,0,0,0,0,0,0,4,0,20000,19625.28649251908,18316.447084071115,20697.979454882443,128.0
1790154286,2,TPOT,completion,0.000000,0.000000,0,0,0,0,0,0,0,0,0,0,0,4,0,140,139.91519464564868,131.6948857719416,148.526735519477,0.0
1790154286,2,TTFT,completion,0.000000,0.000000,0,0,0,0,0,0,0,0,0,0,0,4,0,1800,1855.9890337637626,1525.375280994922,2472.44951617904,0.0
1790154286,2,,Aggregated,0.000000,0.000000,0,0,0,0,0,0,0,0,0,0,0,12,0,1800,7207.063573642829,131.6948857719416,20697.979454882443,42.666666666666664
1790154287,2,POST,completion,0.000000,0.000000,0,0,0,0,0,0,0,0,0,0,0,4,0,20000,19625.28649251908,18316.447084071115,20697.979454882443,128.0
1790154287,2,TPOT,completion,0.000000,0.000000,0,0,0,0,0,0,0,0,0,0,0,4,0,140,139.91519464564868,131.6948857719416,148.526735519477,0.0
1790154287,2,TTFT,completion,0.000000,0.000000,0,0,0,0,0,0,0,0,0,0,0,4,0,1800,1855.9890337637626,1525.375280994922,2472.44951617904,0.0
1790154287,2,,Aggregated,0.000000,0.000000,0,0,0,0,0,0,0,0,0,0,0,12,0,1800,7207.063573642829,131.6948857719416,20697.979454882443,42.666666666666664
1790154288,2,POST,completion,0.000000,0.000000,0,0,0,0,0,0,0,0,0,0,0,4,0,20000,19625.28649251908,18316.447084071115,20697.979454882443,128.0
1790154288,2,TPOT,completion,0.000000,0.000000,0,0,0,0,0,0,0,0,0,0,0,4,0,140,139.91519464564868,131.6948857719416,148.526735519477,0.0
1790154288,2,TTFT,completion,0.000000,0.000000,0,0,0,0,0,0,0,0,0,0,0,4,0,1800,1855.9890337637626,1525.375280994922,2472.44951617904,0.0
1790154288,2,,Aggregated,0.000000,0.000000,0,0,0,0,0,0,0,0,0,0,0,12,0,1800,7207.063573642829,131.6948857719416,20697.979454882443,42.666666666666664
1790154289,2,POST,completion,0.000000,0.000000,0,0,0,0,0,0,0,0,0,0,0,4,0,20000,19625.28649251908,18316.447084071115,20697.979454882443,128.0
1790154289,2,TPOT,completion,0.000000,0.000000,0,0,0,0,0,0,0,0,0,0,0,4,0,140,139.91519464564868,131.6948857719416,148.526735519477,0.0
1790154289,2,TTFT,completion,0.000000,0.000000,0,0,0,0,0,0,0,0,0,0,0,4,0,1800,1855.9890337637626,1525.375280994922,2472.44951617904,0.0
1790154289,2,,Aggregated,0.000000,0.000000,0,0,0,0,0,0,0,0,0,0,0,12,0,1800,7207.063573642829,131.6948857719416,20697.979454882443,42.666666666666664
1790154290,2,POST,completion,0.000000,0.000000,0,0,0,0,0,0,0,0,0,0,0,4,0,20000,19625.28649251908,18316.447084071115,20697.979454882443,128.0
1790154290,2,TPOT,completion,0.000000,0.000000,0,0,0,0,0,0,0,0,0,0,0,4,0,140,139.91519464564868,131.6948857719416,148.526735519477,0.0
1790154290,2,TTFT,completion,0.000000,0.000000,0,0,0,0,0,0,0,0,0,0,0,4,0,1800,1855.9890337637626,1525.375280994922,2472.44951617904,0.0
1790154290,2,,Aggregated,0.000000,0.000000,0,0,0,0,0,0,0,0,0,0,0,12,0,1800,7207.063573642829,131.6948857719416,20697.979454882443,42.666666666666664
1790154291,2,POST,completion,0.000000,0.000000,0,0,0,0,0,0,0,0,0,0,0,4,0,20000,19625.28649251908,18316.447084071115,20697.979454882443,128.0
1790154291,2,TPOT,completion,0.000000,0.000000,0,0,0,0,0,0,0,0,0,0,0,4,0,140,139.91519464564868,131.6948857719416,148.526735519477,0.0
1790154291,2,TTFT,completion,0.000000,0.000000,0,0,0,0,0,0,0,0,0,0,0,4,0,1800,1855.9890337637626,1525.375280994922,2472.44951617904,0.0
1790154291,2,,Aggregated,0.000000,0.000000,0,0,0,0,0,0,0,0,0,0,0,12,0,1800,7207.063573642829,131.6948857719416,20697.979454882443,42.666666666666664
1790154292,2,POST,completion,0.000000,0.000000,0,0,0,0,0,0,0,0,0,0,0,4,0,20000,19625.28649251908,18316.447084071115,20697.979454882443,128.0
1790154292,2,TPOT,completion,0.000000,0.000000,0,0,0,0,0,0,0,0,0,0,0,4,0,140,139.91519464564868,131.6948857719416,148.526735519477,0.0
1790154292,2,TTFT,completion,0.000000,0.000000,0,0,0,0,0,0,0,0,0,0,0,4,0,1800,1855.9890337637626,1525.375280994922,2472.44951617904,0.0
1790154292,2,,Aggregated,0.000000,0.000000,0,0,0,0,0,0,0,0,0,0,0,12,0,1800,7207.063573642829,131.6948857719416,20697.979454882443,42.666666666666664
1790154293,2,POST,completion,0.000000,0.000000,0,0,0,0,0,0,0,0,0,0,0,4,0,20000,19625.28649251908,18316.447084071115,20697.979454882443,128.0
1790154293,2,TPOT,completion,0.000000,0.000000,0,0,0,0,0,0,0,0,0,0,0,4,0,140,139.91519464564868,131.6948857719416,148.526735519477,0.0
1790154293,2,TTFT,completion,0.000000,0.000000,0,0,0,0,0,0,0,0,0,0,0,4,0,1800,1855.9890337637626,1525.375280994922,2472.44951617904,0.0
1790154293,2,,Aggregated,0.000000,0.000000,0,0,0,0,0,0,0,0,0,0,0,12,0,1800,7207.063573642829,131.6948857719416,20697.979454882443,42.666666666666664
1790154294,2,POST,completion,0.000000,0.000000,0,0,0,0,0,0,0,0,0,0,0,4,0,20000,19625.28649251908,18316.447084071115,20697.979454882443,128.0
1790154294,2,TPOT,completion,0.000000,0.000000,0,0,0,0,0,0,0,0,0,0,0,4,0,140,139.91519464564868,131.6948857719416,148.526735519477,0.0
1790154294,2,TTFT,completion,0.000000,0.000000,0,0,0,0,0,0,0,0,0,0,0,4,0,1800,1855.9890337637626,1525.375280994922,2472.44951617904,0.0
1790154294,2,,Aggregated,0.000000,0.000000,0,0,0,0,0,0,0,0,0,0,0,12,0,1800,7207.063573642829,131.6948857719416,20697.979454882443,42.666666666666664
1790154295,2,POST,completion,0.000000,0.000000,0,0,0,0,0,0,0,0,0,0,0,4,0,20000,19625.28649251908,18316.447084071115,20697.979454882443,128.0
1790154295,2,TPOT,completion,0.000000,0.000000,0,0,0,0,0,0,0,0,0,0,0,4,0,140,139.91519464564868,131.6948857719416,148.526735519477,0.0
1790154295,2,TTFT,completion,0.000000,0.000000,0,0,0,0,0,0,0,0,0,0,0,4,0,1800,1855.9890337637626,1525.375280994922,2472.44951617904,0.0
1790154295,2,,Aggregated,0.000000,0.000000,0,0,0,0,0,0,0,0,0,0,0,12,0,1800,7207.063573642829,131.6948857719416,20697.979454882443,42.666666666666664
1790154296,2,POST,completion,0.000000,0.000000,0,0,0,0,0,0,0,0,0,0,0,4,0,20000,19625.28649251908,18316.447084071115,20697.979454882443,128.0
1790154296,2,TPOT,completion,0.000000,0.000000,0,0,0,0,0,0,0,0,0,0,0,4,0,140,139.91519464564868,131.6948857719416,148.526735519477,0.0
1790154296,2,TTFT,completion,0.000000,0.000000,0,0,0,0,0,0,0,0,0,0,0,4,0,1800,1855.9890337637626,1525.375280994922,2472.44951617904,0.0
1790154296,2,,Aggregated,0.000000,0.000000,0,0,0,0,0,0,0,0,0,0,0,12,0,1800,7207.063573642829,131.6948857719416,20697.979454882443,42.666666666666664
1790154297,2,POST,completion,0.000000,0.000000,0,0,0,0,0,0,0,0,0,0,0,4,0,20000,19625.28649251908,18316.447084071115,20697.979454882443,128.0
1790154297,2,TPOT,completion,0.000000,0.000000,0,0,0,0,0,0,0,0,0,0,0,4,0,140,139.91519464564868,131.6948857719416,148.526735519477,0.0
1790154297,2,TTFT,completion,0.000000,0.000000,0,0,0,0,0,0,0,0,0,0,0,4,0,1800,1855.9890337637626,1525.375280994922,2472.44951617904,0.0
1790154297,2,,Aggregated,0.000000,0.000000,0,0,0,0,0,0,0,0,0,0,0,12,0,1800,7207.063573642829,131.6948857719416,20697.979454882443,42.666666666666664
1790154298,2,POST,completion,0.000000,0.000000,0,0,0,0,0,0,0,0,0,0,0,4,0,20000,19625.28649251908,18316.447084071115,20697.979454882443,128.0
1790154298,2,TPOT,completion,0.000000,0.000000,0,0,0,0,0,0,0,0,0,0,0,4,0,140,139.91519464564868,131.6948857719416,148.526735519477,0.0
1790154298,2,TTFT,completion,0.000000,0.000000,0,0,0,0,0,0,0,0,0,0,0,4,0,1800,1855.9890337637626,1525.375280994922,2472.44951617904,0.0
1790154298,2,,Aggregated,0.000000,0.000000,0,0,0,0,0,0,0,0,0,0,0,12,0,1800,7207.063573642829,131.6948857719416,20697.979454882443,42.666666666666664
1790154299,2,POST,completion,0.000000,0.000000,0,0,0,0,0,0,0,0,0,0,0,4,0,20000,19625.28649251908,18316.447084071115,20697.979454882443,128.0
1790154299,2,TPOT,completion,0.000000,0.000000,0,0,0,0,0,0,0,0,0,0,0,4,0,140,139.91519464564868,131.6948857719416,148.526735519477,0.0
1790154299,2,TTFT,completion,0.000000,0.000000,0,0,0,0,0,0,0,0,0,0,0,4,0,1800,1855.9890337637626,1525.375280994922,2472.44951617904,0.0
1790154299,2,,Aggregated,0.000000,0.000000,0,0,0,0,0,0,0,0,0,0,0,12,0,1800,7207.063573642829,131.6948857719416,20697.979454882443,42.666666666666664
1790154300,2,POST,completion,0.000000,0.000000,0,0,0,0,0,0,0,0,0,0,0,4,0,20000,19625.28649251908,18316.447084071115,20697.979454882443,128.0
1790154300,2,TPOT,completion,0.000000,0.000000,0,0,0,0,0,0,0,0,0,0,0,4,0,140,139.91519464564868,131.6948857719416,148.526735519477,0.0
1790154300,2,TTFT,completion,0.000000,0.000000,0,0,0,0,0,0,0,0,0,0,0,4,0,1800,1855.9890337637626,1525.375280994922,2472.44951617904,0.0
1790154300,2,,Aggregated,0.000000,0.000000,0,0,0,0,0,0,0,0,0,0,0,12,0,1800,7207.063573642829,131.6948857719416,20697.979454882443,42.666666666666664
1790154301,2,POST,completion,0.000000,0.000000,0,0,0,0,0,0,0,0,0,0,0,4,0,20000,19625.28649251908,18316.447084071115,20697.979454882443,128.0
1790154301,2,TPOT,completion,0.000000,0.000000,0,0,0,0,0,0,0,0,0,0,0,4,0,140,139.91519464564868,131.6948857719416,148.526735519477,0.0
1790154301,2,TTFT,completion,0.000000,0.000000,0,0,0,0,0,0,0,0,0,0,0,4,0,1800,1855.9890337637626,1525.375280994922,2472.44951617904,0.0
1790154301,2,,Aggregated,0.000000,0.000000,0,0,0,0,0,0,0,0,0,0,0,12,0,1800,7207.063573642829,131.6948857719416,20697.979454882443,42.666666666666664
1790154302,2,POST,completion,0.000000,0.000000,0,0,0,0,0,0,0,0,0,0,0,4,0,20000,19625.28649251908,18316.447084071115,20697.979454882443,128.0
1790154302,2,TPOT,completion,0.000000,0.000000,0,0,0,0,0,0,0,0,0,0,0,4,0,140,139.91519464564868,131.6948857719416,148.526735519477,0.0
1790154302,2,TTFT,completion,0.000000,0.000000,0,0,0,0,0,0,0,0,0,0,0,4,0,1800,1855.9890337637626,1525.375280994922,2472.44951617904,0.0
1790154302,2,,Aggregated,0.000000,0.000000,0,0,0,0,0,0,0,0,0,0,0,12,0,1800,7207.063573642829,131.6948857719416,20697.979454882443,42.666666666666664
1790154303,2,POST,completion,0.000000,0.000000,0,0,0,0,0,0,0,0,0,0,0,4,0,20000,19625.28649251908,18316.447084071115,20697.979454882443,128.0
1790154303,2,TPOT,completion,0.000000,0.000000,0,0,0,0,0,0,0,0,0,0,0,4,0,140,139.91519464564868,131.6948857719416,148.526735519477,0.0
1790154303,2,TTFT,completion,0.000000,0.000000,0,0,0,0,0,0,0,0,0,0,0,4,0,1800,1855.9890337637626,1525.375280994922,2472.44951617904,0.0
1790154303,2,,Aggregated,0.000000,0.000000,0,0,0,0,0,0,0,0,0,0,0,12,0,1800,7207.063573642829,131.6948857719416,20697.979454882443,42.666666666666664
1790154304,2,POST,completion,0.000000,0.000000,0,0,0,0,0,0,0,0,0,0,0,4,0,20000,19625.28649251908,18316.447084071115,20697.979454882443,128.0
1790154304,2,TPOT,completion,0.000000,0.000000,0,0,0,0,0,0,0,0,0,0,0,4,0,140,139.91519464564868,131.6948857719416,148.526735519477,0.0
1790154304,2,TTFT,completion,0.000000,0.000000,0,0,0,0,0,0,0,0,0,0,0,4,0,1800,1855.9890337637626,1525.375280994922,2472.44951617904,0.0
1790154304,2,,Aggregated,0.000000,0.000000,0,0,0,0,0,0,0,0,0,0,0,12,0,1800,7207.063573642829,131.6948857719416,20697.979454882443,42.666666666666664
1790154305,2,POST,completion,0.000000,0.000000,0,0,0,0,0,0,0,0,0,0,0,4,0,20000,19625.28649251908,18316.447084071115,20697.979454882443,128.0
1790154305,2,TPOT,completion,0.000000,0.000000,0,0,0,0,0,0,0,0,0,0,0,4,0,140,139.91519464564868,131.6948857719416,148.526735519477,0.0
1790154305,2,TTFT,completion,0.000000,0.000000,0,0,0,0,0,0,0,0,0,0,0,4,0,1800,1855.9890337637626,1525.375280994922,2472.44951617904,0.0
1790154305,2,,Aggregated,0.000000,0.000000,0,0,0,0,0,0,0,0,0,0,0,12,0,1800,7207.063573642829,131.6948857719416,20697.979454882443,42.666666666666664
1790154306,2,POST,completion,0.000000,0.000000,0,0,0,0,0,0,0,0,0,0,0,4,0,20000,19625.28649251908,18316.447084071115,20697.979454882443,128.0
1790154306,2,TPOT,completion,0.000000,0.000000,0,0,0,0,0,0,0,0,0,0,0,4,0,140,139.91519464564868,131.6948857719416,148.526735519477,0.0
1790154306,2,TTFT,completion,0.000000,0.000000,0,0,0,0,0,0,0,0,0,0,0,4,0,1800,1855.9890337637626,1525.375280994922,2472.44951617904,0.0
1790154306,2,,Aggregated,0.000000,0.000000,0,0,0,0,0,0,0,0,0,0,0,12,0,1800,7207.063573642829,131.6948857719416,20697.979454882443,42.666666666666664
1790154307,2,POST,completion,0.000000,0.000000,0,0,0,0,0,0,0,0,0,0,0,6,0,20000,19693.250543321483,18316.447084071115,20697.979454882443,128.0
1790154307,2,TPOT,completion,0.000000,0.000000,0,0,0,0,0,0,0,0,0,0,0,6,0,140,140.69434448134328,131.6948857719416,148.526735519477,0.0
1790154307,2,TTFT,completion,0.000000,0.000000,0,0,0,0,0,0,0,0,0,0,0,6,0,1800,1825.0051213738818,1509.0196260716766,2472.44951617904,0.0
1790154307,2,,Aggregated,0.000000,0.000000,0,0,0,0,0,0,0,0,0,0,0,18,0,1800,7219.650003058901,131.6948857719416,20697.979454882443,42.666666666666664
1790154308,2,POST,completion,0.000000,0.000000,20000,20000,20000,20000,20000,20000,20000,20000,20000,20000,20000,6,0,20000,19693.250543321483,18316.447084071115,20697.979454882443,128.0
1790154308,2,TPOT,completion,0.000000,0.000000,150,150,150,150,150,150,150,150,150,150,150,6,0,140,140.69434448134328,131.6948857719416,148.526735519477,0.0
1790154308,2,TTFT,completion,0.000000,0.000000,2000,2000,2000,2000,2000,2000,2000,2000,2000,2000,2000,6,0,1800,1825.0051213738818,1509.0196260716766,2472.44951617904,0.0
1790154308,2,,Aggregated,0.000000,0.000000,2000,2000,19000,19000,20000,20000,20000,20000,20000,20000,20000,18,0,1800,7219.650003058901,131.6948857719416,20697.979454882443,42.666666666666664
1790154309,2,POST,completion,0.000000,0.000000,20000,20000,20000,20000,20000,20000,20000,20000,20000,20000,20000,6,0,20000,19693.250543321483,18316.447084071115,20697.979454882443,128.0
1790154309,2,TPOT,completion,0.000000,0.000000,150,150,150,150,150,150,150,150,150,150,150,6,0,140,140.69434448134328,131.6948857719416,148.526735519477,0.0
1790154309,2,TTFT,completion,0.000000,0.000000,2000,2000,2000,2000,2000,2000,2000,2000,2000,2000,2000,6,0,1800,1825.0051213738818,1509.0196260716766,2472.44951617904,0.0
1790154309,2,,Aggregated,0.000000,0.000000,2000,2000,19000,19000,20000,20000,20000,20000,20000,20000,20000,18,0,1800,7219.650003058901,131.6948857719416,20697.979454882443,42.666666666666664
1790154310,2,POST,completion,0.000000,0.000000,20000,20000,20000,20000,20000,20000,20000,20000,20000,20000,20000,6,0,20000,19693.250543321483,18316.447084071115,20697.979454882443,128.0
1790154310,2,TPOT,completion,0.000000,0.000000,150,150,150,150,150,150,150,150,150,150,150,6,0,140,140.69434448134328,131.6948857719416,148.526735519477,0.0
1790154310,2,TTFT,completion,0.000000,0.000000,2000,2000,2000,2000,2000,2000,2000,2000,2000,2000,2000,6,0,1800,1825.0051213738818,1509.0196260716766,2472.44951617904,0.0
1790154310,2,,Aggregated,0.000000,0.000000,2000,2000,19000,19000,20000,20000,20000,20000,20000,20000,20000,18,0,1800,7219.650003058901,131.6948857719416,20697.979454882443,42.666666666666664
1790154311,2,POST,completion,0.000000,0.000000,20000,20000,20000,20000,20000,20000,20000,20000,20000,20000,20000,6,0,20000,19693.250543321483,18316.447084071115,20697.979454882443,128.0
1790154311,2,TPOT,completion,0.000000,0.000000,150,150,150,150,150,150,150,150,150,150,150,6,0,140,140.69434448134328,131.6948857719416,148.526735519477,0.0
1790154311,2,TTFT,completion,0.000000,0.000000,2000,2000,2000,2000,2000,2000,2000,2000,2000,2000,2000,6,0,1800,1825.0051213738818,1509.0196260716766,2472.44951617904,0.0
1790154311,2,,Aggregated,0.000000,0.000000,2000,2000,19000,19000,20000,20000,20000,20000,20000,20000,20000,18,0,1800,7219.650003058901,131.6948857719416,20697.979454882443,42.666666666666664
1790154312,2,POST,completion,0.000000,0.000000,20000,20000,20000,20000,20000,20000,20000,20000,20000,20000,20000,6,0,20000,19693.250543321483,18316.447084071115,20697.979454882443,128.0
1790154312,2,TPOT,completion,0.000000,0.000000,150,150,150,150,150,150,150,150,150,150,150,6,0,140,140.69434448134328,131.6948857719416,148.526735519477,0.0
1790154312,2,TTFT,completion,0.000000,0.000000,2000,2000,2000,2000,2000,2000,2000,2000,2000,2000,2000,6,0,1800,1825.0051213738818,1509.0196260716766,2472.44951617904,0.0
1790154312,2,,Aggregated,0.000000,0.000000,2000,2000,19000,19000,20000,20000,20000,20000,20000,20000,20000,18,0,1800,7219.650003058901,131.6948857719416,20697.979454882443,42.666666666666664
1790154313,2,POST,completion,0.000000,0.000000,20000,20000,20000,20000,20000,20000,20000,20000,20000,20000,20000,6,0,20000,19693.250543321483,18316.447084071115,20697.979454882443,128.0
1790154313,2,TPOT,completion,0.000000,0.000000,150,150,150,150,150,150,150,150,150,150,150,6,0,140,140.69434448134328,131.6948857719416,148.526735519477,0.0
1790154313,2,TTFT,completion,0.000000,0.000000,2000,2000,2000,2000,2000,2000,2000,2000,2000,2000,2000,6,0,1800,1825.0051213738818,1509.0196260716766,2472.44951617904,0.0
1790154313,2,,Aggregated,0.000000,0.000000,2000,2000,19000,19000,20000,20000,20000,20000,20000,20000,20000,18,0,1800,7219.650003058901,131.6948857719416,20697.979454882443,42.666666666666664
1790154315,2,POST,completion,0.000000,0.000000,20000,20000,20000,20000,20000,20000,20000,20000,20000,20000,20000,6,0,20000,19693.250543321483,18316.447084071115,20697.979454882443,128.0
1790154315,2,TPOT,completion,0.000000,0.000000,150,150,150,150,150,150,150,150,150,150,150,6,0,140,140.69434448134328,131.6948857719416,148.526735519477,0.0
1790154315,2,TTFT,completion,0.000000,0.000000,2000,2000,2000,2000,2000,2000,2000,2000,2000,2000,2000,6,0,1800,1825.0051213738818,1509.0196260716766,2472.44951617904,0.0
1790154315,2,,Aggregated,0.000000,0.000000,2000,2000,19000,19000,20000,20000,20000,20000,20000,20000,20000,18,0,1800,7219.650003058901,131.6948857719416,20697.979454882443,42.666666666666664
1790154316,2,POST,completion,0.000000,0.000000,20000,20000,20000,20000,20000,20000,20000,20000,20000,20000,20000,6,0,20000,19693.250543321483,18316.447084071115,20697.979454882443,128.0
1790154316,2,TPOT,completion,0.000000,0.000000,150,150,150,150,150,150,150,150,150,150,150,6,0,140,140.69434448134328,131.6948857719416,148.526735519477,0.0
1790154316,2,TTFT,completion,0.000000,0.000000,2000,2000,2000,2000,2000,2000,2000,2000,2000,2000,2000,6,0,1800,1825.0051213738818,1509.0196260716766,2472.44951617904,0.0
1790154316,2,,Aggregated,0.000000,0.000000,2000,2000,19000,19000,20000,20000,20000,20000,20000,20000,20000,18,0,1800,7219.650003058901,131.6948857719416,20697.979454882443,42.666666666666664
1790154317,2,POST,completion,0.000000,0.000000,20000,20000,20000,20000,20000,20000,20000,20000,20000,20000,20000,6,0,20000,19693.250543321483,18316.447084071115,20697.979454882443,128.0
1790154317,2,TPOT,completion,0.000000,0.000000,150,150,150,150,150,150,150,150,150,150,150,6,0,140,140.69434448134328,131.6948857719416,148.526735519477,0.0
1790154317,2,TTFT,completion,0.000000,0.000000,2000,2000,2000,2000,2000,2000,2000,2000,2000,2000,2000,6,0,1800,1825.0051213738818,1509.0196260716766,2472.44951617904,0.0
1790154317,2,,Aggregated,0.000000,0.000000,2000,2000,19000,19000,20000,20000,20000,20000,20000,20000,20000,18,0,1800,7219.650003058901,131.6948857719416,20697.979454882443,42.666666666666664
1790154318,2,POST,completion,0.000000,0.000000,20000,20000,20000,20000,20000,20000,20000,20000,20000,20000,20000,6,0,20000,19693.250543321483,18316.447084071115,20697.979454882443,128.0
1790154318,2,TPOT,completion,0.000000,0.000000,150,150,150,150,150,150,150,150,150,150,150,6,0,140,140.69434448134328,131.6948857719416,148.526735519477,0.0
1790154318,2,TTFT,completion,0.000000,0.000000,2000,2000,2000,2000,2000,2000,2000,2000,2000,2000,2000,6,0,1800,1825.0051213738818,1509.0196260716766,2472.44951617904,0.0
1790154318,2,,Aggregated,0.000000,0.000000,2000,2000,19000,19000,20000,20000,20000,20000,20000,20000,20000,18,0,1800,7219.650003058901,131.6948857719416,20697.979454882443,42.666666666666664
1790154319,2,POST,completion,0.000000,0.000000,20000,20000,20000,20000,20000,20000,20000,20000,20000,20000,20000,6,0,20000,19693.250543321483,18316.447084071115,20697.979454882443,128.0
1790154319,2,TPOT,completion,0.000000,0.000000,150,150,150,150,150,150,150,150,150,150,150,6,0,140,140.69434448134328,131.6948857719416,148.526735519477,0.0
1790154319,2,TTFT,completion,0.000000,0.000000,2000,2000,2000,2000,2000,2000,2000,2000,2000,2000,2000,6,0,1800,1825.0051213738818,1509.0196260716766,2472.44951617904,0.0
1790154319,2,,Aggregated,0.000000,0.000000,2000,2000,19000,19000,20000,20000,20000,20000,20000,20000,20000,18,0,1800,7219.650003058901,131.6948857719416,20697.979454882443,42.666666666666664
1790154320,2,POST,completion,0.000000,0.000000,20000,20000,20000,20000,20000,20000,20000,20000,20000,20000,20000,6,0,20000,19693.250543321483,18316.447084071115,20697.979454882443,128.0
1790154320,2,TPOT,completion,0.000000,0.000000,150,150,150,150,150,150,150,150,150,150,150,6,0,140,140.69434448134328,131.6948857719416,148.526735519477,0.0
1790154320,2,TTFT,completion,0.000000,0.000000,2000,2000,2000,2000,2000,2000,2000,2000,2000,2000,2000,6,0,1800,1825.0051213738818,1509.0196260716766,2472.44951617904,0.0
1790154320,2,,Aggregated,0.000000,0.000000,2000,2000,19000,19000,20000,20000,20000,20000,20000,20000,20000,18,0,1800,7219.650003058901,131.6948857719416,20697.979454882443,42.666666666666664
1790154321,2,POST,completion,0.000000,0.000000,20000,20000,20000,20000,20000,20000,20000,20000,20000,20000,20000,6,0,20000,19693.250543321483,18316.447084071115,20697.979454882443,128.0
1790154321,2,TPOT,completion,0.000000,0.000000,150,150,150,150,150,150,150,150,150,150,150,6,0,140,140.69434448134328,131.6948857719416,148.526735519477,0.0
1790154321,2,TTFT,completion,0.000000,0.000000,2000,2000,2000,2000,2000,2000,2000,2000,2000,2000,2000,6,0,1800,1825.0051213738818,1509.0196260716766,2472.44951617904,0.0
1790154321,2,,Aggregated,0.000000,0.000000,2000,2000,19000,19000,20000,20000,20000,20000,20000,20000,20000,18,0,1800,7219.650003058901,131.6948857719416,20697.979454882443,42.666666666666664
1790154322,2,POST,completion,0.000000,0.000000,20000,20000,20000,20000,20000,20000,20000,20000,20000,20000,20000,6,0,20000,19693.250543321483,18316.447084071115,20697.979454882443,128.0
1790154322,2,TPOT,completion,0.000000,0.000000,150,150,150,150,150,150,150,150,150,150,150,6,0,140,140.69434448134328,131.6948857719416,148.526735519477,0.0
1790154322,2,TTFT,completion,0.000000,0.000000,2000,2000,2000,2000,2000,2000,2000,2000,2000,2000,2000,6,0,1800,1825.0051213738818,1509.0196260716766,2472.44951617904,0.0
1790154322,2,,Aggregated,0.000000,0.000000,2000,2000,19000,19000,20000,20000,20000,20000,20000,20000,20000,18,0,1800,7219.650003058901,131.6948857719416,20697.979454882443,42.666666666666664
1790154323,2,POST,completion,0.000000,0.000000,20000,20000,20000,20000,20000,20000,20000,20000,20000,20000,20000,6,0,20000,19693.250543321483,18316.447084071115,20697.979454882443,128.0
1790154323,2,TPOT,completion,0.000000,0.000000,150,150,150,150,150,150,150,150,150,150,150,6,0,140,140.69434448134328,131.6948857719416,148.526735519477,0.0
1790154323,2,TTFT,completion,0.000000,0.000000,2000,2000,2000,2000,2000,2000,2000,2000,2000,2000,2000,6,0,1800,1825.0051213738818,1509.0196260716766,2472.44951617904,0.0
1790154323,2,,Aggregated,0.000000,0.000000,2000,2000,19000,19000,20000,20000,20000,20000,20000,20000,20000,18,0,1800,7219.650003058901,131.6948857719416,20697.979454882443,42.666666666666664
1790154324,2,POST,completion,0.000000,0.000000,20000,20000,20000,20000,20000,20000,20000,20000,20000,20000,20000,6,0,20000,19693.250543321483,18316.447084071115,20697.979454882443,128.0
1790154324,2,TPOT,completion,0.000000,0.000000,150,150,150,150,150,150,150,150,150,150,150,6,0,140,140.69434448134328,131.6948857719416,148.526735519477,0.0
1790154324,2,TTFT,completion,0.000000,0.000000,2000,2000,2000,2000,2000,2000,2000,2000,2000,2000,2000,6,0,1800,1825.0051213738818,1509.0196260716766,2472.44951617904,0.0
1790154324,2,,Aggregated,0.000000,0.000000,2000,2000,19000,19000,20000,20000,20000,20000,20000,20000,20000,18,0,1800,7219.650003058901,131.6948857719416,20697.979454882443,42.666666666666664
1790154325,2,POST,completion,0.000000,0.000000,0,0,0,0,0,0,0,0,0,0,0,6,0,20000,19693.250543321483,18316.447084071115,20697.979454882443,128.0
1790154325,2,TPOT,completion,0.000000,0.000000,0,0,0,0,0,0,0,0,0,0,0,6,0,140,140.69434448134328,131.6948857719416,148.526735519477,0.0
1790154325,2,TTFT,completion,0.000000,0.000000,0,0,0,0,0,0,0,0,0,0,0,6,0,1800,1825.0051213738818,1509.0196260716766,2472.44951617904,0.0
1790154325,2,,Aggregated,0.000000,0.000000,0,0,0,0,0,0,0,0,0,0,0,18,0,1800,7219.650003058901,131.6948857719416,20697.979454882443,42.666666666666664
1790154326,2,POST,completion,0.000000,0.000000,0,0,0,0,0,0,0,0,0,0,0,6,0,20000,19693.250543321483,18316.447084071115,20697.979454882443,128.0
1790154326,2,TPOT,completion,0.000000,0.000000,0,0,0,0,0,0,0,0,0,0,0,6,0,140,140.69434448134328,131.6948857719416,148.526735519477,0.0
1790154326,2,TTFT,completion,0.000000,0.000000,0,0,0,0,0,0,0,0,0,0,0,6,0,1800,1825.0051213738818,1509.0196260716766,2472.44951617904,0.0
1790154326,2,,Aggregated,0.000000,0.000000,0,0,0,0,0,0,0,0,0,0,0,18,0,1800,7219.650003058901,131.6948857719416,20697.979454882443,42.666666666666664
1790154327,2,POST,completion,0.000000,0.000000,0,0,0,0,0,0,0,0,0,0,0,6,0,20000,19693.250543321483,18316.447084071115,20697.979454882443,128.0
1790154327,2,TPOT,completion,0.000000,0.000000,0,0,0,0,0,0,0,0,0,0,0,6,0,140,140.69434448134328,131.6948857719416,148.526735519477,0.0
1790154327,2,TTFT,completion,0.000000,0.000000,0,0,0,0,0,0,0,0,0,0,0,6,0,1800,1825.0051213738818,1509.0196260716766,2472.44951617904,0.0
1790154327,2,,Aggregated,0.000000,0.000000,0,0,0,0,0,0,0,0,0,0,0,18,0,1800,7219.650003058901,131.6948857719416,20697.979454882443,42.666666666666664
1790154328,2,POST,completion,0.000000,0.000000,0,0,0,0,0,0,0,0,0,0,0,6,0,20000,19693.250543321483,18316.447084071115,20697.979454882443,128.0
1790154328,2,TPOT,completion,0.000000,0.000000,0,0,0,0,0,0,0,0,0,0,0,6,0,140,140.69434448134328,131.6948857719416,148.526735519477,0.0
1790154328,2,TTFT,completion,0.000000,0.000000,0,0,0,0,0,0,0,0,0,0,0,6,0,1800,1825.0051213738818,1509.0196260716766,2472.44951617904,0.0
1790154328,2,,Aggregated,0.000000,0.000000,0,0,0,0,0,0,0,0,0,0,0,18,0,1800,7219.650003058901,131.6948857719416,20697.979454882443,42.666666666666664
1790154329,2,POST,completion,0.000000,0.000000,0,0,0,0,0,0,0,0,0,0,0,6,0,20000,19693.250543321483,18316.447084071115,20697.979454882443,128.0
1790154329,2,TPOT,completion,0.000000,0.000000,0,0,0,0,0,0,0,0,0,0,0,6,0,140,140.69434448134328,131.6948857719416,148.526735519477,0.0
1790154329,2,TTFT,completion,0.000000,0.000000,0,0,0,0,0,0,0,0,0,0,0,6,0,1800,1825.0051213738818,1509.0196260716766,2472.44951617904,0.0
1790154329,2,,Aggregated,0.000000,0.000000,0,0,0,0,0,0,0,0,0,0,0,18,0,1800,7219.650003058901,131.6948857719416,20697.979454882443,42.666666666666664
1790154330,2,POST,completion,0.000000,0.000000,0,0,0,0,0,0,0,0,0,0,0,6,0,20000,19693.250543321483,18316.447084071115,20697.979454882443,128.0
1790154330,2,TPOT,completion,0.000000,0.000000,0,0,0,0,0,0,0,0,0,0,0,6,0,140,140.69434448134328,131.6948857719416,148.526735519477,0.0
1790154330,2,TTFT,completion,0.000000,0.000000,0,0,0,0,0,0,0,0,0,0,0,6,0,1800,1825.0051213738818,1509.0196260716766,2472.44951617904,0.0
1790154330,2,,Aggregated,0.000000,0.000000,0,0,0,0,0,0,0,0,0,0,0,18,0,1800,7219.650003058901,131.6948857719416,20697.979454882443,42.666666666666664
1790154331,2,POST,completion,0.000000,0.000000,0,0,0,0,0,0,0,0,0,0,0,6,0,20000,19693.250543321483,18316.447084071115,20697.979454882443,128.0
1790154331,2,TPOT,completion,0.000000,0.000000,0,0,0,0,0,0,0,0,0,0,0,6,0,140,140.69434448134328,131.6948857719416,148.526735519477,0.0
1790154331,2,TTFT,completion,0.000000,0.000000,0,0,0,0,0,0,0,0,0,0,0,6,0,1800,1825.0051213738818,1509.0196260716766,2472.44951617904,0.0
1790154331,2,,Aggregated,0.000000,0.000000,0,0,0,0,0,0,0,0,0,0,0,18,0,1800,7219.650003058901,131.6948857719416,20697.979454882443,42.666666666666664
1790154332,2,POST,completion,0.000000,0.000000,0,0,0,0,0,0,0,0,0,0,0,6,0,20000,19693.250543321483,18316.447084071115,20697.979454882443,128.0
1790154332,2,TPOT,completion,0.000000,0.000000,0,0,0,0,0,0,0,0,0,0,0,6,0,140,140.69434448134328,131.6948857719416,148.526735519477,0.0
1790154332,2,TTFT,completion,0.000000,0.000000,0,0,0,0,0,0,0,0,0,0,0,6,0,1800,1825.0051213738818,1509.0196260716766,2472.44951617904,0.0
1790154332,2,,Aggregated,0.000000,0.000000,0,0,0,0,0,0,0,0,0,0,0,18,0,1800,7219.650003058901,131.6948857719416,20697.979454882443,42.666666666666664
1790154333,2,POST,completion,0.000000,0.000000,0,0,0,0,0,0,0,0,0,0,0,6,0,20000,19693.250543321483,18316.447084071115,20697.979454882443,128.0
1790154333,2,TPOT,completion,0.000000,0.000000,0,0,0,0,0,0,0,0,0,0,0,6,0,140,140.69434448134328,131.6948857719416,148.526735519477,0.0
1790154333,2,TTFT,completion,0.000000,0.000000,0,0,0,0,0,0,0,0,0,0,0,6,0,1800,1825.0051213738818,1509.0196260716766,2472.44951617904,0.0
1790154333,2,,Aggregated,0.000000,0.000000,0,0,0,0,0,0,0,0,0,0,0,18,0,1800,7219.650003058901,131.6948857719416,20697.979454882443,42.666666666666664
1790154334,2,POST,completion,0.000000,0.000000,0,0,0,0,0,0,0,0,0,0,0,6,0,20000,19693.250543321483,18316.447084071115,20697.979454882443,128.0
1790154334,2,TPOT,completion,0.000000,0.000000,0,0,0,0,0,0,0,0,0,0,0,6,0,140,140.69434448134328,131.6948857719416,148.526735519477,0.0
1790154334,2,TTFT,completion,0.000000,0.000000,0,0,0,0,0,0,0,0,0,0,0,6,0,1800,1825.0051213738818,1509.0196260716766,2472.44951617904,0.0
1790154334,2,,Aggregated,0.000000,0.000000,0,0,0,0,0,0,0,0,0,0,0,18,0,1800,7219.650003058901,131.6948857719416,20697.979454882443,42.666666666666664
1790154335,2,POST,completion,0.000000,0.000000,0,0,0,0,0,0,0,0,0,0,0,6,0,20000,19693.250543321483,18316.447084071115,20697.979454882443,128.0
1790154335,2,TPOT,completion,0.000000,0.000000,0,0,0,0,0,0,0,0,0,0,0,6,0,140,140.69434448134328,131.6948857719416,148.526735519477,0.0
1790154335,2,TTFT,completion,0.000000,0.000000,0,0,0,0,0,0,0,0,0,0,0,6,0,1800,1825.0051213738818,1509.0196260716766,2472.44951617904,0.0
1790154335,2,,Aggregated,0.000000,0.000000,0,0,0,0,0,0,0,0,0,0,0,18,0,1800,7219.650003058901,131.6948857719416,20697.979454882443,42.666666666666664
1790154336,2,POST,completion,0.000000,0.000000,0,0,0,0,0,0,0,0,0,0,0,6,0,20000,19693.250543321483,18316.447084071115,20697.979454882443,128.0
1790154336,2,TPOT,completion,0.000000,0.000000,0,0,0,0,0,0,0,0,0,0,0,6,0,140,140.69434448134328,131.6948857719416,148.526735519477,0.0
1790154336,2,TTFT,completion,0.000000,0.000000,0,0,0,0,0,0,0,0,0,0,0,6,0,1800,1825.0051213738818,1509.0196260716766,2472.44951617904,0.0
1790154336,2,,Aggregated,0.000000,0.000000,0,0,0,0,0,0,0,0,0,0,0,18,0,1800,7219.650003058901,131.6948857719416,20697.979454882443,42.666666666666664
1790154337,2,POST,completion,0.000000,0.000000,0,0,0,0,0,0,0,0,0,0,0,6,0,20000,19693.250543321483,18316.447084071115,20697.979454882443,128.0
1790154337,2,TPOT,completion,0.000000,0.000000,0,0,0,0,0,0,0,0,0,0,0,6,0,140,140.69434448134328,131.6948857719416,148.526735519477,0.0
1790154337,2,TTFT,completion,0.000000,0.000000,0,0,0,0,0,0,0,0,0,0,0,6,0,1800,1825.0051213738818,1509.0196260716766,2472.44951617904,0.0
1790154337,2,,Aggregated,0.000000,0.000000,0,0,0,0,0,0,0,0,0,0,0,18,0,1800,7219.650003058901,131.6948857719416,20697.979454882443,42.666666666666664
1790154338,2,POST,completion,0.000000,0.000000,0,0,0,0,0,0,0,0,0,0,0,6,0,20000,19693.250543321483,18316.447084071115,20697.979454882443,128.0
1790154338,2,TPOT,completion,0.000000,0.000000,0,0,0,0,0,0,0,0,0,0,0,6,0,140,140.69434448134328,131.6948857719416,148.526735519477,0.0
1790154338,2,TTFT,completion,0.000000,0.000000,0,0,0,0,0,0,0,0,0,0,0,6,0,1800,1825.0051213738818,1509.0196260716766,2472.44951617904,0.0
1790154338,2,,Aggregated,0.000000,0.000000,0,0,0,0,0,0,0,0,0,0,0,18,0,1800,7219.650003058901,131.6948857719416,20697.979454882443,42.666666666666664
1790154339,2,POST,completion,0.000000,0.000000,0,0,0,0,0,0,0,0,0,0,0,6,0,20000,19693.250543321483,18316.447084071115,20697.979454882443,128.0
1790154339,2,TPOT,completion,0.000000,0.000000,0,0,0,0,0,0,0,0,0,0,0,6,0,140,140.69434448134328,131.6948857719416,148.526735519477,0.0
1790154339,2,TTFT,completion,0.000000,0.000000,0,0,0,0,0,0,0,0,0,0,0,6,0,1800,1825.0051213738818,1509.0196260716766,2472.44951617904,0.0
1790154339,2,,Aggregated,0.000000,0.000000,0,0,0,0,0,0,0,0,0,0,0,18,0,1800,7219.650003058901,131.6948857719416,20697.979454882443,42.666666666666664
1790154340,2,POST,completion,0.000000,0.000000,0,0,0,0,0,0,0,0,0,0,0,6,0,20000,19693.250543321483,18316.447084071115,20697.979454882443,128.0
1790154340,2,TPOT,completion,0.000000,0.000000,0,0,0,0,0,0,0,0,0,0,0,6,0,140,140.69434448134328,131.6948857719416,148.526735519477,0.0
1790154340,2,TTFT,completion,0.000000,0.000000,0,0,0,0,0,0,0,0,0,0,0,6,0,1800,1825.0051213738818,1509.0196260716766,2472.44951617904,0.0
1790154340,2,,Aggregated,0.000000,0.000000,0,0,0,0,0,0,0,0,0,0,0,18,0,1800,7219.650003058901,131.6948857719416,20697.979454882443,42.666666666666664
1790154341,2,POST,completion,0.000000,0.000000,0,0,0,0,0,0,0,0,0,0,0,6,0,20000,19693.250543321483,18316.447084071115,20697.979454882443,128.0
1790154341,2,TPOT,completion,0.000000,0.000000,0,0,0,0,0,0,0,0,0,0,0,6,0,140,140.69434448134328,131.6948857719416,148.526735519477,0.0
1790154341,2,TTFT,completion,0.000000,0.000000,0,0,0,0,0,0,0,0,0,0,0,6,0,1800,1825.0051213738818,1509.0196260716766,2472.44951617904,0.0
1790154341,2,,Aggregated,0.000000,0.000000,0,0,0,0,0,0,0,0,0,0,0,18,0,1800,7219.650003058901,131.6948857719416,20697.979454882443,42.666666666666664
1790154342,2,POST,completion,0.000000,0.000000,0,0,0,0,0,0,0,0,0,0,0,6,0,20000,19693.250543321483,18316.447084071115,20697.979454882443,128.0
1790154342,2,TPOT,completion,0.000000,0.000000,0,0,0,0,0,0,0,0,0,0,0,6,0,140,140.69434448134328,131.6948857719416,148.526735519477,0.0
1790154342,2,TTFT,completion,0.000000,0.000000,0,0,0,0,0,0,0,0,0,0,0,6,0,1800,1825.0051213738818,1509.0196260716766,2472.44951617904,0.0
1790154342,2,,Aggregated,0.000000,0.000000,0,0,0,0,0,0,0,0,0,0,0,18,0,1800,7219.650003058901,131.6948857719416,20697.979454882443,42.666666666666664
1790154343,2,POST,completion,0.000000,0.000000,0,0,0,0,0,0,0,0,0,0,0,6,0,20000,19693.250543321483,18316.447084071115,20697.979454882443,128.0
1790154343,2,TPOT,completion,0.000000,0.000000,0,0,0,0,0,0,0,0,0,0,0,6,0,140,140.69434448134328,131.6948857719416,148.526735519477,0.0
1790154343,2,TTFT,completion,0.000000,0.000000,0,0,0,0,0,0,0,0,0,0,0,6,0,1800,1825.0051213738818,1509.0196260716766,2472.44951617904,0.0
1790154343,2,,Aggregated,0.000000,0.000000,0,0,0,0,0,0,0,0,0,0,0,18,0,1800,7219.650003058901,131.6948857719416,20697.979454882443,42.666666666666664
1790154344,2,POST,completion,0.000000,0.000000,0,0,0,0,0,0,0,0,0,0,0,6,0,20000,19693.250543321483,18316.447084071115,20697.979454882443,128.0
1790154344,2,TPOT,completion,0.000000,0.000000,0,0,0,0,0,0,0,0,0,0,0,6,0,140,140.69434448134328,131.6948857719416,148.526735519477,0.0
1790154344,2,TTFT,completion,0.000000,0.000000,0,0,0,0,0,0,0,0,0,0,0,6,0,1800,1825.0051213738818,1509.0196260716766,2472.44951617904,0.0
1790154344,2,,Aggregated,0.000000,0.000000,0,0,0,0,0,0,0,0,0,0,0,18,0,1800,7219.650003058901,131.6948857719416,20697.979454882443,42.666666666666664
1790154345,2,POST,completion,0.000000,0.000000,0,0,0,0,0,0,0,0,0,0,0,6,0,20000,19693.250543321483,18316.447084071115,20697.979454882443,128.0
1790154345,2,TPOT,completion,0.000000,0.000000,0,0,0,0,0,0,0,0,0,0,0,6,0,140,140.69434448134328,131.6948857719416,148.526735519477,0.0
1790154345,2,TTFT,completion,0.000000,0.000000,0,0,0,0,0,0,0,0,0,0,0,6,0,1800,1825.0051213738818,1509.0196260716766,2472.44951617904,0.0
1790154345,2,,Aggregated,0.000000,0.000000,0,0,0,0,0,0,0,0,0,0,0,18,0,1800,7219.650003058901,131.6948857719416,20697.979454882443,42.666666666666664
1790154346,2,POST,completion,0.000000,0.000000,0,0,0,0,0,0,0,0,0,0,0,6,0,20000,19693.250543321483,18316.447084071115,20697.979454882443,128.0
1790154346,2,TPOT,completion,0.000000,0.000000,0,0,0,0,0,0,0,0,0,0,0,6,0,140,140.69434448134328,131.6948857719416,148.526735519477,0.0
1790154346,2,TTFT,completion,0.000000,0.000000,0,0,0,0,0,0,0,0,0,0,0,6,0,1800,1825.0051213738818,1509.0196260716766,2472.44951617904,0.0
1790154346,2,,Aggregated,0.000000,0.000000,0,0,0,0,0,0,0,0,0,0,0,18,0,1800,7219.650003058901,131.6948857719416,20697.979454882443,42.666666666666664
1790154347,2,POST,completion,0.000000,0.000000,0,0,0,0,0,0,0,0,0,0,0,6,0,20000,19693.250543321483,18316.447084071115,20697.979454882443,128.0
1790154347,2,TPOT,completion,0.000000,0.000000,0,0,0,0,0,0,0,0,0,0,0,6,0,140,140.69434448134328,131.6948857719416,148.526735519477,0.0
1790154347,2,TTFT,completion,0.000000,0.000000,0,0,0,0,0,0,0,0,0,0,0,6,0,1800,1825.0051213738818,1509.0196260716766,2472.44951617904,0.0
1790154347,2,,Aggregated,0.000000,0.000000,0,0,0,0,0,0,0,0,0,0,0,18,0,1800,7219.650003058901,131.6948857719416,20697.979454882443,42.666666666666664
1790154348,2,POST,completion,0.000000,0.000000,0,0,0,0,0,0,0,0,0,0,0,6,0,20000,19693.250543321483,18316.447084071115,20697.979454882443,128.0
1790154348,2,TPOT,completion,0.000000,0.000000,0,0,0,0,0,0,0,0,0,0,0,6,0,140,140.69434448134328,131.6948857719416,148.526735519477,0.0
1790154348,2,TTFT,completion,0.000000,0.000000,0,0,0,0,0,0,0,0,0,0,0,6,0,1800,1825.0051213738818,1509.0196260716766,2472.44951617904,0.0
1790154348,2,,Aggregated,0.000000,0.000000,0,0,0,0,0,0,0,0,0,0,0,18,0,1800,7219.650003058901,131.6948857719416,20697.979454882443,42.666666666666664
1790154349,2,POST,completion,0.000000,0.000000,0,0,0,0,0,0,0,0,0,0,0,6,0,20000,19693.250543321483,18316.447084071115,20697.979454882443,128.0
1790154349,2,TPOT,completion,0.000000,0.000000,0,0,0,0,0,0,0,0,0,0,0,6,0,140,140.69434448134328,131.6948857719416,148.526735519477,0.0
1790154349,2,TTFT,completion,0.000000,0.000000,0,0,0,0,0,0,0,0,0,0,0,6,0,1800,1825.0051213738818,1509.0196260716766,2472.44951617904,0.0
1790154349,2,,Aggregated,0.000000,0.000000,0,0,0,0,0,0,0,0,0,0,0,18,0,1800,7219.650003058901,131.6948857719416,20697.979454882443,42.666666666666664
1790154350,2,POST,completion,0.000000,0.000000,0,0,0,0,0,0,0,0,0,0,0,6,0,20000,19693.250543321483,18316.447084071115,20697.979454882443,128.0
1790154350,2,TPOT,completion,0.000000,0.000000,0,0,0,0,0,0,0,0,0,0,0,6,0,140,140.69434448134328,131.6948857719416,148.526735519477,0.0
1790154350,2,TTFT,completion,0.000000,0.000000,0,0,0,0,0,0,0,0,0,0,0,6,0,1800,1825.0051213738818,1509.0196260716766,2472.44951617904,0.0
1790154350,2,,Aggregated,0.000000,0.000000,0,0,0,0,0,0,0,0,0,0,0,18,0,1800,7219.650003058901,131.6948857719416,20697.979454882443,42.666666666666664
1790154351,2,POST,completion,0.000000,0.000000,0,0,0,0,0,0,0,0,0,0,0,6,0,20000,19693.250543321483,18316.447084071115,20697.979454882443,128.0
1790154351,2,TPOT,completion,0.000000,0.000000,0,0,0,0,0,0,0,0,0,0,0,6,0,140,140.69434448134328,131.6948857719416,148.526735519477,0.0
1790154351,2,TTFT,completion,0.000000,0.000000,0,0,0,0,0,0,0,0,0,0,0,6,0,1800,1825.0051213738818,1509.0196260716766,2472.44951617904,0.0
1790154351,2,,Aggregated,0.000000,0.000000,0,0,0,0,0,0,0,0,0,0,0,18,0,1800,7219.650003058901,131.6948857719416,20697.979454882443,42.666666666666664
1790154352,2,POST,completion,0.000000,0.000000,0,0,0,0,0,0,0,0,0,0,0,6,0,20000,19693.250543321483,18316.447084071115,20697.979454882443,128.0
1790154352,2,TPOT,completion,0.000000,0.000000,0,0,0,0,0,0,0,0,0,0,0,6,0,140,140.69434448134328,131.6948857719416,148.526735519477,0.0
1790154352,2,TTFT,completion,0.000000,0.000000,0,0,0,0,0,0,0,0,0,0,0,6,0,1800,1825.0051213738818,1509.0196260716766,2472.44951617904,0.0
1790154352,2,,Aggregated,0.000000,0.000000,0,0,0,0,0,0,0,0,0,0,0,18,0,1800,7219.650003058901,131.6948857719416,20697.979454882443,42.666666666666664
1790154353,2,POST,completion,0.000000,0.000000,0,0,0,0,0,0,0,0,0,0,0,6,0,20000,19693.250543321483,18316.447084071115,20697.979454882443,128.0
1790154353,2,TPOT,completion,0.000000,0.000000,0,0,0,0,0,0,0,0,0,0,0,6,0,140,140.69434448134328,131.6948857719416,148.526735519477,0.0
1790154353,2,TTFT,completion,0.000000,0.000000,0,0,0,0,0,0,0,0,0,0,0,6,0,1800,1825.0051213738818,1509.0196260716766,2472.44951617904,0.0
1790154353,2,,Aggregated,0.000000,0.000000,0,0,0,0,0,0,0,0,0,0,0,18,0,1800,7219.650003058901,131.6948857719416,20697.979454882443,42.666666666666664
1790154354,2,POST,completion,0.000000,0.000000,0,0,0,0,0,0,0,0,0,0,0,6,0,20000,19693.250543321483,18316.447084071115,20697.979454882443,128.0
1790154354,2,TPOT,completion,0.000000,0.000000,0,0,0,0,0,0,0,0,0,0,0,6,0,140,140.69434448134328,131.6948857719416,148.526735519477,0.0
1790154354,2,TTFT,completion,0.000000,0.000000,0,0,0,0,0,0,0,0,0,0,0,6,0,1800,1825.0051213738818,1509.0196260716766,2472.44951617904,0.0
1790154354,2,,Aggregated,0.000000,0.000000,0,0,0,0,0,0,0,0,0,0,0,18,0,1800,7219.650003058901,131.6948857719416,20697.979454882443,42.666666666666664
1790154355,2,POST,completion,0.000000,0.000000,0,0,0,0,0,0,0,0,0,0,0,6,0,20000,19693.250543321483,18316.447084071115,20697.979454882443,128.0
1790154355,2,TPOT,completion,0.000000,0.000000,0,0,0,0,0,0,0,0,0,0,0,6,0,140,140.69434448134328,131.6948857719416,148.526735519477,0.0
1790154355,2,TTFT,completion,0.000000,0.000000,0,0,0,0,0,0,0,0,0,0,0,6,0,1800,1825.0051213738818,1509.0196260716766,2472.44951617904,0.0
1790154355,2,,Aggregated,0.000000,0.000000,0,0,0,0,0,0,0,0,0,0,0,18,0,1800,7219.650003058901,131.6948857719416,20697.979454882443,42.666666666666664
1790154356,2,POST,completion,0.000000,0.000000,0,0,0,0,0,0,0,0,0,0,0,6,0,20000,19693.250543321483,18316.447084071115,20697.979454882443,128.0
1790154356,2,TPOT,completion,0.000000,0.000000,0,0,0,0,0,0,0,0,0,0,0,6,0,140,140.69434448134328,131.6948857719416,148.526735519477,0.0
1790154356,2,TTFT,completion,0.000000,0.000000,0,0,0,0,0,0,0,0,0,0,0,6,0,1800,1825.0051213738818,1509.0196260716766,2472.44951617904,0.0
1790154356,2,,Aggregated,0.000000,0.000000,0,0,0,0,0,0,0,0,0,0,0,18,0,1800,7219.650003058901,131.6948857719416,20697.979454882443,42.666666666666664
1790154357,2,POST,completion,0.000000,0.000000,0,0,0,0,0,0,0,0,0,0,0,6,0,20000,19693.250543321483,18316.447084071115,20697.979454882443,128.0
1790154357,2,TPOT,completion,0.000000,0.000000,0,0,0,0,0,0,0,0,0,0,0,6,0,140,140.69434448134328,131.6948857719416,148.526735519477,0.0
1790154357,2,TTFT,completion,0.000000,0.000000,0,0,0,0,0,0,0,0,0,0,0,6,0,1800,1825.0051213738818,1509.0196260716766,2472.44951617904,0.0
1790154357,2,,Aggregated,0.000000,0.000000,0,0,0,0,0,0,0,0,0,0,0,18,0,1800,7219.650003058901,131.6948857719416,20697.979454882443,42.666666666666664
1790154358,2,POST,completion,0.000000,0.000000,0,0,0,0,0,0,0,0,0,0,0,6,0,20000,19693.250543321483,18316.447084071115,20697.979454882443,128.0
1790154358,2,TPOT,completion,0.000000,0.000000,0,0,0,0,0,0,0,0,0,0,0,6,0,140,140.69434448134328,131.6948857719416,148.526735519477,0.0
1790154358,2,TTFT,completion,0.000000,0.000000,0,0,0,0,0,0,0,0,0,0,0,6,0,1800,1825.0051213738818,1509.0196260716766,2472.44951617904,0.0
1790154358,2,,Aggregated,0.000000,0.000000,0,0,0,0,0,0,0,0,0,0,0,18,0,1800,7219.650003058901,131.6948857719416,20697.979454882443,42.666666666666664
1790154359,2,POST,completion,0.000000,0.000000,0,0,0,0,0,0,0,0,0,0,0,6,0,20000,19693.250543321483,18316.447084071115,20697.979454882443,128.0
1790154359,2,TPOT,completion,0.000000,0.000000,0,0,0,0,0,0,0,0,0,0,0,6,0,140,140.69434448134328,131.6948857719416,148.526735519477,0.0
1790154359,2,TTFT,completion,0.000000,0.000000,0,0,0,0,0,0,0,0,0,0,0,6,0,1800,1825.0051213738818,1509.0196260716766,2472.44951617904,0.0
1790154359,2,,Aggregated,0.000000,0.000000,0,0,0,0,0,0,0,0,0,0,0,18,0,1800,7219.650003058901,131.6948857719416,20697.979454882443,42.666666666666664
1790154360,2,POST,completion,0.000000,0.000000,0,0,0,0,0,0,0,0,0,0,0,6,0,20000,19693.250543321483,18316.447084071115,20697.979454882443,128.0
1790154360,2,TPOT,completion,0.000000,0.000000,0,0,0,0,0,0,0,0,0,0,0,6,0,140,140.69434448134328,131.6948857719416,148.526735519477,0.0
1790154360,2,TTFT,completion,0.000000,0.000000,0,0,0,0,0,0,0,0,0,0,0,6,0,1800,1825.0051213738818,1509.0196260716766,2472.44951617904,0.0
1790154360,2,,Aggregated,0.000000,0.000000,0,0,0,0,0,0,0,0,0,0,0,18,0,1800,7219.650003058901,131.6948857719416,20697.979454882443,42.666666666666664
1790154361,2,POST,completion,0.000000,0.000000,0,0,0,0,0,0,0,0,0,0,0,6,0,20000,19693.250543321483,18316.447084071115,20697.979454882443,128.0
1790154361,2,TPOT,completion,0.000000,0.000000,0,0,0,0,0,0,0,0,0,0,0,6,0,140,140.69434448134328,131.6948857719416,148.526735519477,0.0
1790154361,2,TTFT,completion,0.000000,0.000000,0,0,0,0,0,0,0,0,0,0,0,6,0,1800,1825.0051213738818,1509.0196260716766,2472.44951617904,0.0
1790154361,2,,Aggregated,0.000000,0.000000,0,0,0,0,0,0,0,0,0,0,0,18,0,1800,7219.650003058901,131.6948857719416,20697.979454882443,42.666666666666664
1790154362,2,POST,completion,0.000000,0.000000,0,0,0,0,0,0,0,0,0,0,0,6,0,20000,19693.250543321483,18316.447084071115,20697.979454882443,128.0
1790154362,2,TPOT,completion,0.000000,0.000000,0,0,0,0,0,0,0,0,0,0,0,6,0,140,140.69434448134328,131.6948857719416,148.526735519477,0.0
1790154362,2,TTFT,completion,0.000000,0.000000,0,0,0,0,0,0,0,0,0,0,0,6,0,1800,1825.0051213738818,1509.0196260716766,2472.44951617904,0.0
1790154362,2,,Aggregated,0.000000,0.000000,0,0,0,0,0,0,0,0,0,0,0,18,0,1800,7219.650003058901,131.6948857719416,20697.979454882443,42.666666666666664
1790154363,2,POST,completion,0.000000,0.000000,0,0,0,0,0,0,0,0,0,0,0,6,0,20000,19693.250543321483,18316.447084071115,20697.979454882443,128.0
1790154363,2,TPOT,completion,0.000000,0.000000,0,0,0,0,0,0,0,0,0,0,0,6,0,140,140.69434448134328,131.6948857719416,148.526735519477,0.0
1790154363,2,TTFT,completion,0.000000,0.000000,0,0,0,0,0,0,0,0,0,0,0,6,0,1800,1825.0051213738818,1509.0196260716766,2472.44951617904,0.0
1790154363,2,,Aggregated,0.000000,0.000000,0,0,0,0,0,0,0,0,0,0,0,18,0,1800,7219.650003058901,131.6948857719416,20697.979454882443,42.666666666666664
1790154364,2,POST,completion,0.000000,0.000000,0,0,0,0,0,0,0,0,0,0,0,6,0,20000,19693.250543321483,18316.447084071115,20697.979454882443,128.0
1790154364,2,TPOT,completion,0.000000,0.000000,0,0,0,0,0,0,0,0,0,0,0,6,0,140,140.69434448134328,131.6948857719416,148.526735519477,0.0
1790154364,2,TTFT,completion,0.000000,0.000000,0,0,0,0,0,0,0,0,0,0,0,6,0,1800,1825.0051213738818,1509.0196260716766,2472.44951617904,0.0
1790154364,2,,Aggregated,0.000000,0.000000,0,0,0,0,0,0,0,0,0,0,0,18,0,1800,7219.650003058901,131.6948857719416,20697.979454882443,42.666666666666664
1790154365,2,POST,completion,0.000000,0.000000,0,0,0,0,0,0,0,0,0,0,0,6,0,20000,19693.250543321483,18316.447084071115,20697.979454882443,128.0
1790154365,2,TPOT,completion,0.000000,0.000000,0,0,0,0,0,0,0,0,0,0,0,6,0,140,140.69434448134328,131.6948857719416,148.526735519477,0.0
1790154365,2,TTFT,completion,0.000000,0.000000,0,0,0,0,0,0,0,0,0,0,0,6,0,1800,1825.0051213738818,1509.0196260716766,2472.44951617904,0.0
1790154365,2,,Aggregated,0.000000,0.000000,0,0,0,0,0,0,0,0,0,0,0,18,0,1800,7219.650003058901,131.6948857719416,20697.979454882443,42.666666666666664
1790154366,2,POST,completion,0.000000,0.000000,0,0,0,0,0,0,0,0,0,0,0,6,0,20000,19693.250543321483,18316.447084071115,20697.979454882443,128.0
1790154366,2,TPOT,completion,0.000000,0.000000,0,0,0,0,0,0,0,0,0,0,0,6,0,140,140.69434448134328,131.6948857719416,148.526735519477,0.0
1790154366,2,TTFT,completion,0.000000,0.000000,0,0,0,0,0,0,0,0,0,0,0,6,0,1800,1825.0051213738818,1509.0196260716766,2472.44951617904,0.0
1790154366,2,,Aggregated,0.000000,0.000000,0,0,0,0,0,0,0,0,0,0,0,18,0,1800,7219.650003058901,131.6948857719416,20697.979454882443,42.666666666666664
1790154367,2,POST,completion,0.000000,0.000000,0,0,0,0,0,0,0,0,0,0,0,7,0,20000,19779.69492000661,18316.447084071115,20697.979454882443,128.0
1790154367,2,TPOT,completion,0.000000,0.000000,0,0,0,0,0,0,0,0,0,0,0,7,0,140,141.72439889629297,131.6948857719416,148.526735519477,0.0
1790154367,2,TTFT,completion,0.000000,0.000000,0,0,0,0,0,0,0,0,0,0,0,7,0,1600,1780.6338054859746,1509.0196260716766,2472.44951617904,0.0
1790154367,2,,Aggregated,0.000000,0.000000,0,0,0,0,0,0,0,0,0,0,0,21,0,1600,7234.017708129623,131.6948857719416,20697.979454882443,42.666666666666664
1790154368,2,POST,completion,0.000000,0.000000,20000,20000,20000,20000,20000,20000,20000,20000,20000,20000,20000,8,0,20000,19735.832696023863,18316.447084071115,20697.979454882443,128.0
1790154368,2,TPOT,completion,0.000000,0.000000,150,150,150,150,150,150,150,150,150,150,150,8,0,140,141.13106865433087,131.6948857719416,148.526735519477,0.0
1790154368,2,TTFT,completion,0.000000,0.000000,2000,2000,2000,2000,2000,2000,2000,2000,2000,2000,2000,8,0,1800,1812.1255309379194,1509.0196260716766,2472.44951617904,0.0
1790154368,2,,Aggregated,0.000000,0.000000,2000,2000,19000,19000,20000,20000,20000,20000,20000,20000,20000,24,0,1800,7229.6964318720375,131.6948857719416,20697.979454882443,42.666666666666664
1790154369,2,POST,completion,0.000000,0.000000,20000,20000,20000,20000,20000,20000,20000,20000,20000,20000,20000,8,0,20000,19735.832696023863,18316.447084071115,20697.979454882443,128.0
1790154369,2,TPOT,completion,0.000000,0.000000,150,150,150,150,150,150,150,150,150,150,150,8,0,140,141.13106865433087,131.6948857719416,148.526735519477,0.0
1790154369,2,TTFT,completion,0.000000,0.000000,2000,2000,2000,2000,2000,2000,2000,2000,2000,2000,2000,8,0,1800,1812.1255309379194,1509.0196260716766,2472.44951617904,0.0
1790154369,2,,Aggregated,0.000000,0.000000,2000,2000,19000,19000,20000,20000,20000,20000,20000,20000,20000,24,0,1800,7229.6964318720375,131.6948857719416,20697.979454882443,42.666666666666664
1790154370,2,POST,completion,0.000000,0.000000,20000,20000,20000,20000,20000,20000,20000,20000,20000,20000,20000,8,0,20000,19735.832696023863,18316.447084071115,20697.979454882443,128.0
1790154370,2,TPOT,completion,0.000000,0.000000,150,150,150,150,150,150,150,150,150,150,150,8,0,140,141.13106865433087,131.6948857719416,148.526735519477,0.0
1790154370,2,TTFT,completion,0.000000,0.000000,2000,2000,2000,2000,2000,2000,2000,2000,2000,2000,2000,8,0,1800,1812.1255309379194,1509.0196260716766,2472.44951617904,0.0
1790154370,2,,Aggregated,0.000000,0.000000,2000,2000,19000,19000,20000,20000,20000,20000,20000,20000,20000,24,0,1800,7229.6964318720375,131.6948857719416,20697.979454882443,42.666666666666664
1790154371,2,POST,completion,0.000000,0.000000,20000,20000,20000,20000,20000,20000,20000,20000,20000,20000,20000,8,0,20000,19735.832696023863,18316.447084071115,20697.979454882443,128.0
1790154371,2,TPOT,completion,0.000000,0.000000,150,150,150,150,150,150,150,150,150,150,150,8,0,140,141.13106865433087,131.6948857719416,148.526735519477,0.0
1790154371,2,TTFT,completion,0.000000,0.000000,2000,2000,2000,2000,2000,2000,2000,2000,2000,2000,2000,8,0,1800,1812.1255309379194,1509.0196260716766,2472.44951617904,0.0
1790154371,2,,Aggregated,0.000000,0.000000,2000,2000,19000,19000,20000,20000,20000,20000,20000,20000,20000,24,0,1800,7229.6964318720375,131.6948857719416,20697.979454882443,42.666666666666664
1790154372,2,POST,completion,0.000000,0.000000,20000,20000,20000,20000,20000,20000,20000,20000,20000,20000,20000,8,0,20000,19735.832696023863,18316.447084071115,20697.979454882443,128.0
1790154372,2,TPOT,completion,0.000000,0.000000,150,150,150,150,150,150,150,150,150,150,150,8,0,140,141.13106865433087,131.6948857719416,148.526735519477,0.0
1790154372,2,TTFT,completion,0.000000,0.000000,2000,2000,2000,2000,2000,2000,2000,2000,2000,2000,2000,8,0,1800,1812.1255309379194,1509.0196260716766,2472.44951617904,0.0
1790154372,2,,Aggregated,0.000000,0.000000,2000,2000,19000,19000,20000,20000,20000,20000,20000,20000,20000,24,0,1800,7229.6964318720375,131.6948857719416,20697.979454882443,42.666666666666664
1790154373,2,POST,completion,0.000000,0.000000,20000,20000,20000,20000,20000,20000,20000,20000,20000,20000,20000,8,0,20000,19735.832696023863,18316.447084071115,20697.979454882443,128.0
1790154373,2,TPOT,completion,0.000000,0.000000,150,150,150,150,150,150,150,150,150,150,150,8,0,140,141.13106865433087,131.6948857719416,148.526735519477,0.0
1790154373,2,TTFT,completion,0.000000,0.000000,2000,2000,2000,2000,2000,2000,2000,2000,2000,2000,2000,8,0,1800,1812.1255309379194,1509.0196260716766,2472.44951617904,0.0
1790154373,2,,Aggregated,0.000000,0.000000,2000,2000,19000,19000,20000,20000,20000,20000,20000,20000,20000,24,0,1800,7229.6964318720375,131.6948857719416,20697.979454882443,42.666666666666664
1790154374,2,POST,completion,0.000000,0.000000,20000,20000,20000,20000,20000,20000,20000,20000,20000,20000,20000,8,0,20000,19735.832696023863,18316.447084071115,20697.979454882443,128.0
1790154374,2,TPOT,completion,0.000000,0.000000,150,150,150,150,150,150,150,150,150,150,150,8,0,140,141.13106865433087,131.6948857719416,148.526735519477,0.0
1790154374,2,TTFT,completion,0.000000,0.000000,2000,2000,2000,2000,2000,2000,2000,2000,2000,2000,2000,8,0,1800,1812.1255309379194,1509.0196260716766,2472.44951617904,0.0
1790154374,2,,Aggregated,0.000000,0.000000,2000,2000,19000,19000,20000,20000,20000,20000,20000,20000,20000,24,0,1800,7229.6964318720375,131.6948857719416,20697.979454882443,42.666666666666664
1790154375,2,POST,completion,0.000000,0.000000,20000,20000,20000,20000,20000,20000,20000,20000,20000,20000,20000,8,0,20000,19735.832696023863,18316.447084071115,20697.979454882443,128.0
1790154375,2,TPOT,completion,0.000000,0.000000,150,150,150,150,150,150,150,150,150,150,150,8,0,140,141.13106865433087,131.6948857719416,148.526735519477,0.0
1790154375,2,TTFT,completion,0.000000,0.000000,2000,2000,2000,2000,2000,2000,2000,2000,2000,2000,2000,8,0,1800,1812.1255309379194,1509.0196260716766,2472.44951617904,0.0
1790154375,2,,Aggregated,0.000000,0.000000,2000,2000,19000,19000,20000,20000,20000,20000,20000,20000,20000,24,0,1800,7229.6964318720375,131.6948857719416,20697.979454882443,42.666666666666664
1790154376,2,POST,completion,0.000000,0.000000,20000,20000,20000,20000,20000,20000,20000,20000,20000,20000,20000,8,0,20000,19735.832696023863,18316.447084071115,20697.979454882443,128.0
1790154376,2,TPOT,completion,0.000000,0.000000,150,150,150,150,150,150,150,150,150,150,150,8,0,140,141.13106865433087,131.6948857719416,148.526735519477,0.0
1790154376,2,TTFT,completion,0.000000,0.000000,2000,2000,2000,2000,2000,2000,2000,2000,2000,2000,2000,8,0,1800,1812.1255309379194,1509.0196260716766,2472.44951617904,0.0
1790154376,2,,Aggregated,0.000000,0.000000,2000,2000,19000,19000,20000,20000,20000,20000,20000,20000,20000,24,0,1800,7229.6964318720375,131.6948857719416,20697.979454882443,42.666666666666664
1790154377,2,POST,completion,0.000000,0.000000,20000,20000,20000,20000,20000,20000,20000,20000,20000,20000,20000,8,0,20000,19735.832696023863,18316.447084071115,20697.979454882443,128.0
1790154377,2,TPOT,completion,0.000000,0.000000,150,150,150,150,150,150,150,150,150,150,150,8,0,140,141.13106865433087,131.6948857719416,148.526735519477,0.0
1790154377,2,TTFT,completion,0.000000,0.000000,2000,2000,2000,2000,2000,2000,2000,2000,2000,2000,2000,8,0,1800,1812.1255309379194,1509.0196260716766,2472.44951617904,0.0
1790154377,2,,Aggregated,0.000000,0.000000,2000,2000,19000,19000,20000,20000,20000,20000,20000,20000,20000,24,0,1800,7229.6964318720375,131.6948857719416,20697.979454882443,42.666666666666664
1790154378,2,POST,completion,0.000000,0.000000,20000,20000,20000,20000,20000,20000,20000,20000,20000,20000,20000,8,0,20000,19735.832696023863,18316.447084071115,20697.979454882443,128.0
1790154378,2,TPOT,completion,0.000000,0.000000,150,150,150,150,150,150,150,150,150,150,150,8,0,140,141.13106865433087,131.6948857719416,148.526735519477,0.0
1790154378,2,TTFT,completion,0.000000,0.000000,2000,2000,2000,2000,2000,2000,2000,2000,2000,2000,2000,8,0,1800,1812.1255309379194,1509.0196260716766,2472.44951617904,0.0
1790154378,2,,Aggregated,0.000000,0.000000,2000,2000,19000,19000,20000,20000,20000,20000,20000,20000,20000,24,0,1800,7229.6964318720375,131.6948857719416,20697.979454882443,42.666666666666664
1790154379,2,POST,completion,0.000000,0.000000,20000,20000,20000,20000,20000,20000,20000,20000,20000,20000,20000,8,0,20000,19735.832696023863,18316.447084071115,20697.979454882443,128.0
1790154379,2,TPOT,completion,0.000000,0.000000,150,150,150,150,150,150,150,150,150,150,150,8,0,140,141.13106865433087,131.6948857719416,148.526735519477,0.0
1790154379,2,TTFT,completion,0.000000,0.000000,2000,2000,2000,2000,2000,2000,2000,2000,2000,2000,2000,8,0,1800,1812.1255309379194,1509.0196260716766,2472.44951617904,0.0
1790154379,2,,Aggregated,0.000000,0.000000,2000,2000,19000,19000,20000,20000,20000,20000,20000,20000,20000,24,0,1800,7229.6964318720375,131.6948857719416,20697.979454882443,42.666666666666664
1790154380,2,POST,completion,0.000000,0.000000,20000,20000,20000,20000,20000,20000,20000,20000,20000,20000,20000,8,0,20000,19735.832696023863,18316.447084071115,20697.979454882443,128.0
1790154380,2,TPOT,completion,0.000000,0.000000,150,150,150,150,150,150,150,150,150,150,150,8,0,140,141.13106865433087,131.6948857719416,148.526735519477,0.0
1790154380,2,TTFT,completion,0.000000,0.000000,2000,2000,2000,2000,2000,2000,2000,2000,2000,2000,2000,8,0,1800,1812.1255309379194,1509.0196260716766,2472.44951617904,0.0
1790154380,2,,Aggregated,0.000000,0.000000,2000,2000,19000,19000,20000,20000,20000,20000,20000,20000,20000,24,0,1800,7229.6964318720375,131.6948857719416,20697.979454882443,42.666666666666664
1790154381,2,POST,completion,0.000000,0.000000,20000,20000,20000,20000,20000,20000,20000,20000,20000,20000,20000,8,0,20000,19735.832696023863,18316.447084071115,20697.979454882443,128.0
1790154381,2,TPOT,completion,0.000000,0.000000,150,150,150,150,150,150,150,150,150,150,150,8,0,140,141.13106865433087,131.6948857719416,148.526735519477,0.0
1790154381,2,TTFT,completion,0.000000,0.000000,2000,2000,2000,2000,2000,2000,2000,2000,2000,2000,2000,8,0,1800,1812.1255309379194,1509.0196260716766,2472.44951617904,0.0
1790154381,2,,Aggregated,0.000000,0.000000,2000,2000,19000,19000,20000,20000,20000,20000,20000,20000,20000,24,0,1800,7229.6964318720375,131.6948857719416,20697.979454882443,42.666666666666664
1790154382,2,POST,completion,0.000000,0.000000,20000,20000,20000,20000,20000,20000,20000,20000,20000,20000,20000,8,0,20000,19735.832696023863,18316.447084071115,20697.979454882443,128.0
1790154382,2,TPOT,completion,0.000000,0.000000,150,150,150,150,150,150,150,150,150,150,150,8,0,140,141.13106865433087,131.6948857719416,148.526735519477,0.0
1790154382,2,TTFT,completion,0.000000,0.000000,2000,2000,2000,2000,2000,2000,2000,2000,2000,2000,2000,8,0,1800,1812.1255309379194,1509.0196260716766,2472.44951617904,0.0
1790154382,2,,Aggregated,0.000000,0.000000,2000,2000,19000,19000,20000,20000,20000,20000,20000,20000,20000,24,0,1800,7229.6964318720375,131.6948857719416,20697.979454882443,42.666666666666664
1790154383,2,POST,completion,0.000000,0.000000,20000,20000,20000,20000,20000,20000,20000,20000,20000,20000,20000,8,0,20000,19735.832696023863,18316.447084071115,20697.979454882443,128.0
1790154383,2,TPOT,completion,0.000000,0.000000,150,150,150,150,150,150,150,150,150,150,150,8,0,140,141.13106865433087,131.6948857719416,148.526735519477,0.0
1790154383,2,TTFT,completion,0.000000,0.000000,2000,2000,2000,2000,2000,2000,2000,2000,2000,2000,2000,8,0,1800,1812.1255309379194,1509.0196260716766,2472.44951617904,0.0
1790154383,2,,Aggregated,0.000000,0.000000,2000,2000,19000,19000,20000,20000,20000,20000,20000,20000,20000,24,0,1800,7229.6964318720375,131.6948857719416,20697.979454882443,42.666666666666664
1790154384,2,POST,completion,0.000000,0.000000,20000,20000,20000,20000,20000,20000,20000,20000,20000,20000,20000,8,0,20000,19735.832696023863,18316.447084071115,20697.979454882443,128.0
1790154384,2,TPOT,completion,0.000000,0.000000,150,150,150,150,150,150,150,150,150,150,150,8,0,140,141.13106865433087,131.6948857719416,148.526735519477,0.0
1790154384,2,TTFT,completion,0.000000,0.000000,2000,2000,2000,2000,2000,2000,2000,2000,2000,2000,2000,8,0,1800,1812.1255309379194,1509.0196260716766,2472.44951617904,0.0
1790154384,2,,Aggregated,0.000000,0.000000,2000,2000,19000,19000,20000,20000,20000,20000,20000,20000,20000,24,0,1800,7229.6964318720375,131.6948857719416,20697.979454882443,42.666666666666664
1790154385,2,POST,completion,0.000000,0.000000,0,0,0,0,0,0,0,0,0,0,0,8,0,20000,19735.832696023863,18316.447084071115,20697.979454882443,128.0
1790154385,2,TPOT,completion,0.000000,0.000000,0,0,0,0,0,0,0,0,0,0,0,8,0,140,141.13106865433087,131.6948857719416,148.526735519477,0.0
1790154385,2,TTFT,completion,0.000000,0.000000,0,0,0,0,0,0,0,0,0,0,0,8,0,1800,1812.1255309379194,1509.0196260716766,2472.44951617904,0.0
1790154385,2,,Aggregated,0.000000,0.000000,0,0,0,0,0,0,0,0,0,0,0,24,0,1800,7229.6964318720375,131.6948857719416,20697.979454882443,42.666666666666664
1790154386,2,POST,completion,0.000000,0.000000,0,0,0,0,0,0,0,0,0,0,0,8,0,20000,19735.832696023863,18316.447084071115,20697.979454882443,128.0
1790154386,2,TPOT,completion,0.000000,0.000000,0,0,0,0,0,0,0,0,0,0,0,8,0,140,141.13106865433087,131.6948857719416,148.526735519477,0.0
1790154386,2,TTFT,completion,0.000000,0.000000,0,0,0,0,0,0,0,0,0,0,0,8,0,1800,1812.1255309379194,1509.0196260716766,2472.44951617904,0.0
1790154386,2,,Aggregated,0.000000,0.000000,0,0,0,0,0,0,0,0,0,0,0,24,0,1800,7229.6964318720375,131.6948857719416,20697.979454882443,42.666666666666664
1790154387,2,POST,completion,0.000000,0.000000,0,0,0,0,0,0,0,0,0,0,0,8,0,20000,19735.832696023863,18316.447084071115,20697.979454882443,128.0
1790154387,2,TPOT,completion,0.000000,0.000000,0,0,0,0,0,0,0,0,0,0,0,8,0,140,141.13106865433087,131.6948857719416,148.526735519477,0.0
1790154387,2,TTFT,completion,0.000000,0.000000,0,0,0,0,0,0,0,0,0,0,0,8,0,1800,1812.1255309379194,1509.0196260716766,2472.44951617904,0.0
1790154387,2,,Aggregated,0.000000,0.000000,0,0,0,0,0,0,0,0,0,0,0,24,0,1800,7229.6964318720375,131.6948857719416,20697.979454882443,42.666666666666664
1790154388,2,POST,completion,0.000000,0.000000,0,0,0,0,0,0,0,0,0,0,0,8,0,20000,19735.832696023863,18316.447084071115,20697.979454882443,128.0
1790154388,2,TPOT,completion,0.000000,0.000000,0,0,0,0,0,0,0,0,0,0,0,8,0,140,141.13106865433087,131.6948857719416,148.526735519477,0.0
1790154388,2,TTFT,completion,0.000000,0.000000,0,0,0,0,0,0,0,0,0,0,0,8,0,1800,1812.1255309379194,1509.0196260716766,2472.44951617904,0.0
1790154388,2,,Aggregated,0.000000,0.000000,0,0,0,0,0,0,0,0,0,0,0,24,0,1800,7229.6964318720375,131.6948857719416,20697.979454882443,42.666666666666664
1790154389,2,POST,completion,0.000000,0.000000,0,0,0,0,0,0,0,0,0,0,0,8,0,20000,19735.832696023863,18316.447084071115,20697.979454882443,128.0
1790154389,2,TPOT,completion,0.000000,0.000000,0,0,0,0,0,0,0,0,0,0,0,8,0,140,141.13106865433087,131.6948857719416,148.526735519477,0.0
1790154389,2,TTFT,completion,0.000000,0.000000,0,0,0,0,0,0,0,0,0,0,0,8,0,1800,1812.1255309379194,1509.0196260716766,2472.44951617904,0.0
1790154389,2,,Aggregated,0.000000,0.000000,0,0,0,0,0,0,0,0,0,0,0,24,0,1800,7229.6964318720375,131.6948857719416,20697.979454882443,42.666666666666664
1790154390,2,POST,completion,0.000000,0.000000,0,0,0,0,0,0,0,0,0,0,0,8,0,20000,19735.832696023863,18316.447084071115,20697.979454882443,128.0
1790154390,2,TPOT,completion,0.000000,0.000000,0,0,0,0,0,0,0,0,0,0,0,8,0,140,141.13106865433087,131.6948857719416,148.526735519477,0.0
1790154390,2,TTFT,completion,0.000000,0.000000,0,0,0,0,0,0,0,0,0,0,0,8,0,1800,1812.1255309379194,1509.0196260716766,2472.44951617904,0.0
1790154390,2,,Aggregated,0.000000,0.000000,0,0,0,0,0,0,0,0,0,0,0,24,0,1800,7229.6964318720375,131.6948857719416,20697.979454882443,42.666666666666664
1790154391,2,POST,completion,0.000000,0.000000,0,0,0,0,0,0,0,0,0,0,0,8,0,20000,19735.832696023863,18316.447084071115,20697.979454882443,128.0
1790154391,2,TPOT,completion,0.000000,0.000000,0,0,0,0,0,0,0,0,0,0,0,8,0,140,141.13106865433087,131.6948857719416,148.526735519477,0.0
1790154391,2,TTFT,completion,0.000000,0.000000,0,0,0,0,0,0,0,0,0,0,0,8,0,1800,1812.1255309379194,1509.0196260716766,2472.44951617904,0.0
1790154391,2,,Aggregated,0.000000,0.000000,0,0,0,0,0,0,0,0,0,0,0,24,0,1800,7229.6964318720375,131.6948857719416,20697.979454882443,42.666666666666664
1790154392,2,POST,completion,0.000000,0.000000,0,0,0,0,0,0,0,0,0,0,0,8,0,20000,19735.832696023863,18316.447084071115,20697.979454882443,128.0
1790154392,2,TPOT,completion,0.000000,0.000000,0,0,0,0,0,0,0,0,0,0,0,8,0,140,141.13106865433087,131.6948857719416,148.526735519477,0.0
1790154392,2,TTFT,completion,0.000000,0.000000,0,0,0,0,0,0,0,0,0,0,0,8,0,1800,1812.1255309379194,1509.0196260716766,2472.44951617904,0.0
1790154392,2,,Aggregated,0.000000,0.000000,0,0,0,0,0,0,0,0,0,0,0,24,0,1800,7229.6964318720375,131.6948857719416,20697.979454882443,42.666666666666664
1790154393,2,POST,completion,0.000000,0.000000,0,0,0,0,0,0,0,0,0,0,0,8,0,20000,19735.832696023863,18316.447084071115,20697.979454882443,128.0
1790154393,2,TPOT,completion,0.000000,0.000000,0,0,0,0,0,0,0,0,0,0,0,8,0,140,141.13106865433087,131.6948857719416,148.526735519477,0.0
1790154393,2,TTFT,completion,0.000000,0.000000,0,0,0,0,0,0,0,0,0,0,0,8,0,1800,1812.1255309379194,1509.0196260716766,2472.44951617904,0.0
1790154393,2,,Aggregated,0.000000,0.000000,0,0,0,0,0,0,0,0,0,0,0,24,0,1800,7229.6964318720375,131.6948857719416,20697.979454882443,42.666666666666664
1790154394,2,POST,completion,0.000000,0.000000,0,0,0,0,0,0,0,0,0,0,0,8,0,20000,19735.832696023863,18316.447084071115,20697.979454882443,128.0
1790154394,2,TPOT,completion,0.000000,0.000000,0,0,0,0,0,0,0,0,0,0,0,8,0,140,141.13106865433087,131.6948857719416,148.526735519477,0.0
1790154394,2,TTFT,completion,0.000000,0.000000,0,0,0,0,0,0,0,0,0,0,0,8,0,1800,1812.1255309379194,1509.0196260716766,2472.44951617904,0.0
1790154394,2,,Aggregated,0.000000,0.000000,0,0,0,0,0,0,0,0,0,0,0,24,0,1800,7229.6964318720375,131.6948857719416,20697.979454882443,42.666666666666664
1790154395,2,POST,completion,0.000000,0.000000,0,0,0,0,0,0,0,0,0,0,0,8,0,20000,19735.832696023863,18316.447084071115,20697.979454882443,128.0
1790154395,2,TPOT,completion,0.000000,0.000000,0,0,0,0,0,0,0,0,0,0,0,8,0,140,141.13106865433087,131.6948857719416,148.526735519477,0.0
1790154395,2,TTFT,completion,0.000000,0.000000,0,0,0,0,0,0,0,0,0,0,0,8,0,1800,1812.1255309379194,1509.0196260716766,2472.44951617904,0.0
1790154395,2,,Aggregated,0.000000,0.000000,0,0,0,0,0,0,0,0,0,0,0,24,0,1800,7229.6964318720375,131.6948857719416,20697.979454882443,42.666666666666664
1790154396,2,POST,completion,0.000000,0.000000,0,0,0,0,0,0,0,0,0,0,0,8,0,20000,19735.832696023863,18316.447084071115,20697.979454882443,128.0
1790154396,2,TPOT,completion,0.000000,0.000000,0,0,0,0,0,0,0,0,0,0,0,8,0,140,141.13106865433087,131.6948857719416,148.526735519477,0.0
1790154396,2,TTFT,completion,0.000000,0.000000,0,0,0,0,0,0,0,0,0,0,0,8,0,1800,1812.1255309379194,1509.0196260716766,2472.44951617904,0.0
1790154396,2,,Aggregated,0.000000,0.000000,0,0,0,0,0,0,0,0,0,0,0,24,0,1800,7229.6964318720375,131.6948857719416,20697.979454882443,42.666666666666664
1790154397,2,POST,completion,0.000000,0.000000,0,0,0,0,0,0,0,0,0,0,0,8,0,20000,19735.832696023863,18316.447084071115,20697.979454882443,128.0
1790154397,2,TPOT,completion,0.000000,0.000000,0,0,0,0,0,0,0,0,0,0,0,8,0,140,141.13106865433087,131.6948857719416,148.526735519477,0.0
1790154397,2,TTFT,completion,0.000000,0.000000,0,0,0,0,0,0,0,0,0,0,0,8,0,1800,1812.1255309379194,1509.0196260716766,2472.44951617904,0.0
1790154397,2,,Aggregated,0.000000,0.000000,0,0,0,0,0,0,0,0,0,0,0,24,0,1800,7229.6964318720375,131.6948857719416,20697.979454882443,42.666666666666664
1790154398,2,POST,completion,0.000000,0.000000,0,0,0,0,0,0,0,0,0,0,0,8,0,20000,19735.832696023863,18316.447084071115,20697.979454882443,128.0
1790154398,2,TPOT,completion,0.000000,0.000000,0,0,0,0,0,0,0,0,0,0,0,8,0,140,141.13106865433087,131.6948857719416,148.526735519477,0.0
1790154398,2,TTFT,completion,0.000000,0.000000,0,0,0,0,0,0,0,0,0,0,0,8,0,1800,1812.1255309379194,1509.0196260716766,2472.44951617904,0.0
1790154398,2,,Aggregated,0.000000,0.000000,0,0,0,0,0,0,0,0,0,0,0,24,0,1800,7229.6964318720375,131.6948857719416,20697.979454882443,42.666666666666664
1790154399,2,POST,completion,0.000000,0.000000,0,0,0,0,0,0,0,0,0,0,0,8,0,20000,19735.832696023863,18316.447084071115,20697.979454882443,128.0
1790154399,2,TPOT,completion,0.000000,0.000000,0,0,0,0,0,0,0,0,0,0,0,8,0,140,141.13106865433087,131.6948857719416,148.526735519477,0.0
1790154399,2,TTFT,completion,0.000000,0.000000,0,0,0,0,0,0,0,0,0,0,0,8,0,1800,1812.1255309379194,1509.0196260716766,2472.44951617904,0.0
1790154399,2,,Aggregated,0.000000,0.000000,0,0,0,0,0,0,0,0,0,0,0,24,0,1800,7229.6964318720375,131.6948857719416,20697.979454882443,42.666666666666664
1790154400,2,POST,completion,0.000000,0.000000,0,0,0,0,0,0,0,0,0,0,0,8,0,20000,19735.832696023863,18316.447084071115,20697.979454882443,128.0
1790154400,2,TPOT,completion,0.000000,0.000000,0,0,0,0,0,0,0,0,0,0,0,8,0,140,141.13106865433087,131.6948857719416,148.526735519477,0.0
1790154400,2,TTFT,completion,0.000000,0.000000,0,0,0,0,0,0,0,0,0,0,0,8,0,1800,1812.1255309379194,1509.0196260716766,2472.44951617904,0.0
1790154400,2,,Aggregated,0.000000,0.000000,0,0,0,0,0,0,0,0,0,0,0,24,0,1800,7229.6964318720375,131.6948857719416,20697.979454882443,42.666666666666664
1790154402,2,POST,completion,0.000000,0.000000,0,0,0,0,0,0,0,0,0,0,0,8,0,20000,19735.832696023863,18316.447084071115,20697.979454882443,128.0
1790154402,2,TPOT,completion,0.000000,0.000000,0,0,0,0,0,0,0,0,0,0,0,8,0,140,141.13106865433087,131.6948857719416,148.526735519477,0.0
1790154402,2,TTFT,completion,0.000000,0.000000,0,0,0,0,0,0,0,0,0,0,0,8,0,1800,1812.1255309379194,1509.0196260716766,2472.44951617904,0.0
1790154402,2,,Aggregated,0.000000,0.000000,0,0,0,0,0,0,0,0,0,0,0,24,0,1800,7229.6964318720375,131.6948857719416,20697.979454882443,42.666666666666664
1790154403,2,POST,completion,0.000000,0.000000,0,0,0,0,0,0,0,0,0,0,0,8,0,20000,19735.832696023863,18316.447084071115,20697.979454882443,128.0
1790154403,2,TPOT,completion,0.000000,0.000000,0,0,0,0,0,0,0,0,0,0,0,8,0,140,141.13106865433087,131.6948857719416,148.526735519477,0.0
1790154403,2,TTFT,completion,0.000000,0.000000,0,0,0,0,0,0,0,0,0,0,0,8,0,1800,1812.1255309379194,1509.0196260716766,2472.44951617904,0.0
1790154403,2,,Aggregated,0.000000,0.000000,0,0,0,0,0,0,0,0,0,0,0,24,0,1800,7229.6964318720375,131.6948857719416,20697.979454882443,42.666666666666664
1790154404,2,POST,completion,0.000000,0.000000,0,0,0,0,0,0,0,0,0,0,0,8,0,20000,19735.832696023863,18316.447084071115,20697.979454882443,128.0
1790154404,2,TPOT,completion,0.000000,0.000000,0,0,0,0,0,0,0,0,0,0,0,8,0,140,141.13106865433087,131.6948857719416,148.526735519477,0.0
1790154404,2,TTFT,completion,0.000000,0.000000,0,0,0,0,0,0,0,0,0,0,0,8,0,1800,1812.1255309379194,1509.0196260716766,2472.44951617904,0.0
1790154404,2,,Aggregated,0.000000,0.000000,0,0,0,0,0,0,0,0,0,0,0,24,0,1800,7229.6964318720375,131.6948857719416,20697.979454882443,42.666666666666664
1790154405,2,POST,completion,0.000000,0.000000,0,0,0,0,0,0,0,0,0,0,0,8,0,20000,19735.832696023863,18316.447084071115,20697.979454882443,128.0
1790154405,2,TPOT,completion,0.000000,0.000000,0,0,0,0,0,0,0,0,0,0,0,8,0,140,141.13106865433087,131.6948857719416,148.526735519477,0.0
1790154405,2,TTFT,completion,0.000000,0.000000,0,0,0,0,0,0,0,0,0,0,0,8,0,1800,1812.1255309379194,1509.0196260716766,2472.44951617904,0.0
1790154405,2,,Aggregated,0.000000,0.000000,0,0,0,0,0,0,0,0,0,0,0,24,0,1800,7229.6964318720375,131.6948857719416,20697.979454882443,42.666666666666664
1790154406,2,POST,completion,0.000000,0.000000,0,0,0,0,0,0,0,0,0,0,0,8,0,20000,19735.832696023863,18316.447084071115,20697.979454882443,128.0
1790154406,2,TPOT,completion,0.000000,0.000000,0,0,0,0,0,0,0,0,0,0,0,8,0,140,141.13106865433087,131.6948857719416,148.526735519477,0.0
1790154406,2,TTFT,completion,0.000000,0.000000,0,0,0,0,0,0,0,0,0,0,0,8,0,1800,1812.1255309379194,1509.0196260716766,2472.44951617904,0.0
1790154406,2,,Aggregated,0.000000,0.000000,0,0,0,0,0,0,0,0,0,0,0,24,0,1800,7229.6964318720375,131.6948857719416,20697.979454882443,42.666666666666664
1790154407,2,POST,completion,0.000000,0.000000,0,0,0,0,0,0,0,0,0,0,0,8,0,20000,19735.832696023863,18316.447084071115,20697.979454882443,128.0
1790154407,2,TPOT,completion,0.000000,0.000000,0,0,0,0,0,0,0,0,0,0,0,8,0,140,141.13106865433087,131.6948857719416,148.526735519477,0.0
1790154407,2,TTFT,completion,0.000000,0.000000,0,0,0,0,0,0,0,0,0,0,0,8,0,1800,1812.1255309379194,1509.0196260716766,2472.44951617904,0.0
1790154407,2,,Aggregated,0.000000,0.000000,0,0,0,0,0,0,0,0,0,0,0,24,0,1800,7229.6964318720375,131.6948857719416,20697.979454882443,42.666666666666664
1790154408,2,POST,completion,0.000000,0.000000,0,0,0,0,0,0,0,0,0,0,0,8,0,20000,19735.832696023863,18316.447084071115,20697.979454882443,128.0
1790154408,2,TPOT,completion,0.000000,0.000000,0,0,0,0,0,0,0,0,0,0,0,8,0,140,141.13106865433087,131.6948857719416,148.526735519477,0.0
1790154408,2,TTFT,completion,0.000000,0.000000,0,0,0,0,0,0,0,0,0,0,0,8,0,1800,1812.1255309379194,1509.0196260716766,2472.44951617904,0.0
1790154408,2,,Aggregated,0.000000,0.000000,0,0,0,0,0,0,0,0,0,0,0,24,0,1800,7229.6964318720375,131.6948857719416,20697.979454882443,42.666666666666664
1790154409,2,POST,completion,0.000000,0.000000,0,0,0,0,0,0,0,0,0,0,0,8,0,20000,19735.832696023863,18316.447084071115,20697.979454882443,128.0
1790154409,2,TPOT,completion,0.000000,0.000000,0,0,0,0,0,0,0,0,0,0,0,8,0,140,141.13106865433087,131.6948857719416,148.526735519477,0.0
1790154409,2,TTFT,completion,0.000000,0.000000,0,0,0,0,0,0,0,0,0,0,0,8,0,1800,1812.1255309379194,1509.0196260716766,2472.44951617904,0.0
1790154409,2,,Aggregated,0.000000,0.000000,0,0,0,0,0,0,0,0,0,0,0,24,0,1800,7229.6964318720375,131.6948857719416,20697.979454882443,42.666666666666664
1790154410,2,POST,completion,0.000000,0.000000,0,0,0,0,0,0,0,0,0,0,0,8,0,20000,19735.832696023863,18316.447084071115,20697.979454882443,128.0
1790154410,2,TPOT,completion,0.000000,0.000000,0,0,0,0,0,0,0,0,0,0,0,8,0,140,141.13106865433087,131.6948857719416,148.526735519477,0.0
1790154410,2,TTFT,completion,0.000000,0.000000,0,0,0,0,0,0,0,0,0,0,0,8,0,1800,1812.1255309379194,1509.0196260716766,2472.44951617904,0.0
1790154410,2,,Aggregated,0.000000,0.000000,0,0,0,0,0,0,0,0,0,0,0,24,0,1800,7229.6964318720375,131.6948857719416,20697.979454882443,42.666666666666664
1790154411,2,POST,completion,0.000000,0.000000,0,0,0,0,0,0,0,0,0,0,0,8,0,20000,19735.832696023863,18316.447084071115,20697.979454882443,128.0
1790154411,2,TPOT,completion,0.000000,0.000000,0,0,0,0,0,0,0,0,0,0,0,8,0,140,141.13106865433087,131.6948857719416,148.526735519477,0.0
1790154411,2,TTFT,completion,0.000000,0.000000,0,0,0,0,0,0,0,0,0,0,0,8,0,1800,1812.1255309379194,1509.0196260716766,2472.44951617904,0.0
1790154411,2,,Aggregated,0.000000,0.000000,0,0,0,0,0,0,0,0,0,0,0,24,0,1800,7229.6964318720375,131.6948857719416,20697.979454882443,42.666666666666664
1790154412,2,POST,completion,0.000000,0.000000,0,0,0,0,0,0,0,0,0,0,0,8,0,20000,19735.832696023863,18316.447084071115,20697.979454882443,128.0
1790154412,2,TPOT,completion,0.000000,0.000000,0,0,0,0,0,0,0,0,0,0,0,8,0,140,141.13106865433087,131.6948857719416,148.526735519477,0.0
1790154412,2,TTFT,completion,0.000000,0.000000,0,0,0,0,0,0,0,0,0,0,0,8,0,1800,1812.1255309379194,1509.0196260716766,2472.44951617904,0.0
1790154412,2,,Aggregated,0.000000,0.000000,0,0,0,0,0,0,0,0,0,0,0,24,0,1800,7229.6964318720375,131.6948857719416,20697.979454882443,42.666666666666664
1790154413,2,POST,completion,0.000000,0.000000,0,0,0,0,0,0,0,0,0,0,0,8,0,20000,19735.832696023863,18316.447084071115,20697.979454882443,128.0
1790154413,2,TPOT,completion,0.000000,0.000000,0,0,0,0,0,0,0,0,0,0,0,8,0,140,141.13106865433087,131.6948857719416,148.526735519477,0.0
1790154413,2,TTFT,completion,0.000000,0.000000,0,0,0,0,0,0,0,0,0,0,0,8,0,1800,1812.1255309379194,1509.0196260716766,2472.44951617904,0.0
1790154413,2,,Aggregated,0.000000,0.000000,0,0,0,0,0,0,0,0,0,0,0,24,0,1800,7229.6964318720375,131.6948857719416,20697.979454882443,42.666666666666664
1790154414,2,POST,completion,0.000000,0.000000,0,0,0,0,0,0,0,0,0,0,0,8,0,20000,19735.832696023863,18316.447084071115,20697.979454882443,128.0
1790154414,2,TPOT,completion,0.000000,0.000000,0,0,0,0,0,0,0,0,0,0,0,8,0,140,141.13106865433087,131.6948857719416,148.526735519477,0.0
1790154414,2,TTFT,completion,0.000000,0.000000,0,0,0,0,0,0,0,0,0,0,0,8,0,1800,1812.1255309379194,1509.0196260716766,2472.44951617904,0.0
1790154414,2,,Aggregated,0.000000,0.000000,0,0,0,0,0,0,0,0,0,0,0,24,0,1800,7229.6964318720375,131.6948857719416,20697.979454882443,42.666666666666664
1790154415,2,POST,completion,0.000000,0.000000,0,0,0,0,0,0,0,0,0,0,0,8,0,20000,19735.832696023863,18316.447084071115,20697.979454882443,128.0
1790154415,2,TPOT,completion,0.000000,0.000000,0,0,0,0,0,0,0,0,0,0,0,8,0,140,141.13106865433087,131.6948857719416,148.526735519477,0.0
1790154415,2,TTFT,completion,0.000000,0.000000,0,0,0,0,0,0,0,0,0,0,0,8,0,1800,1812.1255309379194,1509.0196260716766,2472.44951617904,0.0
1790154415,2,,Aggregated,0.000000,0.000000,0,0,0,0,0,0,0,0,0,0,0,24,0,1800,7229.6964318720375,131.6948857719416,20697.979454882443,42.666666666666664
1790154416,2,POST,completion,0.000000,0.000000,0,0,0,0,0,0,0,0,0,0,0,8,0,20000,19735.832696023863,18316.447084071115,20697.979454882443,128.0
1790154416,2,TPOT,completion,0.000000,0.000000,0,0,0,0,0,0,0,0,0,0,0,8,0,140,141.13106865433087,131.6948857719416,148.526735519477,0.0
1790154416,2,TTFT,completion,0.000000,0.000000,0,0,0,0,0,0,0,0,0,0,0,8,0,1800,1812.1255309379194,1509.0196260716766,2472.44951617904,0.0
1790154416,2,,Aggregated,0.000000,0.000000,0,0,0,0,0,0,0,0,0,0,0,24,0,1800,7229.6964318720375,131.6948857719416,20697.979454882443,42.666666666666664
1790154417,2,POST,completion,0.000000,0.000000,0,0,0,0,0,0,0,0,0,0,0,8,0,20000,19735.832696023863,18316.447084071115,20697.979454882443,128.0
1790154417,2,TPOT,completion,0.000000,0.000000,0,0,0,0,0,0,0,0,0,0,0,8,0,140,141.13106865433087,131.6948857719416,148.526735519477,0.0
1790154417,2,TTFT,completion,0.000000,0.000000,0,0,0,0,0,0,0,0,0,0,0,8,0,1800,1812.1255309379194,1509.0196260716766,2472.44951617904,0.0
1790154417,2,,Aggregated,0.000000,0.000000,0,0,0,0,0,0,0,0,0,0,0,24,0,1800,7229.6964318720375,131.6948857719416,20697.979454882443,42.666666666666664
1790154418,2,POST,completion,0.000000,0.000000,0,0,0,0,0,0,0,0,0,0,0,8,0,20000,19735.832696023863,18316.447084071115,20697.979454882443,128.0
1790154418,2,TPOT,completion,0.000000,0.000000,0,0,0,0,0,0,0,0,0,0,0,8,0,140,141.13106865433087,131.6948857719416,148.526735519477,0.0
1790154418,2,TTFT,completion,0.000000,0.000000,0,0,0,0,0,0,0,0,0,0,0,8,0,1800,1812.1255309379194,1509.0196260716766,2472.44951617904,0.0
1790154418,2,,Aggregated,0.000000,0.000000,0,0,0,0,0,0,0,0,0,0,0,24,0,1800,7229.6964318720375,131.6948857719416,20697.979454882443,42.666666666666664
1790154419,2,POST,completion,0.000000,0.000000,0,0,0,0,0,0,0,0,0,0,0,8,0,20000,19735.832696023863,18316.447084071115,20697.979454882443,128.0
1790154419,2,TPOT,completion,0.000000,0.000000,0,0,0,0,0,0,0,0,0,0,0,8,0,140,141.13106865433087,131.6948857719416,148.526735519477,0.0
1790154419,2,TTFT,completion,0.000000,0.000000,0,0,0,0,0,0,0,0,0,0,0,8,0,1800,1812.1255309379194,1509.0196260716766,2472.44951617904,0.0
1790154419,2,,Aggregated,0.000000,0.000000,0,0,0,0,0,0,0,0,0,0,0,24,0,1800,7229.6964318720375,131.6948857719416,20697.979454882443,42.666666666666664
1790154420,2,POST,completion,0.000000,0.000000,0,0,0,0,0,0,0,0,0,0,0,8,0,20000,19735.832696023863,18316.447084071115,20697.979454882443,128.0
1790154420,2,TPOT,completion,0.000000,0.000000,0,0,0,0,0,0,0,0,0,0,0,8,0,140,141.13106865433087,131.6948857719416,148.526735519477,0.0
1790154420,2,TTFT,completion,0.000000,0.000000,0,0,0,0,0,0,0,0,0,0,0,8,0,1800,1812.1255309379194,1509.0196260716766,2472.44951617904,0.0
1790154420,2,,Aggregated,0.000000,0.000000,0,0,0,0,0,0,0,0,0,0,0,24,0,1800,7229.6964318720375,131.6948857719416,20697.979454882443,42.666666666666664
1790154421,2,POST,completion,0.000000,0.000000,0,0,0,0,0,0,0,0,0,0,0,8,0,20000,19735.832696023863,18316.447084071115,20697.979454882443,128.0
1790154421,2,TPOT,completion,0.000000,0.000000,0,0,0,0,0,0,0,0,0,0,0,8,0,140,141.13106865433087,131.6948857719416,148.526735519477,0.0
1790154421,2,TTFT,completion,0.000000,0.000000,0,0,0,0,0,0,0,0,0,0,0,8,0,1800,1812.1255309379194,1509.0196260716766,2472.44951617904,0.0
1790154421,2,,Aggregated,0.000000,0.000000,0,0,0,0,0,0,0,0,0,0,0,24,0,1800,7229.6964318720375,131.6948857719416,20697.979454882443,42.666666666666664
1790154422,2,POST,completion,0.000000,0.000000,0,0,0,0,0,0,0,0,0,0,0,8,0,20000,19735.832696023863,18316.447084071115,20697.979454882443,128.0
1790154422,2,TPOT,completion,0.000000,0.000000,0,0,0,0,0,0,0,0,0,0,0,8,0,140,141.13106865433087,131.6948857719416,148.526735519477,0.0
1790154422,2,TTFT,completion,0.000000,0.000000,0,0,0,0,0,0,0,0,0,0,0,8,0,1800,1812.1255309379194,1509.0196260716766,2472.44951617904,0.0
1790154422,2,,Aggregated,0.000000,0.000000,0,0,0,0,0,0,0,0,0,0,0,24,0,1800,7229.6964318720375,131.6948857719416,20697.979454882443,42.666666666666664
1790154423,2,POST,completion,0.000000,0.000000,0,0,0,0,0,0,0,0,0,0,0,8,0,20000,19735.832696023863,18316.447084071115,20697.979454882443,128.0
1790154423,2,TPOT,completion,0.000000,0.000000,0,0,0,0,0,0,0,0,0,0,0,8,0,140,141.13106865433087,131.6948857719416,148.526735519477,0.0
1790154423,2,TTFT,completion,0.000000,0.000000,0,0,0,0,0,0,0,0,0,0,0,8,0,1800,1812.1255309379194,1509.0196260716766,2472.44951617904,0.0
1790154423,2,,Aggregated,0.000000,0.000000,0,0,0,0,0,0,0,0,0,0,0,24,0,1800,7229.6964318720375,131.6948857719416,20697.979454882443,42.666666666666664
1790154424,2,POST,completion,0.000000,0.000000,0,0,0,0,0,0,0,0,0,0,0,8,0,20000,19735.832696023863,18316.447084071115,20697.979454882443,128.0
1790154424,2,TPOT,completion,0.000000,0.000000,0,0,0,0,0,0,0,0,0,0,0,8,0,140,141.13106865433087,131.6948857719416,148.526735519477,0.0
1790154424,2,TTFT,completion,0.000000,0.000000,0,0,0,0,0,0,0,0,0,0,0,8,0,1800,1812.1255309379194,1509.0196260716766,2472.44951617904,0.0
1790154424,2,,Aggregated,0.000000,0.000000,0,0,0,0,0,0,0,0,0,0,0,24,0,1800,7229.6964318720375,131.6948857719416,20697.979454882443,42.666666666666664
1790154425,2,POST,completion,0.000000,0.000000,0,0,0,0,0,0,0,0,0,0,0,8,0,20000,19735.832696023863,18316.447084071115,20697.979454882443,128.0
1790154425,2,TPOT,completion,0.000000,0.000000,0,0,0,0,0,0,0,0,0,0,0,8,0,140,141.13106865433087,131.6948857719416,148.526735519477,0.0
1790154425,2,TTFT,completion,0.000000,0.000000,0,0,0,0,0,0,0,0,0,0,0,8,0,1800,1812.1255309379194,1509.0196260716766,2472.44951617904,0.0
1790154425,2,,Aggregated,0.000000,0.000000,0,0,0,0,0,0,0,0,0,0,0,24,0,1800,7229.6964318720375,131.6948857719416,20697.979454882443,42.666666666666664
1790154426,2,POST,completion,0.000000,0.000000,0,0,0,0,0,0,0,0,0,0,0,8,0,20000,19735.832696023863,18316.447084071115,20697.979454882443,128.0
1790154426,2,TPOT,completion,0.000000,0.000000,0,0,0,0,0,0,0,0,0,0,0,8,0,140,141.13106865433087,131.6948857719416,148.526735519477,0.0
1790154426,2,TTFT,completion,0.000000,0.000000,0,0,0,0,0,0,0,0,0,0,0,8,0,1800,1812.1255309379194,1509.0196260716766,2472.44951617904,0.0
1790154426,2,,Aggregated,0.000000,0.000000,0,0,0,0,0,0,0,0,0,0,0,24,0,1800,7229.6964318720375,131.6948857719416,20697.979454882443,42.666666666666664
1790154427,2,POST,completion,0.000000,0.000000,0,0,0,0,0,0,0,0,0,0,0,9,0,20000,19793.29975746158,18316.447084071115,20697.979454882443,128.0
1790154427,2,TPOT,completion,0.000000,0.000000,0,0,0,0,0,0,0,0,0,0,0,9,0,140,141.86420718273953,131.6948857719416,148.526735519477,0.0
1790154427,2,TTFT,completion,0.000000,0.000000,0,0,0,0,0,0,0,0,0,0,0,9,0,1600,1776.4849485053371,1491.3602890446782,2472.44951617904,0.0
1790154427,2,,Aggregated,0.000000,0.000000,0,0,0,0,0,0,0,0,0,0,0,27,0,1600,7237.216304383219,131.6948857719416,20697.979454882443,42.666666666666664
1790154428,2,POST,completion,0.000000,0.000000,20000,20000,20000,20000,20000,20000,20000,20000,20000,20000,20000,10,0,20000,19752.38357731141,18316.447084071115,20697.979454882443,128.0
1790154428,2,TPOT,completion,0.000000,0.000000,150,150,150,150,150,150,150,150,150,150,150,10,0,140,141.40908433835747,131.6948857719416,148.526735519477,0.0
1790154428,2,TTFT,completion,0.000000,0.000000,1900,1900,1900,1900,1900,1900,1900,1900,1900,1900,1900,10,0,1800,1793.3690865524113,1491.3602890446782,2472.44951617904,0.0
1790154428,2,,Aggregated,0.000000,0.000000,1900,1900,19000,19000,20000,20000,20000,20000,20000,20000,20000,30,0,1800,7229.053916067393,131.6948857719416,20697.979454882443,42.666666666666664
1790154429,2,POST,completion,0.000000,0.000000,20000,20000,20000,20000,20000,20000,20000,20000,20000,20000,20000,10,0,20000,19752.38357731141,18316.447084071115,20697.979454882443,128.0
1790154429,2,TPOT,completion,0.000000,0.000000,150,150,150,150,150,150,150,150,150,150,150,10,0,140,141.40908433835747,131.6948857719416,148.526735519477,0.0
1790154429,2,TTFT,completion,0.000000,0.000000,1900,1900,1900,1900,1900,1900,1900,1900,1900,1900,1900,10,0,1800,1793.3690865524113,1491.3602890446782,2472.44951617904,0.0
1790154429,2,,Aggregated,0.000000,0.000000,1900,1900,19000,19000,20000,20000,20000,20000,20000,20000,20000,30,0,1800,7229.053916067393,131.6948857719416,20697.979454882443,42.666666666666664
1790154430,2,POST,completion,0.000000,0.000000,20000,20000,20000,20000,20000,20000,20000,20000,20000,20000,20000,10,0,20000,19752.38357731141,18316.447084071115,20697.979454882443,128.0
1790154430,2,TPOT,completion,0.000000,0.000000,150,150,150,150,150,150,150,150,150,150,150,10,0,140,141.40908433835747,131.6948857719416,148.526735519477,0.0
1790154430,2,TTFT,completion,0.000000,0.000000,1900,1900,1900,1900,1900,1900,1900,1900,1900,1900,1900,10,0,1800,1793.3690865524113,1491.3602890446782,2472.44951617904,0.0
1790154430,2,,Aggregated,0.000000,0.000000,1900,1900,19000,19000,20000,20000,20000,20000,20000,20000,20000,30,0,1800,7229.053916067393,131.6948857719416,20697.979454882443,42.666666666666664
1790154431,2,POST,completion,0.000000,0.000000,20000,20000,20000,20000,20000,20000,20000,20000,20000,20000,20000,10,0,20000,19752.38357731141,18316.447084071115,20697.979454882443,128.0
1790154431,2,TPOT,completion,0.000000,0.000000,150,150,150,150,150,150,150,150,150,150,150,10,0,140,141.40908433835747,131.6948857719416,148.526735519477,0.0
1790154431,2,TTFT,completion,0.000000,0.000000,1900,1900,1900,1900,1900,1900,1900,1900,1900,1900,1900,10,0,1800,1793.3690865524113,1491.3602890446782,2472.44951617904,0.0
1790154431,2,,Aggregated,0.000000,0.000000,1900,1900,19000,19000,20000,20000,20000,20000,20000,20000,20000,30,0,1800,7229.053916067393,131.6948857719416,20697.979454882443,42.666666666666664
1790154432,2,POST,completion,0.000000,0.000000,20000,20000,20000,20000,20000,20000,20000,20000,20000,20000,20000,10,0,20000,19752.38357731141,18316.447084071115,20697.979454882443,128.0
1790154432,2,TPOT,completion,0.000000,0.000000,150,150,150,150,150,150,150,150,150,150,150,10,0,140,141.40908433835747,131.6948857719416,148.526735519477,0.0
1790154432,2,TTFT,completion,0.000000,0.000000,1900,1900,1900,1900,1900,1900,1900,1900,1900,1900,1900,10,0,1800,1793.3690865524113,1491.3602890446782,2472.44951617904,0.0
1790154432,2,,Aggregated,0.000000,0.000000,1900,1900,19000,19000,20000,20000,20000,20000,20000,20000,20000,30,0,1800,7229.053916067393,131.6948857719416,20697.979454882443,42.666666666666664
1790154433,2,POST,completion,0.000000,0.000000,20000,20000,20000,20000,20000,20000,20000,20000,20000,20000,20000,10,0,20000,19752.38357731141,18316.447084071115,20697.979454882443,128.0
1790154433,2,TPOT,completion,0.000000,0.000000,150,150,150,150,150,150,150,150,150,150,150,10,0,140,141.40908433835747,131.6948857719416,148.526735519477,0.0
1790154433,2,TTFT,completion,0.000000,0.000000,1900,1900,1900,1900,1900,1900,1900,1900,1900,1900,1900,10,0,1800,1793.3690865524113,1491.3602890446782,2472.44951617904,0.0
1790154433,2,,Aggregated,0.000000,0.000000,1900,1900,19000,19000,20000,20000,20000,20000,20000,20000,20000,30,0,1800,7229.053916067393,131.6948857719416,20697.979454882443,42.666666666666664
1790154434,2,POST,completion,0.000000,0.000000,20000,20000,20000,20000,20000,20000,20000,20000,20000,20000,20000,10,0,20000,19752.38357731141,18316.447084071115,20697.979454882443,128.0
1790154434,2,TPOT,completion,0.000000,0.000000,150,150,150,150,150,150,150,150,150,150,150,10,0,140,141.40908433835747,131.6948857719416,148.526735519477,0.0
1790154434,2,TTFT,completion,0.000000,0.000000,1900,1900,1900,1900,1900,1900,1900,1900,1900,1900,1900,10,0,1800,1793.3690865524113,1491.3602890446782,2472.44951617904,0.0
1790154434,2,,Aggregated,0.000000,0.000000,1900,1900,19000,19000,20000,20000,20000,20000,20000,20000,20000,30,0,1800,7229.053916067393,131.6948857719416,20697.979454882443,42.666666666666664
1790154435,2,POST,completion,0.000000,0.000000,20000,20000,20000,20000,20000,20000,20000,20000,20000,20000,20000,10,0,20000,19752.38357731141,18316.447084071115,20697.979454882443,128.0
1790154435,2,TPOT,completion,0.000000,0.000000,150,150,150,150,150,150,150,150,150,150,150,10,0,140,141.40908433835747,131.6948857719416,148.526735519477,0.0
1790154435,2,TTFT,completion,0.000000,0.000000,1900,1900,1900,1900,1900,1900,1900,1900,1900,1900,1900,10,0,1800,1793.3690865524113,1491.3602890446782,2472.44951617904,0.0
1790154435,2,,Aggregated,0.000000,0.000000,1900,1900,19000,19000,20000,20000,20000,20000,20000,20000,20000,30,0,1800,7229.053916067393,131.6948857719416,20697.979454882443,42.666666666666664
1790154436,2,POST,completion,0.000000,0.000000,20000,20000,20000,20000,20000,20000,20000,20000,20000,20000,20000,10,0,20000,19752.38357731141,18316.447084071115,20697.979454882443,128.0
1790154436,2,TPOT,completion,0.000000,0.000000,150,150,150,150,150,150,150,150,150,150,150,10,0,140,141.40908433835747,131.6948857719416,148.526735519477,0.0
1790154436,2,TTFT,completion,0.000000,0.000000,1900,1900,1900,1900,1900,1900,1900,1900,1900,1900,1900,10,0,1800,1793.3690865524113,1491.3602890446782,2472.44951617904,0.0
1790154436,2,,Aggregated,0.000000,0.000000,1900,1900,19000,19000,20000,20000,20000,20000,20000,20000,20000,30,0,1800,7229.053916067393,131.6948857719416,20697.979454882443,42.666666666666664
1790154437,2,POST,completion,0.000000,0.000000,20000,20000,20000,20000,20000,20000,20000,20000,20000,20000,20000,10,0,20000,19752.38357731141,18316.447084071115,20697.979454882443,128.0
1790154437,2,TPOT,completion,0.000000,0.000000,150,150,150,150,150,150,150,150,150,150,150,10,0,140,141.40908433835747,131.6948857719416,148.526735519477,0.0
1790154437,2,TTFT,completion,0.000000,0.000000,1900,1900,1900,1900,1900,1900,1900,1900,1900,1900,1900,10,0,1800,1793.3690865524113,1491.3602890446782,2472.44951617904,0.0
1790154437,2,,Aggregated,0.000000,0.000000,1900,1900,19000,19000,20000,20000,20000,20000,20000,20000,20000,30,0,1800,7229.053916067393,131.6948857719416,20697.979454882443,42.666666666666664
1790154438,2,POST,completion,0.000000,0.000000,20000,20000,20000,20000,20000,20000,20000,20000,20000,20000,20000,10,0,20000,19752.38357731141,18316.447084071115,20697.979454882443,128.0
1790154438,2,TPOT,completion,0.000000,0.000000,150,150,150,150,150,150,150,150,150,150,150,10,0,140,141.40908433835747,131.6948857719416,148.526735519477,0.0
1790154438,2,TTFT,completion,0.000000,0.000000,1900,1900,1900,1900,1900,1900,1900,1900,1900,1900,1900,10,0,1800,1793.3690865524113,1491.3602890446782,2472.44951617904,0.0
1790154438,2,,Aggregated,0.000000,0.000000,1900,1900,19000,19000,20000,20000,20000,20000,20000,20000,20000,30,0,1800,7229.053916067393,131.6948857719416,20697.979454882443,42.666666666666664
1790154439,2,POST,completion,0.000000,0.000000,20000,20000,20000,20000,20000,20000,20000,20000,20000,20000,20000,10,0,20000,19752.38357731141,18316.447084071115,20697.979454882443,128.0
1790154439,2,TPOT,completion,0.000000,0.000000,150,150,150,150,150,150,150,150,150,150,150,10,0,140,141.40908433835747,131.6948857719416,148.526735519477,0.0
1790154439,2,TTFT,completion,0.000000,0.000000,1900,1900,1900,1900,1900,1900,1900,1900,1900,1900,1900,10,0,1800,1793.3690865524113,1491.3602890446782,2472.44951617904,0.0
1790154439,2,,Aggregated,0.000000,0.000000,1900,1900,19000,19000,20000,20000,20000,20000,20000,20000,20000,30,0,1800,7229.053916067393,131.6948857719416,20697.979454882443,42.666666666666664
1790154440,2,POST,completion,0.000000,0.000000,20000,20000,20000,20000,20000,20000,20000,20000,20000,20000,20000,10,0,20000,19752.38357731141,18316.447084071115,20697.979454882443,128.0
1790154440,2,TPOT,completion,0.000000,0.000000,150,150,150,150,150,150,150,150,150,150,150,10,0,140,141.40908433835747,131.6948857719416,148.526735519477,0.0
1790154440,2,TTFT,completion,0.000000,0.000000,1900,1900,1900,1900,1900,1900,1900,1900,1900,1900,1900,10,0,1800,1793.3690865524113,1491.3602890446782,2472.44951617904,0.0
1790154440,2,,Aggregated,0.000000,0.000000,1900,1900,19000,19000,20000,20000,20000,20000,20000,20000,20000,30,0,1800,7229.053916067393,131.6948857719416,20697.979454882443,42.666666666666664
1790154441,2,POST,completion,0.000000,0.000000,20000,20000,20000,20000,20000,20000,20000,20000,20000,20000,20000,10,0,20000,19752.38357731141,18316.447084071115,20697.979454882443,128.0
1790154441,2,TPOT,completion,0.000000,0.000000,150,150,150,150,150,150,150,150,150,150,150,10,0,140,141.40908433835747,131.6948857719416,148.526735519477,0.0
1790154441,2,TTFT,completion,0.000000,0.000000,1900,1900,1900,1900,1900,1900,1900,1900,1900,1900,1900,10,0,1800,1793.3690865524113,1491.3602890446782,2472.44951617904,0.0
1790154441,2,,Aggregated,0.000000,0.000000,1900,1900,19000,19000,20000,20000,20000,20000,20000,20000,20000,30,0,1800,7229.053916067393,131.6948857719416,20697.979454882443,42.666666666666664
1790154442,2,POST,completion,0.000000,0.000000,20000,20000,20000,20000,20000,20000,20000,20000,20000,20000,20000,10,0,20000,19752.38357731141,18316.447084071115,20697.979454882443,128.0
1790154442,2,TPOT,completion,0.000000,0.000000,150,150,150,150,150,150,150,150,150,150,150,10,0,140,141.40908433835747,131.6948857719416,148.526735519477,0.0
1790154442,2,TTFT,completion,0.000000,0.000000,1900,1900,1900,1900,1900,1900,1900,1900,1900,1900,1900,10,0,1800,1793.3690865524113,1491.3602890446782,2472.44951617904,0.0
1790154442,2,,Aggregated,0.000000,0.000000,1900,1900,19000,19000,20000,20000,20000,20000,20000,20000,20000,30,0,1800,7229.053916067393,131.6948857719416,20697.979454882443,42.666666666666664
1790154443,2,POST,completion,0.000000,0.000000,20000,20000,20000,20000,20000,20000,20000,20000,20000,20000,20000,10,0,20000,19752.38357731141,18316.447084071115,20697.979454882443,128.0
1790154443,2,TPOT,completion,0.000000,0.000000,150,150,150,150,150,150,150,150,150,150,150,10,0,140,141.40908433835747,131.6948857719416,148.526735519477,0.0
1790154443,2,TTFT,completion,0.000000,0.000000,1900,1900,1900,1900,1900,1900,1900,1900,1900,1900,1900,10,0,1800,1793.3690865524113,1491.3602890446782,2472.44951617904,0.0
1790154443,2,,Aggregated,0.000000,0.000000,1900,1900,19000,19000,20000,20000,20000,20000,20000,20000,20000,30,0,1800,7229.053916067393,131.6948857719416,20697.979454882443,42.666666666666664
1790154444,2,POST,completion,0.000000,0.000000,20000,20000,20000,20000,20000,20000,20000,20000,20000,20000,20000,10,0,20000,19752.38357731141,18316.447084071115,20697.979454882443,128.0
1790154444,2,TPOT,completion,0.000000,0.000000,150,150,150,150,150,150,150,150,150,150,150,10,0,140,141.40908433835747,131.6948857719416,148.526735519477,0.0
1790154444,2,TTFT,completion,0.000000,0.000000,1900,1900,1900,1900,1900,1900,1900,1900,1900,1900,1900,10,0,1800,1793.3690865524113,1491.3602890446782,2472.44951617904,0.0
1790154444,2,,Aggregated,0.000000,0.000000,1900,1900,19000,19000,20000,20000,20000,20000,20000,20000,20000,30,0,1800,7229.053916067393,131.6948857719416,20697.979454882443,42.666666666666664
1790154445,2,POST,completion,0.000000,0.000000,0,0,0,0,0,0,0,0,0,0,0,10,0,20000,19752.38357731141,18316.447084071115,20697.979454882443,128.0
1790154445,2,TPOT,completion,0.000000,0.000000,0,0,0,0,0,0,0,0,0,0,0,10,0,140,141.40908433835747,131.6948857719416,148.526735519477,0.0
1790154445,2,TTFT,completion,0.000000,0.000000,0,0,0,0,0,0,0,0,0,0,0,10,0,1800,1793.3690865524113,1491.3602890446782,2472.44951617904,0.0
1790154445,2,,Aggregated,0.000000,0.000000,0,0,0,0,0,0,0,0,0,0,0,30,0,1800,7229.053916067393,131.6948857719416,20697.979454882443,42.666666666666664
1790154446,2,POST,completion,0.000000,0.000000,0,0,0,0,0,0,0,0,0,0,0,10,0,20000,19752.38357731141,18316.447084071115,20697.979454882443,128.0
1790154446,2,TPOT,completion,0.000000,0.000000,0,0,0,0,0,0,0,0,0,0,0,10,0,140,141.40908433835747,131.6948857719416,148.526735519477,0.0
1790154446,2,TTFT,completion,0.000000,0.000000,0,0,0,0,0,0,0,0,0,0,0,10,0,1800,1793.3690865524113,1491.3602890446782,2472.44951617904,0.0
1790154446,2,,Aggregated,0.000000,0.000000,0,0,0,0,0,0,0,0,0,0,0,30,0,1800,7229.053916067393,131.6948857719416,20697.979454882443,42.666666666666664
1790154447,2,POST,completion,0.000000,0.000000,0,0,0,0,0,0,0,0,0,0,0,10,0,20000,19752.38357731141,18316.447084071115,20697.979454882443,128.0
1790154447,2,TPOT,completion,0.000000,0.000000,0,0,0,0,0,0,0,0,0,0,0,10,0,140,141.40908433835747,131.6948857719416,148.526735519477,0.0
1790154447,2,TTFT,completion,0.000000,0.000000,0,0,0,0,0,0,0,0,0,0,0,10,0,1800,1793.3690865524113,1491.3602890446782,2472.44951617904,0.0
1790154447,2,,Aggregated,0.000000,0.000000,0,0,0,0,0,0,0,0,0,0,0,30,0,1800,7229.053916067393,131.6948857719416,20697.979454882443,42.666666666666664
1790154448,2,POST,completion,0.000000,0.000000,0,0,0,0,0,0,0,0,0,0,0,10,0,20000,19752.38357731141,18316.447084071115,20697.979454882443,128.0
1790154448,2,TPOT,completion,0.000000,0.000000,0,0,0,0,0,0,0,0,0,0,0,10,0,140,141.40908433835747,131.6948857719416,148.526735519477,0.0
1790154448,2,TTFT,completion,0.000000,0.000000,0,0,0,0,0,0,0,0,0,0,0,10,0,1800,1793.3690865524113,1491.3602890446782,2472.44951617904,0.0
1790154448,2,,Aggregated,0.000000,0.000000,0,0,0,0,0,0,0,0,0,0,0,30,0,1800,7229.053916067393,131.6948857719416,20697.979454882443,42.666666666666664
1790154449,2,POST,completion,0.000000,0.000000,0,0,0,0,0,0,0,0,0,0,0,10,0,20000,19752.38357731141,18316.447084071115,20697.979454882443,128.0
1790154449,2,TPOT,completion,0.000000,0.000000,0,0,0,0,0,0,0,0,0,0,0,10,0,140,141.40908433835747,131.6948857719416,148.526735519477,0.0
1790154449,2,TTFT,completion,0.000000,0.000000,0,0,0,0,0,0,0,0,0,0,0,10,0,1800,1793.3690865524113,1491.3602890446782,2472.44951617904,0.0
1790154449,2,,Aggregated,0.000000,0.000000,0,0,0,0,0,0,0,0,0,0,0,30,0,1800,7229.053916067393,131.6948857719416,20697.979454882443,42.666666666666664
1790154450,2,POST,completion,0.000000,0.000000,0,0,0,0,0,0,0,0,0,0,0,10,0,20000,19752.38357731141,18316.447084071115,20697.979454882443,128.0
1790154450,2,TPOT,completion,0.000000,0.000000,0,0,0,0,0,0,0,0,0,0,0,10,0,140,141.40908433835747,131.6948857719416,148.526735519477,0.0
1790154450,2,TTFT,completion,0.000000,0.000000,0,0,0,0,0,0,0,0,0,0,0,10,0,1800,1793.3690865524113,1491.3602890446782,2472.44951617904,0.0
1790154450,2,,Aggregated,0.000000,0.000000,0,0,0,0,0,0,0,0,0,0,0,30,0,1800,7229.053916067393,131.6948857719416,20697.979454882443,42.666666666666664
1790154451,2,POST,completion,0.000000,0.000000,0,0,0,0,0,0,0,0,0,0,0,10,0,20000,19752.38357731141,18316.447084071115,20697.979454882443,128.0
1790154451,2,TPOT,completion,0.000000,0.000000,0,0,0,0,0,0,0,0,0,0,0,10,0,140,141.40908433835747,131.6948857719416,148.526735519477,0.0
1790154451,2,TTFT,completion,0.000000,0.000000,0,0,0,0,0,0,0,0,0,0,0,10,0,1800,1793.3690865524113,1491.3602890446782,2472.44951617904,0.0
1790154451,2,,Aggregated,0.000000,0.000000,0,0,0,0,0,0,0,0,0,0,0,30,0,1800,7229.053916067393,131.6948857719416,20697.979454882443,42.666666666666664
1790154452,2,POST,completion,0.000000,0.000000,0,0,0,0,0,0,0,0,0,0,0,10,0,20000,19752.38357731141,18316.447084071115,20697.979454882443,128.0
1790154452,2,TPOT,completion,0.000000,0.000000,0,0,0,0,0,0,0,0,0,0,0,10,0,140,141.40908433835747,131.6948857719416,148.526735519477,0.0
1790154452,2,TTFT,completion,0.000000,0.000000,0,0,0,0,0,0,0,0,0,0,0,10,0,1800,1793.3690865524113,1491.3602890446782,2472.44951617904,0.0
1790154452,2,,Aggregated,0.000000,0.000000,0,0,0,0,0,0,0,0,0,0,0,30,0,1800,7229.053916067393,131.6948857719416,20697.979454882443,42.666666666666664
1790154453,2,POST,completion,0.000000,0.000000,0,0,0,0,0,0,0,0,0,0,0,10,0,20000,19752.38357731141,18316.447084071115,20697.979454882443,128.0
1790154453,2,TPOT,completion,0.000000,0.000000,0,0,0,0,0,0,0,0,0,0,0,10,0,140,141.40908433835747,131.6948857719416,148.526735519477,0.0
1790154453,2,TTFT,completion,0.000000,0.000000,0,0,0,0,0,0,0,0,0,0,0,10,0,1800,1793.3690865524113,1491.3602890446782,2472.44951617904,0.0
1790154453,2,,Aggregated,0.000000,0.000000,0,0,0,0,0,0,0,0,0,0,0,30,0,1800,7229.053916067393,131.6948857719416,20697.979454882443,42.666666666666664
1790154454,2,POST,completion,0.000000,0.000000,0,0,0,0,0,0,0,0,0,0,0,10,0,20000,19752.38357731141,18316.447084071115,20697.979454882443,128.0
1790154454,2,TPOT,completion,0.000000,0.000000,0,0,0,0,0,0,0,0,0,0,0,10,0,140,141.40908433835747,131.6948857719416,148.526735519477,0.0
1790154454,2,TTFT,completion,0.000000,0.000000,0,0,0,0,0,0,0,0,0,0,0,10,0,1800,1793.3690865524113,1491.3602890446782,2472.44951617904,0.0
1790154454,2,,Aggregated,0.000000,0.000000,0,0,0,0,0,0,0,0,0,0,0,30,0,1800,7229.053916067393,131.6948857719416,20697.979454882443,42.666666666666664
1790154455,2,POST,completion,0.000000,0.000000,0,0,0,0,0,0,0,0,0,0,0,10,0,20000,19752.38357731141,18316.447084071115,20697.979454882443,128.0
1790154455,2,TPOT,completion,0.000000,0.000000,0,0,0,0,0,0,0,0,0,0,0,10,0,140,141.40908433835747,131.6948857719416,148.526735519477,0.0
1790154455,2,TTFT,completion,0.000000,0.000000,0,0,0,0,0,0,0,0,0,0,0,10,0,1800,1793.3690865524113,1491.3602890446782,2472.44951617904,0.0
1790154455,2,,Aggregated,0.000000,0.000000,0,0,0,0,0,0,0,0,0,0,0,30,0,1800,7229.053916067393,131.6948857719416,20697.979454882443,42.666666666666664
1790154456,2,POST,completion,0.000000,0.000000,0,0,0,0,0,0,0,0,0,0,0,10,0,20000,19752.38357731141,18316.447084071115,20697.979454882443,128.0
1790154456,2,TPOT,completion,0.000000,0.000000,0,0,0,0,0,0,0,0,0,0,0,10,0,140,141.40908433835747,131.6948857719416,148.526735519477,0.0
1790154456,2,TTFT,completion,0.000000,0.000000,0,0,0,0,0,0,0,0,0,0,0,10,0,1800,1793.3690865524113,1491.3602890446782,2472.44951617904,0.0
1790154456,2,,Aggregated,0.000000,0.000000,0,0,0,0,0,0,0,0,0,0,0,30,0,1800,7229.053916067393,131.6948857719416,20697.979454882443,42.666666666666664
1790154457,2,POST,completion,0.000000,0.000000,0,0,0,0,0,0,0,0,0,0,0,10,0,20000,19752.38357731141,18316.447084071115,20697.979454882443,128.0
1790154457,2,TPOT,completion,0.000000,0.000000,0,0,0,0,0,0,0,0,0,0,0,10,0,140,141.40908433835747,131.6948857719416,148.526735519477,0.0
1790154457,2,TTFT,completion,0.000000,0.000000,0,0,0,0,0,0,0,0,0,0,0,10,0,1800,1793.3690865524113,1491.3602890446782,2472.44951617904,0.0
1790154457,2,,Aggregated,0.000000,0.000000,0,0,0,0,0,0,0,0,0,0,0,30,0,1800,7229.053916067393,131.6948857719416,20697.979454882443,42.666666666666664
1790154458,2,POST,completion,0.000000,0.000000,0,0,0,0,0,0,0,0,0,0,0,10,0,20000,19752.38357731141,18316.447084071115,20697.979454882443,128.0
1790154458,2,TPOT,completion,0.000000,0.000000,0,0,0,0,0,0,0,0,0,0,0,10,0,140,141.40908433835747,131.6948857719416,148.526735519477,0.0
1790154458,2,TTFT,completion,0.000000,0.000000,0,0,0,0,0,0,0,0,0,0,0,10,0,1800,1793.3690865524113,1491.3602890446782,2472.44951617904,0.0
1790154458,2,,Aggregated,0.000000,0.000000,0,0,0,0,0,0,0,0,0,0,0,30,0,1800,7229.053916067393,131.6948857719416,20697.979454882443,42.666666666666664
1790154459,2,POST,completion,0.000000,0.000000,0,0,0,0,0,0,0,0,0,0,0,10,0,20000,19752.38357731141,18316.447084071115,20697.979454882443,128.0
1790154459,2,TPOT,completion,0.000000,0.000000,0,0,0,0,0,0,0,0,0,0,0,10,0,140,141.40908433835747,131.6948857719416,148.526735519477,0.0
1790154459,2,TTFT,completion,0.000000,0.000000,0,0,0,0,0,0,0,0,0,0,0,10,0,1800,1793.3690865524113,1491.3602890446782,2472.44951617904,0.0
1790154459,2,,Aggregated,0.000000,0.000000,0,0,0,0,0,0,0,0,0,0,0,30,0,1800,7229.053916067393,131.6948857719416,20697.979454882443,42.666666666666664
1790154460,2,POST,completion,0.000000,0.000000,0,0,0,0,0,0,0,0,0,0,0,10,0,20000,19752.38357731141,18316.447084071115,20697.979454882443,128.0
1790154460,2,TPOT,completion,0.000000,0.000000,0,0,0,0,0,0,0,0,0,0,0,10,0,140,141.40908433835747,131.6948857719416,148.526735519477,0.0
1790154460,2,TTFT,completion,0.000000,0.000000,0,0,0,0,0,0,0,0,0,0,0,10,0,1800,1793.3690865524113,1491.3602890446782,2472.44951617904,0.0
1790154460,2,,Aggregated,0.000000,0.000000,0,0,0,0,0,0,0,0,0,0,0,30,0,1800,7229.053916067393,131.6948857719416,20697.979454882443,42.666666666666664
1790154461,2,POST,completion,0.000000,0.000000,0,0,0,0,0,0,0,0,0,0,0,10,0,20000,19752.38357731141,18316.447084071115,20697.979454882443,128.0
1790154461,2,TPOT,completion,0.000000,0.000000,0,0,0,0,0,0,0,0,0,0,0,10,0,140,141.40908433835747,131.6948857719416,148.526735519477,0.0
1790154461,2,TTFT,completion,0.000000,0.000000,0,0,0,0,0,0,0,0,0,0,0,10,0,1800,1793.3690865524113,1491.3602890446782,2472.44951617904,0.0
1790154461,2,,Aggregated,0.000000,0.000000,0,0,0,0,0,0,0,0,0,0,0,30,0,1800,7229.053916067393,131.6948857719416,20697.979454882443,42.666666666666664
1790154462,2,POST,completion,0.000000,0.000000,0,0,0,0,0,0,0,0,0,0,0,10,0,20000,19752.38357731141,18316.447084071115,20697.979454882443,128.0
1790154462,2,TPOT,completion,0.000000,0.000000,0,0,0,0,0,0,0,0,0,0,0,10,0,140,141.40908433835747,131.6948857719416,148.526735519477,0.0
1790154462,2,TTFT,completion,0.000000,0.000000,0,0,0,0,0,0,0,0,0,0,0,10,0,1800,1793.3690865524113,1491.3602890446782,2472.44951617904,0.0
1790154462,2,,Aggregated,0.000000,0.000000,0,0,0,0,0,0,0,0,0,0,0,30,0,1800,7229.053916067393,131.6948857719416,20697.979454882443,42.666666666666664
1790154463,2,POST,completion,0.000000,0.000000,0,0,0,0,0,0,0,0,0,0,0,10,0,20000,19752.38357731141,18316.447084071115,20697.979454882443,128.0
1790154463,2,TPOT,completion,0.000000,0.000000,0,0,0,0,0,0,0,0,0,0,0,10,0,140,141.40908433835747,131.6948857719416,148.526735519477,0.0
1790154463,2,TTFT,completion,0.000000,0.000000,0,0,0,0,0,0,0,0,0,0,0,10,0,1800,1793.3690865524113,1491.3602890446782,2472.44951617904,0.0
1790154463,2,,Aggregated,0.000000,0.000000,0,0,0,0,0,0,0,0,0,0,0,30,0,1800,7229.053916067393,131.6948857719416,20697.979454882443,42.666666666666664
1790154464,2,POST,completion,0.000000,0.000000,0,0,0,0,0,0,0,0,0,0,0,10,0,20000,19752.38357731141,18316.447084071115,20697.979454882443,128.0
1790154464,2,TPOT,completion,0.000000,0.000000,0,0,0,0,0,0,0,0,0,0,0,10,0,140,141.40908433835747,131.6948857719416,148.526735519477,0.0
1790154464,2,TTFT,completion,0.000000,0.000000,0,0,0,0,0,0,0,0,0,0,0,10,0,1800,1793.3690865524113,1491.3602890446782,2472.44951617904,0.0
1790154464,2,,Aggregated,0.000000,0.000000,0,0,0,0,0,0,0,0,0,0,0,30,0,1800,7229.053916067393,131.6948857719416,20697.979454882443,42.666666666666664
1790154465,2,POST,completion,0.000000,0.000000,0,0,0,0,0,0,0,0,0,0,0,10,0,20000,19752.38357731141,18316.447084071115,20697.979454882443,128.0
1790154465,2,TPOT,completion,0.000000,0.000000,0,0,0,0,0,0,0,0,0,0,0,10,0,140,141.40908433835747,131.6948857719416,148.526735519477,0.0
1790154465,2,TTFT,completion,0.000000,0.000000,0,0,0,0,0,0,0,0,0,0,0,10,0,1800,1793.3690865524113,1491.3602890446782,2472.44951617904,0.0
1790154465,2,,Aggregated,0.000000,0.000000,0,0,0,0,0,0,0,0,0,0,0,30,0,1800,7229.053916067393,131.6948857719416,20697.979454882443,42.666666666666664
1790154466,2,POST,completion,0.000000,0.000000,0,0,0,0,0,0,0,0,0,0,0,10,0,20000,19752.38357731141,18316.447084071115,20697.979454882443,128.0
1790154466,2,TPOT,completion,0.000000,0.000000,0,0,0,0,0,0,0,0,0,0,0,10,0,140,141.40908433835747,131.6948857719416,148.526735519477,0.0
1790154466,2,TTFT,completion,0.000000,0.000000,0,0,0,0,0,0,0,0,0,0,0,10,0,1800,1793.3690865524113,1491.3602890446782,2472.44951617904,0.0
1790154466,2,,Aggregated,0.000000,0.000000,0,0,0,0,0,0,0,0,0,0,0,30,0,1800,7229.053916067393,131.6948857719416,20697.979454882443,42.666666666666664
