Timestamp,User Count,Type,Name,Requests/s,Failures/s,50%,66%,75%,80%,90%,95%,98%,99%,99.9%,99.99%,100%,Total Request Count,Total Failure Count,Total Median Response Time,Total Average Response Time,Total Min Response Time,Total Max Response Time,Total Average Content Size
1790320709,0,,Aggregated,0.000000,0.000000,N/A,N/A,N/A,N/A,N/A,N/A,N/A,N/A,N/A,N/A,N/A,0,0,0,0.0,0,0,0
1790320710,1,,Aggregated,0.000000,0.000000,N/A,N/A,N/A,N/A,N/A,N/A,N/A,N/A,N/A,N/A,N/A,0,0,0,0.0,0,0,0
1790320711,2,,Aggregated,0.000000,0.000000,N/A,N/A,N/A,N/A,N/A,N/A,N/A,N/A,N/A,N/A,N/A,0,0,0,0.0,0,0,0
1790320712,2,,Aggregated,0.000000,0.000000,N/A,N/A,N/A,N/A,N/A,N/A,N/A,N/A,N/A,N/A,N/A,0,0,0,0.0,0,0,0
1790320713,2,,Aggregated,0.000000,0.000000,N/A,N/A,N/A,N/A,N/A,N/A,N/A,N/A,N/A,N/A,N/A,0,0,0,0.0,0,0,0
1790320714,2,,Aggregated,0.000000,0.000000,N/A,N/A,N/A,N/A,N/A,N/A,N/A,N/A,N/A,N/A,N/A,0,0,0,0.0,0,0,0
1790320715,2,,Aggregated,0.000000,0.000000,N/A,N/A,N/A,N/A,N/A,N/A,N/A,N/A,N/A,N/A,N/A,0,0,0,0.0,0,0,0
1790320716,2,,Aggregated,0.000000,0.000000,N/A,N/A,N/A,N/A,N/A,N/A,N/A,N/A,N/A,N/A,N/A,0,0,0,0.0,0,0,0
1790320717,2,,Aggregated,0.000000,0.000000,N/A,N/A,N/A,N/A,N/A,N/A,N/A,N/A,N/A,N/A,N/A,0,0,0,0.0,0,0,0
1790320718,2,,Aggregated,0.000000,0.000000,N/A,N/A,N/A,N/A,N/A,N/A,N/A,N/A,N/A,N/A,N/A,0,0,0,0.0,0,0,0
1790320719,2,,Aggregated,0.000000,0.000000,N/A,N/A,N/A,N/A,N/A,N/A,N/A,N/A,N/A,N/A,N/A,0,0,0,0.0,0,0,0
1790320720,2,,Aggregated,0.000000,0.000000,N/A,N/A,N/A,N/A,N/A,N/A,N/A,N/A,N/A,N/A,N/A,0,0,0,0.0,0,0,0
1790320721,2,,Aggregated,0.000000,0.000000,N/A,N/A,N/A,N/A,N/A,N/A,N/A,N/A,N/A,N/A,N/A,0,0,0,0.0,0,0,0
1790320722,2,,Aggregated,0.000000,0.000000,N/A,N/A,N/A,N/A,N/A,N/A,N/A,N/A,N/A,N/A,N/A,0,0,0,0.0,0,0,0
1790320723,2,,Aggregated,0.000000,0.000000,N/A,N/A,N/A,N/A,N/A,N/A,N/A,N/A,N/A,N/A,N/A,0,0,0,0.0,0,0,0
1790320724,2,,Aggregated,0.000000,0.000000,N/A,N/A,N/A,N/A,N/A,N/A,N/A,N/A,N/A,N/A,N/A,0,0,0,0.0,0,0,0
1790320725,2,,Aggregated,0.000000,0.000000,N/A,N/A,N/A,N/A,N/A,N/A,N/A,N/A,N/A,N/A,N/A,0,0,0,0.0,0,0,0
1790320726,2,,Aggregated,0.000000,0.000000,N/A,N/A,N/A,N/A,N/A,N/A,N/A,N/A,N/A,N/A,N/A,0,0,0,0.0,0,0,0
1790320727,2,,Aggregated,0.000000,0.000000,N/A,N/A,N/A,N/A,N/A,N/A,N/A,N/A,N/A,N/A,N/A,0,0,0,0.0,0,0,0
1790320728,2,,Aggregated,0.000000,0.000000,N/A,N/A,N/A,N/A,N/A,N/A,N/A,N/A,N/A,N/A,N/A,0,0,0,0.0,0,0,0
1790320729,2,,Aggregated,0.000000,0.000000,N/A,N/A,N/A,N/A,N/A,N/A,N/A,N/A,N/A,N/A,N/A,0,0,0,0.0,0,0,0
1790320730,2,,Aggregated,0.000000,0.000000,N/A,N/A,N/A,N/A,N/A,N/A,N/A,N/A,N/A,N/A,N/A,0,0,0,0.0,0,0,0
1790320731,2,,Aggregated,0.000000,0.000000,N/A,N/A,N/A,N/A,N/A,N/A,N/A,N/A,N/A,N/A,N/A,0,0,0,0.0,0,0,0
1790320732,2,,Aggregated,0.000000,0.000000,N/A,N/A,N/A,N/A,N/A,N/A,N/A,N/A,N/A,N/A,N/A,0,0,0,0.0,0,0,0
1790320733,2,,Aggregated,0.000000,0.000000,N/A,N/A,N/A,N/A,N/A,N/A,N/A,N/A,N/A,N/A,N/A,0,0,0,0.0,0,0,0
1790320734,2,,Aggregated,0.000000,0.000000,N/A,N/A,N/A,N/A,N/A,N/A,N/A,N/A,N/A,N/A,N/A,0,0,0,0.0,0,0,0
1790320735,2,,Aggregated,0.000000,0.000000,N/A,N/A,N/A,N/A,N/A,N/A,N/A,N/A,N/A,N/A,N/A,0,0,0,0.0,0,0,0
1790320736,2,,Aggregated,0.000000,0.000000,N/A,N/A,N/A,N/A,N/A,N/A,N/A,N/A,N/A,N/A,N/A,0,0,0,0.0,0,0,0
1790320737,2,,Aggregated,0.000000,0.000000,N/A,N/A,N/A,N/A,N/A,N/A,N/A,N/A,N/A,N/A,N/A,0,0,0,0.0,0,0,0
1790320738,2,,Aggregated,0.000000,0.000000,N/A,N/A,N/A,N/A,N/A,N/A,N/A,N/A,N/A,N/A,N/A,0,0,0,0.0,0,0,0
1790320739,2,,Aggregated,0.000000,0.000000,N/A,N/A,N/A,N/A,N/A,N/A,N/A,N/A,N/A,N/A,N/A,0,0,0,0.0,0,0,0
1790320740,2,,Aggregated,0.000000,0.000000,N/A,N/A,N/A,N/A,N/A,N/A,N/A,N/A,N/A,N/A,N/A,0,0,0,0.0,0,0,0
1790320741,2,,Aggregated,0.000000,0.000000,N/A,N/A,N/A,N/A,N/A,N/A,N/A,N/A,N/A,N/A,N/A,0,0,0,0.0,0,0,0
1790320742,2,,Aggregated,0.000000,0.000000,N/A,N/A,N/A,N/A,N/A,N/A,N/A,N/A,N/A,N/A,N/A,0,0,0,0.0,0,0,0
1790320743,2,,Aggregated,0.000000,0.000000,N/A,N/A,N/A,N/A,N/A,N/A,N/A,N/A,N/A,N/A,N/A,0,0,0,0.0,0,0,0
1790320744,2,,Aggregated,0.000000,0.000000,N/A,N/A,N/A,N/A,N/A,N/A,N/A,N/A,N/A,N/A,N/A,0,0,0,0.0,0,0,0
1790320745,2,,Aggregated,0.000000,0.000000,N/A,N/A,N/A,N/A,N/A,N/A,N/A,N/A,N/A,N/A,N/A,0,0,0,0.0,0,0,0
1790320746,2,,Aggregated,0.000000,0.000000,N/A,N/A,N/A,N/A,N/A,N/A,N/A,N/A,N/A,N/A,N/A,0,0,0,0.0,0,0,0
1790320747,2,,Aggregated,0.000000,0.000000,N/A,N/A,N/A,N/A,N/A,N/A,N/A,N/A,N/A,N/A,N/A,0,0,0,0.0,0,0,0
1790320748,2,,Aggregated,0.000000,0.000000,N/A,N/A,N/A,N/A,N/A,N/A,N/A,N/A,N/A,N/A,N/A,0,0,0,0.0,0,0,0
1790320749,2,,Aggregated,0.000000,0.000000,N/A,N/A,N/A,N/A,N/A,N/A,N/A,N/A,N/A,N/A,N/A,0,0,0,0.0,0,0,0
1790320750,2,,Aggregated,0.000000,0.000000,N/A,N/A,N/A,N/A,N/A,N/A,N/A,N/A,N/A,N/A,N/A,0,0,0,0.0,0,0,0
1790320751,2,,Aggregated,0.000000,0.000000,N/A,N/A,N/A,N/A,N/A,N/A,N/A,N/A,N/A,N/A,N/A,0,0,0,0.0,0,0,0
1790320752,2,,Aggregated,0.000000,0.000000,N/A,N/A,N/A,N/A,N/A,N/A,N/A,N/A,N/A,N/A,N/A,0,0,0,0.0,0,0,0
1790320753,2,,Aggregated,0.000000,0.000000,N/A,N/A,N/A,N/A,N/A,N/A,N/A,N/A,N/A,N/A,N/A,0,0,0,0.0,0,0,0
1790320754,2,,Aggregated,0.000000,0.000000,N/A,N/A,N/A,N/A,N/A,N/A,N/A,N/A,N/A,N/A,N/A,0,0,0,0.0,0,0,0
1790320755,2,,Aggregated,0.000000,0.000000,N/A,N/A,N/A,N/A,N/A,N/A,N/A,N/A,N/A,N/A,N/A,0,0,0,0.0,0,0,0
1790320756,2,,Aggregated,0.000000,0.000000,N/A,N/A,N/A,N/A,N/A,N/A,N/A,N/A,N/A,N/A,N/A,0,0,0,0.0,0,0,0
1790320757,2,POST,completion,0.000000,0.000000,0,0,0,0,0,0,0,0,0,0,0,1,0,41392.412999179214,41392.412999179214,41392.412999179214,41392.412999179214,128.0
1790320757,2,TPOT,completion,0.000000,0.000000,0,0,0,0,0,0,0,0,0,0,0,1,0,290.9236168818856,290.9236168818856,290.9236168818856,290.9236168818856,0.0
1790320757,2,TTFT,completion,0.000000,0.000000,0,0,0,0,0,0,0,0,0,0,0,1,0,4445.036529097706,4445.036529097706,4445.036529097706,4445.036529097706,0.0
1790320757,2,,Aggregated,0.000000,0.000000,0,0,0,0,0,0,0,0,0,0,0,3,0,4400,15376.124381719601,290.9236168818856,41392.412999179214,42.666666666666664
1790320759,2,POST,completion,0.000000,0.000000,41000,41000,41000,41000,41000,41000,41000,41000,41000,41000,41000,1,0,41392.412999179214,41392.412999179214,41392.412999179214,41392.412999179214,128.0
1790320759,2,TPOT,completion,0.000000,0.000000,290,290,290,290,290,290,290,290,290,290,290,1,0,290.9236168818856,290.9236168818856,290.9236168818856,290.9236168818856,0.0
1790320759,2,TTFT,completion,0.000000,0.000000,4400,4400,4400,4400,4400,4400,4400,4400,4400,4400,4400,1,0,4445.036529097706,4445.036529097706,4445.036529097706,4445.036529097706,0.0
1790320759,2,,Aggregated,0.000000,0.000000,0,0,0,0,0,0,0,0,0,0,0,3,0,4400,15376.124381719601,290.9236168818856,41392.412999179214,42.666666666666664
1790320760,2,POST,completion,0.000000,0.000000,41000,41000,41000,41000,41000,41000,41000,41000,41000,41000,41000,1,0,41392.412999179214,41392.412999179214,41392.412999179214,41392.412999179214,128.0
1790320760,2,TPOT,completion,0.000000,0.000000,290,290,290,290,290,290,290,290,290,290,290,1,0,290.9236168818856,290.9236168818856,290.9236168818856,290.9236168818856,0.0
1790320760,2,TTFT,completion,0.000000,0.000000,4400,4400,4400,4400,4400,4400,4400,4400,4400,4400,4400,1,0,4445.036529097706,4445.036529097706,4445.036529097706,4445.036529097706,0.0
1790320760,2,,Aggregated,0.000000,0.000000,0,0,0,0,0,0,0,0,0,0,0,3,0,4400,15376.124381719601,290.9236168818856,41392.412999179214,42.666666666666664
1790320761,2,POST,completion,0.000000,0.000000,41000,41000,41000,41000,41000,41000,41000,41000,41000,41000,41000,1,0,41392.412999179214,41392.412999179214,41392.412999179214,41392.412999179214,128.0
1790320761,2,TPOT,completion,0.000000,0.000000,290,290,290,290,290,290,290,290,290,290,290,1,0,290.9236168818856,290.9236168818856,290.9236168818856,290.9236168818856,0.0
1790320761,2,TTFT,completion,0.000000,0.000000,4400,4400,4400,4400,4400,4400,4400,4400,4400,4400,4400,1,0,4445.036529097706,4445.036529097706,4445.036529097706,4445.036529097706,0.0
1790320761,2,,Aggregated,0.000000,0.000000,0,0,0,0,0,0,0,0,0,0,0,3,0,4400,15376.124381719601,290.9236168818856,41392.412999179214,42.666666666666664
1790320762,2,POST,completion,0.000000,0.000000,41000,41000,41000,41000,41000,41000,41000,41000,41000,41000,41000,1,0,41392.412999179214,41392.412999179214,41392.412999179214,41392.412999179214,128.0
1790320762,2,TPOT,completion,0.000000,0.000000,290,290,290,290,290,290,290,290,290,290,290,1,0,290.9236168818856,290.9236168818856,290.9236168818856,290.9236168818856,0.0
1790320762,2,TTFT,completion,0.000000,0.000000,4400,4400,4400,4400,4400,4400,4400,4400,4400,4400,4400,1,0,4445.036529097706,4445.036529097706,4445.036529097706,4445.036529097706,0.0
1790320762,2,,Aggregated,0.000000,0.000000,0,0,0,0,0,0,0,0,0,0,0,3,0,4400,15376.124381719601,290.9236168818856,41392.412999179214,42.666666666666664
1790320763,2,POST,completion,0.000000,0.000000,41000,41000,41000,41000,41000,41000,41000,41000,41000,41000,41000,1,0,41392.412999179214,41392.412999179214,41392.412999179214,41392.412999179214,128.0
1790320763,2,TPOT,completion,0.000000,0.000000,290,290,290,290,290,290,290,290,290,290,290,1,0,290.9236168818856,290.9236168818856,290.9236168818856,290.9236168818856,0.0
1790320763,2,TTFT,completion,0.000000,0.000000,4400,4400,4400,4400,4400,4400,4400,4400,4400,4400,4400,1,0,4445.036529097706,4445.036529097706,4445.036529097706,4445.036529097706,0.0
1790320763,2,,Aggregated,0.000000,0.000000,0,0,0,0,0,0,0,0,0,0,0,3,0,4400,15376.124381719601,290.9236168818856,41392.412999179214,42.666666666666664
1790320764,2,POST,completion,0.000000,0.000000,41000,41000,41000,41000,41000,41000,41000,41000,41000,41000,41000,1,0,41392.412999179214,41392.412999179214,41392.412999179214,41392.412999179214,128.0
1790320764,2,TPOT,completion,0.000000,0.000000,290,290,290,290,290,290,290,290,290,290,290,1,0,290.9236168818856,290.9236168818856,290.9236168818856,290.9236168818856,0.0
1790320764,2,TTFT,completion,0.000000,0.000000,4400,4400,4400,4400,4400,4400,4400,4400,4400,4400,4400,1,0,4445.036529097706,4445.036529097706,4445.036529097706,4445.036529097706,0.0
1790320764,2,,Aggregated,0.000000,0.000000,0,0,0,0,0,0,0,0,0,0,0,3,0,4400,15376.124381719601,290.9236168818856,41392.412999179214,42.666666666666664
1790320765,2,POST,completion,0.000000,0.000000,41000,41000,41000,41000,41000,41000,41000,41000,41000,41000,41000,1,0,41392.412999179214,41392.412999179214,41392.412999179214,41392.412999179214,128.0
1790320765,2,TPOT,completion,0.000000,0.000000,290,290,290,290,290,290,290,290,290,290,290,1,0,290.9236168818856,290.9236168818856,290.9236168818856,290.9236168818856,0.0
1790320765,2,TTFT,completion,0.000000,0.000000,4400,4400,4400,4400,4400,4400,4400,4400,4400,4400,4400,1,0,4445.036529097706,4445.036529097706,4445.036529097706,4445.036529097706,0.0
1790320765,2,,Aggregated,0.000000,0.000000,0,0,0,0,0,0,0,0,0,0,0,3,0,4400,15376.124381719601,290.9236168818856,41392.412999179214,42.666666666666664
1790320766,2,POST,completion,0.000000,0.000000,41000,41000,41000,41000,41000,41000,41000,41000,41000,41000,41000,1,0,41392.412999179214,41392.412999179214,41392.412999179214,41392.412999179214,128.0
1790320766,2,TPOT,completion,0.000000,0.000000,290,290,290,290,290,290,290,290,290,290,290,1,0,290.9236168818856,290.9236168818856,290.9236168818856,290.9236168818856,0.0
1790320766,2,TTFT,completion,0.000000,0.000000,4400,4400,4400,4400,4400,4400,4400,4400,4400,4400,4400,1,0,4445.036529097706,4445.036529097706,4445.036529097706,4445.036529097706,0.0
1790320766,2,,Aggregated,0.000000,0.000000,0,0,0,0,0,0,0,0,0,0,0,3,0,4400,15376.124381719601,290.9236168818856,41392.412999179214,42.666666666666664
1790320767,2,POST,completion,0.000000,0.000000,41000,41000,41000,41000,41000,41000,41000,41000,41000,41000,41000,1,0,41392.412999179214,41392.412999179214,41392.412999179214,41392.412999179214,128.0
1790320767,2,TPOT,completion,0.000000,0.000000,290,290,290,290,290,290,290,290,290,290,290,1,0,290.9236168818856,290.9236168818856,290.9236168818856,290.9236168818856,0.0
1790320767,2,TTFT,completion,0.000000,0.000000,4400,4400,4400,4400,4400,4400,4400,4400,4400,4400,4400,1,0,4445.036529097706,4445.036529097706,4445.036529097706,4445.036529097706,0.0
1790320767,2,,Aggregated,0.000000,0.000000,0,0,0,0,0,0,0,0,0,0,0,3,0,4400,15376.124381719601,290.9236168818856,41392.412999179214,42.666666666666664
1790320768,2,POST,completion,0.000000,0.000000,41000,41000,41000,41000,41000,41000,41000,41000,41000,41000,41000,1,0,41392.412999179214,41392.412999179214,41392.412999179214,41392.412999179214,128.0
1790320768,2,TPOT,completion,0.000000,0.000000,290,290,290,290,290,290,290,290,290,290,290,1,0,290.9236168818856,290.9236168818856,290.9236168818856,290.9236168818856,0.0
1790320768,2,TTFT,completion,0.000000,0.000000,4400,4400,4400,4400,4400,4400,4400,4400,4400,4400,4400,1,0,4445.036529097706,4445.036529097706,4445.036529097706,4445.036529097706,0.0
1790320768,2,,Aggregated,0.000000,0.000000,0,0,0,0,0,0,0,0,0,0,0,3,0,4400,15376.124381719601,290.9236168818856,41392.412999179214,42.666666666666664
1790320769,2,POST,completion,0.000000,0.000000,41000,41000,41000,41000,41000,41000,41000,41000,41000,41000,41000,1,0,41392.412999179214,41392.412999179214,41392.412999179214,41392.412999179214,128.0
1790320769,2,TPOT,completion,0.000000,0.000000,290,290,290,290,290,290,290,290,290,290,290,1,0,290.9236168818856,290.9236168818856,290.9236168818856,290.9236168818856,0.0
1790320769,2,TTFT,completion,0.000000,0.000000,4400,4400,4400,4400,4400,4400,4400,4400,4400,4400,4400,1,0,4445.036529097706,4445.036529097706,4445.036529097706,4445.036529097706,0.0
1790320769,2,,Aggregated,0.000000,0.000000,0,0,0,0,0,0,0,0,0,0,0,3,0,4400,15376.124381719601,290.9236168818856,41392.412999179214,42.666666666666664
1790320770,2,POST,completion,0.000000,0.000000,41000,41000,41000,41000,41000,41000,41000,41000,41000,41000,41000,1,0,41392.412999179214,41392.412999179214,41392.412999179214,41392.412999179214,128.0
1790320770,2,TPOT,completion,0.000000,0.000000,290,290,290,290,290,290,290,290,290,290,290,1,0,290.9236168818856,290.9236168818856,290.9236168818856,290.9236168818856,0.0
1790320770,2,TTFT,completion,0.000000,0.000000,4400,4400,4400,4400,4400,4400,4400,4400,4400,4400,4400,1,0,4445.036529097706,4445.036529097706,4445.036529097706,4445.036529097706,0.0
1790320770,2,,Aggregated,0.000000,0.000000,0,0,0,0,0,0,0,0,0,0,0,3,0,4400,15376.124381719601,290.9236168818856,41392.412999179214,42.666666666666664
1790320771,2,POST,completion,0.000000,0.000000,41000,41000,41000,41000,41000,41000,41000,41000,41000,41000,41000,1,0,41392.412999179214,41392.412999179214,41392.412999179214,41392.412999179214,128.0
1790320771,2,TPOT,completion,0.000000,0.000000,290,290,290,290,290,290,290,290,290,290,290,1,0,290.9236168818856,290.9236168818856,290.9236168818856,290.9236168818856,0.0
1790320771,2,TTFT,completion,0.000000,0.000000,4400,4400,4400,4400,4400,4400,4400,4400,4400,4400,4400,1,0,4445.036529097706,4445.036529097706,4445.036529097706,4445.036529097706,0.0
1790320771,2,,Aggregated,0.000000,0.000000,0,0,0,0,0,0,0,0,0,0,0,3,0,4400,15376.124381719601,290.9236168818856,41392.412999179214,42.666666666666664
1790320772,2,POST,completion,0.000000,0.000000,41000,41000,41000,41000,41000,41000,41000,41000,41000,41000,41000,1,0,41392.412999179214,41392.412999179214,41392.412999179214,41392.412999179214,128.0
1790320772,2,TPOT,completion,0.000000,0.000000,290,290,290,290,290,290,290,290,290,290,290,1,0,290.9236168818856,290.9236168818856,290.9236168818856,290.9236168818856,0.0
1790320772,2,TTFT,completion,0.000000,0.000000,4400,4400,4400,4400,4400,4400,4400,4400,4400,4400,4400,1,0,4445.036529097706,4445.036529097706,4445.036529097706,4445.036529097706,0.0
1790320772,2,,Aggregated,0.000000,0.000000,0,0,0,0,0,0,0,0,0,0,0,3,0,4400,15376.124381719601,290.9236168818856,41392.412999179214,42.666666666666664
1790320773,2,POST,completion,0.000000,0.000000,41000,41000,41000,41000,41000,41000,41000,41000,41000,41000,41000,1,0,41392.412999179214,41392.412999179214,41392.412999179214,41392.412999179214,128.0
1790320773,2,TPOT,completion,0.000000,0.000000,290,290,290,290,290,290,290,290,290,290,290,1,0,290.9236168818856,290.9236168818856,290.9236168818856,290.9236168818856,0.0
1790320773,2,TTFT,completion,0.000000,0.000000,4400,4400,4400,4400,4400,4400,4400,4400,4400,4400,4400,1,0,4445.036529097706,4445.036529097706,4445.036529097706,4445.036529097706,0.0
1790320773,2,,Aggregated,0.000000,0.000000,0,0,0,0,0,0,0,0,0,0,0,3,0,4400,15376.124381719601,290.9236168818856,41392.412999179214,42.666666666666664
1790320774,2,POST,completion,0.000000,0.000000,41000,41000,41000,41000,41000,41000,41000,41000,41000,41000,41000,1,0,41392.412999179214,41392.412999179214,41392.412999179214,41392.412999179214,128.0
1790320774,2,TPOT,completion,0.000000,0.000000,290,290,290,290,290,290,290,290,290,290,290,1,0,290.9236168818856,290.9236168818856,290.9236168818856,290.9236168818856,0.0
1790320774,2,TTFT,completion,0.000000,0.000000,4400,4400,4400,4400,4400,4400,4400,4400,4400,4400,4400,1,0,4445.036529097706,4445.036529097706,4445.036529097706,4445.036529097706,0.0
1790320774,2,,Aggregated,0.000000,0.000000,0,0,0,0,0,0,0,0,0,0,0,3,0,4400,15376.124381719601,290.9236168818856,41392.412999179214,42.666666666666664
1790320775,2,POST,completion,0.000000,0.000000,41000,41000,41000,41000,41000,41000,41000,41000,41000,41000,41000,1,0,41392.412999179214,41392.412999179214,41392.412999179214,41392.412999179214,128.0
1790320775,2,TPOT,completion,0.000000,0.000000,290,290,290,290,290,290,290,290,290,290,290,1,0,290.9236168818856,290.9236168818856,290.9236168818856,290.9236168818856,0.0
1790320775,2,TTFT,completion,0.000000,0.000000,4400,4400,4400,4400,4400,4400,4400,4400,4400,4400,4400,1,0,4445.036529097706,4445.036529097706,4445.036529097706,4445.036529097706,0.0
1790320775,2,,Aggregated,0.000000,0.000000,0,0,0,0,0,0,0,0,0,0,0,3,0,4400,15376.124381719601,290.9236168818856,41392.412999179214,42.666666666666664
1790320776,2,POST,completion,0.000000,0.000000,0,0,0,0,0,0,0,0,0,0,0,2,0,41000,40961.0459090909,40529.67881900258,41392.412999179214,128.0
1790320776,2,TPOT,completion,0.000000,0.000000,0,0,0,0,0,0,0,0,0,0,0,2,0,290,287.40346653196286,283.8833161820401,290.9236168818856,0.0
1790320776,2,TTFT,completion,0.000000,0.000000,0,0,0,0,0,0,0,0,0,0,0,2,0,4476.434065960348,4460.735297529027,4445.036529097706,4476.434065960348,0.0
1790320776,2,,Aggregated,0.000000,0.000000,0,0,0,0,0,0,0,0,0,0,0,6,0,4500,15236.39489105063,283.8833161820401,41392.412999179214,42.666666666666664
1790320777,2,POST,completion,0.000000,0.000000,41000,41000,41000,41000,41000,41000,41000,41000,41000,41000,41000,2,0,41000,40961.0459090909,40529.67881900258,41392.412999179214,128.0
1790320777,2,TPOT,completion,0.000000,0.000000,280,280,280,280,280,280,280,280,280,280,280,2,0,290,287.40346653196286,283.8833161820401,290.9236168818856,0.0
1790320777,2,TTFT,completion,0.000000,0.000000,4500,4500,4500,4500,4500,4500,4500,4500,4500,4500,4500,2,0,4476.434065960348,4460.735297529027,4445.036529097706,4476.434065960348,0.0
1790320777,2,,Aggregated,0.000000,0.000000,4500,4500,41000,41000,41000,41000,41000,41000,41000,41000,41000,6,0,4500,15236.39489105063,283.8833161820401,41392.412999179214,42.666666666666664
1790320778,2,POST,completion,0.000000,0.000000,41000,41000,41000,41000,41000,41000,41000,41000,41000,41000,41000,2,0,41000,40961.0459090909,40529.67881900258,41392.412999179214,128.0
1790320778,2,TPOT,completion,0.000000,0.000000,280,280,280,280,280,280,280,280,280,280,280,2,0,290,287.40346653196286,283.8833161820401,290.9236168818856,0.0
1790320778,2,TTFT,completion,0.000000,0.000000,4500,4500,4500,4500,4500,4500,4500,4500,4500,4500,4500,2,0,4476.434065960348,4460.735297529027,4445.036529097706,4476.434065960348,0.0
1790320778,2,,Aggregated,0.000000,0.000000,4500,4500,41000,41000,41000,41000,41000,41000,41000,41000,41000,6,0,4500,15236.39489105063,283.8833161820401,41392.412999179214,42.666666666666664
1790320779,2,POST,completion,0.000000,0.000000,41000,41000,41000,41000,41000,41000,41000,41000,41000,41000,41000,2,0,41000,40961.0459090909,40529.67881900258,41392.412999179214,128.0
1790320779,2,TPOT,completion,0.000000,0.000000,280,280,280,280,280,280,280,280,280,280,280,2,0,290,287.40346653196286,283.8833161820401,290.9236168818856,0.0
1790320779,2,TTFT,completion,0.000000,0.000000,4500,4500,4500,4500,4500,4500,4500,4500,4500,4500,4500,2,0,4476.434065960348,4460.735297529027,4445.036529097706,4476.434065960348,0.0
1790320779,2,,Aggregated,0.000000,0.000000,4500,4500,41000,41000,41000,41000,41000,41000,41000,41000,41000,6,0,4500,15236.39489105063,283.8833161820401,41392.412999179214,42.666666666666664
1790320780,2,POST,completion,0.000000,0.000000,41000,41000,41000,41000,41000,41000,41000,41000,41000,41000,41000,2,0,41000,40961.0459090909,40529.67881900258,41392.412999179214,128.0
1790320780,2,TPOT,completion,0.000000,0.000000,280,280,280,280,280,280,280,280,280,280,280,2,0,290,287.40346653196286,283.8833161820401,290.9236168818856,0.0
1790320780,2,TTFT,completion,0.000000,0.000000,4500,4500,4500,4500,4500,4500,4500,4500,4500,4500,4500,2,0,4476.434065960348,4460.735297529027,4445.036529097706,4476.434065960348,0.0
1790320780,2,,Aggregated,0.000000,0.000000,4500,4500,41000,41000,41000,41000,41000,41000,41000,41000,41000,6,0,4500,15236.39489105063,283.8833161820401,41392.412999179214,42.666666666666664
1790320781,2,POST,completion,0.000000,0.000000,41000,41000,41000,41000,41000,41000,41000,41000,41000,41000,41000,2,0,41000,40961.0459090909,40529.67881900258,41392.412999179214,128.0
1790320781,2,TPOT,completion,0.000000,0.000000,280,280,280,280,280,280,280,280,280,280,280,2,0,290,287.40346653196286,283.8833161820401,290.9236168818856,0.0
1790320781,2,TTFT,completion,0.000000,0.000000,4500,4500,4500,4500,4500,4500,4500,4500,4500,4500,4500,2,0,4476.434065960348,4460.735297529027,4445.036529097706,4476.434065960348,0.0
1790320781,2,,Aggregated,0.000000,0.000000,4500,4500,41000,41000,41000,41000,41000,41000,41000,41000,41000,6,0,4500,15236.39489105063,283.8833161820401,41392.412999179214,42.666666666666664
1790320782,2,POST,completion,0.000000,0.000000,41000,41000,41000,41000,41000,41000,41000,41000,41000,41000,41000,2,0,41000,40961.0459090909,40529.67881900258,41392.412999179214,128.0
1790320782,2,TPOT,completion,0.000000,0.000000,280,280,280,280,280,280,280,280,280,280,280,2,0,290,287.40346653196286,283.8833161820401,290.9236168818856,0.0
1790320782,2,TTFT,completion,0.000000,0.000000,4500,4500,4500,4500,4500,4500,4500,4500,4500,4500,4500,2,0,4476.434065960348,4460.735297529027,4445.036529097706,4476.434065960348,0.0
1790320782,2,,Aggregated,0.000000,0.000000,4500,4500,41000,41000,41000,41000,41000,41000,41000,41000,41000,6,0,4500,15236.39489105063,283.8833161820401,41392.412999179214,42.666666666666664
1790320783,2,POST,completion,0.000000,0.000000,41000,41000,41000,41000,41000,41000,41000,41000,41000,41000,41000,2,0,41000,40961.0459090909,40529.67881900258,41392.412999179214,128.0
1790320783,2,TPOT,completion,0.000000,0.000000,280,280,280,280,280,280,280,280,280,280,280,2,0,290,287.40346653196286,283.8833161820401,290.9236168818856,0.0
1790320783,2,TTFT,completion,0.000000,0.000000,4500,4500,4500,4500,4500,4500,4500,4500,4500,4500,4500,2,0,4476.434065960348,4460.735297529027,4445.036529097706,4476.434065960348,0.0
1790320783,2,,Aggregated,0.000000,0.000000,4500,4500,41000,41000,41000,41000,41000,41000,41000,41000,41000,6,0,4500,15236.39489105063,283.8833161820401,41392.412999179214,42.666666666666664
1790320784,2,POST,completion,0.000000,0.000000,41000,41000,41000,41000,41000,41000,41000,41000,41000,41000,41000,2,0,41000,40961.0459090909,40529.67881900258,41392.412999179214,128.0
1790320784,2,TPOT,completion,0.000000,0.000000,280,280,280,280,280,280,280,280,280,280,280,2,0,290,287.40346653196286,283.8833161820401,290.9236168818856,0.0
1790320784,2,TTFT,completion,0.000000,0.000000,4500,4500,4500,4500,4500,4500,4500,4500,4500,4500,4500,2,0,4476.434065960348,4460.735297529027,4445.036529097706,4476.434065960348,0.0
1790320784,2,,Aggregated,0.000000,0.000000,4500,4500,41000,41000,41000,41000,41000,41000,41000,41000,41000,6,0,4500,15236.39489105063,283.8833161820401,41392.412999179214,42.666666666666664
1790320785,2,POST,completion,0.000000,0.000000,41000,41000,41000,41000,41000,41000,41000,41000,41000,41000,41000,2,0,41000,40961.0459090909,40529.67881900258,41392.412999179214,128.0
1790320785,2,TPOT,completion,0.000000,0.000000,280,280,280,280,280,280,280,280,280,280,280,2,0,290,287.40346653196286,283.8833161820401,290.9236168818856,0.0
1790320785,2,TTFT,completion,0.000000,0.000000,4500,4500,4500,4500,4500,4500,4500,4500,4500,4500,4500,2,0,4476.434065960348,4460.735297529027,4445.036529097706,4476.434065960348,0.0
1790320785,2,,Aggregated,0.000000,0.000000,4500,4500,41000,41000,41000,41000,41000,41000,41000,41000,41000,6,0,4500,15236.39489105063,283.8833161820401,41392.412999179214,42.666666666666664
1790320786,2,POST,completion,0.000000,0.000000,41000,41000,41000,41000,41000,41000,41000,41000,41000,41000,41000,2,0,41000,40961.0459090909,40529.67881900258,41392.412999179214,128.0
1790320786,2,TPOT,completion,0.000000,0.000000,280,280,280,280,280,280,280,280,280,280,280,2,0,290,287.40346653196286,283.8833161820401,290.9236168818856,0.0
1790320786,2,TTFT,completion,0.000000,0.000000,4500,4500,4500,4500,4500,4500,4500,4500,4500,4500,4500,2,0,4476.434065960348,4460.735297529027,4445.036529097706,4476.434065960348,0.0
1790320786,2,,Aggregated,0.000000,0.000000,4500,4500,41000,41000,41000,41000,41000,41000,41000,41000,41000,6,0,4500,15236.39489105063,283.8833161820401,41392.412999179214,42.666666666666664
1790320787,2,POST,completion,0.000000,0.000000,41000,41000,41000,41000,41000,41000,41000,41000,41000,41000,41000,2,0,41000,40961.0459090909,40529.67881900258,41392.412999179214,128.0
1790320787,2,TPOT,completion,0.000000,0.000000,280,280,280,280,280,280,280,280,280,280,280,2,0,290,287.40346653196286,283.8833161820401,290.9236168818856,0.0
1790320787,2,TTFT,completion,0.000000,0.000000,4500,4500,4500,4500,4500,4500,4500,4500,4500,4500,4500,2,0,4476.434065960348,4460.735297529027,4445.036529097706,4476.434065960348,0.0
1790320787,2,,Aggregated,0.000000,0.000000,4500,4500,41000,41000,41000,41000,41000,41000,41000,41000,41000,6,0,4500,15236.39489105063,283.8833161820401,41392.412999179214,42.666666666666664
1790320788,2,POST,completion,0.000000,0.000000,41000,41000,41000,41000,41000,41000,41000,41000,41000,41000,41000,2,0,41000,40961.0459090909,40529.67881900258,41392.412999179214,128.0
1790320788,2,TPOT,completion,0.000000,0.000000,280,280,280,280,280,280,280,280,280,280,280,2,0,290,287.40346653196286,283.8833161820401,290.9236168818856,0.0
1790320788,2,TTFT,completion,0.000000,0.000000,4500,4500,4500,4500,4500,4500,4500,4500,4500,4500,4500,2,0,4476.434065960348,4460.735297529027,4445.036529097706,4476.434065960348,0.0
1790320788,2,,Aggregated,0.000000,0.000000,4500,4500,41000,41000,41000,41000,41000,41000,41000,41000,41000,6,0,4500,15236.39489105063,283.8833161820401,41392.412999179214,42.666666666666664
1790320789,2,POST,completion,0.000000,0.000000,41000,41000,41000,41000,41000,41000,41000,41000,41000,41000,41000,2,0,41000,40961.0459090909,40529.67881900258,41392.412999179214,128.0
1790320789,2,TPOT,completion,0.000000,0.000000,280,280,280,280,280,280,280,280,280,280,280,2,0,290,287.40346653196286,283.8833161820401,290.9236168818856,0.0
1790320789,2,TTFT,completion,0.000000,0.000000,4500,4500,4500,4500,4500,4500,4500,4500,4500,4500,4500,2,0,4476.434065960348,4460.735297529027,4445.036529097706,4476.434065960348,0.0
1790320789,2,,Aggregated,0.000000,0.000000,4500,4500,41000,41000,41000,41000,41000,41000,41000,41000,41000,6,0,4500,15236.39489105063,283.8833161820401,41392.412999179214,42.666666666666664
1790320790,2,POST,completion,0.000000,0.000000,41000,41000,41000,41000,41000,41000,41000,41000,41000,41000,41000,2,0,41000,40961.0459090909,40529.67881900258,41392.412999179214,128.0
1790320790,2,TPOT,completion,0.000000,0.000000,280,280,280,280,280,280,280,280,280,280,280,2,0,290,287.40346653196286,283.8833161820401,290.9236168818856,0.0
1790320790,2,TTFT,completion,0.000000,0.000000,4500,4500,4500,4500,4500,4500,4500,4500,4500,4500,4500,2,0,4476.434065960348,4460.735297529027,4445.036529097706,4476.434065960348,0.0
1790320790,2,,Aggregated,0.000000,0.000000,4500,4500,41000,41000,41000,41000,41000,41000,41000,41000,41000,6,0,4500,15236.39489105063,283.8833161820401,41392.412999179214,42.666666666666664
1790320791,2,POST,completion,0.000000,0.000000,41000,41000,41000,41000,41000,41000,41000,41000,41000,41000,41000,2,0,41000,40961.0459090909,40529.67881900258,41392.412999179214,128.0
1790320791,2,TPOT,completion,0.000000,0.000000,280,280,280,280,280,280,280,280,280,280,280,2,0,290,287.40346653196286,283.8833161820401,290.9236168818856,0.0
1790320791,2,TTFT,completion,0.000000,0.000000,4500,4500,4500,4500,4500,4500,4500,4500,4500,4500,4500,2,0,4476.434065960348,4460.735297529027,4445.036529097706,4476.434065960348,0.0
1790320791,2,,Aggregated,0.000000,0.000000,4500,4500,41000,41000,41000,41000,41000,41000,41000,41000,41000,6,0,4500,15236.39489105063,283.8833161820401,41392.412999179214,42.666666666666664
1790320792,2,POST,completion,0.000000,0.000000,41000,41000,41000,41000,41000,41000,41000,41000,41000,41000,41000,2,0,41000,40961.0459090909,40529.67881900258,41392.412999179214,128.0
1790320792,2,TPOT,completion,0.000000,0.000000,280,280,280,280,280,280,280,280,280,280,280,2,0,290,287.40346653196286,283.8833161820401,290.9236168818856,0.0
1790320792,2,TTFT,completion,0.000000,0.000000,4500,4500,4500,4500,4500,4500,4500,4500,4500,4500,4500,2,0,4476.434065960348,4460.735297529027,4445.036529097706,4476.434065960348,0.0
1790320792,2,,Aggregated,0.000000,0.000000,4500,4500,41000,41000,41000,41000,41000,41000,41000,41000,41000,6,0,4500,15236.39489105063,283.8833161820401,41392.412999179214,42.666666666666664
1790320793,2,POST,completion,0.000000,0.000000,41000,41000,41000,41000,41000,41000,41000,41000,41000,41000,41000,2,0,41000,40961.0459090909,40529.67881900258,41392.412999179214,128.0
1790320793,2,TPOT,completion,0.000000,0.000000,280,280,280,280,280,280,280,280,280,280,280,2,0,290,287.40346653196286,283.8833161820401,290.9236168818856,0.0
1790320793,2,TTFT,completion,0.000000,0.000000,4500,4500,4500,4500,4500,4500,4500,4500,4500,4500,4500,2,0,4476.434065960348,4460.735297529027,4445.036529097706,4476.434065960348,0.0
1790320793,2,,Aggregated,0.000000,0.000000,4500,4500,41000,41000,41000,41000,41000,41000,41000,41000,41000,6,0,4500,15236.39489105063,283.8833161820401,41392.412999179214,42.666666666666664
1790320794,2,POST,completion,0.000000,0.000000,0,0,0,0,0,0,0,0,0,0,0,2,0,41000,40961.0459090909,40529.67881900258,41392.412999179214,128.0
1790320794,2,TPOT,completion,0.000000,0.000000,0,0,0,0,0,0,0,0,0,0,0,2,0,290,287.40346653196286,283.8833161820401,290.9236168818856,0.0
1790320794,2,TTFT,completion,0.000000,0.000000,0,0,0,0,0,0,0,0,0,0,0,2,0,4476.434065960348,4460.735297529027,4445.036529097706,4476.434065960348,0.0
1790320794,2,,Aggregated,0.000000,0.000000,0,0,0,0,0,0,0,0,0,0,0,6,0,4500,15236.39489105063,283.8833161820401,41392.412999179214,42.666666666666664
1790320795,2,POST,completion,0.000000,0.000000,0,0,0,0,0,0,0,0,0,0,0,2,0,41000,40961.0459090909,40529.67881900258,41392.412999179214,128.0
1790320795,2,TPOT,completion,0.000000,0.000000,0,0,0,0,0,0,0,0,0,0,0,2,0,290,287.40346653196286,283.8833161820401,290.9236168818856,0.0
1790320795,2,TTFT,completion,0.000000,0.000000,0,0,0,0,0,0,0,0,0,0,0,2,0,4476.434065960348,4460.735297529027,4445.036529097706,4476.434065960348,0.0
1790320795,2,,Aggregated,0.000000,0.000000,0,0,0,0,0,0,0,0,0,0,0,6,0,4500,15236.39489105063,283.8833161820401,41392.412999179214,42.666666666666664
1790320796,2,POST,completion,0.000000,0.000000,0,0,0,0,0,0,0,0,0,0,0,2,0,41000,40961.0459090909,40529.67881900258,41392.412999179214,128.0
1790320796,2,TPOT,completion,0.000000,0.000000,0,0,0,0,0,0,0,0,0,0,0,2,0,290,287.40346653196286,283.8833161820401,290.9236168818856,0.0
1790320796,2,TTFT,completion,0.000000,0.000000,0,0,0,0,0,0,0,0,0,0,0,2,0,4476.434065960348,4460.735297529027,4445.036529097706,4476.434065960348,0.0
1790320796,2,,Aggregated,0.000000,0.000000,0,0,0,0,0,0,0,0,0,0,0,6,0,4500,15236.39489105063,283.8833161820401,41392.412999179214,42.666666666666664
1790320797,2,POST,completion,0.000000,0.000000,0,0,0,0,0,0,0,0,0,0,0,2,0,41000,40961.0459090909,40529.67881900258,41392.412999179214,128.0
1790320797,2,TPOT,completion,0.000000,0.000000,0,0,0,0,0,0,0,0,0,0,0,2,0,290,287.40346653196286,283.8833161820401,290.9236168818856,0.0
1790320797,2,TTFT,completion,0.000000,0.000000,0,0,0,0,0,0,0,0,0,0,0,2,0,4476.434065960348,4460.735297529027,4445.036529097706,4476.434065960348,0.0
1790320797,2,,Aggregated,0.000000,0.000000,0,0,0,0,0,0,0,0,0,0,0,6,0,4500,15236.39489105063,283.8833161820401,41392.412999179214,42.666666666666664
1790320798,2,POST,completion,0.000000,0.000000,0,0,0,0,0,0,0,0,0,0,0,2,0,41000,40961.0459090909,40529.67881900258,41392.412999179214,128.0
1790320798,2,TPOT,completion,0.000000,0.000000,0,0,0,0,0,0,0,0,0,0,0,2,0,290,287.40346653196286,283.8833161820401,290.9236168818856,0.0
1790320798,2,TTFT,completion,0.000000,0.000000,0,0,0,0,0,0,0,0,0,0,0,2,0,4476.434065960348,4460.735297529027,4445.036529097706,4476.434065960348,0.0
1790320798,2,,Aggregated,0.000000,0.000000,0,0,0,0,0,0,0,0,0,0,0,6,0,4500,15236.39489105063,283.8833161820401,41392.412999179214,42.666666666666664
1790320799,2,POST,completion,0.000000,0.000000,41000,41000,41000,41000,41000,41000,41000,41000,41000,41000,41000,3,0,41000,40998.5219744655,40529.67881900258,41392.412999179214,128.0
1790320799,2,TPOT,completion,0.000000,0.000000,290,290,290,290,290,290,290,290,290,290,290,3,0,290,287.64840037246626,283.8833161820401,290.9236168818856,0.0
1790320799,2,TTFT,completion,0.000000,0.000000,4500,4500,4500,4500,4500,4500,4500,4500,4500,4500,4500,3,0,4479.8523772042245,4467.107657420759,4445.036529097706,4479.8523772042245,0.0
1790320799,2,,Aggregated,0.000000,0.000000,4500,4500,41000,41000,41000,41000,41000,41000,41000,41000,41000,9,0,4500,15251.092677419576,283.8833161820401,41392.412999179214,42.666666666666664
1790320800,2,POST,completion,0.000000,0.000000,41000,41000,41000,41000,41000,41000,41000,41000,41000,41000,41000,3,0,41000,40998.5219744655,40529.67881900258,41392.412999179214,128.0
1790320800,2,TPOT,completion,0.000000,0.000000,290,290,290,290,290,290,290,290,290,290,290,3,0,290,287.64840037246626,283.8833161820401,290.9236168818856,0.0
1790320800,2,TTFT,completion,0.000000,0.000000,4500,4500,4500,4500,4500,4500,4500,4500,4500,4500,4500,3,0,4479.8523772042245,4467.107657420759,4445.036529097706,4479.8523772042245,0.0
1790320800,2,,Aggregated,0.000000,0.000000,4500,4500,41000,41000,41000,41000,41000,41000,41000,41000,41000,9,0,4500,15251.092677419576,283.8833161820401,41392.412999179214,42.666666666666664
1790320801,2,POST,completion,0.000000,0.000000,41000,41000,41000,41000,41000,41000,41000,41000,41000,41000,41000,3,0,41000,40998.5219744655,40529.67881900258,41392.412999179214,128.0
1790320801,2,TPOT,completion,0.000000,0.000000,290,290,290,290,290,290,290,290,290,290,290,3,0,290,287.64840037246626,283.8833161820401,290.9236168818856,0.0
1790320801,2,TTFT,completion,0.000000,0.000000,4500,4500,4500,4500,4500,4500,4500,4500,4500,4500,4500,3,0,4479.8523772042245,4467.107657420759,4445.036529097706,4479.8523772042245,0.0
1790320801,2,,Aggregated,0.000000,0.000000,4500,4500,41000,41000,41000,41000,41000,41000,41000,41000,41000,9,0,4500,15251.092677419576,283.8833161820401,41392.412999179214,42.666666666666664
1790320802,2,POST,completion,0.000000,0.000000,41000,41000,41000,41000,41000,41000,41000,41000,41000,41000,41000,3,0,41000,40998.5219744655,40529.67881900258,41392.412999179214,128.0
1790320802,2,TPOT,completion,0.000000,0.000000,290,290,290,290,290,290,290,290,290,290,290,3,0,290,287.64840037246626,283.8833161820401,290.9236168818856,0.0
1790320802,2,TTFT,completion,0.000000,0.000000,4500,4500,4500,4500,4500,4500,4500,4500,4500,4500,4500,3,0,4479.8523772042245,4467.107657420759,4445.036529097706,4479.8523772042245,0.0
1790320802,2,,Aggregated,0.000000,0.000000,4500,4500,41000,41000,41000,41000,41000,41000,41000,41000,41000,9,0,4500,15251.092677419576,283.8833161820401,41392.412999179214,42.666666666666664
1790320803,2,POST,completion,0.000000,0.000000,41000,41000,41000,41000,41000,41000,41000,41000,41000,41000,41000,3,0,41000,40998.5219744655,40529.67881900258,41392.412999179214,128.0
1790320803,2,TPOT,completion,0.000000,0.000000,290,290,290,290,290,290,290,290,290,290,290,3,0,290,287.64840037246626,283.8833161820401,290.9236168818856,0.0
1790320803,2,TTFT,completion,0.000000,0.000000,4500,4500,4500,4500,4500,4500,4500,4500,4500,4500,4500,3,0,4479.8523772042245,4467.107657420759,4445.036529097706,4479.8523772042245,0.0
1790320803,2,,Aggregated,0.000000,0.000000,4500,4500,41000,41000,41000,41000,41000,41000,41000,41000,41000,9,0,4500,15251.092677419576,283.8833161820401,41392.412999179214,42.666666666666664
1790320804,2,POST,completion,0.000000,0.000000,41000,41000,41000,41000,41000,41000,41000,41000,41000,41000,41000,3,0,41000,40998.5219744655,40529.67881900258,41392.412999179214,128.0
1790320804,2,TPOT,completion,0.000000,0.000000,290,290,290,290,290,290,290,290,290,290,290,3,0,290,287.64840037246626,283.8833161820401,290.9236168818856,0.0
1790320804,2,TTFT,completion,0.000000,0.000000,4500,4500,4500,4500,4500,4500,4500,4500,4500,4500,4500,3,0,4479.8523772042245,4467.107657420759,4445.036529097706,4479.8523772042245,0.0
1790320804,2,,Aggregated,0.000000,0.000000,4500,4500,41000,41000,41000,41000,41000,41000,41000,41000,41000,9,0,4500,15251.092677419576,283.8833161820401,41392.412999179214,42.666666666666664
1790320805,2,POST,completion,0.000000,0.000000,41000,41000,41000,41000,41000,41000,41000,41000,41000,41000,41000,3,0,41000,40998.5219744655,40529.67881900258,41392.412999179214,128.0
1790320805,2,TPOT,completion,0.000000,0.000000,290,290,290,290,290,290,290,290,290,290,290,3,0,290,287.64840037246626,283.8833161820401,290.9236168818856,0.0
1790320805,2,TTFT,completion,0.000000,0.000000,4500,4500,4500,4500,4500,4500,4500,4500,4500,4500,4500,3,0,4479.8523772042245,4467.107657420759,4445.036529097706,4479.8523772042245,0.0
1790320805,2,,Aggregated,0.000000,0.000000,4500,4500,41000,41000,41000,41000,41000,41000,41000,41000,41000,9,0,4500,15251.092677419576,283.8833161820401,41392.412999179214,42.666666666666664
1790320806,2,POST,completion,0.000000,0.000000,41000,41000,41000,41000,41000,41000,41000,41000,41000,41000,41000,3,0,41000,40998.5219744655,40529.67881900258,41392.412999179214,128.0
1790320806,2,TPOT,completion,0.000000,0.000000,290,290,290,290,290,290,290,290,290,290,290,3,0,290,287.64840037246626,283.8833161820401,290.9236168818856,0.0
1790320806,2,TTFT,completion,0.000000,0.000000,4500,4500,4500,4500,4500,4500,4500,4500,4500,4500,4500,3,0,4479.8523772042245,4467.107657420759,4445.036529097706,4479.8523772042245,0.0
1790320806,2,,Aggregated,0.000000,0.000000,4500,4500,41000,41000,41000,41000,41000,41000,41000,41000,41000,9,0,4500,15251.092677419576,283.8833161820401,41392.412999179214,42.666666666666664
1790320807,2,POST,completion,0.000000,0.000000,41000,41000,41000,41000,41000,41000,41000,41000,41000,41000,41000,3,0,41000,40998.5219744655,40529.67881900258,41392.412999179214,128.0
1790320807,2,TPOT,completion,0.000000,0.000000,290,290,290,290,290,290,290,290,290,290,290,3,0,290,287.64840037246626,283.8833161820401,290.9236168818856,0.0
1790320807,2,TTFT,completion,0.000000,0.000000,4500,4500,4500,4500,4500,4500,4500,4500,4500,4500,4500,3,0,4479.8523772042245,4467.107657420759,4445.036529097706,4479.8523772042245,0.0
1790320807,2,,Aggregated,0.000000,0.000000,4500,4500,41000,41000,41000,41000,41000,41000,41000,41000,41000,9,0,4500,15251.092677419576,283.8833161820401,41392.412999179214,42.666666666666664
1790320808,2,POST,completion,0.000000,0.000000,41000,41000,41000,41000,41000,41000,41000,41000,41000,41000,41000,3,0,41000,40998.5219744655,40529.67881900258,41392.412999179214,128.0
1790320808,2,TPOT,completion,0.000000,0.000000,290,290,290,290,290,290,290,290,290,290,290,3,0,290,287.64840037246626,283.8833161820401,290.9236168818856,0.0
1790320808,2,TTFT,completion,0.000000,0.000000,4500,4500,4500,4500,4500,4500,4500,4500,4500,4500,4500,3,0,4479.8523772042245,4467.107657420759,4445.036529097706,4479.8523772042245,0.0
1790320808,2,,Aggregated,0.000000,0.000000,4500,4500,41000,41000,41000,41000,41000,41000,41000,41000,41000,9,0,4500,15251.092677419576,283.8833161820401,41392.412999179214,42.666666666666664
1790320809,2,POST,completion,0.000000,0.000000,41000,41000,41000,41000,41000,41000,41000,41000,41000,41000,41000,3,0,41000,40998.5219744655,40529.67881900258,41392.412999179214,128.0
1790320809,2,TPOT,completion,0.000000,0.000000,290,290,290,290,290,290,290,290,290,290,290,3,0,290,287.64840037246626,283.8833161820401,290.9236168818856,0.0
1790320809,2,TTFT,completion,0.000000,0.000000,4500,4500,4500,4500,4500,4500,4500,4500,4500,4500,4500,3,0,4479.8523772042245,4467.107657420759,4445.036529097706,4479.8523772042245,0.0
1790320809,2,,Aggregated,0.000000,0.000000,4500,4500,41000,41000,41000,41000,41000,41000,41000,41000,41000,9,0,4500,15251.092677419576,283.8833161820401,41392.412999179214,42.666666666666664
1790320810,2,POST,completion,0.000000,0.000000,41000,41000,41000,41000,41000,41000,41000,41000,41000,41000,41000,3,0,41000,40998.5219744655,40529.67881900258,41392.412999179214,128.0
1790320810,2,TPOT,completion,0.000000,0.000000,290,290,290,290,290,290,290,290,290,290,290,3,0,290,287.64840037246626,283.8833161820401,290.9236168818856,0.0
1790320810,2,TTFT,completion,0.000000,0.000000,4500,4500,4500,4500,4500,4500,4500,4500,4500,4500,4500,3,0,4479.8523772042245,4467.107657420759,4445.036529097706,4479.8523772042245,0.0
1790320810,2,,Aggregated,0.000000,0.000000,4500,4500,41000,41000,41000,41000,41000,41000,41000,41000,41000,9,0,4500,15251.092677419576,283.8833161820401,41392.412999179214,42.666666666666664
1790320811,2,POST,completion,0.000000,0.000000,41000,41000,41000,41000,41000,41000,41000,41000,41000,41000,41000,3,0,41000,40998.5219744655,40529.67881900258,41392.412999179214,128.0
1790320811,2,TPOT,completion,0.000000,0.000000,290,290,290,290,290,290,290,290,290,290,290,3,0,290,287.64840037246626,283.8833161820401,290.9236168818856,0.0
1790320811,2,TTFT,completion,0.000000,0.000000,4500,4500,4500,4500,4500,4500,4500,4500,4500,4500,4500,3,0,4479.8523772042245,4467.107657420759,4445.036529097706,4479.8523772042245,0.0
1790320811,2,,Aggregated,0.000000,0.000000,4500,4500,41000,41000,41000,41000,41000,41000,41000,41000,41000,9,0,4500,15251.092677419576,283.8833161820401,41392.412999179214,42.666666666666664
1790320812,2,POST,completion,0.000000,0.000000,41000,41000,41000,41000,41000,41000,41000,41000,41000,41000,41000,3,0,41000,40998.5219744655,40529.67881900258,41392.412999179214,128.0
1790320812,2,TPOT,completion,0.000000,0.000000,290,290,290,290,290,290,290,290,290,290,290,3,0,290,287.64840037246626,283.8833161820401,290.9236168818856,0.0
1790320812,2,TTFT,completion,0.000000,0.000000,4500,4500,4500,4500,4500,4500,4500,4500,4500,4500,4500,3,0,4479.8523772042245,4467.107657420759,4445.036529097706,4479.8523772042245,0.0
1790320812,2,,Aggregated,0.000000,0.000000,4500,4500,41000,41000,41000,41000,41000,41000,41000,41000,41000,9,0,4500,15251.092677419576,283.8833161820401,41392.412999179214,42.666666666666664
1790320813,2,POST,completion,0.000000,0.000000,41000,41000,41000,41000,41000,41000,41000,41000,41000,41000,41000,3,0,41000,40998.5219744655,40529.67881900258,41392.412999179214,128.0
1790320813,2,TPOT,completion,0.000000,0.000000,290,290,290,290,290,290,290,290,290,290,290,3,0,290,287.64840037246626,283.8833161820401,290.9236168818856,0.0
1790320813,2,TTFT,completion,0.000000,0.000000,4500,4500,4500,4500,4500,4500,4500,4500,4500,4500,4500,3,0,4479.8523772042245,4467.107657420759,4445.036529097706,4479.8523772042245,0.0
1790320813,2,,Aggregated,0.000000,0.000000,4500,4500,41000,41000,41000,41000,41000,41000,41000,41000,41000,9,0,4500,15251.092677419576,283.8833161820401,41392.412999179214,42.666666666666664
1790320814,2,POST,completion,0.000000,0.000000,41000,41000,41000,41000,41000,41000,41000,41000,41000,41000,41000,3,0,41000,40998.5219744655,40529.67881900258,41392.412999179214,128.0
1790320814,2,TPOT,completion,0.000000,0.000000,290,290,290,290,290,290,290,290,290,290,290,3,0,290,287.64840037246626,283.8833161820401,290.9236168818856,0.0
1790320814,2,TTFT,completion,0.000000,0.000000,4500,4500,4500,4500,4500,4500,4500,4500,4500,4500,4500,3,0,4479.8523772042245,4467.107657420759,4445.036529097706,4479.8523772042245,0.0
1790320814,2,,Aggregated,0.000000,0.000000,4500,4500,41000,41000,41000,41000,41000,41000,41000,41000,41000,9,0,4500,15251.092677419576,283.8833161820401,41392.412999179214,42.666666666666664
1790320815,2,POST,completion,0.000000,0.000000,41000,41000,41000,41000,41000,41000,41000,41000,41000,41000,41000,3,0,41000,40998.5219744655,40529.67881900258,41392.412999179214,128.0
1790320815,2,TPOT,completion,0.000000,0.000000,290,290,290,290,290,290,290,290,290,290,290,3,0,290,287.64840037246626,283.8833161820401,290.9236168818856,0.0
1790320815,2,TTFT,completion,0.000000,0.000000,4500,4500,4500,4500,4500,4500,4500,4500,4500,4500,4500,3,0,4479.8523772042245,4467.107657420759,4445.036529097706,4479.8523772042245,0.0
1790320815,2,,Aggregated,0.000000,0.000000,4500,4500,41000,41000,41000,41000,41000,41000,41000,41000,41000,9,0,4500,15251.092677419576,283.8833161820401,41392.412999179214,42.666666666666664
1790320816,2,POST,completion,0.000000,0.000000,0,0,0,0,0,0,0,0,0,0,0,3,0,41000,40998.5219744655,40529.67881900258,41392.412999179214,128.0
1790320816,2,TPOT,completion,0.000000,0.000000,0,0,0,0,0,0,0,0,0,0,0,3,0,290,287.64840037246626,283.8833161820401,290.9236168818856,0.0
1790320816,2,TTFT,completion,0.000000,0.000000,0,0,0,0,0,0,0,0,0,0,0,3,0,4479.8523772042245,4467.107657420759,4445.036529097706,4479.8523772042245,0.0
1790320816,2,,Aggregated,0.000000,0.000000,0,0,0,0,0,0,0,0,0,0,0,9,0,4500,15251.092677419576,283.8833161820401,41392.412999179214,42.666666666666664
1790320817,2,POST,completion,0.000000,0.000000,41000,41000,41000,41000,41000,41000,41000,41000,41000,41000,41000,4,0,41000,40971.8179430929,40529.67881900258,41392.412999179214,128.0
1790320817,2,TPOT,completion,0.000000,0.000000,290,290,290,290,290,290,290,290,290,290,290,4,0,290,287.15469296627464,283.8833161820401,290.9236168818856,0.0
1790320817,2,TTFT,completion,0.000000,0.000000,4600,4600,4600,4600,4600,4600,4600,4600,4600,4600,4600,4,0,4500,4503.102605813183,4445.036529097706,4611.087450990453,0.0
1790320817,2,,Aggregated,0.000000,0.000000,4600,4600,41000,41000,41000,41000,41000,41000,41000,41000,41000,12,0,4500,15254.025080624118,283.8833161820401,41392.412999179214,42.666666666666664
1790320818,2,POST,completion,0.000000,0.000000,41000,41000,41000,41000,41000,41000,41000,41000,41000,41000,41000,4,0,41000,40971.8179430929,40529.67881900258,41392.412999179214,128.0
1790320818,2,TPOT,completion,0.000000,0.000000,290,290,290,290,290,290,290,290,290,290,290,4,0,290,287.15469296627464,283.8833161820401,290.9236168818856,0.0
1790320818,2,TTFT,completion,0.000000,0.000000,4600,4600,4600,4600,4600,4600,4600,4600,4600,4600,4600,4,0,4500,4503.102605813183,4445.036529097706,4611.087450990453,0.0
1790320818,2,,Aggregated,0.000000,0.000000,4600,4600,41000,41000,41000,41000,41000,41000,41000,41000,41000,12,0,4500,15254.025080624118,283.8833161820401,41392.412999179214,42.666666666666664
1790320819,2,POST,completion,0.000000,0.000000,41000,41000,41000,41000,41000,41000,41000,41000,41000,41000,41000,4,0,41000,40971.8179430929,40529.67881900258,41392.412999179214,128.0
1790320819,2,TPOT,completion,0.000000,0.000000,290,290,290,290,290,290,290,290,290,290,290,4,0,290,287.15469296627464,283.8833161820401,290.9236168818856,0.0
1790320819,2,TTFT,completion,0.000000,0.000000,4600,4600,4600,4600,4600,4600,4600,4600,4600,4600,4600,4,0,4500,4503.102605813183,4445.036529097706,4611.087450990453,0.0
1790320819,2,,Aggregated,0.000000,0.000000,4600,4600,41000,41000,41000,41000,41000,41000,41000,41000,41000,12,0,4500,15254.025080624118,283.8833161820401,41392.412999179214,42.666666666666664
1790320820,2,POST,completion,0.000000,0.000000,41000,41000,41000,41000,41000,41000,41000,41000,41000,41000,41000,4,0,41000,40971.8179430929,40529.67881900258,41392.412999179214,128.0
1790320820,2,TPOT,completion,0.000000,0.000000,290,290,290,290,290,290,290,290,290,290,290,4,0,290,287.15469296627464,283.8833161820401,290.9236168818856,0.0
1790320820,2,TTFT,completion,0.000000,0.000000,4600,4600,4600,4600,4600,4600,4600,4600,4600,4600,4600,4,0,4500,4503.102605813183,4445.036529097706,4611.087450990453,0.0
1790320820,2,,Aggregated,0.000000,0.000000,4600,4600,41000,41000,41000,41000,41000,41000,41000,41000,41000,12,0,4500,15254.025080624118,283.8833161820401,41392.412999179214,42.666666666666664
1790320821,2,POST,completion,0.000000,0.000000,41000,41000,41000,41000,41000,41000,41000,41000,41000,41000,41000,4,0,41000,40971.8179430929,40529.67881900258,41392.412999179214,128.0
1790320821,2,TPOT,completion,0.000000,0.000000,290,290,290,290,290,290,290,290,290,290,290,4,0,290,287.15469296627464,283.8833161820401,290.9236168818856,0.0
1790320821,2,TTFT,completion,0.000000,0.000000,4600,4600,4600,4600,4600,4600,4600,4600,4600,4600,4600,4,0,4500,4503.102605813183,4445.036529097706,4611.087450990453,0.0
1790320821,2,,Aggregated,0.000000,0.000000,4600,4600,41000,41000,41000,41000,41000,41000,41000,41000,41000,12,0,4500,15254.025080624118,283.8833161820401,41392.412999179214,42.666666666666664
1790320822,2,POST,completion,0.000000,0.000000,41000,41000,41000,41000,41000,41000,41000,41000,41000,41000,41000,4,0,41000,40971.8179430929,40529.67881900258,41392.412999179214,128.0
1790320822,2,TPOT,completion,0.000000,0.000000,290,290,290,290,290,290,290,290,290,290,290,4,0,290,287.15469296627464,283.8833161820401,290.9236168818856,0.0
1790320822,2,TTFT,completion,0.000000,0.000000,4600,4600,4600,4600,4600,4600,4600,4600,4600,4600,4600,4,0,4500,4503.102605813183,4445.036529097706,4611.087450990453,0.0
1790320822,2,,Aggregated,0.000000,0.000000,4600,4600,41000,41000,41000,41000,41000,41000,41000,41000,41000,12,0,4500,15254.025080624118,283.8833161820401,41392.412999179214,42.666666666666664
1790320823,2,POST,completion,0.000000,0.000000,41000,41000,41000,41000,41000,41000,41000,41000,41000,41000,41000,4,0,41000,40971.8179430929,40529.67881900258,41392.412999179214,128.0
1790320823,2,TPOT,completion,0.000000,0.000000,290,290,290,290,290,290,290,290,290,290,290,4,0,290,287.15469296627464,283.8833161820401,290.9236168818856,0.0
1790320823,2,TTFT,completion,0.000000,0.000000,4600,4600,4600,4600,4600,4600,4600,4600,4600,4600,4600,4,0,4500,4503.102605813183,4445.036529097706,4611.087450990453,0.0
1790320823,2,,Aggregated,0.000000,0.000000,4600,4600,41000,41000,41000,41000,41000,41000,41000,41000,41000,12,0,4500,15254.025080624118,283.8833161820401,41392.412999179214,42.666666666666664
1790320824,2,POST,completion,0.000000,0.000000,41000,41000,41000,41000,41000,41000,41000,41000,41000,41000,41000,4,0,41000,40971.8179430929,40529.67881900258,41392.412999179214,128.0
1790320824,2,TPOT,completion,0.000000,0.000000,290,290,290,290,290,290,290,290,290,290,290,4,0,290,287.15469296627464,283.8833161820401,290.9236168818856,0.0
1790320824,2,TTFT,completion,0.000000,0.000000,4600,4600,4600,4600,4600,4600,4600,4600,4600,4600,4600,4,0,4500,4503.102605813183,4445.036529097706,4611.087450990453,0.0
1790320824,2,,Aggregated,0.000000,0.000000,4600,4600,41000,41000,41000,41000,41000,41000,41000,41000,41000,12,0,4500,15254.025080624118,283.8833161820401,41392.412999179214,42.666666666666664
1790320825,2,POST,completion,0.000000,0.000000,41000,41000,41000,41000,41000,41000,41000,41000,41000,41000,41000,4,0,41000,40971.8179430929,40529.67881900258,41392.412999179214,128.0
1790320825,2,TPOT,completion,0.000000,0.000000,290,290,290,290,290,290,290,290,290,290,290,4,0,290,287.15469296627464,283.8833161820401,290.9236168818856,0.0
1790320825,2,TTFT,completion,0.000000,0.000000,4600,4600,4600,4600,4600,4600,4600,4600,4600,4600,4600,4,0,4500,4503.102605813183,4445.036529097706,4611.087450990453,0.0
1790320825,2,,Aggregated,0.000000,0.000000,4600,4600,41000,41000,41000,41000,41000,41000,41000,41000,41000,12,0,4500,15254.025080624118,283.8833161820401,41392.412999179214,42.666666666666664
1790320826,2,POST,completion,0.000000,0.000000,41000,41000,41000,41000,41000,41000,41000,41000,41000,41000,41000,4,0,41000,40971.8179430929,40529.67881900258,41392.412999179214,128.0
1790320826,2,TPOT,completion,0.000000,0.000000,290,290,290,290,290,290,290,290,290,290,290,4,0,290,287.15469296627464,283.8833161820401,290.9236168818856,0.0
1790320826,2,TTFT,completion,0.000000,0.000000,4600,4600,4600,4600,4600,4600,4600,4600,4600,4600,4600,4,0,4500,4503.102605813183,4445.036529097706,4611.087450990453,0.0
1790320826,2,,Aggregated,0.000000,0.000000,4600,4600,41000,41000,41000,41000,41000,41000,41000,41000,41000,12,0,4500,15254.025080624118,283.8833161820401,41392.412999179214,42.666666666666664
1790320827,2,POST,completion,0.000000,0.000000,41000,41000,41000,41000,41000,41000,41000,41000,41000,41000,41000,4,0,41000,40971.8179430929,40529.67881900258,41392.412999179214,128.0
1790320827,2,TPOT,completion,0.000000,0.000000,290,290,290,290,290,290,290,290,290,290,290,4,0,290,287.15469296627464,283.8833161820401,290.9236168818856,0.0
1790320827,2,TTFT,completion,0.000000,0.000000,4600,4600,4600,4600,4600,4600,4600,4600,4600,4600,4600,4,0,4500,4503.102605813183,4445.036529097706,4611.087450990453,0.0
1790320827,2,,Aggregated,0.000000,0.000000,4600,4600,41000,41000,41000,41000,41000,41000,41000,41000,41000,12,0,4500,15254.025080624118,283.8833161820401,41392.412999179214,42.666666666666664
1790320828,2,POST,completion,0.000000,0.000000,41000,41000,41000,41000,41000,41000,41000,41000,41000,41000,41000,4,0,41000,40971.8179430929,40529.67881900258,41392.412999179214,128.0
1790320828,2,TPOT,completion,0.000000,0.000000,290,290,290,290,290,290,290,290,290,290,290,4,0,290,287.15469296627464,283.8833161820401,290.9236168818856,0.0
1790320828,2,TTFT,completion,0.000000,0.000000,4600,4600,4600,4600,4600,4600,4600,4600,4600,4600,4600,4,0,4500,4503.102605813183,4445.036529097706,4611.087450990453,0.0
1790320828,2,,Aggregated,0.000000,0.000000,4600,4600,41000,41000,41000,41000,41000,41000,41000,41000,41000,12,0,4500,15254.025080624118,283.8833161820401,41392.412999179214,42.666666666666664
1790320829,2,POST,completion,0.000000,0.000000,41000,41000,41000,41000,41000,41000,41000,41000,41000,41000,41000,4,0,41000,40971.8179430929,40529.67881900258,41392.412999179214,128.0
1790320829,2,TPOT,completion,0.000000,0.000000,290,290,290,290,290,290,290,290,290,290,290,4,0,290,287.15469296627464,283.8833161820401,290.9236168818856,0.0
1790320829,2,TTFT,completion,0.000000,0.000000,4600,4600,4600,4600,4600,4600,4600,4600,4600,4600,4600,4,0,4500,4503.102605813183,4445.036529097706,4611.087450990453,0.0
1790320829,2,,Aggregated,0.000000,0.000000,4600,4600,41000,41000,41000,41000,41000,41000,41000,41000,41000,12,0,4500,15254.025080624118,283.8833161820401,41392.412999179214,42.666666666666664
1790320830,2,POST,completion,0.000000,0.000000,41000,41000,41000,41000,41000,41000,41000,41000,41000,41000,41000,4,0,41000,40971.8179430929,40529.67881900258,41392.412999179214,128.0
1790320830,2,TPOT,completion,0.000000,0.000000,290,290,290,290,290,290,290,290,290,290,290,4,0,290,287.15469296627464,283.8833161820401,290.9236168818856,0.0
1790320830,2,TTFT,completion,0.000000,0.000000,4600,4600,4600,4600,4600,4600,4600,4600,4600,4600,4600,4,0,4500,4503.102605813183,4445.036529097706,4611.087450990453,0.0
1790320830,2,,Aggregated,0.000000,0.000000,4600,4600,41000,41000,41000,41000,41000,41000,41000,41000,41000,12,0,4500,15254.025080624118,283.8833161820401,41392.412999179214,42.666666666666664
1790320831,2,POST,completion,0.000000,0.000000,41000,41000,41000,41000,41000,41000,41000,41000,41000,41000,41000,4,0,41000,40971.8179430929,40529.67881900258,41392.412999179214,128.0
1790320831,2,TPOT,completion,0.000000,0.000000,290,290,290,290,290,290,290,290,290,290,290,4,0,290,287.15469296627464,283.8833161820401,290.9236168818856,0.0
1790320831,2,TTFT,completion,0.000000,0.000000,4600,4600,4600,4600,4600,4600,4600,4600,4600,4600,4600,4,0,4500,4503.102605813183,4445.036529097706,4611.087450990453,0.0
1790320831,2,,Aggregated,0.000000,0.000000,4600,4600,41000,41000,41000,41000,41000,41000,41000,41000,41000,12,0,4500,15254.025080624118,283.8833161820401,41392.412999179214,42.666666666666664
1790320832,2,POST,completion,0.000000,0.000000,41000,41000,41000,41000,41000,41000,41000,41000,41000,41000,41000,4,0,41000,40971.8179430929,40529.67881900258,41392.412999179214,128.0
1790320832,2,TPOT,completion,0.000000,0.000000,290,290,290,290,290,290,290,290,290,290,290,4,0,290,287.15469296627464,283.8833161820401,290.9236168818856,0.0
1790320832,2,TTFT,completion,0.000000,0.000000,4600,4600,4600,4600,4600,4600,4600,4600,4600,4600,4600,4,0,4500,4503.102605813183,4445.036529097706,4611.087450990453,0.0
1790320832,2,,Aggregated,0.000000,0.000000,4600,4600,41000,41000,41000,41000,41000,41000,41000,41000,41000,12,0,4500,15254.025080624118,283.8833161820401,41392.412999179214,42.666666666666664
1790320833,2,POST,completion,0.000000,0.000000,41000,41000,41000,41000,41000,41000,41000,41000,41000,41000,41000,4,0,41000,40971.8179430929,40529.67881900258,41392.412999179214,128.0
1790320833,2,TPOT,completion,0.000000,0.000000,290,290,290,290,290,290,290,290,290,290,290,4,0,290,287.15469296627464,283.8833161820401,290.9236168818856,0.0
1790320833,2,TTFT,completion,0.000000,0.000000,4600,4600,4600,4600,4600,4600,4600,4600,4600,4600,4600,4,0,4500,4503.102605813183,4445.036529097706,4611.087450990453,0.0
1790320833,2,,Aggregated,0.000000,0.000000,4600,4600,41000,41000,41000,41000,41000,41000,41000,41000,41000,12,0,4500,15254.025080624118,283.8833161820401,41392.412999179214,42.666666666666664
1790320834,2,POST,completion,0.000000,0.000000,0,0,0,0,0,0,0,0,0,0,0,4,0,41000,40971.8179430929,40529.67881900258,41392.412999179214,128.0
1790320834,2,TPOT,completion,0.000000,0.000000,0,0,0,0,0,0,0,0,0,0,0,4,0,290,287.15469296627464,283.8833161820401,290.9236168818856,0.0
1790320834,2,TTFT,completion,0.000000,0.000000,0,0,0,0,0,0,0,0,0,0,0,4,0,4500,4503.102605813183,4445.036529097706,4611.087450990453,0.0
1790320834,2,,Aggregated,0.000000,0.000000,0,0,0,0,0,0,0,0,0,0,0,12,0,4500,15254.025080624118,283.8833161820401,41392.412999179214,42.666666666666664
1790320835,2,POST,completion,0.000000,0.000000,0,0,0,0,0,0,0,0,0,0,0,4,0,41000,40971.8179430929,40529.67881900258,41392.412999179214,128.0
1790320835,2,TPOT,completion,0.000000,0.000000,0,0,0,0,0,0,0,0,0,0,0,4,0,290,287.15469296627464,283.8833161820401,290.9236168818856,0.0
1790320835,2,TTFT,completion,0.000000,0.000000,0,0,0,0,0,0,0,0,0,0,0,4,0,4500,4503.102605813183,4445.036529097706,4611.087450990453,0.0
1790320835,2,,Aggregated,0.000000,0.000000,0,0,0,0,0,0,0,0,0,0,0,12,0,4500,15254.025080624118,283.8833161820401,41392.412999179214,42.666666666666664
1790320836,2,POST,completion,0.000000,0.000000,0,0,0,0,0,0,0,0,0,0,0,4,0,41000,40971.8179430929,40529.67881900258,41392.412999179214,128.0
1790320836,2,TPOT,completion,0.000000,0.000000,0,0,0,0,0,0,0,0,0,0,0,4,0,290,287.15469296627464,283.8833161820401,290.9236168818856,0.0
1790320836,2,TTFT,completion,0.000000,0.000000,0,0,0,0,0,0,0,0,0,0,0,4,0,4500,4503.102605813183,4445.036529097706,4611.087450990453,0.0
1790320836,2,,Aggregated,0.000000,0.000000,0,0,0,0,0,0,0,0,0,0,0,12,0,4500,15254.025080624118,283.8833161820401,41392.412999179214,42.666666666666664
1790320837,2,POST,completion,0.000000,0.000000,0,0,0,0,0,0,0,0,0,0,0,4,0,41000,40971.8179430929,40529.67881900258,41392.412999179214,128.0
1790320837,2,TPOT,completion,0.000000,0.000000,0,0,0,0,0,0,0,0,0,0,0,4,0,290,287.15469296627464,283.8833161820401,290.9236168818856,0.0
1790320837,2,TTFT,completion,0.000000,0.000000,0,0,0,0,0,0,0,0,0,0,0,4,0,4500,4503.102605813183,4445.036529097706,4611.087450990453,0.0
1790320837,2,,Aggregated,0.000000,0.000000,0,0,0,0,0,0,0,0,0,0,0,12,0,4500,15254.025080624118,283.8833161820401,41392.412999179214,42.666666666666664
1790320838,2,POST,completion,0.000000,0.000000,0,0,0,0,0,0,0,0,0,0,0,4,0,41000,40971.8179430929,40529.67881900258,41392.412999179214,128.0
1790320838,2,TPOT,completion,0.000000,0.000000,0,0,0,0,0,0,0,0,0,0,0,4,0,290,287.15469296627464,283.8833161820401,290.9236168818856,0.0
1790320838,2,TTFT,completion,0.000000,0.000000,0,0,0,0,0,0,0,0,0,0,0,4,0,4500,4503.102605813183,4445.036529097706,4611.087450990453,0.0
1790320838,2,,Aggregated,0.000000,0.000000,0,0,0,0,0,0,0,0,0,0,0,12,0,4500,15254.025080624118,283.8833161820401,41392.412999179214,42.666666666666664
1790320839,2,POST,completion,0.000000,0.000000,0,0,0,0,0,0,0,0,0,0,0,4,0,41000,40971.8179430929,40529.67881900258,41392.412999179214,128.0
1790320839,2,TPOT,completion,0.000000,0.000000,0,0,0,0,0,0,0,0,0,0,0,4,0,290,287.15469296627464,283.8833161820401,290.9236168818856,0.0
1790320839,2,TTFT,completion,0.000000,0.000000,0,0,0,0,0,0,0,0,0,0,0,4,0,4500,4503.102605813183,4445.036529097706,4611.087450990453,0.0
1790320839,2,,Aggregated,0.000000,0.000000,0,0,0,0,0,0,0,0,0,0,0,12,0,4500,15254.025080624118,283.8833161820401,41392.412999179214,42.666666666666664
1790320840,2,POST,completion,0.000000,0.000000,0,0,0,0,0,0,0,0,0,0,0,5,0,41000,41118.17559907213,40529.67881900258,41703.60622298904,128.0
1790320840,2,TPOT,completion,0.000000,0.000000,0,0,0,0,0,0,0,0,0,0,0,5,0,290,288.327783532074,283.8833161820401,293.0201457952714,0.0
1790320840,2,TTFT,completion,0.000000,0.000000,0,0,0,0,0,0,0,0,0,0,0,5,0,4500,4500.476465234533,4445.036529097706,4611.087450990453,0.0
1790320840,2,,Aggregated,0.000000,0.000000,0,0,0,0,0,0,0,0,0,0,0,15,0,4500,15302.326615946246,283.8833161820401,41703.60622298904,42.666666666666664
1790320841,2,POST,completion,0.000000,0.000000,42000,42000,42000,42000,42000,42000,42000,42000,42000,42000,42000,5,0,41000,41118.17559907213,40529.67881900258,41703.60622298904,128.0
1790320841,2,TPOT,completion,0.000000,0.000000,290,290,290,290,290,290,290,290,290,290,290,5,0,290,288.327783532074,283.8833161820401,293.0201457952714,0.0
1790320841,2,TTFT,completion,0.000000,0.000000,4500,4500,4500,4500,4500,4500,4500,4500,4500,4500,4500,5,0,4500,4500.476465234533,4445.036529097706,4611.087450990453,0.0
1790320841,2,,Aggregated,0.000000,0.000000,4500,4500,42000,42000,42000,42000,42000,42000,42000,42000,42000,15,0,4500,15302.326615946246,283.8833161820401,41703.60622298904,42.666666666666664
1790320842,2,POST,completion,0.000000,0.000000,42000,42000,42000,42000,42000,42000,42000,42000,42000,42000,42000,5,0,41000,41118.17559907213,40529.67881900258,41703.60622298904,128.0
1790320842,2,TPOT,completion,0.000000,0.000000,290,290,290,290,290,290,290,290,290,290,290,5,0,290,288.327783532074,283.8833161820401,293.0201457952714,0.0
1790320842,2,TTFT,completion,0.000000,0.000000,4500,4500,4500,4500,4500,4500,4500,4500,4500,4500,4500,5,0,4500,4500.476465234533,4445.036529097706,4611.087450990453,0.0
1790320842,2,,Aggregated,0.000000,0.000000,4500,4500,42000,42000,42000,42000,42000,42000,42000,42000,42000,15,0,4500,15302.326615946246,283.8833161820401,41703.60622298904,42.666666666666664
1790320843,2,POST,completion,0.000000,0.000000,42000,42000,42000,42000,42000,42000,42000,42000,42000,42000,42000,5,0,41000,41118.17559907213,40529.67881900258,41703.60622298904,128.0
1790320843,2,TPOT,completion,0.000000,0.000000,290,290,290,290,290,290,290,290,290,290,290,5,0,290,288.327783532074,283.8833161820401,293.0201457952714,0.0
1790320843,2,TTFT,completion,0.000000,0.000000,4500,4500,4500,4500,4500,4500,4500,4500,4500,4500,4500,5,0,4500,4500.476465234533,4445.036529097706,4611.087450990453,0.0
1790320843,2,,Aggregated,0.000000,0.000000,4500,4500,42000,42000,42000,42000,42000,42000,42000,42000,42000,15,0,4500,15302.326615946246,283.8833161820401,41703.60622298904,42.666666666666664
1790320844,2,POST,completion,0.000000,0.000000,42000,42000,42000,42000,42000,42000,42000,42000,42000,42000,42000,5,0,41000,41118.17559907213,40529.67881900258,41703.60622298904,128.0
1790320844,2,TPOT,completion,0.000000,0.000000,290,290,290,290,290,290,290,290,290,290,290,5,0,290,288.327783532074,283.8833161820401,293.0201457952714,0.0
1790320844,2,TTFT,completion,0.000000,0.000000,4500,4500,4500,4500,4500,4500,4500,4500,4500,4500,4500,5,0,4500,4500.476465234533,4445.036529097706,4611.087450990453,0.0
1790320844,2,,Aggregated,0.000000,0.000000,4500,4500,42000,42000,42000,42000,42000,42000,42000,42000,42000,15,0,4500,15302.326615946246,283.8833161820401,41703.60622298904,42.666666666666664
1790320845,2,POST,completion,0.000000,0.000000,42000,42000,42000,42000,42000,42000,42000,42000,42000,42000,42000,5,0,41000,41118.17559907213,40529.67881900258,41703.60622298904,128.0
1790320845,2,TPOT,completion,0.000000,0.000000,290,290,290,290,290,290,290,290,290,290,290,5,0,290,288.327783532074,283.8833161820401,293.0201457952714,0.0
1790320845,2,TTFT,completion,0.000000,0.000000,4500,4500,4500,4500,4500,4500,4500,4500,4500,4500,4500,5,0,4500,4500.476465234533,4445.036529097706,4611.087450990453,0.0
1790320845,2,,Aggregated,0.000000,0.000000,4500,4500,42000,42000,42000,42000,42000,42000,42000,42000,42000,15,0,4500,15302.326615946246,283.8833161820401,41703.60622298904,42.666666666666664
1790320846,2,POST,completion,0.000000,0.000000,42000,42000,42000,42000,42000,42000,42000,42000,42000,42000,42000,5,0,41000,41118.17559907213,40529.67881900258,41703.60622298904,128.0
1790320846,2,TPOT,completion,0.000000,0.000000,290,290,290,290,290,290,290,290,290,290,290,5,0,290,288.327783532074,283.8833161820401,293.0201457952714,0.0
1790320846,2,TTFT,completion,0.000000,0.000000,4500,4500,4500,4500,4500,4500,4500,4500,4500,4500,4500,5,0,4500,4500.476465234533,4445.036529097706,4611.087450990453,0.0
1790320846,2,,Aggregated,0.000000,0.000000,4500,4500,42000,42000,42000,42000,42000,42000,42000,42000,42000,15,0,4500,15302.326615946246,283.8833161820401,41703.60622298904,42.666666666666664
1790320847,2,POST,completion,0.000000,0.000000,42000,42000,42000,42000,42000,42000,42000,42000,42000,42000,42000,5,0,41000,41118.17559907213,40529.67881900258,41703.60622298904,128.0
1790320847,2,TPOT,completion,0.000000,0.000000,290,290,290,290,290,290,290,290,290,290,290,5,0,290,288.327783532074,283.8833161820401,293.0201457952714,0.0
1790320847,2,TTFT,completion,0.000000,0.000000,4500,4500,4500,4500,4500,4500,4500,4500,4500,4500,4500,5,0,4500,4500.476465234533,4445.036529097706,4611.087450990453,0.0
1790320847,2,,Aggregated,0.000000,0.000000,4500,4500,42000,42000,42000,42000,42000,42000,42000,42000,42000,15,0,4500,15302.326615946246,283.8833161820401,41703.60622298904,42.666666666666664
1790320848,2,POST,completion,0.000000,0.000000,42000,42000,42000,42000,42000,42000,42000,42000,42000,42000,42000,5,0,41000,41118.17559907213,40529.67881900258,41703.60622298904,128.0
1790320848,2,TPOT,completion,0.000000,0.000000,290,290,290,290,290,290,290,290,290,290,290,5,0,290,288.327783532074,283.8833161820401,293.0201457952714,0.0
1790320848,2,TTFT,completion,0.000000,0.000000,4500,4500,4500,4500,4500,4500,4500,4500,4500,4500,4500,5,0,4500,4500.476465234533,4445.036529097706,4611.087450990453,0.0
1790320848,2,,Aggregated,0.000000,0.000000,4500,4500,42000,42000,42000,42000,42000,42000,42000,42000,42000,15,0,4500,15302.326615946246,283.8833161820401,41703.60622298904,42.666666666666664
1790320849,2,POST,completion,0.000000,0.000000,42000,42000,42000,42000,42000,42000,42000,42000,42000,42000,42000,5,0,41000,41118.17559907213,40529.67881900258,41703.60622298904,128.0
1790320849,2,TPOT,completion,0.000000,0.000000,290,290,290,290,290,290,290,290,290,290,290,5,0,290,288.327783532074,283.8833161820401,293.0201457952714,0.0
1790320849,2,TTFT,completion,0.000000,0.000000,4500,4500,4500,4500,4500,4500,4500,4500,4500,4500,4500,5,0,4500,4500.476465234533,4445.036529097706,4611.087450990453,0.0
1790320849,2,,Aggregated,0.000000,0.000000,4500,4500,42000,42000,42000,42000,42000,42000,42000,42000,42000,15,0,4500,15302.326615946246,283.8833161820401,41703.60622298904,42.666666666666664
1790320850,2,POST,completion,0.000000,0.000000,42000,42000,42000,42000,42000,42000,42000,42000,42000,42000,42000,5,0,41000,41118.17559907213,40529.67881900258,41703.60622298904,128.0
1790320850,2,TPOT,completion,0.000000,0.000000,290,290,290,290,290,290,290,290,290,290,290,5,0,290,288.327783532074,283.8833161820401,293.0201457952714,0.0
1790320850,2,TTFT,completion,0.000000,0.000000,4500,4500,4500,4500,4500,4500,4500,4500,4500,4500,4500,5,0,4500,4500.476465234533,4445.036529097706,4611.087450990453,0.0
1790320850,2,,Aggregated,0.000000,0.000000,4500,4500,42000,42000,42000,42000,42000,42000,42000,42000,42000,15,0,4500,15302.326615946246,283.8833161820401,41703.60622298904,42.666666666666664
1790320851,2,POST,completion,0.000000,0.000000,42000,42000,42000,42000,42000,42000,42000,42000,42000,42000,42000,5,0,41000,41118.17559907213,40529.67881900258,41703.60622298904,128.0
1790320851,2,TPOT,completion,0.000000,0.000000,290,290,290,290,290,290,290,290,290,290,290,5,0,290,288.327783532074,283.8833161820401,293.0201457952714,0.0
1790320851,2,TTFT,completion,0.000000,0.000000,4500,4500,4500,4500,4500,4500,4500,4500,4500,4500,4500,5,0,4500,4500.476465234533,4445.036529097706,4611.087450990453,0.0
1790320851,2,,Aggregated,0.000000,0.000000,4500,4500,42000,42000,42000,42000,42000,42000,42000,42000,42000,15,0,4500,15302.326615946246,283.8833161820401,41703.60622298904,42.666666666666664
1790320852,2,POST,completion,0.000000,0.000000,42000,42000,42000,42000,42000,42000,42000,42000,42000,42000,42000,5,0,41000,41118.17559907213,40529.67881900258,41703.60622298904,128.0
1790320852,2,TPOT,completion,0.000000,0.000000,290,290,290,290,290,290,290,290,290,290,290,5,0,290,288.327783532074,283.8833161820401,293.0201457952714,0.0
1790320852,2,TTFT,completion,0.000000,0.000000,4500,4500,4500,4500,4500,4500,4500,4500,4500,4500,4500,5,0,4500,4500.476465234533,4445.036529097706,4611.087450990453,0.0
1790320852,2,,Aggregated,0.000000,0.000000,4500,4500,42000,42000,42000,42000,42000,42000,42000,42000,42000,15,0,4500,15302.326615946246,283.8833161820401,41703.60622298904,42.666666666666664
1790320853,2,POST,completion,0.000000,0.000000,42000,42000,42000,42000,42000,42000,42000,42000,42000,42000,42000,5,0,41000,41118.17559907213,40529.67881900258,41703.60622298904,128.0
1790320853,2,TPOT,completion,0.000000,0.000000,290,290,290,290,290,290,290,290,290,290,290,5,0,290,288.327783532074,283.8833161820401,293.0201457952714,0.0
1790320853,2,TTFT,completion,0.000000,0.000000,4500,4500,4500,4500,4500,4500,4500,4500,4500,4500,4500,5,0,4500,4500.476465234533,4445.036529097706,4611.087450990453,0.0
1790320853,2,,Aggregated,0.000000,0.000000,4500,4500,42000,42000,42000,42000,42000,42000,42000,42000,42000,15,0,4500,15302.326615946246,283.8833161820401,41703.60622298904,42.666666666666664
1790320854,2,POST,completion,0.000000,0.000000,42000,42000,42000,42000,42000,42000,42000,42000,42000,42000,42000,5,0,41000,41118.17559907213,40529.67881900258,41703.60622298904,128.0
1790320854,2,TPOT,completion,0.000000,0.000000,290,290,290,290,290,290,290,290,290,290,290,5,0,290,288.327783532074,283.8833161820401,293.0201457952714,0.0
1790320854,2,TTFT,completion,0.000000,0.000000,4500,4500,4500,4500,4500,4500,4500,4500,4500,4500,4500,5,0,4500,4500.476465234533,4445.036529097706,4611.087450990453,0.0
1790320854,2,,Aggregated,0.000000,0.000000,4500,4500,42000,42000,42000,42000,42000,42000,42000,42000,42000,15,0,4500,15302.326615946246,283.8833161820401,41703.60622298904,42.666666666666664
1790320855,2,POST,completion,0.000000,0.000000,42000,42000,42000,42000,42000,42000,42000,42000,42000,42000,42000,5,0,41000,41118.17559907213,40529.67881900258,41703.60622298904,128.0
1790320855,2,TPOT,completion,0.000000,0.000000,290,290,290,290,290,290,290,290,290,290,290,5,0,290,288.327783532074,283.8833161820401,293.0201457952714,0.0
1790320855,2,TTFT,completion,0.000000,0.000000,4500,4500,4500,4500,4500,4500,4500,4500,4500,4500,4500,5,0,4500,4500.476465234533,4445.036529097706,4611.087450990453,0.0
1790320855,2,,Aggregated,0.000000,0.000000,4500,4500,42000,42000,42000,42000,42000,42000,42000,42000,42000,15,0,4500,15302.326615946246,283.8833161820401,41703.60622298904,42.666666666666664
1790320856,2,POST,completion,0.000000,0.000000,42000,42000,42000,42000,42000,42000,42000,42000,42000,42000,42000,5,0,41000,41118.17559907213,40529.67881900258,41703.60622298904,128.0
1790320856,2,TPOT,completion,0.000000,0.000000,290,290,290,290,290,290,290,290,290,290,290,5,0,290,288.327783532074,283.8833161820401,293.0201457952714,0.0
1790320856,2,TTFT,completion,0.000000,0.000000,4500,4500,4500,4500,4500,4500,4500,4500,4500,4500,4500,5,0,4500,4500.476465234533,4445.036529097706,4611.087450990453,0.0
1790320856,2,,Aggregated,0.000000,0.000000,4500,4500,42000,42000,42000,42000,42000,42000,42000,42000,42000,15,0,4500,15302.326615946246,283.8833161820401,41703.60622298904,42.666666666666664
1790320857,2,POST,completion,0.000000,0.000000,42000,42000,42000,42000,42000,42000,42000,42000,42000,42000,42000,6,0,41000,41017.77881170468,40515.794874867424,41703.60622298904,128.0
1790320857,2,TPOT,completion,0.000000,0.000000,290,290,290,290,290,290,290,290,290,290,290,6,0,290,287.5581999328305,283.7102819366131,293.0201457952714,0.0
1790320857,2,TTFT,completion,0.000000,0.000000,4500,4500,4500,4500,4500,4500,4500,4500,4500,4500,4500,6,0,4500,4497.818408533931,4445.036529097706,4611.087450990453,0.0
1790320857,2,,Aggregated,0.000000,0.000000,4500,4500,41000,41000,42000,42000,42000,42000,42000,42000,42000,18,0,4500,15267.71847339048,283.7102819366131,41703.60622298904,42.666666666666664
1790320858,2,POST,completion,0.000000,0.000000,41000,41000,41000,41000,41000,41000,41000,41000,41000,41000,41000,6,0,41000,41017.77881170468,40515.794874867424,41703.60622298904,128.0
1790320858,2,TPOT,completion,0.000000,0.000000,280,280,280,280,280,280,280,280,280,280,280,6,0,290,287.5581999328305,283.7102819366131,293.0201457952714,0.0
1790320858,2,TTFT,completion,0.000000,0.000000,4500,4500,4500,4500,4500,4500,4500,4500,4500,4500,4500,6,0,4500,4497.818408533931,4445.036529097706,4611.087450990453,0.0
1790320858,2,,Aggregated,0.000000,0.000000,4500,4500,41000,41000,41000,41000,41000,41000,41000,41000,41000,18,0,4500,15267.71847339048,283.7102819366131,41703.60622298904,42.666666666666664
1790320859,2,POST,completion,0.000000,0.000000,41000,41000,41000,41000,41000,41000,41000,41000,41000,41000,41000,6,0,41000,41017.77881170468,40515.794874867424,41703.60622298904,128.0
1790320859,2,TPOT,completion,0.000000,0.000000,280,280,280,280,280,280,280,280,280,280,280,6,0,290,287.5581999328305,283.7102819366131,293.0201457952714,0.0
1790320859,2,TTFT,completion,0.000000,0.000000,4500,4500,4500,4500,4500,4500,4500,4500,4500,4500,4500,6,0,4500,4497.818408533931,4445.036529097706,4611.087450990453,0.0
1790320859,2,,Aggregated,0.000000,0.000000,4500,4500,41000,41000,41000,41000,41000,41000,41000,41000,41000,18,0,4500,15267.71847339048,283.7102819366131,41703.60622298904,42.666666666666664
1790320860,2,POST,completion,0.000000,0.000000,41000,41000,41000,41000,41000,41000,41000,41000,41000,41000,41000,6,0,41000,41017.77881170468,40515.794874867424,41703.60622298904,128.0
1790320860,2,TPOT,completion,0.000000,0.000000,280,280,280,280,280,280,280,280,280,280,280,6,0,290,287.5581999328305,283.7102819366131,293.0201457952714,0.0
1790320860,2,TTFT,completion,0.000000,0.000000,4500,4500,4500,4500,4500,4500,4500,4500,4500,4500,4500,6,0,4500,4497.818408533931,4445.036529097706,4611.087450990453,0.0
1790320860,2,,Aggregated,0.000000,0.000000,4500,4500,41000,41000,41000,41000,41000,41000,41000,41000,41000,18,0,4500,15267.71847339048,283.7102819366131,41703.60622298904,42.666666666666664
1790320861,2,POST,completion,0.000000,0.000000,41000,41000,41000,41000,41000,41000,41000,41000,41000,41000,41000,6,0,41000,41017.77881170468,40515.794874867424,41703.60622298904,128.0
1790320861,2,TPOT,completion,0.000000,0.000000,280,280,280,280,280,280,280,280,280,280,280,6,0,290,287.5581999328305,283.7102819366131,293.0201457952714,0.0
1790320861,2,TTFT,completion,0.000000,0.000000,4500,4500,4500,4500,4500,4500,4500,4500,4500,4500,4500,6,0,4500,4497.818408533931,4445.036529097706,4611.087450990453,0.0
1790320861,2,,Aggregated,0.000000,0.000000,4500,4500,41000,41000,41000,41000,41000,41000,41000,41000,41000,18,0,4500,15267.71847339048,283.7102819366131,41703.60622298904,42.666666666666664
1790320862,2,POST,completion,0.000000,0.000000,41000,41000,41000,41000,41000,41000,41000,41000,41000,41000,41000,6,0,41000,41017.77881170468,40515.794874867424,41703.60622298904,128.0
1790320862,2,TPOT,completion,0.000000,0.000000,280,280,280,280,280,280,280,280,280,280,280,6,0,290,287.5581999328305,283.7102819366131,293.0201457952714,0.0
1790320862,2,TTFT,completion,0.000000,0.000000,4500,4500,4500,4500,4500,4500,4500,4500,4500,4500,4500,6,0,4500,4497.818408533931,4445.036529097706,4611.087450990453,0.0
1790320862,2,,Aggregated,0.000000,0.000000,4500,4500,41000,41000,41000,41000,41000,41000,41000,41000,41000,18,0,4500,15267.71847339048,283.7102819366131,41703.60622298904,42.666666666666664
1790320863,2,POST,completion,0.000000,0.000000,41000,41000,41000,41000,41000,41000,41000,41000,41000,41000,41000,6,0,41000,41017.77881170468,40515.794874867424,41703.60622298904,128.0
1790320863,2,TPOT,completion,0.000000,0.000000,280,280,280,280,280,280,280,280,280,280,280,6,0,290,287.5581999328305,283.7102819366131,293.0201457952714,0.0
1790320863,2,TTFT,completion,0.000000,0.000000,4500,4500,4500,4500,4500,4500,4500,4500,4500,4500,4500,6,0,4500,4497.818408533931,4445.036529097706,4611.087450990453,0.0
1790320863,2,,Aggregated,0.000000,0.000000,4500,4500,41000,41000,41000,41000,41000,41000,41000,41000,41000,18,0,4500,15267.71847339048,283.7102819366131,41703.60622298904,42.666666666666664
1790320864,2,POST,completion,0.000000,0.000000,41000,41000,41000,41000,41000,41000,41000,41000,41000,41000,41000,6,0,41000,41017.77881170468,40515.794874867424,41703.60622298904,128.0
1790320864,2,TPOT,completion,0.000000,0.000000,280,280,280,280,280,280,280,280,280,280,280,6,0,290,287.5581999328305,283.7102819366131,293.0201457952714,0.0
1790320864,2,TTFT,completion,0.000000,0.000000,4500,4500,4500,4500,4500,4500,4500,4500,4500,4500,4500,6,0,4500,4497.818408533931,4445.036529097706,4611.087450990453,0.0
1790320864,2,,Aggregated,0.000000,0.000000,4500,4500,41000,41000,41000,41000,41000,41000,41000,41000,41000,18,0,4500,15267.71847339048,283.7102819366131,41703.60622298904,42.666666666666664
1790320865,2,POST,completion,0.000000,0.000000,41000,41000,41000,41000,41000,41000,41000,41000,41000,41000,41000,6,0,41000,41017.77881170468,40515.794874867424,41703.60622298904,128.0
1790320865,2,TPOT,completion,0.000000,0.000000,280,280,280,280,280,280,280,280,280,280,280,6,0,290,287.5581999328305,283.7102819366131,293.0201457952714,0.0
1790320865,2,TTFT,completion,0.000000,0.000000,4500,4500,4500,4500,4500,4500,4500,4500,4500,4500,4500,6,0,4500,4497.818408533931,4445.036529097706,4611.087450990453,0.0
1790320865,2,,Aggregated,0.000000,0.000000,4500,4500,41000,41000,41000,41000,41000,41000,41000,41000,41000,18,0,4500,15267.71847339048,283.7102819366131,41703.60622298904,42.666666666666664
1790320866,2,POST,completion,0.000000,0.000000,41000,41000,41000,41000,41000,41000,41000,41000,41000,41000,41000,6,0,41000,41017.77881170468,40515.794874867424,41703.60622298904,128.0
1790320866,2,TPOT,completion,0.000000,0.000000,280,280,280,280,280,280,280,280,280,280,280,6,0,290,287.5581999328305,283.7102819366131,293.0201457952714,0.0
1790320866,2,TTFT,completion,0.000000,0.000000,4500,4500,4500,4500,4500,4500,4500,4500,4500,4500,4500,6,0,4500,4497.818408533931,4445.036529097706,4611.087450990453,0.0
1790320866,2,,Aggregated,0.000000,0.000000,4500,4500,41000,41000,41000,41000,41000,41000,41000,41000,41000,18,0,4500,15267.71847339048,283.7102819366131,41703.60622298904,42.666666666666664
1790320867,2,POST,completion,0.000000,0.000000,41000,41000,41000,41000,41000,41000,41000,41000,41000,41000,41000,6,0,41000,41017.77881170468,40515.794874867424,41703.60622298904,128.0
1790320867,2,TPOT,completion,0.000000,0.000000,280,280,280,280,280,280,280,280,280,280,280,6,0,290,287.5581999328305,283.7102819366131,293.0201457952714,0.0
1790320867,2,TTFT,completion,0.000000,0.000000,4500,4500,4500,4500,4500,4500,4500,4500,4500,4500,4500,6,0,4500,4497.818408533931,4445.036529097706,4611.087450990453,0.0
1790320867,2,,Aggregated,0.000000,0.000000,4500,4500,41000,41000,41000,41000,41000,41000,41000,41000,41000,18,0,4500,15267.71847339048,283.7102819366131,41703.60622298904,42.666666666666664
1790320868,2,POST,completion,0.000000,0.000000,41000,41000,41000,41000,41000,41000,41000,41000,41000,41000,41000,6,0,41000,41017.77881170468,40515.794874867424,41703.60622298904,128.0
1790320868,2,TPOT,completion,0.000000,0.000000,280,280,280,280,280,280,280,280,280,280,280,6,0,290,287.5581999328305,283.7102819366131,293.0201457952714,0.0
1790320868,2,TTFT,completion,0.000000,0.000000,4500,4500,4500,4500,4500,4500,4500,4500,4500,4500,4500,6,0,4500,4497.818408533931,4445.036529097706,4611.087450990453,0.0
1790320868,2,,Aggregated,0.000000,0.000000,4500,4500,41000,41000,41000,41000,41000,41000,41000,41000,41000,18,0,4500,15267.71847339048,283.7102819366131,41703.60622298904,42.666666666666664
1790320869,2,POST,completion,0.000000,0.000000,41000,41000,41000,41000,41000,41000,41000,41000,41000,41000,41000,6,0,41000,41017.77881170468,40515.794874867424,41703.60622298904,128.0
1790320869,2,TPOT,completion,0.000000,0.000000,280,280,280,280,280,280,280,280,280,280,280,6,0,290,287.5581999328305,283.7102819366131,293.0201457952714,0.0
1790320869,2,TTFT,completion,0.000000,0.000000,4500,4500,4500,4500,4500,4500,4500,4500,4500,4500,4500,6,0,4500,4497.818408533931,4445.036529097706,4611.087450990453,0.0
1790320869,2,,Aggregated,0.000000,0.000000,4500,4500,41000,41000,41000,41000,41000,41000,41000,41000,41000,18,0,4500,15267.71847339048,283.7102819366131,41703.60622298904,42.666666666666664
1790320870,2,POST,completion,0.000000,0.000000,41000,41000,41000,41000,41000,41000,41000,41000,41000,41000,41000,6,0,41000,41017.77881170468,40515.794874867424,41703.60622298904,128.0
1790320870,2,TPOT,completion,0.000000,0.000000,280,280,280,280,280,280,280,280,280,280,280,6,0,290,287.5581999328305,283.7102819366131,293.0201457952714,0.0
1790320870,2,TTFT,completion,0.000000,0.000000,4500,4500,4500,4500,4500,4500,4500,4500,4500,4500,4500,6,0,4500,4497.818408533931,4445.036529097706,4611.087450990453,0.0
1790320870,2,,Aggregated,0.000000,0.000000,4500,4500,41000,41000,41000,41000,41000,41000,41000,41000,41000,18,0,4500,15267.71847339048,283.7102819366131,41703.60622298904,42.666666666666664
1790320871,2,POST,completion,0.000000,0.000000,41000,41000,41000,41000,41000,41000,41000,41000,41000,41000,41000,6,0,41000,41017.77881170468,40515.794874867424,41703.60622298904,128.0
1790320871,2,TPOT,completion,0.000000,0.000000,280,280,280,280,280,280,280,280,280,280,280,6,0,290,287.5581999328305,283.7102819366131,293.0201457952714,0.0
1790320871,2,TTFT,completion,0.000000,0.000000,4500,4500,4500,4500,4500,4500,4500,4500,4500,4500,4500,6,0,4500,4497.818408533931,4445.036529097706,4611.087450990453,0.0
1790320871,2,,Aggregated,0.000000,0.000000,4500,4500,41000,41000,41000,41000,41000,41000,41000,41000,41000,18,0,4500,15267.71847339048,283.7102819366131,41703.60622298904,42.666666666666664
1790320872,2,POST,completion,0.000000,0.000000,41000,41000,41000,41000,41000,41000,41000,41000,41000,41000,41000,6,0,41000,41017.77881170468,40515.794874867424,41703.60622298904,128.0
1790320872,2,TPOT,completion,0.000000,0.000000,280,280,280,280,280,280,280,280,280,280,280,6,0,290,287.5581999328305,283.7102819366131,293.0201457952714,0.0
1790320872,2,TTFT,completion,0.000000,0.000000,4500,4500,4500,4500,4500,4500,4500,4500,4500,4500,4500,6,0,4500,4497.818408533931,4445.036529097706,4611.087450990453,0.0
1790320872,2,,Aggregated,0.000000,0.000000,4500,4500,41000,41000,41000,41000,41000,41000,41000,41000,41000,18,0,4500,15267.71847339048,283.7102819366131,41703.60622298904,42.666666666666664
1790320873,2,POST,completion,0.000000,0.000000,41000,41000,41000,41000,41000,41000,41000,41000,41000,41000,41000,6,0,41000,41017.77881170468,40515.794874867424,41703.60622298904,128.0
1790320873,2,TPOT,completion,0.000000,0.000000,280,280,280,280,280,280,280,280,280,280,280,6,0,290,287.5581999328305,283.7102819366131,293.0201457952714,0.0
1790320873,2,TTFT,completion,0.000000,0.000000,4500,4500,4500,4500,4500,4500,4500,4500,4500,4500,4500,6,0,4500,4497.818408533931,4445.036529097706,4611.087450990453,0.0
1790320873,2,,Aggregated,0.000000,0.000000,4500,4500,41000,41000,41000,41000,41000,41000,41000,41000,41000,18,0,4500,15267.71847339048,283.7102819366131,41703.60622298904,42.666666666666664
1790320874,2,POST,completion,0.000000,0.000000,41000,41000,41000,41000,41000,41000,41000,41000,41000,41000,41000,6,0,41000,41017.77881170468,40515.794874867424,41703.60622298904,128.0
1790320874,2,TPOT,completion,0.000000,0.000000,280,280,280,280,280,280,280,280,280,280,280,6,0,290,287.5581999328305,283.7102819366131,293.0201457952714,0.0
1790320874,2,TTFT,completion,0.000000,0.000000,4500,4500,4500,4500,4500,4500,4500,4500,4500,4500,4500,6,0,4500,4497.818408533931,4445.036529097706,4611.087450990453,0.0
1790320874,2,,Aggregated,0.000000,0.000000,4500,4500,41000,41000,41000,41000,41000,41000,41000,41000,41000,18,0,4500,15267.71847339048,283.7102819366131,41703.60622298904,42.666666666666664
1790320875,2,POST,completion,0.000000,0.000000,0,0,0,0,0,0,0,0,0,0,0,6,0,41000,41017.77881170468,40515.794874867424,41703.60622298904,128.0
1790320875,2,TPOT,completion,0.000000,0.000000,0,0,0,0,0,0,0,0,0,0,0,6,0,290,287.5581999328305,283.7102819366131,293.0201457952714,0.0
1790320875,2,TTFT,completion,0.000000,0.000000,0,0,0,0,0,0,0,0,0,0,0,6,0,4500,4497.818408533931,4445.036529097706,4611.087450990453,0.0
1790320875,2,,Aggregated,0.000000,0.000000,0,0,0,0,0,0,0,0,0,0,0,18,0,4500,15267.71847339048,283.7102819366131,41703.60622298904,42.666666666666664
1790320876,2,POST,completion,0.000000,0.000000,0,0,0,0,0,0,0,0,0,0,0,6,0,41000,41017.77881170468,40515.794874867424,41703.60622298904,128.0
1790320876,2,TPOT,completion,0.000000,0.000000,0,0,0,0,0,0,0,0,0,0,0,6,0,290,287.5581999328305,283.7102819366131,293.0201457952714,0.0
1790320876,2,TTFT,completion,0.000000,0.000000,0,0,0,0,0,0,0,0,0,0,0,6,0,4500,4497.818408533931,4445.036529097706,4611.087450990453,0.0
1790320876,2,,Aggregated,0.000000,0.000000,0,0,0,0,0,0,0,0,0,0,0,18,0,4500,15267.71847339048,283.7102819366131,41703.60622298904,42.666666666666664
1790320877,2,POST,completion,0.000000,0.000000,0,0,0,0,0,0,0,0,0,0,0,6,0,41000,41017.77881170468,40515.794874867424,41703.60622298904,128.0
1790320877,2,TPOT,completion,0.000000,0.000000,0,0,0,0,0,0,0,0,0,0,0,6,0,290,287.5581999328305,283.7102819366131,293.0201457952714,0.0
1790320877,2,TTFT,completion,0.000000,0.000000,0,0,0,0,0,0,0,0,0,0,0,6,0,4500,4497.818408533931,4445.036529097706,4611.087450990453,0.0
1790320877,2,,Aggregated,0.000000,0.000000,0,0,0,0,0,0,0,0,0,0,0,18,0,4500,15267.71847339048,283.7102819366131,41703.60622298904,42.666666666666664
1790320878,2,POST,completion,0.000000,0.000000,0,0,0,0,0,0,0,0,0,0,0,6,0,41000,41017.77881170468,40515.794874867424,41703.60622298904,128.0
1790320878,2,TPOT,completion,0.000000,0.000000,0,0,0,0,0,0,0,0,0,0,0,6,0,290,287.5581999328305,283.7102819366131,293.0201457952714,0.0
1790320878,2,TTFT,completion,0.000000,0.000000,0,0,0,0,0,0,0,0,0,0,0,6,0,4500,4497.818408533931,4445.036529097706,4611.087450990453,0.0
1790320878,2,,Aggregated,0.000000,0.000000,0,0,0,0,0,0,0,0,0,0,0,18,0,4500,15267.71847339048,283.7102819366131,41703.60622298904,42.666666666666664
1790320879,2,POST,completion,0.000000,0.000000,0,0,0,0,0,0,0,0,0,0,0,6,0,41000,41017.77881170468,40515.794874867424,41703.60622298904,128.0
1790320879,2,TPOT,completion,0.000000,0.000000,0,0,0,0,0,0,0,0,0,0,0,6,0,290,287.5581999328305,283.7102819366131,293.0201457952714,0.0
1790320879,2,TTFT,completion,0.000000,0.000000,0,0,0,0,0,0,0,0,0,0,0,6,0,4500,4497.818408533931,4445.036529097706,4611.087450990453,0.0
1790320879,2,,Aggregated,0.000000,0.000000,0,0,0,0,0,0,0,0,0,0,0,18,0,4500,15267.71847339048,283.7102819366131,41703.60622298904,42.666666666666664
1790320880,2,POST,completion,0.000000,0.000000,0,0,0,0,0,0,0,0,0,0,0,6,0,41000,41017.77881170468,40515.794874867424,41703.60622298904,128.0
1790320880,2,TPOT,completion,0.000000,0.000000,0,0,0,0,0,0,0,0,0,0,0,6,0,290,287.5581999328305,283.7102819366131,293.0201457952714,0.0
1790320880,2,TTFT,completion,0.000000,0.000000,0,0,0,0,0,0,0,0,0,0,0,6,0,4500,4497.818408533931,4445.036529097706,4611.087450990453,0.0
1790320880,2,,Aggregated,0.000000,0.000000,0,0,0,0,0,0,0,0,0,0,0,18,0,4500,15267.71847339048,283.7102819366131,41703.60622298904,42.666666666666664
1790320881,2,POST,completion,0.000000,0.000000,0,0,0,0,0,0,0,0,0,0,0,7,0,41000,41020.645639326955,40515.794874867424,41703.60622298904,128.0
1790320881,2,TPOT,completion,0.000000,0.000000,0,0,0,0,0,0,0,0,0,0,0,7,0,290,287.5993766476734,283.7102819366131,293.0201457952714,0.0
1790320881,2,TTFT,completion,0.000000,0.000000,0,0,0,0,0,0,0,0,0,0,0,7,0,4500,4495.456944452599,4445.036529097706,4611.087450990453,0.0
1790320881,2,,Aggregated,0.000000,0.000000,0,0,0,0,0,0,0,0,0,0,0,21,0,4500,15267.900653475743,283.7102819366131,41703.60622298904,42.666666666666664
1790320882,2,POST,completion,0.000000,0.000000,41000,41000,41000,41000,41000,41000,41000,41000,41000,41000,41000,7,0,41000,41020.645639326955,40515.794874867424,41703.60622298904,128.0
1790320882,2,TPOT,completion,0.000000,0.000000,290,290,290,290,290,290,290,290,290,290,290,7,0,290,287.5993766476734,283.7102819366131,293.0201457952714,0.0
1790320882,2,TTFT,completion,0.000000,0.000000,4500,4500,4500,4500,4500,4500,4500,4500,4500,4500,4500,7,0,4500,4495.456944452599,4445.036529097706,4611.087450990453,0.0
1790320882,2,,Aggregated,0.000000,0.000000,4500,4500,41000,41000,41000,41000,41000,41000,41000,41000,41000,21,0,4500,15267.900653475743,283.7102819366131,41703.60622298904,42.666666666666664
1790320883,2,POST,completion,0.000000,0.000000,41000,41000,41000,41000,41000,41000,41000,41000,41000,41000,41000,7,0,41000,41020.645639326955,40515.794874867424,41703.60622298904,128.0
1790320883,2,TPOT,completion,0.000000,0.000000,290,290,290,290,290,290,290,290,290,290,290,7,0,290,287.5993766476734,283.7102819366131,293.0201457952714,0.0
1790320883,2,TTFT,completion,0.000000,0.000000,4500,4500,4500,4500,4500,4500,4500,4500,4500,4500,4500,7,0,4500,4495.456944452599,4445.036529097706,4611.087450990453,0.0
1790320883,2,,Aggregated,0.000000,0.000000,4500,4500,41000,41000,41000,41000,41000,41000,41000,41000,41000,21,0,4500,15267.900653475743,283.7102819366131,41703.60622298904,42.666666666666664
1790320884,2,POST,completion,0.000000,0.000000,41000,41000,41000,41000,41000,41000,41000,41000,41000,41000,41000,7,0,41000,41020.645639326955,40515.794874867424,41703.60622298904,128.0
1790320884,2,TPOT,completion,0.000000,0.000000,290,290,290,290,290,290,290,290,290,290,290,7,0,290,287.5993766476734,283.7102819366131,293.0201457952714,0.0
1790320884,2,TTFT,completion,0.000000,0.000000,4500,4500,4500,4500,4500,4500,4500,4500,4500,4500,4500,7,0,4500,4495.456944452599,4445.036529097706,4611.087450990453,0.0
1790320884,2,,Aggregated,0.000000,0.000000,4500,4500,41000,41000,41000,41000,41000,41000,41000,41000,41000,21,0,4500,15267.900653475743,283.7102819366131,41703.60622298904,42.666666666666664
1790320885,2,POST,completion,0.000000,0.000000,41000,41000,41000,41000,41000,41000,41000,41000,41000,41000,41000,7,0,41000,41020.645639326955,40515.794874867424,41703.60622298904,128.0
1790320885,2,TPOT,completion,0.000000,0.000000,290,290,290,290,290,290,290,290,290,290,290,7,0,290,287.5993766476734,283.7102819366131,293.0201457952714,0.0
1790320885,2,TTFT,completion,0.000000,0.000000,4500,4500,4500,4500,4500,4500,4500,4500,4500,4500,4500,7,0,4500,4495.456944452599,4445.036529097706,4611.087450990453,0.0
1790320885,2,,Aggregated,0.000000,0.000000,4500,4500,41000,41000,41000,41000,41000,41000,41000,41000,41000,21,0,4500,15267.900653475743,283.7102819366131,41703.60622298904,42.666666666666664
1790320886,2,POST,completion,0.000000,0.000000,41000,41000,41000,41000,41000,41000,41000,41000,41000,41000,41000,7,0,41000,41020.645639326955,40515.794874867424,41703.60622298904,128.0
1790320886,2,TPOT,completion,0.000000,0.000000,290,290,290,290,290,290,290,290,290,290,290,7,0,290,287.5993766476734,283.7102819366131,293.0201457952714,0.0
1790320886,2,TTFT,completion,0.000000,0.000000,4500,4500,4500,4500,4500,4500,4500,4500,4500,4500,4500,7,0,4500,4495.456944452599,4445.036529097706,4611.087450990453,0.0
1790320886,2,,Aggregated,0.000000,0.000000,4500,4500,41000,41000,41000,41000,41000,41000,41000,41000,41000,21,0,4500,15267.900653475743,283.7102819366131,41703.60622298904,42.666666666666664
1790320887,2,POST,completion,0.000000,0.000000,41000,41000,41000,41000,41000,41000,41000,41000,41000,41000,41000,7,0,41000,41020.645639326955,40515.794874867424,41703.60622298904,128.0
1790320887,2,TPOT,completion,0.000000,0.000000,290,290,290,290,290,290,290,290,290,290,290,7,0,290,287.5993766476734,283.7102819366131,293.0201457952714,0.0
1790320887,2,TTFT,completion,0.000000,0.000000,4500,4500,4500,4500,4500,4500,4500,4500,4500,4500,4500,7,0,4500,4495.456944452599,4445.036529097706,4611.087450990453,0.0
1790320887,2,,Aggregated,0.000000,0.000000,4500,4500,41000,41000,41000,41000,41000,41000,41000,41000,41000,21,0,4500,15267.900653475743,283.7102819366131,41703.60622298904,42.666666666666664
1790320888,2,POST,completion,0.000000,0.000000,41000,41000,41000,41000,41000,41000,41000,41000,41000,41000,41000,7,0,41000,41020.645639326955,40515.794874867424,41703.60622298904,128.0
1790320888,2,TPOT,completion,0.000000,0.000000,290,290,290,290,290,290,290,290,290,290,290,7,0,290,287.5993766476734,283.7102819366131,293.0201457952714,0.0
1790320888,2,TTFT,completion,0.000000,0.000000,4500,4500,4500,4500,4500,4500,4500,4500,4500,4500,4500,7,0,4500,4495.456944452599,4445.036529097706,4611.087450990453,0.0
1790320888,2,,Aggregated,0.000000,0.000000,4500,4500,41000,41000,41000,41000,41000,41000,41000,41000,41000,21,0,4500,15267.900653475743,283.7102819366131,41703.60622298904,42.666666666666664
1790320889,2,POST,completion,0.000000,0.000000,41000,41000,41000,41000,41000,41000,41000,41000,41000,41000,41000,7,0,41000,41020.645639326955,40515.794874867424,41703.60622298904,128.0
1790320889,2,TPOT,completion,0.000000,0.000000,290,290,290,290,290,290,290,290,290,290,290,7,0,290,287.5993766476734,283.7102819366131,293.0201457952714,0.0
1790320889,2,TTFT,completion,0.000000,0.000000,4500,4500,4500,4500,4500,4500,4500,4500,4500,4500,4500,7,0,4500,4495.456944452599,4445.036529097706,4611.087450990453,0.0
1790320889,2,,Aggregated,0.000000,0.000000,4500,4500,41000,41000,41000,41000,41000,41000,41000,41000,41000,21,0,4500,15267.900653475743,283.7102819366131,41703.60622298904,42.666666666666664
1790320890,2,POST,completion,0.000000,0.000000,41000,41000,41000,41000,41000,41000,41000,41000,41000,41000,41000,7,0,41000,41020.645639326955,40515.794874867424,41703.60622298904,128.0
1790320890,2,TPOT,completion,0.000000,0.000000,290,290,290,290,290,290,290,290,290,290,290,7,0,290,287.5993766476734,283.7102819366131,293.0201457952714,0.0
1790320890,2,TTFT,completion,0.000000,0.000000,4500,4500,4500,4500,4500,4500,4500,4500,4500,4500,4500,7,0,4500,4495.456944452599,4445.036529097706,4611.087450990453,0.0
1790320890,2,,Aggregated,0.000000,0.000000,4500,4500,41000,41000,41000,41000,41000,41000,41000,41000,41000,21,0,4500,15267.900653475743,283.7102819366131,41703.60622298904,42.666666666666664
1790320891,2,POST,completion,0.000000,0.000000,41000,41000,41000,41000,41000,41000,41000,41000,41000,41000,41000,7,0,41000,41020.645639326955,40515.794874867424,41703.60622298904,128.0
1790320891,2,TPOT,completion,0.000000,0.000000,290,290,290,290,290,290,290,290,290,290,290,7,0,290,287.5993766476734,283.7102819366131,293.0201457952714,0.0
1790320891,2,TTFT,completion,0.000000,0.000000,4500,4500,4500,4500,4500,4500,4500,4500,4500,4500,4500,7,0,4500,4495.456944452599,4445.036529097706,4611.087450990453,0.0
1790320891,2,,Aggregated,0.000000,0.000000,4500,4500,41000,41000,41000,41000,41000,41000,41000,41000,41000,21,0,4500,15267.900653475743,283.7102819366131,41703.60622298904,42.666666666666664
1790320892,2,POST,completion,0.000000,0.000000,41000,41000,41000,41000,41000,41000,41000,41000,41000,41000,41000,7,0,41000,41020.645639326955,40515.794874867424,41703.60622298904,128.0
1790320892,2,TPOT,completion,0.000000,0.000000,290,290,290,290,290,290,290,290,290,290,290,7,0,290,287.5993766476734,283.7102819366131,293.0201457952714,0.0
1790320892,2,TTFT,completion,0.000000,0.000000,4500,4500,4500,4500,4500,4500,4500,4500,4500,4500,4500,7,0,4500,4495.456944452599,4445.036529097706,4611.087450990453,0.0
1790320892,2,,Aggregated,0.000000,0.000000,4500,4500,41000,41000,41000,41000,41000,41000,41000,41000,41000,21,0,4500,15267.900653475743,283.7102819366131,41703.60622298904,42.666666666666664
1790320894,2,POST,completion,0.000000,0.000000,41000,41000,41000,41000,41000,41000,41000,41000,41000,41000,41000,7,0,41000,41020.645639326955,40515.794874867424,41703.60622298904,128.0
1790320894,2,TPOT,completion,0.000000,0.000000,290,290,290,290,290,290,290,290,290,290,290,7,0,290,287.5993766476734,283.7102819366131,293.0201457952714,0.0
1790320894,2,TTFT,completion,0.000000,0.000000,4500,4500,4500,4500,4500,4500,4500,4500,4500,4500,4500,7,0,4500,4495.456944452599,4445.036529097706,4611.087450990453,0.0
1790320894,2,,Aggregated,0.000000,0.000000,4500,4500,41000,41000,41000,41000,41000,41000,41000,41000,41000,21,0,4500,15267.900653475743,283.7102819366131,41703.60622298904,42.666666666666664
1790320895,2,POST,completion,0.000000,0.000000,41000,41000,41000,41000,41000,41000,41000,41000,41000,41000,41000,7,0,41000,41020.645639326955,40515.794874867424,41703.60622298904,128.0
1790320895,2,TPOT,completion,0.000000,0.000000,290,290,290,290,290,290,290,290,290,290,290,7,0,290,287.5993766476734,283.7102819366131,293.0201457952714,0.0
1790320895,2,TTFT,completion,0.000000,0.000000,4500,4500,4500,4500,4500,4500,4500,4500,4500,4500,4500,7,0,4500,4495.456944452599,4445.036529097706,4611.087450990453,0.0
1790320895,2,,Aggregated,0.000000,0.000000,4500,4500,41000,41000,41000,41000,41000,41000,41000,41000,41000,21,0,4500,15267.900653475743,283.7102819366131,41703.60622298904,42.666666666666664
1790320896,2,POST,completion,0.000000,0.000000,41000,41000,41000,41000,41000,41000,41000,41000,41000,41000,41000,7,0,41000,41020.645639326955,40515.794874867424,41703.60622298904,128.0
1790320896,2,TPOT,completion,0.000000,0.000000,290,290,290,290,290,290,290,290,290,290,290,7,0,290,287.5993766476734,283.7102819366131,293.0201457952714,0.0
1790320896,2,TTFT,completion,0.000000,0.000000,4500,4500,4500,4500,4500,4500,4500,4500,4500,4500,4500,7,0,4500,4495.456944452599,4445.036529097706,4611.087450990453,0.0
1790320896,2,,Aggregated,0.000000,0.000000,4500,4500,41000,41000,41000,41000,41000,41000,41000,41000,41000,21,0,4500,15267.900653475743,283.7102819366131,41703.60622298904,42.666666666666664
1790320897,2,POST,completion,0.000000,0.000000,41000,41000,41000,41000,41000,41000,41000,41000,41000,41000,41000,7,0,41000,41020.645639326955,40515.794874867424,41703.60622298904,128.0
1790320897,2,TPOT,completion,0.000000,0.000000,290,290,290,290,290,290,290,290,290,290,290,7,0,290,287.5993766476734,283.7102819366131,293.0201457952714,0.0
1790320897,2,TTFT,completion,0.000000,0.000000,4500,4500,4500,4500,4500,4500,4500,4500,4500,4500,4500,7,0,4500,4495.456944452599,4445.036529097706,4611.087450990453,0.0
1790320897,2,,Aggregated,0.000000,0.000000,4500,4500,41000,41000,41000,41000,41000,41000,41000,41000,41000,21,0,4500,15267.900653475743,283.7102819366131,41703.60622298904,42.666666666666664
1790320898,2,POST,completion,0.000000,0.000000,41000,41000,41000,41000,41000,41000,41000,41000,41000,41000,41000,7,0,41000,41020.645639326955,40515.794874867424,41703.60622298904,128.0
1790320898,2,TPOT,completion,0.000000,0.000000,290,290,290,290,290,290,290,290,290,290,290,7,0,290,287.5993766476734,283.7102819366131,293.0201457952714,0.0
1790320898,2,TTFT,completion,0.000000,0.000000,4500,4500,4500,4500,4500,4500,4500,4500,4500,4500,4500,7,0,4500,4495.456944452599,4445.036529097706,4611.087450990453,0.0
1790320898,2,,Aggregated,0.000000,0.000000,4500,4500,41000,41000,41000,41000,41000,41000,41000,41000,41000,21,0,4500,15267.900653475743,283.7102819366131,41703.60622298904,42.666666666666664
1790320899,2,POST,completion,0.000000,0.000000,41000,41000,41000,41000,41000,41000,41000,41000,41000,41000,41000,8,0,41000,41004.664995649364,40515.794874867424,41703.60622298904,128.0
1790320899,2,TPOT,completion,0.000000,0.000000,290,290,290,290,290,290,290,290,290,290,290,8,0,290,287.3386163314929,283.7102819366131,293.0201457952714,0.0
1790320899,2,TTFT,completion,0.000000,0.000000,4600,4600,4600,4600,4600,4600,4600,4600,4600,4600,4600,8,0,4500,4512.593413761351,4445.036529097706,4632.548698922619,0.0
1790320899,2,,Aggregated,0.000000,0.000000,4600,4600,41000,41000,41000,41000,41000,41000,41000,41000,41000,24,0,4500,15268.199008580736,283.7102819366131,41703.60622298904,42.666666666666664
1790320900,2,POST,completion,0.000000,0.000000,41000,41000,41000,41000,41000,41000,41000,41000,41000,41000,41000,8,0,41000,41004.664995649364,40515.794874867424,41703.60622298904,128.0
1790320900,2,TPOT,completion,0.000000,0.000000,290,290,290,290,290,290,290,290,290,290,290,8,0,290,287.3386163314929,283.7102819366131,293.0201457952714,0.0
1790320900,2,TTFT,completion,0.000000,0.000000,4600,4600,4600,4600,4600,4600,4600,4600,4600,4600,4600,8,0,4500,4512.593413761351,4445.036529097706,4632.548698922619,0.0
1790320900,2,,Aggregated,0.000000,0.000000,4600,4600,41000,41000,41000,41000,41000,41000,41000,41000,41000,24,0,4500,15268.199008580736,283.7102819366131,41703.60622298904,42.666666666666664
1790320901,2,POST,completion,0.000000,0.000000,41000,41000,41000,41000,41000,41000,41000,41000,41000,41000,41000,8,0,41000,41004.664995649364,40515.794874867424,41703.60622298904,128.0
1790320901,2,TPOT,completion,0.000000,0.000000,290,290,290,290,290,290,290,290,290,290,290,8,0,290,287.3386163314929,283.7102819366131,293.0201457952714,0.0
1790320901,2,TTFT,completion,0.000000,0.000000,4600,4600,4600,4600,4600,4600,4600,4600,4600,4600,4600,8,0,4500,4512.593413761351,4445.036529097706,4632.548698922619,0.0
1790320901,2,,Aggregated,0.000000,0.000000,4600,4600,41000,41000,41000,41000,41000,41000,41000,41000,41000,24,0,4500,15268.199008580736,283.7102819366131,41703.60622298904,42.666666666666664
1790320902,2,POST,completion,0.000000,0.000000,41000,41000,41000,41000,41000,41000,41000,41000,41000,41000,41000,8,0,41000,41004.664995649364,40515.794874867424,41703.60622298904,128.0
1790320902,2,TPOT,completion,0.000000,0.000000,290,290,290,290,290,290,290,290,290,290,290,8,0,290,287.3386163314929,283.7102819366131,293.0201457952714,0.0
1790320902,2,TTFT,completion,0.000000,0.000000,4600,4600,4600,4600,4600,4600,4600,4600,4600,4600,4600,8,0,4500,4512.593413761351,4445.036529097706,4632.548698922619,0.0
1790320902,2,,Aggregated,0.000000,0.000000,4600,4600,41000,41000,41000,41000,41000,41000,41000,41000,41000,24,0,4500,15268.199008580736,283.7102819366131,41703.60622298904,42.666666666666664
1790320903,2,POST,completion,0.000000,0.000000,41000,41000,41000,41000,41000,41000,41000,41000,41000,41000,41000,8,0,41000,41004.664995649364,40515.794874867424,41703.60622298904,128.0
1790320903,2,TPOT,completion,0.000000,0.000000,290,290,290,290,290,290,290,290,290,290,290,8,0,290,287.3386163314929,283.7102819366131,293.0201457952714,0.0
1790320903,2,TTFT,completion,0.000000,0.000000,4600,4600,4600,4600,4600,4600,4600,4600,4600,4600,4600,8,0,4500,4512.593413761351,4445.036529097706,4632.548698922619,0.0
1790320903,2,,Aggregated,0.000000,0.000000,4600,4600,41000,41000,41000,41000,41000,41000,41000,41000,41000,24,0,4500,15268.199008580736,283.7102819366131,41703.60622298904,42.666666666666664
1790320904,2,POST,completion,0.000000,0.000000,41000,41000,41000,41000,41000,41000,41000,41000,41000,41000,41000,8,0,41000,41004.664995649364,40515.794874867424,41703.60622298904,128.0
1790320904,2,TPOT,completion,0.000000,0.000000,290,290,290,290,290,290,290,290,290,290,290,8,0,290,287.3386163314929,283.7102819366131,293.0201457952714,0.0
1790320904,2,TTFT,completion,0.000000,0.000000,4600,4600,4600,4600,4600,4600,4600,4600,4600,4600,4600,8,0,4500,4512.593413761351,4445.036529097706,4632.548698922619,0.0
1790320904,2,,Aggregated,0.000000,0.000000,4600,4600,41000,41000,41000,41000,41000,41000,41000,41000,41000,24,0,4500,15268.199008580736,283.7102819366131,41703.60622298904,42.666666666666664
1790320905,2,POST,completion,0.000000,0.000000,41000,41000,41000,41000,41000,41000,41000,41000,41000,41000,41000,8,0,41000,41004.664995649364,40515.794874867424,41703.60622298904,128.0
1790320905,2,TPOT,completion,0.000000,0.000000,290,290,290,290,290,290,290,290,290,290,290,8,0,290,287.3386163314929,283.7102819366131,293.0201457952714,0.0
1790320905,2,TTFT,completion,0.000000,0.000000,4600,4600,4600,4600,4600,4600,4600,4600,4600,4600,4600,8,0,4500,4512.593413761351,4445.036529097706,4632.548698922619,0.0
1790320905,2,,Aggregated,0.000000,0.000000,4600,4600,41000,41000,41000,41000,41000,41000,41000,41000,41000,24,0,4500,15268.199008580736,283.7102819366131,41703.60622298904,42.666666666666664
1790320906,2,POST,completion,0.000000,0.000000,41000,41000,41000,41000,41000,41000,41000,41000,41000,41000,41000,8,0,41000,41004.664995649364,40515.794874867424,41703.60622298904,128.0
1790320906,2,TPOT,completion,0.000000,0.000000,290,290,290,290,290,290,290,290,290,290,290,8,0,290,287.3386163314929,283.7102819366131,293.0201457952714,0.0
1790320906,2,TTFT,completion,0.000000,0.000000,4600,4600,4600,4600,4600,4600,4600,4600,4600,4600,4600,8,0,4500,4512.593413761351,4445.036529097706,4632.548698922619,0.0
1790320906,2,,Aggregated,0.000000,0.000000,4600,4600,41000,41000,41000,41000,41000,41000,41000,41000,41000,24,0,4500,15268.199008580736,283.7102819366131,41703.60622298904,42.666666666666664
1790320907,2,POST,completion,0.000000,0.000000,41000,41000,41000,41000,41000,41000,41000,41000,41000,41000,41000,8,0,41000,41004.664995649364,40515.794874867424,41703.60622298904,128.0
1790320907,2,TPOT,completion,0.000000,0.000000,290,290,290,290,290,290,290,290,290,290,290,8,0,290,287.3386163314929,283.7102819366131,293.0201457952714,0.0
1790320907,2,TTFT,completion,0.000000,0.000000,4600,4600,4600,4600,4600,4600,4600,4600,4600,4600,4600,8,0,4500,4512.593413761351,4445.036529097706,4632.548698922619,0.0
1790320907,2,,Aggregated,0.000000,0.000000,4600,4600,41000,41000,41000,41000,41000,41000,41000,41000,41000,24,0,4500,15268.199008580736,283.7102819366131,41703.60622298904,42.666666666666664
1790320908,2,POST,completion,0.000000,0.000000,41000,41000,41000,41000,41000,41000,41000,41000,41000,41000,41000,8,0,41000,41004.664995649364,40515.794874867424,41703.60622298904,128.0
1790320908,2,TPOT,completion,0.000000,0.000000,290,290,290,290,290,290,290,290,290,290,290,8,0,290,287.3386163314929,283.7102819366131,293.0201457952714,0.0
1790320908,2,TTFT,completion,0.000000,0.000000,4600,4600,4600,4600,4600,4600,4600,4600,4600,4600,4600,8,0,4500,4512.593413761351,4445.036529097706,4632.548698922619,0.0
1790320908,2,,Aggregated,0.000000,0.000000,4600,4600,41000,41000,41000,41000,41000,41000,41000,41000,41000,24,0,4500,15268.199008580736,283.7102819366131,41703.60622298904,42.666666666666664
1790320909,2,POST,completion,0.000000,0.000000,41000,41000,41000,41000,41000,41000,41000,41000,41000,41000,41000,8,0,41000,41004.664995649364,40515.794874867424,41703.60622298904,128.0
1790320909,2,TPOT,completion,0.000000,0.000000,290,290,290,290,290,290,290,290,290,290,290,8,0,290,287.3386163314929,283.7102819366131,293.0201457952714,0.0
1790320909,2,TTFT,completion,0.000000,0.000000,4600,4600,4600,4600,4600,4600,4600,4600,4600,4600,4600,8,0,4500,4512.593413761351,4445.036529097706,4632.548698922619,0.0
1790320909,2,,Aggregated,0.000000,0.000000,4600,4600,41000,41000,41000,41000,41000,41000,41000,41000,41000,24,0,4500,15268.199008580736,283.7102819366131,41703.60622298904,42.666666666666664
1790320910,2,POST,completion,0.000000,0.000000,41000,41000,41000,41000,41000,41000,41000,41000,41000,41000,41000,8,0,41000,41004.664995649364,40515.794874867424,41703.60622298904,128.0
1790320910,2,TPOT,completion,0.000000,0.000000,290,290,290,290,290,290,290,290,290,290,290,8,0,290,287.3386163314929,283.7102819366131,293.0201457952714,0.0
1790320910,2,TTFT,completion,0.000000,0.000000,4600,4600,4600,4600,4600,4600,4600,4600,4600,4600,4600,8,0,4500,4512.593413761351,4445.036529097706,4632.548698922619,0.0
1790320910,2,,Aggregated,0.000000,0.000000,4600,4600,41000,41000,41000,41000,41000,41000,41000,41000,41000,24,0,4500,15268.199008580736,283.7102819366131,41703.60622298904,42.666666666666664
1790320911,2,POST,completion,0.000000,0.000000,41000,41000,41000,41000,41000,41000,41000,41000,41000,41000,41000,8,0,41000,41004.664995649364,40515.794874867424,41703.60622298904,128.0
1790320911,2,TPOT,completion,0.000000,0.000000,290,290,290,290,290,290,290,290,290,290,290,8,0,290,287.3386163314929,283.7102819366131,293.0201457952714,0.0
1790320911,2,TTFT,completion,0.000000,0.000000,4600,4600,4600,4600,4600,4600,4600,4600,4600,4600,4600,8,0,4500,4512.593413761351,4445.036529097706,4632.548698922619,0.0
1790320911,2,,Aggregated,0.000000,0.000000,4600,4600,41000,41000,41000,41000,41000,41000,41000,41000,41000,24,0,4500,15268.199008580736,283.7102819366131,41703.60622298904,42.666666666666664
1790320912,2,POST,completion,0.000000,0.000000,41000,41000,41000,41000,41000,41000,41000,41000,41000,41000,41000,8,0,41000,41004.664995649364,40515.794874867424,41703.60622298904,128.0
1790320912,2,TPOT,completion,0.000000,0.000000,290,290,290,290,290,290,290,290,290,290,290,8,0,290,287.3386163314929,283.7102819366131,293.0201457952714,0.0
1790320912,2,TTFT,completion,0.000000,0.000000,4600,4600,4600,4600,4600,4600,4600,4600,4600,4600,4600,8,0,4500,4512.593413761351,4445.036529097706,4632.548698922619,0.0
1790320912,2,,Aggregated,0.000000,0.000000,4600,4600,41000,41000,41000,41000,41000,41000,41000,41000,41000,24,0,4500,15268.199008580736,283.7102819366131,41703.60622298904,42.666666666666664
1790320913,2,POST,completion,0.000000,0.000000,41000,41000,41000,41000,41000,41000,41000,41000,41000,41000,41000,8,0,41000,41004.664995649364,40515.794874867424,41703.60622298904,128.0
1790320913,2,TPOT,completion,0.000000,0.000000,290,290,290,290,290,290,290,290,290,290,290,8,0,290,287.3386163314929,283.7102819366131,293.0201457952714,0.0
1790320913,2,TTFT,completion,0.000000,0.000000,4600,4600,4600,4600,4600,4600,4600,4600,4600,4600,4600,8,0,4500,4512.593413761351,4445.036529097706,4632.548698922619,0.0
1790320913,2,,Aggregated,0.000000,0.000000,4600,4600,41000,41000,41000,41000,41000,41000,41000,41000,41000,24,0,4500,15268.199008580736,283.7102819366131,41703.60622298904,42.666666666666664
1790320914,2,POST,completion,0.000000,0.000000,41000,41000,41000,41000,41000,41000,41000,41000,41000,41000,41000,8,0,41000,41004.664995649364,40515.794874867424,41703.60622298904,128.0
1790320914,2,TPOT,completion,0.000000,0.000000,290,290,290,290,290,290,290,290,290,290,290,8,0,290,287.3386163314929,283.7102819366131,293.0201457952714,0.0
1790320914,2,TTFT,completion,0.000000,0.000000,4600,4600,4600,4600,4600,4600,4600,4600,4600,4600,4600,8,0,4500,4512.593413761351,4445.036529097706,4632.548698922619,0.0
1790320914,2,,Aggregated,0.000000,0.000000,4600,4600,41000,41000,41000,41000,41000,41000,41000,41000,41000,24,0,4500,15268.199008580736,283.7102819366131,41703.60622298904,42.666666666666664
1790320915,2,POST,completion,0.000000,0.000000,41000,41000,41000,41000,41000,41000,41000,41000,41000,41000,41000,8,0,41000,41004.664995649364,40515.794874867424,41703.60622298904,128.0
1790320915,2,TPOT,completion,0.000000,0.000000,290,290,290,290,290,290,290,290,290,290,290,8,0,290,287.3386163314929,283.7102819366131,293.0201457952714,0.0
1790320915,2,TTFT,completion,0.000000,0.000000,4600,4600,4600,4600,4600,4600,4600,4600,4600,4600,4600,8,0,4500,4512.593413761351,4445.036529097706,4632.548698922619,0.0
1790320915,2,,Aggregated,0.000000,0.000000,4600,4600,41000,41000,41000,41000,41000,41000,41000,41000,41000,24,0,4500,15268.199008580736,283.7102819366131,41703.60622298904,42.666666666666664
1790320916,2,POST,completion,0.000000,0.000000,0,0,0,0,0,0,0,0,0,0,0,8,0,41000,41004.664995649364,40515.794874867424,41703.60622298904,128.0
1790320916,2,TPOT,completion,0.000000,0.000000,0,0,0,0,0,0,0,0,0,0,0,8,0,290,287.3386163314929,283.7102819366131,293.0201457952714,0.0
1790320916,2,TTFT,completion,0.000000,0.000000,0,0,0,0,0,0,0,0,0,0,0,8,0,4500,4512.593413761351,4445.036529097706,4632.548698922619,0.0
1790320916,2,,Aggregated,0.000000,0.000000,0,0,0,0,0,0,0,0,0,0,0,24,0,4500,15268.199008580736,283.7102819366131,41703.60622298904,42.666666666666664
1790320917,2,POST,completion,0.000000,0.000000,0,0,0,0,0,0,0,0,0,0,0,8,0,41000,41004.664995649364,40515.794874867424,41703.60622298904,128.0
1790320917,2,TPOT,completion,0.000000,0.000000,0,0,0,0,0,0,0,0,0,0,0,8,0,290,287.3386163314929,283.7102819366131,293.0201457952714,0.0
1790320917,2,TTFT,completion,0.000000,0.000000,0,0,0,0,0,0,0,0,0,0,0,8,0,4500,4512.593413761351,4445.036529097706,4632.548698922619,0.0
1790320917,2,,Aggregated,0.000000,0.000000,0,0,0,0,0,0,0,0,0,0,0,24,0,4500,15268.199008580736,283.7102819366131,41703.60622298904,42.666666666666664
1790320918,2,POST,completion,0.000000,0.000000,0,0,0,0,0,0,0,0,0,0,0,8,0,41000,41004.664995649364,40515.794874867424,41703.60622298904,128.0
1790320918,2,TPOT,completion,0.000000,0.000000,0,0,0,0,0,0,0,0,0,0,0,8,0,290,287.3386163314929,283.7102819366131,293.0201457952714,0.0
1790320918,2,TTFT,completion,0.000000,0.000000,0,0,0,0,0,0,0,0,0,0,0,8,0,4500,4512.593413761351,4445.036529097706,4632.548698922619,0.0
1790320918,2,,Aggregated,0.000000,0.000000,0,0,0,0,0,0,0,0,0,0,0,24,0,4500,15268.199008580736,283.7102819366131,41703.60622298904,42.666666666666664
1790320919,2,POST,completion,0.000000,0.000000,0,0,0,0,0,0,0,0,0,0,0,8,0,41000,41004.664995649364,40515.794874867424,41703.60622298904,128.0
1790320919,2,TPOT,completion,0.000000,0.000000,0,0,0,0,0,0,0,0,0,0,0,8,0,290,287.3386163314929,283.7102819366131,293.0201457952714,0.0
1790320919,2,TTFT,completion,0.000000,0.000000,0,0,0,0,0,0,0,0,0,0,0,8,0,4500,4512.593413761351,4445.036529097706,4632.548698922619,0.0
1790320919,2,,Aggregated,0.000000,0.000000,0,0,0,0,0,0,0,0,0,0,0,24,0,4500,15268.199008580736,283.7102819366131,41703.60622298904,42.666666666666664
1790320920,2,POST,completion,0.000000,0.000000,0,0,0,0,0,0,0,0,0,0,0,8,0,41000,41004.664995649364,40515.794874867424,41703.60622298904,128.0
1790320920,2,TPOT,completion,0.000000,0.000000,0,0,0,0,0,0,0,0,0,0,0,8,0,290,287.3386163314929,283.7102819366131,293.0201457952714,0.0
1790320920,2,TTFT,completion,0.000000,0.000000,0,0,0,0,0,0,0,0,0,0,0,8,0,4500,4512.593413761351,4445.036529097706,4632.548698922619,0.0
1790320920,2,,Aggregated,0.000000,0.000000,0,0,0,0,0,0,0,0,0,0,0,24,0,4500,15268.199008580736,283.7102819366131,41703.60622298904,42.666666666666664
1790320921,2,POST,completion,0.000000,0.000000,0,0,0,0,0,0,0,0,0,0,0,8,0,41000,41004.664995649364,40515.794874867424,41703.60622298904,128.0
1790320921,2,TPOT,completion,0.000000,0.000000,0,0,0,0,0,0,0,0,0,0,0,8,0,290,287.3386163314929,283.7102819366131,293.0201457952714,0.0
1790320921,2,TTFT,completion,0.000000,0.000000,0,0,0,0,0,0,0,0,0,0,0,8,0,4500,4512.593413761351,4445.036529097706,4632.548698922619,0.0
1790320921,2,,Aggregated,0.000000,0.000000,0,0,0,0,0,0,0,0,0,0,0,24,0,4500,15268.199008580736,283.7102819366131,41703.60622298904,42.666666666666664
1790320922,2,POST,completion,0.000000,0.000000,0,0,0,0,0,0,0,0,0,0,0,8,0,41000,41004.664995649364,40515.794874867424,41703.60622298904,128.0
1790320922,2,TPOT,completion,0.000000,0.000000,0,0,0,0,0,0,0,0,0,0,0,8,0,290,287.3386163314929,283.7102819366131,293.0201457952714,0.0
1790320922,2,TTFT,completion,0.000000,0.000000,0,0,0,0,0,0,0,0,0,0,0,8,0,4500,4512.593413761351,4445.036529097706,4632.548698922619,0.0
1790320922,2,,Aggregated,0.000000,0.000000,0,0,0,0,0,0,0,0,0,0,0,24,0,4500,15268.199008580736,283.7102819366131,41703.60622298904,42.666666666666664
1790320923,2,POST,completion,0.000000,0.000000,0,0,0,0,0,0,0,0,0,0,0,8,0,41000,41004.664995649364,40515.794874867424,41703.60622298904,128.0
1790320923,2,TPOT,completion,0.000000,0.000000,0,0,0,0,0,0,0,0,0,0,0,8,0,290,287.3386163314929,283.7102819366131,293.0201457952714,0.0
1790320923,2,TTFT,completion,0.000000,0.000000,0,0,0,0,0,0,0,0,0,0,0,8,0,4500,4512.593413761351,4445.036529097706,4632.548698922619,0.0
1790320923,2,,Aggregated,0.000000,0.000000,0,0,0,0,0,0,0,0,0,0,0,24,0,4500,15268.199008580736,283.7102819366131,41703.60622298904,42.666666666666664
1790320924,2,POST,completion,0.000000,0.000000,42000,42000,42000,42000,42000,42000,42000,42000,42000,42000,42000,9,0,41000,41087.2548945869,40515.794874867424,41747.9740860872,128.0
1790320924,2,TPOT,completion,0.000000,0.000000,290,290,290,290,290,290,290,290,290,290,290,9,0,290,288.0042555965222,283.7102819366131,293.32936971675696,0.0
1790320924,2,TTFT,completion,0.000000,0.000000,4500,4500,4500,4500,4500,4500,4500,4500,4500,4500,4500,9,0,4500,4510.647346912366,4445.036529097706,4632.548698922619,0.0
1790320924,2,,Aggregated,0.000000,0.000000,4500,4500,42000,42000,42000,42000,42000,42000,42000,42000,42000,27,0,4500,15295.302165698597,283.7102819366131,41747.9740860872,42.666666666666664
1790320925,2,POST,completion,0.000000,0.000000,42000,42000,42000,42000,42000,42000,42000,42000,42000,42000,42000,9,0,41000,41087.2548945869,40515.794874867424,41747.9740860872,128.0
1790320925,2,TPOT,completion,0.000000,0.000000,290,290,290,290,290,290,290,290,290,290,290,9,0,290,288.0042555965222,283.7102819366131,293.32936971675696,0.0
1790320925,2,TTFT,completion,0.000000,0.000000,4500,4500,4500,4500,4500,4500,4500,4500,4500,4500,4500,9,0,4500,4510.647346912366,4445.036529097706,4632.548698922619,0.0
1790320925,2,,Aggregated,0.000000,0.000000,4500,4500,42000,42000,42000,42000,42000,42000,42000,42000,42000,27,0,4500,15295.302165698597,283.7102819366131,41747.9740860872,42.666666666666664
1790320926,2,POST,completion,0.000000,0.000000,42000,42000,42000,42000,42000,42000,42000,42000,42000,42000,42000,9,0,41000,41087.2548945869,40515.794874867424,41747.9740860872,128.0
1790320926,2,TPOT,completion,0.000000,0.000000,290,290,290,290,290,290,290,290,290,290,290,9,0,290,288.0042555965222,283.7102819366131,293.32936971675696,0.0
1790320926,2,TTFT,completion,0.000000,0.000000,4500,4500,4500,4500,4500,4500,4500,4500,4500,4500,4500,9,0,4500,4510.647346912366,4445.036529097706,4632.548698922619,0.0
1790320926,2,,Aggregated,0.000000,0.000000,4500,4500,42000,42000,42000,42000,42000,42000,42000,42000,42000,27,0,4500,15295.302165698597,283.7102819366131,41747.9740860872,42.666666666666664
1790320927,2,POST,completion,0.000000,0.000000,42000,42000,42000,42000,42000,42000,42000,42000,42000,42000,42000,9,0,41000,41087.2548945869,40515.794874867424,41747.9740860872,128.0
1790320927,2,TPOT,completion,0.000000,0.000000,290,290,290,290,290,290,290,290,290,290,290,9,0,290,288.0042555965222,283.7102819366131,293.32936971675696,0.0
1790320927,2,TTFT,completion,0.000000,0.000000,4500,4500,4500,4500,4500,4500,4500,4500,4500,4500,4500,9,0,4500,4510.647346912366,4445.036529097706,4632.548698922619,0.0
1790320927,2,,Aggregated,0.000000,0.000000,4500,4500,42000,42000,42000,42000,42000,42000,42000,42000,42000,27,0,4500,15295.302165698597,283.7102819366131,41747.9740860872,42.666666666666664
1790320928,2,POST,completion,0.000000,0.000000,42000,42000,42000,42000,42000,42000,42000,42000,42000,42000,42000,9,0,41000,41087.2548945869,40515.794874867424,41747.9740860872,128.0
1790320928,2,TPOT,completion,0.000000,0.000000,290,290,290,290,290,290,290,290,290,290,290,9,0,290,288.0042555965222,283.7102819366131,293.32936971675696,0.0
1790320928,2,TTFT,completion,0.000000,0.000000,4500,4500,4500,4500,4500,4500,4500,4500,4500,4500,4500,9,0,4500,4510.647346912366,4445.036529097706,4632.548698922619,0.0
1790320928,2,,Aggregated,0.000000,0.000000,4500,4500,42000,42000,42000,42000,42000,42000,42000,42000,42000,27,0,4500,15295.302165698597,283.7102819366131,41747.9740860872,42.666666666666664
1790320929,2,POST,completion,0.000000,0.000000,42000,42000,42000,42000,42000,42000,42000,42000,42000,42000,42000,9,0,41000,41087.2548945869,40515.794874867424,41747.9740860872,128.0
1790320929,2,TPOT,completion,0.000000,0.000000,290,290,290,290,290,290,290,290,290,290,290,9,0,290,288.0042555965222,283.7102819366131,293.32936971675696,0.0
1790320929,2,TTFT,completion,0.000000,0.000000,4500,4500,4500,4500,4500,4500,4500,4500,4500,4500,4500,9,0,4500,4510.647346912366,4445.036529097706,4632.548698922619,0.0
1790320929,2,,Aggregated,0.000000,0.000000,4500,4500,42000,42000,42000,42000,42000,42000,42000,42000,42000,27,0,4500,15295.302165698597,283.7102819366131,41747.9740860872,42.666666666666664
1790320930,2,POST,completion,0.000000,0.000000,42000,42000,42000,42000,42000,42000,42000,42000,42000,42000,42000,9,0,41000,41087.2548945869,40515.794874867424,41747.9740860872,128.0
1790320930,2,TPOT,completion,0.000000,0.000000,290,290,290,290,290,290,290,290,290,290,290,9,0,290,288.0042555965222,283.7102819366131,293.32936971675696,0.0
1790320930,2,TTFT,completion,0.000000,0.000000,4500,4500,4500,4500,4500,4500,4500,4500,4500,4500,4500,9,0,4500,4510.647346912366,4445.036529097706,4632.548698922619,0.0
1790320930,2,,Aggregated,0.000000,0.000000,4500,4500,42000,42000,42000,42000,42000,42000,42000,42000,42000,27,0,4500,15295.302165698597,283.7102819366131,41747.9740860872,42.666666666666664
1790320931,2,POST,completion,0.000000,0.000000,42000,42000,42000,42000,42000,42000,42000,42000,42000,42000,42000,9,0,41000,41087.2548945869,40515.794874867424,41747.9740860872,128.0
1790320931,2,TPOT,completion,0.000000,0.000000,290,290,290,290,290,290,290,290,290,290,290,9,0,290,288.0042555965222,283.7102819366131,293.32936971675696,0.0
1790320931,2,TTFT,completion,0.000000,0.000000,4500,4500,4500,4500,4500,4500,4500,4500,4500,4500,4500,9,0,4500,4510.647346912366,4445.036529097706,4632.548698922619,0.0
1790320931,2,,Aggregated,0.000000,0.000000,4500,4500,42000,42000,42000,42000,42000,42000,42000,42000,42000,27,0,4500,15295.302165698597,283.7102819366131,41747.9740860872,42.666666666666664
1790320932,2,POST,completion,0.000000,0.000000,42000,42000,42000,42000,42000,42000,42000,42000,42000,42000,42000,9,0,41000,41087.2548945869,40515.794874867424,41747.9740860872,128.0
1790320932,2,TPOT,completion,0.000000,0.000000,290,290,290,290,290,290,290,290,290,290,290,9,0,290,288.0042555965222,283.7102819366131,293.32936971675696,0.0
1790320932,2,TTFT,completion,0.000000,0.000000,4500,4500,4500,4500,4500,4500,4500,4500,4500,4500,4500,9,0,4500,4510.647346912366,4445.036529097706,4632.548698922619,0.0
1790320932,2,,Aggregated,0.000000,0.000000,4500,4500,42000,42000,42000,42000,42000,42000,42000,42000,42000,27,0,4500,15295.302165698597,283.7102819366131,41747.9740860872,42.666666666666664
1790320933,2,POST,completion,0.000000,0.000000,42000,42000,42000,42000,42000,42000,42000,42000,42000,42000,42000,9,0,41000,41087.2548945869,40515.794874867424,41747.9740860872,128.0
1790320933,2,TPOT,completion,0.000000,0.000000,290,290,290,290,290,290,290,290,290,290,290,9,0,290,288.0042555965222,283.7102819366131,293.32936971675696,0.0
1790320933,2,TTFT,completion,0.000000,0.000000,4500,4500,4500,4500,4500,4500,4500,4500,4500,4500,4500,9,0,4500,4510.647346912366,4445.036529097706,4632.548698922619,0.0
1790320933,2,,Aggregated,0.000000,0.000000,4500,4500,42000,42000,42000,42000,42000,42000,42000,42000,42000,27,0,4500,15295.302165698597,283.7102819366131,41747.9740860872,42.666666666666664
1790320934,2,POST,completion,0.000000,0.000000,42000,42000,42000,42000,42000,42000,42000,42000,42000,42000,42000,9,0,41000,41087.2548945869,40515.794874867424,41747.9740860872,128.0
1790320934,2,TPOT,completion,0.000000,0.000000,290,290,290,290,290,290,290,290,290,290,290,9,0,290,288.0042555965222,283.7102819366131,293.32936971675696,0.0
1790320934,2,TTFT,completion,0.000000,0.000000,4500,4500,4500,4500,4500,4500,4500,4500,4500,4500,4500,9,0,4500,4510.647346912366,4445.036529097706,4632.548698922619,0.0
1790320934,2,,Aggregated,0.000000,0.000000,4500,4500,42000,42000,42000,42000,42000,42000,42000,42000,42000,27,0,4500,15295.302165698597,283.7102819366131,41747.9740860872,42.666666666666664
1790320935,2,POST,completion,0.000000,0.000000,42000,42000,42000,42000,42000,42000,42000,42000,42000,42000,42000,9,0,41000,41087.2548945869,40515.794874867424,41747.9740860872,128.0
1790320935,2,TPOT,completion,0.000000,0.000000,290,290,290,290,290,290,290,290,290,290,290,9,0,290,288.0042555965222,283.7102819366131,293.32936971675696,0.0
1790320935,2,TTFT,completion,0.000000,0.000000,4500,4500,4500,4500,4500,4500,4500,4500,4500,4500,4500,9,0,4500,4510.647346912366,4445.036529097706,4632.548698922619,0.0
1790320935,2,,Aggregated,0.000000,0.000000,4500,4500,42000,42000,42000,42000,42000,42000,42000,42000,42000,27,0,4500,15295.302165698597,283.7102819366131,41747.9740860872,42.666666666666664
1790320936,2,POST,completion,0.000000,0.000000,42000,42000,42000,42000,42000,42000,42000,42000,42000,42000,42000,9,0,41000,41087.2548945869,40515.794874867424,41747.9740860872,128.0
1790320936,2,TPOT,completion,0.000000,0.000000,290,290,290,290,290,290,290,290,290,290,290,9,0,290,288.0042555965222,283.7102819366131,293.32936971675696,0.0
1790320936,2,TTFT,completion,0.000000,0.000000,4500,4500,4500,4500,4500,4500,4500,4500,4500,4500,4500,9,0,4500,4510.647346912366,4445.036529097706,4632.548698922619,0.0
1790320936,2,,Aggregated,0.000000,0.000000,4500,4500,42000,42000,42000,42000,42000,42000,42000,42000,42000,27,0,4500,15295.302165698597,283.7102819366131,41747.9740860872,42.666666666666664
1790320937,2,POST,completion,0.000000,0.000000,42000,42000,42000,42000,42000,42000,42000,42000,42000,42000,42000,9,0,41000,41087.2548945869,40515.794874867424,41747.9740860872,128.0
1790320937,2,TPOT,completion,0.000000,0.000000,290,290,290,290,290,290,290,290,290,290,290,9,0,290,288.0042555965222,283.7102819366131,293.32936971675696,0.0
1790320937,2,TTFT,completion,0.000000,0.000000,4500,4500,4500,4500,4500,4500,4500,4500,4500,4500,4500,9,0,4500,4510.647346912366,4445.036529097706,4632.548698922619,0.0
1790320937,2,,Aggregated,0.000000,0.000000,4500,4500,42000,42000,42000,42000,42000,42000,42000,42000,42000,27,0,4500,15295.302165698597,283.7102819366131,41747.9740860872,42.666666666666664
1790320938,2,POST,completion,0.000000,0.000000,42000,42000,42000,42000,42000,42000,42000,42000,42000,42000,42000,9,0,41000,41087.2548945869,40515.794874867424,41747.9740860872,128.0
1790320938,2,TPOT,completion,0.000000,0.000000,290,290,290,290,290,290,290,290,290,290,290,9,0,290,288.0042555965222,283.7102819366131,293.32936971675696,0.0
1790320938,2,TTFT,completion,0.000000,0.000000,4500,4500,4500,4500,4500,4500,4500,4500,4500,4500,4500,9,0,4500,4510.647346912366,4445.036529097706,4632.548698922619,0.0
1790320938,2,,Aggregated,0.000000,0.000000,4500,4500,42000,42000,42000,42000,42000,42000,42000,42000,42000,27,0,4500,15295.302165698597,283.7102819366131,41747.9740860872,42.666666666666664
1790320939,2,POST,completion,0.000000,0.000000,42000,42000,42000,42000,42000,42000,42000,42000,42000,42000,42000,10,0,41000,41030.99774182774,40515.794874867424,41747.9740860872,128.0
1790320939,2,TPOT,completion,0.000000,0.000000,290,290,290,290,290,290,290,290,290,290,290,10,0,290,287.5771624952789,283.7102819366131,293.32936971675696,0.0
1790320939,2,TTFT,completion,0.000000,0.000000,4500,4500,4500,4500,4500,4500,4500,4500,4500,4500,4500,10,0,4500,4508.631677320227,4445.036529097706,4632.548698922619,0.0
1790320939,2,,Aggregated,0.000000,0.000000,4500,4500,41000,41000,42000,42000,42000,42000,42000,42000,42000,30,0,4500,15275.735527214416,283.7102819366131,41747.9740860872,42.666666666666664
1790320940,2,POST,completion,0.000000,0.000000,41000,41000,41000,41000,41000,41000,41000,41000,41000,41000,41000,10,0,41000,41030.99774182774,40515.794874867424,41747.9740860872,128.0
1790320940,2,TPOT,completion,0.000000,0.000000,280,280,280,280,280,280,280,280,280,280,280,10,0,290,287.5771624952789,283.7102819366131,293.32936971675696,0.0
1790320940,2,TTFT,completion,0.000000,0.000000,4500,4500,4500,4500,4500,4500,4500,4500,4500,4500,4500,10,0,4500,4508.631677320227,4445.036529097706,4632.548698922619,0.0
1790320940,2,,Aggregated,0.000000,0.000000,4500,4500,41000,41000,41000,41000,41000,41000,41000,41000,41000,30,0,4500,15275.735527214416,283.7102819366131,41747.9740860872,42.666666666666664
1790320941,2,POST,completion,0.000000,0.000000,41000,41000,41000,41000,41000,41000,41000,41000,41000,41000,41000,10,0,41000,41030.99774182774,40515.794874867424,41747.9740860872,128.0
1790320941,2,TPOT,completion,0.000000,0.000000,280,280,280,280,280,280,280,280,280,280,280,10,0,290,287.5771624952789,283.7102819366131,293.32936971675696,0.0
1790320941,2,TTFT,completion,0.000000,0.000000,4500,4500,4500,4500,4500,4500,4500,4500,4500,4500,4500,10,0,4500,4508.631677320227,4445.036529097706,4632.548698922619,0.0
1790320941,2,,Aggregated,0.000000,0.000000,4500,4500,41000,41000,41000,41000,41000,41000,41000,41000,41000,30,0,4500,15275.735527214416,283.7102819366131,41747.9740860872,42.666666666666664
1790320942,2,POST,completion,0.000000,0.000000,41000,41000,41000,41000,41000,41000,41000,41000,41000,41000,41000,10,0,41000,41030.99774182774,40515.794874867424,41747.9740860872,128.0
1790320942,2,TPOT,completion,0.000000,0.000000,280,280,280,280,280,280,280,280,280,280,280,10,0,290,287.5771624952789,283.7102819366131,293.32936971675696,0.0
1790320942,2,TTFT,completion,0.000000,0.000000,4500,4500,4500,4500,4500,4500,4500,4500,4500,4500,4500,10,0,4500,4508.631677320227,4445.036529097706,4632.548698922619,0.0
1790320942,2,,Aggregated,0.000000,0.000000,4500,4500,41000,41000,41000,41000,41000,41000,41000,41000,41000,30,0,4500,15275.735527214416,283.7102819366131,41747.9740860872,42.666666666666664
1790320943,2,POST,completion,0.000000,0.000000,41000,41000,41000,41000,41000,41000,41000,41000,41000,41000,41000,10,0,41000,41030.99774182774,40515.794874867424,41747.9740860872,128.0
1790320943,2,TPOT,completion,0.000000,0.000000,280,280,280,280,280,280,280,280,280,280,280,10,0,290,287.5771624952789,283.7102819366131,293.32936971675696,0.0
1790320943,2,TTFT,completion,0.000000,0.000000,4500,4500,4500,4500,4500,4500,4500,4500,4500,4500,4500,10,0,4500,4508.631677320227,4445.036529097706,4632.548698922619,0.0
1790320943,2,,Aggregated,0.000000,0.000000,4500,4500,41000,41000,41000,41000,41000,41000,41000,41000,41000,30,0,4500,15275.735527214416,283.7102819366131,41747.9740860872,42.666666666666664
1790320944,2,POST,completion,0.000000,0.000000,41000,41000,41000,41000,41000,41000,41000,41000,41000,41000,41000,10,0,41000,41030.99774182774,40515.794874867424,41747.9740860872,128.0
1790320944,2,TPOT,completion,0.000000,0.000000,280,280,280,280,280,280,280,280,280,280,280,10,0,290,287.5771624952789,283.7102819366131,293.32936971675696,0.0
1790320944,2,TTFT,completion,0.000000,0.000000,4500,4500,4500,4500,4500,4500,4500,4500,4500,4500,4500,10,0,4500,4508.631677320227,4445.036529097706,4632.548698922619,0.0
1790320944,2,,Aggregated,0.000000,0.000000,4500,4500,41000,41000,41000,41000,41000,41000,41000,41000,41000,30,0,4500,15275.735527214416,283.7102819366131,41747.9740860872,42.666666666666664
1790320945,2,POST,completion,0.000000,0.000000,41000,41000,41000,41000,41000,41000,41000,41000,41000,41000,41000,10,0,41000,41030.99774182774,40515.794874867424,41747.9740860872,128.0
1790320945,2,TPOT,completion,0.000000,0.000000,280,280,280,280,280,280,280,280,280,280,280,10,0,290,287.5771624952789,283.7102819366131,293.32936971675696,0.0
1790320945,2,TTFT,completion,0.000000,0.000000,4500,4500,4500,4500,4500,4500,4500,4500,4500,4500,4500,10,0,4500,4508.631677320227,4445.036529097706,4632.548698922619,0.0
1790320945,2,,Aggregated,0.000000,0.000000,4500,4500,41000,41000,41000,41000,41000,41000,41000,41000,41000,30,0,4500,15275.735527214416,283.7102819366131,41747.9740860872,42.666666666666664
1790320946,2,POST,completion,0.000000,0.000000,41000,41000,41000,41000,41000,41000,41000,41000,41000,41000,41000,10,0,41000,41030.99774182774,40515.794874867424,41747.9740860872,128.0
1790320946,2,TPOT,completion,0.000000,0.000000,280,280,280,280,280,280,280,280,280,280,280,10,0,290,287.5771624952789,283.7102819366131,293.32936971675696,0.0
1790320946,2,TTFT,completion,0.000000,0.000000,4500,4500,4500,4500,4500,4500,4500,4500,4500,4500,4500,10,0,4500,4508.631677320227,4445.036529097706,4632.548698922619,0.0
1790320946,2,,Aggregated,0.000000,0.000000,4500,4500,41000,41000,41000,41000,41000,41000,41000,41000,41000,30,0,4500,15275.735527214416,283.7102819366131,41747.9740860872,42.666666666666664
1790320947,2,POST,completion,0.000000,0.000000,41000,41000,41000,41000,41000,41000,41000,41000,41000,41000,41000,10,0,41000,41030.99774182774,40515.794874867424,41747.9740860872,128.0
1790320947,2,TPOT,completion,0.000000,0.000000,280,280,280,280,280,280,280,280,280,280,280,10,0,290,287.5771624952789,283.7102819366131,293.32936971675696,0.0
1790320947,2,TTFT,completion,0.000000,0.000000,4500,4500,4500,4500,4500,4500,4500,4500,4500,4500,4500,10,0,4500,4508.631677320227,4445.036529097706,4632.548698922619,0.0
1790320947,2,,Aggregated,0.000000,0.000000,4500,4500,41000,41000,41000,41000,41000,41000,41000,41000,41000,30,0,4500,15275.735527214416,283.7102819366131,41747.9740860872,42.666666666666664
1790320948,2,POST,completion,0.000000,0.000000,41000,41000,41000,41000,41000,41000,41000,41000,41000,41000,41000,10,0,41000,41030.99774182774,40515.794874867424,41747.9740860872,128.0
1790320948,2,TPOT,completion,0.000000,0.000000,280,280,280,280,280,280,280,280,280,280,280,10,0,290,287.5771624952789,283.7102819366131,293.32936971675696,0.0
1790320948,2,TTFT,completion,0.000000,0.000000,4500,4500,4500,4500,4500,4500,4500,4500,4500,4500,4500,10,0,4500,4508.631677320227,4445.036529097706,4632.548698922619,0.0
1790320948,2,,Aggregated,0.000000,0.000000,4500,4500,41000,41000,41000,41000,41000,41000,41000,41000,41000,30,0,4500,15275.735527214416,283.7102819366131,41747.9740860872,42.666666666666664
1790320949,2,POST,completion,0.000000,0.000000,41000,41000,41000,41000,41000,41000,41000,41000,41000,41000,41000,10,0,41000,41030.99774182774,40515.794874867424,41747.9740860872,128.0
1790320949,2,TPOT,completion,0.000000,0.000000,280,280,280,280,280,280,280,280,280,280,280,10,0,290,287.5771624952789,283.7102819366131,293.32936971675696,0.0
1790320949,2,TTFT,completion,0.000000,0.000000,4500,4500,4500,4500,4500,4500,4500,4500,4500,4500,4500,10,0,4500,4508.631677320227,4445.036529097706,4632.548698922619,0.0
1790320949,2,,Aggregated,0.000000,0.000000,4500,4500,41000,41000,41000,41000,41000,41000,41000,41000,41000,30,0,4500,15275.735527214416,283.7102819366131,41747.9740860872,42.666666666666664
1790320950,2,POST,completion,0.000000,0.000000,41000,41000,41000,41000,41000,41000,41000,41000,41000,41000,41000,10,0,41000,41030.99774182774,40515.794874867424,41747.9740860872,128.0
1790320950,2,TPOT,completion,0.000000,0.000000,280,280,280,280,280,280,280,280,280,280,280,10,0,290,287.5771624952789,283.7102819366131,293.32936971675696,0.0
1790320950,2,TTFT,completion,0.000000,0.000000,4500,4500,4500,4500,4500,4500,4500,4500,4500,4500,4500,10,0,4500,4508.631677320227,4445.036529097706,4632.548698922619,0.0
1790320950,2,,Aggregated,0.000000,0.000000,4500,4500,41000,41000,41000,41000,41000,41000,41000,41000,41000,30,0,4500,15275.735527214416,283.7102819366131,41747.9740860872,42.666666666666664
1790320951,2,POST,completion,0.000000,0.000000,41000,41000,41000,41000,41000,41000,41000,41000,41000,41000,41000,10,0,41000,41030.99774182774,40515.794874867424,41747.9740860872,128.0
1790320951,2,TPOT,completion,0.000000,0.000000,280,280,280,280,280,280,280,280,280,280,280,10,0,290,287.5771624952789,283.7102819366131,293.32936971675696,0.0
1790320951,2,TTFT,completion,0.000000,0.000000,4500,4500,4500,4500,4500,4500,4500,4500,4500,4500,4500,10,0,4500,4508.631677320227,4445.036529097706,4632.548698922619,0.0
1790320951,2,,Aggregated,0.000000,0.000000,4500,4500,41000,41000,41000,41000,41000,41000,41000,41000,41000,30,0,4500,15275.735527214416,283.7102819366131,41747.9740860872,42.666666666666664
1790320952,2,POST,completion,0.000000,0.000000,41000,41000,41000,41000,41000,41000,41000,41000,41000,41000,41000,10,0,41000,41030.99774182774,40515.794874867424,41747.9740860872,128.0
1790320952,2,TPOT,completion,0.000000,0.000000,280,280,280,280,280,280,280,280,280,280,280,10,0,290,287.5771624952789,283.7102819366131,293.32936971675696,0.0
1790320952,2,TTFT,completion,0.000000,0.000000,4500,4500,4500,4500,4500,4500,4500,4500,4500,4500,4500,10,0,4500,4508.631677320227,4445.036529097706,4632.548698922619,0.0
1790320952,2,,Aggregated,0.000000,0.000000,4500,4500,41000,41000,41000,41000,41000,41000,41000,41000,41000,30,0,4500,15275.735527214416,283.7102819366131,41747.9740860872,42.666666666666664
1790320953,2,POST,completion,0.000000,0.000000,41000,41000,41000,41000,41000,41000,41000,41000,41000,41000,41000,10,0,41000,41030.99774182774,40515.794874867424,41747.9740860872,128.0
1790320953,2,TPOT,completion,0.000000,0.000000,280,280,280,280,280,280,280,280,280,280,280,10,0,290,287.5771624952789,283.7102819366131,293.32936971675696,0.0
1790320953,2,TTFT,completion,0.000000,0.000000,4500,4500,4500,4500,4500,4500,4500,4500,4500,4500,4500,10,0,4500,4508.631677320227,4445.036529097706,4632.548698922619,0.0
1790320953,2,,Aggregated,0.000000,0.000000,4500,4500,41000,41000,41000,41000,41000,41000,41000,41000,41000,30,0,4500,15275.735527214416,283.7102819366131,41747.9740860872,42.666666666666664
1790320954,2,POST,completion,0.000000,0.000000,41000,41000,41000,41000,41000,41000,41000,41000,41000,41000,41000,10,0,41000,41030.99774182774,40515.794874867424,41747.9740860872,128.0
1790320954,2,TPOT,completion,0.000000,0.000000,280,280,280,280,280,280,280,280,280,280,280,10,0,290,287.5771624952789,283.7102819366131,293.32936971675696,0.0
1790320954,2,TTFT,completion,0.000000,0.000000,4500,4500,4500,4500,4500,4500,4500,4500,4500,4500,4500,10,0,4500,4508.631677320227,4445.036529097706,4632.548698922619,0.0
1790320954,2,,Aggregated,0.000000,0.000000,4500,4500,41000,41000,41000,41000,41000,41000,41000,41000,41000,30,0,4500,15275.735527214416,283.7102819366131,41747.9740860872,42.666666666666664
1790320955,2,POST,completion,0.000000,0.000000,41000,41000,41000,41000,41000,41000,41000,41000,41000,41000,41000,10,0,41000,41030.99774182774,40515.794874867424,41747.9740860872,128.0
1790320955,2,TPOT,completion,0.000000,0.000000,280,280,280,280,280,280,280,280,280,280,280,10,0,290,287.5771624952789,283.7102819366131,293.32936971675696,0.0
1790320955,2,TTFT,completion,0.000000,0.000000,4500,4500,4500,4500,4500,4500,4500,4500,4500,4500,4500,10,0,4500,4508.631677320227,4445.036529097706,4632.548698922619,0.0
1790320955,2,,Aggregated,0.000000,0.000000,4500,4500,41000,41000,41000,41000,41000,41000,41000,41000,41000,30,0,4500,15275.735527214416,283.7102819366131,41747.9740860872,42.666666666666664
1790320956,2,POST,completion,0.000000,0.000000,0,0,0,0,0,0,0,0,0,0,0,10,0,41000,41030.99774182774,40515.794874867424,41747.9740860872,128.0
1790320956,2,TPOT,completion,0.000000,0.000000,0,0,0,0,0,0,0,0,0,0,0,10,0,290,287.5771624952789,283.7102819366131,293.32936971675696,0.0
1790320956,2,TTFT,completion,0.000000,0.000000,0,0,0,0,0,0,0,0,0,0,0,10,0,4500,4508.631677320227,4445.036529097706,4632.548698922619,0.0
1790320956,2,,Aggregated,0.000000,0.000000,0,0,0,0,0,0,0,0,0,0,0,30,0,4500,15275.735527214416,283.7102819366131,41747.9740860872,42.666666666666664
1790320957,2,POST,completion,0.000000,0.000000,0,0,0,0,0,0,0,0,0,0,0,10,0,41000,41030.99774182774,40515.794874867424,41747.9740860872,128.0
1790320957,2,TPOT,completion,0.000000,0.000000,0,0,0,0,0,0,0,0,0,0,0,10,0,290,287.5771624952789,283.7102819366131,293.32936971675696,0.0
1790320957,2,TTFT,completion,0.000000,0.000000,0,0,0,0,0,0,0,0,0,0,0,10,0,4500,4508.631677320227,4445.036529097706,4632.548698922619,0.0
1790320957,2,,Aggregated,0.000000,0.000000,0,0,0,0,0,0,0,0,0,0,0,30,0,4500,15275.735527214416,283.7102819366131,41747.9740860872,42.666666666666664
1790320958,2,POST,completion,0.000000,0.000000,0,0,0,0,0,0,0,0,0,0,0,10,0,41000,41030.99774182774,40515.794874867424,41747.9740860872,128.0
1790320958,2,TPOT,completion,0.000000,0.000000,0,0,0,0,0,0,0,0,0,0,0,10,0,290,287.5771624952789,283.7102819366131,293.32936971675696,0.0
1790320958,2,TTFT,completion,0.000000,0.000000,0,0,0,0,0,0,0,0,0,0,0,10,0,4500,4508.631677320227,4445.036529097706,4632.548698922619,0.0
1790320958,2,,Aggregated,0.000000,0.000000,0,0,0,0,0,0,0,0,0,0,0,30,0,4500,15275.735527214416,283.7102819366131,41747.9740860872,42.666666666666664
1790320959,2,POST,completion,0.000000,0.000000,0,0,0,0,0,0,0,0,0,0,0,10,0,41000,41030.99774182774,40515.794874867424,41747.9740860872,128.0
1790320959,2,TPOT,completion,0.000000,0.000000,0,0,0,0,0,0,0,0,0,0,0,10,0,290,287.5771624952789,283.7102819366131,293.32936971675696,0.0
1790320959,2,TTFT,completion,0.000000,0.000000,0,0,0,0,0,0,0,0,0,0,0,10,0,4500,4508.631677320227,4445.036529097706,4632.548698922619,0.0
1790320959,2,,Aggregated,0.000000,0.000000,0,0,0,0,0,0,0,0,0,0,0,30,0,4500,15275.735527214416,283.7102819366131,41747.9740860872,42.666666666666664
1790320960,2,POST,completion,0.000000,0.000000,0,0,0,0,0,0,0,0,0,0,0,10,0,41000,41030.99774182774,40515.794874867424,41747.9740860872,128.0
1790320960,2,TPOT,completion,0.000000,0.000000,0,0,0,0,0,0,0,0,0,0,0,10,0,290,287.5771624952789,283.7102819366131,293.32936971675696,0.0
1790320960,2,TTFT,completion,0.000000,0.000000,0,0,0,0,0,0,0,0,0,0,0,10,0,4500,4508.631677320227,4445.036529097706,4632.548698922619,0.0
1790320960,2,,Aggregated,0.000000,0.000000,0,0,0,0,0,0,0,0,0,0,0,30,0,4500,15275.735527214416,283.7102819366131,41747.9740860872,42.666666666666664
1790320961,2,POST,completion,0.000000,0.000000,0,0,0,0,0,0,0,0,0,0,0,10,0,41000,41030.99774182774,40515.794874867424,41747.9740860872,128.0
1790320961,2,TPOT,completion,0.000000,0.000000,0,0,0,0,0,0,0,0,0,0,0,10,0,290,287.5771624952789,283.7102819366131,293.32936971675696,0.0
1790320961,2,TTFT,completion,0.000000,0.000000,0,0,0,0,0,0,0,0,0,0,0,10,0,4500,4508.631677320227,4445.036529097706,4632.548698922619,0.0
1790320961,2,,Aggregated,0.000000,0.000000,0,0,0,0,0,0,0,0,0,0,0,30,0,4500,15275.735527214416,283.7102819366131,41747.9740860872,42.666666666666664
1790320962,2,POST,completion,0.000000,0.000000,0,0,0,0,0,0,0,0,0,0,0,10,0,41000,41030.99774182774,40515.794874867424,41747.9740860872,128.0
1790320962,2,TPOT,completion,0.000000,0.000000,0,0,0,0,0,0,0,0,0,0,0,10,0,290,287.5771624952789,283.7102819366131,293.32936971675696,0.0
1790320962,2,TTFT,completion,0.000000,0.000000,0,0,0,0,0,0,0,0,0,0,0,10,0,4500,4508.631677320227,4445.036529097706,4632.548698922619,0.0
1790320962,2,,Aggregated,0.000000,0.000000,0,0,0,0,0,0,0,0,0,0,0,30,0,4500,15275.735527214416,283.7102819366131,41747.9740860872,42.666666666666664
1790320963,2,POST,completion,0.000000,0.000000,0,0,0,0,0,0,0,0,0,0,0,10,0,41000,41030.99774182774,40515.794874867424,41747.9740860872,128.0
1790320963,2,TPOT,completion,0.000000,0.000000,0,0,0,0,0,0,0,0,0,0,0,10,0,290,287.5771624952789,283.7102819366131,293.32936971675696,0.0
1790320963,2,TTFT,completion,0.000000,0.000000,0,0,0,0,0,0,0,0,0,0,0,10,0,4500,4508.631677320227,4445.036529097706,4632.548698922619,0.0
1790320963,2,,Aggregated,0.000000,0.000000,0,0,0,0,0,0,0,0,0,0,0,30,0,4500,15275.735527214416,283.7102819366131,41747.9740860872,42.666666666666664
1790320964,2,POST,completion,0.000000,0.000000,0,0,0,0,0,0,0,0,0,0,0,11,0,41000,41034.182077570054,40515.794874867424,41747.9740860872,128.0
1790320964,2,TPOT,completion,0.000000,0.000000,0,0,0,0,0,0,0,0,0,0,0,11,0,290,287.6192038560802,283.7102819366131,293.32936971675696,0.0
1790320964,2,TTFT,completion,0.000000,0.000000,0,0,0,0,0,0,0,0,0,0,0,11,0,4500,4506.477043836971,4445.036529097706,4632.548698922619,0.0
1790320964,2,,Aggregated,0.000000,0.000000,0,0,0,0,0,0,0,0,0,0,0,33,0,4500,15276.092775087704,283.7102819366131,41747.9740860872,42.666666666666664
1790320965,2,POST,completion,0.000000,0.000000,41000,41000,41000,41000,41000,41000,41000,41000,41000,41000,41000,11,0,41000,41034.182077570054,40515.794874867424,41747.9740860872,128.0
1790320965,2,TPOT,completion,0.000000,0.000000,290,290,290,290,290,290,290,290,290,290,290,11,0,290,287.6192038560802,283.7102819366131,293.32936971675696,0.0
1790320965,2,TTFT,completion,0.000000,0.000000,4500,4500,4500,4500,4500,4500,4500,4500,4500,4500,4500,11,0,4500,4506.477043836971,4445.036529097706,4632.548698922619,0.0
1790320965,2,,Aggregated,0.000000,0.000000,4500,4500,41000,41000,41000,41000,41000,41000,41000,41000,41000,33,0,4500,15276.092775087704,283.7102819366131,41747.9740860872,42.666666666666664
1790320966,2,POST,completion,0.000000,0.000000,41000,41000,41000,41000,41000,41000,41000,41000,41000,41000,41000,11,0,41000,41034.182077570054,40515.794874867424,41747.9740860872,128.0
1790320966,2,TPOT,completion,0.000000,0.000000,290,290,290,290,290,290,290,290,290,290,290,11,0,290,287.6192038560802,283.7102819366131,293.32936971675696,0.0
1790320966,2,TTFT,completion,0.000000,0.000000,4500,4500,4500,4500,4500,4500,4500,4500,4500,4500,4500,11,0,4500,4506.477043836971,4445.036529097706,4632.548698922619,0.0
1790320966,2,,Aggregated,0.000000,0.000000,4500,4500,41000,41000,41000,41000,41000,41000,41000,41000,41000,33,0,4500,15276.092775087704,283.7102819366131,41747.9740860872,42.666666666666664
1790320967,2,POST,completion,0.000000,0.000000,41000,41000,41000,41000,41000,41000,41000,41000,41000,41000,41000,11,0,41000,41034.182077570054,40515.794874867424,41747.9740860872,128.0
1790320967,2,TPOT,completion,0.000000,0.000000,290,290,290,290,290,290,290,290,290,290,290,11,0,290,287.6192038560802,283.7102819366131,293.32936971675696,0.0
1790320967,2,TTFT,completion,0.000000,0.000000,4500,4500,4500,4500,4500,4500,4500,4500,4500,4500,4500,11,0,4500,4506.477043836971,4445.036529097706,4632.548698922619,0.0
1790320967,2,,Aggregated,0.000000,0.000000,4500,4500,41000,41000,41000,41000,41000,41000,41000,41000,41000,33,0,4500,15276.092775087704,283.7102819366131,41747.9740860872,42.666666666666664
1790320968,2,POST,completion,0.000000,0.000000,41000,41000,41000,41000,41000,41000,41000,41000,41000,41000,41000,11,0,41000,41034.182077570054,40515.794874867424,41747.9740860872,128.0
1790320968,2,TPOT,completion,0.000000,0.000000,290,290,290,290,290,290,290,290,290,290,290,11,0,290,287.6192038560802,283.7102819366131,293.32936971675696,0.0
1790320968,2,TTFT,completion,0.000000,0.000000,4500,4500,4500,4500,4500,4500,4500,4500,4500,4500,4500,11,0,4500,4506.477043836971,4445.036529097706,4632.548698922619,0.0
1790320968,2,,Aggregated,0.000000,0.000000,4500,4500,41000,41000,41000,41000,41000,41000,41000,41000,41000,33,0,4500,15276.092775087704,283.7102819366131,41747.9740860872,42.666666666666664
1790320969,2,POST,completion,0.000000,0.000000,41000,41000,41000,41000,41000,41000,41000,41000,41000,41000,41000,11,0,41000,41034.182077570054,40515.794874867424,41747.9740860872,128.0
1790320969,2,TPOT,completion,0.000000,0.000000,290,290,290,290,290,290,290,290,290,290,290,11,0,290,287.6192038560802,283.7102819366131,293.32936971675696,0.0
1790320969,2,TTFT,completion,0.000000,0.000000,4500,4500,4500,4500,4500,4500,4500,4500,4500,4500,4500,11,0,4500,4506.477043836971,4445.036529097706,4632.548698922619,0.0
1790320969,2,,Aggregated,0.000000,0.000000,4500,4500,41000,41000,41000,41000,41000,41000,41000,41000,41000,33,0,4500,15276.092775087704,283.7102819366131,41747.9740860872,42.666666666666664
1790320970,2,POST,completion,0.000000,0.000000,41000,41000,41000,41000,41000,41000,41000,41000,41000,41000,41000,11,0,41000,41034.182077570054,40515.794874867424,41747.9740860872,128.0
1790320970,2,TPOT,completion,0.000000,0.000000,290,290,290,290,290,290,290,290,290,290,290,11,0,290,287.6192038560802,283.7102819366131,293.32936971675696,0.0
1790320970,2,TTFT,completion,0.000000,0.000000,4500,4500,4500,4500,4500,4500,4500,4500,4500,4500,4500,11,0,4500,4506.477043836971,4445.036529097706,4632.548698922619,0.0
1790320970,2,,Aggregated,0.000000,0.000000,4500,4500,41000,41000,41000,41000,41000,41000,41000,41000,41000,33,0,4500,15276.092775087704,283.7102819366131,41747.9740860872,42.666666666666664
1790320971,2,POST,completion,0.000000,0.000000,41000,41000,41000,41000,41000,41000,41000,41000,41000,41000,41000,11,0,41000,41034.182077570054,40515.794874867424,41747.9740860872,128.0
1790320971,2,TPOT,completion,0.000000,0.000000,290,290,290,290,290,290,290,290,290,290,290,11,0,290,287.6192038560802,283.7102819366131,293.32936971675696,0.0
1790320971,2,TTFT,completion,0.000000,0.000000,4500,4500,4500,4500,4500,4500,4500,4500,4500,4500,4500,11,0,4500,4506.477043836971,4445.036529097706,4632.548698922619,0.0
1790320971,2,,Aggregated,0.000000,0.000000,4500,4500,41000,41000,41000,41000,41000,41000,41000,41000,41000,33,0,4500,15276.092775087704,283.7102819366131,41747.9740860872,42.666666666666664
1790320972,2,POST,completion,0.000000,0.000000,41000,41000,41000,41000,41000,41000,41000,41000,41000,41000,41000,11,0,41000,41034.182077570054,40515.794874867424,41747.9740860872,128.0
1790320972,2,TPOT,completion,0.000000,0.000000,290,290,290,290,290,290,290,290,290,290,290,11,0,290,287.6192038560802,283.7102819366131,293.32936971675696,0.0
1790320972,2,TTFT,completion,0.000000,0.000000,4500,4500,4500,4500,4500,4500,4500,4500,4500,4500,4500,11,0,4500,4506.477043836971,4445.036529097706,4632.548698922619,0.0
1790320972,2,,Aggregated,0.000000,0.000000,4500,4500,41000,41000,41000,41000,41000,41000,41000,41000,41000,33,0,4500,15276.092775087704,283.7102819366131,41747.9740860872,42.666666666666664
1790320973,2,POST,completion,0.000000,0.000000,41000,41000,41000,41000,41000,41000,41000,41000,41000,41000,41000,11,0,41000,41034.182077570054,40515.794874867424,41747.9740860872,128.0
1790320973,2,TPOT,completion,0.000000,0.000000,290,290,290,290,290,290,290,290,290,290,290,11,0,290,287.6192038560802,283.7102819366131,293.32936971675696,0.0
1790320973,2,TTFT,completion,0.000000,0.000000,4500,4500,4500,4500,4500,4500,4500,4500,4500,4500,4500,11,0,4500,4506.477043836971,4445.036529097706,4632.548698922619,0.0
1790320973,2,,Aggregated,0.000000,0.000000,4500,4500,41000,41000,41000,41000,41000,41000,41000,41000,41000,33,0,4500,15276.092775087704,283.7102819366131,41747.9740860872,42.666666666666664
1790320974,2,POST,completion,0.000000,0.000000,41000,41000,41000,41000,41000,41000,41000,41000,41000,41000,41000,11,0,41000,41034.182077570054,40515.794874867424,41747.9740860872,128.0
1790320974,2,TPOT,completion,0.000000,0.000000,290,290,290,290,290,290,290,290,290,290,290,11,0,290,287.6192038560802,283.7102819366131,293.32936971675696,0.0
1790320974,2,TTFT,completion,0.000000,0.000000,4500,4500,4500,4500,4500,4500,4500,4500,4500,4500,4500,11,0,4500,4506.477043836971,4445.036529097706,4632.548698922619,0.0
1790320974,2,,Aggregated,0.000000,0.000000,4500,4500,41000,41000,41000,41000,41000,41000,41000,41000,41000,33,0,4500,15276.092775087704,283.7102819366131,41747.9740860872,42.666666666666664
1790320975,2,POST,completion,0.000000,0.000000,41000,41000,41000,41000,41000,41000,41000,41000,41000,41000,41000,11,0,41000,41034.182077570054,40515.794874867424,41747.9740860872,128.0
1790320975,2,TPOT,completion,0.000000,0.000000,290,290,290,290,290,290,290,290,290,290,290,11,0,290,287.6192038560802,283.7102819366131,293.32936971675696,0.0
1790320975,2,TTFT,completion,0.000000,0.000000,4500,4500,4500,4500,4500,4500,4500,4500,4500,4500,4500,11,0,4500,4506.477043836971,4445.036529097706,4632.548698922619,0.0
1790320975,2,,Aggregated,0.000000,0.000000,4500,4500,41000,41000,41000,41000,41000,41000,41000,41000,41000,33,0,4500,15276.092775087704,283.7102819366131,41747.9740860872,42.666666666666664
1790320976,2,POST,completion,0.000000,0.000000,41000,41000,41000,41000,41000,41000,41000,41000,41000,41000,41000,11,0,41000,41034.182077570054,40515.794874867424,41747.9740860872,128.0
1790320976,2,TPOT,completion,0.000000,0.000000,290,290,290,290,290,290,290,290,290,290,290,11,0,290,287.6192038560802,283.7102819366131,293.32936971675696,0.0
1790320976,2,TTFT,completion,0.000000,0.000000,4500,4500,4500,4500,4500,4500,4500,4500,4500,4500,4500,11,0,4500,4506.477043836971,4445.036529097706,4632.548698922619,0.0
1790320976,2,,Aggregated,0.000000,0.000000,4500,4500,41000,41000,41000,41000,41000,41000,41000,41000,41000,33,0,4500,15276.092775087704,283.7102819366131,41747.9740860872,42.666666666666664
1790320977,2,POST,completion,0.000000,0.000000,41000,41000,41000,41000,41000,41000,41000,41000,41000,41000,41000,11,0,41000,41034.182077570054,40515.794874867424,41747.9740860872,128.0
1790320977,2,TPOT,completion,0.000000,0.000000,290,290,290,290,290,290,290,290,290,290,290,11,0,290,287.6192038560802,283.7102819366131,293.32936971675696,0.0
1790320977,2,TTFT,completion,0.000000,0.000000,4500,4500,4500,4500,4500,4500,4500,4500,4500,4500,4500,11,0,4500,4506.477043836971,4445.036529097706,4632.548698922619,0.0
1790320977,2,,Aggregated,0.000000,0.000000,4500,4500,41000,41000,41000,41000,41000,41000,41000,41000,41000,33,0,4500,15276.092775087704,283.7102819366131,41747.9740860872,42.666666666666664
1790320978,2,POST,completion,0.000000,0.000000,41000,41000,41000,41000,41000,41000,41000,41000,41000,41000,41000,11,0,41000,41034.182077570054,40515.794874867424,41747.9740860872,128.0
1790320978,2,TPOT,completion,0.000000,0.000000,290,290,290,290,290,290,290,290,290,290,290,11,0,290,287.6192038560802,283.7102819366131,293.32936971675696,0.0
1790320978,2,TTFT,completion,0.000000,0.000000,4500,4500,4500,4500,4500,4500,4500,4500,4500,4500,4500,11,0,4500,4506.477043836971,4445.036529097706,4632.548698922619,0.0
1790320978,2,,Aggregated,0.000000,0.000000,4500,4500,41000,41000,41000,41000,41000,41000,41000,41000,41000,33,0,4500,15276.092775087704,283.7102819366131,41747.9740860872,42.666666666666664
1790320980,2,POST,completion,0.000000,0.000000,41000,41000,41000,41000,41000,41000,41000,41000,41000,41000,41000,12,0,41000,41027.348236258455,40515.794874867424,41747.9740860872,128.0
1790320980,2,TPOT,completion,0.000000,0.000000,290,290,290,290,290,290,290,290,290,290,290,12,0,290,287.4895452302966,283.7102819366131,293.32936971675696,0.0
1790320980,2,TTFT,completion,0.000000,0.000000,4600,4600,4600,4600,4600,4600,4600,4600,4600,4600,4600,12,0,4500,4516.110469102084,4445.036529097706,4632.548698922619,0.0
1790320980,2,,Aggregated,0.000000,0.000000,4600,4600,41000,41000,41000,41000,41000,41000,41000,41000,41000,36,0,4500,15276.982750196948,283.7102819366131,41747.9740860872,42.666666666666664
1790320981,2,POST,completion,0.000000,0.000000,41000,41000,41000,41000,41000,41000,41000,41000,41000,41000,41000,12,0,41000,41027.348236258455,40515.794874867424,41747.9740860872,128.0
1790320981,2,TPOT,completion,0.000000,0.000000,290,290,290,290,290,290,290,290,290,290,290,12,0,290,287.4895452302966,283.7102819366131,293.32936971675696,0.0
1790320981,2,TTFT,completion,0.000000,0.000000,4600,4600,4600,4600,4600,4600,4600,4600,4600,4600,4600,12,0,4500,4516.110469102084,4445.036529097706,4632.548698922619,0.0
1790320981,2,,Aggregated,0.000000,0.000000,4600,4600,41000,41000,41000,41000,41000,41000,41000,41000,41000,36,0,4500,15276.982750196948,283.7102819366131,41747.9740860872,42.666666666666664
1790320982,2,POST,completion,0.000000,0.000000,41000,41000,41000,41000,41000,41000,41000,41000,41000,41000,41000,12,0,41000,41027.348236258455,40515.794874867424,41747.9740860872,128.0
1790320982,2,TPOT,completion,0.000000,0.000000,290,290,290,290,290,290,290,290,290,290,290,12,0,290,287.4895452302966,283.7102819366131,293.32936971675696,0.0
1790320982,2,TTFT,completion,0.000000,0.000000,4600,4600,4600,4600,4600,4600,4600,4600,4600,4600,4600,12,0,4500,4516.110469102084,4445.036529097706,4632.548698922619,0.0
1790320982,2,,Aggregated,0.000000,0.000000,4600,4600,41000,41000,41000,41000,41000,41000,41000,41000,41000,36,0,4500,15276.982750196948,283.7102819366131,41747.9740860872,42.666666666666664
1790320983,2,POST,completion,0.000000,0.000000,41000,41000,41000,41000,41000,41000,41000,41000,41000,41000,41000,12,0,41000,41027.348236258455,40515.794874867424,41747.9740860872,128.0
1790320983,2,TPOT,completion,0.000000,0.000000,290,290,290,290,290,290,290,290,290,290,290,12,0,290,287.4895452302966,283.7102819366131,293.32936971675696,0.0
1790320983,2,TTFT,completion,0.000000,0.000000,4600,4600,4600,4600,4600,4600,4600,4600,4600,4600,4600,12,0,4500,4516.110469102084,4445.036529097706,4632.548698922619,0.0
1790320983,2,,Aggregated,0.000000,0.000000,4600,4600,41000,41000,41000,41000,41000,41000,41000,41000,41000,36,0,4500,15276.982750196948,283.7102819366131,41747.9740860872,42.666666666666664
1790320984,2,POST,completion,0.000000,0.000000,41000,41000,41000,41000,41000,41000,41000,41000,41000,41000,41000,12,0,41000,41027.348236258455,40515.794874867424,41747.9740860872,128.0
1790320984,2,TPOT,completion,0.000000,0.000000,290,290,290,290,290,290,290,290,290,290,290,12,0,290,287.4895452302966,283.7102819366131,293.32936971675696,0.0
1790320984,2,TTFT,completion,0.000000,0.000000,4600,4600,4600,4600,4600,4600,4600,4600,4600,4600,4600,12,0,4500,4516.110469102084,4445.036529097706,4632.548698922619,0.0
1790320984,2,,Aggregated,0.000000,0.000000,4600,4600,41000,41000,41000,41000,41000,41000,41000,41000,41000,36,0,4500,15276.982750196948,283.7102819366131,41747.9740860872,42.666666666666664
1790320985,2,POST,completion,0.000000,0.000000,41000,41000,41000,41000,41000,41000,41000,41000,41000,41000,41000,12,0,41000,41027.348236258455,40515.794874867424,41747.9740860872,128.0
1790320985,2,TPOT,completion,0.000000,0.000000,290,290,290,290,290,290,290,290,290,290,290,12,0,290,287.4895452302966,283.7102819366131,293.32936971675696,0.0
1790320985,2,TTFT,completion,0.000000,0.000000,4600,4600,4600,4600,4600,4600,4600,4600,4600,4600,4600,12,0,4500,4516.110469102084,4445.036529097706,4632.548698922619,0.0
1790320985,2,,Aggregated,0.000000,0.000000,4600,4600,41000,41000,41000,41000,41000,41000,41000,41000,41000,36,0,4500,15276.982750196948,283.7102819366131,41747.9740860872,42.666666666666664
1790320986,2,POST,completion,0.000000,0.000000,41000,41000,41000,41000,41000,41000,41000,41000,41000,41000,41000,12,0,41000,41027.348236258455,40515.794874867424,41747.9740860872,128.0
1790320986,2,TPOT,completion,0.000000,0.000000,290,290,290,290,290,290,290,290,290,290,290,12,0,290,287.4895452302966,283.7102819366131,293.32936971675696,0.0
1790320986,2,TTFT,completion,0.000000,0.000000,4600,4600,4600,4600,4600,4600,4600,4600,4600,4600,4600,12,0,4500,4516.110469102084,4445.036529097706,4632.548698922619,0.0
1790320986,2,,Aggregated,0.000000,0.000000,4600,4600,41000,41000,41000,41000,41000,41000,41000,41000,41000,36,0,4500,15276.982750196948,283.7102819366131,41747.9740860872,42.666666666666664
1790320987,2,POST,completion,0.000000,0.000000,41000,41000,41000,41000,41000,41000,41000,41000,41000,41000,41000,12,0,41000,41027.348236258455,40515.794874867424,41747.9740860872,128.0
1790320987,2,TPOT,completion,0.000000,0.000000,290,290,290,290,290,290,290,290,290,290,290,12,0,290,287.4895452302966,283.7102819366131,293.32936971675696,0.0
1790320987,2,TTFT,completion,0.000000,0.000000,4600,4600,4600,4600,4600,4600,4600,4600,4600,4600,4600,12,0,4500,4516.110469102084,4445.036529097706,4632.548698922619,0.0
1790320987,2,,Aggregated,0.000000,0.000000,4600,4600,41000,41000,41000,41000,41000,41000,41000,41000,41000,36,0,4500,15276.982750196948,283.7102819366131,41747.9740860872,42.666666666666664
1790320988,2,POST,completion,0.000000,0.000000,41000,41000,41000,41000,41000,41000,41000,41000,41000,41000,41000,12,0,41000,41027.348236258455,40515.794874867424,41747.9740860872,128.0
1790320988,2,TPOT,completion,0.000000,0.000000,290,290,290,290,290,290,290,290,290,290,290,12,0,290,287.4895452302966,283.7102819366131,293.32936971675696,0.0
1790320988,2,TTFT,completion,0.000000,0.000000,4600,4600,4600,4600,4600,4600,4600,4600,4600,4600,4600,12,0,4500,4516.110469102084,4445.036529097706,4632.548698922619,0.0
1790320988,2,,Aggregated,0.000000,0.000000,4600,4600,41000,41000,41000,41000,41000,41000,41000,41000,41000,36,0,4500,15276.982750196948,283.7102819366131,41747.9740860872,42.666666666666664
1790320989,2,POST,completion,0.000000,0.000000,41000,41000,41000,41000,41000,41000,41000,41000,41000,41000,41000,12,0,41000,41027.348236258455,40515.794874867424,41747.9740860872,128.0
1790320989,2,TPOT,completion,0.000000,0.000000,290,290,290,290,290,290,290,290,290,290,290,12,0,290,287.4895452302966,283.7102819366131,293.32936971675696,0.0
1790320989,2,TTFT,completion,0.000000,0.000000,4600,4600,4600,4600,4600,4600,4600,4600,4600,4600,4600,12,0,4500,4516.110469102084,4445.036529097706,4632.548698922619,0.0
1790320989,2,,Aggregated,0.000000,0.000000,4600,4600,41000,41000,41000,41000,41000,41000,41000,41000,41000,36,0,4500,15276.982750196948,283.7102819366131,41747.9740860872,42.666666666666664
1790320990,2,POST,completion,0.000000,0.000000,41000,41000,41000,41000,41000,41000,41000,41000,41000,41000,41000,12,0,41000,41027.348236258455,40515.794874867424,41747.9740860872,128.0
1790320990,2,TPOT,completion,0.000000,0.000000,290,290,290,290,290,290,290,290,290,290,290,12,0,290,287.4895452302966,283.7102819366131,293.32936971675696,0.0
1790320990,2,TTFT,completion,0.000000,0.000000,4600,4600,4600,4600,4600,4600,4600,4600,4600,4600,4600,12,0,4500,4516.110469102084,4445.036529097706,4632.548698922619,0.0
1790320990,2,,Aggregated,0.000000,0.000000,4600,4600,41000,41000,41000,41000,41000,41000,41000,41000,41000,36,0,4500,15276.982750196948,283.7102819366131,41747.9740860872,42.666666666666664
1790320991,2,POST,completion,0.000000,0.000000,41000,41000,41000,41000,41000,41000,41000,41000,41000,41000,41000,12,0,41000,41027.348236258455,40515.794874867424,41747.9740860872,128.0
1790320991,2,TPOT,completion,0.000000,0.000000,290,290,290,290,290,290,290,290,290,290,290,12,0,290,287.4895452302966,283.7102819366131,293.32936971675696,0.0
1790320991,2,TTFT,completion,0.000000,0.000000,4600,4600,4600,4600,4600,4600,4600,4600,4600,4600,4600,12,0,4500,4516.110469102084,4445.036529097706,4632.548698922619,0.0
1790320991,2,,Aggregated,0.000000,0.000000,4600,4600,41000,41000,41000,41000,41000,41000,41000,41000,41000,36,0,4500,15276.982750196948,283.7102819366131,41747.9740860872,42.666666666666664
1790320992,2,POST,completion,0.000000,0.000000,41000,41000,41000,41000,41000,41000,41000,41000,41000,41000,41000,12,0,41000,41027.348236258455,40515.794874867424,41747.9740860872,128.0
1790320992,2,TPOT,completion,0.000000,0.000000,290,290,290,290,290,290,290,290,290,290,290,12,0,290,287.4895452302966,283.7102819366131,293.32936971675696,0.0
1790320992,2,TTFT,completion,0.000000,0.000000,4600,4600,4600,4600,4600,4600,4600,4600,4600,4600,4600,12,0,4500,4516.110469102084,4445.036529097706,4632.548698922619,0.0
1790320992,2,,Aggregated,0.000000,0.000000,4600,4600,41000,41000,41000,41000,41000,41000,41000,41000,41000,36,0,4500,15276.982750196948,283.7102819366131,41747.9740860872,42.666666666666664
1790320993,2,POST,completion,0.000000,0.000000,41000,41000,41000,41000,41000,41000,41000,41000,41000,41000,41000,12,0,41000,41027.348236258455,40515.794874867424,41747.9740860872,128.0
1790320993,2,TPOT,completion,0.000000,0.000000,290,290,290,290,290,290,290,290,290,290,290,12,0,290,287.4895452302966,283.7102819366131,293.32936971675696,0.0
1790320993,2,TTFT,completion,0.000000,0.000000,4600,4600,4600,4600,4600,4600,4600,4600,4600,4600,4600,12,0,4500,4516.110469102084,4445.036529097706,4632.548698922619,0.0
1790320993,2,,Aggregated,0.000000,0.000000,4600,4600,41000,41000,41000,41000,41000,41000,41000,41000,41000,36,0,4500,15276.982750196948,283.7102819366131,41747.9740860872,42.666666666666664
1790320994,2,POST,completion,0.000000,0.000000,41000,41000,41000,41000,41000,41000,41000,41000,41000,41000,41000,12,0,41000,41027.348236258455,40515.794874867424,41747.9740860872,128.0
1790320994,2,TPOT,completion,0.000000,0.000000,290,290,290,290,290,290,290,290,290,290,290,12,0,290,287.4895452302966,283.7102819366131,293.32936971675696,0.0
1790320994,2,TTFT,completion,0.000000,0.000000,4600,4600,4600,4600,4600,4600,4600,4600,4600,4600,4600,12,0,4500,4516.110469102084,4445.036529097706,4632.548698922619,0.0
1790320994,2,,Aggregated,0.000000,0.000000,4600,4600,41000,41000,41000,41000,41000,41000,41000,41000,41000,36,0,4500,15276.982750196948,283.7102819366131,41747.9740860872,42.666666666666664
1790320995,2,POST,completion,0.000000,0.000000,41000,41000,41000,41000,41000,41000,41000,41000,41000,41000,41000,12,0,41000,41027.348236258455,40515.794874867424,41747.9740860872,128.0
1790320995,2,TPOT,completion,0.000000,0.000000,290,290,290,290,290,290,290,290,290,290,290,12,0,290,287.4895452302966,283.7102819366131,293.32936971675696,0.0
1790320995,2,TTFT,completion,0.000000,0.000000,4600,4600,4600,4600,4600,4600,4600,4600,4600,4600,4600,12,0,4500,4516.110469102084,4445.036529097706,4632.548698922619,0.0
1790320995,2,,Aggregated,0.000000,0.000000,4600,4600,41000,41000,41000,41000,41000,41000,41000,41000,41000,36,0,4500,15276.982750196948,283.7102819366131,41747.9740860872,42.666666666666664
1790320996,2,POST,completion,0.000000,0.000000,41000,41000,41000,41000,41000,41000,41000,41000,41000,41000,41000,12,0,41000,41027.348236258455,40515.794874867424,41747.9740860872,128.0
1790320996,2,TPOT,completion,0.000000,0.000000,290,290,290,290,290,290,290,290,290,290,290,12,0,290,287.4895452302966,283.7102819366131,293.32936971675696,0.0
1790320996,2,TTFT,completion,0.000000,0.000000,4600,4600,4600,4600,4600,4600,4600,4600,4600,4600,4600,12,0,4500,4516.110469102084,4445.036529097706,4632.548698922619,0.0
1790320996,2,,Aggregated,0.000000,0.000000,4600,4600,41000,41000,41000,41000,41000,41000,41000,41000,41000,36,0,4500,15276.982750196948,283.7102819366131,41747.9740860872,42.666666666666664
1790320997,2,POST,completion,0.000000,0.000000,0,0,0,0,0,0,0,0,0,0,0,12,0,41000,41027.348236258455,40515.794874867424,41747.9740860872,128.0
1790320997,2,TPOT,completion,0.000000,0.000000,0,0,0,0,0,0,0,0,0,0,0,12,0,290,287.4895452302966,283.7102819366131,293.32936971675696,0.0
1790320997,2,TTFT,completion,0.000000,0.000000,0,0,0,0,0,0,0,0,0,0,0,12,0,4500,4516.110469102084,4445.036529097706,4632.548698922619,0.0
1790320997,2,,Aggregated,0.000000,0.000000,0,0,0,0,0,0,0,0,0,0,0,36,0,4500,15276.982750196948,283.7102819366131,41747.9740860872,42.666666666666664
1790320998,2,POST,completion,0.000000,0.000000,0,0,0,0,0,0,0,0,0,0,0,12,0,41000,41027.348236258455,40515.794874867424,41747.9740860872,128.0
1790320998,2,TPOT,completion,0.000000,0.000000,0,0,0,0,0,0,0,0,0,0,0,12,0,290,287.4895452302966,283.7102819366131,293.32936971675696,0.0
1790320998,2,TTFT,completion,0.000000,0.000000,0,0,0,0,0,0,0,0,0,0,0,12,0,4500,4516.110469102084,4445.036529097706,4632.548698922619,0.0
1790320998,2,,Aggregated,0.000000,0.000000,0,0,0,0,0,0,0,0,0,0,0,36,0,4500,15276.982750196948,283.7102819366131,41747.9740860872,42.666666666666664
1790320999,2,POST,completion,0.000000,0.000000,0,0,0,0,0,0,0,0,0,0,0,12,0,41000,41027.348236258455,40515.794874867424,41747.9740860872,128.0
1790320999,2,TPOT,completion,0.000000,0.000000,0,0,0,0,0,0,0,0,0,0,0,12,0,290,287.4895452302966,283.7102819366131,293.32936971675696,0.0
1790320999,2,TTFT,completion,0.000000,0.000000,0,0,0,0,0,0,0,0,0,0,0,12,0,4500,4516.110469102084,4445.036529097706,4632.548698922619,0.0
1790320999,2,,Aggregated,0.000000,0.000000,0,0,0,0,0,0,0,0,0,0,0,36,0,4500,15276.982750196948,283.7102819366131,41747.9740860872,42.666666666666664
1790321000,2,POST,completion,0.000000,0.000000,0,0,0,0,0,0,0,0,0,0,0,12,0,41000,41027.348236258455,40515.794874867424,41747.9740860872,128.0
1790321000,2,TPOT,completion,0.000000,0.000000,0,0,0,0,0,0,0,0,0,0,0,12,0,290,287.4895452302966,283.7102819366131,293.32936971675696,0.0
1790321000,2,TTFT,completion,0.000000,0.000000,0,0,0,0,0,0,0,0,0,0,0,12,0,4500,4516.110469102084,4445.036529097706,4632.548698922619,0.0
1790321000,2,,Aggregated,0.000000,0.000000,0,0,0,0,0,0,0,0,0,0,0,36,0,4500,15276.982750196948,283.7102819366131,41747.9740860872,42.666666666666664
1790321001,2,POST,completion,0.000000,0.000000,0,0,0,0,0,0,0,0,0,0,0,12,0,41000,41027.348236258455,40515.794874867424,41747.9740860872,128.0
1790321001,2,TPOT,completion,0.000000,0.000000,0,0,0,0,0,0,0,0,0,0,0,12,0,290,287.4895452302966,283.7102819366131,293.32936971675696,0.0
1790321001,2,TTFT,completion,0.000000,0.000000,0,0,0,0,0,0,0,0,0,0,0,12,0,4500,4516.110469102084,4445.036529097706,4632.548698922619,0.0
1790321001,2,,Aggregated,0.000000,0.000000,0,0,0,0,0,0,0,0,0,0,0,36,0,4500,15276.982750196948,283.7102819366131,41747.9740860872,42.666666666666664
1790321002,2,POST,completion,0.000000,0.000000,0,0,0,0,0,0,0,0,0,0,0,12,0,41000,41027.348236258455,40515.794874867424,41747.9740860872,128.0
1790321002,2,TPOT,completion,0.000000,0.000000,0,0,0,0,0,0,0,0,0,0,0,12,0,290,287.4895452302966,283.7102819366131,293.32936971675696,0.0
1790321002,2,TTFT,completion,0.000000,0.000000,0,0,0,0,0,0,0,0,0,0,0,12,0,4500,4516.110469102084,4445.036529097706,4632.548698922619,0.0
1790321002,2,,Aggregated,0.000000,0.000000,0,0,0,0,0,0,0,0,0,0,0,36,0,4500,15276.982750196948,283.7102819366131,41747.9740860872,42.666666666666664
1790321003,2,POST,completion,0.000000,0.000000,0,0,0,0,0,0,0,0,0,0,0,12,0,41000,41027.348236258455,40515.794874867424,41747.9740860872,128.0
1790321003,2,TPOT,completion,0.000000,0.000000,0,0,0,0,0,0,0,0,0,0,0,12,0,290,287.4895452302966,283.7102819366131,293.32936971675696,0.0
1790321003,2,TTFT,completion,0.000000,0.000000,0,0,0,0,0,0,0,0,0,0,0,12,0,4500,4516.110469102084,4445.036529097706,4632.548698922619,0.0
1790321003,2,,Aggregated,0.000000,0.000000,0,0,0,0,0,0,0,0,0,0,0,36,0,4500,15276.982750196948,283.7102819366131,41747.9740860872,42.666666666666664
1790321004,2,POST,completion,0.000000,0.000000,0,0,0,0,0,0,0,0,0,0,0,12,0,41000,41027.348236258455,40515.794874867424,41747.9740860872,128.0
1790321004,2,TPOT,completion,0.000000,0.000000,0,0,0,0,0,0,0,0,0,0,0,12,0,290,287.4895452302966,283.7102819366131,293.32936971675696,0.0
1790321004,2,TTFT,completion,0.000000,0.000000,0,0,0,0,0,0,0,0,0,0,0,12,0,4500,4516.110469102084,4445.036529097706,4632.548698922619,0.0
1790321004,2,,Aggregated,0.000000,0.000000,0,0,0,0,0,0,0,0,0,0,0,36,0,4500,15276.982750196948,283.7102819366131,41747.9740860872,42.666666666666664
1790321005,2,POST,completion,0.000000,0.000000,0,0,0,0,0,0,0,0,0,0,0,12,0,41000,41027.348236258455,40515.794874867424,41747.9740860872,128.0
1790321005,2,TPOT,completion,0.000000,0.000000,0,0,0,0,0,0,0,0,0,0,0,12,0,290,287.4895452302966,283.7102819366131,293.32936971675696,0.0
1790321005,2,TTFT,completion,0.000000,0.000000,0,0,0,0,0,0,0,0,0,0,0,12,0,4500,4516.110469102084,4445.036529097706,4632.548698922619,0.0
1790321005,2,,Aggregated,0.000000,0.000000,0,0,0,0,0,0,0,0,0,0,0,36,0,4500,15276.982750196948,283.7102819366131,41747.9740860872,42.666666666666664
1790321006,2,POST,completion,0.000000,0.000000,0,0,0,0,0,0,0,0,0,0,0,13,0,41000,41080.49088992322,40515.794874867424,41747.9740860872,128.0
1790321006,2,TPOT,completion,0.000000,0.000000,0,0,0,0,0,0,0,0,0,0,0,13,0,290,287.92377982907976,283.7102819366131,293.32936971675696,0.0
1790321006,2,TTFT,completion,0.000000,0.000000,0,0,0,0,0,0,0,0,0,0,0,13,0,4500,4514.104899019003,4445.036529097706,4632.548698922619,0.0
1790321006,2,,Aggregated,0.000000,0.000000,0,0,0,0,0,0,0,0,0,0,0,39,0,4500,15294.173189590438,283.7102819366131,41747.9740860872,42.666666666666664
1790321007,2,POST,completion,0.000000,0.000000,42000,42000,42000,42000,42000,42000,42000,42000,42000,42000,42000,13,0,41000,41080.49088992322,40515.794874867424,41747.9740860872,128.0
1790321007,2,TPOT,completion,0.000000,0.000000,290,290,290,290,290,290,290,290,290,290,290,13,0,290,287.92377982907976,283.7102819366131,293.32936971675696,0.0
1790321007,2,TTFT,completion,0.000000,0.000000,4500,4500,4500,4500,4500,4500,4500,4500,4500,4500,4500,13,0,4500,4514.104899019003,4445.036529097706,4632.548698922619,0.0
1790321007,2,,Aggregated,0.000000,0.000000,4500,4500,42000,42000,42000,42000,42000,42000,42000,42000,42000,39,0,4500,15294.173189590438,283.7102819366131,41747.9740860872,42.666666666666664
1790321008,2,POST,completion,0.000000,0.000000,42000,42000,42000,42000,42000,42000,42000,42000,42000,42000,42000,13,0,41000,41080.49088992322,40515.794874867424,41747.9740860872,128.0
1790321008,2,TPOT,completion,0.000000,0.000000,290,290,290,290,290,290,290,290,290,290,290,13,0,290,287.92377982907976,283.7102819366131,293.32936971675696,0.0
1790321008,2,TTFT,completion,0.000000,0.000000,4500,4500,4500,4500,4500,4500,4500,4500,4500,4500,4500,13,0,4500,4514.104899019003,4445.036529097706,4632.548698922619,0.0
1790321008,2,,Aggregated,0.000000,0.000000,4500,4500,42000,42000,42000,42000,42000,42000,42000,42000,42000,39,0,4500,15294.173189590438,283.7102819366131,41747.9740860872,42.666666666666664
1790321009,2,POST,completion,0.000000,0.000000,42000,42000,42000,42000,42000,42000,42000,42000,42000,42000,42000,13,0,41000,41080.49088992322,40515.794874867424,41747.9740860872,128.0
1790321009,2,TPOT,completion,0.000000,0.000000,290,290,290,290,290,290,290,290,290,290,290,13,0,290,287.92377982907976,283.7102819366131,293.32936971675696,0.0
1790321009,2,TTFT,completion,0.000000,0.000000,4500,4500,4500,4500,4500,4500,4500,4500,4500,4500,4500,13,0,4500,4514.104899019003,4445.036529097706,4632.548698922619,0.0
1790321009,2,,Aggregated,0.000000,0.000000,4500,4500,42000,42000,42000,42000,42000,42000,42000,42000,42000,39,0,4500,15294.173189590438,283.7102819366131,41747.9740860872,42.666666666666664
