Timestamp,User Count,Type,Name,Requests/s,Failures/s,50%,66%,75%,80%,90%,95%,98%,99%,99.9%,99.99%,100%,Total Request Count,Total Failure Count,Total Median Response Time,Total Average Response Time,Total Min Response Time,Total Max Response Time,Total Average Content Size
1790240091,0,,Aggregated,0.000000,0.000000,N/A,N/A,N/A,N/A,N/A,N/A,N/A,N/A,N/A,N/A,N/A,0,0,0,0.0,0,0,0
1790240092,1,,Aggregated,0.000000,0.000000,N/A,N/A,N/A,N/A,N/A,N/A,N/A,N/A,N/A,N/A,N/A,0,0,0,0.0,0,0,0
1790240093,2,,Aggregated,0.000000,0.000000,N/A,N/A,N/A,N/A,N/A,N/A,N/A,N/A,N/A,N/A,N/A,0,0,0,0.0,0,0,0
1790240094,3,,Aggregated,0.000000,0.000000,N/A,N/A,N/A,N/A,N/A,N/A,N/A,N/A,N/A,N/A,N/A,0,0,0,0.0,0,0,0
1790240095,4,,Aggregated,0.000000,0.000000,N/A,N/A,N/A,N/A,N/A,N/A,N/A,N/A,N/A,N/A,N/A,0,0,0,0.0,0,0,0
1790240096,5,,Aggregated,0.000000,0.000000,N/A,N/A,N/A,N/A,N/A,N/A,N/A,N/A,N/A,N/A,N/A,0,0,0,0.0,0,0,0
1790240097,6,,Aggregated,0.000000,0.000000,N/A,N/A,N/A,N/A,N/A,N/A,N/A,N/A,N/A,N/A,N/A,0,0,0,0.0,0,0,0
1790240098,7,,Aggregated,0.000000,0.000000,N/A,N/A,N/A,N/A,N/A,N/A,N/A,N/A,N/A,N/A,N/A,0,0,0,0.0,0,0,0
1790240099,8,,Aggregated,0.000000,0.000000,N/A,N/A,N/A,N/A,N/A,N/A,N/A,N/A,N/A,N/A,N/A,0,0,0,0.0,0,0,0
1790240100,8,,Aggregated,0.000000,0.000000,N/A,N/A,N/A,N/A,N/A,N/A,N/A,N/A,N/A,N/A,N/A,0,0,0,0.0,0,0,0
1790240101,8,,Aggregated,0.000000,0.000000,N/A,N/A,N/A,N/A,N/A,N/A,N/A,N/A,N/A,N/A,N/A,0,0,0,0.0,0,0,0
1790240102,8,,Aggregated,0.000000,0.000000,N/A,N/A,N/A,N/A,N/A,N/A,N/A,N/A,N/A,N/A,N/A,0,0,0,0.0,0,0,0
1790240103,8,,Aggregated,0.000000,0.000000,N/A,N/A,N/A,N/A,N/A,N/A,N/A,N/A,N/A,N/A,N/A,0,0,0,0.0,0,0,0
1790240104,8,,Aggregated,0.000000,0.000000,N/A,N/A,N/A,N/A,N/A,N/A,N/A,N/A,N/A,N/A,N/A,0,0,0,0.0,0,0,0
1790240105,8,,Aggregated,0.000000,0.000000,N/A,N/A,N/A,N/A,N/A,N/A,N/A,N/A,N/A,N/A,N/A,0,0,0,0.0,0,0,0
1790240106,8,,Aggregated,0.000000,0.000000,N/A,N/A,N/A,N/A,N/A,N/A,N/A,N/A,N/A,N/A,N/A,0,0,0,0.0,0,0,0
1790240107,8,,Aggregated,0.000000,0.000000,N/A,N/A,N/A,N/A,N/A,N/A,N/A,N/A,N/A,N/A,N/A,0,0,0,0.0,0,0,0
1790240108,8,,Aggregated,0.000000,0.000000,N/A,N/A,N/A,N/A,N/A,N/A,N/A,N/A,N/A,N/A,N/A,0,0,0,0.0,0,0,0
1790240109,8,,Aggregated,0.000000,0.000000,N/A,N/A,N/A,N/A,N/A,N/A,N/A,N/A,N/A,N/A,N/A,0,0,0,0.0,0,0,0
1790240110,8,,Aggregated,0.000000,0.000000,N/A,N/A,N/A,N/A,N/A,N/A,N/A,N/A,N/A,N/A,N/A,0,0,0,0.0,0,0,0
1790240111,8,,Aggregated,0.000000,0.000000,N/A,N/A,N/A,N/A,N/A,N/A,N/A,N/A,N/A,N/A,N/A,0,0,0,0.0,0,0,0
1790240112,8,,Aggregated,0.000000,0.000000,N/A,N/A,N/A,N/A,N/A,N/A,N/A,N/A,N/A,N/A,N/A,0,0,0,0.0,0,0,0
1790240113,8,,Aggregated,0.000000,0.000000,N/A,N/A,N/A,N/A,N/A,N/A,N/A,N/A,N/A,N/A,N/A,0,0,0,0.0,0,0,0
1790240114,8,,Aggregated,0.000000,0.000000,N/A,N/A,N/A,N/A,N/A,N/A,N/A,N/A,N/A,N/A,N/A,0,0,0,0.0,0,0,0
1790240115,8,,Aggregated,0.000000,0.000000,N/A,N/A,N/A,N/A,N/A,N/A,N/A,N/A,N/A,N/A,N/A,0,0,0,0.0,0,0,0
1790240116,8,,Aggregated,0.000000,0.000000,N/A,N/A,N/A,N/A,N/A,N/A,N/A,N/A,N/A,N/A,N/A,0,0,0,0.0,0,0,0
1790240117,8,,Aggregated,0.000000,0.000000,N/A,N/A,N/A,N/A,N/A,N/A,N/A,N/A,N/A,N/A,N/A,0,0,0,0.0,0,0,0
1790240118,8,,Aggregated,0.000000,0.000000,N/A,N/A,N/A,N/A,N/A,N/A,N/A,N/A,N/A,N/A,N/A,0,0,0,0.0,0,0,0
1790240119,8,,Aggregated,0.000000,0.000000,N/A,N/A,N/A,N/A,N/A,N/A,N/A,N/A,N/A,N/A,N/A,0,0,0,0.0,0,0,0
1790240120,8,,Aggregated,0.000000,0.000000,N/A,N/A,N/A,N/A,N/A,N/A,N/A,N/A,N/A,N/A,N/A,0,0,0,0.0,0,0,0
1790240121,8,,Aggregated,0.000000,0.000000,N/A,N/A,N/A,N/A,N/A,N/A,N/A,N/A,N/A,N/A,N/A,0,0,0,0.0,0,0,0
1790240122,8,,Aggregated,0.000000,0.000000,N/A,N/A,N/A,N/A,N/A,N/A,N/A,N/A,N/A,N/A,N/A,0,0,0,0.0,0,0,0
1790240123,8,,Aggregated,0.000000,0.000000,N/A,N/A,N/A,N/A,N/A,N/A,N/A,N/A,N/A,N/A,N/A,0,0,0,0.0,0,0,0
1790240124,8,,Aggregated,0.000000,0.000000,N/A,N/A,N/A,N/A,N/A,N/A,N/A,N/A,N/A,N/A,N/A,0,0,0,0.0,0,0,0
1790240125,8,,Aggregated,0.000000,0.000000,N/A,N/A,N/A,N/A,N/A,N/A,N/A,N/A,N/A,N/A,N/A,0,0,0,0.0,0,0,0
1790240126,8,,Aggregated,0.000000,0.000000,N/A,N/A,N/A,N/A,N/A,N/A,N/A,N/A,N/A,N/A,N/A,0,0,0,0.0,0,0,0
1790240127,8,,Aggregated,0.000000,0.000000,N/A,N/A,N/A,N/A,N/A,N/A,N/A,N/A,N/A,N/A,N/A,0,0,0,0.0,0,0,0
1790240128,8,,Aggregated,0.000000,0.000000,N/A,N/A,N/A,N/A,N/A,N/A,N/A,N/A,N/A,N/A,N/A,0,0,0,0.0,0,0,0
1790240129,8,,Aggregated,0.000000,0.000000,N/A,N/A,N/A,N/A,N/A,N/A,N/A,N/A,N/A,N/A,N/A,0,0,0,0.0,0,0,0
1790240130,8,,Aggregated,0.000000,0.000000,N/A,N/A,N/A,N/A,N/A,N/A,N/A,N/A,N/A,N/A,N/A,0,0,0,0.0,0,0,0
1790240131,8,,Aggregated,0.000000,0.000000,N/A,N/A,N/A,N/A,N/A,N/A,N/A,N/A,N/A,N/A,N/A,0,0,0,0.0,0,0,0
1790240132,8,,Aggregated,0.000000,0.000000,N/A,N/A,N/A,N/A,N/A,N/A,N/A,N/A,N/A,N/A,N/A,0,0,0,0.0,0,0,0
1790240133,8,,Aggregated,0.000000,0.000000,N/A,N/A,N/A,N/A,N/A,N/A,N/A,N/A,N/A,N/A,N/A,0,0,0,0.0,0,0,0
1790240134,8,,Aggregated,0.000000,0.000000,N/A,N/A,N/A,N/A,N/A,N/A,N/A,N/A,N/A,N/A,N/A,0,0,0,0.0,0,0,0
1790240135,8,,Aggregated,0.000000,0.000000,N/A,N/A,N/A,N/A,N/A,N/A,N/A,N/A,N/A,N/A,N/A,0,0,0,0.0,0,0,0
1790240136,8,,Aggregated,0.000000,0.000000,N/A,N/A,N/A,N/A,N/A,N/A,N/A,N/A,N/A,N/A,N/A,0,0,0,0.0,0,0,0
1790240137,8,,Aggregated,0.000000,0.000000,N/A,N/A,N/A,N/A,N/A,N/A,N/A,N/A,N/A,N/A,N/A,0,0,0,0.0,0,0,0
1790240138,8,,Aggregated,0.000000,0.000000,N/A,N/A,N/A,N/A,N/A,N/A,N/A,N/A,N/A,N/A,N/A,0,0,0,0.0,0,0,0
1790240139,8,,Aggregated,0.000000,0.000000,N/A,N/A,N/A,N/A,N/A,N/A,N/A,N/A,N/A,N/A,N/A,0,0,0,0.0,0,0,0
1790240140,8,,Aggregated,0.000000,0.000000,N/A,N/A,N/A,N/A,N/A,N/A,N/A,N/A,N/A,N/A,N/A,0,0,0,0.0,0,0,0
1790240141,8,,Aggregated,0.000000,0.000000,N/A,N/A,N/A,N/A,N/A,N/A,N/A,N/A,N/A,N/A,N/A,0,0,0,0.0,0,0,0
1790240142,8,,Aggregated,0.000000,0.000000,N/A,N/A,N/A,N/A,N/A,N/A,N/A,N/A,N/A,N/A,N/A,0,0,0,0.0,0,0,0
1790240143,8,,Aggregated,0.000000,0.000000,N/A,N/A,N/A,N/A,N/A,N/A,N/A,N/A,N/A,N/A,N/A,0,0,0,0.0,0,0,0
1790240144,8,,Aggregated,0.000000,0.000000,N/A,N/A,N/A,N/A,N/A,N/A,N/A,N/A,N/A,N/A,N/A,0,0,0,0.0,0,0,0
1790240145,8,,Aggregated,0.000000,0.000000,N/A,N/A,N/A,N/A,N/A,N/A,N/A,N/A,N/A,N/A,N/A,0,0,0,0.0,0,0,0
1790240146,8,POST,completion,0.000000,0.000000,0,0,0,0,0,0,0,0,0,0,0,1,0,50714.20494699851,50714.20494699851,50714.20494699851,50714.20494699851,128.0
1790240146,8,TPOT,completion,0.000000,0.000000,0,0,0,0,0,0,0,0,0,0,0,1,0,369.0457053695197,369.0457053695197,369.0457053695197,369.0457053695197,0.0
1790240146,8,TTFT,completion,0.000000,0.000000,0,0,0,0,0,0,0,0,0,0,0,1,0,3845.241656061262,3845.241656061262,3845.241656061262,3845.241656061262,0.0
1790240146,8,,Aggregated,0.000000,0.000000,0,0,0,0,0,0,0,0,0,0,0,3,0,3800,18309.497436143098,369.0457053695197,50714.20494699851,42.666666666666664
1790240147,8,POST,completion,0.000000,0.000000,0,0,0,0,0,0,0,0,0,0,0,1,0,50714.20494699851,50714.20494699851,50714.20494699851,50714.20494699851,128.0
1790240147,8,TPOT,completion,0.000000,0.000000,0,0,0,0,0,0,0,0,0,0,0,1,0,369.0457053695197,369.0457053695197,369.0457053695197,369.0457053695197,0.0
1790240147,8,TTFT,completion,0.000000,0.000000,0,0,0,0,0,0,0,0,0,0,0,1,0,3845.241656061262,3845.241656061262,3845.241656061262,3845.241656061262,0.0
1790240147,8,,Aggregated,0.000000,0.000000,0,0,0,0,0,0,0,0,0,0,0,3,0,3800,18309.497436143098,369.0457053695197,50714.20494699851,42.666666666666664
1790240148,8,POST,completion,0.000000,0.000000,51000,51000,51000,51000,51000,51000,51000,51000,51000,51000,51000,1,0,50714.20494699851,50714.20494699851,50714.20494699851,50714.20494699851,128.0
1790240148,8,TPOT,completion,0.000000,0.000000,370,370,370,370,370,370,370,370,370,370,370,1,0,369.0457053695197,369.0457053695197,369.0457053695197,369.0457053695197,0.0
1790240148,8,TTFT,completion,0.000000,0.000000,3800,3800,3800,3800,3800,3800,3800,3800,3800,3800,3800,1,0,3845.241656061262,3845.241656061262,3845.241656061262,3845.241656061262,0.0
1790240148,8,,Aggregated,0.000000,0.000000,0,0,0,0,0,0,0,0,0,0,0,3,0,3800,18309.497436143098,369.0457053695197,50714.20494699851,42.666666666666664
1790240149,8,POST,completion,0.100000,0.000000,51000,51000,51000,51000,51000,51000,51000,51000,51000,51000,51000,2,0,51000,50913.991694455035,50714.20494699851,51113.77844191156,128.0
1790240149,8,TPOT,completion,0.100000,0.000000,370,370,370,370,370,370,370,370,370,370,370,2,0,370,369.6171958769459,369.0457053695197,370.18868638437215,0.0
1790240149,8,TTFT,completion,0.100000,0.000000,4100,4100,4100,4100,4100,4100,4100,4100,4100,4100,4100,2,0,4099.69220100902,3972.466928535141,3845.241656061262,4099.69220100902,0.0
1790240149,8,,Aggregated,0.300000,0.000000,0,0,0,0,0,0,0,0,0,0,0,6,0,4100,18418.691939622375,369.0457053695197,51113.77844191156,42.666666666666664
1790240150,8,POST,completion,0.100000,0.000000,51000,51000,51000,51000,51000,51000,51000,51000,51000,51000,51000,2,0,51000,50913.991694455035,50714.20494699851,51113.77844191156,128.0
1790240150,8,TPOT,completion,0.100000,0.000000,370,370,370,370,370,370,370,370,370,370,370,2,0,370,369.6171958769459,369.0457053695197,370.18868638437215,0.0
1790240150,8,TTFT,completion,0.100000,0.000000,4100,4100,4100,4100,4100,4100,4100,4100,4100,4100,4100,2,0,4099.69220100902,3972.466928535141,3845.241656061262,4099.69220100902,0.0
1790240150,8,,Aggregated,0.300000,0.000000,4100,4100,51000,51000,51000,51000,51000,51000,51000,51000,51000,6,0,4100,18418.691939622375,369.0457053695197,51113.77844191156,42.666666666666664
1790240151,8,POST,completion,0.100000,0.000000,51000,51000,51000,51000,51000,51000,51000,51000,51000,51000,51000,2,0,51000,50913.991694455035,50714.20494699851,51113.77844191156,128.0
1790240151,8,TPOT,completion,0.100000,0.000000,370,370,370,370,370,370,370,370,370,370,370,2,0,370,369.6171958769459,369.0457053695197,370.18868638437215,0.0
1790240151,8,TTFT,completion,0.100000,0.000000,4100,4100,4100,4100,4100,4100,4100,4100,4100,4100,4100,2,0,4099.69220100902,3972.466928535141,3845.241656061262,4099.69220100902,0.0
1790240151,8,,Aggregated,0.300000,0.000000,4100,4100,51000,51000,51000,51000,51000,51000,51000,51000,51000,6,0,4100,18418.691939622375,369.0457053695197,51113.77844191156,42.666666666666664
1790240152,8,POST,completion,0.100000,0.000000,51000,51000,51000,51000,51000,51000,51000,51000,51000,51000,51000,2,0,51000,50913.991694455035,50714.20494699851,51113.77844191156,128.0
1790240152,8,TPOT,completion,0.100000,0.000000,370,370,370,370,370,370,370,370,370,370,370,2,0,370,369.6171958769459,369.0457053695197,370.18868638437215,0.0
1790240152,8,TTFT,completion,0.100000,0.000000,4100,4100,4100,4100,4100,4100,4100,4100,4100,4100,4100,2,0,4099.69220100902,3972.466928535141,3845.241656061262,4099.69220100902,0.0
1790240152,8,,Aggregated,0.300000,0.000000,4100,4100,51000,51000,51000,51000,51000,51000,51000,51000,51000,6,0,4100,18418.691939622375,369.0457053695197,51113.77844191156,42.666666666666664
1790240153,8,POST,completion,0.100000,0.000000,51000,51000,51000,51000,51000,51000,51000,51000,51000,51000,51000,2,0,51000,50913.991694455035,50714.20494699851,51113.77844191156,128.0
1790240153,8,TPOT,completion,0.100000,0.000000,370,370,370,370,370,370,370,370,370,370,370,2,0,370,369.6171958769459,369.0457053695197,370.18868638437215,0.0
1790240153,8,TTFT,completion,0.100000,0.000000,4100,4100,4100,4100,4100,4100,4100,4100,4100,4100,4100,2,0,4099.69220100902,3972.466928535141,3845.241656061262,4099.69220100902,0.0
1790240153,8,,Aggregated,0.300000,0.000000,4100,4100,51000,51000,51000,51000,51000,51000,51000,51000,51000,6,0,4100,18418.691939622375,369.0457053695197,51113.77844191156,42.666666666666664
1790240154,8,POST,completion,0.100000,0.000000,51000,51000,51000,51000,51000,51000,51000,51000,51000,51000,51000,2,0,51000,50913.991694455035,50714.20494699851,51113.77844191156,128.0
1790240154,8,TPOT,completion,0.100000,0.000000,370,370,370,370,370,370,370,370,370,370,370,2,0,370,369.6171958769459,369.0457053695197,370.18868638437215,0.0
1790240154,8,TTFT,completion,0.100000,0.000000,4100,4100,4100,4100,4100,4100,4100,4100,4100,4100,4100,2,0,4099.69220100902,3972.466928535141,3845.241656061262,4099.69220100902,0.0
1790240154,8,,Aggregated,0.300000,0.000000,4100,4100,51000,51000,51000,51000,51000,51000,51000,51000,51000,6,0,4100,18418.691939622375,369.0457053695197,51113.77844191156,42.666666666666664
1790240155,8,POST,completion,0.100000,0.000000,51000,51000,51000,51000,51000,51000,51000,51000,51000,51000,51000,2,0,51000,50913.991694455035,50714.20494699851,51113.77844191156,128.0
1790240155,8,TPOT,completion,0.100000,0.000000,370,370,370,370,370,370,370,370,370,370,370,2,0,370,369.6171958769459,369.0457053695197,370.18868638437215,0.0
1790240155,8,TTFT,completion,0.100000,0.000000,4100,4100,4100,4100,4100,4100,4100,4100,4100,4100,4100,2,0,4099.69220100902,3972.466928535141,3845.241656061262,4099.69220100902,0.0
1790240155,8,,Aggregated,0.300000,0.000000,4100,4100,51000,51000,51000,51000,51000,51000,51000,51000,51000,6,0,4100,18418.691939622375,369.0457053695197,51113.77844191156,42.666666666666664
1790240156,8,POST,completion,0.100000,0.000000,51000,51000,51000,51000,51000,51000,51000,51000,51000,51000,51000,2,0,51000,50913.991694455035,50714.20494699851,51113.77844191156,128.0
1790240156,8,TPOT,completion,0.100000,0.000000,370,370,370,370,370,370,370,370,370,370,370,2,0,370,369.6171958769459,369.0457053695197,370.18868638437215,0.0
1790240156,8,TTFT,completion,0.100000,0.000000,4100,4100,4100,4100,4100,4100,4100,4100,4100,4100,4100,2,0,4099.69220100902,3972.466928535141,3845.241656061262,4099.69220100902,0.0
1790240156,8,,Aggregated,0.300000,0.000000,4100,4100,51000,51000,51000,51000,51000,51000,51000,51000,51000,6,0,4100,18418.691939622375,369.0457053695197,51113.77844191156,42.666666666666664
1790240157,8,POST,completion,0.100000,0.000000,51000,51000,51000,51000,51000,51000,51000,51000,51000,51000,51000,2,0,51000,50913.991694455035,50714.20494699851,51113.77844191156,128.0
1790240157,8,TPOT,completion,0.100000,0.000000,370,370,370,370,370,370,370,370,370,370,370,2,0,370,369.6171958769459,369.0457053695197,370.18868638437215,0.0
1790240157,8,TTFT,completion,0.100000,0.000000,4100,4100,4100,4100,4100,4100,4100,4100,4100,4100,4100,2,0,4099.69220100902,3972.466928535141,3845.241656061262,4099.69220100902,0.0
1790240157,8,,Aggregated,0.300000,0.000000,4100,4100,51000,51000,51000,51000,51000,51000,51000,51000,51000,6,0,4100,18418.691939622375,369.0457053695197,51113.77844191156,42.666666666666664
1790240158,8,POST,completion,0.100000,0.000000,51000,51000,51000,51000,51000,51000,51000,51000,51000,51000,51000,2,0,51000,50913.991694455035,50714.20494699851,51113.77844191156,128.0
1790240158,8,TPOT,completion,0.100000,0.000000,370,370,370,370,370,370,370,370,370,370,370,2,0,370,369.6171958769459,369.0457053695197,370.18868638437215,0.0
1790240158,8,TTFT,completion,0.100000,0.000000,4100,4100,4100,4100,4100,4100,4100,4100,4100,4100,4100,2,0,4099.69220100902,3972.466928535141,3845.241656061262,4099.69220100902,0.0
1790240158,8,,Aggregated,0.300000,0.000000,4100,4100,51000,51000,51000,51000,51000,51000,51000,51000,51000,6,0,4100,18418.691939622375,369.0457053695197,51113.77844191156,42.666666666666664
1790240159,8,POST,completion,0.100000,0.000000,51000,51000,51000,51000,51000,51000,51000,51000,51000,51000,51000,3,0,51000,49920.43970626158,47933.33572987467,51113.77844191156,128.0
1790240159,8,TPOT,completion,0.100000,0.000000,370,370,370,370,370,370,370,370,370,370,370,3,0,370,361.0247566970921,343.83987833738445,370.18868638437215,0.0
1790240159,8,TTFT,completion,0.100000,0.000000,4300,4300,4300,4300,4300,4300,4300,4300,4300,4300,4300,3,0,4100,4070.1763443648815,3845.241656061262,4265.595176024362,0.0
1790240159,8,,Aggregated,0.300000,0.000000,4300,4300,48000,48000,51000,51000,51000,51000,51000,51000,51000,9,0,4100,18117.213602441185,343.83987833738445,51113.77844191156,42.666666666666664
1790240160,8,POST,completion,0.100000,0.000000,51000,51000,51000,51000,51000,51000,51000,51000,51000,51000,51000,3,0,51000,49920.43970626158,47933.33572987467,51113.77844191156,128.0
1790240160,8,TPOT,completion,0.100000,0.000000,370,370,370,370,370,370,370,370,370,370,370,3,0,370,361.0247566970921,343.83987833738445,370.18868638437215,0.0
1790240160,8,TTFT,completion,0.100000,0.000000,4300,4300,4300,4300,4300,4300,4300,4300,4300,4300,4300,3,0,4100,4070.1763443648815,3845.241656061262,4265.595176024362,0.0
1790240160,8,,Aggregated,0.300000,0.000000,4300,4300,48000,48000,51000,51000,51000,51000,51000,51000,51000,9,0,4100,18117.213602441185,343.83987833738445,51113.77844191156,42.666666666666664
1790240161,8,POST,completion,0.100000,0.000000,51000,51000,51000,51000,51000,51000,51000,51000,51000,51000,51000,3,0,51000,49920.43970626158,47933.33572987467,51113.77844191156,128.0
1790240161,8,TPOT,completion,0.100000,0.000000,370,370,370,370,370,370,370,370,370,370,370,3,0,370,361.0247566970921,343.83987833738445,370.18868638437215,0.0
1790240161,8,TTFT,completion,0.100000,0.000000,4300,4300,4300,4300,4300,4300,4300,4300,4300,4300,4300,3,0,4100,4070.1763443648815,3845.241656061262,4265.595176024362,0.0
1790240161,8,,Aggregated,0.300000,0.000000,4300,4300,48000,48000,51000,51000,51000,51000,51000,51000,51000,9,0,4100,18117.213602441185,343.83987833738445,51113.77844191156,42.666666666666664
1790240162,8,POST,completion,0.100000,0.000000,51000,51000,51000,51000,51000,51000,51000,51000,51000,51000,51000,3,0,51000,49920.43970626158,47933.33572987467,51113.77844191156,128.0
1790240162,8,TPOT,completion,0.100000,0.000000,370,370,370,370,370,370,370,370,370,370,370,3,0,370,361.0247566970921,343.83987833738445,370.18868638437215,0.0
1790240162,8,TTFT,completion,0.100000,0.000000,4300,4300,4300,4300,4300,4300,4300,4300,4300,4300,4300,3,0,4100,4070.1763443648815,3845.241656061262,4265.595176024362,0.0
1790240162,8,,Aggregated,0.300000,0.000000,4300,4300,48000,48000,51000,51000,51000,51000,51000,51000,51000,9,0,4100,18117.213602441185,343.83987833738445,51113.77844191156,42.666666666666664
1790240163,8,POST,completion,0.100000,0.000000,51000,51000,51000,51000,51000,51000,51000,51000,51000,51000,51000,3,0,51000,49920.43970626158,47933.33572987467,51113.77844191156,128.0
1790240163,8,TPOT,completion,0.100000,0.000000,370,370,370,370,370,370,370,370,370,370,370,3,0,370,361.0247566970921,343.83987833738445,370.18868638437215,0.0
1790240163,8,TTFT,completion,0.100000,0.000000,4300,4300,4300,4300,4300,4300,4300,4300,4300,4300,4300,3,0,4100,4070.1763443648815,3845.241656061262,4265.595176024362,0.0
1790240163,8,,Aggregated,0.300000,0.000000,4300,4300,48000,48000,51000,51000,51000,51000,51000,51000,51000,9,0,4100,18117.213602441185,343.83987833738445,51113.77844191156,42.666666666666664
1790240164,8,POST,completion,0.100000,0.000000,57000,57000,57000,57000,57000,57000,57000,57000,57000,57000,57000,4,0,51000,51714.76617641747,47933.33572987467,57097.74558688514,128.0
1790240164,8,TPOT,completion,0.100000,0.000000,410,410,410,410,410,410,410,410,410,410,410,4,0,370,374.2317663497424,343.83987833738445,413.85279530769316,0.0
1790240164,8,TTFT,completion,0.100000,0.000000,4500,4500,4500,4500,4500,4500,4500,4500,4500,4500,4500,4,0,4300,4187.222629261669,3845.241656061262,4538.3614839520305,0.0
1790240164,8,,Aggregated,0.300000,0.000000,4500,4500,48000,48000,57000,57000,57000,57000,57000,57000,57000,12,0,4300,18758.740190676293,343.83987833738445,57097.74558688514,42.666666666666664
1790240165,8,POST,completion,0.100000,0.000000,57000,57000,57000,57000,57000,57000,57000,57000,57000,57000,57000,4,0,51000,51714.76617641747,47933.33572987467,57097.74558688514,128.0
1790240165,8,TPOT,completion,0.100000,0.000000,410,410,410,410,410,410,410,410,410,410,410,4,0,370,374.2317663497424,343.83987833738445,413.85279530769316,0.0
1790240165,8,TTFT,completion,0.100000,0.000000,4500,4500,4500,4500,4500,4500,4500,4500,4500,4500,4500,4,0,4300,4187.222629261669,3845.241656061262,4538.3614839520305,0.0
1790240165,8,,Aggregated,0.300000,0.000000,4500,4500,48000,48000,57000,57000,57000,57000,57000,57000,57000,12,0,4300,18758.740190676293,343.83987833738445,57097.74558688514,42.666666666666664
1790240166,8,POST,completion,0.100000,0.000000,55000,55000,57000,57000,57000,57000,57000,57000,57000,57000,57000,5,0,51000,52424.4396019727,47933.33572987467,57097.74558688514,128.0
1790240166,8,TPOT,completion,0.100000,0.000000,400,400,410,410,410,410,410,410,410,410,410,5,0,370,379.7840601537289,343.83987833738445,413.85279530769316,0.0
1790240166,8,TTFT,completion,0.100000,0.000000,4300,4300,4500,4500,4500,4500,4500,4500,4500,4500,4500,5,0,4200,4191.755182435736,3845.241656061262,4538.3614839520305,0.0
1790240166,8,,Aggregated,0.300000,0.000000,4300,4500,48000,55000,57000,57000,57000,57000,57000,57000,57000,15,0,4200,18998.65961485406,343.83987833738445,57097.74558688514,42.666666666666664
1790240168,8,POST,completion,0.100000,0.000000,55000,55000,57000,57000,57000,57000,57000,57000,57000,57000,57000,5,0,51000,52424.4396019727,47933.33572987467,57097.74558688514,128.0
1790240168,8,TPOT,completion,0.100000,0.000000,400,400,410,410,410,410,410,410,410,410,410,5,0,370,379.7840601537289,343.83987833738445,413.85279530769316,0.0
1790240168,8,TTFT,completion,0.100000,0.000000,4300,4300,4500,4500,4500,4500,4500,4500,4500,4500,4500,5,0,4200,4191.755182435736,3845.241656061262,4538.3614839520305,0.0
1790240168,8,,Aggregated,0.300000,0.000000,4300,4500,48000,55000,57000,57000,57000,57000,57000,57000,57000,15,0,4200,18998.65961485406,343.83987833738445,57097.74558688514,42.666666666666664
1790240169,8,POST,completion,0.100000,0.000000,55000,55000,57000,57000,57000,57000,57000,57000,57000,57000,57000,5,0,51000,52424.4396019727,47933.33572987467,57097.74558688514,128.0
1790240169,8,TPOT,completion,0.100000,0.000000,400,400,410,410,410,410,410,410,410,410,410,5,0,370,379.7840601537289,343.83987833738445,413.85279530769316,0.0
1790240169,8,TTFT,completion,0.100000,0.000000,4300,4300,4500,4500,4500,4500,4500,4500,4500,4500,4500,5,0,4200,4191.755182435736,3845.241656061262,4538.3614839520305,0.0
1790240169,8,,Aggregated,0.300000,0.000000,4300,4500,48000,55000,57000,57000,57000,57000,57000,57000,57000,15,0,4200,18998.65961485406,343.83987833738445,57097.74558688514,42.666666666666664
1790240170,8,POST,completion,0.100000,0.000000,55000,55000,57000,57000,57000,57000,57000,57000,57000,57000,57000,5,0,51000,52424.4396019727,47933.33572987467,57097.74558688514,128.0
1790240170,8,TPOT,completion,0.100000,0.000000,400,400,410,410,410,410,410,410,410,410,410,5,0,370,379.7840601537289,343.83987833738445,413.85279530769316,0.0
1790240170,8,TTFT,completion,0.100000,0.000000,4300,4300,4500,4500,4500,4500,4500,4500,4500,4500,4500,5,0,4200,4191.755182435736,3845.241656061262,4538.3614839520305,0.0
1790240170,8,,Aggregated,0.300000,0.000000,4300,4500,48000,55000,57000,57000,57000,57000,57000,57000,57000,15,0,4200,18998.65961485406,343.83987833738445,57097.74558688514,42.666666666666664
1790240171,8,POST,completion,0.300000,0.000000,55000,55000,57000,57000,57000,57000,57000,57000,57000,57000,57000,6,0,51000,51692.41245564384,47933.33572987467,57097.74558688514,128.0
1790240171,8,TPOT,completion,0.300000,0.000000,400,400,410,410,410,410,410,410,410,410,410,6,0,370,373.8736206661968,343.83987833738445,413.85279530769316,0.0
1790240171,8,TTFT,completion,0.300000,0.000000,4300,4300,4500,4500,4500,4500,4500,4500,4500,4500,4500,6,0,4300,4210.343736999978,3845.241656061262,4538.3614839520305,0.0
1790240171,8,,Aggregated,0.900000,0.000000,4300,4500,48000,55000,57000,57000,57000,57000,57000,57000,57000,18,0,4300,18758.876604436675,343.83987833738445,57097.74558688514,42.666666666666664
1790240172,8,POST,completion,0.300000,0.000000,55000,55000,57000,57000,57000,57000,57000,57000,57000,57000,57000,6,0,51000,51692.41245564384,47933.33572987467,57097.74558688514,128.0
1790240172,8,TPOT,completion,0.300000,0.000000,400,400,410,410,410,410,410,410,410,410,410,6,0,370,373.8736206661968,343.83987833738445,413.85279530769316,0.0
1790240172,8,TTFT,completion,0.300000,0.000000,4300,4300,4500,4500,4500,4500,4500,4500,4500,4500,4500,6,0,4300,4210.343736999978,3845.241656061262,4538.3614839520305,0.0
1790240172,8,,Aggregated,0.900000,0.000000,4300,4500,48000,55000,57000,57000,57000,57000,57000,57000,57000,18,0,4300,18758.876604436675,343.83987833738445,57097.74558688514,42.666666666666664
1790240173,8,POST,completion,0.300000,0.000000,55000,55000,57000,57000,57000,57000,57000,57000,57000,57000,57000,6,0,51000,51692.41245564384,47933.33572987467,57097.74558688514,128.0
1790240173,8,TPOT,completion,0.300000,0.000000,400,400,410,410,410,410,410,410,410,410,410,6,0,370,373.8736206661968,343.83987833738445,413.85279530769316,0.0
1790240173,8,TTFT,completion,0.300000,0.000000,4300,4300,4500,4500,4500,4500,4500,4500,4500,4500,4500,6,0,4300,4210.343736999978,3845.241656061262,4538.3614839520305,0.0
1790240173,8,,Aggregated,0.900000,0.000000,4300,4500,48000,55000,57000,57000,57000,57000,57000,57000,57000,18,0,4300,18758.876604436675,343.83987833738445,57097.74558688514,42.666666666666664
1790240174,8,POST,completion,0.300000,0.000000,57000,57000,57000,59000,59000,59000,59000,59000,59000,59000,59000,8,0,55000,53190.44910519733,47933.33572987467,58562.38567479886,128.0
1790240174,8,TPOT,completion,0.300000,0.000000,410,410,410,420,420,420,420,420,420,420,420,8,0,400,384.29577146128815,343.83987833738445,423.66262770983883,0.0
1790240174,8,TTFT,completion,0.300000,0.000000,4500,4800,4800,5100,5100,5100,5100,5100,5100,5100,5100,8,0,4300,4384.764452872332,3845.241656061262,5058.896629139781,0.0
1790240174,8,,Aggregated,0.900000,0.000000,4500,5100,55000,57000,57000,59000,59000,59000,59000,59000,59000,24,0,4300,19319.836443176984,343.83987833738445,58562.38567479886,42.666666666666664
1790240175,8,POST,completion,0.300000,0.000000,57000,57000,59000,59000,59000,59000,59000,59000,59000,59000,59000,8,0,55000,53190.44910519733,47933.33572987467,58562.38567479886,128.0
1790240175,8,TPOT,completion,0.300000,0.000000,410,410,420,420,420,420,420,420,420,420,420,8,0,400,384.29577146128815,343.83987833738445,423.66262770983883,0.0
1790240175,8,TTFT,completion,0.300000,0.000000,4800,4800,5100,5100,5100,5100,5100,5100,5100,5100,5100,8,0,4300,4384.764452872332,3845.241656061262,5058.896629139781,0.0
1790240175,8,,Aggregated,0.900000,0.000000,4800,5100,55000,55000,57000,59000,59000,59000,59000,59000,59000,24,0,4300,19319.836443176984,343.83987833738445,58562.38567479886,42.666666666666664
1790240176,8,POST,completion,0.300000,0.000000,57000,57000,59000,59000,59000,59000,59000,59000,59000,59000,59000,8,0,55000,53190.44910519733,47933.33572987467,58562.38567479886,128.0
1790240176,8,TPOT,completion,0.300000,0.000000,410,410,420,420,420,420,420,420,420,420,420,8,0,400,384.29577146128815,343.83987833738445,423.66262770983883,0.0
1790240176,8,TTFT,completion,0.300000,0.000000,4800,4800,5100,5100,5100,5100,5100,5100,5100,5100,5100,8,0,4300,4384.764452872332,3845.241656061262,5058.896629139781,0.0
1790240176,8,,Aggregated,0.900000,0.000000,4800,5100,55000,55000,57000,59000,59000,59000,59000,59000,59000,24,0,4300,19319.836443176984,343.83987833738445,58562.38567479886,42.666666666666664
1790240177,8,POST,completion,0.300000,0.000000,57000,57000,59000,59000,59000,59000,59000,59000,59000,59000,59000,8,0,55000,53190.44910519733,47933.33572987467,58562.38567479886,128.0
1790240177,8,TPOT,completion,0.300000,0.000000,410,410,420,420,420,420,420,420,420,420,420,8,0,400,384.29577146128815,343.83987833738445,423.66262770983883,0.0
1790240177,8,TTFT,completion,0.300000,0.000000,4800,4800,5100,5100,5100,5100,5100,5100,5100,5100,5100,8,0,4300,4384.764452872332,3845.241656061262,5058.896629139781,0.0
1790240177,8,,Aggregated,0.900000,0.000000,4800,5100,55000,55000,57000,59000,59000,59000,59000,59000,59000,24,0,4300,19319.836443176984,343.83987833738445,58562.38567479886,42.666666666666664
1790240178,8,POST,completion,0.300000,0.000000,57000,57000,59000,59000,59000,59000,59000,59000,59000,59000,59000,8,0,55000,53190.44910519733,47933.33572987467,58562.38567479886,128.0
1790240178,8,TPOT,completion,0.300000,0.000000,410,410,420,420,420,420,420,420,420,420,420,8,0,400,384.29577146128815,343.83987833738445,423.66262770983883,0.0
1790240178,8,TTFT,completion,0.300000,0.000000,4800,4800,5100,5100,5100,5100,5100,5100,5100,5100,5100,8,0,4300,4384.764452872332,3845.241656061262,5058.896629139781,0.0
1790240178,8,,Aggregated,0.900000,0.000000,4800,5100,48000,57000,59000,59000,59000,59000,59000,59000,59000,24,0,4300,19319.836443176984,343.83987833738445,58562.38567479886,42.666666666666664
1790240179,8,POST,completion,0.300000,0.000000,57000,57000,59000,59000,59000,59000,59000,59000,59000,59000,59000,8,0,55000,53190.44910519733,47933.33572987467,58562.38567479886,128.0
1790240179,8,TPOT,completion,0.300000,0.000000,410,410,420,420,420,420,420,420,420,420,420,8,0,400,384.29577146128815,343.83987833738445,423.66262770983883,0.0
1790240179,8,TTFT,completion,0.300000,0.000000,4800,4800,5100,5100,5100,5100,5100,5100,5100,5100,5100,8,0,4300,4384.764452872332,3845.241656061262,5058.896629139781,0.0
1790240179,8,,Aggregated,0.900000,0.000000,4800,5100,48000,57000,59000,59000,59000,59000,59000,59000,59000,24,0,4300,19319.836443176984,343.83987833738445,58562.38567479886,42.666666666666664
1790240180,8,POST,completion,0.300000,0.000000,57000,57000,59000,59000,59000,59000,59000,59000,59000,59000,59000,8,0,55000,53190.44910519733,47933.33572987467,58562.38567479886,128.0
1790240180,8,TPOT,completion,0.300000,0.000000,410,410,420,420,420,420,420,420,420,420,420,8,0,400,384.29577146128815,343.83987833738445,423.66262770983883,0.0
1790240180,8,TTFT,completion,0.300000,0.000000,4800,4800,5100,5100,5100,5100,5100,5100,5100,5100,5100,8,0,4300,4384.764452872332,3845.241656061262,5058.896629139781,0.0
1790240180,8,,Aggregated,0.900000,0.000000,4800,5100,48000,57000,59000,59000,59000,59000,59000,59000,59000,24,0,4300,19319.836443176984,343.83987833738445,58562.38567479886,42.666666666666664
1790240181,8,POST,completion,0.300000,0.000000,59000,59000,59000,59000,59000,59000,59000,59000,59000,59000,59000,8,0,55000,53190.44910519733,47933.33572987467,58562.38567479886,128.0
1790240181,8,TPOT,completion,0.300000,0.000000,420,420,420,420,420,420,420,420,420,420,420,8,0,400,384.29577146128815,343.83987833738445,423.66262770983883,0.0
1790240181,8,TTFT,completion,0.300000,0.000000,5100,5100,5100,5100,5100,5100,5100,5100,5100,5100,5100,8,0,4300,4384.764452872332,3845.241656061262,5058.896629139781,0.0
1790240181,8,,Aggregated,0.900000,0.000000,5100,5100,57000,57000,59000,59000,59000,59000,59000,59000,59000,24,0,4300,19319.836443176984,343.83987833738445,58562.38567479886,42.666666666666664
1790240182,8,POST,completion,0.300000,0.000000,59000,59000,59000,59000,59000,59000,59000,59000,59000,59000,59000,8,0,55000,53190.44910519733,47933.33572987467,58562.38567479886,128.0
1790240182,8,TPOT,completion,0.300000,0.000000,420,420,420,420,420,420,420,420,420,420,420,8,0,400,384.29577146128815,343.83987833738445,423.66262770983883,0.0
1790240182,8,TTFT,completion,0.300000,0.000000,5100,5100,5100,5100,5100,5100,5100,5100,5100,5100,5100,8,0,4300,4384.764452872332,3845.241656061262,5058.896629139781,0.0
1790240182,8,,Aggregated,0.900000,0.000000,5100,5100,57000,57000,59000,59000,59000,59000,59000,59000,59000,24,0,4300,19319.836443176984,343.83987833738445,58562.38567479886,42.666666666666664
1790240183,8,POST,completion,0.300000,0.000000,59000,59000,59000,59000,59000,59000,59000,59000,59000,59000,59000,8,0,55000,53190.44910519733,47933.33572987467,58562.38567479886,128.0
1790240183,8,TPOT,completion,0.300000,0.000000,420,420,420,420,420,420,420,420,420,420,420,8,0,400,384.29577146128815,343.83987833738445,423.66262770983883,0.0
1790240183,8,TTFT,completion,0.300000,0.000000,5100,5100,5100,5100,5100,5100,5100,5100,5100,5100,5100,8,0,4300,4384.764452872332,3845.241656061262,5058.896629139781,0.0
1790240183,8,,Aggregated,0.900000,0.000000,5100,5100,57000,57000,59000,59000,59000,59000,59000,59000,59000,24,0,4300,19319.836443176984,343.83987833738445,58562.38567479886,42.666666666666664
1790240184,8,POST,completion,0.300000,0.000000,59000,59000,59000,59000,59000,59000,59000,59000,59000,59000,59000,8,0,55000,53190.44910519733,47933.33572987467,58562.38567479886,128.0
1790240184,8,TPOT,completion,0.300000,0.000000,420,420,420,420,420,420,420,420,420,420,420,8,0,400,384.29577146128815,343.83987833738445,423.66262770983883,0.0
1790240184,8,TTFT,completion,0.300000,0.000000,5100,5100,5100,5100,5100,5100,5100,5100,5100,5100,5100,8,0,4300,4384.764452872332,3845.241656061262,5058.896629139781,0.0
1790240184,8,,Aggregated,0.900000,0.000000,5100,5100,57000,57000,59000,59000,59000,59000,59000,59000,59000,24,0,4300,19319.836443176984,343.83987833738445,58562.38567479886,42.666666666666664
1790240185,8,POST,completion,0.300000,0.000000,59000,59000,59000,59000,59000,59000,59000,59000,59000,59000,59000,8,0,55000,53190.44910519733,47933.33572987467,58562.38567479886,128.0
1790240185,8,TPOT,completion,0.300000,0.000000,420,420,420,420,420,420,420,420,420,420,420,8,0,400,384.29577146128815,343.83987833738445,423.66262770983883,0.0
1790240185,8,TTFT,completion,0.300000,0.000000,5100,5100,5100,5100,5100,5100,5100,5100,5100,5100,5100,8,0,4300,4384.764452872332,3845.241656061262,5058.896629139781,0.0
1790240185,8,,Aggregated,0.900000,0.000000,5100,5100,57000,57000,59000,59000,59000,59000,59000,59000,59000,24,0,4300,19319.836443176984,343.83987833738445,58562.38567479886,42.666666666666664
1790240186,8,POST,completion,0.300000,0.000000,59000,59000,59000,59000,59000,59000,59000,59000,59000,59000,59000,8,0,55000,53190.44910519733,47933.33572987467,58562.38567479886,128.0
1790240186,8,TPOT,completion,0.300000,0.000000,420,420,420,420,420,420,420,420,420,420,420,8,0,400,384.29577146128815,343.83987833738445,423.66262770983883,0.0
1790240186,8,TTFT,completion,0.300000,0.000000,5100,5100,5100,5100,5100,5100,5100,5100,5100,5100,5100,8,0,4300,4384.764452872332,3845.241656061262,5058.896629139781,0.0
1790240186,8,,Aggregated,0.900000,0.000000,5100,5100,57000,57000,59000,59000,59000,59000,59000,59000,59000,24,0,4300,19319.836443176984,343.83987833738445,58562.38567479886,42.666666666666664
1790240187,8,POST,completion,0.300000,0.000000,59000,59000,59000,59000,59000,59000,59000,59000,59000,59000,59000,8,0,55000,53190.44910519733,47933.33572987467,58562.38567479886,128.0
1790240187,8,TPOT,completion,0.300000,0.000000,420,420,420,420,420,420,420,420,420,420,420,8,0,400,384.29577146128815,343.83987833738445,423.66262770983883,0.0
1790240187,8,TTFT,completion,0.300000,0.000000,5100,5100,5100,5100,5100,5100,5100,5100,5100,5100,5100,8,0,4300,4384.764452872332,3845.241656061262,5058.896629139781,0.0
1790240187,8,,Aggregated,0.900000,0.000000,5100,5100,57000,57000,59000,59000,59000,59000,59000,59000,59000,24,0,4300,19319.836443176984,343.83987833738445,58562.38567479886,42.666666666666664
1790240188,8,POST,completion,0.300000,0.000000,59000,59000,59000,59000,59000,59000,59000,59000,59000,59000,59000,8,0,55000,53190.44910519733,47933.33572987467,58562.38567479886,128.0
1790240188,8,TPOT,completion,0.300000,0.000000,420,420,420,420,420,420,420,420,420,420,420,8,0,400,384.29577146128815,343.83987833738445,423.66262770983883,0.0
1790240188,8,TTFT,completion,0.300000,0.000000,5100,5100,5100,5100,5100,5100,5100,5100,5100,5100,5100,8,0,4300,4384.764452872332,3845.241656061262,5058.896629139781,0.0
1790240188,8,,Aggregated,0.900000,0.000000,5100,5100,57000,57000,59000,59000,59000,59000,59000,59000,59000,24,0,4300,19319.836443176984,343.83987833738445,58562.38567479886,42.666666666666664
1790240189,8,POST,completion,0.300000,0.000000,59000,59000,59000,59000,59000,59000,59000,59000,59000,59000,59000,8,0,55000,53190.44910519733,47933.33572987467,58562.38567479886,128.0
1790240189,8,TPOT,completion,0.300000,0.000000,420,420,420,420,420,420,420,420,420,420,420,8,0,400,384.29577146128815,343.83987833738445,423.66262770983883,0.0
1790240189,8,TTFT,completion,0.300000,0.000000,5100,5100,5100,5100,5100,5100,5100,5100,5100,5100,5100,8,0,4300,4384.764452872332,3845.241656061262,5058.896629139781,0.0
1790240189,8,,Aggregated,0.900000,0.000000,5100,5100,57000,57000,59000,59000,59000,59000,59000,59000,59000,24,0,4300,19319.836443176984,343.83987833738445,58562.38567479886,42.666666666666664
1790240190,8,POST,completion,0.300000,0.000000,59000,59000,59000,59000,59000,59000,59000,59000,59000,59000,59000,8,0,55000,53190.44910519733,47933.33572987467,58562.38567479886,128.0
1790240190,8,TPOT,completion,0.300000,0.000000,420,420,420,420,420,420,420,420,420,420,420,8,0,400,384.29577146128815,343.83987833738445,423.66262770983883,0.0
1790240190,8,TTFT,completion,0.300000,0.000000,5100,5100,5100,5100,5100,5100,5100,5100,5100,5100,5100,8,0,4300,4384.764452872332,3845.241656061262,5058.896629139781,0.0
1790240190,8,,Aggregated,0.900000,0.000000,5100,5100,57000,57000,59000,59000,59000,59000,59000,59000,59000,24,0,4300,19319.836443176984,343.83987833738445,58562.38567479886,42.666666666666664
1790240191,8,POST,completion,0.300000,0.000000,0,0,0,0,0,0,0,0,0,0,0,8,0,55000,53190.44910519733,47933.33572987467,58562.38567479886,128.0
1790240191,8,TPOT,completion,0.300000,0.000000,0,0,0,0,0,0,0,0,0,0,0,8,0,400,384.29577146128815,343.83987833738445,423.66262770983883,0.0
1790240191,8,TTFT,completion,0.300000,0.000000,0,0,0,0,0,0,0,0,0,0,0,8,0,4300,4384.764452872332,3845.241656061262,5058.896629139781,0.0
1790240191,8,,Aggregated,0.900000,0.000000,0,0,0,0,0,0,0,0,0,0,0,24,0,4300,19319.836443176984,343.83987833738445,58562.38567479886,42.666666666666664
1790240192,8,POST,completion,0.300000,0.000000,0,0,0,0,0,0,0,0,0,0,0,8,0,55000,53190.44910519733,47933.33572987467,58562.38567479886,128.0
1790240192,8,TPOT,completion,0.300000,0.000000,0,0,0,0,0,0,0,0,0,0,0,8,0,400,384.29577146128815,343.83987833738445,423.66262770983883,0.0
1790240192,8,TTFT,completion,0.300000,0.000000,0,0,0,0,0,0,0,0,0,0,0,8,0,4300,4384.764452872332,3845.241656061262,5058.896629139781,0.0
1790240192,8,,Aggregated,0.900000,0.000000,0,0,0,0,0,0,0,0,0,0,0,24,0,4300,19319.836443176984,343.83987833738445,58562.38567479886,42.666666666666664
1790240193,8,POST,completion,0.300000,0.000000,0,0,0,0,0,0,0,0,0,0,0,8,0,55000,53190.44910519733,47933.33572987467,58562.38567479886,128.0
1790240193,8,TPOT,completion,0.300000,0.000000,0,0,0,0,0,0,0,0,0,0,0,8,0,400,384.29577146128815,343.83987833738445,423.66262770983883,0.0
1790240193,8,TTFT,completion,0.300000,0.000000,0,0,0,0,0,0,0,0,0,0,0,8,0,4300,4384.764452872332,3845.241656061262,5058.896629139781,0.0
1790240193,8,,Aggregated,0.900000,0.000000,0,0,0,0,0,0,0,0,0,0,0,24,0,4300,19319.836443176984,343.83987833738445,58562.38567479886,42.666666666666664
1790240194,8,POST,completion,0.300000,0.000000,0,0,0,0,0,0,0,0,0,0,0,8,0,55000,53190.44910519733,47933.33572987467,58562.38567479886,128.0
1790240194,8,TPOT,completion,0.300000,0.000000,0,0,0,0,0,0,0,0,0,0,0,8,0,400,384.29577146128815,343.83987833738445,423.66262770983883,0.0
1790240194,8,TTFT,completion,0.300000,0.000000,0,0,0,0,0,0,0,0,0,0,0,8,0,4300,4384.764452872332,3845.241656061262,5058.896629139781,0.0
1790240194,8,,Aggregated,0.900000,0.000000,0,0,0,0,0,0,0,0,0,0,0,24,0,4300,19319.836443176984,343.83987833738445,58562.38567479886,42.666666666666664
1790240195,8,POST,completion,0.300000,0.000000,0,0,0,0,0,0,0,0,0,0,0,8,0,55000,53190.44910519733,47933.33572987467,58562.38567479886,128.0
1790240195,8,TPOT,completion,0.300000,0.000000,0,0,0,0,0,0,0,0,0,0,0,8,0,400,384.29577146128815,343.83987833738445,423.66262770983883,0.0
1790240195,8,TTFT,completion,0.300000,0.000000,0,0,0,0,0,0,0,0,0,0,0,8,0,4300,4384.764452872332,3845.241656061262,5058.896629139781,0.0
1790240195,8,,Aggregated,0.900000,0.000000,0,0,0,0,0,0,0,0,0,0,0,24,0,4300,19319.836443176984,343.83987833738445,58562.38567479886,42.666666666666664
1790240196,8,POST,completion,0.300000,0.000000,0,0,0,0,0,0,0,0,0,0,0,8,0,55000,53190.44910519733,47933.33572987467,58562.38567479886,128.0
1790240196,8,TPOT,completion,0.300000,0.000000,0,0,0,0,0,0,0,0,0,0,0,8,0,400,384.29577146128815,343.83987833738445,423.66262770983883,0.0
1790240196,8,TTFT,completion,0.300000,0.000000,0,0,0,0,0,0,0,0,0,0,0,8,0,4300,4384.764452872332,3845.241656061262,5058.896629139781,0.0
1790240196,8,,Aggregated,0.900000,0.000000,0,0,0,0,0,0,0,0,0,0,0,24,0,4300,19319.836443176984,343.83987833738445,58562.38567479886,42.666666666666664
1790240197,8,POST,completion,0.300000,0.000000,0,0,0,0,0,0,0,0,0,0,0,8,0,55000,53190.44910519733,47933.33572987467,58562.38567479886,128.0
1790240197,8,TPOT,completion,0.300000,0.000000,0,0,0,0,0,0,0,0,0,0,0,8,0,400,384.29577146128815,343.83987833738445,423.66262770983883,0.0
1790240197,8,TTFT,completion,0.300000,0.000000,0,0,0,0,0,0,0,0,0,0,0,8,0,4300,4384.764452872332,3845.241656061262,5058.896629139781,0.0
1790240197,8,,Aggregated,0.900000,0.000000,0,0,0,0,0,0,0,0,0,0,0,24,0,4300,19319.836443176984,343.83987833738445,58562.38567479886,42.666666666666664
1790240198,8,POST,completion,0.300000,0.000000,0,0,0,0,0,0,0,0,0,0,0,8,0,55000,53190.44910519733,47933.33572987467,58562.38567479886,128.0
1790240198,8,TPOT,completion,0.300000,0.000000,0,0,0,0,0,0,0,0,0,0,0,8,0,400,384.29577146128815,343.83987833738445,423.66262770983883,0.0
1790240198,8,TTFT,completion,0.300000,0.000000,0,0,0,0,0,0,0,0,0,0,0,8,0,4300,4384.764452872332,3845.241656061262,5058.896629139781,0.0
1790240198,8,,Aggregated,0.900000,0.000000,0,0,0,0,0,0,0,0,0,0,0,24,0,4300,19319.836443176984,343.83987833738445,58562.38567479886,42.666666666666664
1790240199,8,POST,completion,0.300000,0.000000,0,0,0,0,0,0,0,0,0,0,0,8,0,55000,53190.44910519733,47933.33572987467,58562.38567479886,128.0
1790240199,8,TPOT,completion,0.300000,0.000000,0,0,0,0,0,0,0,0,0,0,0,8,0,400,384.29577146128815,343.83987833738445,423.66262770983883,0.0
1790240199,8,TTFT,completion,0.300000,0.000000,0,0,0,0,0,0,0,0,0,0,0,8,0,4300,4384.764452872332,3845.241656061262,5058.896629139781,0.0
1790240199,8,,Aggregated,0.900000,0.000000,0,0,0,0,0,0,0,0,0,0,0,24,0,4300,19319.836443176984,343.83987833738445,58562.38567479886,42.666666666666664
1790240200,8,POST,completion,0.300000,0.000000,0,0,0,0,0,0,0,0,0,0,0,8,0,55000,53190.44910519733,47933.33572987467,58562.38567479886,128.0
1790240200,8,TPOT,completion,0.300000,0.000000,0,0,0,0,0,0,0,0,0,0,0,8,0,400,384.29577146128815,343.83987833738445,423.66262770983883,0.0
1790240200,8,TTFT,completion,0.300000,0.000000,0,0,0,0,0,0,0,0,0,0,0,8,0,4300,4384.764452872332,3845.241656061262,5058.896629139781,0.0
1790240200,8,,Aggregated,0.900000,0.000000,0,0,0,0,0,0,0,0,0,0,0,24,0,4300,19319.836443176984,343.83987833738445,58562.38567479886,42.666666666666664
1790240201,8,POST,completion,0.300000,0.000000,0,0,0,0,0,0,0,0,0,0,0,8,0,55000,53190.44910519733,47933.33572987467,58562.38567479886,128.0
1790240201,8,TPOT,completion,0.300000,0.000000,0,0,0,0,0,0,0,0,0,0,0,8,0,400,384.29577146128815,343.83987833738445,423.66262770983883,0.0
1790240201,8,TTFT,completion,0.300000,0.000000,0,0,0,0,0,0,0,0,0,0,0,8,0,4300,4384.764452872332,3845.241656061262,5058.896629139781,0.0
1790240201,8,,Aggregated,0.900000,0.000000,0,0,0,0,0,0,0,0,0,0,0,24,0,4300,19319.836443176984,343.83987833738445,58562.38567479886,42.666666666666664
1790240202,8,POST,completion,0.300000,0.000000,0,0,0,0,0,0,0,0,0,0,0,8,0,55000,53190.44910519733,47933.33572987467,58562.38567479886,128.0
1790240202,8,TPOT,completion,0.300000,0.000000,0,0,0,0,0,0,0,0,0,0,0,8,0,400,384.29577146128815,343.83987833738445,423.66262770983883,0.0
1790240202,8,TTFT,completion,0.300000,0.000000,0,0,0,0,0,0,0,0,0,0,0,8,0,4300,4384.764452872332,3845.241656061262,5058.896629139781,0.0
1790240202,8,,Aggregated,0.900000,0.000000,0,0,0,0,0,0,0,0,0,0,0,24,0,4300,19319.836443176984,343.83987833738445,58562.38567479886,42.666666666666664
1790240203,8,POST,completion,0.300000,0.000000,0,0,0,0,0,0,0,0,0,0,0,8,0,55000,53190.44910519733,47933.33572987467,58562.38567479886,128.0
1790240203,8,TPOT,completion,0.300000,0.000000,0,0,0,0,0,0,0,0,0,0,0,8,0,400,384.29577146128815,343.83987833738445,423.66262770983883,0.0
1790240203,8,TTFT,completion,0.300000,0.000000,0,0,0,0,0,0,0,0,0,0,0,8,0,4300,4384.764452872332,3845.241656061262,5058.896629139781,0.0
1790240203,8,,Aggregated,0.900000,0.000000,0,0,0,0,0,0,0,0,0,0,0,24,0,4300,19319.836443176984,343.83987833738445,58562.38567479886,42.666666666666664
1790240204,8,POST,completion,0.300000,0.000000,0,0,0,0,0,0,0,0,0,0,0,8,0,55000,53190.44910519733,47933.33572987467,58562.38567479886,128.0
1790240204,8,TPOT,completion,0.300000,0.000000,0,0,0,0,0,0,0,0,0,0,0,8,0,400,384.29577146128815,343.83987833738445,423.66262770983883,0.0
1790240204,8,TTFT,completion,0.300000,0.000000,0,0,0,0,0,0,0,0,0,0,0,8,0,4300,4384.764452872332,3845.241656061262,5058.896629139781,0.0
1790240204,8,,Aggregated,0.900000,0.000000,0,0,0,0,0,0,0,0,0,0,0,24,0,4300,19319.836443176984,343.83987833738445,58562.38567479886,42.666666666666664
1790240205,8,POST,completion,0.300000,0.000000,0,0,0,0,0,0,0,0,0,0,0,8,0,55000,53190.44910519733,47933.33572987467,58562.38567479886,128.0
1790240205,8,TPOT,completion,0.300000,0.000000,0,0,0,0,0,0,0,0,0,0,0,8,0,400,384.29577146128815,343.83987833738445,423.66262770983883,0.0
1790240205,8,TTFT,completion,0.300000,0.000000,0,0,0,0,0,0,0,0,0,0,0,8,0,4300,4384.764452872332,3845.241656061262,5058.896629139781,0.0
1790240205,8,,Aggregated,0.900000,0.000000,0,0,0,0,0,0,0,0,0,0,0,24,0,4300,19319.836443176984,343.83987833738445,58562.38567479886,42.666666666666664
1790240206,8,POST,completion,0.300000,0.000000,0,0,0,0,0,0,0,0,0,0,0,8,0,55000,53190.44910519733,47933.33572987467,58562.38567479886,128.0
1790240206,8,TPOT,completion,0.300000,0.000000,0,0,0,0,0,0,0,0,0,0,0,8,0,400,384.29577146128815,343.83987833738445,423.66262770983883,0.0
1790240206,8,TTFT,completion,0.300000,0.000000,0,0,0,0,0,0,0,0,0,0,0,8,0,4300,4384.764452872332,3845.241656061262,5058.896629139781,0.0
1790240206,8,,Aggregated,0.900000,0.000000,0,0,0,0,0,0,0,0,0,0,0,24,0,4300,19319.836443176984,343.83987833738445,58562.38567479886,42.666666666666664
1790240207,8,POST,completion,0.300000,0.000000,0,0,0,0,0,0,0,0,0,0,0,8,0,55000,53190.44910519733,47933.33572987467,58562.38567479886,128.0
1790240207,8,TPOT,completion,0.300000,0.000000,0,0,0,0,0,0,0,0,0,0,0,8,0,400,384.29577146128815,343.83987833738445,423.66262770983883,0.0
1790240207,8,TTFT,completion,0.300000,0.000000,0,0,0,0,0,0,0,0,0,0,0,8,0,4300,4384.764452872332,3845.241656061262,5058.896629139781,0.0
1790240207,8,,Aggregated,0.900000,0.000000,0,0,0,0,0,0,0,0,0,0,0,24,0,4300,19319.836443176984,343.83987833738445,58562.38567479886,42.666666666666664
1790240208,8,POST,completion,0.000000,0.000000,61000,61000,61000,61000,61000,61000,61000,61000,61000,61000,61000,10,0,57000,54580.047261249274,47933.33572987467,61217.090249061584,128.0
1790240208,8,TPOT,completion,0.000000,0.000000,440,440,440,440,440,440,440,440,440,440,440,10,0,410,394.46941006664684,343.83987833738445,443.63356696067774,0.0
1790240208,8,TTFT,completion,0.000000,0.000000,4900,4900,4900,4900,4900,4900,4900,4900,4900,4900,4900,10,0,4500,4482.319828704931,3845.241656061262,5058.896629139781,0.0
1790240208,8,,Aggregated,0.000000,0.000000,4900,4900,59000,59000,61000,61000,61000,61000,61000,61000,61000,30,0,4500,19818.945500006954,343.83987833738445,61217.090249061584,42.666666666666664
1790240209,8,POST,completion,0.000000,0.000000,61000,61000,61000,61000,61000,61000,61000,61000,61000,61000,61000,10,0,57000,54580.047261249274,47933.33572987467,61217.090249061584,128.0
1790240209,8,TPOT,completion,0.000000,0.000000,440,440,440,440,440,440,440,440,440,440,440,10,0,410,394.46941006664684,343.83987833738445,443.63356696067774,0.0
1790240209,8,TTFT,completion,0.000000,0.000000,4900,4900,4900,4900,4900,4900,4900,4900,4900,4900,4900,10,0,4500,4482.319828704931,3845.241656061262,5058.896629139781,0.0
1790240209,8,,Aggregated,0.000000,0.000000,4900,4900,59000,59000,61000,61000,61000,61000,61000,61000,61000,30,0,4500,19818.945500006954,343.83987833738445,61217.090249061584,42.666666666666664
1790240210,8,POST,completion,0.000000,0.000000,61000,61000,61000,61000,61000,61000,61000,61000,61000,61000,61000,10,0,57000,54580.047261249274,47933.33572987467,61217.090249061584,128.0
1790240210,8,TPOT,completion,0.000000,0.000000,440,440,440,440,440,440,440,440,440,440,440,10,0,410,394.46941006664684,343.83987833738445,443.63356696067774,0.0
1790240210,8,TTFT,completion,0.000000,0.000000,4900,4900,4900,4900,4900,4900,4900,4900,4900,4900,4900,10,0,4500,4482.319828704931,3845.241656061262,5058.896629139781,0.0
1790240210,8,,Aggregated,0.000000,0.000000,4900,4900,59000,59000,61000,61000,61000,61000,61000,61000,61000,30,0,4500,19818.945500006954,343.83987833738445,61217.090249061584,42.666666666666664
1790240211,8,POST,completion,0.000000,0.000000,61000,61000,61000,61000,61000,61000,61000,61000,61000,61000,61000,10,0,57000,54580.047261249274,47933.33572987467,61217.090249061584,128.0
1790240211,8,TPOT,completion,0.000000,0.000000,440,440,440,440,440,440,440,440,440,440,440,10,0,410,394.46941006664684,343.83987833738445,443.63356696067774,0.0
1790240211,8,TTFT,completion,0.000000,0.000000,4900,4900,4900,4900,4900,4900,4900,4900,4900,4900,4900,10,0,4500,4482.319828704931,3845.241656061262,5058.896629139781,0.0
1790240211,8,,Aggregated,0.000000,0.000000,4900,4900,59000,59000,61000,61000,61000,61000,61000,61000,61000,30,0,4500,19818.945500006954,343.83987833738445,61217.090249061584,42.666666666666664
1790240212,8,POST,completion,0.000000,0.000000,61000,61000,61000,61000,61000,61000,61000,61000,61000,61000,61000,10,0,57000,54580.047261249274,47933.33572987467,61217.090249061584,128.0
1790240212,8,TPOT,completion,0.000000,0.000000,440,440,440,440,440,440,440,440,440,440,440,10,0,410,394.46941006664684,343.83987833738445,443.63356696067774,0.0
1790240212,8,TTFT,completion,0.000000,0.000000,4900,4900,4900,4900,4900,4900,4900,4900,4900,4900,4900,10,0,4500,4482.319828704931,3845.241656061262,5058.896629139781,0.0
1790240212,8,,Aggregated,0.000000,0.000000,4900,4900,59000,59000,61000,61000,61000,61000,61000,61000,61000,30,0,4500,19818.945500006954,343.83987833738445,61217.090249061584,42.666666666666664
1790240213,8,POST,completion,0.200000,0.000000,59000,59000,61000,61000,61000,61000,61000,61000,61000,61000,61000,11,0,55000,54453.808405859905,47933.33572987467,61217.090249061584,128.0
1790240213,8,TPOT,completion,0.200000,0.000000,430,430,440,440,440,440,440,440,440,440,440,11,0,400,392.8312978981584,343.83987833738445,443.63356696067774,0.0
1790240213,8,TTFT,completion,0.200000,0.000000,4900,4900,5400,5400,5400,5400,5400,5400,5400,5400,5400,11,0,4500,4564.120826269077,3845.241656061262,5382.1308019105345,0.0
1790240213,8,,Aggregated,0.600000,0.000000,4900,5400,53000,59000,61000,61000,61000,61000,61000,61000,61000,33,0,4500,19803.586843342382,343.83987833738445,61217.090249061584,42.666666666666664
1790240214,8,POST,completion,0.200000,0.000000,59000,59000,61000,61000,61000,61000,61000,61000,61000,61000,61000,11,0,55000,54453.808405859905,47933.33572987467,61217.090249061584,128.0
1790240214,8,TPOT,completion,0.200000,0.000000,430,430,440,440,440,440,440,440,440,440,440,11,0,400,392.8312978981584,343.83987833738445,443.63356696067774,0.0
1790240214,8,TTFT,completion,0.200000,0.000000,4900,4900,5400,5400,5400,5400,5400,5400,5400,5400,5400,11,0,4500,4564.120826269077,3845.241656061262,5382.1308019105345,0.0
1790240214,8,,Aggregated,0.600000,0.000000,4900,5400,53000,59000,61000,61000,61000,61000,61000,61000,61000,33,0,4500,19803.586843342382,343.83987833738445,61217.090249061584,42.666666666666664
1790240215,8,POST,completion,0.200000,0.000000,59000,59000,61000,61000,61000,61000,61000,61000,61000,61000,61000,11,0,55000,54453.808405859905,47933.33572987467,61217.090249061584,128.0
1790240215,8,TPOT,completion,0.200000,0.000000,430,430,440,440,440,440,440,440,440,440,440,11,0,400,392.8312978981584,343.83987833738445,443.63356696067774,0.0
1790240215,8,TTFT,completion,0.200000,0.000000,4900,4900,5400,5400,5400,5400,5400,5400,5400,5400,5400,11,0,4500,4564.120826269077,3845.241656061262,5382.1308019105345,0.0
1790240215,8,,Aggregated,0.600000,0.000000,4900,5400,53000,59000,61000,61000,61000,61000,61000,61000,61000,33,0,4500,19803.586843342382,343.83987833738445,61217.090249061584,42.666666666666664
1790240216,8,POST,completion,0.200000,0.000000,59000,59000,61000,61000,61000,61000,61000,61000,61000,61000,61000,11,0,55000,54453.808405859905,47933.33572987467,61217.090249061584,128.0
1790240216,8,TPOT,completion,0.200000,0.000000,430,430,440,440,440,440,440,440,440,440,440,11,0,400,392.8312978981584,343.83987833738445,443.63356696067774,0.0
1790240216,8,TTFT,completion,0.200000,0.000000,4900,4900,5400,5400,5400,5400,5400,5400,5400,5400,5400,11,0,4500,4564.120826269077,3845.241656061262,5382.1308019105345,0.0
1790240216,8,,Aggregated,0.600000,0.000000,4900,5400,53000,59000,61000,61000,61000,61000,61000,61000,61000,33,0,4500,19803.586843342382,343.83987833738445,61217.090249061584,42.666666666666664
1790240217,8,POST,completion,0.200000,0.000000,59000,59000,59000,59000,59000,59000,59000,59000,59000,59000,59000,11,0,55000,54453.808405859905,47933.33572987467,61217.090249061584,128.0
1790240217,8,TPOT,completion,0.200000,0.000000,430,430,430,430,430,430,430,430,430,430,430,11,0,400,392.8312978981584,343.83987833738445,443.63356696067774,0.0
1790240217,8,TTFT,completion,0.200000,0.000000,5400,5400,5400,5400,5400,5400,5400,5400,5400,5400,5400,11,0,4500,4564.120826269077,3845.241656061262,5382.1308019105345,0.0
1790240217,8,,Aggregated,0.600000,0.000000,5400,5400,53000,53000,59000,59000,59000,59000,59000,59000,59000,33,0,4500,19803.586843342382,343.83987833738445,61217.090249061584,42.666666666666664
1790240218,8,POST,completion,0.200000,0.000000,59000,59000,59000,59000,59000,59000,59000,59000,59000,59000,59000,11,0,55000,54453.808405859905,47933.33572987467,61217.090249061584,128.0
1790240218,8,TPOT,completion,0.200000,0.000000,430,430,430,430,430,430,430,430,430,430,430,11,0,400,392.8312978981584,343.83987833738445,443.63356696067774,0.0
1790240218,8,TTFT,completion,0.200000,0.000000,5400,5400,5400,5400,5400,5400,5400,5400,5400,5400,5400,11,0,4500,4564.120826269077,3845.241656061262,5382.1308019105345,0.0
1790240218,8,,Aggregated,0.600000,0.000000,5400,5400,53000,53000,59000,59000,59000,59000,59000,59000,59000,33,0,4500,19803.586843342382,343.83987833738445,61217.090249061584,42.666666666666664
1790240219,8,POST,completion,0.200000,0.000000,59000,59000,59000,59000,59000,59000,59000,59000,59000,59000,59000,11,0,55000,54453.808405859905,47933.33572987467,61217.090249061584,128.0
1790240219,8,TPOT,completion,0.200000,0.000000,430,430,430,430,430,430,430,430,430,430,430,11,0,400,392.8312978981584,343.83987833738445,443.63356696067774,0.0
1790240219,8,TTFT,completion,0.200000,0.000000,5400,5400,5400,5400,5400,5400,5400,5400,5400,5400,5400,11,0,4500,4564.120826269077,3845.241656061262,5382.1308019105345,0.0
1790240219,8,,Aggregated,0.600000,0.000000,5400,5400,53000,53000,59000,59000,59000,59000,59000,59000,59000,33,0,4500,19803.586843342382,343.83987833738445,61217.090249061584,42.666666666666664
1790240220,8,POST,completion,0.200000,0.000000,53000,53000,53000,53000,53000,53000,53000,53000,53000,53000,53000,11,0,55000,54453.808405859905,47933.33572987467,61217.090249061584,128.0
1790240220,8,TPOT,completion,0.200000,0.000000,380,380,380,380,380,380,380,380,380,380,380,11,0,400,392.8312978981584,343.83987833738445,443.63356696067774,0.0
1790240220,8,TTFT,completion,0.200000,0.000000,5400,5400,5400,5400,5400,5400,5400,5400,5400,5400,5400,11,0,4500,4564.120826269077,3845.241656061262,5382.1308019105345,0.0
1790240220,8,,Aggregated,0.600000,0.000000,5400,5400,53000,53000,53000,53000,53000,53000,53000,53000,53000,33,0,4500,19803.586843342382,343.83987833738445,61217.090249061584,42.666666666666664
1790240221,8,POST,completion,0.200000,0.000000,53000,53000,53000,53000,53000,53000,53000,53000,53000,53000,53000,12,0,55000,54072.23110578101,47933.33572987467,61217.090249061584,128.0
1790240221,8,TPOT,completion,0.200000,0.000000,380,380,380,380,380,380,380,380,380,380,380,12,0,400,389.2688824945824,343.83987833738445,443.63356696067774,0.0
1790240221,8,TTFT,completion,0.200000,0.000000,5400,5400,5400,5400,5400,5400,5400,5400,5400,5400,5400,12,0,4800,4634.973023824084,3845.241656061262,5414.347196929157,0.0
1790240221,8,,Aggregated,0.600000,0.000000,5400,5400,50000,50000,53000,53000,53000,53000,53000,53000,53000,36,0,4800,19698.82433736656,343.83987833738445,61217.090249061584,42.666666666666664
1790240222,8,POST,completion,0.200000,0.000000,53000,53000,53000,53000,53000,53000,53000,53000,53000,53000,53000,12,0,55000,54072.23110578101,47933.33572987467,61217.090249061584,128.0
1790240222,8,TPOT,completion,0.200000,0.000000,380,380,380,380,380,380,380,380,380,380,380,12,0,400,389.2688824945824,343.83987833738445,443.63356696067774,0.0
1790240222,8,TTFT,completion,0.200000,0.000000,5400,5400,5400,5400,5400,5400,5400,5400,5400,5400,5400,12,0,4800,4634.973023824084,3845.241656061262,5414.347196929157,0.0
1790240222,8,,Aggregated,0.600000,0.000000,5400,5400,50000,50000,53000,53000,53000,53000,53000,53000,53000,36,0,4800,19698.82433736656,343.83987833738445,61217.090249061584,42.666666666666664
1790240223,8,POST,completion,0.200000,0.000000,53000,53000,53000,53000,53000,53000,53000,53000,53000,53000,53000,12,0,55000,54072.23110578101,47933.33572987467,61217.090249061584,128.0
1790240223,8,TPOT,completion,0.200000,0.000000,380,380,380,380,380,380,380,380,380,380,380,12,0,400,389.2688824945824,343.83987833738445,443.63356696067774,0.0
1790240223,8,TTFT,completion,0.200000,0.000000,5400,5400,5400,5400,5400,5400,5400,5400,5400,5400,5400,12,0,4800,4634.973023824084,3845.241656061262,5414.347196929157,0.0
1790240223,8,,Aggregated,0.600000,0.000000,5400,5400,50000,50000,53000,53000,53000,53000,53000,53000,53000,36,0,4800,19698.82433736656,343.83987833738445,61217.090249061584,42.666666666666664
1790240224,8,POST,completion,0.200000,0.000000,53000,53000,57000,57000,57000,57000,57000,57000,57000,57000,57000,13,0,55000,54325.83716142779,47933.33572987467,61217.090249061584,128.0
1790240224,8,TPOT,completion,0.200000,0.000000,380,380,410,410,410,410,410,410,410,410,410,13,0,400,390.6843890217406,343.83987833738445,443.63356696067774,0.0
1790240224,8,TTFT,completion,0.200000,0.000000,5400,5400,5600,5600,5600,5600,5600,5600,5600,5600,5600,13,0,4800,4708.812280378949,3845.241656061262,5594.88335903734,0.0
1790240224,8,,Aggregated,0.600000,0.000000,5400,5600,50000,53000,57000,57000,57000,57000,57000,57000,57000,39,0,4800,19808.444610276165,343.83987833738445,61217.090249061584,42.666666666666664
1790240225,8,POST,completion,0.100000,0.000000,53000,53000,57000,57000,57000,57000,57000,57000,57000,57000,57000,14,0,55000,54147.69572260723,47933.33572987467,61217.090249061584,128.0
1790240225,8,TPOT,completion,0.100000,0.000000,380,380,410,410,410,410,410,410,410,410,410,14,0,400,388.7527158857859,343.83987833738445,443.63356696067774,0.0
1790240225,8,TTFT,completion,0.100000,0.000000,5600,5600,5600,5600,5600,5600,5600,5600,5600,5600,5600,14,0,4900,4775.989806129864,3845.241656061262,5649.297640891746,0.0
1790240225,8,,Aggregated,0.300000,0.000000,5600,5600,52000,52000,53000,57000,57000,57000,57000,57000,57000,42,0,4900,19770.81274820763,343.83987833738445,61217.090249061584,42.666666666666664
1790240226,8,POST,completion,0.100000,0.000000,52000,52000,57000,57000,57000,57000,57000,57000,57000,57000,57000,14,0,55000,54147.69572260723,47933.33572987467,61217.090249061584,128.0
1790240226,8,TPOT,completion,0.100000,0.000000,360,360,410,410,410,410,410,410,410,410,410,14,0,400,388.7527158857859,343.83987833738445,443.63356696067774,0.0
1790240226,8,TTFT,completion,0.100000,0.000000,5600,5600,5600,5600,5600,5600,5600,5600,5600,5600,5600,14,0,4900,4775.989806129864,3845.241656061262,5649.297640891746,0.0
1790240226,8,,Aggregated,0.300000,0.000000,5600,5600,50000,52000,57000,57000,57000,57000,57000,57000,57000,42,0,4900,19770.81274820763,343.83987833738445,61217.090249061584,42.666666666666664
1790240227,8,POST,completion,0.100000,0.000000,52000,52000,57000,57000,57000,57000,57000,57000,57000,57000,57000,14,0,55000,54147.69572260723,47933.33572987467,61217.090249061584,128.0
1790240227,8,TPOT,completion,0.100000,0.000000,360,360,410,410,410,410,410,410,410,410,410,14,0,400,388.7527158857859,343.83987833738445,443.63356696067774,0.0
1790240227,8,TTFT,completion,0.100000,0.000000,5600,5600,5600,5600,5600,5600,5600,5600,5600,5600,5600,14,0,4900,4775.989806129864,3845.241656061262,5649.297640891746,0.0
1790240227,8,,Aggregated,0.300000,0.000000,5600,5600,50000,52000,57000,57000,57000,57000,57000,57000,57000,42,0,4900,19770.81274820763,343.83987833738445,61217.090249061584,42.666666666666664
1790240228,8,POST,completion,0.100000,0.000000,52000,52000,57000,57000,57000,57000,57000,57000,57000,57000,57000,14,0,55000,54147.69572260723,47933.33572987467,61217.090249061584,128.0
1790240228,8,TPOT,completion,0.100000,0.000000,360,360,410,410,410,410,410,410,410,410,410,14,0,400,388.7527158857859,343.83987833738445,443.63356696067774,0.0
1790240228,8,TTFT,completion,0.100000,0.000000,5600,5600,5600,5600,5600,5600,5600,5600,5600,5600,5600,14,0,4900,4775.989806129864,3845.241656061262,5649.297640891746,0.0
1790240228,8,,Aggregated,0.300000,0.000000,5600,5600,50000,52000,57000,57000,57000,57000,57000,57000,57000,42,0,4900,19770.81274820763,343.83987833738445,61217.090249061584,42.666666666666664
1790240229,8,POST,completion,0.100000,0.000000,52000,52000,57000,57000,57000,57000,57000,57000,57000,57000,57000,14,0,55000,54147.69572260723,47933.33572987467,61217.090249061584,128.0
1790240229,8,TPOT,completion,0.100000,0.000000,360,360,410,410,410,410,410,410,410,410,410,14,0,400,388.7527158857859,343.83987833738445,443.63356696067774,0.0
1790240229,8,TTFT,completion,0.100000,0.000000,5600,5600,5600,5600,5600,5600,5600,5600,5600,5600,5600,14,0,4900,4775.989806129864,3845.241656061262,5649.297640891746,0.0
1790240229,8,,Aggregated,0.300000,0.000000,5600,5600,50000,52000,57000,57000,57000,57000,57000,57000,57000,42,0,4900,19770.81274820763,343.83987833738445,61217.090249061584,42.666666666666664
1790240230,8,POST,completion,0.100000,0.000000,52000,52000,57000,57000,57000,57000,57000,57000,57000,57000,57000,14,0,55000,54147.69572260723,47933.33572987467,61217.090249061584,128.0
1790240230,8,TPOT,completion,0.100000,0.000000,360,360,410,410,410,410,410,410,410,410,410,14,0,400,388.7527158857859,343.83987833738445,443.63356696067774,0.0
1790240230,8,TTFT,completion,0.100000,0.000000,5600,5600,5600,5600,5600,5600,5600,5600,5600,5600,5600,14,0,4900,4775.989806129864,3845.241656061262,5649.297640891746,0.0
1790240230,8,,Aggregated,0.300000,0.000000,5600,5600,50000,52000,57000,57000,57000,57000,57000,57000,57000,42,0,4900,19770.81274820763,343.83987833738445,61217.090249061584,42.666666666666664
1790240231,8,POST,completion,0.300000,0.000000,57000,57000,65000,65000,65000,65000,65000,65000,65000,65000,65000,15,0,55000,54900.27420095479,47933.33572987467,65436.37289782055,128.0
1790240231,8,TPOT,completion,0.300000,0.000000,410,410,470,470,470,470,470,470,470,470,470,15,0,400,394.21073613478137,343.83987833738445,470.6230196207175,0.0
1790240231,8,TTFT,completion,0.300000,0.000000,5600,5600,5700,5700,5700,5700,5700,5700,5700,5700,5700,15,0,4900,4835.402102520068,3845.241656061262,5667.174251982942,0.0
1790240231,8,,Aggregated,0.900000,0.000000,5600,5700,52000,57000,65000,65000,65000,65000,65000,65000,65000,45,0,4900,20043.29567986988,343.83987833738445,65436.37289782055,42.666666666666664
1790240232,8,POST,completion,0.300000,0.000000,57000,57000,65000,65000,65000,65000,65000,65000,65000,65000,65000,15,0,55000,54900.27420095479,47933.33572987467,65436.37289782055,128.0
1790240232,8,TPOT,completion,0.300000,0.000000,410,410,470,470,470,470,470,470,470,470,470,15,0,400,394.21073613478137,343.83987833738445,470.6230196207175,0.0
1790240232,8,TTFT,completion,0.300000,0.000000,5600,5600,5700,5700,5700,5700,5700,5700,5700,5700,5700,15,0,4900,4835.402102520068,3845.241656061262,5667.174251982942,0.0
1790240232,8,,Aggregated,0.900000,0.000000,5600,5700,52000,57000,65000,65000,65000,65000,65000,65000,65000,45,0,4900,20043.29567986988,343.83987833738445,65436.37289782055,42.666666666666664
1790240233,8,POST,completion,0.300000,0.000000,57000,57000,65000,65000,65000,65000,65000,65000,65000,65000,65000,15,0,55000,54900.27420095479,47933.33572987467,65436.37289782055,128.0
1790240233,8,TPOT,completion,0.300000,0.000000,410,410,470,470,470,470,470,470,470,470,470,15,0,400,394.21073613478137,343.83987833738445,470.6230196207175,0.0
1790240233,8,TTFT,completion,0.300000,0.000000,5600,5600,5700,5700,5700,5700,5700,5700,5700,5700,5700,15,0,4900,4835.402102520068,3845.241656061262,5667.174251982942,0.0
1790240233,8,,Aggregated,0.900000,0.000000,5600,5700,52000,57000,65000,65000,65000,65000,65000,65000,65000,45,0,4900,20043.29567986988,343.83987833738445,65436.37289782055,42.666666666666664
1790240234,8,POST,completion,0.300000,0.000000,61000,61000,65000,65000,65000,65000,65000,65000,65000,65000,65000,16,0,57000,55253.75413769507,47933.33572987467,65436.37289782055,128.0
1790240234,8,TPOT,completion,0.300000,0.000000,430,430,470,470,470,470,470,470,470,470,470,16,0,410,396.58258338772794,343.83987833738445,470.6230196207175,0.0
1790240234,8,TTFT,completion,0.300000,0.000000,5700,5700,5700,5700,5700,5700,5700,5700,5700,5700,5700,16,0,4900,4887.658673542319,3845.241656061262,5671.507238876075,0.0
1790240234,8,,Aggregated,0.900000,0.000000,5700,5700,52000,61000,65000,65000,65000,65000,65000,65000,65000,48,0,4900,20179.33179820837,343.83987833738445,65436.37289782055,42.666666666666664
1790240235,8,POST,completion,0.300000,0.000000,61000,61000,65000,65000,65000,65000,65000,65000,65000,65000,65000,16,0,57000,55253.75413769507,47933.33572987467,65436.37289782055,128.0
1790240235,8,TPOT,completion,0.300000,0.000000,430,430,470,470,470,470,470,470,470,470,470,16,0,410,396.58258338772794,343.83987833738445,470.6230196207175,0.0
1790240235,8,TTFT,completion,0.300000,0.000000,5700,5700,5700,5700,5700,5700,5700,5700,5700,5700,5700,16,0,4900,4887.658673542319,3845.241656061262,5671.507238876075,0.0
1790240235,8,,Aggregated,0.900000,0.000000,5700,5700,52000,61000,65000,65000,65000,65000,65000,65000,65000,48,0,4900,20179.33179820837,343.83987833738445,65436.37289782055,42.666666666666664
1790240236,8,POST,completion,0.300000,0.000000,61000,61000,65000,65000,65000,65000,65000,65000,65000,65000,65000,16,0,57000,55253.75413769507,47933.33572987467,65436.37289782055,128.0
1790240236,8,TPOT,completion,0.300000,0.000000,430,430,470,470,470,470,470,470,470,470,470,16,0,410,396.58258338772794,343.83987833738445,470.6230196207175,0.0
1790240236,8,TTFT,completion,0.300000,0.000000,5700,5700,5700,5700,5700,5700,5700,5700,5700,5700,5700,16,0,4900,4887.658673542319,3845.241656061262,5671.507238876075,0.0
1790240236,8,,Aggregated,0.900000,0.000000,5700,5700,52000,61000,65000,65000,65000,65000,65000,65000,65000,48,0,4900,20179.33179820837,343.83987833738445,65436.37289782055,42.666666666666664
1790240237,8,POST,completion,0.300000,0.000000,65000,65000,65000,65000,65000,65000,65000,65000,65000,65000,65000,16,0,57000,55253.75413769507,47933.33572987467,65436.37289782055,128.0
1790240237,8,TPOT,completion,0.300000,0.000000,470,470,470,470,470,470,470,470,470,470,470,16,0,410,396.58258338772794,343.83987833738445,470.6230196207175,0.0
1790240237,8,TTFT,completion,0.300000,0.000000,5700,5700,5700,5700,5700,5700,5700,5700,5700,5700,5700,16,0,4900,4887.658673542319,3845.241656061262,5671.507238876075,0.0
1790240237,8,,Aggregated,0.900000,0.000000,5700,5700,61000,61000,65000,65000,65000,65000,65000,65000,65000,48,0,4900,20179.33179820837,343.83987833738445,65436.37289782055,42.666666666666664
1790240238,8,POST,completion,0.300000,0.000000,65000,65000,65000,65000,65000,65000,65000,65000,65000,65000,65000,16,0,57000,55253.75413769507,47933.33572987467,65436.37289782055,128.0
1790240238,8,TPOT,completion,0.300000,0.000000,470,470,470,470,470,470,470,470,470,470,470,16,0,410,396.58258338772794,343.83987833738445,470.6230196207175,0.0
1790240238,8,TTFT,completion,0.300000,0.000000,5700,5700,5700,5700,5700,5700,5700,5700,5700,5700,5700,16,0,4900,4887.658673542319,3845.241656061262,5671.507238876075,0.0
1790240238,8,,Aggregated,0.900000,0.000000,5700,5700,61000,61000,65000,65000,65000,65000,65000,65000,65000,48,0,4900,20179.33179820837,343.83987833738445,65436.37289782055,42.666666666666664
1790240239,8,POST,completion,0.300000,0.000000,65000,65000,65000,65000,65000,65000,65000,65000,65000,65000,65000,16,0,57000,55253.75413769507,47933.33572987467,65436.37289782055,128.0
1790240239,8,TPOT,completion,0.300000,0.000000,470,470,470,470,470,470,470,470,470,470,470,16,0,410,396.58258338772794,343.83987833738445,470.6230196207175,0.0
1790240239,8,TTFT,completion,0.300000,0.000000,5700,5700,5700,5700,5700,5700,5700,5700,5700,5700,5700,16,0,4900,4887.658673542319,3845.241656061262,5671.507238876075,0.0
1790240239,8,,Aggregated,0.900000,0.000000,5700,5700,61000,61000,65000,65000,65000,65000,65000,65000,65000,48,0,4900,20179.33179820837,343.83987833738445,65436.37289782055,42.666666666666664
1790240240,8,POST,completion,0.300000,0.000000,65000,65000,65000,65000,65000,65000,65000,65000,65000,65000,65000,16,0,57000,55253.75413769507,47933.33572987467,65436.37289782055,128.0
1790240240,8,TPOT,completion,0.300000,0.000000,470,470,470,470,470,470,470,470,470,470,470,16,0,410,396.58258338772794,343.83987833738445,470.6230196207175,0.0
1790240240,8,TTFT,completion,0.300000,0.000000,5700,5700,5700,5700,5700,5700,5700,5700,5700,5700,5700,16,0,4900,4887.658673542319,3845.241656061262,5671.507238876075,0.0
1790240240,8,,Aggregated,0.900000,0.000000,5700,5700,61000,61000,65000,65000,65000,65000,65000,65000,65000,48,0,4900,20179.33179820837,343.83987833738445,65436.37289782055,42.666666666666664
1790240241,8,POST,completion,0.300000,0.000000,61000,61000,61000,61000,61000,61000,61000,61000,61000,61000,61000,16,0,57000,55253.75413769507,47933.33572987467,65436.37289782055,128.0
1790240241,8,TPOT,completion,0.300000,0.000000,430,430,430,430,430,430,430,430,430,430,430,16,0,410,396.58258338772794,343.83987833738445,470.6230196207175,0.0
1790240241,8,TTFT,completion,0.300000,0.000000,5700,5700,5700,5700,5700,5700,5700,5700,5700,5700,5700,16,0,4900,4887.658673542319,3845.241656061262,5671.507238876075,0.0
1790240241,8,,Aggregated,0.900000,0.000000,5700,5700,61000,61000,61000,61000,61000,61000,61000,61000,61000,48,0,4900,20179.33179820837,343.83987833738445,65436.37289782055,42.666666666666664
1790240242,8,POST,completion,0.300000,0.000000,61000,61000,61000,61000,61000,61000,61000,61000,61000,61000,61000,16,0,57000,55253.75413769507,47933.33572987467,65436.37289782055,128.0
1790240242,8,TPOT,completion,0.300000,0.000000,430,430,430,430,430,430,430,430,430,430,430,16,0,410,396.58258338772794,343.83987833738445,470.6230196207175,0.0
1790240242,8,TTFT,completion,0.300000,0.000000,5700,5700,5700,5700,5700,5700,5700,5700,5700,5700,5700,16,0,4900,4887.658673542319,3845.241656061262,5671.507238876075,0.0
1790240242,8,,Aggregated,0.900000,0.000000,5700,5700,61000,61000,61000,61000,61000,61000,61000,61000,61000,48,0,4900,20179.33179820837,343.83987833738445,65436.37289782055,42.666666666666664
1790240243,8,POST,completion,0.300000,0.000000,61000,61000,61000,61000,61000,61000,61000,61000,61000,61000,61000,16,0,57000,55253.75413769507,47933.33572987467,65436.37289782055,128.0
1790240243,8,TPOT,completion,0.300000,0.000000,430,430,430,430,430,430,430,430,430,430,430,16,0,410,396.58258338772794,343.83987833738445,470.6230196207175,0.0
1790240243,8,TTFT,completion,0.300000,0.000000,5700,5700,5700,5700,5700,5700,5700,5700,5700,5700,5700,16,0,4900,4887.658673542319,3845.241656061262,5671.507238876075,0.0
1790240243,8,,Aggregated,0.900000,0.000000,5700,5700,61000,61000,61000,61000,61000,61000,61000,61000,61000,48,0,4900,20179.33179820837,343.83987833738445,65436.37289782055,42.666666666666664
1790240244,8,POST,completion,0.300000,0.000000,61000,61000,61000,61000,61000,61000,61000,61000,61000,61000,61000,16,0,57000,55253.75413769507,47933.33572987467,65436.37289782055,128.0
1790240244,8,TPOT,completion,0.300000,0.000000,430,430,430,430,430,430,430,430,430,430,430,16,0,410,396.58258338772794,343.83987833738445,470.6230196207175,0.0
1790240244,8,TTFT,completion,0.300000,0.000000,5700,5700,5700,5700,5700,5700,5700,5700,5700,5700,5700,16,0,4900,4887.658673542319,3845.241656061262,5671.507238876075,0.0
1790240244,8,,Aggregated,0.900000,0.000000,5700,5700,61000,61000,61000,61000,61000,61000,61000,61000,61000,48,0,4900,20179.33179820837,343.83987833738445,65436.37289782055,42.666666666666664
1790240245,8,POST,completion,0.300000,0.000000,61000,61000,61000,61000,61000,61000,61000,61000,61000,61000,61000,16,0,57000,55253.75413769507,47933.33572987467,65436.37289782055,128.0
1790240245,8,TPOT,completion,0.300000,0.000000,430,430,430,430,430,430,430,430,430,430,430,16,0,410,396.58258338772794,343.83987833738445,470.6230196207175,0.0
1790240245,8,TTFT,completion,0.300000,0.000000,5700,5700,5700,5700,5700,5700,5700,5700,5700,5700,5700,16,0,4900,4887.658673542319,3845.241656061262,5671.507238876075,0.0
1790240245,8,,Aggregated,0.900000,0.000000,5700,5700,61000,61000,61000,61000,61000,61000,61000,61000,61000,48,0,4900,20179.33179820837,343.83987833738445,65436.37289782055,42.666666666666664
1790240246,8,POST,completion,0.300000,0.000000,61000,61000,61000,61000,61000,61000,61000,61000,61000,61000,61000,16,0,57000,55253.75413769507,47933.33572987467,65436.37289782055,128.0
1790240246,8,TPOT,completion,0.300000,0.000000,430,430,430,430,430,430,430,430,430,430,430,16,0,410,396.58258338772794,343.83987833738445,470.6230196207175,0.0
1790240246,8,TTFT,completion,0.300000,0.000000,5700,5700,5700,5700,5700,5700,5700,5700,5700,5700,5700,16,0,4900,4887.658673542319,3845.241656061262,5671.507238876075,0.0
1790240246,8,,Aggregated,0.900000,0.000000,5700,5700,61000,61000,61000,61000,61000,61000,61000,61000,61000,48,0,4900,20179.33179820837,343.83987833738445,65436.37289782055,42.666666666666664
1790240247,8,POST,completion,0.300000,0.000000,61000,61000,61000,61000,61000,61000,61000,61000,61000,61000,61000,16,0,57000,55253.75413769507,47933.33572987467,65436.37289782055,128.0
1790240247,8,TPOT,completion,0.300000,0.000000,430,430,430,430,430,430,430,430,430,430,430,16,0,410,396.58258338772794,343.83987833738445,470.6230196207175,0.0
1790240247,8,TTFT,completion,0.300000,0.000000,5700,5700,5700,5700,5700,5700,5700,5700,5700,5700,5700,16,0,4900,4887.658673542319,3845.241656061262,5671.507238876075,0.0
1790240247,8,,Aggregated,0.900000,0.000000,5700,5700,61000,61000,61000,61000,61000,61000,61000,61000,61000,48,0,4900,20179.33179820837,343.83987833738445,65436.37289782055,42.666666666666664
1790240248,8,POST,completion,0.300000,0.000000,61000,61000,61000,61000,61000,61000,61000,61000,61000,61000,61000,16,0,57000,55253.75413769507,47933.33572987467,65436.37289782055,128.0
1790240248,8,TPOT,completion,0.300000,0.000000,430,430,430,430,430,430,430,430,430,430,430,16,0,410,396.58258338772794,343.83987833738445,470.6230196207175,0.0
1790240248,8,TTFT,completion,0.300000,0.000000,5700,5700,5700,5700,5700,5700,5700,5700,5700,5700,5700,16,0,4900,4887.658673542319,3845.241656061262,5671.507238876075,0.0
1790240248,8,,Aggregated,0.900000,0.000000,5700,5700,61000,61000,61000,61000,61000,61000,61000,61000,61000,48,0,4900,20179.33179820837,343.83987833738445,65436.37289782055,42.666666666666664
1790240249,8,POST,completion,0.300000,0.000000,61000,61000,61000,61000,61000,61000,61000,61000,61000,61000,61000,16,0,57000,55253.75413769507,47933.33572987467,65436.37289782055,128.0
1790240249,8,TPOT,completion,0.300000,0.000000,430,430,430,430,430,430,430,430,430,430,430,16,0,410,396.58258338772794,343.83987833738445,470.6230196207175,0.0
1790240249,8,TTFT,completion,0.300000,0.000000,5700,5700,5700,5700,5700,5700,5700,5700,5700,5700,5700,16,0,4900,4887.658673542319,3845.241656061262,5671.507238876075,0.0
1790240249,8,,Aggregated,0.900000,0.000000,5700,5700,61000,61000,61000,61000,61000,61000,61000,61000,61000,48,0,4900,20179.33179820837,343.83987833738445,65436.37289782055,42.666666666666664
1790240250,8,POST,completion,0.300000,0.000000,61000,61000,61000,61000,61000,61000,61000,61000,61000,61000,61000,16,0,57000,55253.75413769507,47933.33572987467,65436.37289782055,128.0
1790240250,8,TPOT,completion,0.300000,0.000000,430,430,430,430,430,430,430,430,430,430,430,16,0,410,396.58258338772794,343.83987833738445,470.6230196207175,0.0
1790240250,8,TTFT,completion,0.300000,0.000000,5700,5700,5700,5700,5700,5700,5700,5700,5700,5700,5700,16,0,4900,4887.658673542319,3845.241656061262,5671.507238876075,0.0
1790240250,8,,Aggregated,0.900000,0.000000,5700,5700,61000,61000,61000,61000,61000,61000,61000,61000,61000,48,0,4900,20179.33179820837,343.83987833738445,65436.37289782055,42.666666666666664
1790240251,8,POST,completion,0.300000,0.000000,0,0,0,0,0,0,0,0,0,0,0,16,0,57000,55253.75413769507,47933.33572987467,65436.37289782055,128.0
1790240251,8,TPOT,completion,0.300000,0.000000,0,0,0,0,0,0,0,0,0,0,0,16,0,410,396.58258338772794,343.83987833738445,470.6230196207175,0.0
1790240251,8,TTFT,completion,0.300000,0.000000,0,0,0,0,0,0,0,0,0,0,0,16,0,4900,4887.658673542319,3845.241656061262,5671.507238876075,0.0
1790240251,8,,Aggregated,0.900000,0.000000,0,0,0,0,0,0,0,0,0,0,0,48,0,4900,20179.33179820837,343.83987833738445,65436.37289782055,42.666666666666664
1790240252,8,POST,completion,0.300000,0.000000,0,0,0,0,0,0,0,0,0,0,0,16,0,57000,55253.75413769507,47933.33572987467,65436.37289782055,128.0
1790240252,8,TPOT,completion,0.300000,0.000000,0,0,0,0,0,0,0,0,0,0,0,16,0,410,396.58258338772794,343.83987833738445,470.6230196207175,0.0
1790240252,8,TTFT,completion,0.300000,0.000000,0,0,0,0,0,0,0,0,0,0,0,16,0,4900,4887.658673542319,3845.241656061262,5671.507238876075,0.0
1790240252,8,,Aggregated,0.900000,0.000000,0,0,0,0,0,0,0,0,0,0,0,48,0,4900,20179.33179820837,343.83987833738445,65436.37289782055,42.666666666666664
1790240253,8,POST,completion,0.300000,0.000000,0,0,0,0,0,0,0,0,0,0,0,16,0,57000,55253.75413769507,47933.33572987467,65436.37289782055,128.0
1790240253,8,TPOT,completion,0.300000,0.000000,0,0,0,0,0,0,0,0,0,0,0,16,0,410,396.58258338772794,343.83987833738445,470.6230196207175,0.0
1790240253,8,TTFT,completion,0.300000,0.000000,0,0,0,0,0,0,0,0,0,0,0,16,0,4900,4887.658673542319,3845.241656061262,5671.507238876075,0.0
1790240253,8,,Aggregated,0.900000,0.000000,0,0,0,0,0,0,0,0,0,0,0,48,0,4900,20179.33179820837,343.83987833738445,65436.37289782055,42.666666666666664
1790240254,8,POST,completion,0.300000,0.000000,0,0,0,0,0,0,0,0,0,0,0,16,0,57000,55253.75413769507,47933.33572987467,65436.37289782055,128.0
1790240254,8,TPOT,completion,0.300000,0.000000,0,0,0,0,0,0,0,0,0,0,0,16,0,410,396.58258338772794,343.83987833738445,470.6230196207175,0.0
1790240254,8,TTFT,completion,0.300000,0.000000,0,0,0,0,0,0,0,0,0,0,0,16,0,4900,4887.658673542319,3845.241656061262,5671.507238876075,0.0
1790240254,8,,Aggregated,0.900000,0.000000,0,0,0,0,0,0,0,0,0,0,0,48,0,4900,20179.33179820837,343.83987833738445,65436.37289782055,42.666666666666664
1790240255,8,POST,completion,0.300000,0.000000,0,0,0,0,0,0,0,0,0,0,0,16,0,57000,55253.75413769507,47933.33572987467,65436.37289782055,128.0
1790240255,8,TPOT,completion,0.300000,0.000000,0,0,0,0,0,0,0,0,0,0,0,16,0,410,396.58258338772794,343.83987833738445,470.6230196207175,0.0
1790240255,8,TTFT,completion,0.300000,0.000000,0,0,0,0,0,0,0,0,0,0,0,16,0,4900,4887.658673542319,3845.241656061262,5671.507238876075,0.0
1790240255,8,,Aggregated,0.900000,0.000000,0,0,0,0,0,0,0,0,0,0,0,48,0,4900,20179.33179820837,343.83987833738445,65436.37289782055,42.666666666666664
1790240256,8,POST,completion,0.300000,0.000000,0,0,0,0,0,0,0,0,0,0,0,16,0,57000,55253.75413769507,47933.33572987467,65436.37289782055,128.0
1790240256,8,TPOT,completion,0.300000,0.000000,0,0,0,0,0,0,0,0,0,0,0,16,0,410,396.58258338772794,343.83987833738445,470.6230196207175,0.0
1790240256,8,TTFT,completion,0.300000,0.000000,0,0,0,0,0,0,0,0,0,0,0,16,0,4900,4887.658673542319,3845.241656061262,5671.507238876075,0.0
1790240256,8,,Aggregated,0.900000,0.000000,0,0,0,0,0,0,0,0,0,0,0,48,0,4900,20179.33179820837,343.83987833738445,65436.37289782055,42.666666666666664
1790240257,8,POST,completion,0.300000,0.000000,0,0,0,0,0,0,0,0,0,0,0,16,0,57000,55253.75413769507,47933.33572987467,65436.37289782055,128.0
1790240257,8,TPOT,completion,0.300000,0.000000,0,0,0,0,0,0,0,0,0,0,0,16,0,410,396.58258338772794,343.83987833738445,470.6230196207175,0.0
1790240257,8,TTFT,completion,0.300000,0.000000,0,0,0,0,0,0,0,0,0,0,0,16,0,4900,4887.658673542319,3845.241656061262,5671.507238876075,0.0
1790240257,8,,Aggregated,0.900000,0.000000,0,0,0,0,0,0,0,0,0,0,0,48,0,4900,20179.33179820837,343.83987833738445,65436.37289782055,42.666666666666664
1790240258,8,POST,completion,0.300000,0.000000,0,0,0,0,0,0,0,0,0,0,0,16,0,57000,55253.75413769507,47933.33572987467,65436.37289782055,128.0
1790240258,8,TPOT,completion,0.300000,0.000000,0,0,0,0,0,0,0,0,0,0,0,16,0,410,396.58258338772794,343.83987833738445,470.6230196207175,0.0
1790240258,8,TTFT,completion,0.300000,0.000000,0,0,0,0,0,0,0,0,0,0,0,16,0,4900,4887.658673542319,3845.241656061262,5671.507238876075,0.0
1790240258,8,,Aggregated,0.900000,0.000000,0,0,0,0,0,0,0,0,0,0,0,48,0,4900,20179.33179820837,343.83987833738445,65436.37289782055,42.666666666666664
1790240259,8,POST,completion,0.300000,0.000000,0,0,0,0,0,0,0,0,0,0,0,16,0,57000,55253.75413769507,47933.33572987467,65436.37289782055,128.0
1790240259,8,TPOT,completion,0.300000,0.000000,0,0,0,0,0,0,0,0,0,0,0,16,0,410,396.58258338772794,343.83987833738445,470.6230196207175,0.0
1790240259,8,TTFT,completion,0.300000,0.000000,0,0,0,0,0,0,0,0,0,0,0,16,0,4900,4887.658673542319,3845.241656061262,5671.507238876075,0.0
1790240259,8,,Aggregated,0.900000,0.000000,0,0,0,0,0,0,0,0,0,0,0,48,0,4900,20179.33179820837,343.83987833738445,65436.37289782055,42.666666666666664
1790240260,8,POST,completion,0.000000,0.000000,52000,52000,52000,52000,52000,52000,52000,52000,52000,52000,52000,17,0,55000,55079.080815358524,47933.33572987467,65436.37289782055,128.0
1790240260,8,TPOT,completion,0.000000,0.000000,380,380,380,380,380,380,380,380,380,380,380,17,0,400,395.3973247285505,343.83987833738445,470.6230196207175,0.0
1790240260,8,TTFT,completion,0.000000,0.000000,4500,4500,4500,4500,4500,4500,4500,4500,4500,4500,4500,17,0,4900,4863.514781094102,3845.241656061262,5671.507238876075,0.0
1790240260,8,,Aggregated,0.000000,0.000000,4500,4500,52000,52000,52000,52000,52000,52000,52000,52000,52000,51,0,4900,20112.664307060393,343.83987833738445,65436.37289782055,42.666666666666664
1790240261,8,POST,completion,0.000000,0.000000,52000,52000,52000,52000,52000,52000,52000,52000,52000,52000,52000,17,0,55000,55079.080815358524,47933.33572987467,65436.37289782055,128.0
1790240261,8,TPOT,completion,0.000000,0.000000,380,380,380,380,380,380,380,380,380,380,380,17,0,400,395.3973247285505,343.83987833738445,470.6230196207175,0.0
1790240261,8,TTFT,completion,0.000000,0.000000,4500,4500,4500,4500,4500,4500,4500,4500,4500,4500,4500,17,0,4900,4863.514781094102,3845.241656061262,5671.507238876075,0.0
1790240261,8,,Aggregated,0.000000,0.000000,4500,4500,52000,52000,52000,52000,52000,52000,52000,52000,52000,51,0,4900,20112.664307060393,343.83987833738445,65436.37289782055,42.666666666666664
1790240262,8,POST,completion,0.000000,0.000000,52000,52000,52000,52000,52000,52000,52000,52000,52000,52000,52000,17,0,55000,55079.080815358524,47933.33572987467,65436.37289782055,128.0
1790240262,8,TPOT,completion,0.000000,0.000000,380,380,380,380,380,380,380,380,380,380,380,17,0,400,395.3973247285505,343.83987833738445,470.6230196207175,0.0
1790240262,8,TTFT,completion,0.000000,0.000000,4500,4500,4500,4500,4500,4500,4500,4500,4500,4500,4500,17,0,4900,4863.514781094102,3845.241656061262,5671.507238876075,0.0
1790240262,8,,Aggregated,0.000000,0.000000,4500,4500,52000,52000,52000,52000,52000,52000,52000,52000,52000,51,0,4900,20112.664307060393,343.83987833738445,65436.37289782055,42.666666666666664
1790240263,8,POST,completion,0.000000,0.000000,52000,52000,52000,52000,52000,52000,52000,52000,52000,52000,52000,17,0,55000,55079.080815358524,47933.33572987467,65436.37289782055,128.0
1790240263,8,TPOT,completion,0.000000,0.000000,380,380,380,380,380,380,380,380,380,380,380,17,0,400,395.3973247285505,343.83987833738445,470.6230196207175,0.0
1790240263,8,TTFT,completion,0.000000,0.000000,4500,4500,4500,4500,4500,4500,4500,4500,4500,4500,4500,17,0,4900,4863.514781094102,3845.241656061262,5671.507238876075,0.0
1790240263,8,,Aggregated,0.000000,0.000000,4500,4500,52000,52000,52000,52000,52000,52000,52000,52000,52000,51,0,4900,20112.664307060393,343.83987833738445,65436.37289782055,42.666666666666664
1790240264,8,POST,completion,0.000000,0.000000,52000,52000,52000,52000,52000,52000,52000,52000,52000,52000,52000,17,0,55000,55079.080815358524,47933.33572987467,65436.37289782055,128.0
1790240264,8,TPOT,completion,0.000000,0.000000,380,380,380,380,380,380,380,380,380,380,380,17,0,400,395.3973247285505,343.83987833738445,470.6230196207175,0.0
1790240264,8,TTFT,completion,0.000000,0.000000,4500,4500,4500,4500,4500,4500,4500,4500,4500,4500,4500,17,0,4900,4863.514781094102,3845.241656061262,5671.507238876075,0.0
1790240264,8,,Aggregated,0.000000,0.000000,4500,4500,52000,52000,52000,52000,52000,52000,52000,52000,52000,51,0,4900,20112.664307060393,343.83987833738445,65436.37289782055,42.666666666666664
1790240265,8,POST,completion,0.000000,0.000000,52000,52000,52000,52000,52000,52000,52000,52000,52000,52000,52000,17,0,55000,55079.080815358524,47933.33572987467,65436.37289782055,128.0
1790240265,8,TPOT,completion,0.000000,0.000000,380,380,380,380,380,380,380,380,380,380,380,17,0,400,395.3973247285505,343.83987833738445,470.6230196207175,0.0
1790240265,8,TTFT,completion,0.000000,0.000000,4500,4500,4500,4500,4500,4500,4500,4500,4500,4500,4500,17,0,4900,4863.514781094102,3845.241656061262,5671.507238876075,0.0
1790240265,8,,Aggregated,0.000000,0.000000,4500,4500,52000,52000,52000,52000,52000,52000,52000,52000,52000,51,0,4900,20112.664307060393,343.83987833738445,65436.37289782055,42.666666666666664
1790240266,8,POST,completion,0.000000,0.000000,52000,52000,52000,52000,52000,52000,52000,52000,52000,52000,52000,17,0,55000,55079.080815358524,47933.33572987467,65436.37289782055,128.0
1790240266,8,TPOT,completion,0.000000,0.000000,380,380,380,380,380,380,380,380,380,380,380,17,0,400,395.3973247285505,343.83987833738445,470.6230196207175,0.0
1790240266,8,TTFT,completion,0.000000,0.000000,4500,4500,4500,4500,4500,4500,4500,4500,4500,4500,4500,17,0,4900,4863.514781094102,3845.241656061262,5671.507238876075,0.0
1790240266,8,,Aggregated,0.000000,0.000000,4500,4500,52000,52000,52000,52000,52000,52000,52000,52000,52000,51,0,4900,20112.664307060393,343.83987833738445,65436.37289782055,42.666666666666664
1790240267,8,POST,completion,0.100000,0.000000,54000,54000,59000,59000,59000,59000,59000,59000,59000,59000,59000,19,0,55000,55256.73246416754,47933.33572987467,65436.37289782055,128.0
1790240267,8,TPOT,completion,0.100000,0.000000,390,390,430,430,430,430,430,430,430,430,430,19,0,400,397.01353399331197,343.83987833738445,470.6230196207175,0.0
1790240267,8,TTFT,completion,0.100000,0.000000,4500,4500,4700,4700,4700,4700,4700,4700,4700,4700,4700,19,0,4800,4835.910043458602,3845.241656061262,5671.507238876075,0.0
1790240267,8,,Aggregated,0.300000,0.000000,4500,4700,52000,54000,59000,59000,59000,59000,59000,59000,59000,57,0,4800,20163.21868053982,343.83987833738445,65436.37289782055,42.666666666666664
1790240268,8,POST,completion,0.100000,0.000000,54000,54000,59000,59000,59000,59000,59000,59000,59000,59000,59000,19,0,55000,55256.73246416754,47933.33572987467,65436.37289782055,128.0
1790240268,8,TPOT,completion,0.100000,0.000000,390,390,430,430,430,430,430,430,430,430,430,19,0,400,397.01353399331197,343.83987833738445,470.6230196207175,0.0
1790240268,8,TTFT,completion,0.100000,0.000000,4500,4500,4700,4700,4700,4700,4700,4700,4700,4700,4700,19,0,4800,4835.910043458602,3845.241656061262,5671.507238876075,0.0
1790240268,8,,Aggregated,0.300000,0.000000,4500,4700,52000,54000,59000,59000,59000,59000,59000,59000,59000,57,0,4800,20163.21868053982,343.83987833738445,65436.37289782055,42.666666666666664
1790240269,8,POST,completion,0.100000,0.000000,54000,54000,59000,59000,59000,59000,59000,59000,59000,59000,59000,19,0,55000,55256.73246416754,47933.33572987467,65436.37289782055,128.0
1790240269,8,TPOT,completion,0.100000,0.000000,390,390,430,430,430,430,430,430,430,430,430,19,0,400,397.01353399331197,343.83987833738445,470.6230196207175,0.0
1790240269,8,TTFT,completion,0.100000,0.000000,4500,4500,4700,4700,4700,4700,4700,4700,4700,4700,4700,19,0,4800,4835.910043458602,3845.241656061262,5671.507238876075,0.0
1790240269,8,,Aggregated,0.300000,0.000000,4500,4700,52000,54000,59000,59000,59000,59000,59000,59000,59000,57,0,4800,20163.21868053982,343.83987833738445,65436.37289782055,42.666666666666664
1790240270,8,POST,completion,0.100000,0.000000,54000,54000,59000,59000,59000,59000,59000,59000,59000,59000,59000,19,0,55000,55256.73246416754,47933.33572987467,65436.37289782055,128.0
1790240270,8,TPOT,completion,0.100000,0.000000,390,390,430,430,430,430,430,430,430,430,430,19,0,400,397.01353399331197,343.83987833738445,470.6230196207175,0.0
1790240270,8,TTFT,completion,0.100000,0.000000,4500,4500,4700,4700,4700,4700,4700,4700,4700,4700,4700,19,0,4800,4835.910043458602,3845.241656061262,5671.507238876075,0.0
1790240270,8,,Aggregated,0.300000,0.000000,4500,4700,52000,54000,59000,59000,59000,59000,59000,59000,59000,57,0,4800,20163.21868053982,343.83987833738445,65436.37289782055,42.666666666666664
1790240271,8,POST,completion,0.100000,0.000000,54000,54000,59000,59000,59000,59000,59000,59000,59000,59000,59000,19,0,55000,55256.73246416754,47933.33572987467,65436.37289782055,128.0
1790240271,8,TPOT,completion,0.100000,0.000000,390,390,430,430,430,430,430,430,430,430,430,19,0,400,397.01353399331197,343.83987833738445,470.6230196207175,0.0
1790240271,8,TTFT,completion,0.100000,0.000000,4500,4500,4700,4700,4700,4700,4700,4700,4700,4700,4700,19,0,4800,4835.910043458602,3845.241656061262,5671.507238876075,0.0
1790240271,8,,Aggregated,0.300000,0.000000,4500,4700,52000,54000,59000,59000,59000,59000,59000,59000,59000,57,0,4800,20163.21868053982,343.83987833738445,65436.37289782055,42.666666666666664
1790240272,8,POST,completion,0.100000,0.000000,59000,59000,59000,59000,59000,59000,59000,59000,59000,59000,59000,19,0,55000,55256.73246416754,47933.33572987467,65436.37289782055,128.0
1790240272,8,TPOT,completion,0.100000,0.000000,430,430,430,430,430,430,430,430,430,430,430,19,0,400,397.01353399331197,343.83987833738445,470.6230196207175,0.0
1790240272,8,TTFT,completion,0.100000,0.000000,4700,4700,4700,4700,4700,4700,4700,4700,4700,4700,4700,19,0,4800,4835.910043458602,3845.241656061262,5671.507238876075,0.0
1790240272,8,,Aggregated,0.300000,0.000000,4700,4700,54000,54000,59000,59000,59000,59000,59000,59000,59000,57,0,4800,20163.21868053982,343.83987833738445,65436.37289782055,42.666666666666664
1790240273,8,POST,completion,0.200000,0.000000,54000,54000,59000,59000,59000,59000,59000,59000,59000,59000,59000,20,0,55000,55117.25659980439,47933.33572987467,65436.37289782055,128.0
1790240273,8,TPOT,completion,0.200000,0.000000,390,390,430,430,430,430,430,430,430,430,430,20,0,400,396.03528103490515,343.83987833738445,470.6230196207175,0.0
1790240273,8,TTFT,completion,0.200000,0.000000,4500,4500,4700,4700,4700,4700,4700,4700,4700,4700,4700,20,0,4800,4820.673717290629,3845.241656061262,5671.507238876075,0.0
1790240273,8,,Aggregated,0.600000,0.000000,4500,4700,52000,54000,59000,59000,59000,59000,59000,59000,59000,60,0,4800,20111.32186604331,343.83987833738445,65436.37289782055,42.666666666666664
1790240274,8,POST,completion,0.200000,0.000000,54000,54000,59000,59000,59000,59000,59000,59000,59000,59000,59000,20,0,55000,55117.25659980439,47933.33572987467,65436.37289782055,128.0
1790240274,8,TPOT,completion,0.200000,0.000000,390,390,430,430,430,430,430,430,430,430,430,20,0,400,396.03528103490515,343.83987833738445,470.6230196207175,0.0
1790240274,8,TTFT,completion,0.200000,0.000000,4500,4500,4700,4700,4700,4700,4700,4700,4700,4700,4700,20,0,4800,4820.673717290629,3845.241656061262,5671.507238876075,0.0
1790240274,8,,Aggregated,0.600000,0.000000,4500,4700,52000,54000,59000,59000,59000,59000,59000,59000,59000,60,0,4800,20111.32186604331,343.83987833738445,65436.37289782055,42.666666666666664
1790240275,8,POST,completion,0.200000,0.000000,54000,54000,59000,59000,59000,59000,59000,59000,59000,59000,59000,20,0,55000,55117.25659980439,47933.33572987467,65436.37289782055,128.0
1790240275,8,TPOT,completion,0.200000,0.000000,390,390,430,430,430,430,430,430,430,430,430,20,0,400,396.03528103490515,343.83987833738445,470.6230196207175,0.0
1790240275,8,TTFT,completion,0.200000,0.000000,4500,4500,4700,4700,4700,4700,4700,4700,4700,4700,4700,20,0,4800,4820.673717290629,3845.241656061262,5671.507238876075,0.0
1790240275,8,,Aggregated,0.600000,0.000000,4500,4700,52000,54000,59000,59000,59000,59000,59000,59000,59000,60,0,4800,20111.32186604331,343.83987833738445,65436.37289782055,42.666666666666664
1790240276,8,POST,completion,0.200000,0.000000,59000,59000,59000,59000,59000,59000,59000,59000,59000,59000,59000,20,0,55000,55117.25659980439,47933.33572987467,65436.37289782055,128.0
1790240276,8,TPOT,completion,0.200000,0.000000,430,430,430,430,430,430,430,430,430,430,430,20,0,400,396.03528103490515,343.83987833738445,470.6230196207175,0.0
1790240276,8,TTFT,completion,0.200000,0.000000,4700,4700,4700,4700,4700,4700,4700,4700,4700,4700,4700,20,0,4800,4820.673717290629,3845.241656061262,5671.507238876075,0.0
1790240276,8,,Aggregated,0.600000,0.000000,4700,4700,52000,52000,59000,59000,59000,59000,59000,59000,59000,60,0,4800,20111.32186604331,343.83987833738445,65436.37289782055,42.666666666666664
1790240277,8,POST,completion,0.200000,0.000000,59000,59000,59000,59000,59000,59000,59000,59000,59000,59000,59000,20,0,55000,55117.25659980439,47933.33572987467,65436.37289782055,128.0
1790240277,8,TPOT,completion,0.200000,0.000000,430,430,430,430,430,430,430,430,430,430,430,20,0,400,396.03528103490515,343.83987833738445,470.6230196207175,0.0
1790240277,8,TTFT,completion,0.200000,0.000000,4700,4700,4700,4700,4700,4700,4700,4700,4700,4700,4700,20,0,4800,4820.673717290629,3845.241656061262,5671.507238876075,0.0
1790240277,8,,Aggregated,0.600000,0.000000,4700,4700,52000,52000,59000,59000,59000,59000,59000,59000,59000,60,0,4800,20111.32186604331,343.83987833738445,65436.37289782055,42.666666666666664
1790240278,8,POST,completion,0.200000,0.000000,59000,59000,59000,59000,59000,59000,59000,59000,59000,59000,59000,20,0,55000,55117.25659980439,47933.33572987467,65436.37289782055,128.0
1790240278,8,TPOT,completion,0.200000,0.000000,430,430,430,430,430,430,430,430,430,430,430,20,0,400,396.03528103490515,343.83987833738445,470.6230196207175,0.0
1790240278,8,TTFT,completion,0.200000,0.000000,4700,4700,4700,4700,4700,4700,4700,4700,4700,4700,4700,20,0,4800,4820.673717290629,3845.241656061262,5671.507238876075,0.0
1790240278,8,,Aggregated,0.600000,0.000000,4700,4700,52000,52000,59000,59000,59000,59000,59000,59000,59000,60,0,4800,20111.32186604331,343.83987833738445,65436.37289782055,42.666666666666664
1790240279,8,POST,completion,0.300000,0.000000,53000,53000,59000,59000,59000,59000,59000,59000,59000,59000,59000,21,0,54000,55037.44652614529,47933.33572987467,65436.37289782055,128.0
1790240279,8,TPOT,completion,0.300000,0.000000,380,380,430,430,430,430,430,430,430,430,430,21,0,390,395.3617307929134,343.83987833738445,470.6230196207175,0.0
1790240279,8,TTFT,completion,0.300000,0.000000,4700,4700,4900,4900,4900,4900,4900,4900,4900,4900,4900,21,0,4800,4826.40566689051,3845.241656061262,5671.507238876075,0.0
1790240279,8,,Aggregated,0.900000,0.000000,4700,4900,52000,53000,59000,59000,59000,59000,59000,59000,59000,63,0,4800,20086.40464127624,343.83987833738445,65436.37289782055,42.666666666666664
1790240280,8,POST,completion,0.300000,0.000000,53000,53000,53000,53000,53000,53000,53000,53000,53000,53000,53000,21,0,54000,55037.44652614529,47933.33572987467,65436.37289782055,128.0
1790240280,8,TPOT,completion,0.300000,0.000000,380,380,380,380,380,380,380,380,380,380,380,21,0,390,395.3617307929134,343.83987833738445,470.6230196207175,0.0
1790240280,8,TTFT,completion,0.300000,0.000000,4900,4900,4900,4900,4900,4900,4900,4900,4900,4900,4900,21,0,4800,4826.40566689051,3845.241656061262,5671.507238876075,0.0
1790240280,8,,Aggregated,0.900000,0.000000,4900,4900,52000,52000,53000,53000,53000,53000,53000,53000,53000,63,0,4800,20086.40464127624,343.83987833738445,65436.37289782055,42.666666666666664
1790240281,8,POST,completion,0.300000,0.000000,53000,53000,53000,53000,53000,53000,53000,53000,53000,53000,53000,21,0,54000,55037.44652614529,47933.33572987467,65436.37289782055,128.0
1790240281,8,TPOT,completion,0.300000,0.000000,380,380,380,380,380,380,380,380,380,380,380,21,0,390,395.3617307929134,343.83987833738445,470.6230196207175,0.0
1790240281,8,TTFT,completion,0.300000,0.000000,4900,4900,4900,4900,4900,4900,4900,4900,4900,4900,4900,21,0,4800,4826.40566689051,3845.241656061262,5671.507238876075,0.0
1790240281,8,,Aggregated,0.900000,0.000000,4900,4900,52000,52000,53000,53000,53000,53000,53000,53000,53000,63,0,4800,20086.40464127624,343.83987833738445,65436.37289782055,42.666666666666664
1790240282,8,POST,completion,0.200000,0.000000,53000,53000,59000,59000,59000,59000,59000,59000,59000,59000,59000,22,0,55000,55215.15747154428,47933.33572987467,65436.37289782055,128.0
1790240282,8,TPOT,completion,0.200000,0.000000,380,380,430,430,430,430,430,430,430,430,430,22,0,400,396.8919651158176,343.83987833738445,470.6230196207175,0.0
1790240282,8,TTFT,completion,0.200000,0.000000,4500,4500,4900,4900,4900,4900,4900,4900,4900,4900,4900,22,0,4800,4809.776171851395,3845.241656061262,5671.507238876075,0.0
1790240282,8,,Aggregated,0.600000,0.000000,4500,4900,52000,53000,59000,59000,59000,59000,59000,59000,59000,66,0,4800,20140.608536170497,343.83987833738445,65436.37289782055,42.666666666666664
1790240283,8,POST,completion,0.200000,0.000000,53000,53000,59000,59000,59000,59000,59000,59000,59000,59000,59000,23,0,54000,55114.94269216959,47933.33572987467,65436.37289782055,128.0
1790240283,8,TPOT,completion,0.200000,0.000000,380,380,430,430,430,430,430,430,430,430,430,23,0,390,396.2524883076517,343.83987833738445,470.6230196207175,0.0
1790240283,8,TTFT,completion,0.200000,0.000000,4500,4500,4900,4900,4900,4900,4900,4900,4900,4900,4900,23,0,4700,4790.773350067194,3845.241656061262,5671.507238876075,0.0
1790240283,8,,Aggregated,0.600000,0.000000,4500,4900,53000,53000,53000,59000,59000,59000,59000,59000,59000,69,0,4700,20100.656176848144,343.83987833738445,65436.37289782055,42.666666666666664
1790240284,8,POST,completion,0.200000,0.000000,53000,53000,59000,59000,59000,59000,59000,59000,59000,59000,59000,23,0,54000,55114.94269216959,47933.33572987467,65436.37289782055,128.0
1790240284,8,TPOT,completion,0.200000,0.000000,380,380,430,430,430,430,430,430,430,430,430,23,0,390,396.2524883076517,343.83987833738445,470.6230196207175,0.0
1790240284,8,TTFT,completion,0.200000,0.000000,4500,4500,4900,4900,4900,4900,4900,4900,4900,4900,4900,23,0,4700,4790.773350067194,3845.241656061262,5671.507238876075,0.0
1790240284,8,,Aggregated,0.600000,0.000000,4500,4900,53000,53000,53000,59000,59000,59000,59000,59000,59000,69,0,4700,20100.656176848144,343.83987833738445,65436.37289782055,42.666666666666664
1790240285,8,POST,completion,0.200000,0.000000,53000,53000,59000,59000,59000,59000,59000,59000,59000,59000,59000,23,0,54000,55114.94269216959,47933.33572987467,65436.37289782055,128.0
1790240285,8,TPOT,completion,0.200000,0.000000,380,380,430,430,430,430,430,430,430,430,430,23,0,390,396.2524883076517,343.83987833738445,470.6230196207175,0.0
1790240285,8,TTFT,completion,0.200000,0.000000,4500,4500,4900,4900,4900,4900,4900,4900,4900,4900,4900,23,0,4700,4790.773350067194,3845.241656061262,5671.507238876075,0.0
1790240285,8,,Aggregated,0.600000,0.000000,4500,4900,53000,53000,59000,59000,59000,59000,59000,59000,59000,69,0,4700,20100.656176848144,343.83987833738445,65436.37289782055,42.666666666666664
1790240286,8,POST,completion,0.200000,0.000000,53000,53000,59000,59000,59000,59000,59000,59000,59000,59000,59000,23,0,54000,55114.94269216959,47933.33572987467,65436.37289782055,128.0
1790240286,8,TPOT,completion,0.200000,0.000000,380,380,430,430,430,430,430,430,430,430,430,23,0,390,396.2524883076517,343.83987833738445,470.6230196207175,0.0
1790240286,8,TTFT,completion,0.200000,0.000000,4500,4500,4900,4900,4900,4900,4900,4900,4900,4900,4900,23,0,4700,4790.773350067194,3845.241656061262,5671.507238876075,0.0
1790240286,8,,Aggregated,0.600000,0.000000,4500,4900,53000,53000,59000,59000,59000,59000,59000,59000,59000,69,0,4700,20100.656176848144,343.83987833738445,65436.37289782055,42.666666666666664
1790240287,8,POST,completion,0.200000,0.000000,53000,53000,59000,59000,59000,59000,59000,59000,59000,59000,59000,23,0,54000,55114.94269216959,47933.33572987467,65436.37289782055,128.0
1790240287,8,TPOT,completion,0.200000,0.000000,380,380,430,430,430,430,430,430,430,430,430,23,0,390,396.2524883076517,343.83987833738445,470.6230196207175,0.0
1790240287,8,TTFT,completion,0.200000,0.000000,4500,4500,4900,4900,4900,4900,4900,4900,4900,4900,4900,23,0,4700,4790.773350067194,3845.241656061262,5671.507238876075,0.0
1790240287,8,,Aggregated,0.600000,0.000000,4500,4900,53000,53000,59000,59000,59000,59000,59000,59000,59000,69,0,4700,20100.656176848144,343.83987833738445,65436.37289782055,42.666666666666664
1790240288,8,POST,completion,0.200000,0.000000,53000,53000,59000,59000,59000,59000,59000,59000,59000,59000,59000,23,0,54000,55114.94269216959,47933.33572987467,65436.37289782055,128.0
1790240288,8,TPOT,completion,0.200000,0.000000,380,380,430,430,430,430,430,430,430,430,430,23,0,390,396.2524883076517,343.83987833738445,470.6230196207175,0.0
1790240288,8,TTFT,completion,0.200000,0.000000,4500,4500,4900,4900,4900,4900,4900,4900,4900,4900,4900,23,0,4700,4790.773350067194,3845.241656061262,5671.507238876075,0.0
1790240288,8,,Aggregated,0.600000,0.000000,4500,4900,53000,53000,59000,59000,59000,59000,59000,59000,59000,69,0,4700,20100.656176848144,343.83987833738445,65436.37289782055,42.666666666666664
1790240289,8,POST,completion,0.200000,0.000000,53000,53000,59000,59000,59000,59000,59000,59000,59000,59000,59000,23,0,54000,55114.94269216959,47933.33572987467,65436.37289782055,128.0
1790240289,8,TPOT,completion,0.200000,0.000000,380,380,430,430,430,430,430,430,430,430,430,23,0,390,396.2524883076517,343.83987833738445,470.6230196207175,0.0
1790240289,8,TTFT,completion,0.200000,0.000000,4500,4500,4900,4900,4900,4900,4900,4900,4900,4900,4900,23,0,4700,4790.773350067194,3845.241656061262,5671.507238876075,0.0
1790240289,8,,Aggregated,0.600000,0.000000,4500,4900,53000,53000,59000,59000,59000,59000,59000,59000,59000,69,0,4700,20100.656176848144,343.83987833738445,65436.37289782055,42.666666666666664
1790240290,8,POST,completion,0.200000,0.000000,59000,59000,59000,59000,59000,59000,59000,59000,59000,59000,59000,23,0,54000,55114.94269216959,47933.33572987467,65436.37289782055,128.0
1790240290,8,TPOT,completion,0.200000,0.000000,430,430,430,430,430,430,430,430,430,430,430,23,0,390,396.2524883076517,343.83987833738445,470.6230196207175,0.0
1790240290,8,TTFT,completion,0.200000,0.000000,4500,4500,4500,4500,4500,4500,4500,4500,4500,4500,4500,23,0,4700,4790.773350067194,3845.241656061262,5671.507238876075,0.0
1790240290,8,,Aggregated,0.600000,0.000000,4500,4500,53000,53000,59000,59000,59000,59000,59000,59000,59000,69,0,4700,20100.656176848144,343.83987833738445,65436.37289782055,42.666666666666664
1790240291,8,POST,completion,0.200000,0.000000,59000,59000,59000,59000,59000,59000,59000,59000,59000,59000,59000,23,0,54000,55114.94269216959,47933.33572987467,65436.37289782055,128.0
1790240291,8,TPOT,completion,0.200000,0.000000,430,430,430,430,430,430,430,430,430,430,430,23,0,390,396.2524883076517,343.83987833738445,470.6230196207175,0.0
1790240291,8,TTFT,completion,0.200000,0.000000,4500,4500,4500,4500,4500,4500,4500,4500,4500,4500,4500,23,0,4700,4790.773350067194,3845.241656061262,5671.507238876075,0.0
1790240291,8,,Aggregated,0.600000,0.000000,4500,4500,53000,53000,59000,59000,59000,59000,59000,59000,59000,69,0,4700,20100.656176848144,343.83987833738445,65436.37289782055,42.666666666666664
1790240292,8,POST,completion,0.200000,0.000000,53000,53000,53000,53000,53000,53000,53000,53000,53000,53000,53000,23,0,54000,55114.94269216959,47933.33572987467,65436.37289782055,128.0
1790240292,8,TPOT,completion,0.200000,0.000000,380,380,380,380,380,380,380,380,380,380,380,23,0,390,396.2524883076517,343.83987833738445,470.6230196207175,0.0
1790240292,8,TTFT,completion,0.200000,0.000000,4400,4400,4400,4400,4400,4400,4400,4400,4400,4400,4400,23,0,4700,4790.773350067194,3845.241656061262,5671.507238876075,0.0
1790240292,8,,Aggregated,0.600000,0.000000,4400,4400,53000,53000,53000,53000,53000,53000,53000,53000,53000,69,0,4700,20100.656176848144,343.83987833738445,65436.37289782055,42.666666666666664
1790240293,8,POST,completion,0.200000,0.000000,60000,60000,60000,60000,60000,60000,60000,60000,60000,60000,60000,24,0,55000,55302.184497578615,47933.33572987467,65436.37289782055,128.0
1790240293,8,TPOT,completion,0.200000,0.000000,430,430,430,430,430,430,430,430,430,430,430,24,0,400,397.7388734073718,343.83987833738445,470.6230196207175,0.0
1790240293,8,TTFT,completion,0.200000,0.000000,4800,4800,4800,4800,4800,4800,4800,4800,4800,4800,4800,24,0,4800,4789.24398306602,3845.241656061262,5671.507238876075,0.0
1790240293,8,,Aggregated,0.600000,0.000000,4800,4800,53000,53000,60000,60000,60000,60000,60000,60000,60000,72,0,4800,20163.055784684,343.83987833738445,65436.37289782055,42.666666666666664
1790240294,8,POST,completion,0.200000,0.000000,60000,60000,60000,60000,60000,60000,60000,60000,60000,60000,60000,24,0,55000,55302.184497578615,47933.33572987467,65436.37289782055,128.0
1790240294,8,TPOT,completion,0.200000,0.000000,430,430,430,430,430,430,430,430,430,430,430,24,0,400,397.7388734073718,343.83987833738445,470.6230196207175,0.0
1790240294,8,TTFT,completion,0.200000,0.000000,4800,4800,4800,4800,4800,4800,4800,4800,4800,4800,4800,24,0,4800,4789.24398306602,3845.241656061262,5671.507238876075,0.0
1790240294,8,,Aggregated,0.600000,0.000000,4800,4800,53000,53000,60000,60000,60000,60000,60000,60000,60000,72,0,4800,20163.055784684,343.83987833738445,65436.37289782055,42.666666666666664
1790240295,8,POST,completion,0.200000,0.000000,60000,60000,60000,60000,60000,60000,60000,60000,60000,60000,60000,24,0,55000,55302.184497578615,47933.33572987467,65436.37289782055,128.0
1790240295,8,TPOT,completion,0.200000,0.000000,430,430,430,430,430,430,430,430,430,430,430,24,0,400,397.7388734073718,343.83987833738445,470.6230196207175,0.0
1790240295,8,TTFT,completion,0.200000,0.000000,4800,4800,4800,4800,4800,4800,4800,4800,4800,4800,4800,24,0,4800,4789.24398306602,3845.241656061262,5671.507238876075,0.0
1790240295,8,,Aggregated,0.600000,0.000000,4800,4800,53000,53000,60000,60000,60000,60000,60000,60000,60000,72,0,4800,20163.055784684,343.83987833738445,65436.37289782055,42.666666666666664
1790240296,8,POST,completion,0.200000,0.000000,60000,60000,60000,60000,60000,60000,60000,60000,60000,60000,60000,24,0,55000,55302.184497578615,47933.33572987467,65436.37289782055,128.0
1790240296,8,TPOT,completion,0.200000,0.000000,430,430,430,430,430,430,430,430,430,430,430,24,0,400,397.7388734073718,343.83987833738445,470.6230196207175,0.0
1790240296,8,TTFT,completion,0.200000,0.000000,4800,4800,4800,4800,4800,4800,4800,4800,4800,4800,4800,24,0,4800,4789.24398306602,3845.241656061262,5671.507238876075,0.0
1790240296,8,,Aggregated,0.600000,0.000000,4800,4800,53000,53000,60000,60000,60000,60000,60000,60000,60000,72,0,4800,20163.055784684,343.83987833738445,65436.37289782055,42.666666666666664
1790240297,8,POST,completion,0.200000,0.000000,60000,60000,60000,60000,60000,60000,60000,60000,60000,60000,60000,24,0,55000,55302.184497578615,47933.33572987467,65436.37289782055,128.0
1790240297,8,TPOT,completion,0.200000,0.000000,430,430,430,430,430,430,430,430,430,430,430,24,0,400,397.7388734073718,343.83987833738445,470.6230196207175,0.0
1790240297,8,TTFT,completion,0.200000,0.000000,4800,4800,4800,4800,4800,4800,4800,4800,4800,4800,4800,24,0,4800,4789.24398306602,3845.241656061262,5671.507238876075,0.0
1790240297,8,,Aggregated,0.600000,0.000000,4800,4800,53000,53000,60000,60000,60000,60000,60000,60000,60000,72,0,4800,20163.055784684,343.83987833738445,65436.37289782055,42.666666666666664
1790240298,8,POST,completion,0.200000,0.000000,60000,60000,60000,60000,60000,60000,60000,60000,60000,60000,60000,24,0,55000,55302.184497578615,47933.33572987467,65436.37289782055,128.0
1790240298,8,TPOT,completion,0.200000,0.000000,430,430,430,430,430,430,430,430,430,430,430,24,0,400,397.7388734073718,343.83987833738445,470.6230196207175,0.0
1790240298,8,TTFT,completion,0.200000,0.000000,4800,4800,4800,4800,4800,4800,4800,4800,4800,4800,4800,24,0,4800,4789.24398306602,3845.241656061262,5671.507238876075,0.0
1790240298,8,,Aggregated,0.600000,0.000000,4800,4800,60000,60000,60000,60000,60000,60000,60000,60000,60000,72,0,4800,20163.055784684,343.83987833738445,65436.37289782055,42.666666666666664
1790240299,8,POST,completion,0.200000,0.000000,60000,60000,60000,60000,60000,60000,60000,60000,60000,60000,60000,24,0,55000,55302.184497578615,47933.33572987467,65436.37289782055,128.0
1790240299,8,TPOT,completion,0.200000,0.000000,430,430,430,430,430,430,430,430,430,430,430,24,0,400,397.7388734073718,343.83987833738445,470.6230196207175,0.0
1790240299,8,TTFT,completion,0.200000,0.000000,4800,4800,4800,4800,4800,4800,4800,4800,4800,4800,4800,24,0,4800,4789.24398306602,3845.241656061262,5671.507238876075,0.0
1790240299,8,,Aggregated,0.600000,0.000000,4800,4800,60000,60000,60000,60000,60000,60000,60000,60000,60000,72,0,4800,20163.055784684,343.83987833738445,65436.37289782055,42.666666666666664
1790240300,8,POST,completion,0.200000,0.000000,60000,60000,60000,60000,60000,60000,60000,60000,60000,60000,60000,24,0,55000,55302.184497578615,47933.33572987467,65436.37289782055,128.0
1790240300,8,TPOT,completion,0.200000,0.000000,430,430,430,430,430,430,430,430,430,430,430,24,0,400,397.7388734073718,343.83987833738445,470.6230196207175,0.0
1790240300,8,TTFT,completion,0.200000,0.000000,4800,4800,4800,4800,4800,4800,4800,4800,4800,4800,4800,24,0,4800,4789.24398306602,3845.241656061262,5671.507238876075,0.0
1790240300,8,,Aggregated,0.600000,0.000000,4800,4800,60000,60000,60000,60000,60000,60000,60000,60000,60000,72,0,4800,20163.055784684,343.83987833738445,65436.37289782055,42.666666666666664
1790240301,8,POST,completion,0.200000,0.000000,60000,60000,60000,60000,60000,60000,60000,60000,60000,60000,60000,24,0,55000,55302.184497578615,47933.33572987467,65436.37289782055,128.0
1790240301,8,TPOT,completion,0.200000,0.000000,430,430,430,430,430,430,430,430,430,430,430,24,0,400,397.7388734073718,343.83987833738445,470.6230196207175,0.0
1790240301,8,TTFT,completion,0.200000,0.000000,4800,4800,4800,4800,4800,4800,4800,4800,4800,4800,4800,24,0,4800,4789.24398306602,3845.241656061262,5671.507238876075,0.0
1790240301,8,,Aggregated,0.600000,0.000000,4800,4800,60000,60000,60000,60000,60000,60000,60000,60000,60000,72,0,4800,20163.055784684,343.83987833738445,65436.37289782055,42.666666666666664
1790240302,8,POST,completion,0.200000,0.000000,60000,60000,60000,60000,60000,60000,60000,60000,60000,60000,60000,24,0,55000,55302.184497578615,47933.33572987467,65436.37289782055,128.0
1790240302,8,TPOT,completion,0.200000,0.000000,430,430,430,430,430,430,430,430,430,430,430,24,0,400,397.7388734073718,343.83987833738445,470.6230196207175,0.0
1790240302,8,TTFT,completion,0.200000,0.000000,4800,4800,4800,4800,4800,4800,4800,4800,4800,4800,4800,24,0,4800,4789.24398306602,3845.241656061262,5671.507238876075,0.0
1790240302,8,,Aggregated,0.600000,0.000000,4800,4800,60000,60000,60000,60000,60000,60000,60000,60000,60000,72,0,4800,20163.055784684,343.83987833738445,65436.37289782055,42.666666666666664
1790240303,8,POST,completion,0.200000,0.000000,60000,60000,60000,60000,60000,60000,60000,60000,60000,60000,60000,24,0,55000,55302.184497578615,47933.33572987467,65436.37289782055,128.0
1790240303,8,TPOT,completion,0.200000,0.000000,430,430,430,430,430,430,430,430,430,430,430,24,0,400,397.7388734073718,343.83987833738445,470.6230196207175,0.0
1790240303,8,TTFT,completion,0.200000,0.000000,4800,4800,4800,4800,4800,4800,4800,4800,4800,4800,4800,24,0,4800,4789.24398306602,3845.241656061262,5671.507238876075,0.0
1790240303,8,,Aggregated,0.600000,0.000000,4800,4800,60000,60000,60000,60000,60000,60000,60000,60000,60000,72,0,4800,20163.055784684,343.83987833738445,65436.37289782055,42.666666666666664
1790240304,8,POST,completion,0.200000,0.000000,60000,60000,60000,60000,60000,60000,60000,60000,60000,60000,60000,24,0,55000,55302.184497578615,47933.33572987467,65436.37289782055,128.0
1790240304,8,TPOT,completion,0.200000,0.000000,430,430,430,430,430,430,430,430,430,430,430,24,0,400,397.7388734073718,343.83987833738445,470.6230196207175,0.0
1790240304,8,TTFT,completion,0.200000,0.000000,4800,4800,4800,4800,4800,4800,4800,4800,4800,4800,4800,24,0,4800,4789.24398306602,3845.241656061262,5671.507238876075,0.0
1790240304,8,,Aggregated,0.600000,0.000000,4800,4800,60000,60000,60000,60000,60000,60000,60000,60000,60000,72,0,4800,20163.055784684,343.83987833738445,65436.37289782055,42.666666666666664
1790240305,8,POST,completion,0.200000,0.000000,60000,60000,60000,60000,60000,60000,60000,60000,60000,60000,60000,24,0,55000,55302.184497578615,47933.33572987467,65436.37289782055,128.0
1790240305,8,TPOT,completion,0.200000,0.000000,430,430,430,430,430,430,430,430,430,430,430,24,0,400,397.7388734073718,343.83987833738445,470.6230196207175,0.0
1790240305,8,TTFT,completion,0.200000,0.000000,4800,4800,4800,4800,4800,4800,4800,4800,4800,4800,4800,24,0,4800,4789.24398306602,3845.241656061262,5671.507238876075,0.0
1790240305,8,,Aggregated,0.600000,0.000000,4800,4800,60000,60000,60000,60000,60000,60000,60000,60000,60000,72,0,4800,20163.055784684,343.83987833738445,65436.37289782055,42.666666666666664
1790240306,8,POST,completion,0.200000,0.000000,60000,60000,60000,60000,60000,60000,60000,60000,60000,60000,60000,24,0,55000,55302.184497578615,47933.33572987467,65436.37289782055,128.0
1790240306,8,TPOT,completion,0.200000,0.000000,430,430,430,430,430,430,430,430,430,430,430,24,0,400,397.7388734073718,343.83987833738445,470.6230196207175,0.0
1790240306,8,TTFT,completion,0.200000,0.000000,4800,4800,4800,4800,4800,4800,4800,4800,4800,4800,4800,24,0,4800,4789.24398306602,3845.241656061262,5671.507238876075,0.0
1790240306,8,,Aggregated,0.600000,0.000000,4800,4800,60000,60000,60000,60000,60000,60000,60000,60000,60000,72,0,4800,20163.055784684,343.83987833738445,65436.37289782055,42.666666666666664
1790240307,8,POST,completion,0.200000,0.000000,60000,60000,60000,60000,60000,60000,60000,60000,60000,60000,60000,24,0,55000,55302.184497578615,47933.33572987467,65436.37289782055,128.0
1790240307,8,TPOT,completion,0.200000,0.000000,430,430,430,430,430,430,430,430,430,430,430,24,0,400,397.7388734073718,343.83987833738445,470.6230196207175,0.0
1790240307,8,TTFT,completion,0.200000,0.000000,4800,4800,4800,4800,4800,4800,4800,4800,4800,4800,4800,24,0,4800,4789.24398306602,3845.241656061262,5671.507238876075,0.0
1790240307,8,,Aggregated,0.600000,0.000000,4800,4800,60000,60000,60000,60000,60000,60000,60000,60000,60000,72,0,4800,20163.055784684,343.83987833738445,65436.37289782055,42.666666666666664
1790240308,8,POST,completion,0.200000,0.000000,60000,60000,60000,60000,60000,60000,60000,60000,60000,60000,60000,24,0,55000,55302.184497578615,47933.33572987467,65436.37289782055,128.0
1790240308,8,TPOT,completion,0.200000,0.000000,430,430,430,430,430,430,430,430,430,430,430,24,0,400,397.7388734073718,343.83987833738445,470.6230196207175,0.0
1790240308,8,TTFT,completion,0.200000,0.000000,4800,4800,4800,4800,4800,4800,4800,4800,4800,4800,4800,24,0,4800,4789.24398306602,3845.241656061262,5671.507238876075,0.0
1790240308,8,,Aggregated,0.600000,0.000000,4800,4800,60000,60000,60000,60000,60000,60000,60000,60000,60000,72,0,4800,20163.055784684,343.83987833738445,65436.37289782055,42.666666666666664
1790240309,8,POST,completion,0.200000,0.000000,60000,60000,60000,60000,60000,60000,60000,60000,60000,60000,60000,24,0,55000,55302.184497578615,47933.33572987467,65436.37289782055,128.0
1790240309,8,TPOT,completion,0.200000,0.000000,430,430,430,430,430,430,430,430,430,430,430,24,0,400,397.7388734073718,343.83987833738445,470.6230196207175,0.0
1790240309,8,TTFT,completion,0.200000,0.000000,4800,4800,4800,4800,4800,4800,4800,4800,4800,4800,4800,24,0,4800,4789.24398306602,3845.241656061262,5671.507238876075,0.0
1790240309,8,,Aggregated,0.600000,0.000000,4800,4800,60000,60000,60000,60000,60000,60000,60000,60000,60000,72,0,4800,20163.055784684,343.83987833738445,65436.37289782055,42.666666666666664
1790240310,8,POST,completion,0.200000,0.000000,60000,60000,60000,60000,60000,60000,60000,60000,60000,60000,60000,24,0,55000,55302.184497578615,47933.33572987467,65436.37289782055,128.0
1790240310,8,TPOT,completion,0.200000,0.000000,430,430,430,430,430,430,430,430,430,430,430,24,0,400,397.7388734073718,343.83987833738445,470.6230196207175,0.0
1790240310,8,TTFT,completion,0.200000,0.000000,4800,4800,4800,4800,4800,4800,4800,4800,4800,4800,4800,24,0,4800,4789.24398306602,3845.241656061262,5671.507238876075,0.0
1790240310,8,,Aggregated,0.600000,0.000000,4800,4800,60000,60000,60000,60000,60000,60000,60000,60000,60000,72,0,4800,20163.055784684,343.83987833738445,65436.37289782055,42.666666666666664
1790240311,8,POST,completion,0.200000,0.000000,0,0,0,0,0,0,0,0,0,0,0,24,0,55000,55302.184497578615,47933.33572987467,65436.37289782055,128.0
1790240311,8,TPOT,completion,0.200000,0.000000,0,0,0,0,0,0,0,0,0,0,0,24,0,400,397.7388734073718,343.83987833738445,470.6230196207175,0.0
1790240311,8,TTFT,completion,0.200000,0.000000,0,0,0,0,0,0,0,0,0,0,0,24,0,4800,4789.24398306602,3845.241656061262,5671.507238876075,0.0
1790240311,8,,Aggregated,0.600000,0.000000,0,0,0,0,0,0,0,0,0,0,0,72,0,4800,20163.055784684,343.83987833738445,65436.37289782055,42.666666666666664
1790240312,8,POST,completion,0.200000,0.000000,0,0,0,0,0,0,0,0,0,0,0,24,0,55000,55302.184497578615,47933.33572987467,65436.37289782055,128.0
1790240312,8,TPOT,completion,0.200000,0.000000,0,0,0,0,0,0,0,0,0,0,0,24,0,400,397.7388734073718,343.83987833738445,470.6230196207175,0.0
1790240312,8,TTFT,completion,0.200000,0.000000,0,0,0,0,0,0,0,0,0,0,0,24,0,4800,4789.24398306602,3845.241656061262,5671.507238876075,0.0
1790240312,8,,Aggregated,0.600000,0.000000,0,0,0,0,0,0,0,0,0,0,0,72,0,4800,20163.055784684,343.83987833738445,65436.37289782055,42.666666666666664
1790240313,8,POST,completion,0.000000,0.000000,0,0,0,0,0,0,0,0,0,0,0,25,0,54000,55240.950865400955,47933.33572987467,65436.37289782055,128.0
1790240313,8,TPOT,completion,0.000000,0.000000,0,0,0,0,0,0,0,0,0,0,0,25,0,390,397.32256321214487,343.83987833738445,470.6230196207175,0.0
1790240313,8,TTFT,completion,0.000000,0.000000,0,0,0,0,0,0,0,0,0,0,0,25,0,4700,4780.882984949276,3845.241656061262,5671.507238876075,0.0
1790240313,8,,Aggregated,0.000000,0.000000,0,0,0,0,0,0,0,0,0,0,0,75,0,4700,20139.718804520788,343.83987833738445,65436.37289782055,42.666666666666664
1790240314,8,POST,completion,0.000000,0.000000,54000,54000,54000,54000,54000,54000,54000,54000,54000,54000,54000,25,0,54000,55240.950865400955,47933.33572987467,65436.37289782055,128.0
1790240314,8,TPOT,completion,0.000000,0.000000,390,390,390,390,390,390,390,390,390,390,390,25,0,390,397.32256321214487,343.83987833738445,470.6230196207175,0.0
1790240314,8,TTFT,completion,0.000000,0.000000,4600,4600,4600,4600,4600,4600,4600,4600,4600,4600,4600,25,0,4700,4780.882984949276,3845.241656061262,5671.507238876075,0.0
1790240314,8,,Aggregated,0.000000,0.000000,4600,4600,54000,54000,54000,54000,54000,54000,54000,54000,54000,75,0,4700,20139.718804520788,343.83987833738445,65436.37289782055,42.666666666666664
1790240315,8,POST,completion,0.000000,0.000000,54000,54000,54000,54000,54000,54000,54000,54000,54000,54000,54000,25,0,54000,55240.950865400955,47933.33572987467,65436.37289782055,128.0
1790240315,8,TPOT,completion,0.000000,0.000000,390,390,390,390,390,390,390,390,390,390,390,25,0,390,397.32256321214487,343.83987833738445,470.6230196207175,0.0
1790240315,8,TTFT,completion,0.000000,0.000000,4600,4600,4600,4600,4600,4600,4600,4600,4600,4600,4600,25,0,4700,4780.882984949276,3845.241656061262,5671.507238876075,0.0
1790240315,8,,Aggregated,0.000000,0.000000,4600,4600,54000,54000,54000,54000,54000,54000,54000,54000,54000,75,0,4700,20139.718804520788,343.83987833738445,65436.37289782055,42.666666666666664
1790240316,8,POST,completion,0.000000,0.000000,54000,54000,54000,54000,54000,54000,54000,54000,54000,54000,54000,25,0,54000,55240.950865400955,47933.33572987467,65436.37289782055,128.0
1790240316,8,TPOT,completion,0.000000,0.000000,390,390,390,390,390,390,390,390,390,390,390,25,0,390,397.32256321214487,343.83987833738445,470.6230196207175,0.0
1790240316,8,TTFT,completion,0.000000,0.000000,4600,4600,4600,4600,4600,4600,4600,4600,4600,4600,4600,25,0,4700,4780.882984949276,3845.241656061262,5671.507238876075,0.0
1790240316,8,,Aggregated,0.000000,0.000000,4600,4600,54000,54000,54000,54000,54000,54000,54000,54000,54000,75,0,4700,20139.718804520788,343.83987833738445,65436.37289782055,42.666666666666664
1790240317,8,POST,completion,0.000000,0.000000,54000,54000,54000,54000,54000,54000,54000,54000,54000,54000,54000,25,0,54000,55240.950865400955,47933.33572987467,65436.37289782055,128.0
1790240317,8,TPOT,completion,0.000000,0.000000,390,390,390,390,390,390,390,390,390,390,390,25,0,390,397.32256321214487,343.83987833738445,470.6230196207175,0.0
1790240317,8,TTFT,completion,0.000000,0.000000,4600,4600,4600,4600,4600,4600,4600,4600,4600,4600,4600,25,0,4700,4780.882984949276,3845.241656061262,5671.507238876075,0.0
1790240317,8,,Aggregated,0.000000,0.000000,4600,4600,54000,54000,54000,54000,54000,54000,54000,54000,54000,75,0,4700,20139.718804520788,343.83987833738445,65436.37289782055,42.666666666666664
1790240318,8,POST,completion,0.000000,0.000000,54000,54000,54000,54000,54000,54000,54000,54000,54000,54000,54000,25,0,54000,55240.950865400955,47933.33572987467,65436.37289782055,128.0
1790240318,8,TPOT,completion,0.000000,0.000000,390,390,390,390,390,390,390,390,390,390,390,25,0,390,397.32256321214487,343.83987833738445,470.6230196207175,0.0
1790240318,8,TTFT,completion,0.000000,0.000000,4600,4600,4600,4600,4600,4600,4600,4600,4600,4600,4600,25,0,4700,4780.882984949276,3845.241656061262,5671.507238876075,0.0
1790240318,8,,Aggregated,0.000000,0.000000,4600,4600,54000,54000,54000,54000,54000,54000,54000,54000,54000,75,0,4700,20139.718804520788,343.83987833738445,65436.37289782055,42.666666666666664
1790240319,8,POST,completion,0.100000,0.000000,54000,54000,54000,54000,54000,54000,54000,54000,54000,54000,54000,26,0,54000,55120.8604939658,47933.33572987467,65436.37289782055,128.0
1790240319,8,TPOT,completion,0.100000,0.000000,390,390,390,390,390,390,390,390,390,390,390,26,0,390,396.4782359041437,343.83987833738445,470.6230196207175,0.0
1790240319,8,TTFT,completion,0.100000,0.000000,4600,4600,4600,4600,4600,4600,4600,4600,4600,4600,4600,26,0,4700,4768.020683836837,3845.241656061262,5671.507238876075,0.0
1790240319,8,,Aggregated,0.300000,0.000000,4600,4600,52000,52000,54000,54000,54000,54000,54000,54000,54000,78,0,4700,20095.119804568923,343.83987833738445,65436.37289782055,42.666666666666664
1790240320,8,POST,completion,0.100000,0.000000,54000,54000,54000,54000,54000,54000,54000,54000,54000,54000,54000,26,0,54000,55120.8604939658,47933.33572987467,65436.37289782055,128.0
1790240320,8,TPOT,completion,0.100000,0.000000,390,390,390,390,390,390,390,390,390,390,390,26,0,390,396.4782359041437,343.83987833738445,470.6230196207175,0.0
1790240320,8,TTFT,completion,0.100000,0.000000,4600,4600,4600,4600,4600,4600,4600,4600,4600,4600,4600,26,0,4700,4768.020683836837,3845.241656061262,5671.507238876075,0.0
1790240320,8,,Aggregated,0.300000,0.000000,4600,4600,52000,52000,54000,54000,54000,54000,54000,54000,54000,78,0,4700,20095.119804568923,343.83987833738445,65436.37289782055,42.666666666666664
1790240321,8,POST,completion,0.100000,0.000000,54000,54000,54000,54000,54000,54000,54000,54000,54000,54000,54000,26,0,54000,55120.8604939658,47933.33572987467,65436.37289782055,128.0
1790240321,8,TPOT,completion,0.100000,0.000000,390,390,390,390,390,390,390,390,390,390,390,26,0,390,396.4782359041437,343.83987833738445,470.6230196207175,0.0
1790240321,8,TTFT,completion,0.100000,0.000000,4600,4600,4600,4600,4600,4600,4600,4600,4600,4600,4600,26,0,4700,4768.020683836837,3845.241656061262,5671.507238876075,0.0
1790240321,8,,Aggregated,0.300000,0.000000,4600,4600,52000,52000,54000,54000,54000,54000,54000,54000,54000,78,0,4700,20095.119804568923,343.83987833738445,65436.37289782055,42.666666666666664
1790240322,8,POST,completion,0.100000,0.000000,54000,54000,54000,54000,54000,54000,54000,54000,54000,54000,54000,26,0,54000,55120.8604939658,47933.33572987467,65436.37289782055,128.0
1790240322,8,TPOT,completion,0.100000,0.000000,390,390,390,390,390,390,390,390,390,390,390,26,0,390,396.4782359041437,343.83987833738445,470.6230196207175,0.0
1790240322,8,TTFT,completion,0.100000,0.000000,4600,4600,4600,4600,4600,4600,4600,4600,4600,4600,4600,26,0,4700,4768.020683836837,3845.241656061262,5671.507238876075,0.0
1790240322,8,,Aggregated,0.300000,0.000000,4600,4600,52000,52000,54000,54000,54000,54000,54000,54000,54000,78,0,4700,20095.119804568923,343.83987833738445,65436.37289782055,42.666666666666664
1790240323,8,POST,completion,0.100000,0.000000,54000,54000,54000,54000,54000,54000,54000,54000,54000,54000,54000,26,0,54000,55120.8604939658,47933.33572987467,65436.37289782055,128.0
1790240323,8,TPOT,completion,0.100000,0.000000,390,390,390,390,390,390,390,390,390,390,390,26,0,390,396.4782359041437,343.83987833738445,470.6230196207175,0.0
1790240323,8,TTFT,completion,0.100000,0.000000,4600,4600,4600,4600,4600,4600,4600,4600,4600,4600,4600,26,0,4700,4768.020683836837,3845.241656061262,5671.507238876075,0.0
1790240323,8,,Aggregated,0.300000,0.000000,4600,4600,52000,52000,54000,54000,54000,54000,54000,54000,54000,78,0,4700,20095.119804568923,343.83987833738445,65436.37289782055,42.666666666666664
1790240324,8,POST,completion,0.100000,0.000000,54000,54000,54000,54000,54000,54000,54000,54000,54000,54000,54000,26,0,54000,55120.8604939658,47933.33572987467,65436.37289782055,128.0
1790240324,8,TPOT,completion,0.100000,0.000000,390,390,390,390,390,390,390,390,390,390,390,26,0,390,396.4782359041437,343.83987833738445,470.6230196207175,0.0
1790240324,8,TTFT,completion,0.100000,0.000000,4600,4600,4600,4600,4600,4600,4600,4600,4600,4600,4600,26,0,4700,4768.020683836837,3845.241656061262,5671.507238876075,0.0
1790240324,8,,Aggregated,0.300000,0.000000,4600,4600,52000,52000,54000,54000,54000,54000,54000,54000,54000,78,0,4700,20095.119804568923,343.83987833738445,65436.37289782055,42.666666666666664
1790240325,8,POST,completion,0.200000,0.000000,58000,58000,58000,58000,58000,58000,58000,58000,58000,58000,58000,27,0,54000,55235.09250745108,47933.33572987467,65436.37289782055,128.0
1790240325,8,TPOT,completion,0.200000,0.000000,420,420,420,420,420,420,420,420,420,420,420,27,0,390,397.3771181841211,343.83987833738445,470.6230196207175,0.0
1790240325,8,TTFT,completion,0.200000,0.000000,4800,4800,4800,4800,4800,4800,4800,4800,4800,4800,4800,27,0,4700,4768.093083622969,3845.241656061262,5671.507238876075,0.0
1790240325,8,,Aggregated,0.600000,0.000000,4800,4800,52000,52000,58000,58000,58000,58000,58000,58000,58000,81,0,4700,20133.52090308605,343.83987833738445,65436.37289782055,42.666666666666664
1790240326,8,POST,completion,0.200000,0.000000,58000,58000,58000,58000,58000,58000,58000,58000,58000,58000,58000,27,0,54000,55235.09250745108,47933.33572987467,65436.37289782055,128.0
1790240326,8,TPOT,completion,0.200000,0.000000,420,420,420,420,420,420,420,420,420,420,420,27,0,390,397.3771181841211,343.83987833738445,470.6230196207175,0.0
1790240326,8,TTFT,completion,0.200000,0.000000,4800,4800,4800,4800,4800,4800,4800,4800,4800,4800,4800,27,0,4700,4768.093083622969,3845.241656061262,5671.507238876075,0.0
1790240326,8,,Aggregated,0.600000,0.000000,4800,4800,52000,52000,58000,58000,58000,58000,58000,58000,58000,81,0,4700,20133.52090308605,343.83987833738445,65436.37289782055,42.666666666666664
1790240327,8,POST,completion,0.200000,0.000000,58000,58000,58000,58000,58000,58000,58000,58000,58000,58000,58000,27,0,54000,55235.09250745108,47933.33572987467,65436.37289782055,128.0
1790240327,8,TPOT,completion,0.200000,0.000000,420,420,420,420,420,420,420,420,420,420,420,27,0,390,397.3771181841211,343.83987833738445,470.6230196207175,0.0
1790240327,8,TTFT,completion,0.200000,0.000000,4800,4800,4800,4800,4800,4800,4800,4800,4800,4800,4800,27,0,4700,4768.093083622969,3845.241656061262,5671.507238876075,0.0
1790240327,8,,Aggregated,0.600000,0.000000,4800,4800,52000,52000,58000,58000,58000,58000,58000,58000,58000,81,0,4700,20133.52090308605,343.83987833738445,65436.37289782055,42.666666666666664
1790240328,8,POST,completion,0.200000,0.000000,55000,55000,58000,58000,58000,58000,58000,58000,58000,58000,58000,28,0,55000,55221.94843968776,47933.33572987467,65436.37289782055,128.0
1790240328,8,TPOT,completion,0.200000,0.000000,400,400,420,420,420,420,420,420,420,420,420,28,0,400,397.3021454241176,343.83987833738445,470.6230196207175,0.0
1790240328,8,TTFT,completion,0.200000,0.000000,4700,4700,4800,4800,4800,4800,4800,4800,4800,4800,4800,28,0,4700,4764.471154285794,3845.241656061262,5671.507238876075,0.0
1790240328,8,,Aggregated,0.600000,0.000000,4700,4800,52000,55000,58000,58000,58000,58000,58000,58000,58000,84,0,4700,20127.907246465882,343.83987833738445,65436.37289782055,42.666666666666664
1790240329,8,POST,completion,0.200000,0.000000,55000,55000,58000,58000,58000,58000,58000,58000,58000,58000,58000,28,0,55000,55221.94843968776,47933.33572987467,65436.37289782055,128.0
1790240329,8,TPOT,completion,0.200000,0.000000,400,400,420,420,420,420,420,420,420,420,420,28,0,400,397.3021454241176,343.83987833738445,470.6230196207175,0.0
1790240329,8,TTFT,completion,0.200000,0.000000,4700,4700,4800,4800,4800,4800,4800,4800,4800,4800,4800,28,0,4700,4764.471154285794,3845.241656061262,5671.507238876075,0.0
1790240329,8,,Aggregated,0.600000,0.000000,4700,4800,52000,55000,58000,58000,58000,58000,58000,58000,58000,84,0,4700,20127.907246465882,343.83987833738445,65436.37289782055,42.666666666666664
1790240330,8,POST,completion,0.200000,0.000000,55000,55000,58000,58000,58000,58000,58000,58000,58000,58000,58000,29,0,54000,55113.27568749127,47933.33572987467,65436.37289782055,128.0
1790240330,8,TPOT,completion,0.200000,0.000000,400,400,420,420,420,420,420,420,420,420,420,29,0,390,396.55903212414063,343.83987833738445,470.6230196207175,0.0
1790240330,8,TTFT,completion,0.200000,0.000000,4700,4700,4800,4800,4800,4800,4800,4800,4800,4800,4800,29,0,4700,4750.173347552532,3845.241656061262,5671.507238876075,0.0
1790240330,8,,Aggregated,0.600000,0.000000,4700,4800,52000,52000,55000,58000,58000,58000,58000,58000,58000,87,0,4700,20086.66935572264,343.83987833738445,65436.37289782055,42.666666666666664
1790240331,8,POST,completion,0.200000,0.000000,55000,55000,58000,58000,58000,58000,58000,58000,58000,58000,58000,29,0,54000,55113.27568749127,47933.33572987467,65436.37289782055,128.0
1790240331,8,TPOT,completion,0.200000,0.000000,400,400,420,420,420,420,420,420,420,420,420,29,0,390,396.55903212414063,343.83987833738445,470.6230196207175,0.0
1790240331,8,TTFT,completion,0.200000,0.000000,4700,4700,4800,4800,4800,4800,4800,4800,4800,4800,4800,29,0,4700,4750.173347552532,3845.241656061262,5671.507238876075,0.0
1790240331,8,,Aggregated,0.600000,0.000000,4700,4800,52000,55000,58000,58000,58000,58000,58000,58000,58000,87,0,4700,20086.66935572264,343.83987833738445,65436.37289782055,42.666666666666664
1790240332,8,POST,completion,0.200000,0.000000,55000,55000,58000,58000,58000,58000,58000,58000,58000,58000,58000,29,0,54000,55113.27568749127,47933.33572987467,65436.37289782055,128.0
1790240332,8,TPOT,completion,0.200000,0.000000,400,400,420,420,420,420,420,420,420,420,420,29,0,390,396.55903212414063,343.83987833738445,470.6230196207175,0.0
1790240332,8,TTFT,completion,0.200000,0.000000,4700,4700,4800,4800,4800,4800,4800,4800,4800,4800,4800,29,0,4700,4750.173347552532,3845.241656061262,5671.507238876075,0.0
1790240332,8,,Aggregated,0.600000,0.000000,4700,4800,52000,55000,58000,58000,58000,58000,58000,58000,58000,87,0,4700,20086.66935572264,343.83987833738445,65436.37289782055,42.666666666666664
1790240333,8,POST,completion,0.200000,0.000000,55000,55000,58000,58000,58000,58000,58000,58000,58000,58000,58000,29,0,54000,55113.27568749127,47933.33572987467,65436.37289782055,128.0
1790240333,8,TPOT,completion,0.200000,0.000000,400,400,420,420,420,420,420,420,420,420,420,29,0,390,396.55903212414063,343.83987833738445,470.6230196207175,0.0
1790240333,8,TTFT,completion,0.200000,0.000000,4700,4700,4800,4800,4800,4800,4800,4800,4800,4800,4800,29,0,4700,4750.173347552532,3845.241656061262,5671.507238876075,0.0
1790240333,8,,Aggregated,0.600000,0.000000,4700,4800,52000,55000,58000,58000,58000,58000,58000,58000,58000,87,0,4700,20086.66935572264,343.83987833738445,65436.37289782055,42.666666666666664
1790240334,8,POST,completion,0.200000,0.000000,55000,55000,58000,58000,58000,58000,58000,58000,58000,58000,58000,29,0,54000,55113.27568749127,47933.33572987467,65436.37289782055,128.0
1790240334,8,TPOT,completion,0.200000,0.000000,400,400,420,420,420,420,420,420,420,420,420,29,0,390,396.55903212414063,343.83987833738445,470.6230196207175,0.0
1790240334,8,TTFT,completion,0.200000,0.000000,4700,4700,4800,4800,4800,4800,4800,4800,4800,4800,4800,29,0,4700,4750.173347552532,3845.241656061262,5671.507238876075,0.0
1790240334,8,,Aggregated,0.600000,0.000000,4700,4800,52000,55000,58000,58000,58000,58000,58000,58000,58000,87,0,4700,20086.66935572264,343.83987833738445,65436.37289782055,42.666666666666664
1790240335,8,POST,completion,0.200000,0.000000,55000,55000,58000,58000,58000,58000,58000,58000,58000,58000,58000,29,0,54000,55113.27568749127,47933.33572987467,65436.37289782055,128.0
1790240335,8,TPOT,completion,0.200000,0.000000,400,400,420,420,420,420,420,420,420,420,420,29,0,390,396.55903212414063,343.83987833738445,470.6230196207175,0.0
1790240335,8,TTFT,completion,0.200000,0.000000,4700,4700,4800,4800,4800,4800,4800,4800,4800,4800,4800,29,0,4700,4750.173347552532,3845.241656061262,5671.507238876075,0.0
1790240335,8,,Aggregated,0.600000,0.000000,4700,4800,52000,55000,58000,58000,58000,58000,58000,58000,58000,87,0,4700,20086.66935572264,343.83987833738445,65436.37289782055,42.666666666666664
1790240336,8,POST,completion,0.200000,0.000000,55000,55000,55000,55000,55000,55000,55000,55000,55000,55000,55000,29,0,54000,55113.27568749127,47933.33572987467,65436.37289782055,128.0
1790240336,8,TPOT,completion,0.200000,0.000000,400,400,400,400,400,400,400,400,400,400,400,29,0,390,396.55903212414063,343.83987833738445,470.6230196207175,0.0
1790240336,8,TTFT,completion,0.200000,0.000000,4700,4700,4700,4700,4700,4700,4700,4700,4700,4700,4700,29,0,4700,4750.173347552532,3845.241656061262,5671.507238876075,0.0
1790240336,8,,Aggregated,0.600000,0.000000,4700,4700,52000,52000,55000,55000,55000,55000,55000,55000,55000,87,0,4700,20086.66935572264,343.83987833738445,65436.37289782055,42.666666666666664
1790240337,8,POST,completion,0.300000,0.000000,55000,55000,55000,55000,55000,55000,55000,55000,55000,55000,55000,30,0,55000,55094.96351381143,47933.33572987467,65436.37289782055,128.0
1790240337,8,TPOT,completion,0.300000,0.000000,390,390,400,400,400,400,400,400,400,400,400,30,0,390,396.5005094693298,343.83987833738445,470.6230196207175,0.0
1790240337,8,TTFT,completion,0.300000,0.000000,4400,4400,4700,4700,4700,4700,4700,4700,4700,4700,4700,30,0,4700,4739.293251434962,3845.241656061262,5671.507238876075,0.0
1790240337,8,,Aggregated,0.900000,0.000000,4400,4700,52000,55000,55000,55000,55000,55000,55000,55000,55000,90,0,4700,20076.9190915719,343.83987833738445,65436.37289782055,42.666666666666664
1790240339,8,POST,completion,0.300000,0.000000,55000,55000,55000,55000,55000,55000,55000,55000,55000,55000,55000,30,0,55000,55094.96351381143,47933.33572987467,65436.37289782055,128.0
1790240339,8,TPOT,completion,0.300000,0.000000,390,390,390,390,390,390,390,390,390,390,390,30,0,390,396.5005094693298,343.83987833738445,470.6230196207175,0.0
1790240339,8,TTFT,completion,0.300000,0.000000,4400,4400,4400,4400,4400,4400,4400,4400,4400,4400,4400,30,0,4700,4739.293251434962,3845.241656061262,5671.507238876075,0.0
1790240339,8,,Aggregated,0.900000,0.000000,4400,4400,52000,52000,55000,55000,55000,55000,55000,55000,55000,90,0,4700,20076.9190915719,343.83987833738445,65436.37289782055,42.666666666666664
1790240340,8,POST,completion,0.300000,0.000000,55000,55000,55000,55000,55000,55000,55000,55000,55000,55000,55000,30,0,55000,55094.96351381143,47933.33572987467,65436.37289782055,128.0
1790240340,8,TPOT,completion,0.300000,0.000000,390,390,390,390,390,390,390,390,390,390,390,30,0,390,396.5005094693298,343.83987833738445,470.6230196207175,0.0
1790240340,8,TTFT,completion,0.300000,0.000000,4400,4400,4400,4400,4400,4400,4400,4400,4400,4400,4400,30,0,4700,4739.293251434962,3845.241656061262,5671.507238876075,0.0
1790240340,8,,Aggregated,0.900000,0.000000,4400,4400,52000,52000,55000,55000,55000,55000,55000,55000,55000,90,0,4700,20076.9190915719,343.83987833738445,65436.37289782055,42.666666666666664
1790240341,8,POST,completion,0.300000,0.000000,55000,55000,58000,58000,58000,58000,58000,58000,58000,58000,58000,31,0,55000,55185.91340778456,47933.33572987467,65436.37289782055,128.0
1790240341,8,TPOT,completion,0.300000,0.000000,390,390,420,420,420,420,420,420,420,420,420,31,0,390,397.27838445190594,343.83987833738445,470.6230196207175,0.0
1790240341,8,TTFT,completion,0.300000,0.000000,4400,4400,4500,4500,4500,4500,4500,4500,4500,4500,4500,31,0,4600,4731.452823774288,3845.241656061262,5671.507238876075,0.0
1790240341,8,,Aggregated,0.900000,0.000000,4400,4500,52000,55000,58000,58000,58000,58000,58000,58000,58000,93,0,4600,20104.881538670244,343.83987833738445,65436.37289782055,42.666666666666664
1790240342,8,POST,completion,0.300000,0.000000,55000,55000,58000,58000,58000,58000,58000,58000,58000,58000,58000,31,0,55000,55185.91340778456,47933.33572987467,65436.37289782055,128.0
1790240342,8,TPOT,completion,0.300000,0.000000,390,390,420,420,420,420,420,420,420,420,420,31,0,390,397.27838445190594,343.83987833738445,470.6230196207175,0.0
1790240342,8,TTFT,completion,0.300000,0.000000,4400,4400,4500,4500,4500,4500,4500,4500,4500,4500,4500,31,0,4600,4731.452823774288,3845.241656061262,5671.507238876075,0.0
1790240342,8,,Aggregated,0.900000,0.000000,4400,4500,52000,55000,58000,58000,58000,58000,58000,58000,58000,93,0,4600,20104.881538670244,343.83987833738445,65436.37289782055,42.666666666666664
1790240343,8,POST,completion,0.300000,0.000000,58000,58000,58000,58000,58000,58000,58000,58000,58000,58000,58000,31,0,55000,55185.91340778456,47933.33572987467,65436.37289782055,128.0
1790240343,8,TPOT,completion,0.300000,0.000000,420,420,420,420,420,420,420,420,420,420,420,31,0,390,397.27838445190594,343.83987833738445,470.6230196207175,0.0
1790240343,8,TTFT,completion,0.300000,0.000000,4500,4500,4500,4500,4500,4500,4500,4500,4500,4500,4500,31,0,4600,4731.452823774288,3845.241656061262,5671.507238876075,0.0
1790240343,8,,Aggregated,0.900000,0.000000,4500,4500,55000,55000,58000,58000,58000,58000,58000,58000,58000,93,0,4600,20104.881538670244,343.83987833738445,65436.37289782055,42.666666666666664
1790240344,8,POST,completion,0.300000,0.000000,58000,58000,58000,58000,58000,58000,58000,58000,58000,58000,58000,31,0,55000,55185.91340778456,47933.33572987467,65436.37289782055,128.0
1790240344,8,TPOT,completion,0.300000,0.000000,420,420,420,420,420,420,420,420,420,420,420,31,0,390,397.27838445190594,343.83987833738445,470.6230196207175,0.0
1790240344,8,TTFT,completion,0.300000,0.000000,4500,4500,4500,4500,4500,4500,4500,4500,4500,4500,4500,31,0,4600,4731.452823774288,3845.241656061262,5671.507238876075,0.0
1790240344,8,,Aggregated,0.900000,0.000000,4500,4500,55000,55000,58000,58000,58000,58000,58000,58000,58000,93,0,4600,20104.881538670244,343.83987833738445,65436.37289782055,42.666666666666664
1790240345,8,POST,completion,0.300000,0.000000,58000,58000,58000,58000,58000,58000,58000,58000,58000,58000,58000,31,0,55000,55185.91340778456,47933.33572987467,65436.37289782055,128.0
1790240345,8,TPOT,completion,0.300000,0.000000,420,420,420,420,420,420,420,420,420,420,420,31,0,390,397.27838445190594,343.83987833738445,470.6230196207175,0.0
1790240345,8,TTFT,completion,0.300000,0.000000,4500,4500,4500,4500,4500,4500,4500,4500,4500,4500,4500,31,0,4600,4731.452823774288,3845.241656061262,5671.507238876075,0.0
1790240345,8,,Aggregated,0.900000,0.000000,4500,4500,55000,55000,58000,58000,58000,58000,58000,58000,58000,93,0,4600,20104.881538670244,343.83987833738445,65436.37289782055,42.666666666666664
1790240346,8,POST,completion,0.200000,0.000000,55000,55000,58000,58000,58000,58000,58000,58000,58000,58000,58000,32,0,55000,55089.29895882466,47933.33572987467,65436.37289782055,128.0
1790240346,8,TPOT,completion,0.200000,0.000000,390,390,420,420,420,420,420,420,420,420,420,32,0,390,396.6375917204752,343.83987833738445,470.6230196207175,0.0
1790240346,8,TTFT,completion,0.200000,0.000000,4400,4400,4500,4500,4500,4500,4500,4500,4500,4500,4500,32,0,4600,4716.219845067826,3845.241656061262,5671.507238876075,0.0
1790240346,8,,Aggregated,0.600000,0.000000,4400,4500,52000,55000,58000,58000,58000,58000,58000,58000,58000,96,0,4600,20067.385465204312,343.83987833738445,65436.37289782055,42.666666666666664
1790240347,8,POST,completion,0.200000,0.000000,55000,55000,58000,58000,58000,58000,58000,58000,58000,58000,58000,32,0,55000,55089.29895882466,47933.33572987467,65436.37289782055,128.0
1790240347,8,TPOT,completion,0.200000,0.000000,390,390,420,420,420,420,420,420,420,420,420,32,0,390,396.6375917204752,343.83987833738445,470.6230196207175,0.0
1790240347,8,TTFT,completion,0.200000,0.000000,4400,4400,4500,4500,4500,4500,4500,4500,4500,4500,4500,32,0,4600,4716.219845067826,3845.241656061262,5671.507238876075,0.0
1790240347,8,,Aggregated,0.600000,0.000000,4400,4500,52000,55000,58000,58000,58000,58000,58000,58000,58000,96,0,4600,20067.385465204312,343.83987833738445,65436.37289782055,42.666666666666664
1790240348,8,POST,completion,0.200000,0.000000,58000,58000,58000,58000,58000,58000,58000,58000,58000,58000,58000,32,0,55000,55089.29895882466,47933.33572987467,65436.37289782055,128.0
1790240348,8,TPOT,completion,0.200000,0.000000,420,420,420,420,420,420,420,420,420,420,420,32,0,390,396.6375917204752,343.83987833738445,470.6230196207175,0.0
1790240348,8,TTFT,completion,0.200000,0.000000,4500,4500,4500,4500,4500,4500,4500,4500,4500,4500,4500,32,0,4600,4716.219845067826,3845.241656061262,5671.507238876075,0.0
1790240348,8,,Aggregated,0.600000,0.000000,4500,4500,52000,52000,58000,58000,58000,58000,58000,58000,58000,96,0,4600,20067.385465204312,343.83987833738445,65436.37289782055,42.666666666666664
1790240349,8,POST,completion,0.200000,0.000000,58000,58000,58000,58000,58000,58000,58000,58000,58000,58000,58000,32,0,55000,55089.29895882466,47933.33572987467,65436.37289782055,128.0
1790240349,8,TPOT,completion,0.200000,0.000000,420,420,420,420,420,420,420,420,420,420,420,32,0,390,396.6375917204752,343.83987833738445,470.6230196207175,0.0
1790240349,8,TTFT,completion,0.200000,0.000000,4500,4500,4500,4500,4500,4500,4500,4500,4500,4500,4500,32,0,4600,4716.219845067826,3845.241656061262,5671.507238876075,0.0
1790240349,8,,Aggregated,0.600000,0.000000,4500,4500,52000,52000,58000,58000,58000,58000,58000,58000,58000,96,0,4600,20067.385465204312,343.83987833738445,65436.37289782055,42.666666666666664
1790240350,8,POST,completion,0.200000,0.000000,58000,58000,58000,58000,58000,58000,58000,58000,58000,58000,58000,32,0,55000,55089.29895882466,47933.33572987467,65436.37289782055,128.0
1790240350,8,TPOT,completion,0.200000,0.000000,420,420,420,420,420,420,420,420,420,420,420,32,0,390,396.6375917204752,343.83987833738445,470.6230196207175,0.0
1790240350,8,TTFT,completion,0.200000,0.000000,4500,4500,4500,4500,4500,4500,4500,4500,4500,4500,4500,32,0,4600,4716.219845067826,3845.241656061262,5671.507238876075,0.0
1790240350,8,,Aggregated,0.600000,0.000000,4500,4500,52000,52000,58000,58000,58000,58000,58000,58000,58000,96,0,4600,20067.385465204312,343.83987833738445,65436.37289782055,42.666666666666664
1790240351,8,POST,completion,0.200000,0.000000,58000,58000,58000,58000,58000,58000,58000,58000,58000,58000,58000,32,0,55000,55089.29895882466,47933.33572987467,65436.37289782055,128.0
1790240351,8,TPOT,completion,0.200000,0.000000,420,420,420,420,420,420,420,420,420,420,420,32,0,390,396.6375917204752,343.83987833738445,470.6230196207175,0.0
1790240351,8,TTFT,completion,0.200000,0.000000,4500,4500,4500,4500,4500,4500,4500,4500,4500,4500,4500,32,0,4600,4716.219845067826,3845.241656061262,5671.507238876075,0.0
1790240351,8,,Aggregated,0.600000,0.000000,4500,4500,52000,52000,58000,58000,58000,58000,58000,58000,58000,96,0,4600,20067.385465204312,343.83987833738445,65436.37289782055,42.666666666666664
1790240352,8,POST,completion,0.200000,0.000000,52000,52000,52000,52000,52000,52000,52000,52000,52000,52000,52000,32,0,55000,55089.29895882466,47933.33572987467,65436.37289782055,128.0
1790240352,8,TPOT,completion,0.200000,0.000000,380,380,380,380,380,380,380,380,380,380,380,32,0,390,396.6375917204752,343.83987833738445,470.6230196207175,0.0
1790240352,8,TTFT,completion,0.200000,0.000000,4200,4200,4200,4200,4200,4200,4200,4200,4200,4200,4200,32,0,4600,4716.219845067826,3845.241656061262,5671.507238876075,0.0
1790240352,8,,Aggregated,0.600000,0.000000,4200,4200,52000,52000,52000,52000,52000,52000,52000,52000,52000,96,0,4600,20067.385465204312,343.83987833738445,65436.37289782055,42.666666666666664
1790240353,8,POST,completion,0.200000,0.000000,52000,52000,52000,52000,52000,52000,52000,52000,52000,52000,52000,32,0,55000,55089.29895882466,47933.33572987467,65436.37289782055,128.0
1790240353,8,TPOT,completion,0.200000,0.000000,380,380,380,380,380,380,380,380,380,380,380,32,0,390,396.6375917204752,343.83987833738445,470.6230196207175,0.0
1790240353,8,TTFT,completion,0.200000,0.000000,4200,4200,4200,4200,4200,4200,4200,4200,4200,4200,4200,32,0,4600,4716.219845067826,3845.241656061262,5671.507238876075,0.0
1790240353,8,,Aggregated,0.600000,0.000000,4200,4200,52000,52000,52000,52000,52000,52000,52000,52000,52000,96,0,4600,20067.385465204312,343.83987833738445,65436.37289782055,42.666666666666664
1790240354,8,POST,completion,0.200000,0.000000,52000,52000,52000,52000,52000,52000,52000,52000,52000,52000,52000,32,0,55000,55089.29895882466,47933.33572987467,65436.37289782055,128.0
1790240354,8,TPOT,completion,0.200000,0.000000,380,380,380,380,380,380,380,380,380,380,380,32,0,390,396.6375917204752,343.83987833738445,470.6230196207175,0.0
1790240354,8,TTFT,completion,0.200000,0.000000,4200,4200,4200,4200,4200,4200,4200,4200,4200,4200,4200,32,0,4600,4716.219845067826,3845.241656061262,5671.507238876075,0.0
1790240354,8,,Aggregated,0.600000,0.000000,4200,4200,52000,52000,52000,52000,52000,52000,52000,52000,52000,96,0,4600,20067.385465204312,343.83987833738445,65436.37289782055,42.666666666666664
1790240355,8,POST,completion,0.200000,0.000000,52000,52000,52000,52000,52000,52000,52000,52000,52000,52000,52000,32,0,55000,55089.29895882466,47933.33572987467,65436.37289782055,128.0
1790240355,8,TPOT,completion,0.200000,0.000000,380,380,380,380,380,380,380,380,380,380,380,32,0,390,396.6375917204752,343.83987833738445,470.6230196207175,0.0
1790240355,8,TTFT,completion,0.200000,0.000000,4200,4200,4200,4200,4200,4200,4200,4200,4200,4200,4200,32,0,4600,4716.219845067826,3845.241656061262,5671.507238876075,0.0
1790240355,8,,Aggregated,0.600000,0.000000,4200,4200,52000,52000,52000,52000,52000,52000,52000,52000,52000,96,0,4600,20067.385465204312,343.83987833738445,65436.37289782055,42.666666666666664
1790240356,8,POST,completion,0.200000,0.000000,52000,52000,52000,52000,52000,52000,52000,52000,52000,52000,52000,32,0,55000,55089.29895882466,47933.33572987467,65436.37289782055,128.0
1790240356,8,TPOT,completion,0.200000,0.000000,380,380,380,380,380,380,380,380,380,380,380,32,0,390,396.6375917204752,343.83987833738445,470.6230196207175,0.0
1790240356,8,TTFT,completion,0.200000,0.000000,4200,4200,4200,4200,4200,4200,4200,4200,4200,4200,4200,32,0,4600,4716.219845067826,3845.241656061262,5671.507238876075,0.0
1790240356,8,,Aggregated,0.600000,0.000000,4200,4200,52000,52000,52000,52000,52000,52000,52000,52000,52000,96,0,4600,20067.385465204312,343.83987833738445,65436.37289782055,42.666666666666664
1790240357,8,POST,completion,0.200000,0.000000,52000,52000,52000,52000,52000,52000,52000,52000,52000,52000,52000,32,0,55000,55089.29895882466,47933.33572987467,65436.37289782055,128.0
1790240357,8,TPOT,completion,0.200000,0.000000,380,380,380,380,380,380,380,380,380,380,380,32,0,390,396.6375917204752,343.83987833738445,470.6230196207175,0.0
1790240357,8,TTFT,completion,0.200000,0.000000,4200,4200,4200,4200,4200,4200,4200,4200,4200,4200,4200,32,0,4600,4716.219845067826,3845.241656061262,5671.507238876075,0.0
1790240357,8,,Aggregated,0.600000,0.000000,4200,4200,52000,52000,52000,52000,52000,52000,52000,52000,52000,96,0,4600,20067.385465204312,343.83987833738445,65436.37289782055,42.666666666666664
1790240358,8,POST,completion,0.200000,0.000000,52000,52000,52000,52000,52000,52000,52000,52000,52000,52000,52000,32,0,55000,55089.29895882466,47933.33572987467,65436.37289782055,128.0
1790240358,8,TPOT,completion,0.200000,0.000000,380,380,380,380,380,380,380,380,380,380,380,32,0,390,396.6375917204752,343.83987833738445,470.6230196207175,0.0
1790240358,8,TTFT,completion,0.200000,0.000000,4200,4200,4200,4200,4200,4200,4200,4200,4200,4200,4200,32,0,4600,4716.219845067826,3845.241656061262,5671.507238876075,0.0
1790240358,8,,Aggregated,0.600000,0.000000,4200,4200,52000,52000,52000,52000,52000,52000,52000,52000,52000,96,0,4600,20067.385465204312,343.83987833738445,65436.37289782055,42.666666666666664
1790240359,8,POST,completion,0.200000,0.000000,52000,52000,52000,52000,52000,52000,52000,52000,52000,52000,52000,32,0,55000,55089.29895882466,47933.33572987467,65436.37289782055,128.0
1790240359,8,TPOT,completion,0.200000,0.000000,380,380,380,380,380,380,380,380,380,380,380,32,0,390,396.6375917204752,343.83987833738445,470.6230196207175,0.0
1790240359,8,TTFT,completion,0.200000,0.000000,4200,4200,4200,4200,4200,4200,4200,4200,4200,4200,4200,32,0,4600,4716.219845067826,3845.241656061262,5671.507238876075,0.0
1790240359,8,,Aggregated,0.600000,0.000000,4200,4200,52000,52000,52000,52000,52000,52000,52000,52000,52000,96,0,4600,20067.385465204312,343.83987833738445,65436.37289782055,42.666666666666664
1790240360,8,POST,completion,0.200000,0.000000,52000,52000,52000,52000,52000,52000,52000,52000,52000,52000,52000,32,0,55000,55089.29895882466,47933.33572987467,65436.37289782055,128.0
1790240360,8,TPOT,completion,0.200000,0.000000,380,380,380,380,380,380,380,380,380,380,380,32,0,390,396.6375917204752,343.83987833738445,470.6230196207175,0.0
1790240360,8,TTFT,completion,0.200000,0.000000,4200,4200,4200,4200,4200,4200,4200,4200,4200,4200,4200,32,0,4600,4716.219845067826,3845.241656061262,5671.507238876075,0.0
1790240360,8,,Aggregated,0.600000,0.000000,4200,4200,52000,52000,52000,52000,52000,52000,52000,52000,52000,96,0,4600,20067.385465204312,343.83987833738445,65436.37289782055,42.666666666666664
1790240361,8,POST,completion,0.200000,0.000000,52000,52000,52000,52000,52000,52000,52000,52000,52000,52000,52000,32,0,55000,55089.29895882466,47933.33572987467,65436.37289782055,128.0
1790240361,8,TPOT,completion,0.200000,0.000000,380,380,380,380,380,380,380,380,380,380,380,32,0,390,396.6375917204752,343.83987833738445,470.6230196207175,0.0
1790240361,8,TTFT,completion,0.200000,0.000000,4200,4200,4200,4200,4200,4200,4200,4200,4200,4200,4200,32,0,4600,4716.219845067826,3845.241656061262,5671.507238876075,0.0
1790240361,8,,Aggregated,0.600000,0.000000,4200,4200,52000,52000,52000,52000,52000,52000,52000,52000,52000,96,0,4600,20067.385465204312,343.83987833738445,65436.37289782055,42.666666666666664
1790240362,8,POST,completion,0.200000,0.000000,52000,52000,52000,52000,52000,52000,52000,52000,52000,52000,52000,32,0,55000,55089.29895882466,47933.33572987467,65436.37289782055,128.0
1790240362,8,TPOT,completion,0.200000,0.000000,380,380,380,380,380,380,380,380,380,380,380,32,0,390,396.6375917204752,343.83987833738445,470.6230196207175,0.0
1790240362,8,TTFT,completion,0.200000,0.000000,4200,4200,4200,4200,4200,4200,4200,4200,4200,4200,4200,32,0,4600,4716.219845067826,3845.241656061262,5671.507238876075,0.0
1790240362,8,,Aggregated,0.600000,0.000000,4200,4200,52000,52000,52000,52000,52000,52000,52000,52000,52000,96,0,4600,20067.385465204312,343.83987833738445,65436.37289782055,42.666666666666664
1790240363,8,POST,completion,0.200000,0.000000,0,0,0,0,0,0,0,0,0,0,0,32,0,55000,55089.29895882466,47933.33572987467,65436.37289782055,128.0
1790240363,8,TPOT,completion,0.200000,0.000000,0,0,0,0,0,0,0,0,0,0,0,32,0,390,396.6375917204752,343.83987833738445,470.6230196207175,0.0
1790240363,8,TTFT,completion,0.200000,0.000000,0,0,0,0,0,0,0,0,0,0,0,32,0,4600,4716.219845067826,3845.241656061262,5671.507238876075,0.0
1790240363,8,,Aggregated,0.600000,0.000000,0,0,0,0,0,0,0,0,0,0,0,96,0,4600,20067.385465204312,343.83987833738445,65436.37289782055,42.666666666666664
1790240364,8,POST,completion,0.200000,0.000000,0,0,0,0,0,0,0,0,0,0,0,32,0,55000,55089.29895882466,47933.33572987467,65436.37289782055,128.0
1790240364,8,TPOT,completion,0.200000,0.000000,0,0,0,0,0,0,0,0,0,0,0,32,0,390,396.6375917204752,343.83987833738445,470.6230196207175,0.0
1790240364,8,TTFT,completion,0.200000,0.000000,0,0,0,0,0,0,0,0,0,0,0,32,0,4600,4716.219845067826,3845.241656061262,5671.507238876075,0.0
1790240364,8,,Aggregated,0.600000,0.000000,0,0,0,0,0,0,0,0,0,0,0,96,0,4600,20067.385465204312,343.83987833738445,65436.37289782055,42.666666666666664
1790240365,8,POST,completion,0.200000,0.000000,0,0,0,0,0,0,0,0,0,0,0,32,0,55000,55089.29895882466,47933.33572987467,65436.37289782055,128.0
1790240365,8,TPOT,completion,0.200000,0.000000,0,0,0,0,0,0,0,0,0,0,0,32,0,390,396.6375917204752,343.83987833738445,470.6230196207175,0.0
1790240365,8,TTFT,completion,0.200000,0.000000,0,0,0,0,0,0,0,0,0,0,0,32,0,4600,4716.219845067826,3845.241656061262,5671.507238876075,0.0
1790240365,8,,Aggregated,0.600000,0.000000,0,0,0,0,0,0,0,0,0,0,0,96,0,4600,20067.385465204312,343.83987833738445,65436.37289782055,42.666666666666664
1790240366,8,POST,completion,0.200000,0.000000,0,0,0,0,0,0,0,0,0,0,0,32,0,55000,55089.29895882466,47933.33572987467,65436.37289782055,128.0
1790240366,8,TPOT,completion,0.200000,0.000000,0,0,0,0,0,0,0,0,0,0,0,32,0,390,396.6375917204752,343.83987833738445,470.6230196207175,0.0
1790240366,8,TTFT,completion,0.200000,0.000000,0,0,0,0,0,0,0,0,0,0,0,32,0,4600,4716.219845067826,3845.241656061262,5671.507238876075,0.0
1790240366,8,,Aggregated,0.600000,0.000000,0,0,0,0,0,0,0,0,0,0,0,96,0,4600,20067.385465204312,343.83987833738445,65436.37289782055,42.666666666666664
1790240367,8,POST,completion,0.200000,0.000000,0,0,0,0,0,0,0,0,0,0,0,32,0,55000,55089.29895882466,47933.33572987467,65436.37289782055,128.0
1790240367,8,TPOT,completion,0.200000,0.000000,0,0,0,0,0,0,0,0,0,0,0,32,0,390,396.6375917204752,343.83987833738445,470.6230196207175,0.0
1790240367,8,TTFT,completion,0.200000,0.000000,0,0,0,0,0,0,0,0,0,0,0,32,0,4600,4716.219845067826,3845.241656061262,5671.507238876075,0.0
1790240367,8,,Aggregated,0.600000,0.000000,0,0,0,0,0,0,0,0,0,0,0,96,0,4600,20067.385465204312,343.83987833738445,65436.37289782055,42.666666666666664
1790240368,8,POST,completion,0.200000,0.000000,0,0,0,0,0,0,0,0,0,0,0,32,0,55000,55089.29895882466,47933.33572987467,65436.37289782055,128.0
1790240368,8,TPOT,completion,0.200000,0.000000,0,0,0,0,0,0,0,0,0,0,0,32,0,390,396.6375917204752,343.83987833738445,470.6230196207175,0.0
1790240368,8,TTFT,completion,0.200000,0.000000,0,0,0,0,0,0,0,0,0,0,0,32,0,4600,4716.219845067826,3845.241656061262,5671.507238876075,0.0
1790240368,8,,Aggregated,0.600000,0.000000,0,0,0,0,0,0,0,0,0,0,0,96,0,4600,20067.385465204312,343.83987833738445,65436.37289782055,42.666666666666664
1790240369,8,POST,completion,0.200000,0.000000,0,0,0,0,0,0,0,0,0,0,0,32,0,55000,55089.29895882466,47933.33572987467,65436.37289782055,128.0
1790240369,8,TPOT,completion,0.200000,0.000000,0,0,0,0,0,0,0,0,0,0,0,32,0,390,396.6375917204752,343.83987833738445,470.6230196207175,0.0
1790240369,8,TTFT,completion,0.200000,0.000000,0,0,0,0,0,0,0,0,0,0,0,32,0,4600,4716.219845067826,3845.241656061262,5671.507238876075,0.0
1790240369,8,,Aggregated,0.600000,0.000000,0,0,0,0,0,0,0,0,0,0,0,96,0,4600,20067.385465204312,343.83987833738445,65436.37289782055,42.666666666666664
1790240370,8,POST,completion,0.200000,0.000000,0,0,0,0,0,0,0,0,0,0,0,32,0,55000,55089.29895882466,47933.33572987467,65436.37289782055,128.0
1790240370,8,TPOT,completion,0.200000,0.000000,0,0,0,0,0,0,0,0,0,0,0,32,0,390,396.6375917204752,343.83987833738445,470.6230196207175,0.0
1790240370,8,TTFT,completion,0.200000,0.000000,0,0,0,0,0,0,0,0,0,0,0,32,0,4600,4716.219845067826,3845.241656061262,5671.507238876075,0.0
1790240370,8,,Aggregated,0.600000,0.000000,0,0,0,0,0,0,0,0,0,0,0,96,0,4600,20067.385465204312,343.83987833738445,65436.37289782055,42.666666666666664
1790240371,8,POST,completion,0.200000,0.000000,0,0,0,0,0,0,0,0,0,0,0,32,0,55000,55089.29895882466,47933.33572987467,65436.37289782055,128.0
1790240371,8,TPOT,completion,0.200000,0.000000,0,0,0,0,0,0,0,0,0,0,0,32,0,390,396.6375917204752,343.83987833738445,470.6230196207175,0.0
1790240371,8,TTFT,completion,0.200000,0.000000,0,0,0,0,0,0,0,0,0,0,0,32,0,4600,4716.219845067826,3845.241656061262,5671.507238876075,0.0
1790240371,8,,Aggregated,0.600000,0.000000,0,0,0,0,0,0,0,0,0,0,0,96,0,4600,20067.385465204312,343.83987833738445,65436.37289782055,42.666666666666664
1790240372,8,POST,completion,0.200000,0.000000,0,0,0,0,0,0,0,0,0,0,0,32,0,55000,55089.29895882466,47933.33572987467,65436.37289782055,128.0
1790240372,8,TPOT,completion,0.200000,0.000000,0,0,0,0,0,0,0,0,0,0,0,32,0,390,396.6375917204752,343.83987833738445,470.6230196207175,0.0
1790240372,8,TTFT,completion,0.200000,0.000000,0,0,0,0,0,0,0,0,0,0,0,32,0,4600,4716.219845067826,3845.241656061262,5671.507238876075,0.0
1790240372,8,,Aggregated,0.600000,0.000000,0,0,0,0,0,0,0,0,0,0,0,96,0,4600,20067.385465204312,343.83987833738445,65436.37289782055,42.666666666666664
1790240373,8,POST,completion,0.000000,0.000000,0,0,0,0,0,0,0,0,0,0,0,33,0,55000,55217.96590324745,47933.33572987467,65436.37289782055,128.0
1790240373,8,TPOT,completion,0.000000,0.000000,0,0,0,0,0,0,0,0,0,0,0,33,0,390,397.6932056788181,343.83987833738445,470.6230196207175,0.0
1790240373,8,TTFT,completion,0.000000,0.000000,0,0,0,0,0,0,0,0,0,0,0,33,0,4500,4710.823619244338,3845.241656061262,5671.507238876075,0.0
1790240373,8,,Aggregated,0.000000,0.000000,0,0,0,0,0,0,0,0,0,0,0,99,0,4500,20108.827576056865,343.83987833738445,65436.37289782055,42.666666666666664
1790240374,8,POST,completion,0.000000,0.000000,59000,59000,59000,59000,59000,59000,59000,59000,59000,59000,59000,34,0,55000,55203.91821262071,47933.33572987467,65436.37289782055,128.0
1790240374,8,TPOT,completion,0.000000,0.000000,430,430,430,430,430,430,430,430,430,430,430,34,0,390,397.60840309306286,343.83987833738445,470.6230196207175,0.0
1790240374,8,TTFT,completion,0.000000,0.000000,4600,4600,4600,4600,4600,4600,4600,4600,4600,4600,4600,34,0,4600,4707.545667236178,3845.241656061262,5671.507238876075,0.0
1790240374,8,,Aggregated,0.000000,0.000000,4600,4600,55000,55000,59000,59000,59000,59000,59000,59000,59000,102,0,4600,20103.024094316643,343.83987833738445,65436.37289782055,42.666666666666664
1790240375,8,POST,completion,0.000000,0.000000,59000,59000,59000,59000,59000,59000,59000,59000,59000,59000,59000,34,0,55000,55203.91821262071,47933.33572987467,65436.37289782055,128.0
1790240375,8,TPOT,completion,0.000000,0.000000,430,430,430,430,430,430,430,430,430,430,430,34,0,390,397.60840309306286,343.83987833738445,470.6230196207175,0.0
1790240375,8,TTFT,completion,0.000000,0.000000,4600,4600,4600,4600,4600,4600,4600,4600,4600,4600,4600,34,0,4600,4707.545667236178,3845.241656061262,5671.507238876075,0.0
1790240375,8,,Aggregated,0.000000,0.000000,4600,4600,55000,55000,59000,59000,59000,59000,59000,59000,59000,102,0,4600,20103.024094316643,343.83987833738445,65436.37289782055,42.666666666666664
1790240376,8,POST,completion,0.000000,0.000000,59000,59000,59000,59000,59000,59000,59000,59000,59000,59000,59000,34,0,55000,55203.91821262071,47933.33572987467,65436.37289782055,128.0
1790240376,8,TPOT,completion,0.000000,0.000000,430,430,430,430,430,430,430,430,430,430,430,34,0,390,397.60840309306286,343.83987833738445,470.6230196207175,0.0
1790240376,8,TTFT,completion,0.000000,0.000000,4600,4600,4600,4600,4600,4600,4600,4600,4600,4600,4600,34,0,4600,4707.545667236178,3845.241656061262,5671.507238876075,0.0
1790240376,8,,Aggregated,0.000000,0.000000,4600,4600,55000,55000,59000,59000,59000,59000,59000,59000,59000,102,0,4600,20103.024094316643,343.83987833738445,65436.37289782055,42.666666666666664
1790240377,8,POST,completion,0.000000,0.000000,59000,59000,59000,59000,59000,59000,59000,59000,59000,59000,59000,34,0,55000,55203.91821262071,47933.33572987467,65436.37289782055,128.0
1790240377,8,TPOT,completion,0.000000,0.000000,430,430,430,430,430,430,430,430,430,430,430,34,0,390,397.60840309306286,343.83987833738445,470.6230196207175,0.0
1790240377,8,TTFT,completion,0.000000,0.000000,4600,4600,4600,4600,4600,4600,4600,4600,4600,4600,4600,34,0,4600,4707.545667236178,3845.241656061262,5671.507238876075,0.0
1790240377,8,,Aggregated,0.000000,0.000000,4600,4600,55000,55000,59000,59000,59000,59000,59000,59000,59000,102,0,4600,20103.024094316643,343.83987833738445,65436.37289782055,42.666666666666664
1790240378,8,POST,completion,0.200000,0.000000,55000,55000,59000,59000,59000,59000,59000,59000,59000,59000,59000,35,0,55000,55111.944729229435,47933.33572987467,65436.37289782055,128.0
1790240378,8,TPOT,completion,0.200000,0.000000,390,390,430,430,430,430,430,430,430,430,430,35,0,390,396.9485388249493,343.83987833738445,470.6230196207175,0.0
1790240378,8,TTFT,completion,0.200000,0.000000,4500,4500,4600,4600,4600,4600,4600,4600,4600,4600,4600,35,0,4500,4699.375657085329,3845.241656061262,5671.507238876075,0.0
1790240378,8,,Aggregated,0.600000,0.000000,4500,4600,52000,55000,59000,59000,59000,59000,59000,59000,59000,105,0,4500,20069.422975046564,343.83987833738445,65436.37289782055,42.666666666666664
1790240379,8,POST,completion,0.200000,0.000000,55000,55000,59000,59000,59000,59000,59000,59000,59000,59000,59000,35,0,55000,55111.944729229435,47933.33572987467,65436.37289782055,128.0
1790240379,8,TPOT,completion,0.200000,0.000000,390,390,430,430,430,430,430,430,430,430,430,35,0,390,396.9485388249493,343.83987833738445,470.6230196207175,0.0
1790240379,8,TTFT,completion,0.200000,0.000000,4500,4500,4600,4600,4600,4600,4600,4600,4600,4600,4600,35,0,4500,4699.375657085329,3845.241656061262,5671.507238876075,0.0
1790240379,8,,Aggregated,0.600000,0.000000,4500,4600,52000,55000,59000,59000,59000,59000,59000,59000,59000,105,0,4500,20069.422975046564,343.83987833738445,65436.37289782055,42.666666666666664
1790240380,8,POST,completion,0.200000,0.000000,55000,55000,59000,59000,59000,59000,59000,59000,59000,59000,59000,35,0,55000,55111.944729229435,47933.33572987467,65436.37289782055,128.0
1790240380,8,TPOT,completion,0.200000,0.000000,390,390,430,430,430,430,430,430,430,430,430,35,0,390,396.9485388249493,343.83987833738445,470.6230196207175,0.0
1790240380,8,TTFT,completion,0.200000,0.000000,4500,4500,4600,4600,4600,4600,4600,4600,4600,4600,4600,35,0,4500,4699.375657085329,3845.241656061262,5671.507238876075,0.0
1790240380,8,,Aggregated,0.600000,0.000000,4500,4600,52000,55000,59000,59000,59000,59000,59000,59000,59000,105,0,4500,20069.422975046564,343.83987833738445,65436.37289782055,42.666666666666664
1790240381,8,POST,completion,0.200000,0.000000,55000,55000,59000,59000,59000,59000,59000,59000,59000,59000,59000,35,0,55000,55111.944729229435,47933.33572987467,65436.37289782055,128.0
1790240381,8,TPOT,completion,0.200000,0.000000,390,390,430,430,430,430,430,430,430,430,430,35,0,390,396.9485388249493,343.83987833738445,470.6230196207175,0.0
1790240381,8,TTFT,completion,0.200000,0.000000,4500,4500,4600,4600,4600,4600,4600,4600,4600,4600,4600,35,0,4500,4699.375657085329,3845.241656061262,5671.507238876075,0.0
1790240381,8,,Aggregated,0.600000,0.000000,4500,4600,52000,55000,59000,59000,59000,59000,59000,59000,59000,105,0,4500,20069.422975046564,343.83987833738445,65436.37289782055,42.666666666666664
1790240382,8,POST,completion,0.200000,0.000000,55000,55000,59000,59000,59000,59000,59000,59000,59000,59000,59000,35,0,55000,55111.944729229435,47933.33572987467,65436.37289782055,128.0
1790240382,8,TPOT,completion,0.200000,0.000000,390,390,430,430,430,430,430,430,430,430,430,35,0,390,396.9485388249493,343.83987833738445,470.6230196207175,0.0
1790240382,8,TTFT,completion,0.200000,0.000000,4500,4500,4600,4600,4600,4600,4600,4600,4600,4600,4600,35,0,4500,4699.375657085329,3845.241656061262,5671.507238876075,0.0
1790240382,8,,Aggregated,0.600000,0.000000,4500,4600,52000,55000,59000,59000,59000,59000,59000,59000,59000,105,0,4500,20069.422975046564,343.83987833738445,65436.37289782055,42.666666666666664
1790240383,8,POST,completion,0.200000,0.000000,55000,55000,59000,59000,59000,59000,59000,59000,59000,59000,59000,35,0,55000,55111.944729229435,47933.33572987467,65436.37289782055,128.0
1790240383,8,TPOT,completion,0.200000,0.000000,390,390,430,430,430,430,430,430,430,430,430,35,0,390,396.9485388249493,343.83987833738445,470.6230196207175,0.0
1790240383,8,TTFT,completion,0.200000,0.000000,4500,4500,4600,4600,4600,4600,4600,4600,4600,4600,4600,35,0,4500,4699.375657085329,3845.241656061262,5671.507238876075,0.0
1790240383,8,,Aggregated,0.600000,0.000000,4500,4600,52000,55000,59000,59000,59000,59000,59000,59000,59000,105,0,4500,20069.422975046564,343.83987833738445,65436.37289782055,42.666666666666664
1790240384,8,POST,completion,0.200000,0.000000,55000,55000,59000,59000,59000,59000,59000,59000,59000,59000,59000,35,0,55000,55111.944729229435,47933.33572987467,65436.37289782055,128.0
1790240384,8,TPOT,completion,0.200000,0.000000,390,390,430,430,430,430,430,430,430,430,430,35,0,390,396.9485388249493,343.83987833738445,470.6230196207175,0.0
1790240384,8,TTFT,completion,0.200000,0.000000,4500,4500,4600,4600,4600,4600,4600,4600,4600,4600,4600,35,0,4500,4699.375657085329,3845.241656061262,5671.507238876075,0.0
1790240384,8,,Aggregated,0.600000,0.000000,4500,4600,52000,55000,59000,59000,59000,59000,59000,59000,59000,105,0,4500,20069.422975046564,343.83987833738445,65436.37289782055,42.666666666666664
1790240385,8,POST,completion,0.300000,0.000000,54000,54000,54000,54000,54000,54000,54000,54000,54000,54000,54000,36,0,55000,55087.1313479729,47933.33572987467,65436.37289782055,128.0
1790240385,8,TPOT,completion,0.300000,0.000000,390,390,390,390,390,390,390,390,390,390,390,36,0,390,396.775866460374,343.83987833738445,470.6230196207175,0.0
1790240385,8,TTFT,completion,0.300000,0.000000,4600,4600,4600,4600,4600,4600,4600,4600,4600,4600,4600,36,0,4600,4696.491511389871,3845.241656061262,5671.507238876075,0.0
1790240385,8,,Aggregated,0.900000,0.000000,4600,4600,52000,52000,54000,54000,54000,54000,54000,54000,54000,108,0,4600,20060.13290860771,343.83987833738445,65436.37289782055,42.666666666666664
1790240386,8,POST,completion,0.300000,0.000000,54000,54000,54000,54000,54000,54000,54000,54000,54000,54000,54000,36,0,55000,55087.1313479729,47933.33572987467,65436.37289782055,128.0
1790240386,8,TPOT,completion,0.300000,0.000000,390,390,390,390,390,390,390,390,390,390,390,36,0,390,396.775866460374,343.83987833738445,470.6230196207175,0.0
1790240386,8,TTFT,completion,0.300000,0.000000,4600,4600,4600,4600,4600,4600,4600,4600,4600,4600,4600,36,0,4600,4696.491511389871,3845.241656061262,5671.507238876075,0.0
1790240386,8,,Aggregated,0.900000,0.000000,4600,4600,52000,52000,54000,54000,54000,54000,54000,54000,54000,108,0,4600,20060.13290860771,343.83987833738445,65436.37289782055,42.666666666666664
1790240387,8,POST,completion,0.200000,0.000000,54000,54000,59000,59000,59000,59000,59000,59000,59000,59000,59000,37,0,55000,55201.0059583542,47933.33572987467,65436.37289782055,128.0
1790240387,8,TPOT,completion,0.200000,0.000000,390,390,430,430,430,430,430,430,430,430,430,37,0,390,397.7397663811025,343.83987833738445,470.6230196207175,0.0
1790240387,8,TTFT,completion,0.200000,0.000000,4400,4400,4600,4600,4600,4600,4600,4600,4600,4600,4600,37,0,4500,4687.951566406047,3845.241656061262,5671.507238876075,0.0
1790240387,8,,Aggregated,0.600000,0.000000,4400,4600,52000,54000,59000,59000,59000,59000,59000,59000,59000,111,0,4500,20095.565763713774,343.83987833738445,65436.37289782055,42.666666666666664
1790240388,8,POST,completion,0.200000,0.000000,54000,54000,59000,59000,59000,59000,59000,59000,59000,59000,59000,37,0,55000,55201.0059583542,47933.33572987467,65436.37289782055,128.0
1790240388,8,TPOT,completion,0.200000,0.000000,390,390,430,430,430,430,430,430,430,430,430,37,0,390,397.7397663811025,343.83987833738445,470.6230196207175,0.0
1790240388,8,TTFT,completion,0.200000,0.000000,4400,4400,4600,4600,4600,4600,4600,4600,4600,4600,4600,37,0,4500,4687.951566406047,3845.241656061262,5671.507238876075,0.0
1790240388,8,,Aggregated,0.600000,0.000000,4400,4600,52000,54000,59000,59000,59000,59000,59000,59000,59000,111,0,4500,20095.565763713774,343.83987833738445,65436.37289782055,42.666666666666664
1790240389,8,POST,completion,0.200000,0.000000,54000,54000,59000,59000,59000,59000,59000,59000,59000,59000,59000,37,0,55000,55201.0059583542,47933.33572987467,65436.37289782055,128.0
1790240389,8,TPOT,completion,0.200000,0.000000,390,390,430,430,430,430,430,430,430,430,430,37,0,390,397.7397663811025,343.83987833738445,470.6230196207175,0.0
1790240389,8,TTFT,completion,0.200000,0.000000,4400,4400,4600,4600,4600,4600,4600,4600,4600,4600,4600,37,0,4500,4687.951566406047,3845.241656061262,5671.507238876075,0.0
1790240389,8,,Aggregated,0.600000,0.000000,4400,4600,52000,54000,59000,59000,59000,59000,59000,59000,59000,111,0,4500,20095.565763713774,343.83987833738445,65436.37289782055,42.666666666666664
1790240390,8,POST,completion,0.200000,0.000000,54000,54000,59000,59000,59000,59000,59000,59000,59000,59000,59000,38,0,55000,55120.05586166082,47933.33572987467,65436.37289782055,128.0
1790240390,8,TPOT,completion,0.200000,0.000000,390,390,430,430,430,430,430,430,430,430,430,38,0,390,397.17399909470174,343.83987833738445,470.6230196207175,0.0
1790240390,8,TTFT,completion,0.200000,0.000000,4400,4400,4600,4600,4600,4600,4600,4600,4600,4600,4600,38,0,4500,4678.852948942222,3845.241656061262,5671.507238876075,0.0
1790240390,8,,Aggregated,0.600000,0.000000,4400,4600,52000,54000,59000,59000,59000,59000,59000,59000,59000,114,0,4500,20065.360936565903,343.83987833738445,65436.37289782055,42.666666666666664
