Timestamp,User Count,Type,Name,Requests/s,Failures/s,50%,66%,75%,80%,90%,95%,98%,99%,99.9%,99.99%,100%,Total Request Count,Total Failure Count,Total Median Response Time,Total Average Response Time,Total Min Response Time,Total Max Response Time,Total Average Content Size
1790157417,0,,Aggregated,0.000000,0.000000,N/A,N/A,N/A,N/A,N/A,N/A,N/A,N/A,N/A,N/A,N/A,0,0,0,0.0,0,0,0
1790157418,1,,Aggregated,0.000000,0.000000,N/A,N/A,N/A,N/A,N/A,N/A,N/A,N/A,N/A,N/A,N/A,0,0,0,0.0,0,0,0
1790157420,2,,Aggregated,0.000000,0.000000,N/A,N/A,N/A,N/A,N/A,N/A,N/A,N/A,N/A,N/A,N/A,0,0,0,0.0,0,0,0
1790157421,3,,Aggregated,0.000000,0.000000,N/A,N/A,N/A,N/A,N/A,N/A,N/A,N/A,N/A,N/A,N/A,0,0,0,0.0,0,0,0
1790157422,4,,Aggregated,0.000000,0.000000,N/A,N/A,N/A,N/A,N/A,N/A,N/A,N/A,N/A,N/A,N/A,0,0,0,0.0,0,0,0
1790157423,5,,Aggregated,0.000000,0.000000,N/A,N/A,N/A,N/A,N/A,N/A,N/A,N/A,N/A,N/A,N/A,0,0,0,0.0,0,0,0
1790157424,6,,Aggregated,0.000000,0.000000,N/A,N/A,N/A,N/A,N/A,N/A,N/A,N/A,N/A,N/A,N/A,0,0,0,0.0,0,0,0
1790157425,7,,Aggregated,0.000000,0.000000,N/A,N/A,N/A,N/A,N/A,N/A,N/A,N/A,N/A,N/A,N/A,0,0,0,0.0,0,0,0
1790157426,8,,Aggregated,0.000000,0.000000,N/A,N/A,N/A,N/A,N/A,N/A,N/A,N/A,N/A,N/A,N/A,0,0,0,0.0,0,0,0
1790157427,9,,Aggregated,0.000000,0.000000,N/A,N/A,N/A,N/A,N/A,N/A,N/A,N/A,N/A,N/A,N/A,0,0,0,0.0,0,0,0
1790157428,10,,Aggregated,0.000000,0.000000,N/A,N/A,N/A,N/A,N/A,N/A,N/A,N/A,N/A,N/A,N/A,0,0,0,0.0,0,0,0
1790157429,11,,Aggregated,0.000000,0.000000,N/A,N/A,N/A,N/A,N/A,N/A,N/A,N/A,N/A,N/A,N/A,0,0,0,0.0,0,0,0
1790157430,12,,Aggregated,0.000000,0.000000,N/A,N/A,N/A,N/A,N/A,N/A,N/A,N/A,N/A,N/A,N/A,0,0,0,0.0,0,0,0
1790157431,13,,Aggregated,0.000000,0.000000,N/A,N/A,N/A,N/A,N/A,N/A,N/A,N/A,N/A,N/A,N/A,0,0,0,0.0,0,0,0
1790157432,14,,Aggregated,0.000000,0.000000,N/A,N/A,N/A,N/A,N/A,N/A,N/A,N/A,N/A,N/A,N/A,0,0,0,0.0,0,0,0
1790157433,15,,Aggregated,0.000000,0.000000,N/A,N/A,N/A,N/A,N/A,N/A,N/A,N/A,N/A,N/A,N/A,0,0,0,0.0,0,0,0
1790157434,16,,Aggregated,0.000000,0.000000,N/A,N/A,N/A,N/A,N/A,N/A,N/A,N/A,N/A,N/A,N/A,0,0,0,0.0,0,0,0
1790157435,16,,Aggregated,0.000000,0.000000,N/A,N/A,N/A,N/A,N/A,N/A,N/A,N/A,N/A,N/A,N/A,0,0,0,0.0,0,0,0
1790157436,16,,Aggregated,0.000000,0.000000,N/A,N/A,N/A,N/A,N/A,N/A,N/A,N/A,N/A,N/A,N/A,0,0,0,0.0,0,0,0
1790157437,16,,Aggregated,0.000000,0.000000,N/A,N/A,N/A,N/A,N/A,N/A,N/A,N/A,N/A,N/A,N/A,0,0,0,0.0,0,0,0
1790157438,16,,Aggregated,0.000000,0.000000,N/A,N/A,N/A,N/A,N/A,N/A,N/A,N/A,N/A,N/A,N/A,0,0,0,0.0,0,0,0
1790157439,16,,Aggregated,0.000000,0.000000,N/A,N/A,N/A,N/A,N/A,N/A,N/A,N/A,N/A,N/A,N/A,0,0,0,0.0,0,0,0
1790157440,16,,Aggregated,0.000000,0.000000,N/A,N/A,N/A,N/A,N/A,N/A,N/A,N/A,N/A,N/A,N/A,0,0,0,0.0,0,0,0
1790157441,16,,Aggregated,0.000000,0.000000,N/A,N/A,N/A,N/A,N/A,N/A,N/A,N/A,N/A,N/A,N/A,0,0,0,0.0,0,0,0
1790157442,16,,Aggregated,0.000000,0.000000,N/A,N/A,N/A,N/A,N/A,N/A,N/A,N/A,N/A,N/A,N/A,0,0,0,0.0,0,0,0
1790157443,16,,Aggregated,0.000000,0.000000,N/A,N/A,N/A,N/A,N/A,N/A,N/A,N/A,N/A,N/A,N/A,0,0,0,0.0,0,0,0
1790157444,16,,Aggregated,0.000000,0.000000,N/A,N/A,N/A,N/A,N/A,N/A,N/A,N/A,N/A,N/A,N/A,0,0,0,0.0,0,0,0
1790157445,16,,Aggregated,0.000000,0.000000,N/A,N/A,N/A,N/A,N/A,N/A,N/A,N/A,N/A,N/A,N/A,0,0,0,0.0,0,0,0
1790157446,16,,Aggregated,0.000000,0.000000,N/A,N/A,N/A,N/A,N/A,N/A,N/A,N/A,N/A,N/A,N/A,0,0,0,0.0,0,0,0
1790157447,16,,Aggregated,0.000000,0.000000,N/A,N/A,N/A,N/A,N/A,N/A,N/A,N/A,N/A,N/A,N/A,0,0,0,0.0,0,0,0
1790157448,16,,Aggregated,0.000000,0.000000,N/A,N/A,N/A,N/A,N/A,N/A,N/A,N/A,N/A,N/A,N/A,0,0,0,0.0,0,0,0
1790157449,16,,Aggregated,0.000000,0.000000,N/A,N/A,N/A,N/A,N/A,N/A,N/A,N/A,N/A,N/A,N/A,0,0,0,0.0,0,0,0
1790157450,16,,Aggregated,0.000000,0.000000,N/A,N/A,N/A,N/A,N/A,N/A,N/A,N/A,N/A,N/A,N/A,0,0,0,0.0,0,0,0
1790157451,16,,Aggregated,0.000000,0.000000,N/A,N/A,N/A,N/A,N/A,N/A,N/A,N/A,N/A,N/A,N/A,0,0,0,0.0,0,0,0
1790157452,16,,Aggregated,0.000000,0.000000,N/A,N/A,N/A,N/A,N/A,N/A,N/A,N/A,N/A,N/A,N/A,0,0,0,0.0,0,0,0
1790157453,16,,Aggregated,0.000000,0.000000,N/A,N/A,N/A,N/A,N/A,N/A,N/A,N/A,N/A,N/A,N/A,0,0,0,0.0,0,0,0
1790157454,16,POST,completion,0.000000,0.000000,0,0,0,0,0,0,0,0,0,0,0,1,0,27904.207963962108,27904.207963962108,27904.207963962108,27904.207963962108,128.0
1790157454,16,TPOT,completion,0.000000,0.000000,0,0,0,0,0,0,0,0,0,0,0,1,0,206.16791388166584,206.16791388166584,206.16791388166584,206.16791388166584,0.0
1790157454,16,TTFT,completion,0.000000,0.000000,0,0,0,0,0,0,0,0,0,0,0,1,0,1720.808767946437,1720.808767946437,1720.808767946437,1720.808767946437,0.0
1790157454,16,,Aggregated,0.000000,0.000000,0,0,0,0,0,0,0,0,0,0,0,3,0,1700,9943.728215263403,206.16791388166584,27904.207963962108,42.666666666666664
1790157455,16,POST,completion,0.000000,0.000000,0,0,0,0,0,0,0,0,0,0,0,1,0,27904.207963962108,27904.207963962108,27904.207963962108,27904.207963962108,128.0
1790157455,16,TPOT,completion,0.000000,0.000000,0,0,0,0,0,0,0,0,0,0,0,1,0,206.16791388166584,206.16791388166584,206.16791388166584,206.16791388166584,0.0
1790157455,16,TTFT,completion,0.000000,0.000000,0,0,0,0,0,0,0,0,0,0,0,1,0,1720.808767946437,1720.808767946437,1720.808767946437,1720.808767946437,0.0
1790157455,16,,Aggregated,0.000000,0.000000,0,0,0,0,0,0,0,0,0,0,0,3,0,1700,9943.728215263403,206.16791388166584,27904.207963962108,42.666666666666664
1790157456,16,POST,completion,0.000000,0.000000,28000,28000,28000,28000,28000,28000,28000,28000,28000,28000,28000,1,0,27904.207963962108,27904.207963962108,27904.207963962108,27904.207963962108,128.0
1790157456,16,TPOT,completion,0.000000,0.000000,210,210,210,210,210,210,210,210,210,210,210,1,0,206.16791388166584,206.16791388166584,206.16791388166584,206.16791388166584,0.0
1790157456,16,TTFT,completion,0.000000,0.000000,1700,1700,1700,1700,1700,1700,1700,1700,1700,1700,1700,1,0,1720.808767946437,1720.808767946437,1720.808767946437,1720.808767946437,0.0
1790157456,16,,Aggregated,0.000000,0.000000,0,0,0,0,0,0,0,0,0,0,0,3,0,1700,9943.728215263403,206.16791388166584,27904.207963962108,42.666666666666664
1790157457,16,POST,completion,0.000000,0.000000,28000,28000,28000,28000,28000,28000,28000,28000,28000,28000,28000,1,0,27904.207963962108,27904.207963962108,27904.207963962108,27904.207963962108,128.0
1790157457,16,TPOT,completion,0.000000,0.000000,210,210,210,210,210,210,210,210,210,210,210,1,0,206.16791388166584,206.16791388166584,206.16791388166584,206.16791388166584,0.0
1790157457,16,TTFT,completion,0.000000,0.000000,1700,1700,1700,1700,1700,1700,1700,1700,1700,1700,1700,1,0,1720.808767946437,1720.808767946437,1720.808767946437,1720.808767946437,0.0
1790157457,16,,Aggregated,0.000000,0.000000,0,0,0,0,0,0,0,0,0,0,0,3,0,1700,9943.728215263403,206.16791388166584,27904.207963962108,42.666666666666664
1790157458,16,POST,completion,0.000000,0.000000,28000,28000,28000,28000,28000,28000,28000,28000,28000,28000,28000,1,0,27904.207963962108,27904.207963962108,27904.207963962108,27904.207963962108,128.0
1790157458,16,TPOT,completion,0.000000,0.000000,210,210,210,210,210,210,210,210,210,210,210,1,0,206.16791388166584,206.16791388166584,206.16791388166584,206.16791388166584,0.0
1790157458,16,TTFT,completion,0.000000,0.000000,1700,1700,1700,1700,1700,1700,1700,1700,1700,1700,1700,1,0,1720.808767946437,1720.808767946437,1720.808767946437,1720.808767946437,0.0
1790157458,16,,Aggregated,0.000000,0.000000,0,0,0,0,0,0,0,0,0,0,0,3,0,1700,9943.728215263403,206.16791388166584,27904.207963962108,42.666666666666664
1790157459,16,POST,completion,0.000000,0.000000,28000,28000,28000,28000,28000,28000,28000,28000,28000,28000,28000,1,0,27904.207963962108,27904.207963962108,27904.207963962108,27904.207963962108,128.0
1790157459,16,TPOT,completion,0.000000,0.000000,210,210,210,210,210,210,210,210,210,210,210,1,0,206.16791388166584,206.16791388166584,206.16791388166584,206.16791388166584,0.0
1790157459,16,TTFT,completion,0.000000,0.000000,1700,1700,1700,1700,1700,1700,1700,1700,1700,1700,1700,1,0,1720.808767946437,1720.808767946437,1720.808767946437,1720.808767946437,0.0
1790157459,16,,Aggregated,0.000000,0.000000,0,0,0,0,0,0,0,0,0,0,0,3,0,1700,9943.728215263403,206.16791388166584,27904.207963962108,42.666666666666664
1790157460,16,POST,completion,0.000000,0.000000,28000,28000,28000,28000,28000,28000,28000,28000,28000,28000,28000,1,0,27904.207963962108,27904.207963962108,27904.207963962108,27904.207963962108,128.0
1790157460,16,TPOT,completion,0.000000,0.000000,210,210,210,210,210,210,210,210,210,210,210,1,0,206.16791388166584,206.16791388166584,206.16791388166584,206.16791388166584,0.0
1790157460,16,TTFT,completion,0.000000,0.000000,1700,1700,1700,1700,1700,1700,1700,1700,1700,1700,1700,1,0,1720.808767946437,1720.808767946437,1720.808767946437,1720.808767946437,0.0
1790157460,16,,Aggregated,0.000000,0.000000,0,0,0,0,0,0,0,0,0,0,0,3,0,1700,9943.728215263403,206.16791388166584,27904.207963962108,42.666666666666664
1790157461,16,POST,completion,0.000000,0.000000,28000,28000,28000,28000,28000,28000,28000,28000,28000,28000,28000,1,0,27904.207963962108,27904.207963962108,27904.207963962108,27904.207963962108,128.0
1790157461,16,TPOT,completion,0.000000,0.000000,210,210,210,210,210,210,210,210,210,210,210,1,0,206.16791388166584,206.16791388166584,206.16791388166584,206.16791388166584,0.0
1790157461,16,TTFT,completion,0.000000,0.000000,1700,1700,1700,1700,1700,1700,1700,1700,1700,1700,1700,1,0,1720.808767946437,1720.808767946437,1720.808767946437,1720.808767946437,0.0
1790157461,16,,Aggregated,0.000000,0.000000,0,0,0,0,0,0,0,0,0,0,0,3,0,1700,9943.728215263403,206.16791388166584,27904.207963962108,42.666666666666664
1790157462,16,POST,completion,0.000000,0.000000,28000,28000,28000,28000,28000,28000,28000,28000,28000,28000,28000,1,0,27904.207963962108,27904.207963962108,27904.207963962108,27904.207963962108,128.0
1790157462,16,TPOT,completion,0.000000,0.000000,210,210,210,210,210,210,210,210,210,210,210,1,0,206.16791388166584,206.16791388166584,206.16791388166584,206.16791388166584,0.0
1790157462,16,TTFT,completion,0.000000,0.000000,1700,1700,1700,1700,1700,1700,1700,1700,1700,1700,1700,1,0,1720.808767946437,1720.808767946437,1720.808767946437,1720.808767946437,0.0
1790157462,16,,Aggregated,0.000000,0.000000,0,0,0,0,0,0,0,0,0,0,0,3,0,1700,9943.728215263403,206.16791388166584,27904.207963962108,42.666666666666664
1790157463,16,POST,completion,0.000000,0.000000,28000,28000,28000,28000,28000,28000,28000,28000,28000,28000,28000,1,0,27904.207963962108,27904.207963962108,27904.207963962108,27904.207963962108,128.0
1790157463,16,TPOT,completion,0.000000,0.000000,210,210,210,210,210,210,210,210,210,210,210,1,0,206.16791388166584,206.16791388166584,206.16791388166584,206.16791388166584,0.0
1790157463,16,TTFT,completion,0.000000,0.000000,1700,1700,1700,1700,1700,1700,1700,1700,1700,1700,1700,1,0,1720.808767946437,1720.808767946437,1720.808767946437,1720.808767946437,0.0
1790157463,16,,Aggregated,0.000000,0.000000,0,0,0,0,0,0,0,0,0,0,0,3,0,1700,9943.728215263403,206.16791388166584,27904.207963962108,42.666666666666664
1790157464,16,POST,completion,0.000000,0.000000,28000,28000,28000,28000,28000,28000,28000,28000,28000,28000,28000,1,0,27904.207963962108,27904.207963962108,27904.207963962108,27904.207963962108,128.0
1790157464,16,TPOT,completion,0.000000,0.000000,210,210,210,210,210,210,210,210,210,210,210,1,0,206.16791388166584,206.16791388166584,206.16791388166584,206.16791388166584,0.0
1790157464,16,TTFT,completion,0.000000,0.000000,1700,1700,1700,1700,1700,1700,1700,1700,1700,1700,1700,1,0,1720.808767946437,1720.808767946437,1720.808767946437,1720.808767946437,0.0
1790157464,16,,Aggregated,0.000000,0.000000,0,0,0,0,0,0,0,0,0,0,0,3,0,1700,9943.728215263403,206.16791388166584,27904.207963962108,42.666666666666664
1790157465,16,POST,completion,0.000000,0.000000,28000,28000,28000,28000,28000,28000,28000,28000,28000,28000,28000,1,0,27904.207963962108,27904.207963962108,27904.207963962108,27904.207963962108,128.0
1790157465,16,TPOT,completion,0.000000,0.000000,210,210,210,210,210,210,210,210,210,210,210,1,0,206.16791388166584,206.16791388166584,206.16791388166584,206.16791388166584,0.0
1790157465,16,TTFT,completion,0.000000,0.000000,1700,1700,1700,1700,1700,1700,1700,1700,1700,1700,1700,1,0,1720.808767946437,1720.808767946437,1720.808767946437,1720.808767946437,0.0
1790157465,16,,Aggregated,0.000000,0.000000,0,0,0,0,0,0,0,0,0,0,0,3,0,1700,9943.728215263403,206.16791388166584,27904.207963962108,42.666666666666664
1790157466,16,POST,completion,0.000000,0.000000,28000,28000,28000,28000,28000,28000,28000,28000,28000,28000,28000,1,0,27904.207963962108,27904.207963962108,27904.207963962108,27904.207963962108,128.0
1790157466,16,TPOT,completion,0.000000,0.000000,210,210,210,210,210,210,210,210,210,210,210,1,0,206.16791388166584,206.16791388166584,206.16791388166584,206.16791388166584,0.0
1790157466,16,TTFT,completion,0.000000,0.000000,1700,1700,1700,1700,1700,1700,1700,1700,1700,1700,1700,1,0,1720.808767946437,1720.808767946437,1720.808767946437,1720.808767946437,0.0
1790157466,16,,Aggregated,0.000000,0.000000,0,0,0,0,0,0,0,0,0,0,0,3,0,1700,9943.728215263403,206.16791388166584,27904.207963962108,42.666666666666664
1790157467,16,POST,completion,0.000000,0.000000,30000,31000,31000,33000,33000,33000,33000,33000,33000,33000,33000,5,0,30000,30226.318130921572,27904.207963962108,33026.00616100244,128.0
1790157467,16,TPOT,completion,0.000000,0.000000,220,230,230,250,250,250,250,250,250,250,250,5,0,220,224.17957037760635,206.16791388166584,245.9277171810253,0.0
1790157467,16,TTFT,completion,0.000000,0.000000,1800,1800,1800,1800,1800,1800,1800,1800,1800,1800,1800,5,0,1800,1755.4582197684795,1661.5606939885765,1816.420417977497,0.0
1790157467,16,,Aggregated,0.000000,0.000000,1800,1800,30000,30000,31000,33000,33000,33000,33000,33000,33000,15,0,1800,10735.318640355887,206.16791388166584,33026.00616100244,42.666666666666664
1790157468,16,POST,completion,0.000000,0.000000,30000,30000,31000,31000,33000,33000,33000,33000,33000,33000,33000,6,0,30000,29698.97403808621,27062.253573909402,33026.00616100244,128.0
1790157468,16,TPOT,completion,0.000000,0.000000,220,220,230,230,250,250,250,250,250,250,250,6,0,220,220.08034077673426,199.5841927723739,245.9277171810253,0.0
1790157468,16,TTFT,completion,0.000000,0.000000,1800,1800,1800,1800,1800,1800,1800,1800,1800,1800,1800,6,0,1800,1748.7161389629666,1661.5606939885765,1816.420417977497,0.0
1790157468,16,,Aggregated,0.000000,0.000000,1800,1800,29000,30000,31000,33000,33000,33000,33000,33000,33000,18,0,1800,10555.92350594197,199.5841927723739,33026.00616100244,42.666666666666664
1790157469,16,POST,completion,0.000000,0.000000,30000,30000,31000,31000,33000,33000,33000,33000,33000,33000,33000,6,0,30000,29698.97403808621,27062.253573909402,33026.00616100244,128.0
1790157469,16,TPOT,completion,0.000000,0.000000,220,220,230,230,250,250,250,250,250,250,250,6,0,220,220.08034077673426,199.5841927723739,245.9277171810253,0.0
1790157469,16,TTFT,completion,0.000000,0.000000,1800,1800,1800,1800,1800,1800,1800,1800,1800,1800,1800,6,0,1800,1748.7161389629666,1661.5606939885765,1816.420417977497,0.0
1790157469,16,,Aggregated,0.000000,0.000000,1800,1800,29000,30000,31000,33000,33000,33000,33000,33000,33000,18,0,1800,10555.92350594197,199.5841927723739,33026.00616100244,42.666666666666664
1790157470,16,POST,completion,0.000000,0.000000,30000,31000,31000,33000,33000,33000,33000,33000,33000,33000,33000,6,0,30000,29698.97403808621,27062.253573909402,33026.00616100244,128.0
1790157470,16,TPOT,completion,0.000000,0.000000,220,230,230,250,250,250,250,250,250,250,250,6,0,220,220.08034077673426,199.5841927723739,245.9277171810253,0.0
1790157470,16,TTFT,completion,0.000000,0.000000,1800,1800,1800,1800,1800,1800,1800,1800,1800,1800,1800,6,0,1800,1748.7161389629666,1661.5606939885765,1816.420417977497,0.0
1790157470,16,,Aggregated,0.000000,0.000000,1800,1800,29000,30000,31000,33000,33000,33000,33000,33000,33000,18,0,1800,10555.92350594197,199.5841927723739,33026.00616100244,42.666666666666664
1790157471,16,POST,completion,0.000000,0.000000,30000,31000,31000,33000,33000,33000,33000,33000,33000,33000,33000,6,0,30000,29698.97403808621,27062.253573909402,33026.00616100244,128.0
1790157471,16,TPOT,completion,0.000000,0.000000,220,230,230,250,250,250,250,250,250,250,250,6,0,220,220.08034077673426,199.5841927723739,245.9277171810253,0.0
1790157471,16,TTFT,completion,0.000000,0.000000,1800,1800,1800,1800,1800,1800,1800,1800,1800,1800,1800,6,0,1800,1748.7161389629666,1661.5606939885765,1816.420417977497,0.0
1790157471,16,,Aggregated,0.000000,0.000000,1800,1800,29000,30000,31000,33000,33000,33000,33000,33000,33000,18,0,1800,10555.92350594197,199.5841927723739,33026.00616100244,42.666666666666664
1790157472,16,POST,completion,0.000000,0.000000,30000,31000,31000,33000,33000,33000,33000,33000,33000,33000,33000,6,0,30000,29698.97403808621,27062.253573909402,33026.00616100244,128.0
1790157472,16,TPOT,completion,0.000000,0.000000,220,230,230,250,250,250,250,250,250,250,250,6,0,220,220.08034077673426,199.5841927723739,245.9277171810253,0.0
1790157472,16,TTFT,completion,0.000000,0.000000,1800,1800,1800,1800,1800,1800,1800,1800,1800,1800,1800,6,0,1800,1748.7161389629666,1661.5606939885765,1816.420417977497,0.0
1790157472,16,,Aggregated,0.000000,0.000000,1800,1800,29000,30000,31000,33000,33000,33000,33000,33000,33000,18,0,1800,10555.92350594197,199.5841927723739,33026.00616100244,42.666666666666664
1790157473,16,POST,completion,0.000000,0.000000,30000,31000,31000,33000,33000,33000,33000,33000,33000,33000,33000,6,0,30000,29698.97403808621,27062.253573909402,33026.00616100244,128.0
1790157473,16,TPOT,completion,0.000000,0.000000,220,230,230,250,250,250,250,250,250,250,250,6,0,220,220.08034077673426,199.5841927723739,245.9277171810253,0.0
1790157473,16,TTFT,completion,0.000000,0.000000,1800,1800,1800,1800,1800,1800,1800,1800,1800,1800,1800,6,0,1800,1748.7161389629666,1661.5606939885765,1816.420417977497,0.0
1790157473,16,,Aggregated,0.000000,0.000000,1800,1800,29000,30000,31000,33000,33000,33000,33000,33000,33000,18,0,1800,10555.92350594197,199.5841927723739,33026.00616100244,42.666666666666664
1790157474,16,POST,completion,0.000000,0.000000,30000,31000,31000,33000,33000,33000,33000,33000,33000,33000,33000,6,0,30000,29698.97403808621,27062.253573909402,33026.00616100244,128.0
1790157474,16,TPOT,completion,0.000000,0.000000,220,230,230,250,250,250,250,250,250,250,250,6,0,220,220.08034077673426,199.5841927723739,245.9277171810253,0.0
1790157474,16,TTFT,completion,0.000000,0.000000,1800,1800,1800,1800,1800,1800,1800,1800,1800,1800,1800,6,0,1800,1748.7161389629666,1661.5606939885765,1816.420417977497,0.0
1790157474,16,,Aggregated,0.000000,0.000000,1800,1800,29000,30000,31000,33000,33000,33000,33000,33000,33000,18,0,1800,10555.92350594197,199.5841927723739,33026.00616100244,42.666666666666664
1790157475,16,POST,completion,0.500000,0.000000,30000,30000,31000,31000,33000,33000,33000,33000,33000,33000,33000,7,0,29000,29325.257230915926,27062.253573909402,33026.00616100244,128.0
1790157475,16,TPOT,completion,0.500000,0.000000,220,220,230,230,250,250,250,250,250,250,250,7,0,210,217.02798807085256,198.7138718355623,245.9277171810253,0.0
1790157475,16,TTFT,completion,0.500000,0.000000,1800,1800,1800,1800,1800,1800,1800,1800,1800,1800,1800,7,0,1800,1762.6485582441092,1661.5606939885765,1846.2430739309639,0.0
1790157475,16,,Aggregated,1.500000,0.000000,1800,1800,27000,29000,31000,33000,33000,33000,33000,33000,33000,21,0,1800,10434.97792574363,198.7138718355623,33026.00616100244,42.666666666666664
1790157476,16,POST,completion,0.500000,0.000000,29000,30000,30000,31000,31000,31000,31000,31000,31000,31000,31000,7,0,29000,29325.257230915926,27062.253573909402,33026.00616100244,128.0
1790157476,16,TPOT,completion,0.500000,0.000000,210,220,220,230,230,230,230,230,230,230,230,7,0,210,217.02798807085256,198.7138718355623,245.9277171810253,0.0
1790157476,16,TTFT,completion,0.500000,0.000000,1800,1800,1800,1800,1800,1800,1800,1800,1800,1800,1800,7,0,1800,1762.6485582441092,1661.5606939885765,1846.2430739309639,0.0
1790157476,16,,Aggregated,1.500000,0.000000,1800,1800,27000,29000,30000,31000,31000,31000,31000,31000,31000,21,0,1800,10434.97792574363,198.7138718355623,33026.00616100244,42.666666666666664
1790157477,16,POST,completion,0.500000,0.000000,27000,27000,27000,27000,27000,27000,27000,27000,27000,27000,27000,7,0,29000,29325.257230915926,27062.253573909402,33026.00616100244,128.0
1790157477,16,TPOT,completion,0.500000,0.000000,200,200,200,200,200,200,200,200,200,200,200,7,0,210,217.02798807085256,198.7138718355623,245.9277171810253,0.0
1790157477,16,TTFT,completion,0.500000,0.000000,1800,1800,1800,1800,1800,1800,1800,1800,1800,1800,1800,7,0,1800,1762.6485582441092,1661.5606939885765,1846.2430739309639,0.0
1790157477,16,,Aggregated,1.500000,0.000000,1800,1800,27000,27000,27000,27000,27000,27000,27000,27000,27000,21,0,1800,10434.97792574363,198.7138718355623,33026.00616100244,42.666666666666664
1790157478,16,POST,completion,0.500000,0.000000,27000,27000,27000,27000,27000,27000,27000,27000,27000,27000,27000,7,0,29000,29325.257230915926,27062.253573909402,33026.00616100244,128.0
1790157478,16,TPOT,completion,0.500000,0.000000,200,200,200,200,200,200,200,200,200,200,200,7,0,210,217.02798807085256,198.7138718355623,245.9277171810253,0.0
1790157478,16,TTFT,completion,0.500000,0.000000,1800,1800,1800,1800,1800,1800,1800,1800,1800,1800,1800,7,0,1800,1762.6485582441092,1661.5606939885765,1846.2430739309639,0.0
1790157478,16,,Aggregated,1.500000,0.000000,1800,1800,27000,27000,27000,27000,27000,27000,27000,27000,27000,21,0,1800,10434.97792574363,198.7138718355623,33026.00616100244,42.666666666666664
1790157479,16,POST,completion,0.500000,0.000000,27000,27000,27000,27000,27000,27000,27000,27000,27000,27000,27000,7,0,29000,29325.257230915926,27062.253573909402,33026.00616100244,128.0
1790157479,16,TPOT,completion,0.500000,0.000000,200,200,200,200,200,200,200,200,200,200,200,7,0,210,217.02798807085256,198.7138718355623,245.9277171810253,0.0
1790157479,16,TTFT,completion,0.500000,0.000000,1800,1800,1800,1800,1800,1800,1800,1800,1800,1800,1800,7,0,1800,1762.6485582441092,1661.5606939885765,1846.2430739309639,0.0
1790157479,16,,Aggregated,1.500000,0.000000,1800,1800,27000,27000,27000,27000,27000,27000,27000,27000,27000,21,0,1800,10434.97792574363,198.7138718355623,33026.00616100244,42.666666666666664
1790157480,16,POST,completion,0.500000,0.000000,27000,27000,27000,27000,27000,27000,27000,27000,27000,27000,27000,7,0,29000,29325.257230915926,27062.253573909402,33026.00616100244,128.0
1790157480,16,TPOT,completion,0.500000,0.000000,200,200,200,200,200,200,200,200,200,200,200,7,0,210,217.02798807085256,198.7138718355623,245.9277171810253,0.0
1790157480,16,TTFT,completion,0.500000,0.000000,1800,1800,1800,1800,1800,1800,1800,1800,1800,1800,1800,7,0,1800,1762.6485582441092,1661.5606939885765,1846.2430739309639,0.0
1790157480,16,,Aggregated,1.500000,0.000000,1800,1800,27000,27000,27000,27000,27000,27000,27000,27000,27000,21,0,1800,10434.97792574363,198.7138718355623,33026.00616100244,42.666666666666664
1790157482,16,POST,completion,0.500000,0.000000,27000,27000,27000,27000,27000,27000,27000,27000,27000,27000,27000,7,0,29000,29325.257230915926,27062.253573909402,33026.00616100244,128.0
1790157482,16,TPOT,completion,0.500000,0.000000,200,200,200,200,200,200,200,200,200,200,200,7,0,210,217.02798807085256,198.7138718355623,245.9277171810253,0.0
1790157482,16,TTFT,completion,0.500000,0.000000,1800,1800,1800,1800,1800,1800,1800,1800,1800,1800,1800,7,0,1800,1762.6485582441092,1661.5606939885765,1846.2430739309639,0.0
1790157482,16,,Aggregated,1.500000,0.000000,1800,1800,27000,27000,27000,27000,27000,27000,27000,27000,27000,21,0,1800,10434.97792574363,198.7138718355623,33026.00616100244,42.666666666666664
1790157483,16,POST,completion,0.500000,0.000000,27000,27000,27000,27000,27000,27000,27000,27000,27000,27000,27000,7,0,29000,29325.257230915926,27062.253573909402,33026.00616100244,128.0
1790157483,16,TPOT,completion,0.500000,0.000000,200,200,200,200,200,200,200,200,200,200,200,7,0,210,217.02798807085256,198.7138718355623,245.9277171810253,0.0
1790157483,16,TTFT,completion,0.500000,0.000000,1800,1800,1800,1800,1800,1800,1800,1800,1800,1800,1800,7,0,1800,1762.6485582441092,1661.5606939885765,1846.2430739309639,0.0
1790157483,16,,Aggregated,1.500000,0.000000,1800,1800,27000,27000,27000,27000,27000,27000,27000,27000,27000,21,0,1800,10434.97792574363,198.7138718355623,33026.00616100244,42.666666666666664
1790157484,16,POST,completion,0.500000,0.000000,27000,27000,27000,27000,27000,27000,27000,27000,27000,27000,27000,7,0,29000,29325.257230915926,27062.253573909402,33026.00616100244,128.0
1790157484,16,TPOT,completion,0.500000,0.000000,200,200,200,200,200,200,200,200,200,200,200,7,0,210,217.02798807085256,198.7138718355623,245.9277171810253,0.0
1790157484,16,TTFT,completion,0.500000,0.000000,1800,1800,1800,1800,1800,1800,1800,1800,1800,1800,1800,7,0,1800,1762.6485582441092,1661.5606939885765,1846.2430739309639,0.0
1790157484,16,,Aggregated,1.500000,0.000000,1800,1800,27000,27000,27000,27000,27000,27000,27000,27000,27000,21,0,1800,10434.97792574363,198.7138718355623,33026.00616100244,42.666666666666664
1790157485,16,POST,completion,0.500000,0.000000,27000,27000,27000,27000,27000,27000,27000,27000,27000,27000,27000,7,0,29000,29325.257230915926,27062.253573909402,33026.00616100244,128.0
1790157485,16,TPOT,completion,0.500000,0.000000,200,200,200,200,200,200,200,200,200,200,200,7,0,210,217.02798807085256,198.7138718355623,245.9277171810253,0.0
1790157485,16,TTFT,completion,0.500000,0.000000,1800,1800,1800,1800,1800,1800,1800,1800,1800,1800,1800,7,0,1800,1762.6485582441092,1661.5606939885765,1846.2430739309639,0.0
1790157485,16,,Aggregated,1.500000,0.000000,1800,1800,27000,27000,27000,27000,27000,27000,27000,27000,27000,21,0,1800,10434.97792574363,198.7138718355623,33026.00616100244,42.666666666666664
1790157486,16,POST,completion,0.500000,0.000000,27000,27000,27000,27000,27000,27000,27000,27000,27000,27000,27000,7,0,29000,29325.257230915926,27062.253573909402,33026.00616100244,128.0
1790157486,16,TPOT,completion,0.500000,0.000000,200,200,200,200,200,200,200,200,200,200,200,7,0,210,217.02798807085256,198.7138718355623,245.9277171810253,0.0
1790157486,16,TTFT,completion,0.500000,0.000000,1800,1800,1800,1800,1800,1800,1800,1800,1800,1800,1800,7,0,1800,1762.6485582441092,1661.5606939885765,1846.2430739309639,0.0
1790157486,16,,Aggregated,1.500000,0.000000,1800,1800,27000,27000,27000,27000,27000,27000,27000,27000,27000,21,0,1800,10434.97792574363,198.7138718355623,33026.00616100244,42.666666666666664
1790157487,16,POST,completion,0.500000,0.000000,27000,27000,27000,27000,27000,27000,27000,27000,27000,27000,27000,7,0,29000,29325.257230915926,27062.253573909402,33026.00616100244,128.0
1790157487,16,TPOT,completion,0.500000,0.000000,200,200,200,200,200,200,200,200,200,200,200,7,0,210,217.02798807085256,198.7138718355623,245.9277171810253,0.0
1790157487,16,TTFT,completion,0.500000,0.000000,1800,1800,1800,1800,1800,1800,1800,1800,1800,1800,1800,7,0,1800,1762.6485582441092,1661.5606939885765,1846.2430739309639,0.0
1790157487,16,,Aggregated,1.500000,0.000000,1800,1800,27000,27000,27000,27000,27000,27000,27000,27000,27000,21,0,1800,10434.97792574363,198.7138718355623,33026.00616100244,42.666666666666664
1790157488,16,POST,completion,0.500000,0.000000,27000,27000,27000,27000,27000,27000,27000,27000,27000,27000,27000,7,0,29000,29325.257230915926,27062.253573909402,33026.00616100244,128.0
1790157488,16,TPOT,completion,0.500000,0.000000,200,200,200,200,200,200,200,200,200,200,200,7,0,210,217.02798807085256,198.7138718355623,245.9277171810253,0.0
1790157488,16,TTFT,completion,0.500000,0.000000,1800,1800,1800,1800,1800,1800,1800,1800,1800,1800,1800,7,0,1800,1762.6485582441092,1661.5606939885765,1846.2430739309639,0.0
1790157488,16,,Aggregated,1.500000,0.000000,1800,1800,27000,27000,27000,27000,27000,27000,27000,27000,27000,21,0,1800,10434.97792574363,198.7138718355623,33026.00616100244,42.666666666666664
1790157489,16,POST,completion,0.500000,0.000000,27000,27000,27000,27000,27000,27000,27000,27000,27000,27000,27000,7,0,29000,29325.257230915926,27062.253573909402,33026.00616100244,128.0
1790157489,16,TPOT,completion,0.500000,0.000000,200,200,200,200,200,200,200,200,200,200,200,7,0,210,217.02798807085256,198.7138718355623,245.9277171810253,0.0
1790157489,16,TTFT,completion,0.500000,0.000000,1800,1800,1800,1800,1800,1800,1800,1800,1800,1800,1800,7,0,1800,1762.6485582441092,1661.5606939885765,1846.2430739309639,0.0
1790157489,16,,Aggregated,1.500000,0.000000,1800,1800,27000,27000,27000,27000,27000,27000,27000,27000,27000,21,0,1800,10434.97792574363,198.7138718355623,33026.00616100244,42.666666666666664
1790157490,16,POST,completion,0.500000,0.000000,27000,27000,27000,27000,27000,27000,27000,27000,27000,27000,27000,7,0,29000,29325.257230915926,27062.253573909402,33026.00616100244,128.0
1790157490,16,TPOT,completion,0.500000,0.000000,200,200,200,200,200,200,200,200,200,200,200,7,0,210,217.02798807085256,198.7138718355623,245.9277171810253,0.0
1790157490,16,TTFT,completion,0.500000,0.000000,1800,1800,1800,1800,1800,1800,1800,1800,1800,1800,1800,7,0,1800,1762.6485582441092,1661.5606939885765,1846.2430739309639,0.0
1790157490,16,,Aggregated,1.500000,0.000000,1800,1800,27000,27000,27000,27000,27000,27000,27000,27000,27000,21,0,1800,10434.97792574363,198.7138718355623,33026.00616100244,42.666666666666664
1790157491,16,POST,completion,0.500000,0.000000,27000,27000,27000,27000,27000,27000,27000,27000,27000,27000,27000,7,0,29000,29325.257230915926,27062.253573909402,33026.00616100244,128.0
1790157491,16,TPOT,completion,0.500000,0.000000,200,200,200,200,200,200,200,200,200,200,200,7,0,210,217.02798807085256,198.7138718355623,245.9277171810253,0.0
1790157491,16,TTFT,completion,0.500000,0.000000,1800,1800,1800,1800,1800,1800,1800,1800,1800,1800,1800,7,0,1800,1762.6485582441092,1661.5606939885765,1846.2430739309639,0.0
1790157491,16,,Aggregated,1.500000,0.000000,1800,1800,27000,27000,27000,27000,27000,27000,27000,27000,27000,21,0,1800,10434.97792574363,198.7138718355623,33026.00616100244,42.666666666666664
1790157492,16,POST,completion,0.500000,0.000000,27000,27000,27000,27000,27000,27000,27000,27000,27000,27000,27000,7,0,29000,29325.257230915926,27062.253573909402,33026.00616100244,128.0
1790157492,16,TPOT,completion,0.500000,0.000000,200,200,200,200,200,200,200,200,200,200,200,7,0,210,217.02798807085256,198.7138718355623,245.9277171810253,0.0
1790157492,16,TTFT,completion,0.500000,0.000000,1800,1800,1800,1800,1800,1800,1800,1800,1800,1800,1800,7,0,1800,1762.6485582441092,1661.5606939885765,1846.2430739309639,0.0
1790157492,16,,Aggregated,1.500000,0.000000,1800,1800,27000,27000,27000,27000,27000,27000,27000,27000,27000,21,0,1800,10434.97792574363,198.7138718355623,33026.00616100244,42.666666666666664
1790157493,16,POST,completion,0.500000,0.000000,0,0,0,0,0,0,0,0,0,0,0,7,0,29000,29325.257230915926,27062.253573909402,33026.00616100244,128.0
1790157493,16,TPOT,completion,0.500000,0.000000,0,0,0,0,0,0,0,0,0,0,0,7,0,210,217.02798807085256,198.7138718355623,245.9277171810253,0.0
1790157493,16,TTFT,completion,0.500000,0.000000,0,0,0,0,0,0,0,0,0,0,0,7,0,1800,1762.6485582441092,1661.5606939885765,1846.2430739309639,0.0
1790157493,16,,Aggregated,1.500000,0.000000,0,0,0,0,0,0,0,0,0,0,0,21,0,1800,10434.97792574363,198.7138718355623,33026.00616100244,42.666666666666664
1790157494,16,POST,completion,0.500000,0.000000,0,0,0,0,0,0,0,0,0,0,0,7,0,29000,29325.257230915926,27062.253573909402,33026.00616100244,128.0
1790157494,16,TPOT,completion,0.500000,0.000000,0,0,0,0,0,0,0,0,0,0,0,7,0,210,217.02798807085256,198.7138718355623,245.9277171810253,0.0
1790157494,16,TTFT,completion,0.500000,0.000000,0,0,0,0,0,0,0,0,0,0,0,7,0,1800,1762.6485582441092,1661.5606939885765,1846.2430739309639,0.0
1790157494,16,,Aggregated,1.500000,0.000000,0,0,0,0,0,0,0,0,0,0,0,21,0,1800,10434.97792574363,198.7138718355623,33026.00616100244,42.666666666666664
1790157495,16,POST,completion,0.500000,0.000000,0,0,0,0,0,0,0,0,0,0,0,7,0,29000,29325.257230915926,27062.253573909402,33026.00616100244,128.0
1790157495,16,TPOT,completion,0.500000,0.000000,0,0,0,0,0,0,0,0,0,0,0,7,0,210,217.02798807085256,198.7138718355623,245.9277171810253,0.0
1790157495,16,TTFT,completion,0.500000,0.000000,0,0,0,0,0,0,0,0,0,0,0,7,0,1800,1762.6485582441092,1661.5606939885765,1846.2430739309639,0.0
1790157495,16,,Aggregated,1.500000,0.000000,0,0,0,0,0,0,0,0,0,0,0,21,0,1800,10434.97792574363,198.7138718355623,33026.00616100244,42.666666666666664
1790157496,16,POST,completion,0.500000,0.000000,0,0,0,0,0,0,0,0,0,0,0,7,0,29000,29325.257230915926,27062.253573909402,33026.00616100244,128.0
1790157496,16,TPOT,completion,0.500000,0.000000,0,0,0,0,0,0,0,0,0,0,0,7,0,210,217.02798807085256,198.7138718355623,245.9277171810253,0.0
1790157496,16,TTFT,completion,0.500000,0.000000,0,0,0,0,0,0,0,0,0,0,0,7,0,1800,1762.6485582441092,1661.5606939885765,1846.2430739309639,0.0
1790157496,16,,Aggregated,1.500000,0.000000,0,0,0,0,0,0,0,0,0,0,0,21,0,1800,10434.97792574363,198.7138718355623,33026.00616100244,42.666666666666664
1790157497,16,POST,completion,0.500000,0.000000,0,0,0,0,0,0,0,0,0,0,0,7,0,29000,29325.257230915926,27062.253573909402,33026.00616100244,128.0
1790157497,16,TPOT,completion,0.500000,0.000000,0,0,0,0,0,0,0,0,0,0,0,7,0,210,217.02798807085256,198.7138718355623,245.9277171810253,0.0
1790157497,16,TTFT,completion,0.500000,0.000000,0,0,0,0,0,0,0,0,0,0,0,7,0,1800,1762.6485582441092,1661.5606939885765,1846.2430739309639,0.0
1790157497,16,,Aggregated,1.500000,0.000000,0,0,0,0,0,0,0,0,0,0,0,21,0,1800,10434.97792574363,198.7138718355623,33026.00616100244,42.666666666666664
1790157498,16,POST,completion,0.500000,0.000000,0,0,0,0,0,0,0,0,0,0,0,7,0,29000,29325.257230915926,27062.253573909402,33026.00616100244,128.0
1790157498,16,TPOT,completion,0.500000,0.000000,0,0,0,0,0,0,0,0,0,0,0,7,0,210,217.02798807085256,198.7138718355623,245.9277171810253,0.0
1790157498,16,TTFT,completion,0.500000,0.000000,0,0,0,0,0,0,0,0,0,0,0,7,0,1800,1762.6485582441092,1661.5606939885765,1846.2430739309639,0.0
1790157498,16,,Aggregated,1.500000,0.000000,0,0,0,0,0,0,0,0,0,0,0,21,0,1800,10434.97792574363,198.7138718355623,33026.00616100244,42.666666666666664
1790157499,16,POST,completion,0.500000,0.000000,0,0,0,0,0,0,0,0,0,0,0,7,0,29000,29325.257230915926,27062.253573909402,33026.00616100244,128.0
1790157499,16,TPOT,completion,0.500000,0.000000,0,0,0,0,0,0,0,0,0,0,0,7,0,210,217.02798807085256,198.7138718355623,245.9277171810253,0.0
1790157499,16,TTFT,completion,0.500000,0.000000,0,0,0,0,0,0,0,0,0,0,0,7,0,1800,1762.6485582441092,1661.5606939885765,1846.2430739309639,0.0
1790157499,16,,Aggregated,1.500000,0.000000,0,0,0,0,0,0,0,0,0,0,0,21,0,1800,10434.97792574363,198.7138718355623,33026.00616100244,42.666666666666664
1790157500,16,POST,completion,0.000000,0.000000,0,0,0,0,0,0,0,0,0,0,0,8,0,30000,30959.00722441729,27062.253573909402,42395.25717892684,128.0
1790157500,16,TPOT,completion,0.000000,0.000000,0,0,0,0,0,0,0,0,0,0,0,8,0,220,229.7803387410231,198.7138718355623,319.04679343221693,0.0
1790157500,16,TTFT,completion,0.000000,0.000000,0,0,0,0,0,0,0,0,0,0,0,8,0,1800,1776.848135603359,1661.5606939885765,1876.2451771181077,0.0
1790157500,16,,Aggregated,0.000000,0.000000,0,0,0,0,0,0,0,0,0,0,0,24,0,1800,10988.545232920558,198.7138718355623,42395.25717892684,42.666666666666664
1790157501,16,POST,completion,0.000000,0.000000,42000,42000,42000,42000,42000,42000,42000,42000,42000,42000,42000,8,0,30000,30959.00722441729,27062.253573909402,42395.25717892684,128.0
1790157501,16,TPOT,completion,0.000000,0.000000,320,320,320,320,320,320,320,320,320,320,320,8,0,220,229.7803387410231,198.7138718355623,319.04679343221693,0.0
1790157501,16,TTFT,completion,0.000000,0.000000,1900,1900,1900,1900,1900,1900,1900,1900,1900,1900,1900,8,0,1800,1776.848135603359,1661.5606939885765,1876.2451771181077,0.0
1790157501,16,,Aggregated,0.000000,0.000000,1900,1900,42000,42000,42000,42000,42000,42000,42000,42000,42000,24,0,1800,10988.545232920558,198.7138718355623,42395.25717892684,42.666666666666664
1790157502,16,POST,completion,0.000000,0.000000,42000,42000,42000,42000,42000,42000,42000,42000,42000,42000,42000,8,0,30000,30959.00722441729,27062.253573909402,42395.25717892684,128.0
1790157502,16,TPOT,completion,0.000000,0.000000,320,320,320,320,320,320,320,320,320,320,320,8,0,220,229.7803387410231,198.7138718355623,319.04679343221693,0.0
1790157502,16,TTFT,completion,0.000000,0.000000,1900,1900,1900,1900,1900,1900,1900,1900,1900,1900,1900,8,0,1800,1776.848135603359,1661.5606939885765,1876.2451771181077,0.0
1790157502,16,,Aggregated,0.000000,0.000000,1900,1900,42000,42000,42000,42000,42000,42000,42000,42000,42000,24,0,1800,10988.545232920558,198.7138718355623,42395.25717892684,42.666666666666664
1790157503,16,POST,completion,0.000000,0.000000,42000,42000,42000,42000,42000,42000,42000,42000,42000,42000,42000,8,0,30000,30959.00722441729,27062.253573909402,42395.25717892684,128.0
1790157503,16,TPOT,completion,0.000000,0.000000,320,320,320,320,320,320,320,320,320,320,320,8,0,220,229.7803387410231,198.7138718355623,319.04679343221693,0.0
1790157503,16,TTFT,completion,0.000000,0.000000,1900,1900,1900,1900,1900,1900,1900,1900,1900,1900,1900,8,0,1800,1776.848135603359,1661.5606939885765,1876.2451771181077,0.0
1790157503,16,,Aggregated,0.000000,0.000000,1900,1900,42000,42000,42000,42000,42000,42000,42000,42000,42000,24,0,1800,10988.545232920558,198.7138718355623,42395.25717892684,42.666666666666664
1790157504,16,POST,completion,0.100000,0.000000,43000,43000,43000,43000,43000,43000,43000,43000,43000,43000,43000,9,0,30000,32247.71535148223,27062.253573909402,42557.38036800176,128.0
1790157504,16,TPOT,completion,0.100000,0.000000,320,320,320,320,320,320,320,320,320,320,320,9,0,220,239.9217658091584,198.7138718355623,321.0531823542409,0.0
1790157504,16,TTFT,completion,0.100000,0.000000,1900,1900,1900,1900,1900,1900,1900,1900,1900,1900,1900,9,0,1800,1777.5951408677631,1661.5606939885765,1876.2451771181077,0.0
1790157504,16,,Aggregated,0.300000,0.000000,1900,1900,42000,42000,43000,43000,43000,43000,43000,43000,43000,27,0,1800,11421.744086053051,198.7138718355623,42557.38036800176,42.666666666666664
1790157505,16,POST,completion,0.100000,0.000000,42000,42000,43000,43000,43000,43000,43000,43000,43000,43000,43000,11,0,31000,33949.299356011164,27062.253573909402,42557.38036800176,128.0
1790157505,16,TPOT,completion,0.100000,0.000000,320,320,320,320,320,320,320,320,320,320,320,11,0,230,250.56362440646274,198.7138718355623,321.0531823542409,0.0
1790157505,16,TTFT,completion,0.100000,0.000000,3300,3300,4100,4100,4100,4100,4100,4100,4100,4100,4100,11,0,1800,2127.664558356628,1661.5606939885765,4133.876882027835,0.0
1790157505,16,,Aggregated,0.300000,0.000000,3300,4100,42000,42000,42000,43000,43000,43000,43000,43000,43000,33,0,1800,12109.175846258087,198.7138718355623,42557.38036800176,42.666666666666664
1790157506,16,POST,completion,0.100000,0.000000,42000,42000,43000,43000,43000,43000,43000,43000,43000,43000,43000,11,0,31000,33949.299356011164,27062.253573909402,42557.38036800176,128.0
1790157506,16,TPOT,completion,0.100000,0.000000,320,320,320,320,320,320,320,320,320,320,320,11,0,230,250.56362440646274,198.7138718355623,321.0531823542409,0.0
1790157506,16,TTFT,completion,0.100000,0.000000,3300,3300,4100,4100,4100,4100,4100,4100,4100,4100,4100,11,0,1800,2127.664558356628,1661.5606939885765,4133.876882027835,0.0
1790157506,16,,Aggregated,0.300000,0.000000,3300,4100,42000,42000,42000,43000,43000,43000,43000,43000,43000,33,0,1800,12109.175846258087,198.7138718355623,42557.38036800176,42.666666666666664
1790157507,16,POST,completion,0.100000,0.000000,42000,42000,43000,43000,43000,43000,43000,43000,43000,43000,43000,11,0,31000,33949.299356011164,27062.253573909402,42557.38036800176,128.0
1790157507,16,TPOT,completion,0.100000,0.000000,320,320,320,320,320,320,320,320,320,320,320,11,0,230,250.56362440646274,198.7138718355623,321.0531823542409,0.0
1790157507,16,TTFT,completion,0.100000,0.000000,3300,3300,4100,4100,4100,4100,4100,4100,4100,4100,4100,11,0,1800,2127.664558356628,1661.5606939885765,4133.876882027835,0.0
1790157507,16,,Aggregated,0.300000,0.000000,3300,4100,42000,42000,42000,43000,43000,43000,43000,43000,43000,33,0,1800,12109.175846258087,198.7138718355623,42557.38036800176,42.666666666666664
1790157508,16,POST,completion,0.100000,0.000000,42000,42000,43000,43000,43000,43000,43000,43000,43000,43000,43000,11,0,31000,33949.299356011164,27062.253573909402,42557.38036800176,128.0
1790157508,16,TPOT,completion,0.100000,0.000000,320,320,320,320,320,320,320,320,320,320,320,11,0,230,250.56362440646274,198.7138718355623,321.0531823542409,0.0
1790157508,16,TTFT,completion,0.100000,0.000000,3300,3300,4100,4100,4100,4100,4100,4100,4100,4100,4100,11,0,1800,2127.664558356628,1661.5606939885765,4133.876882027835,0.0
1790157508,16,,Aggregated,0.300000,0.000000,3300,4100,42000,42000,42000,43000,43000,43000,43000,43000,43000,33,0,1800,12109.175846258087,198.7138718355623,42557.38036800176,42.666666666666664
1790157509,16,POST,completion,0.100000,0.000000,42000,42000,43000,43000,43000,43000,43000,43000,43000,43000,43000,11,0,31000,33949.299356011164,27062.253573909402,42557.38036800176,128.0
1790157509,16,TPOT,completion,0.100000,0.000000,320,320,320,320,320,320,320,320,320,320,320,11,0,230,250.56362440646274,198.7138718355623,321.0531823542409,0.0
1790157509,16,TTFT,completion,0.100000,0.000000,3300,3300,4100,4100,4100,4100,4100,4100,4100,4100,4100,11,0,1800,2127.664558356628,1661.5606939885765,4133.876882027835,0.0
1790157509,16,,Aggregated,0.300000,0.000000,3300,4100,42000,42000,42000,43000,43000,43000,43000,43000,43000,33,0,1800,12109.175846258087,198.7138718355623,42557.38036800176,42.666666666666664
1790157510,16,POST,completion,0.100000,0.000000,42000,42000,43000,43000,43000,43000,43000,43000,43000,43000,43000,11,0,31000,33949.299356011164,27062.253573909402,42557.38036800176,128.0
1790157510,16,TPOT,completion,0.100000,0.000000,320,320,320,320,320,320,320,320,320,320,320,11,0,230,250.56362440646274,198.7138718355623,321.0531823542409,0.0
1790157510,16,TTFT,completion,0.100000,0.000000,3300,3300,4100,4100,4100,4100,4100,4100,4100,4100,4100,11,0,1800,2127.664558356628,1661.5606939885765,4133.876882027835,0.0
1790157510,16,,Aggregated,0.300000,0.000000,3300,4100,42000,42000,42000,43000,43000,43000,43000,43000,43000,33,0,1800,12109.175846258087,198.7138718355623,42557.38036800176,42.666666666666664
1790157511,16,POST,completion,0.100000,0.000000,42000,42000,43000,43000,43000,43000,43000,43000,43000,43000,43000,11,0,31000,33949.299356011164,27062.253573909402,42557.38036800176,128.0
1790157511,16,TPOT,completion,0.100000,0.000000,320,320,320,320,320,320,320,320,320,320,320,11,0,230,250.56362440646274,198.7138718355623,321.0531823542409,0.0
1790157511,16,TTFT,completion,0.100000,0.000000,3300,3300,4100,4100,4100,4100,4100,4100,4100,4100,4100,11,0,1800,2127.664558356628,1661.5606939885765,4133.876882027835,0.0
1790157511,16,,Aggregated,0.300000,0.000000,3300,4100,42000,42000,42000,43000,43000,43000,43000,43000,43000,33,0,1800,12109.175846258087,198.7138718355623,42557.38036800176,42.666666666666664
1790157512,16,POST,completion,0.100000,0.000000,42000,42000,43000,43000,43000,43000,43000,43000,43000,43000,43000,11,0,31000,33949.299356011164,27062.253573909402,42557.38036800176,128.0
1790157512,16,TPOT,completion,0.100000,0.000000,300,300,320,320,320,320,320,320,320,320,320,11,0,230,250.56362440646274,198.7138718355623,321.0531823542409,0.0
1790157512,16,TTFT,completion,0.100000,0.000000,3300,3300,4100,4100,4100,4100,4100,4100,4100,4100,4100,11,0,1800,2127.664558356628,1661.5606939885765,4133.876882027835,0.0
1790157512,16,,Aggregated,0.300000,0.000000,3300,4100,41000,42000,43000,43000,43000,43000,43000,43000,43000,33,0,1800,12109.175846258087,198.7138718355623,42557.38036800176,42.666666666666664
1790157513,16,POST,completion,0.400000,0.000000,43000,43000,43000,43000,43000,43000,43000,43000,43000,43000,43000,12,0,33000,34707.30889144276,27062.253573909402,43045.41378119029,128.0
1790157513,16,TPOT,completion,0.400000,0.000000,320,320,320,320,320,320,320,320,320,320,320,12,0,250,256.7590299697062,198.7138718355623,324.90849116538453,0.0
1790157513,16,TTFT,completion,0.400000,0.000000,3300,3300,4100,4100,4100,4100,4100,4100,4100,4100,4100,12,0,1800,2098.857436426139,1661.5606939885765,4133.876882027835,0.0
1790157513,16,,Aggregated,1.200000,0.000000,3300,4100,42000,42000,43000,43000,43000,43000,43000,43000,43000,36,0,1800,12354.30845261287,198.7138718355623,43045.41378119029,42.666666666666664
1790157514,16,POST,completion,0.400000,0.000000,43000,43000,43000,43000,43000,43000,43000,43000,43000,43000,43000,12,0,33000,34707.30889144276,27062.253573909402,43045.41378119029,128.0
1790157514,16,TPOT,completion,0.400000,0.000000,320,320,320,320,320,320,320,320,320,320,320,12,0,250,256.7590299697062,198.7138718355623,324.90849116538453,0.0
1790157514,16,TTFT,completion,0.400000,0.000000,3300,3300,4100,4100,4100,4100,4100,4100,4100,4100,4100,12,0,1800,2098.857436426139,1661.5606939885765,4133.876882027835,0.0
1790157514,16,,Aggregated,1.200000,0.000000,3300,4100,42000,42000,43000,43000,43000,43000,43000,43000,43000,36,0,1800,12354.30845261287,198.7138718355623,43045.41378119029,42.666666666666664
1790157515,16,POST,completion,0.400000,0.000000,43000,43000,43000,43000,43000,43000,43000,43000,43000,43000,43000,12,0,33000,34707.30889144276,27062.253573909402,43045.41378119029,128.0
1790157515,16,TPOT,completion,0.400000,0.000000,320,320,320,320,320,320,320,320,320,320,320,12,0,250,256.7590299697062,198.7138718355623,324.90849116538453,0.0
1790157515,16,TTFT,completion,0.400000,0.000000,3300,3300,4100,4100,4100,4100,4100,4100,4100,4100,4100,12,0,1800,2098.857436426139,1661.5606939885765,4133.876882027835,0.0
1790157515,16,,Aggregated,1.200000,0.000000,3300,4100,42000,42000,43000,43000,43000,43000,43000,43000,43000,36,0,1800,12354.30845261287,198.7138718355623,43045.41378119029,42.666666666666664
1790157516,16,POST,completion,0.400000,0.000000,43000,43000,43000,43000,43000,43000,43000,43000,43000,43000,43000,12,0,33000,34707.30889144276,27062.253573909402,43045.41378119029,128.0
1790157516,16,TPOT,completion,0.400000,0.000000,320,320,320,320,320,320,320,320,320,320,320,12,0,250,256.7590299697062,198.7138718355623,324.90849116538453,0.0
1790157516,16,TTFT,completion,0.400000,0.000000,3300,3300,4100,4100,4100,4100,4100,4100,4100,4100,4100,12,0,1800,2098.857436426139,1661.5606939885765,4133.876882027835,0.0
1790157516,16,,Aggregated,1.200000,0.000000,3300,4100,42000,42000,43000,43000,43000,43000,43000,43000,43000,36,0,1800,12354.30845261287,198.7138718355623,43045.41378119029,42.666666666666664
1790157517,16,POST,completion,0.400000,0.000000,43000,43000,43000,43000,43000,43000,43000,43000,43000,43000,43000,12,0,33000,34707.30889144276,27062.253573909402,43045.41378119029,128.0
1790157517,16,TPOT,completion,0.400000,0.000000,320,320,320,320,320,320,320,320,320,320,320,12,0,250,256.7590299697062,198.7138718355623,324.90849116538453,0.0
1790157517,16,TTFT,completion,0.400000,0.000000,3300,3300,4100,4100,4100,4100,4100,4100,4100,4100,4100,12,0,1800,2098.857436426139,1661.5606939885765,4133.876882027835,0.0
1790157517,16,,Aggregated,1.200000,0.000000,3300,4100,42000,42000,43000,43000,43000,43000,43000,43000,43000,36,0,1800,12354.30845261287,198.7138718355623,43045.41378119029,42.666666666666664
1790157518,16,POST,completion,0.400000,0.000000,43000,43000,43000,43000,43000,43000,43000,43000,43000,43000,43000,12,0,33000,34707.30889144276,27062.253573909402,43045.41378119029,128.0
1790157518,16,TPOT,completion,0.400000,0.000000,320,320,320,320,320,320,320,320,320,320,320,12,0,250,256.7590299697062,198.7138718355623,324.90849116538453,0.0
1790157518,16,TTFT,completion,0.400000,0.000000,1800,1800,1800,1800,1800,1800,1800,1800,1800,1800,1800,12,0,1800,2098.857436426139,1661.5606939885765,4133.876882027835,0.0
1790157518,16,,Aggregated,1.200000,0.000000,1800,1800,43000,43000,43000,43000,43000,43000,43000,43000,43000,36,0,1800,12354.30845261287,198.7138718355623,43045.41378119029,42.666666666666664
1790157519,16,POST,completion,0.400000,0.000000,43000,43000,43000,43000,43000,43000,43000,43000,43000,43000,43000,12,0,33000,34707.30889144276,27062.253573909402,43045.41378119029,128.0
1790157519,16,TPOT,completion,0.400000,0.000000,320,320,320,320,320,320,320,320,320,320,320,12,0,250,256.7590299697062,198.7138718355623,324.90849116538453,0.0
1790157519,16,TTFT,completion,0.400000,0.000000,1800,1800,1800,1800,1800,1800,1800,1800,1800,1800,1800,12,0,1800,2098.857436426139,1661.5606939885765,4133.876882027835,0.0
1790157519,16,,Aggregated,1.200000,0.000000,1800,1800,43000,43000,43000,43000,43000,43000,43000,43000,43000,36,0,1800,12354.30845261287,198.7138718355623,43045.41378119029,42.666666666666664
1790157520,16,POST,completion,0.400000,0.000000,43000,43000,43000,43000,43000,43000,43000,43000,43000,43000,43000,12,0,33000,34707.30889144276,27062.253573909402,43045.41378119029,128.0
1790157520,16,TPOT,completion,0.400000,0.000000,320,320,320,320,320,320,320,320,320,320,320,12,0,250,256.7590299697062,198.7138718355623,324.90849116538453,0.0
1790157520,16,TTFT,completion,0.400000,0.000000,1800,1800,1800,1800,1800,1800,1800,1800,1800,1800,1800,12,0,1800,2098.857436426139,1661.5606939885765,4133.876882027835,0.0
1790157520,16,,Aggregated,1.200000,0.000000,1800,1800,43000,43000,43000,43000,43000,43000,43000,43000,43000,36,0,1800,12354.30845261287,198.7138718355623,43045.41378119029,42.666666666666664
1790157521,16,POST,completion,0.100000,0.000000,44000,44000,44000,44000,44000,44000,44000,44000,44000,44000,44000,13,0,33000,35415.283940410096,27062.253573909402,43910.98452801816,128.0
1790157521,16,TPOT,completion,0.100000,0.000000,330,330,330,330,330,330,330,330,330,330,330,13,0,250,262.5299007442866,198.7138718355623,331.7803500392511,0.0
1790157521,16,TTFT,completion,0.100000,0.000000,1800,1800,1800,1800,1800,1800,1800,1800,1800,1800,1800,13,0,1800,2073.9316893204186,1661.5606939885765,4133.876882027835,0.0
1790157521,16,,Aggregated,0.300000,0.000000,1800,1800,43000,43000,44000,44000,44000,44000,44000,44000,44000,39,0,1800,12583.915176824936,198.7138718355623,43910.98452801816,42.666666666666664
1790157522,16,POST,completion,0.100000,0.000000,44000,44000,44000,44000,44000,44000,44000,44000,44000,44000,44000,15,0,41000,36428.62757962818,27062.253573909402,43910.98452801816,128.0
1790157522,16,TPOT,completion,0.100000,0.000000,320,320,330,330,330,330,330,330,330,330,330,15,0,300,268.722602702907,198.7138718355623,331.7803500392511,0.0
1790157522,16,TTFT,completion,0.100000,0.000000,3200,3200,4400,4400,4400,4400,4400,4400,4400,4400,4400,15,0,1800,2300.8027540054172,1661.5606939885765,4351.340781897306,0.0
1790157522,16,,Aggregated,0.300000,0.000000,3200,4400,43000,43000,44000,44000,44000,44000,44000,44000,44000,45,0,1800,12999.384312112168,198.7138718355623,43910.98452801816,42.666666666666664
1790157523,16,POST,completion,0.100000,0.000000,42000,43000,43000,43000,44000,44000,44000,44000,44000,44000,44000,22,0,42000,37484.00176876352,27062.253573909402,43910.98452801816,128.0
1790157523,16,TPOT,completion,0.100000,0.000000,270,310,310,310,320,330,330,330,330,330,330,22,0,270,263.75971307220374,198.7138718355623,331.7803500392511,0.0
1790157523,16,TTFT,completion,0.100000,0.000000,6700,7500,7600,7600,8200,11000,11000,11000,11000,11000,11000,22,0,3200,3986.4667306590654,1661.5606939885765,11426.982406061143,0.0
1790157523,16,,Aggregated,0.300000,0.000000,6700,11000,38000,42000,43000,44000,44000,44000,44000,44000,44000,66,0,3200,13911.409404164928,198.7138718355623,43910.98452801816,42.666666666666664
1790157524,16,POST,completion,0.100000,0.000000,42000,43000,43000,43000,44000,44000,44000,44000,44000,44000,44000,22,0,42000,37484.00176876352,27062.253573909402,43910.98452801816,128.0
1790157524,16,TPOT,completion,0.100000,0.000000,270,310,310,310,320,330,330,330,330,330,330,22,0,270,263.75971307220374,198.7138718355623,331.7803500392511,0.0
1790157524,16,TTFT,completion,0.100000,0.000000,6700,7500,7600,7600,8200,11000,11000,11000,11000,11000,11000,22,0,3200,3986.4667306590654,1661.5606939885765,11426.982406061143,0.0
1790157524,16,,Aggregated,0.300000,0.000000,6700,11000,38000,42000,43000,44000,44000,44000,44000,44000,44000,66,0,3200,13911.409404164928,198.7138718355623,43910.98452801816,42.666666666666664
1790157525,16,POST,completion,0.400000,0.000000,42000,42000,43000,43000,44000,44000,44000,44000,44000,44000,44000,23,0,41000,37344.374808735905,27062.253573909402,43910.98452801816,128.0
1790157525,16,TPOT,completion,0.400000,0.000000,270,270,310,310,320,330,330,330,330,330,330,23,0,250,262.57170107286106,198.7138718355623,331.7803500392511,0.0
1790157525,16,TTFT,completion,0.400000,0.000000,6700,7200,7600,7600,8200,11000,11000,11000,11000,11000,11000,23,0,3200,3997.716893846898,1661.5606939885765,11426.982406061143,0.0
1790157525,16,,Aggregated,1.200000,0.000000,6700,11000,38000,42000,43000,44000,44000,44000,44000,44000,44000,69,0,3200,13868.221134551886,198.7138718355623,43910.98452801816,42.666666666666664
1790157526,16,POST,completion,0.400000,0.000000,42000,42000,43000,43000,44000,44000,44000,44000,44000,44000,44000,23,0,41000,37344.374808735905,27062.253573909402,43910.98452801816,128.0
1790157526,16,TPOT,completion,0.400000,0.000000,270,270,310,310,310,330,330,330,330,330,330,23,0,250,262.57170107286106,198.7138718355623,331.7803500392511,0.0
1790157526,16,TTFT,completion,0.400000,0.000000,6700,7500,7600,7600,8200,11000,11000,11000,11000,11000,11000,23,0,3200,3997.716893846898,1661.5606939885765,11426.982406061143,0.0
1790157526,16,,Aggregated,1.200000,0.000000,6700,11000,37000,42000,42000,44000,44000,44000,44000,44000,44000,69,0,3200,13868.221134551886,198.7138718355623,43910.98452801816,42.666666666666664
1790157527,16,POST,completion,0.400000,0.000000,42000,42000,43000,43000,44000,44000,44000,44000,44000,44000,44000,23,0,41000,37344.374808735905,27062.253573909402,43910.98452801816,128.0
1790157527,16,TPOT,completion,0.400000,0.000000,270,270,310,310,310,330,330,330,330,330,330,23,0,250,262.57170107286106,198.7138718355623,331.7803500392511,0.0
1790157527,16,TTFT,completion,0.400000,0.000000,6700,7500,7600,7600,8200,11000,11000,11000,11000,11000,11000,23,0,3200,3997.716893846898,1661.5606939885765,11426.982406061143,0.0
1790157527,16,,Aggregated,1.200000,0.000000,6700,11000,37000,42000,42000,44000,44000,44000,44000,44000,44000,69,0,3200,13868.221134551886,198.7138718355623,43910.98452801816,42.666666666666664
1790157528,16,POST,completion,0.400000,0.000000,42000,42000,43000,43000,44000,44000,44000,44000,44000,44000,44000,23,0,41000,37344.374808735905,27062.253573909402,43910.98452801816,128.0
1790157528,16,TPOT,completion,0.400000,0.000000,270,270,310,310,310,330,330,330,330,330,330,23,0,250,262.57170107286106,198.7138718355623,331.7803500392511,0.0
1790157528,16,TTFT,completion,0.400000,0.000000,6700,7500,7600,7600,8200,11000,11000,11000,11000,11000,11000,23,0,3200,3997.716893846898,1661.5606939885765,11426.982406061143,0.0
1790157528,16,,Aggregated,1.200000,0.000000,6700,11000,37000,42000,42000,44000,44000,44000,44000,44000,44000,69,0,3200,13868.221134551886,198.7138718355623,43910.98452801816,42.666666666666664
1790157529,16,POST,completion,0.400000,0.000000,42000,42000,43000,43000,44000,44000,44000,44000,44000,44000,44000,23,0,41000,37344.374808735905,27062.253573909402,43910.98452801816,128.0
1790157529,16,TPOT,completion,0.400000,0.000000,270,270,310,310,310,330,330,330,330,330,330,23,0,250,262.57170107286106,198.7138718355623,331.7803500392511,0.0
1790157529,16,TTFT,completion,0.400000,0.000000,6700,7500,7600,7600,8200,11000,11000,11000,11000,11000,11000,23,0,3200,3997.716893846898,1661.5606939885765,11426.982406061143,0.0
1790157529,16,,Aggregated,1.200000,0.000000,6700,11000,37000,42000,42000,44000,44000,44000,44000,44000,44000,69,0,3200,13868.221134551886,198.7138718355623,43910.98452801816,42.666666666666664
1790157530,16,POST,completion,0.400000,0.000000,42000,42000,43000,43000,44000,44000,44000,44000,44000,44000,44000,23,0,41000,37344.374808735905,27062.253573909402,43910.98452801816,128.0
1790157530,16,TPOT,completion,0.400000,0.000000,270,270,310,310,310,330,330,330,330,330,330,23,0,250,262.57170107286106,198.7138718355623,331.7803500392511,0.0
1790157530,16,TTFT,completion,0.400000,0.000000,6700,7500,7600,7600,8200,11000,11000,11000,11000,11000,11000,23,0,3200,3997.716893846898,1661.5606939885765,11426.982406061143,0.0
1790157530,16,,Aggregated,1.200000,0.000000,6700,11000,37000,42000,42000,44000,44000,44000,44000,44000,44000,69,0,3200,13868.221134551886,198.7138718355623,43910.98452801816,42.666666666666664
1790157531,16,POST,completion,0.400000,0.000000,42000,42000,42000,42000,43000,43000,43000,43000,43000,43000,43000,23,0,41000,37344.374808735905,27062.253573909402,43910.98452801816,128.0
1790157531,16,TPOT,completion,0.400000,0.000000,240,270,270,270,270,270,270,270,270,270,270,23,0,250,262.57170107286106,198.7138718355623,331.7803500392511,0.0
1790157531,16,TTFT,completion,0.400000,0.000000,7500,7600,8200,8200,11000,11000,11000,11000,11000,11000,11000,23,0,3200,3997.716893846898,1661.5606939885765,11426.982406061143,0.0
1790157531,16,,Aggregated,1.200000,0.000000,7500,11000,37000,38000,42000,42000,43000,43000,43000,43000,43000,69,0,3200,13868.221134551886,198.7138718355623,43910.98452801816,42.666666666666664
1790157532,16,POST,completion,1.100000,0.000000,37000,37000,38000,38000,42000,42000,42000,42000,42000,42000,42000,24,0,41000,37128.24177711931,27062.253573909402,43910.98452801816,128.0
1790157532,16,TPOT,completion,1.100000,0.000000,240,240,240,240,240,240,240,240,240,240,240,24,0,250,261.59714934968554,198.7138718355623,331.7803500392511,0.0
1790157532,16,TTFT,completion,1.100000,0.000000,6700,6700,7500,7500,11000,11000,11000,11000,11000,11000,11000,24,0,3200,3905.3518775617704,1661.5606939885765,11426.982406061143,0.0
1790157532,16,,Aggregated,3.300000,0.000000,6700,11000,34000,35000,38000,42000,42000,42000,42000,42000,42000,72,0,3200,13765.063601343587,198.7138718355623,43910.98452801816,42.666666666666664
1790157533,16,POST,completion,1.100000,0.000000,34000,34000,34000,34000,34000,34000,34000,34000,34000,34000,34000,24,0,41000,37128.24177711931,27062.253573909402,43910.98452801816,128.0
1790157533,16,TPOT,completion,1.100000,0.000000,240,240,240,240,240,240,240,240,240,240,240,24,0,250,261.59714934968554,198.7138718355623,331.7803500392511,0.0
1790157533,16,TTFT,completion,1.100000,0.000000,4200,4200,4200,4200,4200,4200,4200,4200,4200,4200,4200,24,0,3200,3905.3518775617704,1661.5606939885765,11426.982406061143,0.0
1790157533,16,,Aggregated,3.300000,0.000000,4200,4200,32000,32000,34000,34000,34000,34000,34000,34000,34000,72,0,3200,13765.063601343587,198.7138718355623,43910.98452801816,42.666666666666664
1790157534,16,POST,completion,1.100000,0.000000,34000,34000,34000,34000,34000,34000,34000,34000,34000,34000,34000,24,0,41000,37128.24177711931,27062.253573909402,43910.98452801816,128.0
1790157534,16,TPOT,completion,1.100000,0.000000,240,240,240,240,240,240,240,240,240,240,240,24,0,250,261.59714934968554,198.7138718355623,331.7803500392511,0.0
1790157534,16,TTFT,completion,1.100000,0.000000,4200,4200,4200,4200,4200,4200,4200,4200,4200,4200,4200,24,0,3200,3905.3518775617704,1661.5606939885765,11426.982406061143,0.0
1790157534,16,,Aggregated,3.300000,0.000000,4200,4200,32000,32000,34000,34000,34000,34000,34000,34000,34000,72,0,3200,13765.063601343587,198.7138718355623,43910.98452801816,42.666666666666664
1790157535,16,POST,completion,0.800000,0.000000,30000,32000,32000,34000,34000,34000,34000,34000,34000,34000,34000,27,0,37000,36386.364899256645,27062.253573909402,43910.98452801816,128.0
1790157535,16,TPOT,completion,0.800000,0.000000,230,240,240,240,240,240,240,240,240,240,240,27,0,240,255.92732220880262,198.7138718355623,331.7803500392511,0.0
1790157535,16,TTFT,completion,0.800000,0.000000,4200,4700,4700,4700,4700,4700,4700,4700,4700,4700,4700,27,0,3200,3883.5434372088425,1661.5606939885765,11426.982406061143,0.0
1790157535,16,,Aggregated,2.400000,0.000000,4200,4700,30000,30000,32000,34000,34000,34000,34000,34000,34000,81,0,3200,13508.61188622476,198.7138718355623,43910.98452801816,42.666666666666664
1790157536,16,POST,completion,0.800000,0.000000,30000,32000,32000,34000,34000,34000,34000,34000,34000,34000,34000,27,0,37000,36386.364899256645,27062.253573909402,43910.98452801816,128.0
1790157536,16,TPOT,completion,0.800000,0.000000,230,240,240,240,240,240,240,240,240,240,240,27,0,240,255.92732220880262,198.7138718355623,331.7803500392511,0.0
1790157536,16,TTFT,completion,0.800000,0.000000,4200,4700,4700,4700,4700,4700,4700,4700,4700,4700,4700,27,0,3200,3883.5434372088425,1661.5606939885765,11426.982406061143,0.0
1790157536,16,,Aggregated,2.400000,0.000000,4200,4700,30000,30000,32000,34000,34000,34000,34000,34000,34000,81,0,3200,13508.61188622476,198.7138718355623,43910.98452801816,42.666666666666664
1790157537,16,POST,completion,0.800000,0.000000,30000,32000,32000,34000,34000,34000,34000,34000,34000,34000,34000,27,0,37000,36386.364899256645,27062.253573909402,43910.98452801816,128.0
1790157537,16,TPOT,completion,0.800000,0.000000,230,240,240,240,240,240,240,240,240,240,240,27,0,240,255.92732220880262,198.7138718355623,331.7803500392511,0.0
1790157537,16,TTFT,completion,0.800000,0.000000,4200,4700,4700,4700,4700,4700,4700,4700,4700,4700,4700,27,0,3200,3883.5434372088425,1661.5606939885765,11426.982406061143,0.0
1790157537,16,,Aggregated,2.400000,0.000000,4200,4700,30000,30000,32000,34000,34000,34000,34000,34000,34000,81,0,3200,13508.61188622476,198.7138718355623,43910.98452801816,42.666666666666664
1790157538,16,POST,completion,0.400000,0.000000,30000,30000,30000,32000,32000,32000,32000,32000,32000,32000,32000,28,0,37000,35995.495159170656,25442.012176848948,43910.98452801816,128.0
1790157538,16,TPOT,completion,0.400000,0.000000,200,230,230,240,240,240,240,240,240,240,240,28,0,240,253.50497607897321,188.10163057357894,331.7803500392511,0.0
1790157538,16,TTFT,completion,0.400000,0.000000,1800,4700,4700,4700,4700,4700,4700,4700,4700,4700,4700,28,0,3200,3800.311609844877,1553.0522710178047,11426.982406061143,0.0
1790157538,16,,Aggregated,1.200000,0.000000,1800,4700,30000,30000,30000,32000,32000,32000,32000,32000,32000,84,0,3200,13349.770581698167,188.10163057357894,43910.98452801816,42.666666666666664
1790157539,16,POST,completion,0.400000,0.000000,30000,30000,30000,32000,32000,32000,32000,32000,32000,32000,32000,28,0,37000,35995.495159170656,25442.012176848948,43910.98452801816,128.0
1790157539,16,TPOT,completion,0.400000,0.000000,200,230,230,240,240,240,240,240,240,240,240,28,0,240,253.50497607897321,188.10163057357894,331.7803500392511,0.0
1790157539,16,TTFT,completion,0.400000,0.000000,1800,4700,4700,4700,4700,4700,4700,4700,4700,4700,4700,28,0,3200,3800.311609844877,1553.0522710178047,11426.982406061143,0.0
1790157539,16,,Aggregated,1.200000,0.000000,1800,4700,30000,30000,30000,32000,32000,32000,32000,32000,32000,84,0,3200,13349.770581698167,188.10163057357894,43910.98452801816,42.666666666666664
1790157540,16,POST,completion,0.400000,0.000000,30000,30000,30000,32000,32000,32000,32000,32000,32000,32000,32000,28,0,37000,35995.495159170656,25442.012176848948,43910.98452801816,128.0
1790157540,16,TPOT,completion,0.400000,0.000000,200,230,230,240,240,240,240,240,240,240,240,28,0,240,253.50497607897321,188.10163057357894,331.7803500392511,0.0
1790157540,16,TTFT,completion,0.400000,0.000000,1800,4700,4700,4700,4700,4700,4700,4700,4700,4700,4700,28,0,3200,3800.311609844877,1553.0522710178047,11426.982406061143,0.0
1790157540,16,,Aggregated,1.200000,0.000000,1800,4700,30000,30000,30000,32000,32000,32000,32000,32000,32000,84,0,3200,13349.770581698167,188.10163057357894,43910.98452801816,42.666666666666664
1790157541,16,POST,completion,0.400000,0.000000,30000,30000,30000,32000,32000,32000,32000,32000,32000,32000,32000,28,0,37000,35995.495159170656,25442.012176848948,43910.98452801816,128.0
1790157541,16,TPOT,completion,0.400000,0.000000,200,230,230,240,240,240,240,240,240,240,240,28,0,240,253.50497607897321,188.10163057357894,331.7803500392511,0.0
1790157541,16,TTFT,completion,0.400000,0.000000,1800,4700,4700,4700,4700,4700,4700,4700,4700,4700,4700,28,0,3200,3800.311609844877,1553.0522710178047,11426.982406061143,0.0
1790157541,16,,Aggregated,1.200000,0.000000,1800,4700,30000,30000,30000,32000,32000,32000,32000,32000,32000,84,0,3200,13349.770581698167,188.10163057357894,43910.98452801816,42.666666666666664
1790157542,16,POST,completion,0.400000,0.000000,30000,30000,30000,32000,32000,32000,32000,32000,32000,32000,32000,28,0,37000,35995.495159170656,25442.012176848948,43910.98452801816,128.0
1790157542,16,TPOT,completion,0.400000,0.000000,200,230,230,240,240,240,240,240,240,240,240,28,0,240,253.50497607897321,188.10163057357894,331.7803500392511,0.0
1790157542,16,TTFT,completion,0.400000,0.000000,1800,4700,4700,4700,4700,4700,4700,4700,4700,4700,4700,28,0,3200,3800.311609844877,1553.0522710178047,11426.982406061143,0.0
1790157542,16,,Aggregated,1.200000,0.000000,1800,4700,30000,30000,30000,32000,32000,32000,32000,32000,32000,84,0,3200,13349.770581698167,188.10163057357894,43910.98452801816,42.666666666666664
1790157543,16,POST,completion,0.400000,0.000000,30000,30000,30000,30000,30000,30000,30000,30000,30000,30000,30000,28,0,37000,35995.495159170656,25442.012176848948,43910.98452801816,128.0
1790157543,16,TPOT,completion,0.400000,0.000000,200,200,230,230,230,230,230,230,230,230,230,28,0,240,253.50497607897321,188.10163057357894,331.7803500392511,0.0
1790157543,16,TTFT,completion,0.400000,0.000000,4700,4700,4700,4700,4700,4700,4700,4700,4700,4700,4700,28,0,3200,3800.311609844877,1553.0522710178047,11426.982406061143,0.0
1790157543,16,,Aggregated,1.200000,0.000000,4700,4700,30000,30000,30000,30000,30000,30000,30000,30000,30000,84,0,3200,13349.770581698167,188.10163057357894,43910.98452801816,42.666666666666664
1790157544,16,POST,completion,0.400000,0.000000,30000,30000,30000,30000,30000,30000,30000,30000,30000,30000,30000,28,0,37000,35995.495159170656,25442.012176848948,43910.98452801816,128.0
1790157544,16,TPOT,completion,0.400000,0.000000,200,200,230,230,230,230,230,230,230,230,230,28,0,240,253.50497607897321,188.10163057357894,331.7803500392511,0.0
1790157544,16,TTFT,completion,0.400000,0.000000,4700,4700,4700,4700,4700,4700,4700,4700,4700,4700,4700,28,0,3200,3800.311609844877,1553.0522710178047,11426.982406061143,0.0
1790157544,16,,Aggregated,1.200000,0.000000,4700,4700,30000,30000,30000,30000,30000,30000,30000,30000,30000,84,0,3200,13349.770581698167,188.10163057357894,43910.98452801816,42.666666666666664
1790157545,16,POST,completion,0.400000,0.000000,25000,25000,25000,25000,25000,25000,25000,25000,25000,25000,25000,28,0,37000,35995.495159170656,25442.012176848948,43910.98452801816,128.0
1790157545,16,TPOT,completion,0.400000,0.000000,190,190,190,190,190,190,190,190,190,190,190,28,0,240,253.50497607897321,188.10163057357894,331.7803500392511,0.0
1790157545,16,TTFT,completion,0.400000,0.000000,1600,1600,1600,1600,1600,1600,1600,1600,1600,1600,1600,28,0,3200,3800.311609844877,1553.0522710178047,11426.982406061143,0.0
1790157545,16,,Aggregated,1.200000,0.000000,1600,1600,25000,25000,25000,25000,25000,25000,25000,25000,25000,84,0,3200,13349.770581698167,188.10163057357894,43910.98452801816,42.666666666666664
1790157546,16,POST,completion,0.400000,0.000000,25000,25000,25000,25000,25000,25000,25000,25000,25000,25000,25000,28,0,37000,35995.495159170656,25442.012176848948,43910.98452801816,128.0
1790157546,16,TPOT,completion,0.400000,0.000000,190,190,190,190,190,190,190,190,190,190,190,28,0,240,253.50497607897321,188.10163057357894,331.7803500392511,0.0
1790157546,16,TTFT,completion,0.400000,0.000000,1600,1600,1600,1600,1600,1600,1600,1600,1600,1600,1600,28,0,3200,3800.311609844877,1553.0522710178047,11426.982406061143,0.0
1790157546,16,,Aggregated,1.200000,0.000000,1600,1600,25000,25000,25000,25000,25000,25000,25000,25000,25000,84,0,3200,13349.770581698167,188.10163057357894,43910.98452801816,42.666666666666664
1790157547,16,POST,completion,0.400000,0.000000,25000,25000,25000,25000,25000,25000,25000,25000,25000,25000,25000,28,0,37000,35995.495159170656,25442.012176848948,43910.98452801816,128.0
1790157547,16,TPOT,completion,0.400000,0.000000,190,190,190,190,190,190,190,190,190,190,190,28,0,240,253.50497607897321,188.10163057357894,331.7803500392511,0.0
1790157547,16,TTFT,completion,0.400000,0.000000,1600,1600,1600,1600,1600,1600,1600,1600,1600,1600,1600,28,0,3200,3800.311609844877,1553.0522710178047,11426.982406061143,0.0
1790157547,16,,Aggregated,1.200000,0.000000,1600,1600,25000,25000,25000,25000,25000,25000,25000,25000,25000,84,0,3200,13349.770581698167,188.10163057357894,43910.98452801816,42.666666666666664
1790157548,16,POST,completion,0.400000,0.000000,25000,25000,25000,25000,25000,25000,25000,25000,25000,25000,25000,28,0,37000,35995.495159170656,25442.012176848948,43910.98452801816,128.0
1790157548,16,TPOT,completion,0.400000,0.000000,190,190,190,190,190,190,190,190,190,190,190,28,0,240,253.50497607897321,188.10163057357894,331.7803500392511,0.0
1790157548,16,TTFT,completion,0.400000,0.000000,1600,1600,1600,1600,1600,1600,1600,1600,1600,1600,1600,28,0,3200,3800.311609844877,1553.0522710178047,11426.982406061143,0.0
1790157548,16,,Aggregated,1.200000,0.000000,1600,1600,25000,25000,25000,25000,25000,25000,25000,25000,25000,84,0,3200,13349.770581698167,188.10163057357894,43910.98452801816,42.666666666666664
1790157549,16,POST,completion,0.400000,0.000000,25000,25000,25000,25000,25000,25000,25000,25000,25000,25000,25000,28,0,37000,35995.495159170656,25442.012176848948,43910.98452801816,128.0
1790157549,16,TPOT,completion,0.400000,0.000000,190,190,190,190,190,190,190,190,190,190,190,28,0,240,253.50497607897321,188.10163057357894,331.7803500392511,0.0
1790157549,16,TTFT,completion,0.400000,0.000000,1600,1600,1600,1600,1600,1600,1600,1600,1600,1600,1600,28,0,3200,3800.311609844877,1553.0522710178047,11426.982406061143,0.0
1790157549,16,,Aggregated,1.200000,0.000000,1600,1600,25000,25000,25000,25000,25000,25000,25000,25000,25000,84,0,3200,13349.770581698167,188.10163057357894,43910.98452801816,42.666666666666664
1790157550,16,POST,completion,0.400000,0.000000,25000,25000,25000,25000,25000,25000,25000,25000,25000,25000,25000,28,0,37000,35995.495159170656,25442.012176848948,43910.98452801816,128.0
1790157550,16,TPOT,completion,0.400000,0.000000,190,190,190,190,190,190,190,190,190,190,190,28,0,240,253.50497607897321,188.10163057357894,331.7803500392511,0.0
1790157550,16,TTFT,completion,0.400000,0.000000,1600,1600,1600,1600,1600,1600,1600,1600,1600,1600,1600,28,0,3200,3800.311609844877,1553.0522710178047,11426.982406061143,0.0
1790157550,16,,Aggregated,1.200000,0.000000,1600,1600,25000,25000,25000,25000,25000,25000,25000,25000,25000,84,0,3200,13349.770581698167,188.10163057357894,43910.98452801816,42.666666666666664
1790157551,16,POST,completion,0.400000,0.000000,25000,25000,25000,25000,25000,25000,25000,25000,25000,25000,25000,28,0,37000,35995.495159170656,25442.012176848948,43910.98452801816,128.0
1790157551,16,TPOT,completion,0.400000,0.000000,190,190,190,190,190,190,190,190,190,190,190,28,0,240,253.50497607897321,188.10163057357894,331.7803500392511,0.0
1790157551,16,TTFT,completion,0.400000,0.000000,1600,1600,1600,1600,1600,1600,1600,1600,1600,1600,1600,28,0,3200,3800.311609844877,1553.0522710178047,11426.982406061143,0.0
1790157551,16,,Aggregated,1.200000,0.000000,1600,1600,25000,25000,25000,25000,25000,25000,25000,25000,25000,84,0,3200,13349.770581698167,188.10163057357894,43910.98452801816,42.666666666666664
1790157552,16,POST,completion,0.400000,0.000000,25000,25000,25000,25000,25000,25000,25000,25000,25000,25000,25000,28,0,37000,35995.495159170656,25442.012176848948,43910.98452801816,128.0
1790157552,16,TPOT,completion,0.400000,0.000000,190,190,190,190,190,190,190,190,190,190,190,28,0,240,253.50497607897321,188.10163057357894,331.7803500392511,0.0
1790157552,16,TTFT,completion,0.400000,0.000000,1600,1600,1600,1600,1600,1600,1600,1600,1600,1600,1600,28,0,3200,3800.311609844877,1553.0522710178047,11426.982406061143,0.0
1790157552,16,,Aggregated,1.200000,0.000000,1600,1600,25000,25000,25000,25000,25000,25000,25000,25000,25000,84,0,3200,13349.770581698167,188.10163057357894,43910.98452801816,42.666666666666664
1790157553,16,POST,completion,0.000000,0.000000,32000,32000,32000,32000,32000,32000,32000,32000,32000,32000,32000,29,0,35000,35860.018742961234,25442.012176848948,43910.98452801816,128.0
1790157553,16,TPOT,completion,0.000000,0.000000,240,240,240,240,240,240,240,240,240,240,240,29,0,240,253.05206918318464,188.10163057357894,331.7803500392511,0.0
1790157553,16,TTFT,completion,0.000000,0.000000,1600,1600,1600,1600,1600,1600,1600,1600,1600,1600,1600,29,0,1900,3722.354209371682,1539.5469961222261,11426.982406061143,0.0
1790157553,16,,Aggregated,0.000000,0.000000,1600,1600,25000,25000,32000,32000,32000,32000,32000,32000,32000,87,0,1900,13278.475007172032,188.10163057357894,43910.98452801816,42.666666666666664
1790157554,16,POST,completion,0.000000,0.000000,31000,31000,31000,32000,32000,32000,32000,32000,32000,32000,32000,32,0,34000,35387.03437412914,25442.012176848948,43910.98452801816,128.0
1790157554,16,TPOT,completion,0.000000,0.000000,210,230,230,240,240,240,240,240,240,240,240,32,0,240,249.74344843126812,188.10163057357894,331.7803500392511,0.0
1790157554,16,TTFT,completion,0.000000,0.000000,1600,4000,4000,4000,4000,4000,4000,4000,4000,4000,4000,32,0,3200,3669.5650505280355,1533.408110961318,11426.982406061143,0.0
1790157554,16,,Aggregated,0.000000,0.000000,1600,4000,31000,31000,31000,32000,32000,32000,32000,32000,32000,96,0,3200,13102.114291029482,188.10163057357894,43910.98452801816,42.666666666666664
1790157555,16,POST,completion,0.000000,0.000000,31000,31000,32000,32000,32000,32000,32000,32000,32000,32000,32000,32,0,34000,35387.03437412914,25442.012176848948,43910.98452801816,128.0
1790157555,16,TPOT,completion,0.000000,0.000000,230,230,240,240,240,240,240,240,240,240,240,32,0,240,249.74344843126812,188.10163057357894,331.7803500392511,0.0
1790157555,16,TTFT,completion,0.000000,0.000000,4000,4000,4000,4000,4000,4000,4000,4000,4000,4000,4000,32,0,3200,3669.5650505280355,1533.408110961318,11426.982406061143,0.0
1790157555,16,,Aggregated,0.000000,0.000000,4000,4000,31000,31000,31000,32000,32000,32000,32000,32000,32000,96,0,3200,13102.114291029482,188.10163057357894,43910.98452801816,42.666666666666664
1790157556,16,POST,completion,0.000000,0.000000,31000,31000,32000,32000,32000,32000,32000,32000,32000,32000,32000,32,0,34000,35387.03437412914,25442.012176848948,43910.98452801816,128.0
1790157556,16,TPOT,completion,0.000000,0.000000,230,230,240,240,240,240,240,240,240,240,240,32,0,240,249.74344843126812,188.10163057357894,331.7803500392511,0.0
1790157556,16,TTFT,completion,0.000000,0.000000,4000,4000,4000,4000,4000,4000,4000,4000,4000,4000,4000,32,0,3200,3669.5650505280355,1533.408110961318,11426.982406061143,0.0
1790157556,16,,Aggregated,0.000000,0.000000,4000,4000,31000,31000,31000,32000,32000,32000,32000,32000,32000,96,0,3200,13102.114291029482,188.10163057357894,43910.98452801816,42.666666666666664
1790157557,16,POST,completion,0.000000,0.000000,31000,31000,32000,32000,32000,32000,32000,32000,32000,32000,32000,32,0,34000,35387.03437412914,25442.012176848948,43910.98452801816,128.0
1790157557,16,TPOT,completion,0.000000,0.000000,230,230,240,240,240,240,240,240,240,240,240,32,0,240,249.74344843126812,188.10163057357894,331.7803500392511,0.0
1790157557,16,TTFT,completion,0.000000,0.000000,4000,4000,4000,4000,4000,4000,4000,4000,4000,4000,4000,32,0,3200,3669.5650505280355,1533.408110961318,11426.982406061143,0.0
1790157557,16,,Aggregated,0.000000,0.000000,4000,4000,31000,31000,31000,32000,32000,32000,32000,32000,32000,96,0,3200,13102.114291029482,188.10163057357894,43910.98452801816,42.666666666666664
1790157558,16,POST,completion,0.000000,0.000000,31000,31000,32000,32000,32000,32000,32000,32000,32000,32000,32000,32,0,34000,35387.03437412914,25442.012176848948,43910.98452801816,128.0
1790157558,16,TPOT,completion,0.000000,0.000000,230,230,240,240,240,240,240,240,240,240,240,32,0,240,249.74344843126812,188.10163057357894,331.7803500392511,0.0
1790157558,16,TTFT,completion,0.000000,0.000000,4000,4000,4000,4000,4000,4000,4000,4000,4000,4000,4000,32,0,3200,3669.5650505280355,1533.408110961318,11426.982406061143,0.0
1790157558,16,,Aggregated,0.000000,0.000000,4000,4000,31000,31000,31000,32000,32000,32000,32000,32000,32000,96,0,3200,13102.114291029482,188.10163057357894,43910.98452801816,42.666666666666664
1790157559,16,POST,completion,0.000000,0.000000,31000,31000,32000,32000,32000,32000,32000,32000,32000,32000,32000,32,0,34000,35387.03437412914,25442.012176848948,43910.98452801816,128.0
1790157559,16,TPOT,completion,0.000000,0.000000,230,230,240,240,240,240,240,240,240,240,240,32,0,240,249.74344843126812,188.10163057357894,331.7803500392511,0.0
1790157559,16,TTFT,completion,0.000000,0.000000,4000,4000,4000,4000,4000,4000,4000,4000,4000,4000,4000,32,0,3200,3669.5650505280355,1533.408110961318,11426.982406061143,0.0
1790157559,16,,Aggregated,0.000000,0.000000,4000,4000,31000,31000,31000,32000,32000,32000,32000,32000,32000,96,0,3200,13102.114291029482,188.10163057357894,43910.98452801816,42.666666666666664
1790157560,16,POST,completion,0.000000,0.000000,31000,31000,32000,32000,32000,32000,32000,32000,32000,32000,32000,32,0,34000,35387.03437412914,25442.012176848948,43910.98452801816,128.0
1790157560,16,TPOT,completion,0.000000,0.000000,230,230,240,240,240,240,240,240,240,240,240,32,0,240,249.74344843126812,188.10163057357894,331.7803500392511,0.0
1790157560,16,TTFT,completion,0.000000,0.000000,4000,4000,4000,4000,4000,4000,4000,4000,4000,4000,4000,32,0,3200,3669.5650505280355,1533.408110961318,11426.982406061143,0.0
1790157560,16,,Aggregated,0.000000,0.000000,4000,4000,31000,31000,31000,32000,32000,32000,32000,32000,32000,96,0,3200,13102.114291029482,188.10163057357894,43910.98452801816,42.666666666666664
1790157561,16,POST,completion,0.000000,0.000000,31000,31000,32000,32000,32000,32000,32000,32000,32000,32000,32000,32,0,34000,35387.03437412914,25442.012176848948,43910.98452801816,128.0
1790157561,16,TPOT,completion,0.000000,0.000000,230,230,240,240,240,240,240,240,240,240,240,32,0,240,249.74344843126812,188.10163057357894,331.7803500392511,0.0
1790157561,16,TTFT,completion,0.000000,0.000000,4000,4000,4000,4000,4000,4000,4000,4000,4000,4000,4000,32,0,3200,3669.5650505280355,1533.408110961318,11426.982406061143,0.0
1790157561,16,,Aggregated,0.000000,0.000000,4000,4000,31000,31000,31000,32000,32000,32000,32000,32000,32000,96,0,3200,13102.114291029482,188.10163057357894,43910.98452801816,42.666666666666664
1790157562,16,POST,completion,0.000000,0.000000,31000,31000,32000,32000,32000,32000,32000,32000,32000,32000,32000,32,0,34000,35387.03437412914,25442.012176848948,43910.98452801816,128.0
1790157562,16,TPOT,completion,0.000000,0.000000,230,230,240,240,240,240,240,240,240,240,240,32,0,240,249.74344843126812,188.10163057357894,331.7803500392511,0.0
1790157562,16,TTFT,completion,0.000000,0.000000,4000,4000,4000,4000,4000,4000,4000,4000,4000,4000,4000,32,0,3200,3669.5650505280355,1533.408110961318,11426.982406061143,0.0
1790157562,16,,Aggregated,0.000000,0.000000,4000,4000,31000,31000,31000,32000,32000,32000,32000,32000,32000,96,0,3200,13102.114291029482,188.10163057357894,43910.98452801816,42.666666666666664
1790157563,16,POST,completion,0.000000,0.000000,31000,31000,32000,32000,32000,32000,32000,32000,32000,32000,32000,32,0,34000,35387.03437412914,25442.012176848948,43910.98452801816,128.0
1790157563,16,TPOT,completion,0.000000,0.000000,230,230,240,240,240,240,240,240,240,240,240,32,0,240,249.74344843126812,188.10163057357894,331.7803500392511,0.0
1790157563,16,TTFT,completion,0.000000,0.000000,4000,4000,4000,4000,4000,4000,4000,4000,4000,4000,4000,32,0,3200,3669.5650505280355,1533.408110961318,11426.982406061143,0.0
1790157563,16,,Aggregated,0.000000,0.000000,4000,4000,31000,31000,31000,32000,32000,32000,32000,32000,32000,96,0,3200,13102.114291029482,188.10163057357894,43910.98452801816,42.666666666666664
1790157564,16,POST,completion,0.000000,0.000000,31000,31000,32000,32000,32000,32000,32000,32000,32000,32000,32000,32,0,34000,35387.03437412914,25442.012176848948,43910.98452801816,128.0
1790157564,16,TPOT,completion,0.000000,0.000000,230,230,240,240,240,240,240,240,240,240,240,32,0,240,249.74344843126812,188.10163057357894,331.7803500392511,0.0
1790157564,16,TTFT,completion,0.000000,0.000000,4000,4000,4000,4000,4000,4000,4000,4000,4000,4000,4000,32,0,3200,3669.5650505280355,1533.408110961318,11426.982406061143,0.0
1790157564,16,,Aggregated,0.000000,0.000000,4000,4000,31000,31000,31000,32000,32000,32000,32000,32000,32000,96,0,3200,13102.114291029482,188.10163057357894,43910.98452801816,42.666666666666664
1790157565,16,POST,completion,0.000000,0.000000,31000,31000,32000,32000,32000,32000,32000,32000,32000,32000,32000,32,0,34000,35387.03437412914,25442.012176848948,43910.98452801816,128.0
1790157565,16,TPOT,completion,0.000000,0.000000,230,230,240,240,240,240,240,240,240,240,240,32,0,240,249.74344843126812,188.10163057357894,331.7803500392511,0.0
1790157565,16,TTFT,completion,0.000000,0.000000,4000,4000,4000,4000,4000,4000,4000,4000,4000,4000,4000,32,0,3200,3669.5650505280355,1533.408110961318,11426.982406061143,0.0
1790157565,16,,Aggregated,0.000000,0.000000,4000,4000,31000,31000,31000,32000,32000,32000,32000,32000,32000,96,0,3200,13102.114291029482,188.10163057357894,43910.98452801816,42.666666666666664
1790157566,16,POST,completion,0.000000,0.000000,31000,31000,32000,32000,32000,32000,32000,32000,32000,32000,32000,32,0,34000,35387.03437412914,25442.012176848948,43910.98452801816,128.0
1790157566,16,TPOT,completion,0.000000,0.000000,230,230,240,240,240,240,240,240,240,240,240,32,0,240,249.74344843126812,188.10163057357894,331.7803500392511,0.0
1790157566,16,TTFT,completion,0.000000,0.000000,4000,4000,4000,4000,4000,4000,4000,4000,4000,4000,4000,32,0,3200,3669.5650505280355,1533.408110961318,11426.982406061143,0.0
1790157566,16,,Aggregated,0.000000,0.000000,4000,4000,31000,31000,31000,32000,32000,32000,32000,32000,32000,96,0,3200,13102.114291029482,188.10163057357894,43910.98452801816,42.666666666666664
1790157567,16,POST,completion,0.000000,0.000000,31000,31000,32000,32000,32000,32000,32000,32000,32000,32000,32000,32,0,34000,35387.03437412914,25442.012176848948,43910.98452801816,128.0
1790157567,16,TPOT,completion,0.000000,0.000000,230,230,240,240,240,240,240,240,240,240,240,32,0,240,249.74344843126812,188.10163057357894,331.7803500392511,0.0
1790157567,16,TTFT,completion,0.000000,0.000000,4000,4000,4000,4000,4000,4000,4000,4000,4000,4000,4000,32,0,3200,3669.5650505280355,1533.408110961318,11426.982406061143,0.0
1790157567,16,,Aggregated,0.000000,0.000000,4000,4000,31000,31000,31000,32000,32000,32000,32000,32000,32000,96,0,3200,13102.114291029482,188.10163057357894,43910.98452801816,42.666666666666664
1790157568,16,POST,completion,0.000000,0.000000,31000,31000,32000,32000,32000,32000,32000,32000,32000,32000,32000,32,0,34000,35387.03437412914,25442.012176848948,43910.98452801816,128.0
1790157568,16,TPOT,completion,0.000000,0.000000,230,230,240,240,240,240,240,240,240,240,240,32,0,240,249.74344843126812,188.10163057357894,331.7803500392511,0.0
1790157568,16,TTFT,completion,0.000000,0.000000,4000,4000,4000,4000,4000,4000,4000,4000,4000,4000,4000,32,0,3200,3669.5650505280355,1533.408110961318,11426.982406061143,0.0
1790157568,16,,Aggregated,0.000000,0.000000,4000,4000,31000,31000,31000,32000,32000,32000,32000,32000,32000,96,0,3200,13102.114291029482,188.10163057357894,43910.98452801816,42.666666666666664
1790157569,16,POST,completion,0.000000,0.000000,31000,31000,32000,32000,32000,32000,32000,32000,32000,32000,32000,32,0,34000,35387.03437412914,25442.012176848948,43910.98452801816,128.0
1790157569,16,TPOT,completion,0.000000,0.000000,230,230,240,240,240,240,240,240,240,240,240,32,0,240,249.74344843126812,188.10163057357894,331.7803500392511,0.0
1790157569,16,TTFT,completion,0.000000,0.000000,4000,4000,4000,4000,4000,4000,4000,4000,4000,4000,4000,32,0,3200,3669.5650505280355,1533.408110961318,11426.982406061143,0.0
1790157569,16,,Aggregated,0.000000,0.000000,4000,4000,31000,31000,31000,32000,32000,32000,32000,32000,32000,96,0,3200,13102.114291029482,188.10163057357894,43910.98452801816,42.666666666666664
1790157570,16,POST,completion,0.000000,0.000000,31000,31000,32000,32000,32000,32000,32000,32000,32000,32000,32000,35,0,32000,35057.48559146055,25442.012176848948,43910.98452801816,128.0
1790157570,16,TPOT,completion,0.000000,0.000000,230,240,240,240,240,240,240,240,240,240,240,35,0,240,248.50137508133818,188.10163057357894,331.7803500392511,0.0
1790157570,16,TTFT,completion,0.000000,0.000000,1600,2000,4000,4000,4000,4000,4000,4000,4000,4000,4000,35,0,1900,3497.7570748621865,1398.8809601869434,11426.982406061143,0.0
1790157570,16,,Aggregated,0.000000,0.000000,1600,4000,31000,31000,31000,32000,32000,32000,32000,32000,32000,105,0,1900,12934.581347134692,188.10163057357894,43910.98452801816,42.666666666666664
1790157571,16,POST,completion,0.000000,0.000000,31000,31000,32000,32000,32000,32000,32000,32000,32000,32000,32000,36,0,32000,34911.92592997363,25442.012176848948,43910.98452801816,128.0
1790157571,16,TPOT,completion,0.000000,0.000000,240,240,240,240,240,240,240,240,240,240,240,36,0,240,247.6070984588037,188.10163057357894,331.7803500392511,0.0
1790157571,16,TTFT,completion,0.000000,0.000000,2000,2000,2300,2300,2300,2300,2300,2300,2300,2300,2300,36,0,2000,3465.7704186134247,1398.8809601869434,11426.982406061143,0.0
1790157571,16,,Aggregated,0.000000,0.000000,2000,2300,31000,31000,31000,32000,32000,32000,32000,32000,32000,108,0,2000,12875.101149015283,188.10163057357894,43910.98452801816,42.666666666666664
1790157572,16,POST,completion,0.000000,0.000000,31000,31000,32000,32000,32000,32000,32000,32000,32000,32000,32000,36,0,32000,34911.92592997363,25442.012176848948,43910.98452801816,128.0
1790157572,16,TPOT,completion,0.000000,0.000000,240,240,240,240,240,240,240,240,240,240,240,36,0,240,247.6070984588037,188.10163057357894,331.7803500392511,0.0
1790157572,16,TTFT,completion,0.000000,0.000000,2000,2000,2300,2300,2300,2300,2300,2300,2300,2300,2300,36,0,2000,3465.7704186134247,1398.8809601869434,11426.982406061143,0.0
1790157572,16,,Aggregated,0.000000,0.000000,2000,2300,31000,31000,31000,32000,32000,32000,32000,32000,32000,108,0,2000,12875.101149015283,188.10163057357894,43910.98452801816,42.666666666666664
1790157573,16,POST,completion,0.000000,0.000000,31000,31000,32000,32000,32000,32000,32000,32000,32000,32000,32000,36,0,32000,34911.92592997363,25442.012176848948,43910.98452801816,128.0
1790157573,16,TPOT,completion,0.000000,0.000000,240,240,240,240,240,240,240,240,240,240,240,36,0,240,247.6070984588037,188.10163057357894,331.7803500392511,0.0
1790157573,16,TTFT,completion,0.000000,0.000000,2000,2000,2300,2300,2300,2300,2300,2300,2300,2300,2300,36,0,2000,3465.7704186134247,1398.8809601869434,11426.982406061143,0.0
1790157573,16,,Aggregated,0.000000,0.000000,2000,2300,31000,31000,31000,32000,32000,32000,32000,32000,32000,108,0,2000,12875.101149015283,188.10163057357894,43910.98452801816,42.666666666666664
1790157574,16,POST,completion,0.000000,0.000000,31000,31000,32000,32000,32000,32000,32000,32000,32000,32000,32000,36,0,32000,34911.92592997363,25442.012176848948,43910.98452801816,128.0
1790157574,16,TPOT,completion,0.000000,0.000000,240,240,240,240,240,240,240,240,240,240,240,36,0,240,247.6070984588037,188.10163057357894,331.7803500392511,0.0
1790157574,16,TTFT,completion,0.000000,0.000000,2000,2000,2300,2300,2300,2300,2300,2300,2300,2300,2300,36,0,2000,3465.7704186134247,1398.8809601869434,11426.982406061143,0.0
1790157574,16,,Aggregated,0.000000,0.000000,2000,2300,31000,31000,31000,32000,32000,32000,32000,32000,32000,108,0,2000,12875.101149015283,188.10163057357894,43910.98452801816,42.666666666666664
1790157575,16,POST,completion,0.400000,0.000000,31000,31000,31000,31000,32000,32000,32000,32000,32000,32000,32000,38,0,32000,34565.457724396285,25442.012176848948,43910.98452801816,128.0
1790157575,16,TPOT,completion,0.400000,0.000000,230,230,240,240,240,240,240,240,240,240,240,38,0,240,245.70089915475523,188.10163057357894,331.7803500392511,0.0
1790157575,16,TTFT,completion,0.400000,0.000000,1600,1600,2000,2000,2300,2300,2300,2300,2300,2300,2300,38,0,1900,3361.389272080391,1398.8809601869434,11426.982406061143,0.0
1790157575,16,,Aggregated,1.200000,0.000000,1600,2300,29000,30000,31000,32000,32000,32000,32000,32000,32000,114,0,1900,12724.182631877142,188.10163057357894,43910.98452801816,42.666666666666664
1790157576,16,POST,completion,0.400000,0.000000,30000,31000,31000,31000,32000,32000,32000,32000,32000,32000,32000,39,0,32000,34356.19811918467,25442.012176848948,43910.98452801816,128.0
1790157576,16,TPOT,completion,0.400000,0.000000,220,230,240,240,240,240,240,240,240,240,240,39,0,240,244.4375254691975,188.10163057357894,331.7803500392511,0.0
1790157576,16,TTFT,completion,0.400000,0.000000,1500,1600,2000,2000,2300,2300,2300,2300,2300,2300,2300,39,0,1800,3312.5778505674157,1398.8809601869434,11426.982406061143,0.0
1790157576,16,,Aggregated,1.200000,0.000000,1500,2300,28000,29000,31000,31000,32000,32000,32000,32000,32000,117,0,1800,12637.737831740427,188.10163057357894,43910.98452801816,42.666666666666664
1790157577,16,POST,completion,0.400000,0.000000,30000,31000,31000,31000,32000,32000,32000,32000,32000,32000,32000,39,0,32000,34356.19811918467,25442.012176848948,43910.98452801816,128.0
1790157577,16,TPOT,completion,0.400000,0.000000,220,230,240,240,240,240,240,240,240,240,240,39,0,240,244.4375254691975,188.10163057357894,331.7803500392511,0.0
1790157577,16,TTFT,completion,0.400000,0.000000,1500,1600,2000,2000,2300,2300,2300,2300,2300,2300,2300,39,0,1800,3312.5778505674157,1398.8809601869434,11426.982406061143,0.0
1790157577,16,,Aggregated,1.200000,0.000000,1500,2300,28000,29000,31000,31000,32000,32000,32000,32000,32000,117,0,1800,12637.737831740427,188.10163057357894,43910.98452801816,42.666666666666664
1790157578,16,POST,completion,0.400000,0.000000,30000,31000,31000,31000,32000,32000,32000,32000,32000,32000,32000,39,0,32000,34356.19811918467,25442.012176848948,43910.98452801816,128.0
1790157578,16,TPOT,completion,0.400000,0.000000,220,230,240,240,240,240,240,240,240,240,240,39,0,240,244.4375254691975,188.10163057357894,331.7803500392511,0.0
1790157578,16,TTFT,completion,0.400000,0.000000,1500,1600,2000,2000,2300,2300,2300,2300,2300,2300,2300,39,0,1800,3312.5778505674157,1398.8809601869434,11426.982406061143,0.0
1790157578,16,,Aggregated,1.200000,0.000000,1500,2300,28000,29000,31000,31000,32000,32000,32000,32000,32000,117,0,1800,12637.737831740427,188.10163057357894,43910.98452801816,42.666666666666664
1790157580,16,POST,completion,0.400000,0.000000,30000,31000,31000,31000,32000,32000,32000,32000,32000,32000,32000,39,0,32000,34356.19811918467,25442.012176848948,43910.98452801816,128.0
1790157580,16,TPOT,completion,0.400000,0.000000,220,230,240,240,240,240,240,240,240,240,240,39,0,240,244.4375254691975,188.10163057357894,331.7803500392511,0.0
1790157580,16,TTFT,completion,0.400000,0.000000,1500,1600,2000,2000,2300,2300,2300,2300,2300,2300,2300,39,0,1800,3312.5778505674157,1398.8809601869434,11426.982406061143,0.0
1790157580,16,,Aggregated,1.200000,0.000000,1500,2300,28000,29000,31000,31000,32000,32000,32000,32000,32000,117,0,1800,12637.737831740427,188.10163057357894,43910.98452801816,42.666666666666664
1790157581,16,POST,completion,0.400000,0.000000,30000,31000,31000,31000,32000,32000,32000,32000,32000,32000,32000,39,0,32000,34356.19811918467,25442.012176848948,43910.98452801816,128.0
1790157581,16,TPOT,completion,0.400000,0.000000,220,230,240,240,240,240,240,240,240,240,240,39,0,240,244.4375254691975,188.10163057357894,331.7803500392511,0.0
1790157581,16,TTFT,completion,0.400000,0.000000,1500,1600,2000,2000,2300,2300,2300,2300,2300,2300,2300,39,0,1800,3312.5778505674157,1398.8809601869434,11426.982406061143,0.0
1790157581,16,,Aggregated,1.200000,0.000000,1500,2300,28000,29000,31000,31000,32000,32000,32000,32000,32000,117,0,1800,12637.737831740427,188.10163057357894,43910.98452801816,42.666666666666664
1790157582,16,POST,completion,0.400000,0.000000,28000,28000,29000,29000,29000,29000,29000,29000,29000,29000,29000,39,0,32000,34356.19811918467,25442.012176848948,43910.98452801816,128.0
1790157582,16,TPOT,completion,0.400000,0.000000,210,210,220,220,220,220,220,220,220,220,220,39,0,240,244.4375254691975,188.10163057357894,331.7803500392511,0.0
1790157582,16,TTFT,completion,0.400000,0.000000,1500,1500,1500,1500,1500,1500,1500,1500,1500,1500,1500,39,0,1800,3312.5778505674157,1398.8809601869434,11426.982406061143,0.0
1790157582,16,,Aggregated,1.200000,0.000000,1500,1500,26000,28000,29000,29000,29000,29000,29000,29000,29000,117,0,1800,12637.737831740427,188.10163057357894,43910.98452801816,42.666666666666664
1790157583,16,POST,completion,0.400000,0.000000,28000,28000,29000,29000,29000,29000,29000,29000,29000,29000,29000,39,0,32000,34356.19811918467,25442.012176848948,43910.98452801816,128.0
1790157583,16,TPOT,completion,0.400000,0.000000,210,210,220,220,220,220,220,220,220,220,220,39,0,240,244.4375254691975,188.10163057357894,331.7803500392511,0.0
1790157583,16,TTFT,completion,0.400000,0.000000,1500,1500,1500,1500,1500,1500,1500,1500,1500,1500,1500,39,0,1800,3312.5778505674157,1398.8809601869434,11426.982406061143,0.0
1790157583,16,,Aggregated,1.200000,0.000000,1500,1500,26000,28000,29000,29000,29000,29000,29000,29000,29000,117,0,1800,12637.737831740427,188.10163057357894,43910.98452801816,42.666666666666664
1790157584,16,POST,completion,0.400000,0.000000,28000,28000,29000,29000,29000,29000,29000,29000,29000,29000,29000,39,0,32000,34356.19811918467,25442.012176848948,43910.98452801816,128.0
1790157584,16,TPOT,completion,0.400000,0.000000,210,210,220,220,220,220,220,220,220,220,220,39,0,240,244.4375254691975,188.10163057357894,331.7803500392511,0.0
1790157584,16,TTFT,completion,0.400000,0.000000,1500,1500,1500,1500,1500,1500,1500,1500,1500,1500,1500,39,0,1800,3312.5778505674157,1398.8809601869434,11426.982406061143,0.0
1790157584,16,,Aggregated,1.200000,0.000000,1500,1500,26000,28000,29000,29000,29000,29000,29000,29000,29000,117,0,1800,12637.737831740427,188.10163057357894,43910.98452801816,42.666666666666664
1790157585,16,POST,completion,0.400000,0.000000,26000,26000,26000,26000,26000,26000,26000,26000,26000,26000,26000,39,0,32000,34356.19811918467,25442.012176848948,43910.98452801816,128.0
1790157585,16,TPOT,completion,0.400000,0.000000,200,200,200,200,200,200,200,200,200,200,200,39,0,240,244.4375254691975,188.10163057357894,331.7803500392511,0.0
1790157585,16,TTFT,completion,0.400000,0.000000,1500,1500,1500,1500,1500,1500,1500,1500,1500,1500,1500,39,0,1800,3312.5778505674157,1398.8809601869434,11426.982406061143,0.0
1790157585,16,,Aggregated,1.200000,0.000000,1500,1500,26000,26000,26000,26000,26000,26000,26000,26000,26000,117,0,1800,12637.737831740427,188.10163057357894,43910.98452801816,42.666666666666664
1790157586,16,POST,completion,0.400000,0.000000,26000,26000,26000,26000,26000,26000,26000,26000,26000,26000,26000,39,0,32000,34356.19811918467,25442.012176848948,43910.98452801816,128.0
1790157586,16,TPOT,completion,0.400000,0.000000,200,200,200,200,200,200,200,200,200,200,200,39,0,240,244.4375254691975,188.10163057357894,331.7803500392511,0.0
1790157586,16,TTFT,completion,0.400000,0.000000,1500,1500,1500,1500,1500,1500,1500,1500,1500,1500,1500,39,0,1800,3312.5778505674157,1398.8809601869434,11426.982406061143,0.0
1790157586,16,,Aggregated,1.200000,0.000000,1500,1500,26000,26000,26000,26000,26000,26000,26000,26000,26000,117,0,1800,12637.737831740427,188.10163057357894,43910.98452801816,42.666666666666664
1790157587,16,POST,completion,0.400000,0.000000,26000,26000,26000,26000,26000,26000,26000,26000,26000,26000,26000,39,0,32000,34356.19811918467,25442.012176848948,43910.98452801816,128.0
1790157587,16,TPOT,completion,0.400000,0.000000,200,200,200,200,200,200,200,200,200,200,200,39,0,240,244.4375254691975,188.10163057357894,331.7803500392511,0.0
1790157587,16,TTFT,completion,0.400000,0.000000,1500,1500,1500,1500,1500,1500,1500,1500,1500,1500,1500,39,0,1800,3312.5778505674157,1398.8809601869434,11426.982406061143,0.0
1790157587,16,,Aggregated,1.200000,0.000000,1500,1500,26000,26000,26000,26000,26000,26000,26000,26000,26000,117,0,1800,12637.737831740427,188.10163057357894,43910.98452801816,42.666666666666664
1790157588,16,POST,completion,0.400000,0.000000,26000,26000,26000,26000,26000,26000,26000,26000,26000,26000,26000,39,0,32000,34356.19811918467,25442.012176848948,43910.98452801816,128.0
1790157588,16,TPOT,completion,0.400000,0.000000,200,200,200,200,200,200,200,200,200,200,200,39,0,240,244.4375254691975,188.10163057357894,331.7803500392511,0.0
1790157588,16,TTFT,completion,0.400000,0.000000,1500,1500,1500,1500,1500,1500,1500,1500,1500,1500,1500,39,0,1800,3312.5778505674157,1398.8809601869434,11426.982406061143,0.0
1790157588,16,,Aggregated,1.200000,0.000000,1500,1500,26000,26000,26000,26000,26000,26000,26000,26000,26000,117,0,1800,12637.737831740427,188.10163057357894,43910.98452801816,42.666666666666664
1790157589,16,POST,completion,0.400000,0.000000,26000,26000,26000,26000,26000,26000,26000,26000,26000,26000,26000,39,0,32000,34356.19811918467,25442.012176848948,43910.98452801816,128.0
1790157589,16,TPOT,completion,0.400000,0.000000,200,200,200,200,200,200,200,200,200,200,200,39,0,240,244.4375254691975,188.10163057357894,331.7803500392511,0.0
1790157589,16,TTFT,completion,0.400000,0.000000,1500,1500,1500,1500,1500,1500,1500,1500,1500,1500,1500,39,0,1800,3312.5778505674157,1398.8809601869434,11426.982406061143,0.0
1790157589,16,,Aggregated,1.200000,0.000000,1500,1500,26000,26000,26000,26000,26000,26000,26000,26000,26000,117,0,1800,12637.737831740427,188.10163057357894,43910.98452801816,42.666666666666664
1790157590,16,POST,completion,0.400000,0.000000,26000,26000,26000,26000,26000,26000,26000,26000,26000,26000,26000,39,0,32000,34356.19811918467,25442.012176848948,43910.98452801816,128.0
1790157590,16,TPOT,completion,0.400000,0.000000,200,200,200,200,200,200,200,200,200,200,200,39,0,240,244.4375254691975,188.10163057357894,331.7803500392511,0.0
1790157590,16,TTFT,completion,0.400000,0.000000,1500,1500,1500,1500,1500,1500,1500,1500,1500,1500,1500,39,0,1800,3312.5778505674157,1398.8809601869434,11426.982406061143,0.0
1790157590,16,,Aggregated,1.200000,0.000000,1500,1500,26000,26000,26000,26000,26000,26000,26000,26000,26000,117,0,1800,12637.737831740427,188.10163057357894,43910.98452801816,42.666666666666664
1790157591,16,POST,completion,0.000000,0.000000,30000,30000,30000,30000,30000,30000,30000,30000,30000,30000,30000,40,0,32000,34246.517309354385,25442.012176848948,43910.98452801816,128.0
1790157591,16,TPOT,completion,0.000000,0.000000,220,220,220,220,220,220,220,220,220,220,220,40,0,240,243.922123061603,188.10163057357894,331.7803500392511,0.0
1790157591,16,TTFT,completion,0.000000,0.000000,1500,1500,1500,1500,1500,1500,1500,1500,1500,1500,1500,40,0,1800,3268.353090400342,1398.8809601869434,11426.982406061143,0.0
1790157591,16,,Aggregated,0.000000,0.000000,1500,1500,26000,26000,30000,30000,30000,30000,30000,30000,30000,120,0,1800,12586.264174272108,188.10163057357894,43910.98452801816,42.666666666666664
1790157592,16,POST,completion,0.000000,0.000000,30000,30000,30000,30000,30000,30000,30000,30000,30000,30000,30000,40,0,32000,34246.517309354385,25442.012176848948,43910.98452801816,128.0
1790157592,16,TPOT,completion,0.000000,0.000000,220,220,220,220,220,220,220,220,220,220,220,40,0,240,243.922123061603,188.10163057357894,331.7803500392511,0.0
1790157592,16,TTFT,completion,0.000000,0.000000,1500,1500,1500,1500,1500,1500,1500,1500,1500,1500,1500,40,0,1800,3268.353090400342,1398.8809601869434,11426.982406061143,0.0
1790157592,16,,Aggregated,0.000000,0.000000,1500,1500,26000,26000,30000,30000,30000,30000,30000,30000,30000,120,0,1800,12586.264174272108,188.10163057357894,43910.98452801816,42.666666666666664
1790157593,16,POST,completion,0.100000,0.000000,29000,29000,30000,30000,30000,30000,30000,30000,30000,30000,30000,43,0,31000,33855.91481809591,25442.012176848948,43910.98452801816,128.0
1790157593,16,TPOT,completion,0.100000,0.000000,210,210,220,220,220,220,220,220,220,220,220,43,0,230,240.83214158080904,188.10163057357894,331.7803500392511,0.0
1790157593,16,TTFT,completion,0.100000,0.000000,4200,4200,4200,4200,4200,4200,4200,4200,4200,4200,4200,43,0,1800,3270.178368396321,1398.8809601869434,11426.982406061143,0.0
1790157593,16,,Aggregated,0.300000,0.000000,4200,4200,29000,29000,29000,30000,30000,30000,30000,30000,30000,129,0,1800,12455.641776024342,188.10163057357894,43910.98452801816,42.666666666666664
1790157594,16,POST,completion,0.100000,0.000000,29000,29000,30000,30000,30000,30000,30000,30000,30000,30000,30000,43,0,31000,33855.91481809591,25442.012176848948,43910.98452801816,128.0
1790157594,16,TPOT,completion,0.100000,0.000000,210,210,220,220,220,220,220,220,220,220,220,43,0,230,240.83214158080904,188.10163057357894,331.7803500392511,0.0
1790157594,16,TTFT,completion,0.100000,0.000000,4200,4200,4200,4200,4200,4200,4200,4200,4200,4200,4200,43,0,1800,3270.178368396321,1398.8809601869434,11426.982406061143,0.0
1790157594,16,,Aggregated,0.300000,0.000000,4200,4200,29000,29000,29000,30000,30000,30000,30000,30000,30000,129,0,1800,12455.641776024342,188.10163057357894,43910.98452801816,42.666666666666664
1790157595,16,POST,completion,0.100000,0.000000,29000,29000,30000,30000,30000,30000,30000,30000,30000,30000,30000,43,0,31000,33855.91481809591,25442.012176848948,43910.98452801816,128.0
1790157595,16,TPOT,completion,0.100000,0.000000,210,210,220,220,220,220,220,220,220,220,220,43,0,230,240.83214158080904,188.10163057357894,331.7803500392511,0.0
1790157595,16,TTFT,completion,0.100000,0.000000,4200,4200,4200,4200,4200,4200,4200,4200,4200,4200,4200,43,0,1800,3270.178368396321,1398.8809601869434,11426.982406061143,0.0
1790157595,16,,Aggregated,0.300000,0.000000,4200,4200,29000,29000,29000,30000,30000,30000,30000,30000,30000,129,0,1800,12455.641776024342,188.10163057357894,43910.98452801816,42.666666666666664
1790157596,16,POST,completion,0.100000,0.000000,29000,29000,30000,30000,30000,30000,30000,30000,30000,30000,30000,43,0,31000,33855.91481809591,25442.012176848948,43910.98452801816,128.0
1790157596,16,TPOT,completion,0.100000,0.000000,210,210,220,220,220,220,220,220,220,220,220,43,0,230,240.83214158080904,188.10163057357894,331.7803500392511,0.0
1790157596,16,TTFT,completion,0.100000,0.000000,4200,4200,4200,4200,4200,4200,4200,4200,4200,4200,4200,43,0,1800,3270.178368396321,1398.8809601869434,11426.982406061143,0.0
1790157596,16,,Aggregated,0.300000,0.000000,4200,4200,29000,29000,29000,30000,30000,30000,30000,30000,30000,129,0,1800,12455.641776024342,188.10163057357894,43910.98452801816,42.666666666666664
1790157597,16,POST,completion,0.400000,0.000000,29000,29000,29000,30000,30000,30000,30000,30000,30000,30000,30000,44,0,31000,33638.832621435125,24304.298165021464,43910.98452801816,128.0
1790157597,16,TPOT,completion,0.400000,0.000000,190,210,210,220,220,220,220,220,220,220,220,44,0,230,239.44368717446812,179.74014770180926,331.7803500392511,0.0
1790157597,16,TTFT,completion,0.400000,0.000000,1600,4200,4200,4200,4200,4200,4200,4200,4200,4200,4200,44,0,1800,3229.429859567476,1398.8809601869434,11426.982406061143,0.0
1790157597,16,,Aggregated,1.200000,0.000000,1600,4200,29000,29000,29000,30000,30000,30000,30000,30000,30000,132,0,1800,12369.235389392352,179.74014770180926,43910.98452801816,42.666666666666664
1790157598,16,POST,completion,0.400000,0.000000,29000,29000,29000,30000,30000,30000,30000,30000,30000,30000,30000,44,0,31000,33638.832621435125,24304.298165021464,43910.98452801816,128.0
1790157598,16,TPOT,completion,0.400000,0.000000,190,210,210,220,220,220,220,220,220,220,220,44,0,230,239.44368717446812,179.74014770180926,331.7803500392511,0.0
1790157598,16,TTFT,completion,0.400000,0.000000,1600,4200,4200,4200,4200,4200,4200,4200,4200,4200,4200,44,0,1800,3229.429859567476,1398.8809601869434,11426.982406061143,0.0
1790157598,16,,Aggregated,1.200000,0.000000,1600,4200,29000,29000,29000,30000,30000,30000,30000,30000,30000,132,0,1800,12369.235389392352,179.74014770180926,43910.98452801816,42.666666666666664
1790157599,16,POST,completion,0.400000,0.000000,29000,29000,29000,30000,30000,30000,30000,30000,30000,30000,30000,44,0,31000,33638.832621435125,24304.298165021464,43910.98452801816,128.0
1790157599,16,TPOT,completion,0.400000,0.000000,190,210,210,220,220,220,220,220,220,220,220,44,0,230,239.44368717446812,179.74014770180926,331.7803500392511,0.0
1790157599,16,TTFT,completion,0.400000,0.000000,1600,4200,4200,4200,4200,4200,4200,4200,4200,4200,4200,44,0,1800,3229.429859567476,1398.8809601869434,11426.982406061143,0.0
1790157599,16,,Aggregated,1.200000,0.000000,1600,4200,29000,29000,29000,30000,30000,30000,30000,30000,30000,132,0,1800,12369.235389392352,179.74014770180926,43910.98452801816,42.666666666666664
1790157600,16,POST,completion,0.400000,0.000000,29000,29000,29000,30000,30000,30000,30000,30000,30000,30000,30000,44,0,31000,33638.832621435125,24304.298165021464,43910.98452801816,128.0
1790157600,16,TPOT,completion,0.400000,0.000000,190,210,210,220,220,220,220,220,220,220,220,44,0,230,239.44368717446812,179.74014770180926,331.7803500392511,0.0
1790157600,16,TTFT,completion,0.400000,0.000000,1600,4200,4200,4200,4200,4200,4200,4200,4200,4200,4200,44,0,1800,3229.429859567476,1398.8809601869434,11426.982406061143,0.0
1790157600,16,,Aggregated,1.200000,0.000000,1600,4200,29000,29000,29000,30000,30000,30000,30000,30000,30000,132,0,1800,12369.235389392352,179.74014770180926,43910.98452801816,42.666666666666664
1790157601,16,POST,completion,0.400000,0.000000,29000,29000,29000,29000,29000,29000,29000,29000,29000,29000,29000,44,0,31000,33638.832621435125,24304.298165021464,43910.98452801816,128.0
1790157601,16,TPOT,completion,0.400000,0.000000,190,190,210,210,210,210,210,210,210,210,210,44,0,230,239.44368717446812,179.74014770180926,331.7803500392511,0.0
1790157601,16,TTFT,completion,0.400000,0.000000,4200,4200,4200,4200,4200,4200,4200,4200,4200,4200,4200,44,0,1800,3229.429859567476,1398.8809601869434,11426.982406061143,0.0
1790157601,16,,Aggregated,1.200000,0.000000,4200,4200,29000,29000,29000,29000,29000,29000,29000,29000,29000,132,0,1800,12369.235389392352,179.74014770180926,43910.98452801816,42.666666666666664
1790157602,16,POST,completion,0.400000,0.000000,29000,29000,29000,29000,29000,29000,29000,29000,29000,29000,29000,44,0,31000,33638.832621435125,24304.298165021464,43910.98452801816,128.0
1790157602,16,TPOT,completion,0.400000,0.000000,190,190,190,190,190,190,190,190,190,190,190,44,0,230,239.44368717446812,179.74014770180926,331.7803500392511,0.0
1790157602,16,TTFT,completion,0.400000,0.000000,4200,4200,4200,4200,4200,4200,4200,4200,4200,4200,4200,44,0,1800,3229.429859567476,1398.8809601869434,11426.982406061143,0.0
1790157602,16,,Aggregated,1.200000,0.000000,4200,4200,24000,29000,29000,29000,29000,29000,29000,29000,29000,132,0,1800,12369.235389392352,179.74014770180926,43910.98452801816,42.666666666666664
1790157603,16,POST,completion,0.400000,0.000000,29000,29000,29000,29000,29000,29000,29000,29000,29000,29000,29000,44,0,31000,33638.832621435125,24304.298165021464,43910.98452801816,128.0
1790157603,16,TPOT,completion,0.400000,0.000000,190,190,190,190,190,190,190,190,190,190,190,44,0,230,239.44368717446812,179.74014770180926,331.7803500392511,0.0
1790157603,16,TTFT,completion,0.400000,0.000000,4200,4200,4200,4200,4200,4200,4200,4200,4200,4200,4200,44,0,1800,3229.429859567476,1398.8809601869434,11426.982406061143,0.0
1790157603,16,,Aggregated,1.200000,0.000000,4200,4200,24000,29000,29000,29000,29000,29000,29000,29000,29000,132,0,1800,12369.235389392352,179.74014770180926,43910.98452801816,42.666666666666664
1790157604,16,POST,completion,0.400000,0.000000,24000,24000,24000,24000,24000,24000,24000,24000,24000,24000,24000,44,0,31000,33638.832621435125,24304.298165021464,43910.98452801816,128.0
1790157604,16,TPOT,completion,0.400000,0.000000,180,180,180,180,180,180,180,180,180,180,180,44,0,230,239.44368717446812,179.74014770180926,331.7803500392511,0.0
1790157604,16,TTFT,completion,0.400000,0.000000,1500,1500,1500,1500,1500,1500,1500,1500,1500,1500,1500,44,0,1800,3229.429859567476,1398.8809601869434,11426.982406061143,0.0
1790157604,16,,Aggregated,1.200000,0.000000,1500,1500,24000,24000,24000,24000,24000,24000,24000,24000,24000,132,0,1800,12369.235389392352,179.74014770180926,43910.98452801816,42.666666666666664
1790157605,16,POST,completion,0.400000,0.000000,24000,24000,24000,24000,24000,24000,24000,24000,24000,24000,24000,44,0,31000,33638.832621435125,24304.298165021464,43910.98452801816,128.0
1790157605,16,TPOT,completion,0.400000,0.000000,180,180,180,180,180,180,180,180,180,180,180,44,0,230,239.44368717446812,179.74014770180926,331.7803500392511,0.0
1790157605,16,TTFT,completion,0.400000,0.000000,1500,1500,1500,1500,1500,1500,1500,1500,1500,1500,1500,44,0,1800,3229.429859567476,1398.8809601869434,11426.982406061143,0.0
1790157605,16,,Aggregated,1.200000,0.000000,1500,1500,24000,24000,24000,24000,24000,24000,24000,24000,24000,132,0,1800,12369.235389392352,179.74014770180926,43910.98452801816,42.666666666666664
1790157606,16,POST,completion,0.400000,0.000000,24000,24000,24000,24000,24000,24000,24000,24000,24000,24000,24000,44,0,31000,33638.832621435125,24304.298165021464,43910.98452801816,128.0
1790157606,16,TPOT,completion,0.400000,0.000000,180,180,180,180,180,180,180,180,180,180,180,44,0,230,239.44368717446812,179.74014770180926,331.7803500392511,0.0
1790157606,16,TTFT,completion,0.400000,0.000000,1500,1500,1500,1500,1500,1500,1500,1500,1500,1500,1500,44,0,1800,3229.429859567476,1398.8809601869434,11426.982406061143,0.0
1790157606,16,,Aggregated,1.200000,0.000000,1500,1500,24000,24000,24000,24000,24000,24000,24000,24000,24000,132,0,1800,12369.235389392352,179.74014770180926,43910.98452801816,42.666666666666664
1790157607,16,POST,completion,0.400000,0.000000,24000,24000,24000,24000,24000,24000,24000,24000,24000,24000,24000,44,0,31000,33638.832621435125,24304.298165021464,43910.98452801816,128.0
1790157607,16,TPOT,completion,0.400000,0.000000,180,180,180,180,180,180,180,180,180,180,180,44,0,230,239.44368717446812,179.74014770180926,331.7803500392511,0.0
1790157607,16,TTFT,completion,0.400000,0.000000,1500,1500,1500,1500,1500,1500,1500,1500,1500,1500,1500,44,0,1800,3229.429859567476,1398.8809601869434,11426.982406061143,0.0
1790157607,16,,Aggregated,1.200000,0.000000,1500,1500,24000,24000,24000,24000,24000,24000,24000,24000,24000,132,0,1800,12369.235389392352,179.74014770180926,43910.98452801816,42.666666666666664
1790157608,16,POST,completion,0.400000,0.000000,24000,24000,24000,24000,24000,24000,24000,24000,24000,24000,24000,44,0,31000,33638.832621435125,24304.298165021464,43910.98452801816,128.0
1790157608,16,TPOT,completion,0.400000,0.000000,180,180,180,180,180,180,180,180,180,180,180,44,0,230,239.44368717446812,179.74014770180926,331.7803500392511,0.0
1790157608,16,TTFT,completion,0.400000,0.000000,1500,1500,1500,1500,1500,1500,1500,1500,1500,1500,1500,44,0,1800,3229.429859567476,1398.8809601869434,11426.982406061143,0.0
1790157608,16,,Aggregated,1.200000,0.000000,1500,1500,24000,24000,24000,24000,24000,24000,24000,24000,24000,132,0,1800,12369.235389392352,179.74014770180926,43910.98452801816,42.666666666666664
1790157609,16,POST,completion,0.400000,0.000000,24000,24000,24000,24000,24000,24000,24000,24000,24000,24000,24000,44,0,31000,33638.832621435125,24304.298165021464,43910.98452801816,128.0
1790157609,16,TPOT,completion,0.400000,0.000000,180,180,180,180,180,180,180,180,180,180,180,44,0,230,239.44368717446812,179.74014770180926,331.7803500392511,0.0
1790157609,16,TTFT,completion,0.400000,0.000000,1500,1500,1500,1500,1500,1500,1500,1500,1500,1500,1500,44,0,1800,3229.429859567476,1398.8809601869434,11426.982406061143,0.0
1790157609,16,,Aggregated,1.200000,0.000000,1500,1500,24000,24000,24000,24000,24000,24000,24000,24000,24000,132,0,1800,12369.235389392352,179.74014770180926,43910.98452801816,42.666666666666664
1790157610,16,POST,completion,0.400000,0.000000,24000,24000,24000,24000,24000,24000,24000,24000,24000,24000,24000,44,0,31000,33638.832621435125,24304.298165021464,43910.98452801816,128.0
1790157610,16,TPOT,completion,0.400000,0.000000,180,180,180,180,180,180,180,180,180,180,180,44,0,230,239.44368717446812,179.74014770180926,331.7803500392511,0.0
1790157610,16,TTFT,completion,0.400000,0.000000,1500,1500,1500,1500,1500,1500,1500,1500,1500,1500,1500,44,0,1800,3229.429859567476,1398.8809601869434,11426.982406061143,0.0
1790157610,16,,Aggregated,1.200000,0.000000,1500,1500,24000,24000,24000,24000,24000,24000,24000,24000,24000,132,0,1800,12369.235389392352,179.74014770180926,43910.98452801816,42.666666666666664
1790157611,16,POST,completion,0.400000,0.000000,24000,24000,24000,24000,24000,24000,24000,24000,24000,24000,24000,44,0,31000,33638.832621435125,24304.298165021464,43910.98452801816,128.0
1790157611,16,TPOT,completion,0.400000,0.000000,180,180,180,180,180,180,180,180,180,180,180,44,0,230,239.44368717446812,179.74014770180926,331.7803500392511,0.0
1790157611,16,TTFT,completion,0.400000,0.000000,1500,1500,1500,1500,1500,1500,1500,1500,1500,1500,1500,44,0,1800,3229.429859567476,1398.8809601869434,11426.982406061143,0.0
1790157611,16,,Aggregated,1.200000,0.000000,1500,1500,24000,24000,24000,24000,24000,24000,24000,24000,24000,132,0,1800,12369.235389392352,179.74014770180926,43910.98452801816,42.666666666666664
1790157612,16,POST,completion,0.400000,0.000000,24000,24000,24000,24000,24000,24000,24000,24000,24000,24000,24000,44,0,31000,33638.832621435125,24304.298165021464,43910.98452801816,128.0
1790157612,16,TPOT,completion,0.400000,0.000000,180,180,180,180,180,180,180,180,180,180,180,44,0,230,239.44368717446812,179.74014770180926,331.7803500392511,0.0
1790157612,16,TTFT,completion,0.400000,0.000000,1500,1500,1500,1500,1500,1500,1500,1500,1500,1500,1500,44,0,1800,3229.429859567476,1398.8809601869434,11426.982406061143,0.0
1790157612,16,,Aggregated,1.200000,0.000000,1500,1500,24000,24000,24000,24000,24000,24000,24000,24000,24000,132,0,1800,12369.235389392352,179.74014770180926,43910.98452801816,42.666666666666664
1790157613,16,POST,completion,0.400000,0.000000,24000,24000,24000,24000,24000,24000,24000,24000,24000,24000,24000,44,0,31000,33638.832621435125,24304.298165021464,43910.98452801816,128.0
1790157613,16,TPOT,completion,0.400000,0.000000,180,180,180,180,180,180,180,180,180,180,180,44,0,230,239.44368717446812,179.74014770180926,331.7803500392511,0.0
1790157613,16,TTFT,completion,0.400000,0.000000,1500,1500,1500,1500,1500,1500,1500,1500,1500,1500,1500,44,0,1800,3229.429859567476,1398.8809601869434,11426.982406061143,0.0
1790157613,16,,Aggregated,1.200000,0.000000,1500,1500,24000,24000,24000,24000,24000,24000,24000,24000,24000,132,0,1800,12369.235389392352,179.74014770180926,43910.98452801816,42.666666666666664
1790157614,16,POST,completion,0.000000,0.000000,0,0,0,0,0,0,0,0,0,0,0,46,0,31000,33566.766851090666,24304.298165021464,43910.98452801816,128.0
1790157614,16,TPOT,completion,0.000000,0.000000,0,0,0,0,0,0,0,0,0,0,0,46,0,240,239.47191227658507,179.74014770180926,331.7803500392511,0.0
1790157614,16,TTFT,completion,0.000000,0.000000,0,0,0,0,0,0,0,0,0,0,0,46,0,1800,3153.7797272448306,1398.8809601869434,11426.982406061143,0.0
1790157614,16,,Aggregated,0.000000,0.000000,0,0,0,0,0,0,0,0,0,0,0,138,0,1800,12320.006163537355,179.74014770180926,43910.98452801816,42.666666666666664
1790157615,16,POST,completion,0.000000,0.000000,31000,31000,33000,33000,33000,33000,33000,33000,33000,33000,33000,48,0,31000,33474.43717588127,24304.298165021464,43910.98452801816,128.0
1790157615,16,TPOT,completion,0.000000,0.000000,240,240,250,250,250,250,250,250,250,250,250,48,0,230,238.4371423418648,179.74014770180926,331.7803500392511,0.0
1790157615,16,TTFT,completion,0.000000,0.000000,4100,4100,4100,4100,4100,4100,4100,4100,4100,4100,4100,48,0,1800,3192.865949711025,1398.8809601869434,11426.982406061143,0.0
1790157615,16,,Aggregated,0.000000,0.000000,4100,4100,31000,31000,31000,33000,33000,33000,33000,33000,33000,144,0,1800,12301.913422644717,179.74014770180926,43910.98452801816,42.666666666666664
1790157616,16,POST,completion,0.000000,0.000000,31000,31000,33000,33000,33000,33000,33000,33000,33000,33000,33000,48,0,31000,33474.43717588127,24304.298165021464,43910.98452801816,128.0
1790157616,16,TPOT,completion,0.000000,0.000000,240,240,250,250,250,250,250,250,250,250,250,48,0,230,238.4371423418648,179.74014770180926,331.7803500392511,0.0
1790157616,16,TTFT,completion,0.000000,0.000000,4100,4100,4100,4100,4100,4100,4100,4100,4100,4100,4100,48,0,1800,3192.865949711025,1398.8809601869434,11426.982406061143,0.0
1790157616,16,,Aggregated,0.000000,0.000000,4100,4100,31000,31000,31000,33000,33000,33000,33000,33000,33000,144,0,1800,12301.913422644717,179.74014770180926,43910.98452801816,42.666666666666664
1790157617,16,POST,completion,0.000000,0.000000,31000,31000,33000,33000,33000,33000,33000,33000,33000,33000,33000,48,0,31000,33474.43717588127,24304.298165021464,43910.98452801816,128.0
1790157617,16,TPOT,completion,0.000000,0.000000,240,240,250,250,250,250,250,250,250,250,250,48,0,230,238.4371423418648,179.74014770180926,331.7803500392511,0.0
1790157617,16,TTFT,completion,0.000000,0.000000,4100,4100,4100,4100,4100,4100,4100,4100,4100,4100,4100,48,0,1800,3192.865949711025,1398.8809601869434,11426.982406061143,0.0
1790157617,16,,Aggregated,0.000000,0.000000,4100,4100,31000,31000,31000,33000,33000,33000,33000,33000,33000,144,0,1800,12301.913422644717,179.74014770180926,43910.98452801816,42.666666666666664
1790157618,16,POST,completion,0.000000,0.000000,31000,31000,33000,33000,33000,33000,33000,33000,33000,33000,33000,48,0,31000,33474.43717588127,24304.298165021464,43910.98452801816,128.0
1790157618,16,TPOT,completion,0.000000,0.000000,240,240,250,250,250,250,250,250,250,250,250,48,0,230,238.4371423418648,179.74014770180926,331.7803500392511,0.0
1790157618,16,TTFT,completion,0.000000,0.000000,4100,4100,4100,4100,4100,4100,4100,4100,4100,4100,4100,48,0,1800,3192.865949711025,1398.8809601869434,11426.982406061143,0.0
1790157618,16,,Aggregated,0.000000,0.000000,4100,4100,31000,31000,31000,33000,33000,33000,33000,33000,33000,144,0,1800,12301.913422644717,179.74014770180926,43910.98452801816,42.666666666666664
1790157619,16,POST,completion,0.000000,0.000000,31000,31000,33000,33000,33000,33000,33000,33000,33000,33000,33000,48,0,31000,33474.43717588127,24304.298165021464,43910.98452801816,128.0
1790157619,16,TPOT,completion,0.000000,0.000000,240,240,250,250,250,250,250,250,250,250,250,48,0,230,238.4371423418648,179.74014770180926,331.7803500392511,0.0
1790157619,16,TTFT,completion,0.000000,0.000000,4100,4100,4100,4100,4100,4100,4100,4100,4100,4100,4100,48,0,1800,3192.865949711025,1398.8809601869434,11426.982406061143,0.0
1790157619,16,,Aggregated,0.000000,0.000000,4100,4100,31000,31000,31000,33000,33000,33000,33000,33000,33000,144,0,1800,12301.913422644717,179.74014770180926,43910.98452801816,42.666666666666664
1790157620,16,POST,completion,0.000000,0.000000,31000,31000,33000,33000,33000,33000,33000,33000,33000,33000,33000,48,0,31000,33474.43717588127,24304.298165021464,43910.98452801816,128.0
1790157620,16,TPOT,completion,0.000000,0.000000,240,240,250,250,250,250,250,250,250,250,250,48,0,230,238.4371423418648,179.74014770180926,331.7803500392511,0.0
1790157620,16,TTFT,completion,0.000000,0.000000,4100,4100,4100,4100,4100,4100,4100,4100,4100,4100,4100,48,0,1800,3192.865949711025,1398.8809601869434,11426.982406061143,0.0
1790157620,16,,Aggregated,0.000000,0.000000,4100,4100,31000,31000,31000,33000,33000,33000,33000,33000,33000,144,0,1800,12301.913422644717,179.74014770180926,43910.98452801816,42.666666666666664
1790157621,16,POST,completion,0.000000,0.000000,31000,31000,33000,33000,33000,33000,33000,33000,33000,33000,33000,48,0,31000,33474.43717588127,24304.298165021464,43910.98452801816,128.0
1790157621,16,TPOT,completion,0.000000,0.000000,240,240,250,250,250,250,250,250,250,250,250,48,0,230,238.4371423418648,179.74014770180926,331.7803500392511,0.0
1790157621,16,TTFT,completion,0.000000,0.000000,4100,4100,4100,4100,4100,4100,4100,4100,4100,4100,4100,48,0,1800,3192.865949711025,1398.8809601869434,11426.982406061143,0.0
1790157621,16,,Aggregated,0.000000,0.000000,4100,4100,31000,31000,31000,33000,33000,33000,33000,33000,33000,144,0,1800,12301.913422644717,179.74014770180926,43910.98452801816,42.666666666666664
1790157622,16,POST,completion,0.000000,0.000000,31000,31000,33000,33000,33000,33000,33000,33000,33000,33000,33000,48,0,31000,33474.43717588127,24304.298165021464,43910.98452801816,128.0
1790157622,16,TPOT,completion,0.000000,0.000000,240,240,250,250,250,250,250,250,250,250,250,48,0,230,238.4371423418648,179.74014770180926,331.7803500392511,0.0
1790157622,16,TTFT,completion,0.000000,0.000000,4100,4100,4100,4100,4100,4100,4100,4100,4100,4100,4100,48,0,1800,3192.865949711025,1398.8809601869434,11426.982406061143,0.0
1790157622,16,,Aggregated,0.000000,0.000000,4100,4100,31000,31000,31000,33000,33000,33000,33000,33000,33000,144,0,1800,12301.913422644717,179.74014770180926,43910.98452801816,42.666666666666664
1790157623,16,POST,completion,0.000000,0.000000,31000,31000,33000,33000,33000,33000,33000,33000,33000,33000,33000,48,0,31000,33474.43717588127,24304.298165021464,43910.98452801816,128.0
1790157623,16,TPOT,completion,0.000000,0.000000,240,240,250,250,250,250,250,250,250,250,250,48,0,230,238.4371423418648,179.74014770180926,331.7803500392511,0.0
1790157623,16,TTFT,completion,0.000000,0.000000,4100,4100,4100,4100,4100,4100,4100,4100,4100,4100,4100,48,0,1800,3192.865949711025,1398.8809601869434,11426.982406061143,0.0
1790157623,16,,Aggregated,0.000000,0.000000,4100,4100,31000,31000,31000,33000,33000,33000,33000,33000,33000,144,0,1800,12301.913422644717,179.74014770180926,43910.98452801816,42.666666666666664
1790157624,16,POST,completion,0.000000,0.000000,31000,31000,33000,33000,33000,33000,33000,33000,33000,33000,33000,48,0,31000,33474.43717588127,24304.298165021464,43910.98452801816,128.0
1790157624,16,TPOT,completion,0.000000,0.000000,240,240,250,250,250,250,250,250,250,250,250,48,0,230,238.4371423418648,179.74014770180926,331.7803500392511,0.0
1790157624,16,TTFT,completion,0.000000,0.000000,4100,4100,4100,4100,4100,4100,4100,4100,4100,4100,4100,48,0,1800,3192.865949711025,1398.8809601869434,11426.982406061143,0.0
1790157624,16,,Aggregated,0.000000,0.000000,4100,4100,31000,31000,31000,33000,33000,33000,33000,33000,33000,144,0,1800,12301.913422644717,179.74014770180926,43910.98452801816,42.666666666666664
1790157625,16,POST,completion,0.000000,0.000000,31000,31000,33000,33000,33000,33000,33000,33000,33000,33000,33000,48,0,31000,33474.43717588127,24304.298165021464,43910.98452801816,128.0
1790157625,16,TPOT,completion,0.000000,0.000000,240,240,250,250,250,250,250,250,250,250,250,48,0,230,238.4371423418648,179.74014770180926,331.7803500392511,0.0
1790157625,16,TTFT,completion,0.000000,0.000000,4100,4100,4100,4100,4100,4100,4100,4100,4100,4100,4100,48,0,1800,3192.865949711025,1398.8809601869434,11426.982406061143,0.0
1790157625,16,,Aggregated,0.000000,0.000000,4100,4100,31000,31000,31000,33000,33000,33000,33000,33000,33000,144,0,1800,12301.913422644717,179.74014770180926,43910.98452801816,42.666666666666664
1790157626,16,POST,completion,0.000000,0.000000,31000,31000,33000,33000,33000,33000,33000,33000,33000,33000,33000,48,0,31000,33474.43717588127,24304.298165021464,43910.98452801816,128.0
1790157626,16,TPOT,completion,0.000000,0.000000,240,240,250,250,250,250,250,250,250,250,250,48,0,230,238.4371423418648,179.74014770180926,331.7803500392511,0.0
1790157626,16,TTFT,completion,0.000000,0.000000,4100,4100,4100,4100,4100,4100,4100,4100,4100,4100,4100,48,0,1800,3192.865949711025,1398.8809601869434,11426.982406061143,0.0
1790157626,16,,Aggregated,0.000000,0.000000,4100,4100,31000,31000,31000,33000,33000,33000,33000,33000,33000,144,0,1800,12301.913422644717,179.74014770180926,43910.98452801816,42.666666666666664
1790157627,16,POST,completion,0.000000,0.000000,31000,31000,33000,33000,33000,33000,33000,33000,33000,33000,33000,48,0,31000,33474.43717588127,24304.298165021464,43910.98452801816,128.0
1790157627,16,TPOT,completion,0.000000,0.000000,240,240,250,250,250,250,250,250,250,250,250,48,0,230,238.4371423418648,179.74014770180926,331.7803500392511,0.0
1790157627,16,TTFT,completion,0.000000,0.000000,4100,4100,4100,4100,4100,4100,4100,4100,4100,4100,4100,48,0,1800,3192.865949711025,1398.8809601869434,11426.982406061143,0.0
1790157627,16,,Aggregated,0.000000,0.000000,4100,4100,31000,31000,31000,33000,33000,33000,33000,33000,33000,144,0,1800,12301.913422644717,179.74014770180926,43910.98452801816,42.666666666666664
1790157628,16,POST,completion,0.000000,0.000000,31000,31000,33000,33000,33000,33000,33000,33000,33000,33000,33000,48,0,31000,33474.43717588127,24304.298165021464,43910.98452801816,128.0
1790157628,16,TPOT,completion,0.000000,0.000000,240,240,250,250,250,250,250,250,250,250,250,48,0,230,238.4371423418648,179.74014770180926,331.7803500392511,0.0
1790157628,16,TTFT,completion,0.000000,0.000000,4100,4100,4100,4100,4100,4100,4100,4100,4100,4100,4100,48,0,1800,3192.865949711025,1398.8809601869434,11426.982406061143,0.0
1790157628,16,,Aggregated,0.000000,0.000000,4100,4100,31000,31000,31000,33000,33000,33000,33000,33000,33000,144,0,1800,12301.913422644717,179.74014770180926,43910.98452801816,42.666666666666664
1790157629,16,POST,completion,0.000000,0.000000,31000,31000,33000,33000,33000,33000,33000,33000,33000,33000,33000,48,0,31000,33474.43717588127,24304.298165021464,43910.98452801816,128.0
1790157629,16,TPOT,completion,0.000000,0.000000,240,240,250,250,250,250,250,250,250,250,250,48,0,230,238.4371423418648,179.74014770180926,331.7803500392511,0.0
1790157629,16,TTFT,completion,0.000000,0.000000,4100,4100,4100,4100,4100,4100,4100,4100,4100,4100,4100,48,0,1800,3192.865949711025,1398.8809601869434,11426.982406061143,0.0
1790157629,16,,Aggregated,0.000000,0.000000,4100,4100,31000,31000,31000,33000,33000,33000,33000,33000,33000,144,0,1800,12301.913422644717,179.74014770180926,43910.98452801816,42.666666666666664
1790157630,16,POST,completion,0.000000,0.000000,31000,31000,33000,33000,33000,33000,33000,33000,33000,33000,33000,48,0,31000,33474.43717588127,24304.298165021464,43910.98452801816,128.0
1790157630,16,TPOT,completion,0.000000,0.000000,240,240,250,250,250,250,250,250,250,250,250,48,0,230,238.4371423418648,179.74014770180926,331.7803500392511,0.0
1790157630,16,TTFT,completion,0.000000,0.000000,4100,4100,4100,4100,4100,4100,4100,4100,4100,4100,4100,48,0,1800,3192.865949711025,1398.8809601869434,11426.982406061143,0.0
1790157630,16,,Aggregated,0.000000,0.000000,4100,4100,31000,31000,31000,33000,33000,33000,33000,33000,33000,144,0,1800,12301.913422644717,179.74014770180926,43910.98452801816,42.666666666666664
1790157631,16,POST,completion,0.000000,0.000000,31000,33000,33000,33000,33000,33000,33000,33000,33000,33000,33000,49,0,31000,33470.939325149724,24304.298165021464,43910.98452801816,128.0
1790157631,16,TPOT,completion,0.000000,0.000000,240,250,250,250,250,250,250,250,250,250,250,49,0,230,238.6759122251139,179.74014770180926,331.7803500392511,0.0
1790157631,16,TTFT,completion,0.000000,0.000000,1500,4100,4100,4100,4100,4100,4100,4100,4100,4100,4100,49,0,1800,3159.0442347805947,1398.8809601869434,11426.982406061143,0.0
1790157631,16,,Aggregated,0.000000,0.000000,1500,4100,31000,31000,33000,33000,33000,33000,33000,33000,33000,147,0,1800,12289.553157385139,179.74014770180926,43910.98452801816,42.666666666666664
1790157632,16,POST,completion,0.000000,0.000000,32000,32000,33000,33000,33000,33000,33000,33000,33000,33000,33000,52,0,31000,33352.475307908695,24304.298165021464,43910.98452801816,128.0
1790157632,16,TPOT,completion,0.000000,0.000000,240,240,250,250,250,250,250,250,250,250,250,52,0,230,238.15519379706132,179.74014770180926,331.7803500392511,0.0
1790157632,16,TTFT,completion,0.000000,0.000000,2300,2300,2700,2700,2700,2700,2700,2700,2700,2700,2700,52,0,1800,3106.71168879176,1398.8809601869434,11426.982406061143,0.0
1790157632,16,,Aggregated,0.000000,0.000000,2300,2700,31000,31000,32000,33000,33000,33000,33000,33000,33000,156,0,1800,12232.447396832504,179.74014770180926,43910.98452801816,42.666666666666664
1790157633,16,POST,completion,0.000000,0.000000,32000,32000,33000,33000,33000,33000,33000,33000,33000,33000,33000,52,0,31000,33352.475307908695,24304.298165021464,43910.98452801816,128.0
1790157633,16,TPOT,completion,0.000000,0.000000,240,240,250,250,250,250,250,250,250,250,250,52,0,230,238.15519379706132,179.74014770180926,331.7803500392511,0.0
1790157633,16,TTFT,completion,0.000000,0.000000,2300,2300,2700,2700,2700,2700,2700,2700,2700,2700,2700,52,0,1800,3106.71168879176,1398.8809601869434,11426.982406061143,0.0
1790157633,16,,Aggregated,0.000000,0.000000,2300,2700,31000,31000,32000,33000,33000,33000,33000,33000,33000,156,0,1800,12232.447396832504,179.74014770180926,43910.98452801816,42.666666666666664
1790157634,16,POST,completion,0.000000,0.000000,32000,32000,33000,33000,33000,33000,33000,33000,33000,33000,33000,52,0,31000,33352.475307908695,24304.298165021464,43910.98452801816,128.0
1790157634,16,TPOT,completion,0.000000,0.000000,240,240,250,250,250,250,250,250,250,250,250,52,0,230,238.15519379706132,179.74014770180926,331.7803500392511,0.0
1790157634,16,TTFT,completion,0.000000,0.000000,2300,2300,2700,2700,2700,2700,2700,2700,2700,2700,2700,52,0,1800,3106.71168879176,1398.8809601869434,11426.982406061143,0.0
1790157634,16,,Aggregated,0.000000,0.000000,2300,2700,31000,31000,32000,33000,33000,33000,33000,33000,33000,156,0,1800,12232.447396832504,179.74014770180926,43910.98452801816,42.666666666666664
1790157635,16,POST,completion,0.400000,0.000000,31000,32000,32000,33000,33000,33000,33000,33000,33000,33000,33000,53,0,31000,33275.029908646036,24304.298165021464,43910.98452801816,128.0
1790157635,16,TPOT,completion,0.400000,0.000000,230,240,240,250,250,250,250,250,250,250,250,53,0,230,237.7859304508667,179.74014770180926,331.7803500392511,0.0
1790157635,16,TTFT,completion,0.400000,0.000000,1800,2300,2300,2700,2700,2700,2700,2700,2700,2700,2700,53,0,1800,3076.1627517201287,1398.8809601869434,11426.982406061143,0.0
1790157635,16,,Aggregated,1.200000,0.000000,1800,2700,31000,31000,32000,33000,33000,33000,33000,33000,33000,159,0,1800,12196.32619693901,179.74014770180926,43910.98452801816,42.666666666666664
1790157636,16,POST,completion,0.400000,0.000000,31000,31000,32000,32000,33000,33000,33000,33000,33000,33000,33000,54,0,31000,33175.71042243098,24304.298165021464,43910.98452801816,128.0
1790157636,16,TPOT,completion,0.400000,0.000000,230,230,240,240,250,250,250,250,250,250,250,54,0,230,237.23683873238727,179.74014770180926,331.7803500392511,0.0
1790157636,16,TTFT,completion,0.400000,0.000000,1800,1800,2300,2300,2700,2700,2700,2700,2700,2700,2700,54,0,1800,3046.577906244676,1398.8809601869434,11426.982406061143,0.0
1790157636,16,,Aggregated,1.200000,0.000000,1800,2700,29000,31000,32000,33000,33000,33000,33000,33000,33000,162,0,1800,12153.17505580268,179.74014770180926,43910.98452801816,42.666666666666664
1790157637,16,POST,completion,0.400000,0.000000,31000,31000,32000,32000,33000,33000,33000,33000,33000,33000,33000,55,0,31000,33055.7483419141,24304.298165021464,43910.98452801816,128.0
1790157637,16,TPOT,completion,0.400000,0.000000,220,230,240,240,250,250,250,250,250,250,250,55,0,230,236.50857586654942,179.74014770180926,331.7803500392511,0.0
1790157637,16,TTFT,completion,0.400000,0.000000,1500,1800,2300,2300,2700,2700,2700,2700,2700,2700,2700,55,0,1800,3019.1051729658448,1398.8809601869434,11426.982406061143,0.0
1790157637,16,,Aggregated,1.200000,0.000000,1500,2700,28000,29000,31000,32000,33000,33000,33000,33000,33000,165,0,1800,12103.787363582162,179.74014770180926,43910.98452801816,42.666666666666664
1790157638,16,POST,completion,0.400000,0.000000,31000,31000,32000,32000,33000,33000,33000,33000,33000,33000,33000,55,0,31000,33055.7483419141,24304.298165021464,43910.98452801816,128.0
1790157638,16,TPOT,completion,0.400000,0.000000,220,230,240,240,250,250,250,250,250,250,250,55,0,230,236.50857586654942,179.74014770180926,331.7803500392511,0.0
1790157638,16,TTFT,completion,0.400000,0.000000,1500,1800,2300,2300,2700,2700,2700,2700,2700,2700,2700,55,0,1800,3019.1051729658448,1398.8809601869434,11426.982406061143,0.0
1790157638,16,,Aggregated,1.200000,0.000000,1500,2700,28000,29000,31000,32000,33000,33000,33000,33000,33000,165,0,1800,12103.787363582162,179.74014770180926,43910.98452801816,42.666666666666664
1790157639,16,POST,completion,0.400000,0.000000,31000,31000,32000,32000,33000,33000,33000,33000,33000,33000,33000,55,0,31000,33055.7483419141,24304.298165021464,43910.98452801816,128.0
1790157639,16,TPOT,completion,0.400000,0.000000,220,230,240,240,250,250,250,250,250,250,250,55,0,230,236.50857586654942,179.74014770180926,331.7803500392511,0.0
1790157639,16,TTFT,completion,0.400000,0.000000,1500,1800,2300,2300,2700,2700,2700,2700,2700,2700,2700,55,0,1800,3019.1051729658448,1398.8809601869434,11426.982406061143,0.0
1790157639,16,,Aggregated,1.200000,0.000000,1500,2700,28000,29000,31000,32000,33000,33000,33000,33000,33000,165,0,1800,12103.787363582162,179.74014770180926,43910.98452801816,42.666666666666664
1790157640,16,POST,completion,0.400000,0.000000,31000,31000,32000,32000,33000,33000,33000,33000,33000,33000,33000,55,0,31000,33055.7483419141,24304.298165021464,43910.98452801816,128.0
1790157640,16,TPOT,completion,0.400000,0.000000,220,230,240,240,250,250,250,250,250,250,250,55,0,230,236.50857586654942,179.74014770180926,331.7803500392511,0.0
1790157640,16,TTFT,completion,0.400000,0.000000,1500,1800,2300,2300,2700,2700,2700,2700,2700,2700,2700,55,0,1800,3019.1051729658448,1398.8809601869434,11426.982406061143,0.0
1790157640,16,,Aggregated,1.200000,0.000000,1500,2700,28000,29000,31000,32000,33000,33000,33000,33000,33000,165,0,1800,12103.787363582162,179.74014770180926,43910.98452801816,42.666666666666664
1790157641,16,POST,completion,0.400000,0.000000,31000,31000,32000,32000,33000,33000,33000,33000,33000,33000,33000,55,0,31000,33055.7483419141,24304.298165021464,43910.98452801816,128.0
1790157641,16,TPOT,completion,0.400000,0.000000,220,230,240,240,250,250,250,250,250,250,250,55,0,230,236.50857586654942,179.74014770180926,331.7803500392511,0.0
1790157641,16,TTFT,completion,0.400000,0.000000,1500,1800,2300,2300,2700,2700,2700,2700,2700,2700,2700,55,0,1800,3019.1051729658448,1398.8809601869434,11426.982406061143,0.0
1790157641,16,,Aggregated,1.200000,0.000000,1500,2700,28000,29000,31000,32000,33000,33000,33000,33000,33000,165,0,1800,12103.787363582162,179.74014770180926,43910.98452801816,42.666666666666664
1790157642,16,POST,completion,0.400000,0.000000,31000,31000,32000,32000,33000,33000,33000,33000,33000,33000,33000,55,0,31000,33055.7483419141,24304.298165021464,43910.98452801816,128.0
1790157642,16,TPOT,completion,0.400000,0.000000,220,230,240,240,250,250,250,250,250,250,250,55,0,230,236.50857586654942,179.74014770180926,331.7803500392511,0.0
1790157642,16,TTFT,completion,0.400000,0.000000,1500,1800,2300,2300,2700,2700,2700,2700,2700,2700,2700,55,0,1800,3019.1051729658448,1398.8809601869434,11426.982406061143,0.0
1790157642,16,,Aggregated,1.200000,0.000000,1500,2700,28000,29000,31000,32000,33000,33000,33000,33000,33000,165,0,1800,12103.787363582162,179.74014770180926,43910.98452801816,42.666666666666664
1790157643,16,POST,completion,0.400000,0.000000,28000,28000,29000,29000,29000,29000,29000,29000,29000,29000,29000,55,0,31000,33055.7483419141,24304.298165021464,43910.98452801816,128.0
1790157643,16,TPOT,completion,0.400000,0.000000,210,210,220,220,220,220,220,220,220,220,220,55,0,230,236.50857586654942,179.74014770180926,331.7803500392511,0.0
1790157643,16,TTFT,completion,0.400000,0.000000,1500,1500,1500,1500,1500,1500,1500,1500,1500,1500,1500,55,0,1800,3019.1051729658448,1398.8809601869434,11426.982406061143,0.0
1790157643,16,,Aggregated,1.200000,0.000000,1500,1500,27000,28000,29000,29000,29000,29000,29000,29000,29000,165,0,1800,12103.787363582162,179.74014770180926,43910.98452801816,42.666666666666664
1790157644,16,POST,completion,0.400000,0.000000,28000,28000,29000,29000,29000,29000,29000,29000,29000,29000,29000,55,0,31000,33055.7483419141,24304.298165021464,43910.98452801816,128.0
1790157644,16,TPOT,completion,0.400000,0.000000,210,210,220,220,220,220,220,220,220,220,220,55,0,230,236.50857586654942,179.74014770180926,331.7803500392511,0.0
1790157644,16,TTFT,completion,0.400000,0.000000,1500,1500,1500,1500,1500,1500,1500,1500,1500,1500,1500,55,0,1800,3019.1051729658448,1398.8809601869434,11426.982406061143,0.0
1790157644,16,,Aggregated,1.200000,0.000000,1500,1500,27000,28000,29000,29000,29000,29000,29000,29000,29000,165,0,1800,12103.787363582162,179.74014770180926,43910.98452801816,42.666666666666664
1790157645,16,POST,completion,0.400000,0.000000,28000,28000,28000,28000,28000,28000,28000,28000,28000,28000,28000,55,0,31000,33055.7483419141,24304.298165021464,43910.98452801816,128.0
1790157645,16,TPOT,completion,0.400000,0.000000,210,210,210,210,210,210,210,210,210,210,210,55,0,230,236.50857586654942,179.74014770180926,331.7803500392511,0.0
1790157645,16,TTFT,completion,0.400000,0.000000,1500,1500,1500,1500,1500,1500,1500,1500,1500,1500,1500,55,0,1800,3019.1051729658448,1398.8809601869434,11426.982406061143,0.0
1790157645,16,,Aggregated,1.200000,0.000000,1500,1500,27000,27000,28000,28000,28000,28000,28000,28000,28000,165,0,1800,12103.787363582162,179.74014770180926,43910.98452801816,42.666666666666664
1790157646,16,POST,completion,0.400000,0.000000,28000,28000,28000,28000,28000,28000,28000,28000,28000,28000,28000,55,0,31000,33055.7483419141,24304.298165021464,43910.98452801816,128.0
1790157646,16,TPOT,completion,0.400000,0.000000,210,210,210,210,210,210,210,210,210,210,210,55,0,230,236.50857586654942,179.74014770180926,331.7803500392511,0.0
1790157646,16,TTFT,completion,0.400000,0.000000,1500,1500,1500,1500,1500,1500,1500,1500,1500,1500,1500,55,0,1800,3019.1051729658448,1398.8809601869434,11426.982406061143,0.0
1790157646,16,,Aggregated,1.200000,0.000000,1500,1500,27000,27000,28000,28000,28000,28000,28000,28000,28000,165,0,1800,12103.787363582162,179.74014770180926,43910.98452801816,42.666666666666664
1790157647,16,POST,completion,0.400000,0.000000,28000,28000,28000,28000,28000,28000,28000,28000,28000,28000,28000,55,0,31000,33055.7483419141,24304.298165021464,43910.98452801816,128.0
1790157647,16,TPOT,completion,0.400000,0.000000,210,210,210,210,210,210,210,210,210,210,210,55,0,230,236.50857586654942,179.74014770180926,331.7803500392511,0.0
1790157647,16,TTFT,completion,0.400000,0.000000,1500,1500,1500,1500,1500,1500,1500,1500,1500,1500,1500,55,0,1800,3019.1051729658448,1398.8809601869434,11426.982406061143,0.0
1790157647,16,,Aggregated,1.200000,0.000000,1500,1500,27000,27000,28000,28000,28000,28000,28000,28000,28000,165,0,1800,12103.787363582162,179.74014770180926,43910.98452801816,42.666666666666664
1790157648,16,POST,completion,0.400000,0.000000,28000,28000,28000,28000,28000,28000,28000,28000,28000,28000,28000,55,0,31000,33055.7483419141,24304.298165021464,43910.98452801816,128.0
1790157648,16,TPOT,completion,0.400000,0.000000,210,210,210,210,210,210,210,210,210,210,210,55,0,230,236.50857586654942,179.74014770180926,331.7803500392511,0.0
1790157648,16,TTFT,completion,0.400000,0.000000,1500,1500,1500,1500,1500,1500,1500,1500,1500,1500,1500,55,0,1800,3019.1051729658448,1398.8809601869434,11426.982406061143,0.0
1790157648,16,,Aggregated,1.200000,0.000000,1500,1500,27000,27000,28000,28000,28000,28000,28000,28000,28000,165,0,1800,12103.787363582162,179.74014770180926,43910.98452801816,42.666666666666664
1790157649,16,POST,completion,0.400000,0.000000,28000,28000,28000,28000,28000,28000,28000,28000,28000,28000,28000,55,0,31000,33055.7483419141,24304.298165021464,43910.98452801816,128.0
1790157649,16,TPOT,completion,0.400000,0.000000,210,210,210,210,210,210,210,210,210,210,210,55,0,230,236.50857586654942,179.74014770180926,331.7803500392511,0.0
1790157649,16,TTFT,completion,0.400000,0.000000,1500,1500,1500,1500,1500,1500,1500,1500,1500,1500,1500,55,0,1800,3019.1051729658448,1398.8809601869434,11426.982406061143,0.0
1790157649,16,,Aggregated,1.200000,0.000000,1500,1500,27000,27000,28000,28000,28000,28000,28000,28000,28000,165,0,1800,12103.787363582162,179.74014770180926,43910.98452801816,42.666666666666664
1790157650,16,POST,completion,0.400000,0.000000,28000,28000,28000,28000,28000,28000,28000,28000,28000,28000,28000,55,0,31000,33055.7483419141,24304.298165021464,43910.98452801816,128.0
1790157650,16,TPOT,completion,0.400000,0.000000,210,210,210,210,210,210,210,210,210,210,210,55,0,230,236.50857586654942,179.74014770180926,331.7803500392511,0.0
1790157650,16,TTFT,completion,0.400000,0.000000,1500,1500,1500,1500,1500,1500,1500,1500,1500,1500,1500,55,0,1800,3019.1051729658448,1398.8809601869434,11426.982406061143,0.0
1790157650,16,,Aggregated,1.200000,0.000000,1500,1500,27000,27000,28000,28000,28000,28000,28000,28000,28000,165,0,1800,12103.787363582162,179.74014770180926,43910.98452801816,42.666666666666664
1790157651,16,POST,completion,0.000000,0.000000,28000,28000,31000,31000,31000,31000,31000,31000,31000,31000,31000,56,0,31000,33016.92187193216,24304.298165021464,43910.98452801816,128.0
1790157651,16,TPOT,completion,0.000000,0.000000,210,210,230,230,230,230,230,230,230,230,230,56,0,230,236.38139786050095,179.74014770180926,331.7803500392511,0.0
1790157651,16,TTFT,completion,0.000000,0.000000,1500,1500,1700,1700,1700,1700,1700,1700,1700,1700,1700,56,0,1800,2996.4301952859387,1398.8809601869434,11426.982406061143,0.0
1790157651,16,,Aggregated,0.000000,0.000000,1500,1700,27000,28000,31000,31000,31000,31000,31000,31000,31000,168,0,1800,12083.244488359529,179.74014770180926,43910.98452801816,42.666666666666664
1790157652,16,POST,completion,0.000000,0.000000,28000,28000,31000,31000,31000,31000,31000,31000,31000,31000,31000,56,0,31000,33016.92187193216,24304.298165021464,43910.98452801816,128.0
1790157652,16,TPOT,completion,0.000000,0.000000,210,210,230,230,230,230,230,230,230,230,230,56,0,230,236.38139786050095,179.74014770180926,331.7803500392511,0.0
1790157652,16,TTFT,completion,0.000000,0.000000,1500,1500,1700,1700,1700,1700,1700,1700,1700,1700,1700,56,0,1800,2996.4301952859387,1398.8809601869434,11426.982406061143,0.0
1790157652,16,,Aggregated,0.000000,0.000000,1500,1700,27000,28000,31000,31000,31000,31000,31000,31000,31000,168,0,1800,12083.244488359529,179.74014770180926,43910.98452801816,42.666666666666664
1790157653,16,POST,completion,0.000000,0.000000,29000,29000,31000,31000,31000,31000,31000,31000,31000,31000,31000,59,0,31000,32827.15582385091,24304.298165021464,43910.98452801816,128.0
1790157653,16,TPOT,completion,0.000000,0.000000,220,220,230,230,230,230,230,230,230,230,230,59,0,230,234.8513806971597,179.74014770180926,331.7803500392511,0.0
1790157653,16,TTFT,completion,0.000000,0.000000,3900,3900,3900,3900,3900,3900,3900,3900,3900,3900,3900,59,0,1800,3000.9764087804733,1398.8809601869434,11426.982406061143,0.0
1790157653,16,,Aggregated,0.000000,0.000000,3900,3900,29000,29000,29000,31000,31000,31000,31000,31000,31000,177,0,1800,12020.994537776178,179.74014770180926,43910.98452801816,42.666666666666664
1790157654,16,POST,completion,0.000000,0.000000,29000,29000,31000,31000,31000,31000,31000,31000,31000,31000,31000,59,0,31000,32827.15582385091,24304.298165021464,43910.98452801816,128.0
1790157654,16,TPOT,completion,0.000000,0.000000,220,220,230,230,230,230,230,230,230,230,230,59,0,230,234.8513806971597,179.74014770180926,331.7803500392511,0.0
1790157654,16,TTFT,completion,0.000000,0.000000,3900,3900,3900,3900,3900,3900,3900,3900,3900,3900,3900,59,0,1800,3000.9764087804733,1398.8809601869434,11426.982406061143,0.0
1790157654,16,,Aggregated,0.000000,0.000000,3900,3900,29000,29000,29000,31000,31000,31000,31000,31000,31000,177,0,1800,12020.994537776178,179.74014770180926,43910.98452801816,42.666666666666664
1790157655,16,POST,completion,0.000000,0.000000,29000,29000,31000,31000,31000,31000,31000,31000,31000,31000,31000,59,0,31000,32827.15582385091,24304.298165021464,43910.98452801816,128.0
1790157655,16,TPOT,completion,0.000000,0.000000,220,220,230,230,230,230,230,230,230,230,230,59,0,230,234.8513806971597,179.74014770180926,331.7803500392511,0.0
1790157655,16,TTFT,completion,0.000000,0.000000,3900,3900,3900,3900,3900,3900,3900,3900,3900,3900,3900,59,0,1800,3000.9764087804733,1398.8809601869434,11426.982406061143,0.0
1790157655,16,,Aggregated,0.000000,0.000000,3900,3900,29000,29000,29000,31000,31000,31000,31000,31000,31000,177,0,1800,12020.994537776178,179.74014770180926,43910.98452801816,42.666666666666664
1790157656,16,POST,completion,0.000000,0.000000,29000,29000,31000,31000,31000,31000,31000,31000,31000,31000,31000,59,0,31000,32827.15582385091,24304.298165021464,43910.98452801816,128.0
1790157656,16,TPOT,completion,0.000000,0.000000,220,220,230,230,230,230,230,230,230,230,230,59,0,230,234.8513806971597,179.74014770180926,331.7803500392511,0.0
1790157656,16,TTFT,completion,0.000000,0.000000,3900,3900,3900,3900,3900,3900,3900,3900,3900,3900,3900,59,0,1800,3000.9764087804733,1398.8809601869434,11426.982406061143,0.0
1790157656,16,,Aggregated,0.000000,0.000000,3900,3900,29000,29000,29000,31000,31000,31000,31000,31000,31000,177,0,1800,12020.994537776178,179.74014770180926,43910.98452801816,42.666666666666664
1790157657,16,POST,completion,0.400000,0.000000,29000,29000,29000,31000,31000,31000,31000,31000,31000,31000,31000,60,0,31000,32700.868199936423,24304.298165021464,43910.98452801816,128.0
1790157657,16,TPOT,completion,0.400000,0.000000,200,220,220,230,230,230,230,230,230,230,230,60,0,230,234.0513976886647,179.74014770180926,331.7803500392511,0.0
1790157657,16,TTFT,completion,0.400000,0.000000,1700,3900,3900,3900,3900,3900,3900,3900,3900,3900,3900,60,0,1800,2976.286600603877,1398.8809601869434,11426.982406061143,0.0
1790157657,16,,Aggregated,1.200000,0.000000,1700,3900,29000,29000,29000,31000,31000,31000,31000,31000,31000,180,0,1800,11970.40206607632,179.74014770180926,43910.98452801816,42.666666666666664
1790157658,16,POST,completion,0.400000,0.000000,29000,29000,29000,31000,31000,31000,31000,31000,31000,31000,31000,60,0,31000,32700.868199936423,24304.298165021464,43910.98452801816,128.0
1790157658,16,TPOT,completion,0.400000,0.000000,200,220,220,230,230,230,230,230,230,230,230,60,0,230,234.0513976886647,179.74014770180926,331.7803500392511,0.0
1790157658,16,TTFT,completion,0.400000,0.000000,1700,3900,3900,3900,3900,3900,3900,3900,3900,3900,3900,60,0,1800,2976.286600603877,1398.8809601869434,11426.982406061143,0.0
1790157658,16,,Aggregated,1.200000,0.000000,1700,3900,29000,29000,29000,31000,31000,31000,31000,31000,31000,180,0,1800,11970.40206607632,179.74014770180926,43910.98452801816,42.666666666666664
1790157659,16,POST,completion,0.400000,0.000000,29000,29000,29000,31000,31000,31000,31000,31000,31000,31000,31000,60,0,31000,32700.868199936423,24304.298165021464,43910.98452801816,128.0
1790157659,16,TPOT,completion,0.400000,0.000000,200,220,220,230,230,230,230,230,230,230,230,60,0,230,234.0513976886647,179.74014770180926,331.7803500392511,0.0
1790157659,16,TTFT,completion,0.400000,0.000000,1700,3900,3900,3900,3900,3900,3900,3900,3900,3900,3900,60,0,1800,2976.286600603877,1398.8809601869434,11426.982406061143,0.0
1790157659,16,,Aggregated,1.200000,0.000000,1700,3900,29000,29000,29000,31000,31000,31000,31000,31000,31000,180,0,1800,11970.40206607632,179.74014770180926,43910.98452801816,42.666666666666664
1790157660,16,POST,completion,0.400000,0.000000,29000,29000,29000,31000,31000,31000,31000,31000,31000,31000,31000,60,0,31000,32700.868199936423,24304.298165021464,43910.98452801816,128.0
1790157660,16,TPOT,completion,0.400000,0.000000,200,220,220,230,230,230,230,230,230,230,230,60,0,230,234.0513976886647,179.74014770180926,331.7803500392511,0.0
1790157660,16,TTFT,completion,0.400000,0.000000,1700,3900,3900,3900,3900,3900,3900,3900,3900,3900,3900,60,0,1800,2976.286600603877,1398.8809601869434,11426.982406061143,0.0
1790157660,16,,Aggregated,1.200000,0.000000,1700,3900,29000,29000,29000,31000,31000,31000,31000,31000,31000,180,0,1800,11970.40206607632,179.74014770180926,43910.98452801816,42.666666666666664
1790157661,16,POST,completion,0.400000,0.000000,29000,29000,29000,31000,31000,31000,31000,31000,31000,31000,31000,60,0,31000,32700.868199936423,24304.298165021464,43910.98452801816,128.0
1790157661,16,TPOT,completion,0.400000,0.000000,200,220,220,230,230,230,230,230,230,230,230,60,0,230,234.0513976886647,179.74014770180926,331.7803500392511,0.0
1790157661,16,TTFT,completion,0.400000,0.000000,1700,3900,3900,3900,3900,3900,3900,3900,3900,3900,3900,60,0,1800,2976.286600603877,1398.8809601869434,11426.982406061143,0.0
1790157661,16,,Aggregated,1.200000,0.000000,1700,3900,29000,29000,29000,31000,31000,31000,31000,31000,31000,180,0,1800,11970.40206607632,179.74014770180926,43910.98452801816,42.666666666666664
1790157662,16,POST,completion,0.400000,0.000000,29000,29000,29000,29000,29000,29000,29000,29000,29000,29000,29000,60,0,31000,32700.868199936423,24304.298165021464,43910.98452801816,128.0
1790157662,16,TPOT,completion,0.400000,0.000000,200,200,220,220,220,220,220,220,220,220,220,60,0,230,234.0513976886647,179.74014770180926,331.7803500392511,0.0
1790157662,16,TTFT,completion,0.400000,0.000000,3900,3900,3900,3900,3900,3900,3900,3900,3900,3900,3900,60,0,1800,2976.286600603877,1398.8809601869434,11426.982406061143,0.0
1790157662,16,,Aggregated,1.200000,0.000000,3900,3900,29000,29000,29000,29000,29000,29000,29000,29000,29000,180,0,1800,11970.40206607632,179.74014770180926,43910.98452801816,42.666666666666664
1790157663,16,POST,completion,0.400000,0.000000,29000,29000,29000,29000,29000,29000,29000,29000,29000,29000,29000,60,0,31000,32700.868199936423,24304.298165021464,43910.98452801816,128.0
1790157663,16,TPOT,completion,0.400000,0.000000,200,200,220,220,220,220,220,220,220,220,220,60,0,230,234.0513976886647,179.74014770180926,331.7803500392511,0.0
1790157663,16,TTFT,completion,0.400000,0.000000,3900,3900,3900,3900,3900,3900,3900,3900,3900,3900,3900,60,0,1800,2976.286600603877,1398.8809601869434,11426.982406061143,0.0
1790157663,16,,Aggregated,1.200000,0.000000,3900,3900,29000,29000,29000,29000,29000,29000,29000,29000,29000,180,0,1800,11970.40206607632,179.74014770180926,43910.98452801816,42.666666666666664
1790157664,16,POST,completion,0.400000,0.000000,29000,29000,29000,29000,29000,29000,29000,29000,29000,29000,29000,60,0,31000,32700.868199936423,24304.298165021464,43910.98452801816,128.0
1790157664,16,TPOT,completion,0.400000,0.000000,200,200,220,220,220,220,220,220,220,220,220,60,0,230,234.0513976886647,179.74014770180926,331.7803500392511,0.0
1790157664,16,TTFT,completion,0.400000,0.000000,3900,3900,3900,3900,3900,3900,3900,3900,3900,3900,3900,60,0,1800,2976.286600603877,1398.8809601869434,11426.982406061143,0.0
1790157664,16,,Aggregated,1.200000,0.000000,3900,3900,29000,29000,29000,29000,29000,29000,29000,29000,29000,180,0,1800,11970.40206607632,179.74014770180926,43910.98452801816,42.666666666666664
1790157665,16,POST,completion,0.400000,0.000000,25000,25000,25000,25000,25000,25000,25000,25000,25000,25000,25000,60,0,31000,32700.868199936423,24304.298165021464,43910.98452801816,128.0
1790157665,16,TPOT,completion,0.400000,0.000000,190,190,190,190,190,190,190,190,190,190,190,60,0,230,234.0513976886647,179.74014770180926,331.7803500392511,0.0
1790157665,16,TTFT,completion,0.400000,0.000000,1500,1500,1500,1500,1500,1500,1500,1500,1500,1500,1500,60,0,1800,2976.286600603877,1398.8809601869434,11426.982406061143,0.0
1790157665,16,,Aggregated,1.200000,0.000000,1500,1500,25000,25000,25000,25000,25000,25000,25000,25000,25000,180,0,1800,11970.40206607632,179.74014770180926,43910.98452801816,42.666666666666664
1790157666,16,POST,completion,0.400000,0.000000,25000,25000,25000,25000,25000,25000,25000,25000,25000,25000,25000,60,0,31000,32700.868199936423,24304.298165021464,43910.98452801816,128.0
1790157666,16,TPOT,completion,0.400000,0.000000,190,190,190,190,190,190,190,190,190,190,190,60,0,230,234.0513976886647,179.74014770180926,331.7803500392511,0.0
1790157666,16,TTFT,completion,0.400000,0.000000,1500,1500,1500,1500,1500,1500,1500,1500,1500,1500,1500,60,0,1800,2976.286600603877,1398.8809601869434,11426.982406061143,0.0
1790157666,16,,Aggregated,1.200000,0.000000,1500,1500,25000,25000,25000,25000,25000,25000,25000,25000,25000,180,0,1800,11970.40206607632,179.74014770180926,43910.98452801816,42.666666666666664
1790157667,16,POST,completion,0.400000,0.000000,25000,25000,25000,25000,25000,25000,25000,25000,25000,25000,25000,60,0,31000,32700.868199936423,24304.298165021464,43910.98452801816,128.0
1790157667,16,TPOT,completion,0.400000,0.000000,190,190,190,190,190,190,190,190,190,190,190,60,0,230,234.0513976886647,179.74014770180926,331.7803500392511,0.0
1790157667,16,TTFT,completion,0.400000,0.000000,1500,1500,1500,1500,1500,1500,1500,1500,1500,1500,1500,60,0,1800,2976.286600603877,1398.8809601869434,11426.982406061143,0.0
1790157667,16,,Aggregated,1.200000,0.000000,1500,1500,25000,25000,25000,25000,25000,25000,25000,25000,25000,180,0,1800,11970.40206607632,179.74014770180926,43910.98452801816,42.666666666666664
1790157668,16,POST,completion,0.400000,0.000000,25000,25000,25000,25000,25000,25000,25000,25000,25000,25000,25000,60,0,31000,32700.868199936423,24304.298165021464,43910.98452801816,128.0
1790157668,16,TPOT,completion,0.400000,0.000000,190,190,190,190,190,190,190,190,190,190,190,60,0,230,234.0513976886647,179.74014770180926,331.7803500392511,0.0
1790157668,16,TTFT,completion,0.400000,0.000000,1500,1500,1500,1500,1500,1500,1500,1500,1500,1500,1500,60,0,1800,2976.286600603877,1398.8809601869434,11426.982406061143,0.0
1790157668,16,,Aggregated,1.200000,0.000000,1500,1500,25000,25000,25000,25000,25000,25000,25000,25000,25000,180,0,1800,11970.40206607632,179.74014770180926,43910.98452801816,42.666666666666664
1790157669,16,POST,completion,0.400000,0.000000,25000,25000,25000,25000,25000,25000,25000,25000,25000,25000,25000,60,0,31000,32700.868199936423,24304.298165021464,43910.98452801816,128.0
1790157669,16,TPOT,completion,0.400000,0.000000,190,190,190,190,190,190,190,190,190,190,190,60,0,230,234.0513976886647,179.74014770180926,331.7803500392511,0.0
1790157669,16,TTFT,completion,0.400000,0.000000,1500,1500,1500,1500,1500,1500,1500,1500,1500,1500,1500,60,0,1800,2976.286600603877,1398.8809601869434,11426.982406061143,0.0
1790157669,16,,Aggregated,1.200000,0.000000,1500,1500,25000,25000,25000,25000,25000,25000,25000,25000,25000,180,0,1800,11970.40206607632,179.74014770180926,43910.98452801816,42.666666666666664
1790157671,16,POST,completion,0.400000,0.000000,25000,25000,25000,25000,25000,25000,25000,25000,25000,25000,25000,60,0,31000,32700.868199936423,24304.298165021464,43910.98452801816,128.0
1790157671,16,TPOT,completion,0.400000,0.000000,190,190,190,190,190,190,190,190,190,190,190,60,0,230,234.0513976886647,179.74014770180926,331.7803500392511,0.0
1790157671,16,TTFT,completion,0.400000,0.000000,1500,1500,1500,1500,1500,1500,1500,1500,1500,1500,1500,60,0,1800,2976.286600603877,1398.8809601869434,11426.982406061143,0.0
1790157671,16,,Aggregated,1.200000,0.000000,1500,1500,25000,25000,25000,25000,25000,25000,25000,25000,25000,180,0,1800,11970.40206607632,179.74014770180926,43910.98452801816,42.666666666666664
1790157672,16,POST,completion,0.400000,0.000000,25000,25000,25000,25000,25000,25000,25000,25000,25000,25000,25000,60,0,31000,32700.868199936423,24304.298165021464,43910.98452801816,128.0
1790157672,16,TPOT,completion,0.400000,0.000000,190,190,190,190,190,190,190,190,190,190,190,60,0,230,234.0513976886647,179.74014770180926,331.7803500392511,0.0
1790157672,16,TTFT,completion,0.400000,0.000000,1500,1500,1500,1500,1500,1500,1500,1500,1500,1500,1500,60,0,1800,2976.286600603877,1398.8809601869434,11426.982406061143,0.0
1790157672,16,,Aggregated,1.200000,0.000000,1500,1500,25000,25000,25000,25000,25000,25000,25000,25000,25000,180,0,1800,11970.40206607632,179.74014770180926,43910.98452801816,42.666666666666664
1790157673,16,POST,completion,0.400000,0.000000,25000,25000,25000,25000,25000,25000,25000,25000,25000,25000,25000,60,0,31000,32700.868199936423,24304.298165021464,43910.98452801816,128.0
1790157673,16,TPOT,completion,0.400000,0.000000,190,190,190,190,190,190,190,190,190,190,190,60,0,230,234.0513976886647,179.74014770180926,331.7803500392511,0.0
1790157673,16,TTFT,completion,0.400000,0.000000,1500,1500,1500,1500,1500,1500,1500,1500,1500,1500,1500,60,0,1800,2976.286600603877,1398.8809601869434,11426.982406061143,0.0
1790157673,16,,Aggregated,1.200000,0.000000,1500,1500,25000,25000,25000,25000,25000,25000,25000,25000,25000,180,0,1800,11970.40206607632,179.74014770180926,43910.98452801816,42.666666666666664
1790157674,16,POST,completion,0.400000,0.000000,25000,25000,25000,25000,25000,25000,25000,25000,25000,25000,25000,60,0,31000,32700.868199936423,24304.298165021464,43910.98452801816,128.0
1790157674,16,TPOT,completion,0.400000,0.000000,190,190,190,190,190,190,190,190,190,190,190,60,0,230,234.0513976886647,179.74014770180926,331.7803500392511,0.0
1790157674,16,TTFT,completion,0.400000,0.000000,1500,1500,1500,1500,1500,1500,1500,1500,1500,1500,1500,60,0,1800,2976.286600603877,1398.8809601869434,11426.982406061143,0.0
1790157674,16,,Aggregated,1.200000,0.000000,1500,1500,25000,25000,25000,25000,25000,25000,25000,25000,25000,180,0,1800,11970.40206607632,179.74014770180926,43910.98452801816,42.666666666666664
1790157675,16,POST,completion,0.000000,0.000000,33000,33000,33000,33000,33000,33000,33000,33000,33000,33000,33000,62,0,31000,32703.811133272884,24304.298165021464,43910.98452801816,128.0
1790157675,16,TPOT,completion,0.000000,0.000000,250,250,250,250,250,250,250,250,250,250,250,62,0,230,234.4053166850209,179.74014770180926,331.7803500392511,0.0
1790157675,16,TTFT,completion,0.000000,0.000000,1700,1700,1700,1700,1700,1700,1700,1700,1700,1700,1700,62,0,1800,2934.2818875804605,1398.8809601869434,11426.982406061143,0.0
1790157675,16,,Aggregated,0.000000,0.000000,1700,1700,32000,32000,33000,33000,33000,33000,33000,33000,33000,186,0,1800,11957.499445846119,179.74014770180926,43910.98452801816,42.666666666666664
1790157676,16,POST,completion,0.000000,0.000000,32000,32000,33000,33000,33000,33000,33000,33000,33000,33000,33000,64,0,31000,32684.510287796,24304.298165021464,43910.98452801816,128.0
1790157676,16,TPOT,completion,0.000000,0.000000,240,240,250,250,250,250,250,250,250,250,250,64,0,230,233.79402306225546,179.74014770180926,331.7803500392511,0.0
1790157676,16,TTFT,completion,0.000000,0.000000,4800,4800,4800,4800,4800,4800,4800,4800,4800,4800,4800,64,0,1800,2992.615630795626,1398.8809601869434,11426.982406061143,0.0
1790157676,16,,Aggregated,0.000000,0.000000,4800,4800,32000,32000,32000,33000,33000,33000,33000,33000,33000,192,0,1800,11970.306647217958,179.74014770180926,43910.98452801816,42.666666666666664
1790157677,16,POST,completion,0.000000,0.000000,32000,32000,33000,33000,33000,33000,33000,33000,33000,33000,33000,64,0,31000,32684.510287796,24304.298165021464,43910.98452801816,128.0
1790157677,16,TPOT,completion,0.000000,0.000000,240,240,250,250,250,250,250,250,250,250,250,64,0,230,233.79402306225546,179.74014770180926,331.7803500392511,0.0
1790157677,16,TTFT,completion,0.000000,0.000000,4800,4800,4800,4800,4800,4800,4800,4800,4800,4800,4800,64,0,1800,2992.615630795626,1398.8809601869434,11426.982406061143,0.0
1790157677,16,,Aggregated,0.000000,0.000000,4800,4800,32000,32000,32000,33000,33000,33000,33000,33000,33000,192,0,1800,11970.306647217958,179.74014770180926,43910.98452801816,42.666666666666664
1790157678,16,POST,completion,0.000000,0.000000,32000,32000,33000,33000,33000,33000,33000,33000,33000,33000,33000,64,0,31000,32684.510287796,24304.298165021464,43910.98452801816,128.0
1790157678,16,TPOT,completion,0.000000,0.000000,240,240,250,250,250,250,250,250,250,250,250,64,0,230,233.79402306225546,179.74014770180926,331.7803500392511,0.0
1790157678,16,TTFT,completion,0.000000,0.000000,4800,4800,4800,4800,4800,4800,4800,4800,4800,4800,4800,64,0,1800,2992.615630795626,1398.8809601869434,11426.982406061143,0.0
1790157678,16,,Aggregated,0.000000,0.000000,4800,4800,32000,32000,32000,33000,33000,33000,33000,33000,33000,192,0,1800,11970.306647217958,179.74014770180926,43910.98452801816,42.666666666666664
1790157679,16,POST,completion,0.000000,0.000000,32000,32000,33000,33000,33000,33000,33000,33000,33000,33000,33000,64,0,31000,32684.510287796,24304.298165021464,43910.98452801816,128.0
1790157679,16,TPOT,completion,0.000000,0.000000,240,240,250,250,250,250,250,250,250,250,250,64,0,230,233.79402306225546,179.74014770180926,331.7803500392511,0.0
1790157679,16,TTFT,completion,0.000000,0.000000,4800,4800,4800,4800,4800,4800,4800,4800,4800,4800,4800,64,0,1800,2992.615630795626,1398.8809601869434,11426.982406061143,0.0
1790157679,16,,Aggregated,0.000000,0.000000,4800,4800,32000,32000,32000,33000,33000,33000,33000,33000,33000,192,0,1800,11970.306647217958,179.74014770180926,43910.98452801816,42.666666666666664
1790157680,16,POST,completion,0.000000,0.000000,32000,32000,33000,33000,33000,33000,33000,33000,33000,33000,33000,64,0,31000,32684.510287796,24304.298165021464,43910.98452801816,128.0
1790157680,16,TPOT,completion,0.000000,0.000000,240,240,250,250,250,250,250,250,250,250,250,64,0,230,233.79402306225546,179.74014770180926,331.7803500392511,0.0
1790157680,16,TTFT,completion,0.000000,0.000000,4800,4800,4800,4800,4800,4800,4800,4800,4800,4800,4800,64,0,1800,2992.615630795626,1398.8809601869434,11426.982406061143,0.0
1790157680,16,,Aggregated,0.000000,0.000000,4800,4800,32000,32000,32000,33000,33000,33000,33000,33000,33000,192,0,1800,11970.306647217958,179.74014770180926,43910.98452801816,42.666666666666664
1790157681,16,POST,completion,0.000000,0.000000,32000,32000,33000,33000,33000,33000,33000,33000,33000,33000,33000,64,0,31000,32684.510287796,24304.298165021464,43910.98452801816,128.0
1790157681,16,TPOT,completion,0.000000,0.000000,240,240,250,250,250,250,250,250,250,250,250,64,0,230,233.79402306225546,179.74014770180926,331.7803500392511,0.0
1790157681,16,TTFT,completion,0.000000,0.000000,4800,4800,4800,4800,4800,4800,4800,4800,4800,4800,4800,64,0,1800,2992.615630795626,1398.8809601869434,11426.982406061143,0.0
1790157681,16,,Aggregated,0.000000,0.000000,4800,4800,32000,32000,32000,33000,33000,33000,33000,33000,33000,192,0,1800,11970.306647217958,179.74014770180926,43910.98452801816,42.666666666666664
1790157682,16,POST,completion,0.000000,0.000000,32000,32000,33000,33000,33000,33000,33000,33000,33000,33000,33000,64,0,31000,32684.510287796,24304.298165021464,43910.98452801816,128.0
1790157682,16,TPOT,completion,0.000000,0.000000,240,240,250,250,250,250,250,250,250,250,250,64,0,230,233.79402306225546,179.74014770180926,331.7803500392511,0.0
1790157682,16,TTFT,completion,0.000000,0.000000,4800,4800,4800,4800,4800,4800,4800,4800,4800,4800,4800,64,0,1800,2992.615630795626,1398.8809601869434,11426.982406061143,0.0
1790157682,16,,Aggregated,0.000000,0.000000,4800,4800,32000,32000,32000,33000,33000,33000,33000,33000,33000,192,0,1800,11970.306647217958,179.74014770180926,43910.98452801816,42.666666666666664
1790157683,16,POST,completion,0.000000,0.000000,32000,32000,33000,33000,33000,33000,33000,33000,33000,33000,33000,64,0,31000,32684.510287796,24304.298165021464,43910.98452801816,128.0
1790157683,16,TPOT,completion,0.000000,0.000000,240,240,250,250,250,250,250,250,250,250,250,64,0,230,233.79402306225546,179.74014770180926,331.7803500392511,0.0
1790157683,16,TTFT,completion,0.000000,0.000000,4800,4800,4800,4800,4800,4800,4800,4800,4800,4800,4800,64,0,1800,2992.615630795626,1398.8809601869434,11426.982406061143,0.0
1790157683,16,,Aggregated,0.000000,0.000000,4800,4800,32000,32000,32000,33000,33000,33000,33000,33000,33000,192,0,1800,11970.306647217958,179.74014770180926,43910.98452801816,42.666666666666664
1790157684,16,POST,completion,0.000000,0.000000,32000,32000,32000,32000,32000,32000,32000,32000,32000,32000,32000,64,0,31000,32684.510287796,24304.298165021464,43910.98452801816,128.0
1790157684,16,TPOT,completion,0.000000,0.000000,210,210,240,240,240,240,240,240,240,240,240,64,0,230,233.79402306225546,179.74014770180926,331.7803500392511,0.0
1790157684,16,TTFT,completion,0.000000,0.000000,4800,4800,4800,4800,4800,4800,4800,4800,4800,4800,4800,64,0,1800,2992.615630795626,1398.8809601869434,11426.982406061143,0.0
1790157684,16,,Aggregated,0.000000,0.000000,4800,4800,32000,32000,32000,32000,32000,32000,32000,32000,32000,192,0,1800,11970.306647217958,179.74014770180926,43910.98452801816,42.666666666666664
1790157685,16,POST,completion,0.000000,0.000000,32000,32000,32000,32000,32000,32000,32000,32000,32000,32000,32000,64,0,31000,32684.510287796,24304.298165021464,43910.98452801816,128.0
1790157685,16,TPOT,completion,0.000000,0.000000,210,210,240,240,240,240,240,240,240,240,240,64,0,230,233.79402306225546,179.74014770180926,331.7803500392511,0.0
1790157685,16,TTFT,completion,0.000000,0.000000,4800,4800,4800,4800,4800,4800,4800,4800,4800,4800,4800,64,0,1800,2992.615630795626,1398.8809601869434,11426.982406061143,0.0
1790157685,16,,Aggregated,0.000000,0.000000,4800,4800,32000,32000,32000,32000,32000,32000,32000,32000,32000,192,0,1800,11970.306647217958,179.74014770180926,43910.98452801816,42.666666666666664
1790157686,16,POST,completion,0.000000,0.000000,32000,32000,32000,32000,32000,32000,32000,32000,32000,32000,32000,64,0,31000,32684.510287796,24304.298165021464,43910.98452801816,128.0
1790157686,16,TPOT,completion,0.000000,0.000000,210,210,240,240,240,240,240,240,240,240,240,64,0,230,233.79402306225546,179.74014770180926,331.7803500392511,0.0
1790157686,16,TTFT,completion,0.000000,0.000000,4800,4800,4800,4800,4800,4800,4800,4800,4800,4800,4800,64,0,1800,2992.615630795626,1398.8809601869434,11426.982406061143,0.0
1790157686,16,,Aggregated,0.000000,0.000000,4800,4800,32000,32000,32000,32000,32000,32000,32000,32000,32000,192,0,1800,11970.306647217958,179.74014770180926,43910.98452801816,42.666666666666664
1790157687,16,POST,completion,0.000000,0.000000,32000,32000,32000,32000,32000,32000,32000,32000,32000,32000,32000,64,0,31000,32684.510287796,24304.298165021464,43910.98452801816,128.0
1790157687,16,TPOT,completion,0.000000,0.000000,210,210,240,240,240,240,240,240,240,240,240,64,0,230,233.79402306225546,179.74014770180926,331.7803500392511,0.0
1790157687,16,TTFT,completion,0.000000,0.000000,4800,4800,4800,4800,4800,4800,4800,4800,4800,4800,4800,64,0,1800,2992.615630795626,1398.8809601869434,11426.982406061143,0.0
1790157687,16,,Aggregated,0.000000,0.000000,4800,4800,32000,32000,32000,32000,32000,32000,32000,32000,32000,192,0,1800,11970.306647217958,179.74014770180926,43910.98452801816,42.666666666666664
1790157688,16,POST,completion,0.000000,0.000000,32000,32000,32000,32000,32000,32000,32000,32000,32000,32000,32000,64,0,31000,32684.510287796,24304.298165021464,43910.98452801816,128.0
1790157688,16,TPOT,completion,0.000000,0.000000,210,210,240,240,240,240,240,240,240,240,240,64,0,230,233.79402306225546,179.74014770180926,331.7803500392511,0.0
1790157688,16,TTFT,completion,0.000000,0.000000,4800,4800,4800,4800,4800,4800,4800,4800,4800,4800,4800,64,0,1800,2992.615630795626,1398.8809601869434,11426.982406061143,0.0
1790157688,16,,Aggregated,0.000000,0.000000,4800,4800,32000,32000,32000,32000,32000,32000,32000,32000,32000,192,0,1800,11970.306647217958,179.74014770180926,43910.98452801816,42.666666666666664
1790157689,16,POST,completion,0.000000,0.000000,32000,32000,32000,32000,32000,32000,32000,32000,32000,32000,32000,64,0,31000,32684.510287796,24304.298165021464,43910.98452801816,128.0
1790157689,16,TPOT,completion,0.000000,0.000000,210,210,240,240,240,240,240,240,240,240,240,64,0,230,233.79402306225546,179.74014770180926,331.7803500392511,0.0
1790157689,16,TTFT,completion,0.000000,0.000000,4800,4800,4800,4800,4800,4800,4800,4800,4800,4800,4800,64,0,1800,2992.615630795626,1398.8809601869434,11426.982406061143,0.0
1790157689,16,,Aggregated,0.000000,0.000000,4800,4800,32000,32000,32000,32000,32000,32000,32000,32000,32000,192,0,1800,11970.306647217958,179.74014770180926,43910.98452801816,42.666666666666664
1790157690,16,POST,completion,0.000000,0.000000,32000,32000,32000,32000,32000,32000,32000,32000,32000,32000,32000,64,0,31000,32684.510287796,24304.298165021464,43910.98452801816,128.0
1790157690,16,TPOT,completion,0.000000,0.000000,210,210,240,240,240,240,240,240,240,240,240,64,0,230,233.79402306225546,179.74014770180926,331.7803500392511,0.0
1790157690,16,TTFT,completion,0.000000,0.000000,4800,4800,4800,4800,4800,4800,4800,4800,4800,4800,4800,64,0,1800,2992.615630795626,1398.8809601869434,11426.982406061143,0.0
1790157690,16,,Aggregated,0.000000,0.000000,4800,4800,32000,32000,32000,32000,32000,32000,32000,32000,32000,192,0,1800,11970.306647217958,179.74014770180926,43910.98452801816,42.666666666666664
1790157691,16,POST,completion,0.000000,0.000000,32000,32000,32000,33000,33000,33000,33000,33000,33000,33000,33000,66,0,31000,32680.852681394863,24304.298165021464,43910.98452801816,128.0
1790157691,16,TPOT,completion,0.000000,0.000000,240,240,240,250,250,250,250,250,250,250,250,66,0,230,234.08331809664523,179.74014770180926,331.7803500392511,0.0
1790157691,16,TTFT,completion,0.000000,0.000000,1800,4800,4800,4800,4800,4800,4800,4800,4800,4800,4800,66,0,1800,2952.2174366354716,1398.8809601869434,11426.982406061143,0.0
1790157691,16,,Aggregated,0.000000,0.000000,1800,4800,32000,32000,32000,33000,33000,33000,33000,33000,33000,198,0,1800,11955.717812042325,179.74014770180926,43910.98452801816,42.666666666666664
1790157692,16,POST,completion,0.000000,0.000000,32000,32000,32000,32000,33000,33000,33000,33000,33000,33000,33000,68,0,31000,32624.714378075783,24304.298165021464,43910.98452801816,128.0
1790157692,16,TPOT,completion,0.000000,0.000000,230,240,240,240,250,250,250,250,250,250,250,68,0,230,233.7644251870446,179.74014770180926,331.7803500392511,0.0
1790157692,16,TTFT,completion,0.000000,0.000000,2200,2600,4800,4800,4800,4800,4800,4800,4800,4800,4800,68,0,1800,2936.5787408348883,1398.8809601869434,11426.982406061143,0.0
1790157692,16,,Aggregated,0.000000,0.000000,2200,4800,31000,32000,32000,32000,33000,33000,33000,33000,33000,204,0,1800,11931.685848032572,179.74014770180926,43910.98452801816,42.666666666666664
1790157693,16,POST,completion,0.000000,0.000000,32000,32000,33000,33000,33000,33000,33000,33000,33000,33000,33000,68,0,31000,32624.714378075783,24304.298165021464,43910.98452801816,128.0
1790157693,16,TPOT,completion,0.000000,0.000000,240,240,250,250,250,250,250,250,250,250,250,68,0,230,233.7644251870446,179.74014770180926,331.7803500392511,0.0
1790157693,16,TTFT,completion,0.000000,0.000000,2200,2200,2600,2600,2600,2600,2600,2600,2600,2600,2600,68,0,1800,2936.5787408348883,1398.8809601869434,11426.982406061143,0.0
1790157693,16,,Aggregated,0.000000,0.000000,2200,2600,31000,31000,32000,33000,33000,33000,33000,33000,33000,204,0,1800,11931.685848032572,179.74014770180926,43910.98452801816,42.666666666666664
1790157694,16,POST,completion,0.000000,0.000000,32000,32000,33000,33000,33000,33000,33000,33000,33000,33000,33000,68,0,31000,32624.714378075783,24304.298165021464,43910.98452801816,128.0
1790157694,16,TPOT,completion,0.000000,0.000000,240,240,250,250,250,250,250,250,250,250,250,68,0,230,233.7644251870446,179.74014770180926,331.7803500392511,0.0
1790157694,16,TTFT,completion,0.000000,0.000000,2200,2200,2600,2600,2600,2600,2600,2600,2600,2600,2600,68,0,1800,2936.5787408348883,1398.8809601869434,11426.982406061143,0.0
1790157694,16,,Aggregated,0.000000,0.000000,2200,2600,31000,31000,32000,33000,33000,33000,33000,33000,33000,204,0,1800,11931.685848032572,179.74014770180926,43910.98452801816,42.666666666666664
1790157695,16,POST,completion,0.000000,0.000000,32000,32000,33000,33000,33000,33000,33000,33000,33000,33000,33000,68,0,31000,32624.714378075783,24304.298165021464,43910.98452801816,128.0
1790157695,16,TPOT,completion,0.000000,0.000000,240,240,250,250,250,250,250,250,250,250,250,68,0,230,233.7644251870446,179.74014770180926,331.7803500392511,0.0
1790157695,16,TTFT,completion,0.000000,0.000000,2200,2200,2600,2600,2600,2600,2600,2600,2600,2600,2600,68,0,1800,2936.5787408348883,1398.8809601869434,11426.982406061143,0.0
1790157695,16,,Aggregated,0.000000,0.000000,2200,2600,31000,31000,32000,33000,33000,33000,33000,33000,33000,204,0,1800,11931.685848032572,179.74014770180926,43910.98452801816,42.666666666666664
1790157696,16,POST,completion,0.400000,0.000000,31000,31000,32000,32000,33000,33000,33000,33000,33000,33000,33000,70,0,31000,32507.5405137181,24304.298165021464,43910.98452801816,128.0
1790157696,16,TPOT,completion,0.400000,0.000000,230,230,240,240,250,250,250,250,250,250,250,70,0,230,233.1602627835241,179.74014770180926,331.7803500392511,0.0
1790157696,16,TTFT,completion,0.400000,0.000000,1800,1800,2200,2200,2600,2600,2600,2600,2600,2600,2600,70,0,1800,2896.1334736685135,1398.8809601869434,11426.982406061143,0.0
1790157696,16,,Aggregated,1.200000,0.000000,1800,2600,29000,30000,32000,33000,33000,33000,33000,33000,33000,210,0,1800,11878.944750056713,179.74014770180926,43910.98452801816,42.666666666666664
1790157697,16,POST,completion,0.400000,0.000000,30000,31000,32000,32000,33000,33000,33000,33000,33000,33000,33000,71,0,31000,32423.36913659631,24304.298165021464,43910.98452801816,128.0
1790157697,16,TPOT,completion,0.400000,0.000000,220,230,240,240,250,250,250,250,250,250,250,71,0,230,232.64922029573228,179.74014770180926,331.7803500392511,0.0
1790157697,16,TTFT,completion,0.400000,0.000000,1500,1800,2200,2200,2600,2600,2600,2600,2600,2600,2600,71,0,1800,2876.8644899844758,1398.8809601869434,11426.982406061143,0.0
1790157697,16,,Aggregated,1.200000,0.000000,1500,2600,28000,29000,31000,32000,33000,33000,33000,33000,33000,213,0,1800,11844.29428229217,179.74014770180926,43910.98452801816,42.666666666666664
1790157698,16,POST,completion,0.400000,0.000000,30000,31000,32000,32000,33000,33000,33000,33000,33000,33000,33000,71,0,31000,32423.36913659631,24304.298165021464,43910.98452801816,128.0
1790157698,16,TPOT,completion,0.400000,0.000000,220,230,240,240,250,250,250,250,250,250,250,71,0,230,232.64922029573228,179.74014770180926,331.7803500392511,0.0
1790157698,16,TTFT,completion,0.400000,0.000000,1500,1800,2200,2200,2600,2600,2600,2600,2600,2600,2600,71,0,1800,2876.8644899844758,1398.8809601869434,11426.982406061143,0.0
1790157698,16,,Aggregated,1.200000,0.000000,1500,2600,28000,29000,31000,32000,33000,33000,33000,33000,33000,213,0,1800,11844.29428229217,179.74014770180926,43910.98452801816,42.666666666666664
1790157699,16,POST,completion,0.400000,0.000000,30000,31000,32000,32000,33000,33000,33000,33000,33000,33000,33000,71,0,31000,32423.36913659631,24304.298165021464,43910.98452801816,128.0
1790157699,16,TPOT,completion,0.400000,0.000000,220,230,240,240,250,250,250,250,250,250,250,71,0,230,232.64922029573228,179.74014770180926,331.7803500392511,0.0
1790157699,16,TTFT,completion,0.400000,0.000000,1500,1800,2200,2200,2600,2600,2600,2600,2600,2600,2600,71,0,1800,2876.8644899844758,1398.8809601869434,11426.982406061143,0.0
1790157699,16,,Aggregated,1.200000,0.000000,1500,2600,28000,29000,31000,32000,33000,33000,33000,33000,33000,213,0,1800,11844.29428229217,179.74014770180926,43910.98452801816,42.666666666666664
1790157700,16,POST,completion,0.400000,0.000000,30000,31000,32000,32000,33000,33000,33000,33000,33000,33000,33000,71,0,31000,32423.36913659631,24304.298165021464,43910.98452801816,128.0
1790157700,16,TPOT,completion,0.400000,0.000000,220,230,240,240,250,250,250,250,250,250,250,71,0,230,232.64922029573228,179.74014770180926,331.7803500392511,0.0
1790157700,16,TTFT,completion,0.400000,0.000000,1500,1800,2200,2200,2600,2600,2600,2600,2600,2600,2600,71,0,1800,2876.8644899844758,1398.8809601869434,11426.982406061143,0.0
1790157700,16,,Aggregated,1.200000,0.000000,1500,2600,28000,29000,31000,32000,33000,33000,33000,33000,33000,213,0,1800,11844.29428229217,179.74014770180926,43910.98452801816,42.666666666666664
1790157701,16,POST,completion,0.400000,0.000000,30000,31000,32000,32000,33000,33000,33000,33000,33000,33000,33000,71,0,31000,32423.36913659631,24304.298165021464,43910.98452801816,128.0
1790157701,16,TPOT,completion,0.400000,0.000000,220,230,240,240,250,250,250,250,250,250,250,71,0,230,232.64922029573228,179.74014770180926,331.7803500392511,0.0
1790157701,16,TTFT,completion,0.400000,0.000000,1500,1800,2200,2200,2600,2600,2600,2600,2600,2600,2600,71,0,1800,2876.8644899844758,1398.8809601869434,11426.982406061143,0.0
1790157701,16,,Aggregated,1.200000,0.000000,1500,2600,28000,29000,31000,32000,33000,33000,33000,33000,33000,213,0,1800,11844.29428229217,179.74014770180926,43910.98452801816,42.666666666666664
1790157702,16,POST,completion,0.400000,0.000000,30000,31000,32000,32000,33000,33000,33000,33000,33000,33000,33000,71,0,31000,32423.36913659631,24304.298165021464,43910.98452801816,128.0
1790157702,16,TPOT,completion,0.400000,0.000000,220,230,240,240,250,250,250,250,250,250,250,71,0,230,232.64922029573228,179.74014770180926,331.7803500392511,0.0
1790157702,16,TTFT,completion,0.400000,0.000000,1500,1800,2200,2200,2600,2600,2600,2600,2600,2600,2600,71,0,1800,2876.8644899844758,1398.8809601869434,11426.982406061143,0.0
1790157702,16,,Aggregated,1.200000,0.000000,1500,2600,28000,29000,31000,32000,33000,33000,33000,33000,33000,213,0,1800,11844.29428229217,179.74014770180926,43910.98452801816,42.666666666666664
1790157703,16,POST,completion,0.400000,0.000000,28000,28000,29000,29000,29000,29000,29000,29000,29000,29000,29000,71,0,31000,32423.36913659631,24304.298165021464,43910.98452801816,128.0
1790157703,16,TPOT,completion,0.400000,0.000000,210,210,220,220,220,220,220,220,220,220,220,71,0,230,232.64922029573228,179.74014770180926,331.7803500392511,0.0
1790157703,16,TTFT,completion,0.400000,0.000000,1500,1500,1500,1500,1500,1500,1500,1500,1500,1500,1500,71,0,1800,2876.8644899844758,1398.8809601869434,11426.982406061143,0.0
1790157703,16,,Aggregated,1.200000,0.000000,1500,1500,27000,28000,29000,29000,29000,29000,29000,29000,29000,213,0,1800,11844.29428229217,179.74014770180926,43910.98452801816,42.666666666666664
1790157704,16,POST,completion,0.400000,0.000000,28000,28000,29000,29000,29000,29000,29000,29000,29000,29000,29000,71,0,31000,32423.36913659631,24304.298165021464,43910.98452801816,128.0
1790157704,16,TPOT,completion,0.400000,0.000000,210,210,220,220,220,220,220,220,220,220,220,71,0,230,232.64922029573228,179.74014770180926,331.7803500392511,0.0
1790157704,16,TTFT,completion,0.400000,0.000000,1500,1500,1500,1500,1500,1500,1500,1500,1500,1500,1500,71,0,1800,2876.8644899844758,1398.8809601869434,11426.982406061143,0.0
1790157704,16,,Aggregated,1.200000,0.000000,1500,1500,27000,28000,29000,29000,29000,29000,29000,29000,29000,213,0,1800,11844.29428229217,179.74014770180926,43910.98452801816,42.666666666666664
1790157705,16,POST,completion,0.400000,0.000000,28000,28000,28000,28000,28000,28000,28000,28000,28000,28000,28000,71,0,31000,32423.36913659631,24304.298165021464,43910.98452801816,128.0
1790157705,16,TPOT,completion,0.400000,0.000000,210,210,210,210,210,210,210,210,210,210,210,71,0,230,232.64922029573228,179.74014770180926,331.7803500392511,0.0
1790157705,16,TTFT,completion,0.400000,0.000000,1500,1500,1500,1500,1500,1500,1500,1500,1500,1500,1500,71,0,1800,2876.8644899844758,1398.8809601869434,11426.982406061143,0.0
1790157705,16,,Aggregated,1.200000,0.000000,1500,1500,27000,27000,28000,28000,28000,28000,28000,28000,28000,213,0,1800,11844.29428229217,179.74014770180926,43910.98452801816,42.666666666666664
1790157706,16,POST,completion,0.400000,0.000000,28000,28000,28000,28000,28000,28000,28000,28000,28000,28000,28000,71,0,31000,32423.36913659631,24304.298165021464,43910.98452801816,128.0
1790157706,16,TPOT,completion,0.400000,0.000000,210,210,210,210,210,210,210,210,210,210,210,71,0,230,232.64922029573228,179.74014770180926,331.7803500392511,0.0
1790157706,16,TTFT,completion,0.400000,0.000000,1500,1500,1500,1500,1500,1500,1500,1500,1500,1500,1500,71,0,1800,2876.8644899844758,1398.8809601869434,11426.982406061143,0.0
1790157706,16,,Aggregated,1.200000,0.000000,1500,1500,27000,27000,28000,28000,28000,28000,28000,28000,28000,213,0,1800,11844.29428229217,179.74014770180926,43910.98452801816,42.666666666666664
1790157707,16,POST,completion,0.400000,0.000000,28000,28000,28000,28000,28000,28000,28000,28000,28000,28000,28000,71,0,31000,32423.36913659631,24304.298165021464,43910.98452801816,128.0
1790157707,16,TPOT,completion,0.400000,0.000000,210,210,210,210,210,210,210,210,210,210,210,71,0,230,232.64922029573228,179.74014770180926,331.7803500392511,0.0
1790157707,16,TTFT,completion,0.400000,0.000000,1500,1500,1500,1500,1500,1500,1500,1500,1500,1500,1500,71,0,1800,2876.8644899844758,1398.8809601869434,11426.982406061143,0.0
1790157707,16,,Aggregated,1.200000,0.000000,1500,1500,27000,27000,28000,28000,28000,28000,28000,28000,28000,213,0,1800,11844.29428229217,179.74014770180926,43910.98452801816,42.666666666666664
1790157708,16,POST,completion,0.400000,0.000000,28000,28000,28000,28000,28000,28000,28000,28000,28000,28000,28000,71,0,31000,32423.36913659631,24304.298165021464,43910.98452801816,128.0
1790157708,16,TPOT,completion,0.400000,0.000000,210,210,210,210,210,210,210,210,210,210,210,71,0,230,232.64922029573228,179.74014770180926,331.7803500392511,0.0
1790157708,16,TTFT,completion,0.400000,0.000000,1500,1500,1500,1500,1500,1500,1500,1500,1500,1500,1500,71,0,1800,2876.8644899844758,1398.8809601869434,11426.982406061143,0.0
1790157708,16,,Aggregated,1.200000,0.000000,1500,1500,27000,27000,28000,28000,28000,28000,28000,28000,28000,213,0,1800,11844.29428229217,179.74014770180926,43910.98452801816,42.666666666666664
1790157709,16,POST,completion,0.400000,0.000000,28000,28000,28000,28000,28000,28000,28000,28000,28000,28000,28000,71,0,31000,32423.36913659631,24304.298165021464,43910.98452801816,128.0
1790157709,16,TPOT,completion,0.400000,0.000000,210,210,210,210,210,210,210,210,210,210,210,71,0,230,232.64922029573228,179.74014770180926,331.7803500392511,0.0
1790157709,16,TTFT,completion,0.400000,0.000000,1500,1500,1500,1500,1500,1500,1500,1500,1500,1500,1500,71,0,1800,2876.8644899844758,1398.8809601869434,11426.982406061143,0.0
1790157709,16,,Aggregated,1.200000,0.000000,1500,1500,27000,27000,28000,28000,28000,28000,28000,28000,28000,213,0,1800,11844.29428229217,179.74014770180926,43910.98452801816,42.666666666666664
1790157710,16,POST,completion,0.000000,0.000000,28000,28000,30000,30000,30000,30000,30000,30000,30000,30000,30000,72,0,31000,32387.720509076542,24304.298165021464,43910.98452801816,128.0
1790157710,16,TPOT,completion,0.000000,0.000000,210,210,220,220,220,220,220,220,220,220,220,72,0,230,232.51282969616082,179.74014770180926,331.7803500392511,0.0
1790157710,16,TTFT,completion,0.000000,0.000000,1500,1500,1600,1600,1600,1600,1600,1600,1600,1600,1600,72,0,1800,2858.5375302904545,1398.8809601869434,11426.982406061143,0.0
1790157710,16,,Aggregated,0.000000,0.000000,1500,1600,27000,28000,30000,30000,30000,30000,30000,30000,30000,216,0,1800,11826.256956354386,179.74014770180926,43910.98452801816,42.666666666666664
1790157711,16,POST,completion,0.000000,0.000000,28000,28000,30000,30000,30000,30000,30000,30000,30000,30000,30000,72,0,31000,32387.720509076542,24304.298165021464,43910.98452801816,128.0
1790157711,16,TPOT,completion,0.000000,0.000000,210,210,220,220,220,220,220,220,220,220,220,72,0,230,232.51282969616082,179.74014770180926,331.7803500392511,0.0
1790157711,16,TTFT,completion,0.000000,0.000000,1500,1500,1600,1600,1600,1600,1600,1600,1600,1600,1600,72,0,1800,2858.5375302904545,1398.8809601869434,11426.982406061143,0.0
1790157711,16,,Aggregated,0.000000,0.000000,1500,1600,27000,28000,30000,30000,30000,30000,30000,30000,30000,216,0,1800,11826.256956354386,179.74014770180926,43910.98452801816,42.666666666666664
1790157712,16,POST,completion,0.000000,0.000000,28000,28000,30000,30000,30000,30000,30000,30000,30000,30000,30000,72,0,31000,32387.720509076542,24304.298165021464,43910.98452801816,128.0
1790157712,16,TPOT,completion,0.000000,0.000000,210,210,220,220,220,220,220,220,220,220,220,72,0,230,232.51282969616082,179.74014770180926,331.7803500392511,0.0
1790157712,16,TTFT,completion,0.000000,0.000000,1500,1500,1600,1600,1600,1600,1600,1600,1600,1600,1600,72,0,1800,2858.5375302904545,1398.8809601869434,11426.982406061143,0.0
1790157712,16,,Aggregated,0.000000,0.000000,1500,1600,27000,28000,30000,30000,30000,30000,30000,30000,30000,216,0,1800,11826.256956354386,179.74014770180926,43910.98452801816,42.666666666666664
1790157713,16,POST,completion,0.000000,0.000000,29000,29000,30000,30000,30000,30000,30000,30000,30000,30000,30000,75,0,31000,32234.492001204442,24304.298165021464,43910.98452801816,128.0
1790157713,16,TPOT,completion,0.000000,0.000000,210,210,220,220,220,220,220,220,220,220,220,75,0,220,231.17687611515552,179.74014770180926,331.7803500392511,0.0
1790157713,16,TTFT,completion,0.000000,0.000000,4100,4100,4100,4100,4100,4100,4100,4100,4100,4100,4100,75,0,1800,2874.975369423628,1398.8809601869434,11426.982406061143,0.0
1790157713,16,,Aggregated,0.000000,0.000000,4100,4100,29000,29000,29000,30000,30000,30000,30000,30000,30000,225,0,1800,11780.214748914408,179.74014770180926,43910.98452801816,42.666666666666664
1790157714,16,POST,completion,0.000000,0.000000,29000,29000,30000,30000,30000,30000,30000,30000,30000,30000,30000,75,0,31000,32234.492001204442,24304.298165021464,43910.98452801816,128.0
1790157714,16,TPOT,completion,0.000000,0.000000,210,210,220,220,220,220,220,220,220,220,220,75,0,220,231.17687611515552,179.74014770180926,331.7803500392511,0.0
1790157714,16,TTFT,completion,0.000000,0.000000,4100,4100,4100,4100,4100,4100,4100,4100,4100,4100,4100,75,0,1800,2874.975369423628,1398.8809601869434,11426.982406061143,0.0
1790157714,16,,Aggregated,0.000000,0.000000,4100,4100,29000,29000,29000,30000,30000,30000,30000,30000,30000,225,0,1800,11780.214748914408,179.74014770180926,43910.98452801816,42.666666666666664
1790157715,16,POST,completion,0.000000,0.000000,29000,29000,30000,30000,30000,30000,30000,30000,30000,30000,30000,75,0,31000,32234.492001204442,24304.298165021464,43910.98452801816,128.0
1790157715,16,TPOT,completion,0.000000,0.000000,210,210,220,220,220,220,220,220,220,220,220,75,0,220,231.17687611515552,179.74014770180926,331.7803500392511,0.0
1790157715,16,TTFT,completion,0.000000,0.000000,4100,4100,4100,4100,4100,4100,4100,4100,4100,4100,4100,75,0,1800,2874.975369423628,1398.8809601869434,11426.982406061143,0.0
1790157715,16,,Aggregated,0.000000,0.000000,4100,4100,29000,29000,29000,30000,30000,30000,30000,30000,30000,225,0,1800,11780.214748914408,179.74014770180926,43910.98452801816,42.666666666666664
1790157716,16,POST,completion,0.000000,0.000000,29000,29000,30000,30000,30000,30000,30000,30000,30000,30000,30000,75,0,31000,32234.492001204442,24304.298165021464,43910.98452801816,128.0
1790157716,16,TPOT,completion,0.000000,0.000000,210,210,220,220,220,220,220,220,220,220,220,75,0,220,231.17687611515552,179.74014770180926,331.7803500392511,0.0
1790157716,16,TTFT,completion,0.000000,0.000000,4100,4100,4100,4100,4100,4100,4100,4100,4100,4100,4100,75,0,1800,2874.975369423628,1398.8809601869434,11426.982406061143,0.0
1790157716,16,,Aggregated,0.000000,0.000000,4100,4100,29000,29000,29000,30000,30000,30000,30000,30000,30000,225,0,1800,11780.214748914408,179.74014770180926,43910.98452801816,42.666666666666664
1790157717,16,POST,completion,0.400000,0.000000,29000,29000,29000,30000,30000,30000,30000,30000,30000,30000,30000,76,0,31000,32129.06825176967,24222.28704416193,43910.98452801816,128.0
1790157717,16,TPOT,completion,0.400000,0.000000,190,210,210,220,220,220,220,220,220,220,220,76,0,220,230.4938586679249,179.26755012563012,331.7803500392511,0.0
1790157717,16,TTFT,completion,0.400000,0.000000,1600,4100,4100,4100,4100,4100,4100,4100,4100,4100,4100,76,0,1800,2856.2947072082593,1398.8809601869434,11426.982406061143,0.0
1790157717,16,,Aggregated,1.200000,0.000000,1600,4100,29000,29000,29000,30000,30000,30000,30000,30000,30000,228,0,1800,11738.618939215285,179.26755012563012,43910.98452801816,42.666666666666664
