Timestamp,User Count,Type,Name,Requests/s,Failures/s,50%,66%,75%,80%,90%,95%,98%,99%,99.9%,99.99%,100%,Total Request Count,Total Failure Count,Total Median Response Time,Total Average Response Time,Total Min Response Time,Total Max Response Time,Total Average Content Size
1790238569,0,,Aggregated,0.000000,0.000000,N/A,N/A,N/A,N/A,N/A,N/A,N/A,N/A,N/A,N/A,N/A,0,0,0,0.0,0,0,0
1790238570,1,,Aggregated,0.000000,0.000000,N/A,N/A,N/A,N/A,N/A,N/A,N/A,N/A,N/A,N/A,N/A,0,0,0,0.0,0,0,0
1790238571,2,,Aggregated,0.000000,0.000000,N/A,N/A,N/A,N/A,N/A,N/A,N/A,N/A,N/A,N/A,N/A,0,0,0,0.0,0,0,0
1790238572,3,,Aggregated,0.000000,0.000000,N/A,N/A,N/A,N/A,N/A,N/A,N/A,N/A,N/A,N/A,N/A,0,0,0,0.0,0,0,0
1790238573,4,,Aggregated,0.000000,0.000000,N/A,N/A,N/A,N/A,N/A,N/A,N/A,N/A,N/A,N/A,N/A,0,0,0,0.0,0,0,0
1790238574,5,,Aggregated,0.000000,0.000000,N/A,N/A,N/A,N/A,N/A,N/A,N/A,N/A,N/A,N/A,N/A,0,0,0,0.0,0,0,0
1790238575,6,,Aggregated,0.000000,0.000000,N/A,N/A,N/A,N/A,N/A,N/A,N/A,N/A,N/A,N/A,N/A,0,0,0,0.0,0,0,0
1790238576,7,,Aggregated,0.000000,0.000000,N/A,N/A,N/A,N/A,N/A,N/A,N/A,N/A,N/A,N/A,N/A,0,0,0,0.0,0,0,0
1790238577,8,,Aggregated,0.000000,0.000000,N/A,N/A,N/A,N/A,N/A,N/A,N/A,N/A,N/A,N/A,N/A,0,0,0,0.0,0,0,0
1790238578,9,,Aggregated,0.000000,0.000000,N/A,N/A,N/A,N/A,N/A,N/A,N/A,N/A,N/A,N/A,N/A,0,0,0,0.0,0,0,0
1790238579,10,,Aggregated,0.000000,0.000000,N/A,N/A,N/A,N/A,N/A,N/A,N/A,N/A,N/A,N/A,N/A,0,0,0,0.0,0,0,0
1790238580,11,,Aggregated,0.000000,0.000000,N/A,N/A,N/A,N/A,N/A,N/A,N/A,N/A,N/A,N/A,N/A,0,0,0,0.0,0,0,0
1790238581,12,,Aggregated,0.000000,0.000000,N/A,N/A,N/A,N/A,N/A,N/A,N/A,N/A,N/A,N/A,N/A,0,0,0,0.0,0,0,0
1790238582,12,,Aggregated,0.000000,0.000000,N/A,N/A,N/A,N/A,N/A,N/A,N/A,N/A,N/A,N/A,N/A,0,0,0,0.0,0,0,0
1790238583,12,,Aggregated,0.000000,0.000000,N/A,N/A,N/A,N/A,N/A,N/A,N/A,N/A,N/A,N/A,N/A,0,0,0,0.0,0,0,0
1790238584,12,,Aggregated,0.000000,0.000000,N/A,N/A,N/A,N/A,N/A,N/A,N/A,N/A,N/A,N/A,N/A,0,0,0,0.0,0,0,0
1790238586,12,,Aggregated,0.000000,0.000000,N/A,N/A,N/A,N/A,N/A,N/A,N/A,N/A,N/A,N/A,N/A,0,0,0,0.0,0,0,0
1790238587,12,,Aggregated,0.000000,0.000000,N/A,N/A,N/A,N/A,N/A,N/A,N/A,N/A,N/A,N/A,N/A,0,0,0,0.0,0,0,0
1790238588,12,,Aggregated,0.000000,0.000000,N/A,N/A,N/A,N/A,N/A,N/A,N/A,N/A,N/A,N/A,N/A,0,0,0,0.0,0,0,0
1790238589,12,,Aggregated,0.000000,0.000000,N/A,N/A,N/A,N/A,N/A,N/A,N/A,N/A,N/A,N/A,N/A,0,0,0,0.0,0,0,0
1790238590,12,,Aggregated,0.000000,0.000000,N/A,N/A,N/A,N/A,N/A,N/A,N/A,N/A,N/A,N/A,N/A,0,0,0,0.0,0,0,0
1790238591,12,,Aggregated,0.000000,0.000000,N/A,N/A,N/A,N/A,N/A,N/A,N/A,N/A,N/A,N/A,N/A,0,0,0,0.0,0,0,0
1790238592,12,,Aggregated,0.000000,0.000000,N/A,N/A,N/A,N/A,N/A,N/A,N/A,N/A,N/A,N/A,N/A,0,0,0,0.0,0,0,0
1790238593,12,,Aggregated,0.000000,0.000000,N/A,N/A,N/A,N/A,N/A,N/A,N/A,N/A,N/A,N/A,N/A,0,0,0,0.0,0,0,0
1790238594,12,,Aggregated,0.000000,0.000000,N/A,N/A,N/A,N/A,N/A,N/A,N/A,N/A,N/A,N/A,N/A,0,0,0,0.0,0,0,0
1790238595,12,,Aggregated,0.000000,0.000000,N/A,N/A,N/A,N/A,N/A,N/A,N/A,N/A,N/A,N/A,N/A,0,0,0,0.0,0,0,0
1790238596,12,,Aggregated,0.000000,0.000000,N/A,N/A,N/A,N/A,N/A,N/A,N/A,N/A,N/A,N/A,N/A,0,0,0,0.0,0,0,0
1790238597,12,,Aggregated,0.000000,0.000000,N/A,N/A,N/A,N/A,N/A,N/A,N/A,N/A,N/A,N/A,N/A,0,0,0,0.0,0,0,0
1790238598,12,,Aggregated,0.000000,0.000000,N/A,N/A,N/A,N/A,N/A,N/A,N/A,N/A,N/A,N/A,N/A,0,0,0,0.0,0,0,0
1790238599,12,,Aggregated,0.000000,0.000000,N/A,N/A,N/A,N/A,N/A,N/A,N/A,N/A,N/A,N/A,N/A,0,0,0,0.0,0,0,0
1790238600,12,,Aggregated,0.000000,0.000000,N/A,N/A,N/A,N/A,N/A,N/A,N/A,N/A,N/A,N/A,N/A,0,0,0,0.0,0,0,0
1790238601,12,,Aggregated,0.000000,0.000000,N/A,N/A,N/A,N/A,N/A,N/A,N/A,N/A,N/A,N/A,N/A,0,0,0,0.0,0,0,0
1790238602,12,,Aggregated,0.000000,0.000000,N/A,N/A,N/A,N/A,N/A,N/A,N/A,N/A,N/A,N/A,N/A,0,0,0,0.0,0,0,0
1790238603,12,,Aggregated,0.000000,0.000000,N/A,N/A,N/A,N/A,N/A,N/A,N/A,N/A,N/A,N/A,N/A,0,0,0,0.0,0,0,0
1790238604,12,,Aggregated,0.000000,0.000000,N/A,N/A,N/A,N/A,N/A,N/A,N/A,N/A,N/A,N/A,N/A,0,0,0,0.0,0,0,0
1790238605,12,,Aggregated,0.000000,0.000000,N/A,N/A,N/A,N/A,N/A,N/A,N/A,N/A,N/A,N/A,N/A,0,0,0,0.0,0,0,0
1790238606,12,,Aggregated,0.000000,0.000000,N/A,N/A,N/A,N/A,N/A,N/A,N/A,N/A,N/A,N/A,N/A,0,0,0,0.0,0,0,0
1790238607,12,,Aggregated,0.000000,0.000000,N/A,N/A,N/A,N/A,N/A,N/A,N/A,N/A,N/A,N/A,N/A,0,0,0,0.0,0,0,0
1790238608,12,,Aggregated,0.000000,0.000000,N/A,N/A,N/A,N/A,N/A,N/A,N/A,N/A,N/A,N/A,N/A,0,0,0,0.0,0,0,0
1790238609,12,,Aggregated,0.000000,0.000000,N/A,N/A,N/A,N/A,N/A,N/A,N/A,N/A,N/A,N/A,N/A,0,0,0,0.0,0,0,0
1790238610,12,,Aggregated,0.000000,0.000000,N/A,N/A,N/A,N/A,N/A,N/A,N/A,N/A,N/A,N/A,N/A,0,0,0,0.0,0,0,0
1790238611,12,,Aggregated,0.000000,0.000000,N/A,N/A,N/A,N/A,N/A,N/A,N/A,N/A,N/A,N/A,N/A,0,0,0,0.0,0,0,0
1790238612,12,,Aggregated,0.000000,0.000000,N/A,N/A,N/A,N/A,N/A,N/A,N/A,N/A,N/A,N/A,N/A,0,0,0,0.0,0,0,0
1790238613,12,,Aggregated,0.000000,0.000000,N/A,N/A,N/A,N/A,N/A,N/A,N/A,N/A,N/A,N/A,N/A,0,0,0,0.0,0,0,0
1790238614,12,,Aggregated,0.000000,0.000000,N/A,N/A,N/A,N/A,N/A,N/A,N/A,N/A,N/A,N/A,N/A,0,0,0,0.0,0,0,0
1790238615,12,,Aggregated,0.000000,0.000000,N/A,N/A,N/A,N/A,N/A,N/A,N/A,N/A,N/A,N/A,N/A,0,0,0,0.0,0,0,0
1790238616,12,,Aggregated,0.000000,0.000000,N/A,N/A,N/A,N/A,N/A,N/A,N/A,N/A,N/A,N/A,N/A,0,0,0,0.0,0,0,0
1790238617,12,,Aggregated,0.000000,0.000000,N/A,N/A,N/A,N/A,N/A,N/A,N/A,N/A,N/A,N/A,N/A,0,0,0,0.0,0,0,0
1790238618,12,,Aggregated,0.000000,0.000000,N/A,N/A,N/A,N/A,N/A,N/A,N/A,N/A,N/A,N/A,N/A,0,0,0,0.0,0,0,0
1790238619,12,,Aggregated,0.000000,0.000000,N/A,N/A,N/A,N/A,N/A,N/A,N/A,N/A,N/A,N/A,N/A,0,0,0,0.0,0,0,0
1790238620,12,,Aggregated,0.000000,0.000000,N/A,N/A,N/A,N/A,N/A,N/A,N/A,N/A,N/A,N/A,N/A,0,0,0,0.0,0,0,0
1790238621,12,,Aggregated,0.000000,0.000000,N/A,N/A,N/A,N/A,N/A,N/A,N/A,N/A,N/A,N/A,N/A,0,0,0,0.0,0,0,0
1790238622,12,,Aggregated,0.000000,0.000000,N/A,N/A,N/A,N/A,N/A,N/A,N/A,N/A,N/A,N/A,N/A,0,0,0,0.0,0,0,0
1790238623,12,,Aggregated,0.000000,0.000000,N/A,N/A,N/A,N/A,N/A,N/A,N/A,N/A,N/A,N/A,N/A,0,0,0,0.0,0,0,0
1790238624,12,,Aggregated,0.000000,0.000000,N/A,N/A,N/A,N/A,N/A,N/A,N/A,N/A,N/A,N/A,N/A,0,0,0,0.0,0,0,0
1790238625,12,,Aggregated,0.000000,0.000000,N/A,N/A,N/A,N/A,N/A,N/A,N/A,N/A,N/A,N/A,N/A,0,0,0,0.0,0,0,0
1790238626,12,,Aggregated,0.000000,0.000000,N/A,N/A,N/A,N/A,N/A,N/A,N/A,N/A,N/A,N/A,N/A,0,0,0,0.0,0,0,0
1790238627,12,,Aggregated,0.000000,0.000000,N/A,N/A,N/A,N/A,N/A,N/A,N/A,N/A,N/A,N/A,N/A,0,0,0,0.0,0,0,0
1790238628,12,,Aggregated,0.000000,0.000000,N/A,N/A,N/A,N/A,N/A,N/A,N/A,N/A,N/A,N/A,N/A,0,0,0,0.0,0,0,0
1790238629,12,,Aggregated,0.000000,0.000000,N/A,N/A,N/A,N/A,N/A,N/A,N/A,N/A,N/A,N/A,N/A,0,0,0,0.0,0,0,0
1790238630,12,,Aggregated,0.000000,0.000000,N/A,N/A,N/A,N/A,N/A,N/A,N/A,N/A,N/A,N/A,N/A,0,0,0,0.0,0,0,0
1790238631,12,,Aggregated,0.000000,0.000000,N/A,N/A,N/A,N/A,N/A,N/A,N/A,N/A,N/A,N/A,N/A,0,0,0,0.0,0,0,0
1790238632,12,,Aggregated,0.000000,0.000000,N/A,N/A,N/A,N/A,N/A,N/A,N/A,N/A,N/A,N/A,N/A,0,0,0,0.0,0,0,0
1790238633,12,,Aggregated,0.000000,0.000000,N/A,N/A,N/A,N/A,N/A,N/A,N/A,N/A,N/A,N/A,N/A,0,0,0,0.0,0,0,0
1790238634,12,,Aggregated,0.000000,0.000000,N/A,N/A,N/A,N/A,N/A,N/A,N/A,N/A,N/A,N/A,N/A,0,0,0,0.0,0,0,0
1790238635,12,,Aggregated,0.000000,0.000000,N/A,N/A,N/A,N/A,N/A,N/A,N/A,N/A,N/A,N/A,N/A,0,0,0,0.0,0,0,0
1790238636,12,,Aggregated,0.000000,0.000000,N/A,N/A,N/A,N/A,N/A,N/A,N/A,N/A,N/A,N/A,N/A,0,0,0,0.0,0,0,0
1790238637,12,,Aggregated,0.000000,0.000000,N/A,N/A,N/A,N/A,N/A,N/A,N/A,N/A,N/A,N/A,N/A,0,0,0,0.0,0,0,0
1790238638,12,,Aggregated,0.000000,0.000000,N/A,N/A,N/A,N/A,N/A,N/A,N/A,N/A,N/A,N/A,N/A,0,0,0,0.0,0,0,0
1790238639,12,,Aggregated,0.000000,0.000000,N/A,N/A,N/A,N/A,N/A,N/A,N/A,N/A,N/A,N/A,N/A,0,0,0,0.0,0,0,0
1790238640,12,,Aggregated,0.000000,0.000000,N/A,N/A,N/A,N/A,N/A,N/A,N/A,N/A,N/A,N/A,N/A,0,0,0,0.0,0,0,0
1790238641,12,,Aggregated,0.000000,0.000000,N/A,N/A,N/A,N/A,N/A,N/A,N/A,N/A,N/A,N/A,N/A,0,0,0,0.0,0,0,0
1790238642,12,,Aggregated,0.000000,0.000000,N/A,N/A,N/A,N/A,N/A,N/A,N/A,N/A,N/A,N/A,N/A,0,0,0,0.0,0,0,0
1790238643,12,,Aggregated,0.000000,0.000000,N/A,N/A,N/A,N/A,N/A,N/A,N/A,N/A,N/A,N/A,N/A,0,0,0,0.0,0,0,0
1790238644,12,,Aggregated,0.000000,0.000000,N/A,N/A,N/A,N/A,N/A,N/A,N/A,N/A,N/A,N/A,N/A,0,0,0,0.0,0,0,0
1790238645,12,,Aggregated,0.000000,0.000000,N/A,N/A,N/A,N/A,N/A,N/A,N/A,N/A,N/A,N/A,N/A,0,0,0,0.0,0,0,0
1790238646,12,,Aggregated,0.000000,0.000000,N/A,N/A,N/A,N/A,N/A,N/A,N/A,N/A,N/A,N/A,N/A,0,0,0,0.0,0,0,0
1790238647,12,,Aggregated,0.000000,0.000000,N/A,N/A,N/A,N/A,N/A,N/A,N/A,N/A,N/A,N/A,N/A,0,0,0,0.0,0,0,0
1790238648,12,,Aggregated,0.000000,0.000000,N/A,N/A,N/A,N/A,N/A,N/A,N/A,N/A,N/A,N/A,N/A,0,0,0,0.0,0,0,0
1790238649,12,,Aggregated,0.000000,0.000000,N/A,N/A,N/A,N/A,N/A,N/A,N/A,N/A,N/A,N/A,N/A,0,0,0,0.0,0,0,0
1790238650,12,,Aggregated,0.000000,0.000000,N/A,N/A,N/A,N/A,N/A,N/A,N/A,N/A,N/A,N/A,N/A,0,0,0,0.0,0,0,0
1790238651,12,,Aggregated,0.000000,0.000000,N/A,N/A,N/A,N/A,N/A,N/A,N/A,N/A,N/A,N/A,N/A,0,0,0,0.0,0,0,0
1790238652,12,,Aggregated,0.000000,0.000000,N/A,N/A,N/A,N/A,N/A,N/A,N/A,N/A,N/A,N/A,N/A,0,0,0,0.0,0,0,0
1790238653,12,,Aggregated,0.000000,0.000000,N/A,N/A,N/A,N/A,N/A,N/A,N/A,N/A,N/A,N/A,N/A,0,0,0,0.0,0,0,0
1790238654,12,,Aggregated,0.000000,0.000000,N/A,N/A,N/A,N/A,N/A,N/A,N/A,N/A,N/A,N/A,N/A,0,0,0,0.0,0,0,0
1790238655,12,,Aggregated,0.000000,0.000000,N/A,N/A,N/A,N/A,N/A,N/A,N/A,N/A,N/A,N/A,N/A,0,0,0,0.0,0,0,0
1790238656,12,,Aggregated,0.000000,0.000000,N/A,N/A,N/A,N/A,N/A,N/A,N/A,N/A,N/A,N/A,N/A,0,0,0,0.0,0,0,0
1790238657,12,,Aggregated,0.000000,0.000000,N/A,N/A,N/A,N/A,N/A,N/A,N/A,N/A,N/A,N/A,N/A,0,0,0,0.0,0,0,0
1790238658,12,,Aggregated,0.000000,0.000000,N/A,N/A,N/A,N/A,N/A,N/A,N/A,N/A,N/A,N/A,N/A,0,0,0,0.0,0,0,0
1790238659,12,,Aggregated,0.000000,0.000000,N/A,N/A,N/A,N/A,N/A,N/A,N/A,N/A,N/A,N/A,N/A,0,0,0,0.0,0,0,0
1790238660,12,,Aggregated,0.000000,0.000000,N/A,N/A,N/A,N/A,N/A,N/A,N/A,N/A,N/A,N/A,N/A,0,0,0,0.0,0,0,0
1790238661,12,,Aggregated,0.000000,0.000000,N/A,N/A,N/A,N/A,N/A,N/A,N/A,N/A,N/A,N/A,N/A,0,0,0,0.0,0,0,0
1790238662,12,,Aggregated,0.000000,0.000000,N/A,N/A,N/A,N/A,N/A,N/A,N/A,N/A,N/A,N/A,N/A,0,0,0,0.0,0,0,0
1790238663,12,,Aggregated,0.000000,0.000000,N/A,N/A,N/A,N/A,N/A,N/A,N/A,N/A,N/A,N/A,N/A,0,0,0,0.0,0,0,0
1790238664,12,,Aggregated,0.000000,0.000000,N/A,N/A,N/A,N/A,N/A,N/A,N/A,N/A,N/A,N/A,N/A,0,0,0,0.0,0,0,0
1790238665,12,,Aggregated,0.000000,0.000000,N/A,N/A,N/A,N/A,N/A,N/A,N/A,N/A,N/A,N/A,N/A,0,0,0,0.0,0,0,0
1790238666,12,,Aggregated,0.000000,0.000000,N/A,N/A,N/A,N/A,N/A,N/A,N/A,N/A,N/A,N/A,N/A,0,0,0,0.0,0,0,0
1790238667,12,,Aggregated,0.000000,0.000000,N/A,N/A,N/A,N/A,N/A,N/A,N/A,N/A,N/A,N/A,N/A,0,0,0,0.0,0,0,0
1790238668,12,,Aggregated,0.000000,0.000000,N/A,N/A,N/A,N/A,N/A,N/A,N/A,N/A,N/A,N/A,N/A,0,0,0,0.0,0,0,0
1790238669,12,,Aggregated,0.000000,0.000000,N/A,N/A,N/A,N/A,N/A,N/A,N/A,N/A,N/A,N/A,N/A,0,0,0,0.0,0,0,0
1790238670,12,POST,completion,0.000000,0.000000,0,0,0,0,0,0,0,0,0,0,0,1,0,86623.13279812224,86623.13279812224,86623.13279812224,86623.13279812224,128.0
1790238670,12,TPOT,completion,0.000000,0.000000,0,0,0,0,0,0,0,0,0,0,0,1,0,647.7995207808237,647.7995207808237,647.7995207808237,647.7995207808237,0.0
1790238670,12,TTFT,completion,0.000000,0.000000,0,0,0,0,0,0,0,0,0,0,0,1,0,4352.348770014942,4352.348770014942,4352.348770014942,4352.348770014942,0.0
1790238670,12,,Aggregated,0.000000,0.000000,0,0,0,0,0,0,0,0,0,0,0,3,0,4400,30541.093696306005,647.7995207808237,86623.13279812224,42.666666666666664
1790238671,12,POST,completion,0.000000,0.000000,87000,87000,87000,87000,87000,87000,87000,87000,87000,87000,87000,1,0,86623.13279812224,86623.13279812224,86623.13279812224,86623.13279812224,128.0
1790238671,12,TPOT,completion,0.000000,0.000000,650,650,650,650,650,650,650,650,650,650,650,1,0,647.7995207808237,647.7995207808237,647.7995207808237,647.7995207808237,0.0
1790238671,12,TTFT,completion,0.000000,0.000000,4400,4400,4400,4400,4400,4400,4400,4400,4400,4400,4400,1,0,4352.348770014942,4352.348770014942,4352.348770014942,4352.348770014942,0.0
1790238671,12,,Aggregated,0.000000,0.000000,0,0,0,0,0,0,0,0,0,0,0,3,0,4400,30541.093696306005,647.7995207808237,86623.13279812224,42.666666666666664
1790238672,12,POST,completion,0.000000,0.000000,87000,87000,87000,87000,87000,87000,87000,87000,87000,87000,87000,1,0,86623.13279812224,86623.13279812224,86623.13279812224,86623.13279812224,128.0
1790238672,12,TPOT,completion,0.000000,0.000000,650,650,650,650,650,650,650,650,650,650,650,1,0,647.7995207808237,647.7995207808237,647.7995207808237,647.7995207808237,0.0
1790238672,12,TTFT,completion,0.000000,0.000000,4400,4400,4400,4400,4400,4400,4400,4400,4400,4400,4400,1,0,4352.348770014942,4352.348770014942,4352.348770014942,4352.348770014942,0.0
1790238672,12,,Aggregated,0.000000,0.000000,0,0,0,0,0,0,0,0,0,0,0,3,0,4400,30541.093696306005,647.7995207808237,86623.13279812224,42.666666666666664
1790238673,12,POST,completion,0.000000,0.000000,87000,87000,87000,87000,87000,87000,87000,87000,87000,87000,87000,1,0,86623.13279812224,86623.13279812224,86623.13279812224,86623.13279812224,128.0
1790238673,12,TPOT,completion,0.000000,0.000000,650,650,650,650,650,650,650,650,650,650,650,1,0,647.7995207808237,647.7995207808237,647.7995207808237,647.7995207808237,0.0
1790238673,12,TTFT,completion,0.000000,0.000000,4400,4400,4400,4400,4400,4400,4400,4400,4400,4400,4400,1,0,4352.348770014942,4352.348770014942,4352.348770014942,4352.348770014942,0.0
1790238673,12,,Aggregated,0.000000,0.000000,0,0,0,0,0,0,0,0,0,0,0,3,0,4400,30541.093696306005,647.7995207808237,86623.13279812224,42.666666666666664
1790238674,12,POST,completion,0.000000,0.000000,87000,87000,87000,87000,87000,87000,87000,87000,87000,87000,87000,1,0,86623.13279812224,86623.13279812224,86623.13279812224,86623.13279812224,128.0
1790238674,12,TPOT,completion,0.000000,0.000000,650,650,650,650,650,650,650,650,650,650,650,1,0,647.7995207808237,647.7995207808237,647.7995207808237,647.7995207808237,0.0
1790238674,12,TTFT,completion,0.000000,0.000000,4400,4400,4400,4400,4400,4400,4400,4400,4400,4400,4400,1,0,4352.348770014942,4352.348770014942,4352.348770014942,4352.348770014942,0.0
1790238674,12,,Aggregated,0.000000,0.000000,0,0,0,0,0,0,0,0,0,0,0,3,0,4400,30541.093696306005,647.7995207808237,86623.13279812224,42.666666666666664
1790238675,12,POST,completion,0.000000,0.000000,87000,87000,87000,87000,87000,87000,87000,87000,87000,87000,87000,1,0,86623.13279812224,86623.13279812224,86623.13279812224,86623.13279812224,128.0
1790238675,12,TPOT,completion,0.000000,0.000000,650,650,650,650,650,650,650,650,650,650,650,1,0,647.7995207808237,647.7995207808237,647.7995207808237,647.7995207808237,0.0
1790238675,12,TTFT,completion,0.000000,0.000000,4400,4400,4400,4400,4400,4400,4400,4400,4400,4400,4400,1,0,4352.348770014942,4352.348770014942,4352.348770014942,4352.348770014942,0.0
1790238675,12,,Aggregated,0.000000,0.000000,0,0,0,0,0,0,0,0,0,0,0,3,0,4400,30541.093696306005,647.7995207808237,86623.13279812224,42.666666666666664
1790238676,12,POST,completion,0.000000,0.000000,87000,87000,87000,87000,87000,87000,87000,87000,87000,87000,87000,1,0,86623.13279812224,86623.13279812224,86623.13279812224,86623.13279812224,128.0
1790238676,12,TPOT,completion,0.000000,0.000000,650,650,650,650,650,650,650,650,650,650,650,1,0,647.7995207808237,647.7995207808237,647.7995207808237,647.7995207808237,0.0
1790238676,12,TTFT,completion,0.000000,0.000000,4400,4400,4400,4400,4400,4400,4400,4400,4400,4400,4400,1,0,4352.348770014942,4352.348770014942,4352.348770014942,4352.348770014942,0.0
1790238676,12,,Aggregated,0.000000,0.000000,0,0,0,0,0,0,0,0,0,0,0,3,0,4400,30541.093696306005,647.7995207808237,86623.13279812224,42.666666666666664
1790238677,12,POST,completion,0.000000,0.000000,87000,87000,87000,87000,87000,87000,87000,87000,87000,87000,87000,1,0,86623.13279812224,86623.13279812224,86623.13279812224,86623.13279812224,128.0
1790238677,12,TPOT,completion,0.000000,0.000000,650,650,650,650,650,650,650,650,650,650,650,1,0,647.7995207808237,647.7995207808237,647.7995207808237,647.7995207808237,0.0
1790238677,12,TTFT,completion,0.000000,0.000000,4400,4400,4400,4400,4400,4400,4400,4400,4400,4400,4400,1,0,4352.348770014942,4352.348770014942,4352.348770014942,4352.348770014942,0.0
1790238677,12,,Aggregated,0.000000,0.000000,0,0,0,0,0,0,0,0,0,0,0,3,0,4400,30541.093696306005,647.7995207808237,86623.13279812224,42.666666666666664
1790238678,12,POST,completion,0.000000,0.000000,87000,87000,87000,87000,87000,87000,87000,87000,87000,87000,87000,1,0,86623.13279812224,86623.13279812224,86623.13279812224,86623.13279812224,128.0
1790238678,12,TPOT,completion,0.000000,0.000000,650,650,650,650,650,650,650,650,650,650,650,1,0,647.7995207808237,647.7995207808237,647.7995207808237,647.7995207808237,0.0
1790238678,12,TTFT,completion,0.000000,0.000000,4400,4400,4400,4400,4400,4400,4400,4400,4400,4400,4400,1,0,4352.348770014942,4352.348770014942,4352.348770014942,4352.348770014942,0.0
1790238678,12,,Aggregated,0.000000,0.000000,0,0,0,0,0,0,0,0,0,0,0,3,0,4400,30541.093696306005,647.7995207808237,86623.13279812224,42.666666666666664
1790238679,12,POST,completion,0.000000,0.000000,87000,87000,87000,87000,87000,87000,87000,87000,87000,87000,87000,1,0,86623.13279812224,86623.13279812224,86623.13279812224,86623.13279812224,128.0
1790238679,12,TPOT,completion,0.000000,0.000000,650,650,650,650,650,650,650,650,650,650,650,1,0,647.7995207808237,647.7995207808237,647.7995207808237,647.7995207808237,0.0
1790238679,12,TTFT,completion,0.000000,0.000000,4400,4400,4400,4400,4400,4400,4400,4400,4400,4400,4400,1,0,4352.348770014942,4352.348770014942,4352.348770014942,4352.348770014942,0.0
1790238679,12,,Aggregated,0.000000,0.000000,0,0,0,0,0,0,0,0,0,0,0,3,0,4400,30541.093696306005,647.7995207808237,86623.13279812224,42.666666666666664
1790238680,12,POST,completion,0.000000,0.000000,87000,87000,87000,87000,87000,87000,87000,87000,87000,87000,87000,1,0,86623.13279812224,86623.13279812224,86623.13279812224,86623.13279812224,128.0
1790238680,12,TPOT,completion,0.000000,0.000000,650,650,650,650,650,650,650,650,650,650,650,1,0,647.7995207808237,647.7995207808237,647.7995207808237,647.7995207808237,0.0
1790238680,12,TTFT,completion,0.000000,0.000000,4400,4400,4400,4400,4400,4400,4400,4400,4400,4400,4400,1,0,4352.348770014942,4352.348770014942,4352.348770014942,4352.348770014942,0.0
1790238680,12,,Aggregated,0.000000,0.000000,0,0,0,0,0,0,0,0,0,0,0,3,0,4400,30541.093696306005,647.7995207808237,86623.13279812224,42.666666666666664
1790238681,12,POST,completion,0.000000,0.000000,87000,87000,87000,87000,87000,87000,87000,87000,87000,87000,87000,1,0,86623.13279812224,86623.13279812224,86623.13279812224,86623.13279812224,128.0
1790238681,12,TPOT,completion,0.000000,0.000000,650,650,650,650,650,650,650,650,650,650,650,1,0,647.7995207808237,647.7995207808237,647.7995207808237,647.7995207808237,0.0
1790238681,12,TTFT,completion,0.000000,0.000000,4400,4400,4400,4400,4400,4400,4400,4400,4400,4400,4400,1,0,4352.348770014942,4352.348770014942,4352.348770014942,4352.348770014942,0.0
1790238681,12,,Aggregated,0.000000,0.000000,0,0,0,0,0,0,0,0,0,0,0,3,0,4400,30541.093696306005,647.7995207808237,86623.13279812224,42.666666666666664
1790238682,12,POST,completion,0.000000,0.000000,87000,87000,87000,87000,87000,87000,87000,87000,87000,87000,87000,1,0,86623.13279812224,86623.13279812224,86623.13279812224,86623.13279812224,128.0
1790238682,12,TPOT,completion,0.000000,0.000000,650,650,650,650,650,650,650,650,650,650,650,1,0,647.7995207808237,647.7995207808237,647.7995207808237,647.7995207808237,0.0
1790238682,12,TTFT,completion,0.000000,0.000000,4400,4400,4400,4400,4400,4400,4400,4400,4400,4400,4400,1,0,4352.348770014942,4352.348770014942,4352.348770014942,4352.348770014942,0.0
1790238682,12,,Aggregated,0.000000,0.000000,0,0,0,0,0,0,0,0,0,0,0,3,0,4400,30541.093696306005,647.7995207808237,86623.13279812224,42.666666666666664
1790238683,12,POST,completion,0.000000,0.000000,87000,87000,87000,87000,87000,87000,87000,87000,87000,87000,87000,1,0,86623.13279812224,86623.13279812224,86623.13279812224,86623.13279812224,128.0
1790238683,12,TPOT,completion,0.000000,0.000000,650,650,650,650,650,650,650,650,650,650,650,1,0,647.7995207808237,647.7995207808237,647.7995207808237,647.7995207808237,0.0
1790238683,12,TTFT,completion,0.000000,0.000000,4400,4400,4400,4400,4400,4400,4400,4400,4400,4400,4400,1,0,4352.348770014942,4352.348770014942,4352.348770014942,4352.348770014942,0.0
1790238683,12,,Aggregated,0.000000,0.000000,0,0,0,0,0,0,0,0,0,0,0,3,0,4400,30541.093696306005,647.7995207808237,86623.13279812224,42.666666666666664
1790238684,12,POST,completion,0.000000,0.000000,87000,87000,87000,87000,87000,87000,87000,87000,87000,87000,87000,1,0,86623.13279812224,86623.13279812224,86623.13279812224,86623.13279812224,128.0
1790238684,12,TPOT,completion,0.000000,0.000000,650,650,650,650,650,650,650,650,650,650,650,1,0,647.7995207808237,647.7995207808237,647.7995207808237,647.7995207808237,0.0
1790238684,12,TTFT,completion,0.000000,0.000000,4400,4400,4400,4400,4400,4400,4400,4400,4400,4400,4400,1,0,4352.348770014942,4352.348770014942,4352.348770014942,4352.348770014942,0.0
1790238684,12,,Aggregated,0.000000,0.000000,0,0,0,0,0,0,0,0,0,0,0,3,0,4400,30541.093696306005,647.7995207808237,86623.13279812224,42.666666666666664
1790238685,12,POST,completion,0.000000,0.000000,87000,87000,87000,87000,87000,87000,87000,87000,87000,87000,87000,1,0,86623.13279812224,86623.13279812224,86623.13279812224,86623.13279812224,128.0
1790238685,12,TPOT,completion,0.000000,0.000000,650,650,650,650,650,650,650,650,650,650,650,1,0,647.7995207808237,647.7995207808237,647.7995207808237,647.7995207808237,0.0
1790238685,12,TTFT,completion,0.000000,0.000000,4400,4400,4400,4400,4400,4400,4400,4400,4400,4400,4400,1,0,4352.348770014942,4352.348770014942,4352.348770014942,4352.348770014942,0.0
1790238685,12,,Aggregated,0.000000,0.000000,0,0,0,0,0,0,0,0,0,0,0,3,0,4400,30541.093696306005,647.7995207808237,86623.13279812224,42.666666666666664
1790238686,12,POST,completion,0.000000,0.000000,87000,87000,87000,87000,87000,87000,87000,87000,87000,87000,87000,1,0,86623.13279812224,86623.13279812224,86623.13279812224,86623.13279812224,128.0
1790238686,12,TPOT,completion,0.000000,0.000000,650,650,650,650,650,650,650,650,650,650,650,1,0,647.7995207808237,647.7995207808237,647.7995207808237,647.7995207808237,0.0
1790238686,12,TTFT,completion,0.000000,0.000000,4400,4400,4400,4400,4400,4400,4400,4400,4400,4400,4400,1,0,4352.348770014942,4352.348770014942,4352.348770014942,4352.348770014942,0.0
1790238686,12,,Aggregated,0.000000,0.000000,0,0,0,0,0,0,0,0,0,0,0,3,0,4400,30541.093696306005,647.7995207808237,86623.13279812224,42.666666666666664
1790238687,12,POST,completion,0.000000,0.000000,87000,87000,87000,87000,87000,87000,87000,87000,87000,87000,87000,1,0,86623.13279812224,86623.13279812224,86623.13279812224,86623.13279812224,128.0
1790238687,12,TPOT,completion,0.000000,0.000000,650,650,650,650,650,650,650,650,650,650,650,1,0,647.7995207808237,647.7995207808237,647.7995207808237,647.7995207808237,0.0
1790238687,12,TTFT,completion,0.000000,0.000000,4400,4400,4400,4400,4400,4400,4400,4400,4400,4400,4400,1,0,4352.348770014942,4352.348770014942,4352.348770014942,4352.348770014942,0.0
1790238687,12,,Aggregated,0.000000,0.000000,0,0,0,0,0,0,0,0,0,0,0,3,0,4400,30541.093696306005,647.7995207808237,86623.13279812224,42.666666666666664
1790238688,12,POST,completion,0.000000,0.000000,0,0,0,0,0,0,0,0,0,0,0,1,0,86623.13279812224,86623.13279812224,86623.13279812224,86623.13279812224,128.0
1790238688,12,TPOT,completion,0.000000,0.000000,0,0,0,0,0,0,0,0,0,0,0,1,0,647.7995207808237,647.7995207808237,647.7995207808237,647.7995207808237,0.0
1790238688,12,TTFT,completion,0.000000,0.000000,0,0,0,0,0,0,0,0,0,0,0,1,0,4352.348770014942,4352.348770014942,4352.348770014942,4352.348770014942,0.0
1790238688,12,,Aggregated,0.000000,0.000000,0,0,0,0,0,0,0,0,0,0,0,3,0,4400,30541.093696306005,647.7995207808237,86623.13279812224,42.666666666666664
1790238689,12,POST,completion,0.000000,0.000000,105000,105000,105000,105000,105000,105000,105000,105000,105000,105000,105000,3,0,95000,95707.75346838248,86623.13279812224,105449.13454796188,128.0
1790238689,12,TPOT,completion,0.000000,0.000000,790,790,790,790,790,790,790,790,790,790,790,3,0,710,716.4052925200941,647.7995207808237,794.8419267484023,0.0
1790238689,12,TTFT,completion,0.000000,0.000000,5300,5300,5300,5300,5300,5300,5300,5300,5300,5300,5300,3,0,4500,4723.491477702434,4352.348770014942,5315.184836043045,0.0
1790238689,12,,Aggregated,0.000000,0.000000,5300,5300,95000,95000,105000,105000,105000,105000,105000,105000,105000,9,0,4500,33715.88341286834,647.7995207808237,105449.13454796188,42.666666666666664
1790238690,12,POST,completion,0.000000,0.000000,105000,105000,105000,105000,105000,105000,105000,105000,105000,105000,105000,3,0,95000,95707.75346838248,86623.13279812224,105449.13454796188,128.0
1790238690,12,TPOT,completion,0.000000,0.000000,790,790,790,790,790,790,790,790,790,790,790,3,0,710,716.4052925200941,647.7995207808237,794.8419267484023,0.0
1790238690,12,TTFT,completion,0.000000,0.000000,5300,5300,5300,5300,5300,5300,5300,5300,5300,5300,5300,3,0,4500,4723.491477702434,4352.348770014942,5315.184836043045,0.0
1790238690,12,,Aggregated,0.000000,0.000000,5300,5300,95000,95000,105000,105000,105000,105000,105000,105000,105000,9,0,4500,33715.88341286834,647.7995207808237,105449.13454796188,42.666666666666664
1790238691,12,POST,completion,0.000000,0.000000,105000,105000,105000,105000,105000,105000,105000,105000,105000,105000,105000,3,0,95000,95707.75346838248,86623.13279812224,105449.13454796188,128.0
1790238691,12,TPOT,completion,0.000000,0.000000,790,790,790,790,790,790,790,790,790,790,790,3,0,710,716.4052925200941,647.7995207808237,794.8419267484023,0.0
1790238691,12,TTFT,completion,0.000000,0.000000,5300,5300,5300,5300,5300,5300,5300,5300,5300,5300,5300,3,0,4500,4723.491477702434,4352.348770014942,5315.184836043045,0.0
1790238691,12,,Aggregated,0.000000,0.000000,5300,5300,95000,95000,105000,105000,105000,105000,105000,105000,105000,9,0,4500,33715.88341286834,647.7995207808237,105449.13454796188,42.666666666666664
1790238692,12,POST,completion,0.000000,0.000000,105000,105000,105000,105000,105000,105000,105000,105000,105000,105000,105000,3,0,95000,95707.75346838248,86623.13279812224,105449.13454796188,128.0
1790238692,12,TPOT,completion,0.000000,0.000000,790,790,790,790,790,790,790,790,790,790,790,3,0,710,716.4052925200941,647.7995207808237,794.8419267484023,0.0
1790238692,12,TTFT,completion,0.000000,0.000000,5300,5300,5300,5300,5300,5300,5300,5300,5300,5300,5300,3,0,4500,4723.491477702434,4352.348770014942,5315.184836043045,0.0
1790238692,12,,Aggregated,0.000000,0.000000,5300,5300,95000,95000,105000,105000,105000,105000,105000,105000,105000,9,0,4500,33715.88341286834,647.7995207808237,105449.13454796188,42.666666666666664
1790238693,12,POST,completion,0.000000,0.000000,105000,105000,105000,105000,105000,105000,105000,105000,105000,105000,105000,3,0,95000,95707.75346838248,86623.13279812224,105449.13454796188,128.0
1790238693,12,TPOT,completion,0.000000,0.000000,790,790,790,790,790,790,790,790,790,790,790,3,0,710,716.4052925200941,647.7995207808237,794.8419267484023,0.0
1790238693,12,TTFT,completion,0.000000,0.000000,5300,5300,5300,5300,5300,5300,5300,5300,5300,5300,5300,3,0,4500,4723.491477702434,4352.348770014942,5315.184836043045,0.0
1790238693,12,,Aggregated,0.000000,0.000000,5300,5300,95000,95000,105000,105000,105000,105000,105000,105000,105000,9,0,4500,33715.88341286834,647.7995207808237,105449.13454796188,42.666666666666664
1790238694,12,POST,completion,0.000000,0.000000,105000,105000,105000,105000,105000,105000,105000,105000,105000,105000,105000,3,0,95000,95707.75346838248,86623.13279812224,105449.13454796188,128.0
1790238694,12,TPOT,completion,0.000000,0.000000,790,790,790,790,790,790,790,790,790,790,790,3,0,710,716.4052925200941,647.7995207808237,794.8419267484023,0.0
1790238694,12,TTFT,completion,0.000000,0.000000,5300,5300,5300,5300,5300,5300,5300,5300,5300,5300,5300,3,0,4500,4723.491477702434,4352.348770014942,5315.184836043045,0.0
1790238694,12,,Aggregated,0.000000,0.000000,5300,5300,95000,95000,105000,105000,105000,105000,105000,105000,105000,9,0,4500,33715.88341286834,647.7995207808237,105449.13454796188,42.666666666666664
1790238695,12,POST,completion,0.200000,0.000000,95000,95000,105000,105000,105000,105000,105000,105000,105000,105000,105000,4,0,95000,95494.93386154063,86623.13279812224,105449.13454796188,128.0
1790238695,12,TPOT,completion,0.200000,0.000000,710,710,790,790,790,790,790,790,790,790,790,4,0,710,713.7516845140503,647.7995207808237,794.8419267484023,0.0
1790238695,12,TTFT,completion,0.200000,0.000000,5200,5200,5300,5300,5300,5300,5300,5300,5300,5300,5300,4,0,5200,4847.396939294413,4352.348770014942,5315.184836043045,0.0
1790238695,12,,Aggregated,0.600000,0.000000,5200,5300,95000,95000,105000,105000,105000,105000,105000,105000,105000,12,0,5200,33685.360828449695,647.7995207808237,105449.13454796188,42.666666666666664
1790238696,12,POST,completion,0.200000,0.000000,105000,105000,108000,108000,108000,108000,108000,108000,108000,108000,108000,5,0,95000,97944.30368803442,86623.13279812224,107741.78299400955,128.0
1790238696,12,TPOT,completion,0.200000,0.000000,790,790,800,800,800,800,800,800,800,800,800,5,0,710,731.7401207891828,647.7995207808237,803.6938658897127,0.0
1790238696,12,TTFT,completion,0.200000,0.000000,5300,5300,5700,5700,5700,5700,5700,5700,5700,5700,5700,5,0,5200,5012.339035235345,4352.348770014942,5672.107418999076,0.0
1790238696,12,,Aggregated,0.600000,0.000000,5300,5700,95000,95000,105000,108000,108000,108000,108000,108000,108000,15,0,5200,34562.79428135298,647.7995207808237,107741.78299400955,42.666666666666664
1790238697,12,POST,completion,0.200000,0.000000,95000,105000,105000,108000,108000,108000,108000,108000,108000,108000,108000,6,0,95000,96605.95118518297,86623.13279812224,107741.78299400955,128.0
1790238697,12,TPOT,completion,0.200000,0.000000,710,790,790,800,800,800,800,800,800,800,800,6,0,710,720.2486459567917,647.7995207808237,803.6938658897127,0.0
1790238697,12,TTFT,completion,0.200000,0.000000,5300,5700,5700,5700,5700,5700,5700,5700,5700,5700,5700,6,0,5300,5133.396269520745,4352.348770014942,5738.682440947741,0.0
1790238697,12,,Aggregated,0.600000,0.000000,5300,5700,95000,95000,105000,108000,108000,108000,108000,108000,108000,18,0,5300,34153.19870022017,647.7995207808237,107741.78299400955,42.666666666666664
1790238698,12,POST,completion,0.200000,0.000000,95000,95000,108000,108000,108000,108000,108000,108000,108000,108000,108000,6,0,95000,96605.95118518297,86623.13279812224,107741.78299400955,128.0
1790238698,12,TPOT,completion,0.200000,0.000000,710,710,800,800,800,800,800,800,800,800,800,6,0,710,720.2486459567917,647.7995207808237,803.6938658897127,0.0
1790238698,12,TTFT,completion,0.200000,0.000000,5700,5700,5700,5700,5700,5700,5700,5700,5700,5700,5700,6,0,5300,5133.396269520745,4352.348770014942,5738.682440947741,0.0
1790238698,12,,Aggregated,0.600000,0.000000,5700,5700,95000,95000,95000,108000,108000,108000,108000,108000,108000,18,0,5300,34153.19870022017,647.7995207808237,107741.78299400955,42.666666666666664
1790238699,12,POST,completion,0.200000,0.000000,95000,95000,108000,108000,108000,108000,108000,108000,108000,108000,108000,6,0,95000,96605.95118518297,86623.13279812224,107741.78299400955,128.0
1790238699,12,TPOT,completion,0.200000,0.000000,710,710,800,800,800,800,800,800,800,800,800,6,0,710,720.2486459567917,647.7995207808237,803.6938658897127,0.0
1790238699,12,TTFT,completion,0.200000,0.000000,5700,5700,5700,5700,5700,5700,5700,5700,5700,5700,5700,6,0,5300,5133.396269520745,4352.348770014942,5738.682440947741,0.0
1790238699,12,,Aggregated,0.600000,0.000000,5700,5700,95000,95000,95000,108000,108000,108000,108000,108000,108000,18,0,5300,34153.19870022017,647.7995207808237,107741.78299400955,42.666666666666664
1790238700,12,POST,completion,0.200000,0.000000,95000,95000,108000,108000,108000,108000,108000,108000,108000,108000,108000,6,0,95000,96605.95118518297,86623.13279812224,107741.78299400955,128.0
1790238700,12,TPOT,completion,0.200000,0.000000,710,710,800,800,800,800,800,800,800,800,800,6,0,710,720.2486459567917,647.7995207808237,803.6938658897127,0.0
1790238700,12,TTFT,completion,0.200000,0.000000,5700,5700,5700,5700,5700,5700,5700,5700,5700,5700,5700,6,0,5300,5133.396269520745,4352.348770014942,5738.682440947741,0.0
1790238700,12,,Aggregated,0.600000,0.000000,5700,5700,95000,95000,95000,108000,108000,108000,108000,108000,108000,18,0,5300,34153.19870022017,647.7995207808237,107741.78299400955,42.666666666666664
1790238701,12,POST,completion,0.200000,0.000000,95000,95000,108000,108000,108000,108000,108000,108000,108000,108000,108000,6,0,95000,96605.95118518297,86623.13279812224,107741.78299400955,128.0
1790238701,12,TPOT,completion,0.200000,0.000000,710,710,800,800,800,800,800,800,800,800,800,6,0,710,720.2486459567917,647.7995207808237,803.6938658897127,0.0
1790238701,12,TTFT,completion,0.200000,0.000000,5700,5700,5700,5700,5700,5700,5700,5700,5700,5700,5700,6,0,5300,5133.396269520745,4352.348770014942,5738.682440947741,0.0
1790238701,12,,Aggregated,0.600000,0.000000,5700,5700,95000,95000,95000,108000,108000,108000,108000,108000,108000,18,0,5300,34153.19870022017,647.7995207808237,107741.78299400955,42.666666666666664
1790238702,12,POST,completion,0.200000,0.000000,95000,95000,108000,108000,108000,108000,108000,108000,108000,108000,108000,6,0,95000,96605.95118518297,86623.13279812224,107741.78299400955,128.0
1790238702,12,TPOT,completion,0.200000,0.000000,710,710,800,800,800,800,800,800,800,800,800,6,0,710,720.2486459567917,647.7995207808237,803.6938658897127,0.0
1790238702,12,TTFT,completion,0.200000,0.000000,5700,5700,5700,5700,5700,5700,5700,5700,5700,5700,5700,6,0,5300,5133.396269520745,4352.348770014942,5738.682440947741,0.0
1790238702,12,,Aggregated,0.600000,0.000000,5700,5700,90000,95000,108000,108000,108000,108000,108000,108000,108000,18,0,5300,34153.19870022017,647.7995207808237,107741.78299400955,42.666666666666664
1790238703,12,POST,completion,0.300000,0.000000,108000,108000,122000,122000,122000,122000,122000,122000,122000,122000,122000,7,0,95000,100200.49192786349,86623.13279812224,121767.73638394661,128.0
1790238703,12,TPOT,completion,0.300000,0.000000,800,800,920,920,920,920,920,920,920,920,920,7,0,710,749.4376959809268,647.7995207808237,924.5719961257373,0.0
1790238703,12,TTFT,completion,0.300000,0.000000,5700,5700,5700,5700,5700,5700,5700,5700,5700,5700,5700,7,0,5200,5020.995730301365,4346.592494985089,5738.682440947741,0.0
1790238703,12,,Aggregated,0.900000,0.000000,5700,5700,95000,95000,108000,122000,122000,122000,122000,122000,122000,21,0,5200,35323.64178471526,647.7995207808237,121767.73638394661,42.666666666666664
1790238704,12,POST,completion,0.300000,0.000000,108000,108000,108000,122000,122000,122000,122000,122000,122000,122000,122000,8,0,105000,101175.80740325502,86623.13279812224,121767.73638394661,128.0
1790238704,12,TPOT,completion,0.300000,0.000000,800,810,810,920,920,920,920,920,920,920,920,8,0,790,757.1162483258462,647.7995207808237,924.5719961257373,0.0
1790238704,12,TTFT,completion,0.300000,0.000000,5200,5700,5700,5700,5700,5700,5700,5700,5700,5700,5700,8,0,5200,5020.782833249541,4346.592494985089,5738.682440947741,0.0
1790238704,12,,Aggregated,0.900000,0.000000,5200,5700,95000,108000,108000,122000,122000,122000,122000,122000,122000,24,0,5200,35651.23549494347,647.7995207808237,121767.73638394661,42.666666666666664
1790238705,12,POST,completion,0.300000,0.000000,108000,108000,122000,122000,122000,122000,122000,122000,122000,122000,122000,8,0,105000,101175.80740325502,86623.13279812224,121767.73638394661,128.0
1790238705,12,TPOT,completion,0.300000,0.000000,810,810,920,920,920,920,920,920,920,920,920,8,0,790,757.1162483258462,647.7995207808237,924.5719961257373,0.0
1790238705,12,TTFT,completion,0.300000,0.000000,5700,5700,5700,5700,5700,5700,5700,5700,5700,5700,5700,8,0,5200,5020.782833249541,4346.592494985089,5738.682440947741,0.0
1790238705,12,,Aggregated,0.900000,0.000000,5700,5700,108000,108000,108000,122000,122000,122000,122000,122000,122000,24,0,5200,35651.23549494347,647.7995207808237,121767.73638394661,42.666666666666664
1790238706,12,POST,completion,0.300000,0.000000,108000,108000,122000,122000,122000,122000,122000,122000,122000,122000,122000,8,0,105000,101175.80740325502,86623.13279812224,121767.73638394661,128.0
1790238706,12,TPOT,completion,0.300000,0.000000,810,810,920,920,920,920,920,920,920,920,920,8,0,790,757.1162483258462,647.7995207808237,924.5719961257373,0.0
1790238706,12,TTFT,completion,0.300000,0.000000,5700,5700,5700,5700,5700,5700,5700,5700,5700,5700,5700,8,0,5200,5020.782833249541,4346.592494985089,5738.682440947741,0.0
1790238706,12,,Aggregated,0.900000,0.000000,5700,5700,108000,108000,108000,122000,122000,122000,122000,122000,122000,24,0,5200,35651.23549494347,647.7995207808237,121767.73638394661,42.666666666666664
1790238707,12,POST,completion,0.300000,0.000000,108000,108000,122000,122000,122000,122000,122000,122000,122000,122000,122000,8,0,105000,101175.80740325502,86623.13279812224,121767.73638394661,128.0
1790238707,12,TPOT,completion,0.300000,0.000000,810,810,920,920,920,920,920,920,920,920,920,8,0,790,757.1162483258462,647.7995207808237,924.5719961257373,0.0
1790238707,12,TTFT,completion,0.300000,0.000000,5700,5700,5700,5700,5700,5700,5700,5700,5700,5700,5700,8,0,5200,5020.782833249541,4346.592494985089,5738.682440947741,0.0
1790238707,12,,Aggregated,0.900000,0.000000,5700,5700,108000,108000,108000,122000,122000,122000,122000,122000,122000,24,0,5200,35651.23549494347,647.7995207808237,121767.73638394661,42.666666666666664
1790238708,12,POST,completion,0.300000,0.000000,108000,108000,122000,122000,122000,122000,122000,122000,122000,122000,122000,8,0,105000,101175.80740325502,86623.13279812224,121767.73638394661,128.0
1790238708,12,TPOT,completion,0.300000,0.000000,810,810,920,920,920,920,920,920,920,920,920,8,0,790,757.1162483258462,647.7995207808237,924.5719961257373,0.0
1790238708,12,TTFT,completion,0.300000,0.000000,5700,5700,5700,5700,5700,5700,5700,5700,5700,5700,5700,8,0,5200,5020.782833249541,4346.592494985089,5738.682440947741,0.0
1790238708,12,,Aggregated,0.900000,0.000000,5700,5700,108000,108000,108000,122000,122000,122000,122000,122000,122000,24,0,5200,35651.23549494347,647.7995207808237,121767.73638394661,42.666666666666664
1790238709,12,POST,completion,0.300000,0.000000,122000,122000,122000,122000,122000,122000,122000,122000,122000,122000,122000,8,0,105000,101175.80740325502,86623.13279812224,121767.73638394661,128.0
1790238709,12,TPOT,completion,0.300000,0.000000,920,920,920,920,920,920,920,920,920,920,920,8,0,790,757.1162483258462,647.7995207808237,924.5719961257373,0.0
1790238709,12,TTFT,completion,0.300000,0.000000,5000,5000,5000,5000,5000,5000,5000,5000,5000,5000,5000,8,0,5200,5020.782833249541,4346.592494985089,5738.682440947741,0.0
1790238709,12,,Aggregated,0.900000,0.000000,5000,5000,108000,108000,122000,122000,122000,122000,122000,122000,122000,24,0,5200,35651.23549494347,647.7995207808237,121767.73638394661,42.666666666666664
1790238711,12,POST,completion,0.300000,0.000000,122000,122000,122000,122000,122000,122000,122000,122000,122000,122000,122000,8,0,105000,101175.80740325502,86623.13279812224,121767.73638394661,128.0
1790238711,12,TPOT,completion,0.300000,0.000000,920,920,920,920,920,920,920,920,920,920,920,8,0,790,757.1162483258462,647.7995207808237,924.5719961257373,0.0
1790238711,12,TTFT,completion,0.300000,0.000000,5000,5000,5000,5000,5000,5000,5000,5000,5000,5000,5000,8,0,5200,5020.782833249541,4346.592494985089,5738.682440947741,0.0
1790238711,12,,Aggregated,0.900000,0.000000,5000,5000,108000,108000,122000,122000,122000,122000,122000,122000,122000,24,0,5200,35651.23549494347,647.7995207808237,121767.73638394661,42.666666666666664
1790238712,12,POST,completion,0.200000,0.000000,108000,108000,122000,122000,122000,122000,122000,122000,122000,122000,122000,9,0,105000,101976.46496080172,86623.13279812224,121767.73638394661,128.0
1790238712,12,TPOT,completion,0.200000,0.000000,810,810,920,920,920,920,920,920,920,920,920,9,0,790,762.7332590437678,647.7995207808237,924.5719961257373,0.0
1790238712,12,TTFT,completion,0.200000,0.000000,5000,5000,5800,5800,5800,5800,5800,5800,5800,5800,5800,9,0,5200,5107.931000568594,4346.592494985089,5805.116339121014,0.0
1790238712,12,,Aggregated,0.600000,0.000000,5000,5800,108000,108000,122000,122000,122000,122000,122000,122000,122000,27,0,5200,35949.04307347136,647.7995207808237,121767.73638394661,42.666666666666664
1790238713,12,POST,completion,0.200000,0.000000,108000,108000,108000,108000,108000,108000,108000,108000,108000,108000,108000,9,0,105000,101976.46496080172,86623.13279812224,121767.73638394661,128.0
1790238713,12,TPOT,completion,0.200000,0.000000,810,810,810,810,810,810,810,810,810,810,810,9,0,790,762.7332590437678,647.7995207808237,924.5719961257373,0.0
1790238713,12,TTFT,completion,0.200000,0.000000,5800,5800,5800,5800,5800,5800,5800,5800,5800,5800,5800,9,0,5200,5107.931000568594,4346.592494985089,5805.116339121014,0.0
1790238713,12,,Aggregated,0.600000,0.000000,5800,5800,108000,108000,108000,108000,108000,108000,108000,108000,108000,27,0,5200,35949.04307347136,647.7995207808237,121767.73638394661,42.666666666666664
1790238714,12,POST,completion,0.200000,0.000000,108000,108000,108000,108000,108000,108000,108000,108000,108000,108000,108000,9,0,105000,101976.46496080172,86623.13279812224,121767.73638394661,128.0
1790238714,12,TPOT,completion,0.200000,0.000000,810,810,810,810,810,810,810,810,810,810,810,9,0,790,762.7332590437678,647.7995207808237,924.5719961257373,0.0
1790238714,12,TTFT,completion,0.200000,0.000000,5800,5800,5800,5800,5800,5800,5800,5800,5800,5800,5800,9,0,5200,5107.931000568594,4346.592494985089,5805.116339121014,0.0
1790238714,12,,Aggregated,0.600000,0.000000,5800,5800,108000,108000,108000,108000,108000,108000,108000,108000,108000,27,0,5200,35949.04307347136,647.7995207808237,121767.73638394661,42.666666666666664
1790238715,12,POST,completion,0.300000,0.000000,108000,108000,127000,127000,127000,127000,127000,127000,127000,127000,127000,10,0,108000,104486.11674101558,86623.13279812224,127072.98276294023,128.0
1790238715,12,TPOT,completion,0.300000,0.000000,810,810,960,960,960,960,960,960,960,960,960,10,0,800,782.3620898716929,647.7995207808237,959.0215673230178,0.0
1790238715,12,TTFT,completion,0.300000,0.000000,5300,5300,5800,5800,5800,5800,5800,5800,5800,5800,5800,10,0,5300,5124.775157519616,4346.592494985089,5805.116339121014,0.0
1790238715,12,,Aggregated,0.900000,0.000000,5300,5800,108000,108000,127000,127000,127000,127000,127000,127000,127000,30,0,5300,36797.751329468956,647.7995207808237,127072.98276294023,42.666666666666664
1790238716,12,POST,completion,0.300000,0.000000,108000,108000,127000,127000,127000,127000,127000,127000,127000,127000,127000,10,0,108000,104486.11674101558,86623.13279812224,127072.98276294023,128.0
1790238716,12,TPOT,completion,0.300000,0.000000,810,810,960,960,960,960,960,960,960,960,960,10,0,800,782.3620898716929,647.7995207808237,959.0215673230178,0.0
1790238716,12,TTFT,completion,0.300000,0.000000,5300,5300,5800,5800,5800,5800,5800,5800,5800,5800,5800,10,0,5300,5124.775157519616,4346.592494985089,5805.116339121014,0.0
1790238716,12,,Aggregated,0.900000,0.000000,5300,5800,108000,108000,127000,127000,127000,127000,127000,127000,127000,30,0,5300,36797.751329468956,647.7995207808237,127072.98276294023,42.666666666666664
1790238717,12,POST,completion,0.300000,0.000000,108000,108000,127000,127000,127000,127000,127000,127000,127000,127000,127000,10,0,108000,104486.11674101558,86623.13279812224,127072.98276294023,128.0
1790238717,12,TPOT,completion,0.300000,0.000000,810,810,960,960,960,960,960,960,960,960,960,10,0,800,782.3620898716929,647.7995207808237,959.0215673230178,0.0
1790238717,12,TTFT,completion,0.300000,0.000000,5300,5300,5800,5800,5800,5800,5800,5800,5800,5800,5800,10,0,5300,5124.775157519616,4346.592494985089,5805.116339121014,0.0
1790238717,12,,Aggregated,0.900000,0.000000,5300,5800,108000,108000,127000,127000,127000,127000,127000,127000,127000,30,0,5300,36797.751329468956,647.7995207808237,127072.98276294023,42.666666666666664
1790238718,12,POST,completion,0.300000,0.000000,127000,127000,127000,127000,127000,127000,127000,127000,127000,127000,127000,10,0,108000,104486.11674101558,86623.13279812224,127072.98276294023,128.0
1790238718,12,TPOT,completion,0.300000,0.000000,960,960,960,960,960,960,960,960,960,960,960,10,0,800,782.3620898716929,647.7995207808237,959.0215673230178,0.0
1790238718,12,TTFT,completion,0.300000,0.000000,5800,5800,5800,5800,5800,5800,5800,5800,5800,5800,5800,10,0,5300,5124.775157519616,4346.592494985089,5805.116339121014,0.0
1790238718,12,,Aggregated,0.900000,0.000000,5800,5800,108000,108000,127000,127000,127000,127000,127000,127000,127000,30,0,5300,36797.751329468956,647.7995207808237,127072.98276294023,42.666666666666664
1790238719,12,POST,completion,0.300000,0.000000,127000,127000,127000,127000,127000,127000,127000,127000,127000,127000,127000,10,0,108000,104486.11674101558,86623.13279812224,127072.98276294023,128.0
1790238719,12,TPOT,completion,0.300000,0.000000,960,960,960,960,960,960,960,960,960,960,960,10,0,800,782.3620898716929,647.7995207808237,959.0215673230178,0.0
1790238719,12,TTFT,completion,0.300000,0.000000,5800,5800,5800,5800,5800,5800,5800,5800,5800,5800,5800,10,0,5300,5124.775157519616,4346.592494985089,5805.116339121014,0.0
1790238719,12,,Aggregated,0.900000,0.000000,5800,5800,108000,108000,127000,127000,127000,127000,127000,127000,127000,30,0,5300,36797.751329468956,647.7995207808237,127072.98276294023,42.666666666666664
1790238720,12,POST,completion,0.300000,0.000000,127000,127000,127000,127000,127000,127000,127000,127000,127000,127000,127000,10,0,108000,104486.11674101558,86623.13279812224,127072.98276294023,128.0
1790238720,12,TPOT,completion,0.300000,0.000000,960,960,960,960,960,960,960,960,960,960,960,10,0,800,782.3620898716929,647.7995207808237,959.0215673230178,0.0
1790238720,12,TTFT,completion,0.300000,0.000000,5800,5800,5800,5800,5800,5800,5800,5800,5800,5800,5800,10,0,5300,5124.775157519616,4346.592494985089,5805.116339121014,0.0
1790238720,12,,Aggregated,0.900000,0.000000,5800,5800,108000,108000,127000,127000,127000,127000,127000,127000,127000,30,0,5300,36797.751329468956,647.7995207808237,127072.98276294023,42.666666666666664
1790238721,12,POST,completion,0.300000,0.000000,127000,127000,127000,127000,127000,127000,127000,127000,127000,127000,127000,10,0,108000,104486.11674101558,86623.13279812224,127072.98276294023,128.0
1790238721,12,TPOT,completion,0.300000,0.000000,960,960,960,960,960,960,960,960,960,960,960,10,0,800,782.3620898716929,647.7995207808237,959.0215673230178,0.0
1790238721,12,TTFT,completion,0.300000,0.000000,5800,5800,5800,5800,5800,5800,5800,5800,5800,5800,5800,10,0,5300,5124.775157519616,4346.592494985089,5805.116339121014,0.0
1790238721,12,,Aggregated,0.900000,0.000000,5800,5800,108000,108000,127000,127000,127000,127000,127000,127000,127000,30,0,5300,36797.751329468956,647.7995207808237,127072.98276294023,42.666666666666664
1790238722,12,POST,completion,0.200000,0.000000,108000,108000,127000,127000,127000,127000,127000,127000,127000,127000,127000,11,0,105000,95655.86242028936,7353.3192130271345,127072.98276294023,116.36363636363636
1790238722,12,TPOT,completion,0.200000,0.000000,960,960,960,960,960,960,960,960,960,960,960,10,0,800,782.3620898716929,647.7995207808237,959.0215673230178,0.0
1790238722,12,TTFT,completion,0.200000,0.000000,5800,5800,7400,7400,7400,7400,7400,7400,7400,7400,7400,11,0,5300,5327.370071656664,4346.592494985089,7353.3192130271345,0.0
1790238722,12,,Aggregated,0.600000,0.000000,7400,7400,108000,108000,127000,127000,127000,127000,127000,127000,127000,32,0,5300,34957.474322191345,647.7995207808237,127072.98276294023,40.0
1790238723,12,POST,completion,0.200000,0.000000,127000,127000,127000,127000,127000,127000,127000,127000,127000,127000,127000,11,0,105000,95655.86242028936,7353.3192130271345,127072.98276294023,116.36363636363636
1790238723,12,TPOT,completion,0.200000,0.000000,960,960,960,960,960,960,960,960,960,960,960,10,0,800,782.3620898716929,647.7995207808237,959.0215673230178,0.0
1790238723,12,TTFT,completion,0.200000,0.000000,7400,7400,7400,7400,7400,7400,7400,7400,7400,7400,7400,11,0,5300,5327.370071656664,4346.592494985089,7353.3192130271345,0.0
1790238723,12,,Aggregated,0.600000,0.000000,7400,7400,7400,127000,127000,127000,127000,127000,127000,127000,127000,32,0,5300,34957.474322191345,647.7995207808237,127072.98276294023,40.0
1790238724,12,POST,completion,0.200000,0.000000,127000,127000,129000,129000,129000,129000,129000,129000,129000,129000,129000,12,0,108000,98466.8204660217,7353.3192130271345,129387.35896907747,117.33333333333333
1790238724,12,TPOT,completion,0.200000,0.000000,970,970,970,970,970,970,970,970,970,970,970,11,0,800,799.4737498875195,647.7995207808237,970.5903500457858,0.0
1790238724,12,TTFT,completion,0.200000,0.000000,6100,6100,7400,7400,7400,7400,7400,7400,7400,7400,7400,12,0,5300,5393.553657612453,4346.592494985089,7353.3192130271345,0.0
1790238724,12,,Aggregated,0.600000,0.000000,7400,7400,127000,127000,129000,129000,129000,129000,129000,129000,129000,35,0,5300,35860.534306639216,647.7995207808237,129387.35896907747,40.22857142857143
1790238725,12,POST,completion,0.200000,0.000000,127000,127000,129000,129000,129000,129000,129000,129000,129000,129000,129000,12,0,108000,98466.8204660217,7353.3192130271345,129387.35896907747,117.33333333333333
1790238725,12,TPOT,completion,0.200000,0.000000,970,970,970,970,970,970,970,970,970,970,970,11,0,800,799.4737498875195,647.7995207808237,970.5903500457858,0.0
1790238725,12,TTFT,completion,0.200000,0.000000,6100,6100,7400,7400,7400,7400,7400,7400,7400,7400,7400,12,0,5300,5393.553657612453,4346.592494985089,7353.3192130271345,0.0
1790238725,12,,Aggregated,0.600000,0.000000,7400,7400,127000,127000,129000,129000,129000,129000,129000,129000,129000,35,0,5300,35860.534306639216,647.7995207808237,129387.35896907747,40.22857142857143
1790238726,12,POST,completion,0.200000,0.000000,127000,127000,129000,129000,129000,129000,129000,129000,129000,129000,129000,13,0,108000,100327.47933508542,7353.3192130271345,129387.35896907747,118.15384615384616
1790238726,12,TPOT,completion,0.100000,0.000000,960,960,970,970,970,970,970,970,970,970,970,12,0,810,809.6471697984574,647.7995207808237,970.5903500457858,0.0
1790238726,12,TTFT,completion,0.200000,0.000000,6100,6100,7400,7400,7400,7400,7400,7400,7400,7400,7400,13,0,5300,5410.670229950203,4346.592494985089,7353.3192130271345,0.0
1790238726,12,,Aggregated,0.500000,0.000000,6100,7400,123000,123000,127000,129000,129000,129000,129000,129000,129000,38,0,5600,36429.25553639591,647.7995207808237,129387.35896907747,40.421052631578945
1790238727,12,POST,completion,0.200000,0.000000,123000,123000,129000,129000,129000,129000,129000,129000,129000,129000,129000,13,0,108000,100327.47933508542,7353.3192130271345,129387.35896907747,118.15384615384616
1790238727,12,TPOT,completion,0.100000,0.000000,960,960,970,970,970,970,970,970,970,970,970,12,0,810,809.6471697984574,647.7995207808237,970.5903500457858,0.0
1790238727,12,TTFT,completion,0.200000,0.000000,6100,6100,7400,7400,7400,7400,7400,7400,7400,7400,7400,13,0,5300,5410.670229950203,4346.592494985089,7353.3192130271345,0.0
1790238727,12,,Aggregated,0.500000,0.000000,7400,7400,123000,123000,129000,129000,129000,129000,129000,129000,129000,38,0,5600,36429.25553639591,647.7995207808237,129387.35896907747,40.421052631578945
1790238729,12,POST,completion,0.200000,0.000000,123000,123000,129000,129000,129000,129000,129000,129000,129000,129000,129000,13,0,108000,100327.47933508542,7353.3192130271345,129387.35896907747,118.15384615384616
1790238729,12,TPOT,completion,0.100000,0.000000,970,970,970,970,970,970,970,970,970,970,970,12,0,810,809.6471697984574,647.7995207808237,970.5903500457858,0.0
1790238729,12,TTFT,completion,0.200000,0.000000,6100,6100,7400,7400,7400,7400,7400,7400,7400,7400,7400,13,0,5300,5410.670229950203,4346.592494985089,7353.3192130271345,0.0
1790238729,12,,Aggregated,0.500000,0.000000,7400,7400,123000,123000,129000,129000,129000,129000,129000,129000,129000,38,0,5600,36429.25553639591,647.7995207808237,129387.35896907747,40.421052631578945
1790238730,12,POST,completion,0.200000,0.000000,123000,123000,129000,129000,129000,129000,129000,129000,129000,129000,129000,13,0,108000,100327.47933508542,7353.3192130271345,129387.35896907747,118.15384615384616
1790238730,12,TPOT,completion,0.100000,0.000000,970,970,970,970,970,970,970,970,970,970,970,12,0,810,809.6471697984574,647.7995207808237,970.5903500457858,0.0
1790238730,12,TTFT,completion,0.200000,0.000000,6100,6100,7400,7400,7400,7400,7400,7400,7400,7400,7400,13,0,5300,5410.670229950203,4346.592494985089,7353.3192130271345,0.0
1790238730,12,,Aggregated,0.500000,0.000000,7400,7400,123000,123000,129000,129000,129000,129000,129000,129000,129000,38,0,5600,36429.25553639591,647.7995207808237,129387.35896907747,40.421052631578945
1790238731,12,POST,completion,0.200000,0.000000,123000,123000,129000,129000,129000,129000,129000,129000,129000,129000,129000,13,0,108000,100327.47933508542,7353.3192130271345,129387.35896907747,118.15384615384616
1790238731,12,TPOT,completion,0.100000,0.000000,970,970,970,970,970,970,970,970,970,970,970,12,0,810,809.6471697984574,647.7995207808237,970.5903500457858,0.0
1790238731,12,TTFT,completion,0.200000,0.000000,6100,6100,7400,7400,7400,7400,7400,7400,7400,7400,7400,13,0,5300,5410.670229950203,4346.592494985089,7353.3192130271345,0.0
1790238731,12,,Aggregated,0.500000,0.000000,7400,7400,123000,123000,129000,129000,129000,129000,129000,129000,129000,38,0,5600,36429.25553639591,647.7995207808237,129387.35896907747,40.421052631578945
1790238732,12,POST,completion,0.200000,0.000000,123000,123000,129000,129000,129000,129000,129000,129000,129000,129000,129000,13,0,108000,100327.47933508542,7353.3192130271345,129387.35896907747,118.15384615384616
1790238732,12,TPOT,completion,0.100000,0.000000,970,970,970,970,970,970,970,970,970,970,970,12,0,810,809.6471697984574,647.7995207808237,970.5903500457858,0.0
1790238732,12,TTFT,completion,0.200000,0.000000,6100,6100,7400,7400,7400,7400,7400,7400,7400,7400,7400,13,0,5300,5410.670229950203,4346.592494985089,7353.3192130271345,0.0
1790238732,12,,Aggregated,0.500000,0.000000,7400,7400,123000,123000,129000,129000,129000,129000,129000,129000,129000,38,0,5600,36429.25553639591,647.7995207808237,129387.35896907747,40.421052631578945
1790238733,12,POST,completion,0.200000,0.000000,129000,129000,129000,129000,129000,129000,129000,129000,129000,129000,129000,13,0,108000,100327.47933508542,7353.3192130271345,129387.35896907747,118.15384615384616
1790238733,12,TPOT,completion,0.100000,0.000000,970,970,970,970,970,970,970,970,970,970,970,12,0,810,809.6471697984574,647.7995207808237,970.5903500457858,0.0
1790238733,12,TTFT,completion,0.200000,0.000000,6100,6100,6100,6100,6100,6100,6100,6100,6100,6100,6100,13,0,5300,5410.670229950203,4346.592494985089,7353.3192130271345,0.0
1790238733,12,,Aggregated,0.500000,0.000000,6100,6100,123000,123000,129000,129000,129000,129000,129000,129000,129000,38,0,5600,36429.25553639591,647.7995207808237,129387.35896907747,40.421052631578945
1790238734,12,POST,completion,0.200000,0.000000,129000,129000,129000,129000,129000,129000,129000,129000,129000,129000,129000,13,0,108000,100327.47933508542,7353.3192130271345,129387.35896907747,118.15384615384616
1790238734,12,TPOT,completion,0.100000,0.000000,970,970,970,970,970,970,970,970,970,970,970,12,0,810,809.6471697984574,647.7995207808237,970.5903500457858,0.0
1790238734,12,TTFT,completion,0.200000,0.000000,6100,6100,6100,6100,6100,6100,6100,6100,6100,6100,6100,13,0,5300,5410.670229950203,4346.592494985089,7353.3192130271345,0.0
1790238734,12,,Aggregated,0.500000,0.000000,6100,6100,123000,123000,129000,129000,129000,129000,129000,129000,129000,38,0,5600,36429.25553639591,647.7995207808237,129387.35896907747,40.421052631578945
1790238735,12,POST,completion,0.200000,0.000000,123000,123000,123000,123000,123000,123000,123000,123000,123000,123000,123000,13,0,108000,100327.47933508542,7353.3192130271345,129387.35896907747,118.15384615384616
1790238735,12,TPOT,completion,0.100000,0.000000,920,920,920,920,920,920,920,920,920,920,920,12,0,810,809.6471697984574,647.7995207808237,970.5903500457858,0.0
1790238735,12,TTFT,completion,0.200000,0.000000,5600,5600,5600,5600,5600,5600,5600,5600,5600,5600,5600,13,0,5300,5410.670229950203,4346.592494985089,7353.3192130271345,0.0
1790238735,12,,Aggregated,0.500000,0.000000,5600,5600,123000,123000,123000,123000,123000,123000,123000,123000,123000,38,0,5600,36429.25553639591,647.7995207808237,129387.35896907747,40.421052631578945
1790238736,12,POST,completion,0.200000,0.000000,123000,123000,123000,123000,123000,123000,123000,123000,123000,123000,123000,13,0,108000,100327.47933508542,7353.3192130271345,129387.35896907747,118.15384615384616
1790238736,12,TPOT,completion,0.100000,0.000000,920,920,920,920,920,920,920,920,920,920,920,12,0,810,809.6471697984574,647.7995207808237,970.5903500457858,0.0
1790238736,12,TTFT,completion,0.200000,0.000000,5600,5600,5600,5600,5600,5600,5600,5600,5600,5600,5600,13,0,5300,5410.670229950203,4346.592494985089,7353.3192130271345,0.0
1790238736,12,,Aggregated,0.500000,0.000000,5600,5600,123000,123000,123000,123000,123000,123000,123000,123000,123000,38,0,5600,36429.25553639591,647.7995207808237,129387.35896907747,40.421052631578945
1790238737,12,POST,completion,0.200000,0.000000,123000,123000,123000,123000,123000,123000,123000,123000,123000,123000,123000,13,0,108000,100327.47933508542,7353.3192130271345,129387.35896907747,118.15384615384616
1790238737,12,TPOT,completion,0.100000,0.000000,920,920,920,920,920,920,920,920,920,920,920,12,0,810,809.6471697984574,647.7995207808237,970.5903500457858,0.0
1790238737,12,TTFT,completion,0.200000,0.000000,5600,5600,5600,5600,5600,5600,5600,5600,5600,5600,5600,13,0,5300,5410.670229950203,4346.592494985089,7353.3192130271345,0.0
1790238737,12,,Aggregated,0.500000,0.000000,5600,5600,123000,123000,123000,123000,123000,123000,123000,123000,123000,38,0,5600,36429.25553639591,647.7995207808237,129387.35896907747,40.421052631578945
1790238738,12,POST,completion,0.200000,0.000000,123000,123000,123000,123000,123000,123000,123000,123000,123000,123000,123000,13,0,108000,100327.47933508542,7353.3192130271345,129387.35896907747,118.15384615384616
1790238738,12,TPOT,completion,0.100000,0.000000,920,920,920,920,920,920,920,920,920,920,920,12,0,810,809.6471697984574,647.7995207808237,970.5903500457858,0.0
1790238738,12,TTFT,completion,0.200000,0.000000,5600,5600,5600,5600,5600,5600,5600,5600,5600,5600,5600,13,0,5300,5410.670229950203,4346.592494985089,7353.3192130271345,0.0
1790238738,12,,Aggregated,0.500000,0.000000,5600,5600,123000,123000,123000,123000,123000,123000,123000,123000,123000,38,0,5600,36429.25553639591,647.7995207808237,129387.35896907747,40.421052631578945
1790238739,12,POST,completion,0.200000,0.000000,123000,123000,123000,123000,123000,123000,123000,123000,123000,123000,123000,13,0,108000,100327.47933508542,7353.3192130271345,129387.35896907747,118.15384615384616
1790238739,12,TPOT,completion,0.100000,0.000000,920,920,920,920,920,920,920,920,920,920,920,12,0,810,809.6471697984574,647.7995207808237,970.5903500457858,0.0
1790238739,12,TTFT,completion,0.200000,0.000000,5600,5600,5600,5600,5600,5600,5600,5600,5600,5600,5600,13,0,5300,5410.670229950203,4346.592494985089,7353.3192130271345,0.0
1790238739,12,,Aggregated,0.500000,0.000000,5600,5600,123000,123000,123000,123000,123000,123000,123000,123000,123000,38,0,5600,36429.25553639591,647.7995207808237,129387.35896907747,40.421052631578945
1790238740,12,POST,completion,0.200000,0.000000,123000,123000,123000,123000,123000,123000,123000,123000,123000,123000,123000,13,0,108000,100327.47933508542,7353.3192130271345,129387.35896907747,118.15384615384616
1790238740,12,TPOT,completion,0.100000,0.000000,920,920,920,920,920,920,920,920,920,920,920,12,0,810,809.6471697984574,647.7995207808237,970.5903500457858,0.0
1790238740,12,TTFT,completion,0.200000,0.000000,5600,5600,5600,5600,5600,5600,5600,5600,5600,5600,5600,13,0,5300,5410.670229950203,4346.592494985089,7353.3192130271345,0.0
1790238740,12,,Aggregated,0.500000,0.000000,5600,5600,123000,123000,123000,123000,123000,123000,123000,123000,123000,38,0,5600,36429.25553639591,647.7995207808237,129387.35896907747,40.421052631578945
1790238741,12,POST,completion,0.200000,0.000000,123000,123000,123000,123000,123000,123000,123000,123000,123000,123000,123000,13,0,108000,100327.47933508542,7353.3192130271345,129387.35896907747,118.15384615384616
1790238741,12,TPOT,completion,0.100000,0.000000,920,920,920,920,920,920,920,920,920,920,920,12,0,810,809.6471697984574,647.7995207808237,970.5903500457858,0.0
1790238741,12,TTFT,completion,0.200000,0.000000,5600,5600,5600,5600,5600,5600,5600,5600,5600,5600,5600,13,0,5300,5410.670229950203,4346.592494985089,7353.3192130271345,0.0
1790238741,12,,Aggregated,0.500000,0.000000,5600,5600,123000,123000,123000,123000,123000,123000,123000,123000,123000,38,0,5600,36429.25553639591,647.7995207808237,129387.35896907747,40.421052631578945
1790238742,12,POST,completion,0.200000,0.000000,123000,123000,123000,123000,123000,123000,123000,123000,123000,123000,123000,13,0,108000,100327.47933508542,7353.3192130271345,129387.35896907747,118.15384615384616
1790238742,12,TPOT,completion,0.100000,0.000000,920,920,920,920,920,920,920,920,920,920,920,12,0,810,809.6471697984574,647.7995207808237,970.5903500457858,0.0
1790238742,12,TTFT,completion,0.200000,0.000000,5600,5600,5600,5600,5600,5600,5600,5600,5600,5600,5600,13,0,5300,5410.670229950203,4346.592494985089,7353.3192130271345,0.0
1790238742,12,,Aggregated,0.500000,0.000000,5600,5600,123000,123000,123000,123000,123000,123000,123000,123000,123000,38,0,5600,36429.25553639591,647.7995207808237,129387.35896907747,40.421052631578945
1790238743,12,POST,completion,0.200000,0.000000,123000,123000,123000,123000,123000,123000,123000,123000,123000,123000,123000,13,0,108000,100327.47933508542,7353.3192130271345,129387.35896907747,118.15384615384616
1790238743,12,TPOT,completion,0.100000,0.000000,920,920,920,920,920,920,920,920,920,920,920,12,0,810,809.6471697984574,647.7995207808237,970.5903500457858,0.0
1790238743,12,TTFT,completion,0.200000,0.000000,5600,5600,5600,5600,5600,5600,5600,5600,5600,5600,5600,13,0,5300,5410.670229950203,4346.592494985089,7353.3192130271345,0.0
1790238743,12,,Aggregated,0.500000,0.000000,5600,5600,123000,123000,123000,123000,123000,123000,123000,123000,123000,38,0,5600,36429.25553639591,647.7995207808237,129387.35896907747,40.421052631578945
1790238744,12,POST,completion,0.200000,0.000000,0,0,0,0,0,0,0,0,0,0,0,13,0,108000,100327.47933508542,7353.3192130271345,129387.35896907747,118.15384615384616
1790238744,12,TPOT,completion,0.100000,0.000000,0,0,0,0,0,0,0,0,0,0,0,12,0,810,809.6471697984574,647.7995207808237,970.5903500457858,0.0
1790238744,12,TTFT,completion,0.200000,0.000000,0,0,0,0,0,0,0,0,0,0,0,13,0,5300,5410.670229950203,4346.592494985089,7353.3192130271345,0.0
1790238744,12,,Aggregated,0.500000,0.000000,0,0,0,0,0,0,0,0,0,0,0,38,0,5600,36429.25553639591,647.7995207808237,129387.35896907747,40.421052631578945
1790238745,12,POST,completion,0.200000,0.000000,0,0,0,0,0,0,0,0,0,0,0,13,0,108000,100327.47933508542,7353.3192130271345,129387.35896907747,118.15384615384616
1790238745,12,TPOT,completion,0.100000,0.000000,0,0,0,0,0,0,0,0,0,0,0,12,0,810,809.6471697984574,647.7995207808237,970.5903500457858,0.0
1790238745,12,TTFT,completion,0.200000,0.000000,0,0,0,0,0,0,0,0,0,0,0,13,0,5300,5410.670229950203,4346.592494985089,7353.3192130271345,0.0
1790238745,12,,Aggregated,0.500000,0.000000,0,0,0,0,0,0,0,0,0,0,0,38,0,5600,36429.25553639591,647.7995207808237,129387.35896907747,40.421052631578945
1790238746,12,POST,completion,0.200000,0.000000,0,0,0,0,0,0,0,0,0,0,0,13,0,108000,100327.47933508542,7353.3192130271345,129387.35896907747,118.15384615384616
1790238746,12,TPOT,completion,0.100000,0.000000,0,0,0,0,0,0,0,0,0,0,0,12,0,810,809.6471697984574,647.7995207808237,970.5903500457858,0.0
1790238746,12,TTFT,completion,0.200000,0.000000,0,0,0,0,0,0,0,0,0,0,0,13,0,5300,5410.670229950203,4346.592494985089,7353.3192130271345,0.0
1790238746,12,,Aggregated,0.500000,0.000000,0,0,0,0,0,0,0,0,0,0,0,38,0,5600,36429.25553639591,647.7995207808237,129387.35896907747,40.421052631578945
1790238747,12,POST,completion,0.200000,0.000000,0,0,0,0,0,0,0,0,0,0,0,13,0,108000,100327.47933508542,7353.3192130271345,129387.35896907747,118.15384615384616
1790238747,12,TPOT,completion,0.100000,0.000000,0,0,0,0,0,0,0,0,0,0,0,12,0,810,809.6471697984574,647.7995207808237,970.5903500457858,0.0
1790238747,12,TTFT,completion,0.200000,0.000000,0,0,0,0,0,0,0,0,0,0,0,13,0,5300,5410.670229950203,4346.592494985089,7353.3192130271345,0.0
1790238747,12,,Aggregated,0.500000,0.000000,0,0,0,0,0,0,0,0,0,0,0,38,0,5600,36429.25553639591,647.7995207808237,129387.35896907747,40.421052631578945
1790238748,12,POST,completion,0.000000,0.000000,0,0,0,0,0,0,0,0,0,0,0,14,0,108000,97387.04803872055,7353.3192130271345,129387.35896907747,118.85714285714286
1790238748,12,TPOT,completion,0.000000,0.000000,0,0,0,0,0,0,0,0,0,0,0,13,0,800,780.1946971427564,426.76502527434405,970.5903500457858,0.0
1790238748,12,TTFT,completion,0.000000,0.000000,0,0,0,0,0,0,0,0,0,0,0,14,0,5300,5378.619106602855,4346.592494985089,7353.3192130271345,0.0
1790238748,12,,Aggregated,0.000000,0.000000,0,0,0,0,0,0,0,0,0,0,0,41,0,5300,35338.09441700936,426.76502527434405,129387.35896907747,40.58536585365854
1790238749,12,POST,completion,0.000000,0.000000,59000,59000,59000,59000,59000,59000,59000,59000,59000,59000,59000,14,0,108000,97387.04803872055,7353.3192130271345,129387.35896907747,118.85714285714286
1790238749,12,TPOT,completion,0.000000,0.000000,430,430,430,430,430,430,430,430,430,430,430,13,0,800,780.1946971427564,426.76502527434405,970.5903500457858,0.0
1790238749,12,TTFT,completion,0.000000,0.000000,5000,5000,5000,5000,5000,5000,5000,5000,5000,5000,5000,14,0,5300,5378.619106602855,4346.592494985089,7353.3192130271345,0.0
1790238749,12,,Aggregated,0.000000,0.000000,5000,5000,59000,59000,59000,59000,59000,59000,59000,59000,59000,41,0,5300,35338.09441700936,426.76502527434405,129387.35896907747,40.58536585365854
1790238750,12,POST,completion,0.000000,0.000000,59000,59000,59000,59000,59000,59000,59000,59000,59000,59000,59000,14,0,108000,97387.04803872055,7353.3192130271345,129387.35896907747,118.85714285714286
1790238750,12,TPOT,completion,0.000000,0.000000,430,430,430,430,430,430,430,430,430,430,430,13,0,800,780.1946971427564,426.76502527434405,970.5903500457858,0.0
1790238750,12,TTFT,completion,0.000000,0.000000,5000,5000,5000,5000,5000,5000,5000,5000,5000,5000,5000,14,0,5300,5378.619106602855,4346.592494985089,7353.3192130271345,0.0
1790238750,12,,Aggregated,0.000000,0.000000,5000,5000,59000,59000,59000,59000,59000,59000,59000,59000,59000,41,0,5300,35338.09441700936,426.76502527434405,129387.35896907747,40.58536585365854
1790238751,12,POST,completion,0.100000,0.000000,59000,59000,59000,59000,59000,59000,59000,59000,59000,59000,59000,15,0,105000,94497.46960260284,7353.3192130271345,129387.35896907747,119.46666666666667
1790238751,12,TPOT,completion,0.100000,0.000000,430,430,430,430,430,430,430,430,430,430,430,14,0,800,752.1405107635298,387.4360878335855,970.5903500457858,0.0
1790238751,12,TTFT,completion,0.100000,0.000000,5000,5000,5000,5000,5000,5000,5000,5000,5000,5000,5000,15,0,5300,5342.613940561811,4346.592494985089,7353.3192130271345,0.0
1790238751,12,,Aggregated,0.300000,0.000000,5000,5000,54000,54000,59000,59000,59000,59000,59000,59000,59000,44,0,5300,34275.70955223089,387.4360878335855,129387.35896907747,40.72727272727273
1790238752,12,POST,completion,0.100000,0.000000,59000,59000,59000,59000,59000,59000,59000,59000,59000,59000,59000,15,0,105000,94497.46960260284,7353.3192130271345,129387.35896907747,119.46666666666667
1790238752,12,TPOT,completion,0.100000,0.000000,430,430,430,430,430,430,430,430,430,430,430,14,0,800,752.1405107635298,387.4360878335855,970.5903500457858,0.0
1790238752,12,TTFT,completion,0.100000,0.000000,5000,5000,5000,5000,5000,5000,5000,5000,5000,5000,5000,15,0,5300,5342.613940561811,4346.592494985089,7353.3192130271345,0.0
1790238752,12,,Aggregated,0.300000,0.000000,5000,5000,54000,54000,59000,59000,59000,59000,59000,59000,59000,44,0,5300,34275.70955223089,387.4360878335855,129387.35896907747,40.72727272727273
1790238753,12,POST,completion,0.100000,0.000000,59000,59000,59000,59000,59000,59000,59000,59000,59000,59000,59000,15,0,105000,94497.46960260284,7353.3192130271345,129387.35896907747,119.46666666666667
1790238753,12,TPOT,completion,0.100000,0.000000,430,430,430,430,430,430,430,430,430,430,430,14,0,800,752.1405107635298,387.4360878335855,970.5903500457858,0.0
1790238753,12,TTFT,completion,0.100000,0.000000,5000,5000,5000,5000,5000,5000,5000,5000,5000,5000,5000,15,0,5300,5342.613940561811,4346.592494985089,7353.3192130271345,0.0
1790238753,12,,Aggregated,0.300000,0.000000,5000,5000,54000,54000,59000,59000,59000,59000,59000,59000,59000,44,0,5300,34275.70955223089,387.4360878335855,129387.35896907747,40.72727272727273
1790238754,12,POST,completion,0.100000,0.000000,59000,59000,59000,59000,59000,59000,59000,59000,59000,59000,59000,15,0,105000,94497.46960260284,7353.3192130271345,129387.35896907747,119.46666666666667
1790238754,12,TPOT,completion,0.100000,0.000000,430,430,430,430,430,430,430,430,430,430,430,14,0,800,752.1405107635298,387.4360878335855,970.5903500457858,0.0
1790238754,12,TTFT,completion,0.100000,0.000000,5000,5000,5000,5000,5000,5000,5000,5000,5000,5000,5000,15,0,5300,5342.613940561811,4346.592494985089,7353.3192130271345,0.0
1790238754,12,,Aggregated,0.300000,0.000000,5000,5000,54000,54000,59000,59000,59000,59000,59000,59000,59000,44,0,5300,34275.70955223089,387.4360878335855,129387.35896907747,40.72727272727273
1790238755,12,POST,completion,0.100000,0.000000,59000,59000,59000,59000,59000,59000,59000,59000,59000,59000,59000,15,0,105000,94497.46960260284,7353.3192130271345,129387.35896907747,119.46666666666667
1790238755,12,TPOT,completion,0.100000,0.000000,430,430,430,430,430,430,430,430,430,430,430,14,0,800,752.1405107635298,387.4360878335855,970.5903500457858,0.0
1790238755,12,TTFT,completion,0.100000,0.000000,5000,5000,5000,5000,5000,5000,5000,5000,5000,5000,5000,15,0,5300,5342.613940561811,4346.592494985089,7353.3192130271345,0.0
1790238755,12,,Aggregated,0.300000,0.000000,5000,5000,54000,54000,59000,59000,59000,59000,59000,59000,59000,44,0,5300,34275.70955223089,387.4360878335855,129387.35896907747,40.72727272727273
1790238756,12,POST,completion,0.100000,0.000000,59000,59000,59000,59000,59000,59000,59000,59000,59000,59000,59000,15,0,105000,94497.46960260284,7353.3192130271345,129387.35896907747,119.46666666666667
1790238756,12,TPOT,completion,0.100000,0.000000,430,430,430,430,430,430,430,430,430,430,430,14,0,800,752.1405107635298,387.4360878335855,970.5903500457858,0.0
1790238756,12,TTFT,completion,0.100000,0.000000,5000,5000,5000,5000,5000,5000,5000,5000,5000,5000,5000,15,0,5300,5342.613940561811,4346.592494985089,7353.3192130271345,0.0
1790238756,12,,Aggregated,0.300000,0.000000,5000,5000,54000,54000,59000,59000,59000,59000,59000,59000,59000,44,0,5300,34275.70955223089,387.4360878335855,129387.35896907747,40.72727272727273
1790238757,12,POST,completion,0.100000,0.000000,59000,59000,59000,59000,59000,59000,59000,59000,59000,59000,59000,15,0,105000,94497.46960260284,7353.3192130271345,129387.35896907747,119.46666666666667
1790238757,12,TPOT,completion,0.100000,0.000000,430,430,430,430,430,430,430,430,430,430,430,14,0,800,752.1405107635298,387.4360878335855,970.5903500457858,0.0
1790238757,12,TTFT,completion,0.100000,0.000000,5000,5000,5000,5000,5000,5000,5000,5000,5000,5000,5000,15,0,5300,5342.613940561811,4346.592494985089,7353.3192130271345,0.0
1790238757,12,,Aggregated,0.300000,0.000000,5000,5000,54000,54000,59000,59000,59000,59000,59000,59000,59000,44,0,5300,34275.70955223089,387.4360878335855,129387.35896907747,40.72727272727273
1790238758,12,POST,completion,0.100000,0.000000,59000,59000,59000,59000,59000,59000,59000,59000,59000,59000,59000,15,0,105000,94497.46960260284,7353.3192130271345,129387.35896907747,119.46666666666667
1790238758,12,TPOT,completion,0.100000,0.000000,430,430,430,430,430,430,430,430,430,430,430,14,0,800,752.1405107635298,387.4360878335855,970.5903500457858,0.0
1790238758,12,TTFT,completion,0.100000,0.000000,5000,5000,5000,5000,5000,5000,5000,5000,5000,5000,5000,15,0,5300,5342.613940561811,4346.592494985089,7353.3192130271345,0.0
1790238758,12,,Aggregated,0.300000,0.000000,5000,5000,54000,54000,59000,59000,59000,59000,59000,59000,59000,44,0,5300,34275.70955223089,387.4360878335855,129387.35896907747,40.72727272727273
1790238759,12,POST,completion,0.200000,0.000000,70000,70000,70000,70000,70000,70000,70000,70000,70000,70000,70000,16,0,105000,92988.42901644821,7353.3192130271345,129387.35896907747,120.0
1790238759,12,TPOT,completion,0.200000,0.000000,510,510,510,510,510,510,510,510,510,510,510,15,0,790,735.678476946712,387.4360878335855,970.5903500457858,0.0
1790238759,12,TTFT,completion,0.200000,0.000000,6200,6200,6200,6200,6200,6200,6200,6200,6200,6200,6200,16,0,5300,5395.542656973703,4346.592494985089,7353.3192130271345,0.0
1790238759,12,,Aggregated,0.600000,0.000000,6200,6200,54000,54000,70000,70000,70000,70000,70000,70000,70000,47,0,5300,33727.20689210534,387.4360878335855,129387.35896907747,40.851063829787236
1790238760,12,POST,completion,0.200000,0.000000,64000,64000,70000,70000,70000,70000,70000,70000,70000,70000,70000,17,0,95000,91294.80974200893,7353.3192130271345,129387.35896907747,120.47058823529412
1790238760,12,TPOT,completion,0.200000,0.000000,470,470,510,510,510,510,510,510,510,510,510,16,0,790,718.789298658206,387.4360878335855,970.5903500457858,0.0
1790238760,12,TTFT,completion,0.200000,0.000000,5100,5100,6200,6200,6200,6200,6200,6200,6200,6200,6200,17,0,5300,5377.238161560586,4346.592494985089,7353.3192130271345,0.0
1790238760,12,,Aggregated,0.600000,0.000000,5100,6200,54000,64000,70000,70000,70000,70000,70000,70000,70000,50,0,5300,33098.50886278426,387.4360878335855,129387.35896907747,40.96
1790238761,12,POST,completion,0.200000,0.000000,64000,64000,70000,70000,70000,70000,70000,70000,70000,70000,70000,17,0,95000,91294.80974200893,7353.3192130271345,129387.35896907747,120.47058823529412
1790238761,12,TPOT,completion,0.200000,0.000000,470,470,510,510,510,510,510,510,510,510,510,16,0,790,718.789298658206,387.4360878335855,970.5903500457858,0.0
1790238761,12,TTFT,completion,0.200000,0.000000,5100,5100,6200,6200,6200,6200,6200,6200,6200,6200,6200,17,0,5300,5377.238161560586,4346.592494985089,7353.3192130271345,0.0
1790238761,12,,Aggregated,0.600000,0.000000,5100,6200,54000,64000,70000,70000,70000,70000,70000,70000,70000,50,0,5300,33098.50886278426,387.4360878335855,129387.35896907747,40.96
1790238762,12,POST,completion,0.200000,0.000000,64000,64000,70000,70000,70000,70000,70000,70000,70000,70000,70000,17,0,95000,91294.80974200893,7353.3192130271345,129387.35896907747,120.47058823529412
1790238762,12,TPOT,completion,0.200000,0.000000,470,470,510,510,510,510,510,510,510,510,510,16,0,790,718.789298658206,387.4360878335855,970.5903500457858,0.0
1790238762,12,TTFT,completion,0.200000,0.000000,5100,5100,6200,6200,6200,6200,6200,6200,6200,6200,6200,17,0,5300,5377.238161560586,4346.592494985089,7353.3192130271345,0.0
1790238762,12,,Aggregated,0.600000,0.000000,5100,6200,54000,64000,70000,70000,70000,70000,70000,70000,70000,50,0,5300,33098.50886278426,387.4360878335855,129387.35896907747,40.96
1790238763,12,POST,completion,0.200000,0.000000,64000,64000,70000,70000,70000,70000,70000,70000,70000,70000,70000,17,0,95000,91294.80974200893,7353.3192130271345,129387.35896907747,120.47058823529412
1790238763,12,TPOT,completion,0.200000,0.000000,470,470,510,510,510,510,510,510,510,510,510,16,0,790,718.789298658206,387.4360878335855,970.5903500457858,0.0
1790238763,12,TTFT,completion,0.200000,0.000000,5100,5100,6200,6200,6200,6200,6200,6200,6200,6200,6200,17,0,5300,5377.238161560586,4346.592494985089,7353.3192130271345,0.0
1790238763,12,,Aggregated,0.600000,0.000000,5100,6200,54000,64000,70000,70000,70000,70000,70000,70000,70000,50,0,5300,33098.50886278426,387.4360878335855,129387.35896907747,40.96
1790238764,12,POST,completion,0.200000,0.000000,64000,64000,70000,70000,70000,70000,70000,70000,70000,70000,70000,17,0,95000,91294.80974200893,7353.3192130271345,129387.35896907747,120.47058823529412
1790238764,12,TPOT,completion,0.200000,0.000000,470,470,510,510,510,510,510,510,510,510,510,16,0,790,718.789298658206,387.4360878335855,970.5903500457858,0.0
1790238764,12,TTFT,completion,0.200000,0.000000,5100,5100,6200,6200,6200,6200,6200,6200,6200,6200,6200,17,0,5300,5377.238161560586,4346.592494985089,7353.3192130271345,0.0
1790238764,12,,Aggregated,0.600000,0.000000,5100,6200,54000,64000,70000,70000,70000,70000,70000,70000,70000,50,0,5300,33098.50886278426,387.4360878335855,129387.35896907747,40.96
1790238765,12,POST,completion,0.200000,0.000000,70000,70000,70000,70000,70000,70000,70000,70000,70000,70000,70000,17,0,95000,91294.80974200893,7353.3192130271345,129387.35896907747,120.47058823529412
1790238765,12,TPOT,completion,0.200000,0.000000,510,510,510,510,510,510,510,510,510,510,510,16,0,790,718.789298658206,387.4360878335855,970.5903500457858,0.0
1790238765,12,TTFT,completion,0.200000,0.000000,6200,6200,6200,6200,6200,6200,6200,6200,6200,6200,6200,17,0,5300,5377.238161560586,4346.592494985089,7353.3192130271345,0.0
1790238765,12,,Aggregated,0.600000,0.000000,6200,6200,64000,64000,70000,70000,70000,70000,70000,70000,70000,50,0,5300,33098.50886278426,387.4360878335855,129387.35896907747,40.96
1790238766,12,POST,completion,0.200000,0.000000,70000,70000,70000,70000,70000,70000,70000,70000,70000,70000,70000,17,0,95000,91294.80974200893,7353.3192130271345,129387.35896907747,120.47058823529412
1790238766,12,TPOT,completion,0.200000,0.000000,510,510,510,510,510,510,510,510,510,510,510,16,0,790,718.789298658206,387.4360878335855,970.5903500457858,0.0
1790238766,12,TTFT,completion,0.200000,0.000000,6200,6200,6200,6200,6200,6200,6200,6200,6200,6200,6200,17,0,5300,5377.238161560586,4346.592494985089,7353.3192130271345,0.0
1790238766,12,,Aggregated,0.600000,0.000000,6200,6200,64000,64000,70000,70000,70000,70000,70000,70000,70000,50,0,5300,33098.50886278426,387.4360878335855,129387.35896907747,40.96
1790238767,12,POST,completion,0.200000,0.000000,64000,64000,70000,70000,70000,70000,70000,70000,70000,70000,70000,18,0,95000,89260.52507890078,7353.3192130271345,129387.35896907747,120.88888888888889
1790238767,12,TPOT,completion,0.200000,0.000000,470,470,510,510,510,510,510,510,510,510,510,17,0,710,699.1741364787713,385.3315416078164,970.5903500457858,0.0
1790238767,12,TTFT,completion,0.200000,0.000000,5700,5700,6200,6200,6200,6200,6200,6200,6200,6200,6200,18,0,5300,5397.4145337447735,4346.592494985089,7353.3192130271345,0.0
1790238767,12,,Aggregated,0.600000,0.000000,5700,6200,55000,64000,70000,70000,70000,70000,70000,70000,70000,53,0,5300,32372.242893353945,385.3315416078164,129387.35896907747,41.056603773584904
1790238768,12,POST,completion,0.200000,0.000000,64000,64000,70000,70000,70000,70000,70000,70000,70000,70000,70000,18,0,95000,89260.52507890078,7353.3192130271345,129387.35896907747,120.88888888888889
1790238768,12,TPOT,completion,0.200000,0.000000,470,470,510,510,510,510,510,510,510,510,510,17,0,710,699.1741364787713,385.3315416078164,970.5903500457858,0.0
1790238768,12,TTFT,completion,0.200000,0.000000,5700,5700,6200,6200,6200,6200,6200,6200,6200,6200,6200,18,0,5300,5397.4145337447735,4346.592494985089,7353.3192130271345,0.0
1790238768,12,,Aggregated,0.600000,0.000000,5700,6200,55000,64000,70000,70000,70000,70000,70000,70000,70000,53,0,5300,32372.242893353945,385.3315416078164,129387.35896907747,41.056603773584904
1790238769,12,POST,completion,0.300000,0.000000,64000,64000,64000,64000,64000,64000,64000,64000,64000,64000,64000,19,0,95000,87956.76369416087,7353.3192130271345,129387.35896907747,121.26315789473684
1790238769,12,TPOT,completion,0.300000,0.000000,460,460,470,470,470,470,470,470,470,470,470,18,0,710,685.796211356821,385.3315416078164,970.5903500457858,0.0
1790238769,12,TTFT,completion,0.300000,0.000000,5700,5700,6300,6300,6300,6300,6300,6300,6300,6300,6300,19,0,5300,5443.597891380226,4346.592494985089,7353.3192130271345,0.0
1790238769,12,,Aggregated,0.900000,0.000000,5700,6300,55000,64000,64000,64000,64000,64000,64000,64000,64000,56,0,5600,31909.842891601846,385.3315416078164,129387.35896907747,41.142857142857146
1790238770,12,POST,completion,0.300000,0.000000,64000,64000,64000,64000,64000,64000,64000,64000,64000,64000,64000,19,0,95000,87956.76369416087,7353.3192130271345,129387.35896907747,121.26315789473684
1790238770,12,TPOT,completion,0.300000,0.000000,460,460,470,470,470,470,470,470,470,470,470,18,0,710,685.796211356821,385.3315416078164,970.5903500457858,0.0
1790238770,12,TTFT,completion,0.300000,0.000000,5700,5700,6300,6300,6300,6300,6300,6300,6300,6300,6300,19,0,5300,5443.597891380226,4346.592494985089,7353.3192130271345,0.0
1790238770,12,,Aggregated,0.900000,0.000000,5700,6300,55000,64000,64000,64000,64000,64000,64000,64000,64000,56,0,5600,31909.842891601846,385.3315416078164,129387.35896907747,41.142857142857146
1790238771,12,POST,completion,0.300000,0.000000,64000,64000,64000,64000,64000,64000,64000,64000,64000,64000,64000,19,0,95000,87956.76369416087,7353.3192130271345,129387.35896907747,121.26315789473684
1790238771,12,TPOT,completion,0.300000,0.000000,460,460,470,470,470,470,470,470,470,470,470,18,0,710,685.796211356821,385.3315416078164,970.5903500457858,0.0
1790238771,12,TTFT,completion,0.300000,0.000000,5700,5700,6300,6300,6300,6300,6300,6300,6300,6300,6300,19,0,5300,5443.597891380226,4346.592494985089,7353.3192130271345,0.0
1790238771,12,,Aggregated,0.900000,0.000000,5700,6300,55000,64000,64000,64000,64000,64000,64000,64000,64000,56,0,5600,31909.842891601846,385.3315416078164,129387.35896907747,41.142857142857146
1790238772,12,POST,completion,0.300000,0.000000,64000,64000,64000,64000,64000,64000,64000,64000,64000,64000,64000,19,0,95000,87956.76369416087,7353.3192130271345,129387.35896907747,121.26315789473684
1790238772,12,TPOT,completion,0.300000,0.000000,460,460,470,470,470,470,470,470,470,470,470,18,0,710,685.796211356821,385.3315416078164,970.5903500457858,0.0
1790238772,12,TTFT,completion,0.300000,0.000000,5700,5700,6300,6300,6300,6300,6300,6300,6300,6300,6300,19,0,5300,5443.597891380226,4346.592494985089,7353.3192130271345,0.0
1790238772,12,,Aggregated,0.900000,0.000000,5700,6300,55000,64000,64000,64000,64000,64000,64000,64000,64000,56,0,5600,31909.842891601846,385.3315416078164,129387.35896907747,41.142857142857146
1790238773,12,POST,completion,0.300000,0.000000,64000,64000,64000,64000,64000,64000,64000,64000,64000,64000,64000,19,0,95000,87956.76369416087,7353.3192130271345,129387.35896907747,121.26315789473684
1790238773,12,TPOT,completion,0.300000,0.000000,460,460,460,460,460,460,460,460,460,460,460,18,0,710,685.796211356821,385.3315416078164,970.5903500457858,0.0
1790238773,12,TTFT,completion,0.300000,0.000000,6300,6300,6300,6300,6300,6300,6300,6300,6300,6300,6300,19,0,5300,5443.597891380226,4346.592494985089,7353.3192130271345,0.0
1790238773,12,,Aggregated,0.900000,0.000000,6300,6300,55000,55000,64000,64000,64000,64000,64000,64000,64000,56,0,5600,31909.842891601846,385.3315416078164,129387.35896907747,41.142857142857146
1790238774,12,POST,completion,0.300000,0.000000,64000,64000,64000,64000,64000,64000,64000,64000,64000,64000,64000,19,0,95000,87956.76369416087,7353.3192130271345,129387.35896907747,121.26315789473684
1790238774,12,TPOT,completion,0.300000,0.000000,460,460,460,460,460,460,460,460,460,460,460,18,0,710,685.796211356821,385.3315416078164,970.5903500457858,0.0
1790238774,12,TTFT,completion,0.300000,0.000000,6300,6300,6300,6300,6300,6300,6300,6300,6300,6300,6300,19,0,5300,5443.597891380226,4346.592494985089,7353.3192130271345,0.0
1790238774,12,,Aggregated,0.900000,0.000000,6300,6300,55000,55000,64000,64000,64000,64000,64000,64000,64000,56,0,5600,31909.842891601846,385.3315416078164,129387.35896907747,41.142857142857146
1790238775,12,POST,completion,0.300000,0.000000,64000,64000,64000,64000,64000,64000,64000,64000,64000,64000,64000,19,0,95000,87956.76369416087,7353.3192130271345,129387.35896907747,121.26315789473684
1790238775,12,TPOT,completion,0.300000,0.000000,460,460,460,460,460,460,460,460,460,460,460,18,0,710,685.796211356821,385.3315416078164,970.5903500457858,0.0
1790238775,12,TTFT,completion,0.300000,0.000000,6300,6300,6300,6300,6300,6300,6300,6300,6300,6300,6300,19,0,5300,5443.597891380226,4346.592494985089,7353.3192130271345,0.0
1790238775,12,,Aggregated,0.900000,0.000000,6300,6300,55000,55000,64000,64000,64000,64000,64000,64000,64000,56,0,5600,31909.842891601846,385.3315416078164,129387.35896907747,41.142857142857146
1790238776,12,POST,completion,0.300000,0.000000,64000,64000,64000,64000,64000,64000,64000,64000,64000,64000,64000,19,0,95000,87956.76369416087,7353.3192130271345,129387.35896907747,121.26315789473684
1790238776,12,TPOT,completion,0.300000,0.000000,460,460,460,460,460,460,460,460,460,460,460,18,0,710,685.796211356821,385.3315416078164,970.5903500457858,0.0
1790238776,12,TTFT,completion,0.300000,0.000000,6300,6300,6300,6300,6300,6300,6300,6300,6300,6300,6300,19,0,5300,5443.597891380226,4346.592494985089,7353.3192130271345,0.0
1790238776,12,,Aggregated,0.900000,0.000000,6300,6300,55000,55000,64000,64000,64000,64000,64000,64000,64000,56,0,5600,31909.842891601846,385.3315416078164,129387.35896907747,41.142857142857146
1790238777,12,POST,completion,0.300000,0.000000,64000,64000,64000,64000,64000,64000,64000,64000,64000,64000,64000,19,0,95000,87956.76369416087,7353.3192130271345,129387.35896907747,121.26315789473684
1790238777,12,TPOT,completion,0.300000,0.000000,460,460,460,460,460,460,460,460,460,460,460,18,0,710,685.796211356821,385.3315416078164,970.5903500457858,0.0
1790238777,12,TTFT,completion,0.300000,0.000000,6300,6300,6300,6300,6300,6300,6300,6300,6300,6300,6300,19,0,5300,5443.597891380226,4346.592494985089,7353.3192130271345,0.0
1790238777,12,,Aggregated,0.900000,0.000000,6300,6300,64000,64000,64000,64000,64000,64000,64000,64000,64000,56,0,5600,31909.842891601846,385.3315416078164,129387.35896907747,41.142857142857146
1790238778,12,POST,completion,0.300000,0.000000,64000,64000,64000,64000,64000,64000,64000,64000,64000,64000,64000,19,0,95000,87956.76369416087,7353.3192130271345,129387.35896907747,121.26315789473684
1790238778,12,TPOT,completion,0.300000,0.000000,460,460,460,460,460,460,460,460,460,460,460,18,0,710,685.796211356821,385.3315416078164,970.5903500457858,0.0
1790238778,12,TTFT,completion,0.300000,0.000000,6300,6300,6300,6300,6300,6300,6300,6300,6300,6300,6300,19,0,5300,5443.597891380226,4346.592494985089,7353.3192130271345,0.0
1790238778,12,,Aggregated,0.900000,0.000000,6300,6300,64000,64000,64000,64000,64000,64000,64000,64000,64000,56,0,5600,31909.842891601846,385.3315416078164,129387.35896907747,41.142857142857146
1790238779,12,POST,completion,0.300000,0.000000,64000,64000,64000,64000,64000,64000,64000,64000,64000,64000,64000,19,0,95000,87956.76369416087,7353.3192130271345,129387.35896907747,121.26315789473684
1790238779,12,TPOT,completion,0.300000,0.000000,460,460,460,460,460,460,460,460,460,460,460,18,0,710,685.796211356821,385.3315416078164,970.5903500457858,0.0
1790238779,12,TTFT,completion,0.300000,0.000000,6300,6300,6300,6300,6300,6300,6300,6300,6300,6300,6300,19,0,5300,5443.597891380226,4346.592494985089,7353.3192130271345,0.0
1790238779,12,,Aggregated,0.900000,0.000000,6300,6300,64000,64000,64000,64000,64000,64000,64000,64000,64000,56,0,5600,31909.842891601846,385.3315416078164,129387.35896907747,41.142857142857146
1790238780,12,POST,completion,0.300000,0.000000,64000,64000,64000,64000,64000,64000,64000,64000,64000,64000,64000,19,0,95000,87956.76369416087,7353.3192130271345,129387.35896907747,121.26315789473684
1790238780,12,TPOT,completion,0.300000,0.000000,460,460,460,460,460,460,460,460,460,460,460,18,0,710,685.796211356821,385.3315416078164,970.5903500457858,0.0
1790238780,12,TTFT,completion,0.300000,0.000000,6300,6300,6300,6300,6300,6300,6300,6300,6300,6300,6300,19,0,5300,5443.597891380226,4346.592494985089,7353.3192130271345,0.0
1790238780,12,,Aggregated,0.900000,0.000000,6300,6300,64000,64000,64000,64000,64000,64000,64000,64000,64000,56,0,5600,31909.842891601846,385.3315416078164,129387.35896907747,41.142857142857146
1790238781,12,POST,completion,0.100000,0.000000,64000,64000,111000,111000,111000,111000,111000,111000,111000,111000,111000,21,0,95000,87509.15074452669,7353.3192130271345,129387.35896907747,121.9047619047619
1790238781,12,TPOT,completion,0.100000,0.000000,460,460,820,820,820,820,820,820,820,820,820,20,0,710,677.6093019416379,385.3315416078164,970.5903500457858,0.0
1790238781,12,TTFT,completion,0.100000,0.000000,6300,6300,7300,7300,7300,7300,7300,7300,7300,7300,7300,21,0,5600,5549.714445158662,4346.592494985089,7353.3192130271345,0.0
1790238781,12,,Aggregated,0.300000,0.000000,6300,7300,55000,64000,111000,111000,111000,111000,111000,111000,111000,62,0,5700,31738.521855197174,385.3315416078164,129387.35896907747,41.29032258064516
1790238782,12,POST,completion,0.100000,0.000000,64000,64000,111000,111000,111000,111000,111000,111000,111000,111000,111000,21,0,95000,87509.15074452669,7353.3192130271345,129387.35896907747,121.9047619047619
1790238782,12,TPOT,completion,0.100000,0.000000,460,460,820,820,820,820,820,820,820,820,820,20,0,710,677.6093019416379,385.3315416078164,970.5903500457858,0.0
1790238782,12,TTFT,completion,0.100000,0.000000,6300,6300,7300,7300,7300,7300,7300,7300,7300,7300,7300,21,0,5600,5549.714445158662,4346.592494985089,7353.3192130271345,0.0
1790238782,12,,Aggregated,0.300000,0.000000,6300,7300,55000,64000,111000,111000,111000,111000,111000,111000,111000,62,0,5700,31738.521855197174,385.3315416078164,129387.35896907747,41.29032258064516
1790238783,12,POST,completion,0.100000,0.000000,64000,64000,111000,111000,111000,111000,111000,111000,111000,111000,111000,21,0,95000,87509.15074452669,7353.3192130271345,129387.35896907747,121.9047619047619
1790238783,12,TPOT,completion,0.100000,0.000000,460,460,820,820,820,820,820,820,820,820,820,20,0,710,677.6093019416379,385.3315416078164,970.5903500457858,0.0
1790238783,12,TTFT,completion,0.100000,0.000000,6300,6300,7300,7300,7300,7300,7300,7300,7300,7300,7300,21,0,5600,5549.714445158662,4346.592494985089,7353.3192130271345,0.0
1790238783,12,,Aggregated,0.300000,0.000000,6300,7300,55000,64000,111000,111000,111000,111000,111000,111000,111000,62,0,5700,31738.521855197174,385.3315416078164,129387.35896907747,41.29032258064516
1790238784,12,POST,completion,0.100000,0.000000,64000,64000,111000,111000,111000,111000,111000,111000,111000,111000,111000,21,0,95000,87509.15074452669,7353.3192130271345,129387.35896907747,121.9047619047619
1790238784,12,TPOT,completion,0.100000,0.000000,460,460,820,820,820,820,820,820,820,820,820,20,0,710,677.6093019416379,385.3315416078164,970.5903500457858,0.0
1790238784,12,TTFT,completion,0.100000,0.000000,6300,6300,7300,7300,7300,7300,7300,7300,7300,7300,7300,21,0,5600,5549.714445158662,4346.592494985089,7353.3192130271345,0.0
1790238784,12,,Aggregated,0.300000,0.000000,6300,7300,55000,64000,111000,111000,111000,111000,111000,111000,111000,62,0,5700,31738.521855197174,385.3315416078164,129387.35896907747,41.29032258064516
1790238785,12,POST,completion,0.100000,0.000000,111000,111000,111000,111000,111000,111000,111000,111000,111000,111000,111000,21,0,95000,87509.15074452669,7353.3192130271345,129387.35896907747,121.9047619047619
1790238785,12,TPOT,completion,0.100000,0.000000,820,820,820,820,820,820,820,820,820,820,820,20,0,710,677.6093019416379,385.3315416078164,970.5903500457858,0.0
1790238785,12,TTFT,completion,0.100000,0.000000,7300,7300,7300,7300,7300,7300,7300,7300,7300,7300,7300,21,0,5600,5549.714445158662,4346.592494985089,7353.3192130271345,0.0
1790238785,12,,Aggregated,0.300000,0.000000,7300,7300,55000,55000,111000,111000,111000,111000,111000,111000,111000,62,0,5700,31738.521855197174,385.3315416078164,129387.35896907747,41.29032258064516
1790238786,12,POST,completion,0.100000,0.000000,111000,111000,111000,111000,111000,111000,111000,111000,111000,111000,111000,21,0,95000,87509.15074452669,7353.3192130271345,129387.35896907747,121.9047619047619
1790238786,12,TPOT,completion,0.100000,0.000000,820,820,820,820,820,820,820,820,820,820,820,20,0,710,677.6093019416379,385.3315416078164,970.5903500457858,0.0
1790238786,12,TTFT,completion,0.100000,0.000000,7300,7300,7300,7300,7300,7300,7300,7300,7300,7300,7300,21,0,5600,5549.714445158662,4346.592494985089,7353.3192130271345,0.0
1790238786,12,,Aggregated,0.300000,0.000000,7300,7300,55000,55000,111000,111000,111000,111000,111000,111000,111000,62,0,5700,31738.521855197174,385.3315416078164,129387.35896907747,41.29032258064516
1790238787,12,POST,completion,0.100000,0.000000,111000,111000,111000,111000,111000,111000,111000,111000,111000,111000,111000,21,0,95000,87509.15074452669,7353.3192130271345,129387.35896907747,121.9047619047619
1790238787,12,TPOT,completion,0.100000,0.000000,820,820,820,820,820,820,820,820,820,820,820,20,0,710,677.6093019416379,385.3315416078164,970.5903500457858,0.0
1790238787,12,TTFT,completion,0.100000,0.000000,7300,7300,7300,7300,7300,7300,7300,7300,7300,7300,7300,21,0,5600,5549.714445158662,4346.592494985089,7353.3192130271345,0.0
1790238787,12,,Aggregated,0.300000,0.000000,7300,7300,55000,55000,111000,111000,111000,111000,111000,111000,111000,62,0,5700,31738.521855197174,385.3315416078164,129387.35896907747,41.29032258064516
1790238788,12,POST,completion,0.200000,0.000000,65000,65000,111000,111000,111000,111000,111000,111000,111000,111000,111000,22,0,95000,86475.57144727431,7353.3192130271345,129387.35896907747,122.18181818181819
1790238788,12,TPOT,completion,0.200000,0.000000,460,460,820,820,820,820,820,820,820,820,820,21,0,710,667.4214582039091,385.3315416078164,970.5903500457858,0.0
1790238788,12,TTFT,completion,0.200000,0.000000,5900,5900,7300,7300,7300,7300,7300,7300,7300,7300,7300,22,0,5700,5564.944516380571,4346.592494985089,7353.3192130271345,0.0
1790238788,12,,Aggregated,0.600000,0.000000,5900,7300,55000,65000,111000,111000,111000,111000,111000,111000,111000,65,0,5700,31367.803104964445,385.3315416078164,129387.35896907747,41.353846153846156
1790238789,12,POST,completion,0.200000,0.000000,65000,65000,111000,111000,111000,111000,111000,111000,111000,111000,111000,22,0,95000,86475.57144727431,7353.3192130271345,129387.35896907747,122.18181818181819
1790238789,12,TPOT,completion,0.200000,0.000000,460,460,820,820,820,820,820,820,820,820,820,21,0,710,667.4214582039091,385.3315416078164,970.5903500457858,0.0
1790238789,12,TTFT,completion,0.200000,0.000000,5900,5900,7300,7300,7300,7300,7300,7300,7300,7300,7300,22,0,5700,5564.944516380571,4346.592494985089,7353.3192130271345,0.0
1790238789,12,,Aggregated,0.600000,0.000000,5900,7300,55000,65000,111000,111000,111000,111000,111000,111000,111000,65,0,5700,31367.803104964445,385.3315416078164,129387.35896907747,41.353846153846156
1790238790,12,POST,completion,0.200000,0.000000,65000,65000,111000,111000,111000,111000,111000,111000,111000,111000,111000,22,0,95000,86475.57144727431,7353.3192130271345,129387.35896907747,122.18181818181819
1790238790,12,TPOT,completion,0.200000,0.000000,460,460,820,820,820,820,820,820,820,820,820,21,0,710,667.4214582039091,385.3315416078164,970.5903500457858,0.0
1790238790,12,TTFT,completion,0.200000,0.000000,5900,5900,7300,7300,7300,7300,7300,7300,7300,7300,7300,22,0,5700,5564.944516380571,4346.592494985089,7353.3192130271345,0.0
1790238790,12,,Aggregated,0.600000,0.000000,5900,7300,55000,65000,111000,111000,111000,111000,111000,111000,111000,65,0,5700,31367.803104964445,385.3315416078164,129387.35896907747,41.353846153846156
1790238791,12,POST,completion,0.200000,0.000000,65000,65000,111000,111000,111000,111000,111000,111000,111000,111000,111000,22,0,95000,86475.57144727431,7353.3192130271345,129387.35896907747,122.18181818181819
1790238791,12,TPOT,completion,0.200000,0.000000,460,460,820,820,820,820,820,820,820,820,820,21,0,710,667.4214582039091,385.3315416078164,970.5903500457858,0.0
1790238791,12,TTFT,completion,0.200000,0.000000,5900,5900,7300,7300,7300,7300,7300,7300,7300,7300,7300,22,0,5700,5564.944516380571,4346.592494985089,7353.3192130271345,0.0
1790238791,12,,Aggregated,0.600000,0.000000,5900,7300,55000,65000,111000,111000,111000,111000,111000,111000,111000,65,0,5700,31367.803104964445,385.3315416078164,129387.35896907747,41.353846153846156
1790238792,12,POST,completion,0.200000,0.000000,65000,65000,111000,111000,111000,111000,111000,111000,111000,111000,111000,22,0,95000,86475.57144727431,7353.3192130271345,129387.35896907747,122.18181818181819
1790238792,12,TPOT,completion,0.200000,0.000000,460,460,820,820,820,820,820,820,820,820,820,21,0,710,667.4214582039091,385.3315416078164,970.5903500457858,0.0
1790238792,12,TTFT,completion,0.200000,0.000000,5900,5900,7300,7300,7300,7300,7300,7300,7300,7300,7300,22,0,5700,5564.944516380571,4346.592494985089,7353.3192130271345,0.0
1790238792,12,,Aggregated,0.600000,0.000000,5900,7300,55000,65000,111000,111000,111000,111000,111000,111000,111000,65,0,5700,31367.803104964445,385.3315416078164,129387.35896907747,41.353846153846156
1790238793,12,POST,completion,0.200000,0.000000,65000,65000,111000,111000,111000,111000,111000,111000,111000,111000,111000,22,0,95000,86475.57144727431,7353.3192130271345,129387.35896907747,122.18181818181819
1790238793,12,TPOT,completion,0.200000,0.000000,460,460,820,820,820,820,820,820,820,820,820,21,0,710,667.4214582039091,385.3315416078164,970.5903500457858,0.0
1790238793,12,TTFT,completion,0.200000,0.000000,5900,5900,7300,7300,7300,7300,7300,7300,7300,7300,7300,22,0,5700,5564.944516380571,4346.592494985089,7353.3192130271345,0.0
1790238793,12,,Aggregated,0.600000,0.000000,5900,7300,55000,65000,111000,111000,111000,111000,111000,111000,111000,65,0,5700,31367.803104964445,385.3315416078164,129387.35896907747,41.353846153846156
1790238794,12,POST,completion,0.200000,0.000000,65000,65000,65000,65000,65000,65000,65000,65000,65000,65000,65000,22,0,95000,86475.57144727431,7353.3192130271345,129387.35896907747,122.18181818181819
1790238794,12,TPOT,completion,0.200000,0.000000,460,460,460,460,460,460,460,460,460,460,460,21,0,710,667.4214582039091,385.3315416078164,970.5903500457858,0.0
1790238794,12,TTFT,completion,0.200000,0.000000,5900,5900,5900,5900,5900,5900,5900,5900,5900,5900,5900,22,0,5700,5564.944516380571,4346.592494985089,7353.3192130271345,0.0
1790238794,12,,Aggregated,0.600000,0.000000,5900,5900,65000,65000,65000,65000,65000,65000,65000,65000,65000,65,0,5700,31367.803104964445,385.3315416078164,129387.35896907747,41.353846153846156
1790238795,12,POST,completion,0.200000,0.000000,65000,65000,65000,65000,65000,65000,65000,65000,65000,65000,65000,22,0,95000,86475.57144727431,7353.3192130271345,129387.35896907747,122.18181818181819
1790238795,12,TPOT,completion,0.200000,0.000000,460,460,460,460,460,460,460,460,460,460,460,21,0,710,667.4214582039091,385.3315416078164,970.5903500457858,0.0
1790238795,12,TTFT,completion,0.200000,0.000000,5900,5900,5900,5900,5900,5900,5900,5900,5900,5900,5900,22,0,5700,5564.944516380571,4346.592494985089,7353.3192130271345,0.0
1790238795,12,,Aggregated,0.600000,0.000000,5900,5900,65000,65000,65000,65000,65000,65000,65000,65000,65000,65,0,5700,31367.803104964445,385.3315416078164,129387.35896907747,41.353846153846156
1790238796,12,POST,completion,0.200000,0.000000,65000,65000,65000,65000,65000,65000,65000,65000,65000,65000,65000,22,0,95000,86475.57144727431,7353.3192130271345,129387.35896907747,122.18181818181819
1790238796,12,TPOT,completion,0.200000,0.000000,460,460,460,460,460,460,460,460,460,460,460,21,0,710,667.4214582039091,385.3315416078164,970.5903500457858,0.0
1790238796,12,TTFT,completion,0.200000,0.000000,5900,5900,5900,5900,5900,5900,5900,5900,5900,5900,5900,22,0,5700,5564.944516380571,4346.592494985089,7353.3192130271345,0.0
1790238796,12,,Aggregated,0.600000,0.000000,5900,5900,65000,65000,65000,65000,65000,65000,65000,65000,65000,65,0,5700,31367.803104964445,385.3315416078164,129387.35896907747,41.353846153846156
1790238797,12,POST,completion,0.200000,0.000000,65000,65000,65000,65000,65000,65000,65000,65000,65000,65000,65000,22,0,95000,86475.57144727431,7353.3192130271345,129387.35896907747,122.18181818181819
1790238797,12,TPOT,completion,0.200000,0.000000,460,460,460,460,460,460,460,460,460,460,460,21,0,710,667.4214582039091,385.3315416078164,970.5903500457858,0.0
1790238797,12,TTFT,completion,0.200000,0.000000,5900,5900,5900,5900,5900,5900,5900,5900,5900,5900,5900,22,0,5700,5564.944516380571,4346.592494985089,7353.3192130271345,0.0
1790238797,12,,Aggregated,0.600000,0.000000,5900,5900,65000,65000,65000,65000,65000,65000,65000,65000,65000,65,0,5700,31367.803104964445,385.3315416078164,129387.35896907747,41.353846153846156
1790238798,12,POST,completion,0.200000,0.000000,65000,65000,65000,65000,65000,65000,65000,65000,65000,65000,65000,22,0,95000,86475.57144727431,7353.3192130271345,129387.35896907747,122.18181818181819
1790238798,12,TPOT,completion,0.200000,0.000000,460,460,460,460,460,460,460,460,460,460,460,21,0,710,667.4214582039091,385.3315416078164,970.5903500457858,0.0
1790238798,12,TTFT,completion,0.200000,0.000000,5900,5900,5900,5900,5900,5900,5900,5900,5900,5900,5900,22,0,5700,5564.944516380571,4346.592494985089,7353.3192130271345,0.0
1790238798,12,,Aggregated,0.600000,0.000000,5900,5900,65000,65000,65000,65000,65000,65000,65000,65000,65000,65,0,5700,31367.803104964445,385.3315416078164,129387.35896907747,41.353846153846156
1790238799,12,POST,completion,0.200000,0.000000,65000,65000,65000,65000,65000,65000,65000,65000,65000,65000,65000,22,0,95000,86475.57144727431,7353.3192130271345,129387.35896907747,122.18181818181819
1790238799,12,TPOT,completion,0.200000,0.000000,460,460,460,460,460,460,460,460,460,460,460,21,0,710,667.4214582039091,385.3315416078164,970.5903500457858,0.0
1790238799,12,TTFT,completion,0.200000,0.000000,5900,5900,5900,5900,5900,5900,5900,5900,5900,5900,5900,22,0,5700,5564.944516380571,4346.592494985089,7353.3192130271345,0.0
1790238799,12,,Aggregated,0.600000,0.000000,5900,5900,65000,65000,65000,65000,65000,65000,65000,65000,65000,65,0,5700,31367.803104964445,385.3315416078164,129387.35896907747,41.353846153846156
1790238800,12,POST,completion,0.200000,0.000000,65000,65000,65000,65000,65000,65000,65000,65000,65000,65000,65000,22,0,95000,86475.57144727431,7353.3192130271345,129387.35896907747,122.18181818181819
1790238800,12,TPOT,completion,0.200000,0.000000,460,460,460,460,460,460,460,460,460,460,460,21,0,710,667.4214582039091,385.3315416078164,970.5903500457858,0.0
1790238800,12,TTFT,completion,0.200000,0.000000,5900,5900,5900,5900,5900,5900,5900,5900,5900,5900,5900,22,0,5700,5564.944516380571,4346.592494985089,7353.3192130271345,0.0
1790238800,12,,Aggregated,0.600000,0.000000,5900,5900,65000,65000,65000,65000,65000,65000,65000,65000,65000,65,0,5700,31367.803104964445,385.3315416078164,129387.35896907747,41.353846153846156
1790238801,12,POST,completion,0.200000,0.000000,65000,65000,65000,65000,65000,65000,65000,65000,65000,65000,65000,22,0,95000,86475.57144727431,7353.3192130271345,129387.35896907747,122.18181818181819
1790238801,12,TPOT,completion,0.200000,0.000000,460,460,460,460,460,460,460,460,460,460,460,21,0,710,667.4214582039091,385.3315416078164,970.5903500457858,0.0
1790238801,12,TTFT,completion,0.200000,0.000000,5900,5900,5900,5900,5900,5900,5900,5900,5900,5900,5900,22,0,5700,5564.944516380571,4346.592494985089,7353.3192130271345,0.0
1790238801,12,,Aggregated,0.600000,0.000000,5900,5900,65000,65000,65000,65000,65000,65000,65000,65000,65000,65,0,5700,31367.803104964445,385.3315416078164,129387.35896907747,41.353846153846156
1790238803,12,POST,completion,0.200000,0.000000,65000,65000,65000,65000,65000,65000,65000,65000,65000,65000,65000,22,0,95000,86475.57144727431,7353.3192130271345,129387.35896907747,122.18181818181819
1790238803,12,TPOT,completion,0.200000,0.000000,460,460,460,460,460,460,460,460,460,460,460,21,0,710,667.4214582039091,385.3315416078164,970.5903500457858,0.0
1790238803,12,TTFT,completion,0.200000,0.000000,5900,5900,5900,5900,5900,5900,5900,5900,5900,5900,5900,22,0,5700,5564.944516380571,4346.592494985089,7353.3192130271345,0.0
1790238803,12,,Aggregated,0.600000,0.000000,5900,5900,65000,65000,65000,65000,65000,65000,65000,65000,65000,65,0,5700,31367.803104964445,385.3315416078164,129387.35896907747,41.353846153846156
1790238804,12,POST,completion,0.200000,0.000000,65000,65000,65000,65000,65000,65000,65000,65000,65000,65000,65000,22,0,95000,86475.57144727431,7353.3192130271345,129387.35896907747,122.18181818181819
1790238804,12,TPOT,completion,0.200000,0.000000,460,460,460,460,460,460,460,460,460,460,460,21,0,710,667.4214582039091,385.3315416078164,970.5903500457858,0.0
1790238804,12,TTFT,completion,0.200000,0.000000,5900,5900,5900,5900,5900,5900,5900,5900,5900,5900,5900,22,0,5700,5564.944516380571,4346.592494985089,7353.3192130271345,0.0
1790238804,12,,Aggregated,0.600000,0.000000,5900,5900,65000,65000,65000,65000,65000,65000,65000,65000,65000,65,0,5700,31367.803104964445,385.3315416078164,129387.35896907747,41.353846153846156
1790238805,12,POST,completion,0.200000,0.000000,65000,65000,65000,65000,65000,65000,65000,65000,65000,65000,65000,22,0,95000,86475.57144727431,7353.3192130271345,129387.35896907747,122.18181818181819
1790238805,12,TPOT,completion,0.200000,0.000000,460,460,460,460,460,460,460,460,460,460,460,21,0,710,667.4214582039091,385.3315416078164,970.5903500457858,0.0
1790238805,12,TTFT,completion,0.200000,0.000000,5900,5900,5900,5900,5900,5900,5900,5900,5900,5900,5900,22,0,5700,5564.944516380571,4346.592494985089,7353.3192130271345,0.0
1790238805,12,,Aggregated,0.600000,0.000000,5900,5900,65000,65000,65000,65000,65000,65000,65000,65000,65000,65,0,5700,31367.803104964445,385.3315416078164,129387.35896907747,41.353846153846156
1790238806,12,POST,completion,0.000000,0.000000,55000,55000,55000,55000,55000,55000,55000,55000,55000,55000,55000,23,0,90000,85086.28557122353,7353.3192130271345,129387.35896907747,122.43478260869566
1790238806,12,TPOT,completion,0.000000,0.000000,390,390,390,390,390,390,390,390,390,390,390,22,0,710,654.7845635550967,385.3315416078164,970.5903500457858,0.0
1790238806,12,TTFT,completion,0.000000,0.000000,5100,5100,5100,5100,5100,5100,5100,5100,5100,5100,5100,23,0,5600,5543.199391711665,4346.592494985089,7353.3192130271345,0.0
1790238806,12,,Aggregated,0.000000,0.000000,5100,5100,55000,55000,55000,55000,55000,55000,55000,55000,55000,68,0,5700,30865.932566848838,385.3315416078164,129387.35896907747,41.411764705882355
1790238807,12,POST,completion,0.000000,0.000000,111000,111000,111000,111000,111000,111000,111000,111000,111000,111000,111000,24,0,95000,86176.9496021249,7353.3192130271345,129387.35896907747,122.66666666666667
1790238807,12,TPOT,completion,0.000000,0.000000,830,830,830,830,830,830,830,830,830,830,830,23,0,710,662.368848797993,385.3315416078164,970.5903500457858,0.0
1790238807,12,TTFT,completion,0.000000,0.000000,5900,5900,5900,5900,5900,5900,5900,5900,5900,5900,5900,24,0,5700,5560.148775926791,4346.592494985089,7353.3192130271345,0.0
1790238807,12,,Aggregated,0.000000,0.000000,5900,5900,55000,55000,111000,111000,111000,111000,111000,111000,111000,71,0,5700,31224.293585853437,385.3315416078164,129387.35896907747,41.46478873239437
1790238808,12,POST,completion,0.000000,0.000000,111000,111000,111000,111000,111000,111000,111000,111000,111000,111000,111000,24,0,95000,86176.9496021249,7353.3192130271345,129387.35896907747,122.66666666666667
1790238808,12,TPOT,completion,0.000000,0.000000,830,830,830,830,830,830,830,830,830,830,830,23,0,710,662.368848797993,385.3315416078164,970.5903500457858,0.0
1790238808,12,TTFT,completion,0.000000,0.000000,5900,5900,5900,5900,5900,5900,5900,5900,5900,5900,5900,24,0,5700,5560.148775926791,4346.592494985089,7353.3192130271345,0.0
1790238808,12,,Aggregated,0.000000,0.000000,5900,5900,55000,55000,111000,111000,111000,111000,111000,111000,111000,71,0,5700,31224.293585853437,385.3315416078164,129387.35896907747,41.46478873239437
1790238809,12,POST,completion,0.000000,0.000000,111000,111000,111000,111000,111000,111000,111000,111000,111000,111000,111000,24,0,95000,86176.9496021249,7353.3192130271345,129387.35896907747,122.66666666666667
1790238809,12,TPOT,completion,0.000000,0.000000,830,830,830,830,830,830,830,830,830,830,830,23,0,710,662.368848797993,385.3315416078164,970.5903500457858,0.0
1790238809,12,TTFT,completion,0.000000,0.000000,5900,5900,5900,5900,5900,5900,5900,5900,5900,5900,5900,24,0,5700,5560.148775926791,4346.592494985089,7353.3192130271345,0.0
1790238809,12,,Aggregated,0.000000,0.000000,5900,5900,55000,55000,111000,111000,111000,111000,111000,111000,111000,71,0,5700,31224.293585853437,385.3315416078164,129387.35896907747,41.46478873239437
1790238810,12,POST,completion,0.200000,0.000000,106000,106000,111000,111000,111000,111000,111000,111000,111000,111000,111000,25,0,95000,86957.15681915171,7353.3192130271345,129387.35896907747,122.88
1790238810,12,TPOT,completion,0.200000,0.000000,770,770,830,830,830,830,830,830,830,830,830,24,0,710,667.035364611499,385.3315416078164,970.5903500457858,0.0
1790238810,12,TTFT,completion,0.200000,0.000000,5900,5900,7300,7300,7300,7300,7300,7300,7300,7300,7300,25,0,5700,5631.243960484862,4346.592494985089,7353.3192130271345,0.0
1790238810,12,,Aggregated,0.600000,0.000000,5900,7300,55000,106000,111000,111000,111000,111000,111000,111000,111000,74,0,5700,31496.20092218365,385.3315416078164,129387.35896907747,41.513513513513516
1790238811,12,POST,completion,0.200000,0.000000,106000,106000,111000,111000,111000,111000,111000,111000,111000,111000,111000,25,0,95000,86957.15681915171,7353.3192130271345,129387.35896907747,122.88
1790238811,12,TPOT,completion,0.200000,0.000000,770,770,830,830,830,830,830,830,830,830,830,24,0,710,667.035364611499,385.3315416078164,970.5903500457858,0.0
1790238811,12,TTFT,completion,0.200000,0.000000,5900,5900,7300,7300,7300,7300,7300,7300,7300,7300,7300,25,0,5700,5631.243960484862,4346.592494985089,7353.3192130271345,0.0
1790238811,12,,Aggregated,0.600000,0.000000,5900,7300,55000,106000,111000,111000,111000,111000,111000,111000,111000,74,0,5700,31496.20092218365,385.3315416078164,129387.35896907747,41.513513513513516
1790238812,12,POST,completion,0.300000,0.000000,106000,106000,111000,111000,111000,111000,111000,111000,111000,111000,111000,26,0,95000,86052.95692184546,7353.3192130271345,129387.35896907747,123.07692307692308
1790238812,12,TPOT,completion,0.300000,0.000000,770,770,830,830,830,830,830,830,830,830,830,25,0,710,658.5915848273256,385.3315416078164,970.5903500457858,0.0
1790238812,12,TTFT,completion,0.300000,0.000000,5900,5900,7300,7300,7300,7300,7300,7300,7300,7300,7300,26,0,5700,5627.862255545691,4346.592494985089,7353.3192130271345,0.0
1790238812,12,,Aggregated,0.900000,0.000000,5900,7300,63000,63000,106000,111000,111000,111000,111000,111000,111000,77,0,5700,31170.988158868215,385.3315416078164,129387.35896907747,41.55844155844156
1790238813,12,POST,completion,0.300000,0.000000,106000,106000,111000,111000,111000,111000,111000,111000,111000,111000,111000,26,0,95000,86052.95692184546,7353.3192130271345,129387.35896907747,123.07692307692308
1790238813,12,TPOT,completion,0.300000,0.000000,770,770,830,830,830,830,830,830,830,830,830,25,0,710,658.5915848273256,385.3315416078164,970.5903500457858,0.0
1790238813,12,TTFT,completion,0.300000,0.000000,5900,5900,7300,7300,7300,7300,7300,7300,7300,7300,7300,26,0,5700,5627.862255545691,4346.592494985089,7353.3192130271345,0.0
1790238813,12,,Aggregated,0.900000,0.000000,5900,7300,63000,63000,106000,111000,111000,111000,111000,111000,111000,77,0,5700,31170.988158868215,385.3315416078164,129387.35896907747,41.55844155844156
1790238814,12,POST,completion,0.300000,0.000000,106000,106000,111000,111000,111000,111000,111000,111000,111000,111000,111000,26,0,95000,86052.95692184546,7353.3192130271345,129387.35896907747,123.07692307692308
1790238814,12,TPOT,completion,0.300000,0.000000,770,770,830,830,830,830,830,830,830,830,830,25,0,710,658.5915848273256,385.3315416078164,970.5903500457858,0.0
1790238814,12,TTFT,completion,0.300000,0.000000,5900,5900,7300,7300,7300,7300,7300,7300,7300,7300,7300,26,0,5700,5627.862255545691,4346.592494985089,7353.3192130271345,0.0
1790238814,12,,Aggregated,0.900000,0.000000,5900,7300,63000,63000,106000,111000,111000,111000,111000,111000,111000,77,0,5700,31170.988158868215,385.3315416078164,129387.35896907747,41.55844155844156
1790238815,12,POST,completion,0.300000,0.000000,106000,106000,111000,111000,111000,111000,111000,111000,111000,111000,111000,26,0,95000,86052.95692184546,7353.3192130271345,129387.35896907747,123.07692307692308
1790238815,12,TPOT,completion,0.300000,0.000000,770,770,830,830,830,830,830,830,830,830,830,25,0,710,658.5915848273256,385.3315416078164,970.5903500457858,0.0
1790238815,12,TTFT,completion,0.300000,0.000000,5900,5900,7300,7300,7300,7300,7300,7300,7300,7300,7300,26,0,5700,5627.862255545691,4346.592494985089,7353.3192130271345,0.0
1790238815,12,,Aggregated,0.900000,0.000000,5900,7300,63000,106000,111000,111000,111000,111000,111000,111000,111000,77,0,5700,31170.988158868215,385.3315416078164,129387.35896907747,41.55844155844156
1790238816,12,POST,completion,0.300000,0.000000,106000,106000,111000,111000,111000,111000,111000,111000,111000,111000,111000,26,0,95000,86052.95692184546,7353.3192130271345,129387.35896907747,123.07692307692308
1790238816,12,TPOT,completion,0.300000,0.000000,770,770,830,830,830,830,830,830,830,830,830,25,0,710,658.5915848273256,385.3315416078164,970.5903500457858,0.0
1790238816,12,TTFT,completion,0.300000,0.000000,5900,5900,7300,7300,7300,7300,7300,7300,7300,7300,7300,26,0,5700,5627.862255545691,4346.592494985089,7353.3192130271345,0.0
1790238816,12,,Aggregated,0.900000,0.000000,5900,7300,63000,106000,111000,111000,111000,111000,111000,111000,111000,77,0,5700,31170.988158868215,385.3315416078164,129387.35896907747,41.55844155844156
1790238817,12,POST,completion,0.300000,0.000000,106000,106000,106000,106000,106000,106000,106000,106000,106000,106000,106000,26,0,95000,86052.95692184546,7353.3192130271345,129387.35896907747,123.07692307692308
1790238817,12,TPOT,completion,0.300000,0.000000,770,770,770,770,770,770,770,770,770,770,770,25,0,710,658.5915848273256,385.3315416078164,970.5903500457858,0.0
1790238817,12,TTFT,completion,0.300000,0.000000,7300,7300,7300,7300,7300,7300,7300,7300,7300,7300,7300,26,0,5700,5627.862255545691,4346.592494985089,7353.3192130271345,0.0
1790238817,12,,Aggregated,0.900000,0.000000,7300,7300,63000,63000,106000,106000,106000,106000,106000,106000,106000,77,0,5700,31170.988158868215,385.3315416078164,129387.35896907747,41.55844155844156
1790238818,12,POST,completion,0.300000,0.000000,106000,106000,106000,106000,106000,106000,106000,106000,106000,106000,106000,26,0,95000,86052.95692184546,7353.3192130271345,129387.35896907747,123.07692307692308
1790238818,12,TPOT,completion,0.300000,0.000000,770,770,770,770,770,770,770,770,770,770,770,25,0,710,658.5915848273256,385.3315416078164,970.5903500457858,0.0
1790238818,12,TTFT,completion,0.300000,0.000000,7300,7300,7300,7300,7300,7300,7300,7300,7300,7300,7300,26,0,5700,5627.862255545691,4346.592494985089,7353.3192130271345,0.0
1790238818,12,,Aggregated,0.900000,0.000000,7300,7300,63000,63000,106000,106000,106000,106000,106000,106000,106000,77,0,5700,31170.988158868215,385.3315416078164,129387.35896907747,41.55844155844156
1790238819,12,POST,completion,0.300000,0.000000,106000,106000,106000,106000,106000,106000,106000,106000,106000,106000,106000,26,0,95000,86052.95692184546,7353.3192130271345,129387.35896907747,123.07692307692308
1790238819,12,TPOT,completion,0.300000,0.000000,770,770,770,770,770,770,770,770,770,770,770,25,0,710,658.5915848273256,385.3315416078164,970.5903500457858,0.0
1790238819,12,TTFT,completion,0.300000,0.000000,7300,7300,7300,7300,7300,7300,7300,7300,7300,7300,7300,26,0,5700,5627.862255545691,4346.592494985089,7353.3192130271345,0.0
1790238819,12,,Aggregated,0.900000,0.000000,7300,7300,63000,63000,106000,106000,106000,106000,106000,106000,106000,77,0,5700,31170.988158868215,385.3315416078164,129387.35896907747,41.55844155844156
1790238820,12,POST,completion,0.300000,0.000000,63000,63000,63000,63000,63000,63000,63000,63000,63000,63000,63000,26,0,95000,86052.95692184546,7353.3192130271345,129387.35896907747,123.07692307692308
1790238820,12,TPOT,completion,0.300000,0.000000,460,460,460,460,460,460,460,460,460,460,460,25,0,710,658.5915848273256,385.3315416078164,970.5903500457858,0.0
1790238820,12,TTFT,completion,0.300000,0.000000,5500,5500,5500,5500,5500,5500,5500,5500,5500,5500,5500,26,0,5700,5627.862255545691,4346.592494985089,7353.3192130271345,0.0
1790238820,12,,Aggregated,0.900000,0.000000,5500,5500,63000,63000,63000,63000,63000,63000,63000,63000,63000,77,0,5700,31170.988158868215,385.3315416078164,129387.35896907747,41.55844155844156
1790238821,12,POST,completion,0.300000,0.000000,63000,63000,63000,63000,63000,63000,63000,63000,63000,63000,63000,26,0,95000,86052.95692184546,7353.3192130271345,129387.35896907747,123.07692307692308
1790238821,12,TPOT,completion,0.300000,0.000000,460,460,460,460,460,460,460,460,460,460,460,25,0,710,658.5915848273256,385.3315416078164,970.5903500457858,0.0
1790238821,12,TTFT,completion,0.300000,0.000000,5500,5500,5500,5500,5500,5500,5500,5500,5500,5500,5500,26,0,5700,5627.862255545691,4346.592494985089,7353.3192130271345,0.0
1790238821,12,,Aggregated,0.900000,0.000000,5500,5500,63000,63000,63000,63000,63000,63000,63000,63000,63000,77,0,5700,31170.988158868215,385.3315416078164,129387.35896907747,41.55844155844156
1790238822,12,POST,completion,0.200000,0.000000,63000,63000,63000,63000,63000,63000,63000,63000,63000,63000,63000,27,0,90000,84892.38250673817,7353.3192130271345,129387.35896907747,123.25925925925925
1790238822,12,TPOT,completion,0.200000,0.000000,460,460,460,460,460,460,460,460,460,460,460,26,0,710,648.0634522691723,384.86013831534075,970.5903500457858,0.0
1790238822,12,TTFT,completion,0.200000,0.000000,5800,5800,5800,5800,5800,5800,5800,5800,5800,5800,5800,27,0,5700,5635.720998445457,4346.592494985089,7353.3192130271345,0.0
1790238822,12,,Aggregated,0.600000,0.000000,5800,5800,55000,55000,63000,63000,63000,63000,63000,63000,63000,80,0,5700,30763.85555498695,384.86013831534075,129387.35896907747,41.6
1790238823,12,POST,completion,0.200000,0.000000,63000,63000,63000,63000,63000,63000,63000,63000,63000,63000,63000,27,0,90000,84892.38250673817,7353.3192130271345,129387.35896907747,123.25925925925925
1790238823,12,TPOT,completion,0.200000,0.000000,460,460,460,460,460,460,460,460,460,460,460,26,0,710,648.0634522691723,384.86013831534075,970.5903500457858,0.0
1790238823,12,TTFT,completion,0.200000,0.000000,5800,5800,5800,5800,5800,5800,5800,5800,5800,5800,5800,27,0,5700,5635.720998445457,4346.592494985089,7353.3192130271345,0.0
1790238823,12,,Aggregated,0.600000,0.000000,5800,5800,55000,55000,63000,63000,63000,63000,63000,63000,63000,80,0,5700,30763.85555498695,384.86013831534075,129387.35896907747,41.6
1790238824,12,POST,completion,0.200000,0.000000,63000,63000,63000,63000,63000,63000,63000,63000,63000,63000,63000,27,0,90000,84892.38250673817,7353.3192130271345,129387.35896907747,123.25925925925925
1790238824,12,TPOT,completion,0.200000,0.000000,460,460,460,460,460,460,460,460,460,460,460,26,0,710,648.0634522691723,384.86013831534075,970.5903500457858,0.0
1790238824,12,TTFT,completion,0.200000,0.000000,5800,5800,5800,5800,5800,5800,5800,5800,5800,5800,5800,27,0,5700,5635.720998445457,4346.592494985089,7353.3192130271345,0.0
1790238824,12,,Aggregated,0.600000,0.000000,5800,5800,55000,55000,63000,63000,63000,63000,63000,63000,63000,80,0,5700,30763.85555498695,384.86013831534075,129387.35896907747,41.6
1790238825,12,POST,completion,0.200000,0.000000,63000,63000,64000,64000,64000,64000,64000,64000,64000,64000,64000,28,0,90000,84133.22202379016,7353.3192130271345,129387.35896907747,123.42857142857143
1790238825,12,TPOT,completion,0.200000,0.000000,450,450,460,460,460,460,460,460,460,460,460,27,0,660,640.9096937966374,384.86013831534075,970.5903500457858,0.0
1790238825,12,TTFT,completion,0.200000,0.000000,5800,5800,5900,5900,5900,5900,5900,5900,5900,5900,5900,28,0,5700,5643.782586649259,4346.592494985089,7353.3192130271345,0.0
1790238825,12,,Aggregated,0.600000,0.000000,5800,5900,55000,63000,64000,64000,64000,64000,64000,64000,64000,83,0,5700,30494.70711837124,384.86013831534075,129387.35896907747,41.63855421686747
1790238826,12,POST,completion,0.200000,0.000000,64000,64000,64000,64000,64000,64000,64000,64000,64000,64000,64000,28,0,90000,84133.22202379016,7353.3192130271345,129387.35896907747,123.42857142857143
1790238826,12,TPOT,completion,0.200000,0.000000,450,450,450,450,450,450,450,450,450,450,450,27,0,660,640.9096937966374,384.86013831534075,970.5903500457858,0.0
1790238826,12,TTFT,completion,0.200000,0.000000,5900,5900,5900,5900,5900,5900,5900,5900,5900,5900,5900,28,0,5700,5643.782586649259,4346.592494985089,7353.3192130271345,0.0
1790238826,12,,Aggregated,0.600000,0.000000,5900,5900,55000,55000,64000,64000,64000,64000,64000,64000,64000,83,0,5700,30494.70711837124,384.86013831534075,129387.35896907747,41.63855421686747
1790238827,12,POST,completion,0.200000,0.000000,64000,64000,64000,64000,64000,64000,64000,64000,64000,64000,64000,28,0,90000,84133.22202379016,7353.3192130271345,129387.35896907747,123.42857142857143
1790238827,12,TPOT,completion,0.200000,0.000000,450,450,450,450,450,450,450,450,450,450,450,27,0,660,640.9096937966374,384.86013831534075,970.5903500457858,0.0
1790238827,12,TTFT,completion,0.200000,0.000000,5900,5900,5900,5900,5900,5900,5900,5900,5900,5900,5900,28,0,5700,5643.782586649259,4346.592494985089,7353.3192130271345,0.0
1790238827,12,,Aggregated,0.600000,0.000000,5900,5900,55000,55000,64000,64000,64000,64000,64000,64000,64000,83,0,5700,30494.70711837124,384.86013831534075,129387.35896907747,41.63855421686747
1790238828,12,POST,completion,0.200000,0.000000,64000,64000,64000,64000,64000,64000,64000,64000,64000,64000,64000,28,0,90000,84133.22202379016,7353.3192130271345,129387.35896907747,123.42857142857143
1790238828,12,TPOT,completion,0.200000,0.000000,450,450,450,450,450,450,450,450,450,450,450,27,0,660,640.9096937966374,384.86013831534075,970.5903500457858,0.0
1790238828,12,TTFT,completion,0.200000,0.000000,5900,5900,5900,5900,5900,5900,5900,5900,5900,5900,5900,28,0,5700,5643.782586649259,4346.592494985089,7353.3192130271345,0.0
1790238828,12,,Aggregated,0.600000,0.000000,5900,5900,55000,55000,64000,64000,64000,64000,64000,64000,64000,83,0,5700,30494.70711837124,384.86013831534075,129387.35896907747,41.63855421686747
1790238829,12,POST,completion,0.200000,0.000000,64000,64000,64000,64000,64000,64000,64000,64000,64000,64000,64000,28,0,90000,84133.22202379016,7353.3192130271345,129387.35896907747,123.42857142857143
1790238829,12,TPOT,completion,0.200000,0.000000,450,450,450,450,450,450,450,450,450,450,450,27,0,660,640.9096937966374,384.86013831534075,970.5903500457858,0.0
1790238829,12,TTFT,completion,0.200000,0.000000,5900,5900,5900,5900,5900,5900,5900,5900,5900,5900,5900,28,0,5700,5643.782586649259,4346.592494985089,7353.3192130271345,0.0
1790238829,12,,Aggregated,0.600000,0.000000,5900,5900,55000,55000,64000,64000,64000,64000,64000,64000,64000,83,0,5700,30494.70711837124,384.86013831534075,129387.35896907747,41.63855421686747
1790238830,12,POST,completion,0.200000,0.000000,64000,64000,64000,64000,64000,64000,64000,64000,64000,64000,64000,28,0,90000,84133.22202379016,7353.3192130271345,129387.35896907747,123.42857142857143
1790238830,12,TPOT,completion,0.200000,0.000000,450,450,450,450,450,450,450,450,450,450,450,27,0,660,640.9096937966374,384.86013831534075,970.5903500457858,0.0
1790238830,12,TTFT,completion,0.200000,0.000000,5900,5900,5900,5900,5900,5900,5900,5900,5900,5900,5900,28,0,5700,5643.782586649259,4346.592494985089,7353.3192130271345,0.0
1790238830,12,,Aggregated,0.600000,0.000000,5900,5900,55000,55000,64000,64000,64000,64000,64000,64000,64000,83,0,5700,30494.70711837124,384.86013831534075,129387.35896907747,41.63855421686747
1790238831,12,POST,completion,0.200000,0.000000,64000,64000,64000,64000,64000,64000,64000,64000,64000,64000,64000,28,0,90000,84133.22202379016,7353.3192130271345,129387.35896907747,123.42857142857143
1790238831,12,TPOT,completion,0.200000,0.000000,450,450,450,450,450,450,450,450,450,450,450,27,0,660,640.9096937966374,384.86013831534075,970.5903500457858,0.0
1790238831,12,TTFT,completion,0.200000,0.000000,5900,5900,5900,5900,5900,5900,5900,5900,5900,5900,5900,28,0,5700,5643.782586649259,4346.592494985089,7353.3192130271345,0.0
1790238831,12,,Aggregated,0.600000,0.000000,5900,5900,55000,55000,64000,64000,64000,64000,64000,64000,64000,83,0,5700,30494.70711837124,384.86013831534075,129387.35896907747,41.63855421686747
1790238832,12,POST,completion,0.200000,0.000000,64000,64000,64000,64000,64000,64000,64000,64000,64000,64000,64000,28,0,90000,84133.22202379016,7353.3192130271345,129387.35896907747,123.42857142857143
1790238832,12,TPOT,completion,0.200000,0.000000,450,450,450,450,450,450,450,450,450,450,450,27,0,660,640.9096937966374,384.86013831534075,970.5903500457858,0.0
1790238832,12,TTFT,completion,0.200000,0.000000,5900,5900,5900,5900,5900,5900,5900,5900,5900,5900,5900,28,0,5700,5643.782586649259,4346.592494985089,7353.3192130271345,0.0
1790238832,12,,Aggregated,0.600000,0.000000,5900,5900,64000,64000,64000,64000,64000,64000,64000,64000,64000,83,0,5700,30494.70711837124,384.86013831534075,129387.35896907747,41.63855421686747
1790238833,12,POST,completion,0.200000,0.000000,64000,64000,64000,64000,64000,64000,64000,64000,64000,64000,64000,28,0,90000,84133.22202379016,7353.3192130271345,129387.35896907747,123.42857142857143
1790238833,12,TPOT,completion,0.200000,0.000000,450,450,450,450,450,450,450,450,450,450,450,27,0,660,640.9096937966374,384.86013831534075,970.5903500457858,0.0
1790238833,12,TTFT,completion,0.200000,0.000000,5900,5900,5900,5900,5900,5900,5900,5900,5900,5900,5900,28,0,5700,5643.782586649259,4346.592494985089,7353.3192130271345,0.0
1790238833,12,,Aggregated,0.600000,0.000000,5900,5900,64000,64000,64000,64000,64000,64000,64000,64000,64000,83,0,5700,30494.70711837124,384.86013831534075,129387.35896907747,41.63855421686747
1790238834,12,POST,completion,0.200000,0.000000,64000,64000,64000,64000,64000,64000,64000,64000,64000,64000,64000,28,0,90000,84133.22202379016,7353.3192130271345,129387.35896907747,123.42857142857143
1790238834,12,TPOT,completion,0.200000,0.000000,450,450,450,450,450,450,450,450,450,450,450,27,0,660,640.9096937966374,384.86013831534075,970.5903500457858,0.0
1790238834,12,TTFT,completion,0.200000,0.000000,5900,5900,5900,5900,5900,5900,5900,5900,5900,5900,5900,28,0,5700,5643.782586649259,4346.592494985089,7353.3192130271345,0.0
1790238834,12,,Aggregated,0.600000,0.000000,5900,5900,64000,64000,64000,64000,64000,64000,64000,64000,64000,83,0,5700,30494.70711837124,384.86013831534075,129387.35896907747,41.63855421686747
1790238835,12,POST,completion,0.200000,0.000000,64000,64000,64000,64000,64000,64000,64000,64000,64000,64000,64000,28,0,90000,84133.22202379016,7353.3192130271345,129387.35896907747,123.42857142857143
1790238835,12,TPOT,completion,0.200000,0.000000,450,450,450,450,450,450,450,450,450,450,450,27,0,660,640.9096937966374,384.86013831534075,970.5903500457858,0.0
1790238835,12,TTFT,completion,0.200000,0.000000,5900,5900,5900,5900,5900,5900,5900,5900,5900,5900,5900,28,0,5700,5643.782586649259,4346.592494985089,7353.3192130271345,0.0
1790238835,12,,Aggregated,0.600000,0.000000,5900,5900,64000,64000,64000,64000,64000,64000,64000,64000,64000,83,0,5700,30494.70711837124,384.86013831534075,129387.35896907747,41.63855421686747
1790238836,12,POST,completion,0.100000,0.000000,64000,64000,64000,64000,64000,64000,64000,64000,64000,64000,64000,29,0,87000,83116.6045148295,7353.3192130271345,129387.35896907747,123.58620689655173
1790238836,12,TPOT,completion,0.100000,0.000000,450,450,450,450,450,450,450,450,450,450,450,28,0,660,632.0164610696714,384.86013831534075,970.5903500457858,0.0
1790238836,12,TTFT,completion,0.100000,0.000000,5900,5900,5900,5900,5900,5900,5900,5900,5900,5900,5900,29,0,5700,5617.434715836084,4346.592494985089,7353.3192130271345,0.0
1790238836,12,,Aggregated,0.300000,0.000000,5900,5900,55000,55000,64000,64000,64000,64000,64000,64000,64000,86,0,5700,30127.716262781996,384.86013831534075,129387.35896907747,41.674418604651166
1790238837,12,POST,completion,0.100000,0.000000,64000,64000,64000,64000,64000,64000,64000,64000,64000,64000,64000,29,0,87000,83116.6045148295,7353.3192130271345,129387.35896907747,123.58620689655173
1790238837,12,TPOT,completion,0.100000,0.000000,450,450,450,450,450,450,450,450,450,450,450,28,0,660,632.0164610696714,384.86013831534075,970.5903500457858,0.0
1790238837,12,TTFT,completion,0.100000,0.000000,5900,5900,5900,5900,5900,5900,5900,5900,5900,5900,5900,29,0,5700,5617.434715836084,4346.592494985089,7353.3192130271345,0.0
1790238837,12,,Aggregated,0.300000,0.000000,5900,5900,55000,55000,64000,64000,64000,64000,64000,64000,64000,86,0,5700,30127.716262781996,384.86013831534075,129387.35896907747,41.674418604651166
1790238838,12,POST,completion,0.100000,0.000000,64000,64000,64000,64000,64000,64000,64000,64000,64000,64000,64000,29,0,87000,83116.6045148295,7353.3192130271345,129387.35896907747,123.58620689655173
1790238838,12,TPOT,completion,0.100000,0.000000,450,450,450,450,450,450,450,450,450,450,450,28,0,660,632.0164610696714,384.86013831534075,970.5903500457858,0.0
1790238838,12,TTFT,completion,0.100000,0.000000,5900,5900,5900,5900,5900,5900,5900,5900,5900,5900,5900,29,0,5700,5617.434715836084,4346.592494985089,7353.3192130271345,0.0
1790238838,12,,Aggregated,0.300000,0.000000,5900,5900,55000,55000,64000,64000,64000,64000,64000,64000,64000,86,0,5700,30127.716262781996,384.86013831534075,129387.35896907747,41.674418604651166
1790238839,12,POST,completion,0.100000,0.000000,64000,64000,64000,64000,64000,64000,64000,64000,64000,64000,64000,29,0,87000,83116.6045148295,7353.3192130271345,129387.35896907747,123.58620689655173
1790238839,12,TPOT,completion,0.100000,0.000000,450,450,450,450,450,450,450,450,450,450,450,28,0,660,632.0164610696714,384.86013831534075,970.5903500457858,0.0
1790238839,12,TTFT,completion,0.100000,0.000000,5900,5900,5900,5900,5900,5900,5900,5900,5900,5900,5900,29,0,5700,5617.434715836084,4346.592494985089,7353.3192130271345,0.0
1790238839,12,,Aggregated,0.300000,0.000000,5900,5900,55000,55000,64000,64000,64000,64000,64000,64000,64000,86,0,5700,30127.716262781996,384.86013831534075,129387.35896907747,41.674418604651166
1790238840,12,POST,completion,0.100000,0.000000,55000,55000,55000,55000,55000,55000,55000,55000,55000,55000,55000,29,0,87000,83116.6045148295,7353.3192130271345,129387.35896907747,123.58620689655173
1790238840,12,TPOT,completion,0.100000,0.000000,390,390,390,390,390,390,390,390,390,390,390,28,0,660,632.0164610696714,384.86013831534075,970.5903500457858,0.0
1790238840,12,TTFT,completion,0.100000,0.000000,4900,4900,4900,4900,4900,4900,4900,4900,4900,4900,4900,29,0,5700,5617.434715836084,4346.592494985089,7353.3192130271345,0.0
1790238840,12,,Aggregated,0.300000,0.000000,4900,4900,55000,55000,55000,55000,55000,55000,55000,55000,55000,86,0,5700,30127.716262781996,384.86013831534075,129387.35896907747,41.674418604651166
1790238841,12,POST,completion,0.100000,0.000000,55000,55000,55000,55000,55000,55000,55000,55000,55000,55000,55000,29,0,87000,83116.6045148295,7353.3192130271345,129387.35896907747,123.58620689655173
1790238841,12,TPOT,completion,0.100000,0.000000,390,390,390,390,390,390,390,390,390,390,390,28,0,660,632.0164610696714,384.86013831534075,970.5903500457858,0.0
1790238841,12,TTFT,completion,0.100000,0.000000,4900,4900,4900,4900,4900,4900,4900,4900,4900,4900,4900,29,0,5700,5617.434715836084,4346.592494985089,7353.3192130271345,0.0
1790238841,12,,Aggregated,0.300000,0.000000,4900,4900,55000,55000,55000,55000,55000,55000,55000,55000,55000,86,0,5700,30127.716262781996,384.86013831534075,129387.35896907747,41.674418604651166
1790238842,12,POST,completion,0.100000,0.000000,55000,55000,55000,55000,55000,55000,55000,55000,55000,55000,55000,29,0,87000,83116.6045148295,7353.3192130271345,129387.35896907747,123.58620689655173
1790238842,12,TPOT,completion,0.100000,0.000000,390,390,390,390,390,390,390,390,390,390,390,28,0,660,632.0164610696714,384.86013831534075,970.5903500457858,0.0
1790238842,12,TTFT,completion,0.100000,0.000000,4900,4900,4900,4900,4900,4900,4900,4900,4900,4900,4900,29,0,5700,5617.434715836084,4346.592494985089,7353.3192130271345,0.0
1790238842,12,,Aggregated,0.300000,0.000000,4900,4900,55000,55000,55000,55000,55000,55000,55000,55000,55000,86,0,5700,30127.716262781996,384.86013831534075,129387.35896907747,41.674418604651166
1790238843,12,POST,completion,0.100000,0.000000,55000,55000,55000,55000,55000,55000,55000,55000,55000,55000,55000,29,0,87000,83116.6045148295,7353.3192130271345,129387.35896907747,123.58620689655173
1790238843,12,TPOT,completion,0.100000,0.000000,390,390,390,390,390,390,390,390,390,390,390,28,0,660,632.0164610696714,384.86013831534075,970.5903500457858,0.0
1790238843,12,TTFT,completion,0.100000,0.000000,4900,4900,4900,4900,4900,4900,4900,4900,4900,4900,4900,29,0,5700,5617.434715836084,4346.592494985089,7353.3192130271345,0.0
1790238843,12,,Aggregated,0.300000,0.000000,4900,4900,55000,55000,55000,55000,55000,55000,55000,55000,55000,86,0,5700,30127.716262781996,384.86013831534075,129387.35896907747,41.674418604651166
1790238844,12,POST,completion,0.100000,0.000000,55000,55000,55000,55000,55000,55000,55000,55000,55000,55000,55000,29,0,87000,83116.6045148295,7353.3192130271345,129387.35896907747,123.58620689655173
1790238844,12,TPOT,completion,0.100000,0.000000,390,390,390,390,390,390,390,390,390,390,390,28,0,660,632.0164610696714,384.86013831534075,970.5903500457858,0.0
1790238844,12,TTFT,completion,0.100000,0.000000,4900,4900,4900,4900,4900,4900,4900,4900,4900,4900,4900,29,0,5700,5617.434715836084,4346.592494985089,7353.3192130271345,0.0
1790238844,12,,Aggregated,0.300000,0.000000,4900,4900,55000,55000,55000,55000,55000,55000,55000,55000,55000,86,0,5700,30127.716262781996,384.86013831534075,129387.35896907747,41.674418604651166
1790238845,12,POST,completion,0.100000,0.000000,55000,55000,55000,55000,55000,55000,55000,55000,55000,55000,55000,29,0,87000,83116.6045148295,7353.3192130271345,129387.35896907747,123.58620689655173
1790238845,12,TPOT,completion,0.100000,0.000000,390,390,390,390,390,390,390,390,390,390,390,28,0,660,632.0164610696714,384.86013831534075,970.5903500457858,0.0
1790238845,12,TTFT,completion,0.100000,0.000000,4900,4900,4900,4900,4900,4900,4900,4900,4900,4900,4900,29,0,5700,5617.434715836084,4346.592494985089,7353.3192130271345,0.0
1790238845,12,,Aggregated,0.300000,0.000000,4900,4900,55000,55000,55000,55000,55000,55000,55000,55000,55000,86,0,5700,30127.716262781996,384.86013831534075,129387.35896907747,41.674418604651166
1790238846,12,POST,completion,0.100000,0.000000,64000,64000,64000,64000,64000,64000,64000,64000,64000,64000,64000,30,0,87000,82489.3027614026,7353.3192130271345,129387.35896907747,123.73333333333333
1790238846,12,TPOT,completion,0.100000,0.000000,460,460,460,460,460,460,460,460,460,460,460,29,0,650,626.2504914463195,384.86013831534075,970.5903500457858,0.0
1790238846,12,TTFT,completion,0.100000,0.000000,5300,5300,5300,5300,5300,5300,5300,5300,5300,5300,5300,30,0,5700,5605.76544473879,4346.592494985089,7353.3192130271345,0.0
1790238846,12,,Aggregated,0.300000,0.000000,5300,5300,55000,55000,64000,64000,64000,64000,64000,64000,64000,89,0,5700,29899.02595995713,384.86013831534075,129387.35896907747,41.70786516853933
1790238847,12,POST,completion,0.100000,0.000000,64000,64000,64000,64000,64000,64000,64000,64000,64000,64000,64000,30,0,87000,82489.3027614026,7353.3192130271345,129387.35896907747,123.73333333333333
1790238847,12,TPOT,completion,0.100000,0.000000,460,460,460,460,460,460,460,460,460,460,460,29,0,650,626.2504914463195,384.86013831534075,970.5903500457858,0.0
1790238847,12,TTFT,completion,0.100000,0.000000,5300,5300,5300,5300,5300,5300,5300,5300,5300,5300,5300,30,0,5700,5605.76544473879,4346.592494985089,7353.3192130271345,0.0
1790238847,12,,Aggregated,0.300000,0.000000,5300,5300,55000,55000,64000,64000,64000,64000,64000,64000,64000,89,0,5700,29899.02595995713,384.86013831534075,129387.35896907747,41.70786516853933
1790238848,12,POST,completion,0.100000,0.000000,64000,64000,103000,103000,103000,103000,103000,103000,103000,103000,103000,31,0,87000,83142.96487241893,7353.3192130271345,129387.35896907747,123.87096774193549
1790238848,12,TPOT,completion,0.100000,0.000000,460,460,760,760,760,760,760,760,760,760,760,30,0,660,630.5659411723781,384.86013831534075,970.5903500457858,0.0
1790238848,12,TTFT,completion,0.100000,0.000000,5300,5300,6800,6800,6800,6800,6800,6800,6800,6800,6800,31,0,5700,5643.519630137411,4346.592494985089,7353.3192130271345,0.0
1790238848,12,,Aggregated,0.300000,0.000000,5300,6800,55000,64000,103000,103000,103000,103000,103000,103000,103000,92,0,5700,30122.804324069755,384.86013831534075,129387.35896907747,41.73913043478261
1790238849,12,POST,completion,0.100000,0.000000,64000,64000,103000,103000,103000,103000,103000,103000,103000,103000,103000,31,0,87000,83142.96487241893,7353.3192130271345,129387.35896907747,123.87096774193549
1790238849,12,TPOT,completion,0.100000,0.000000,460,460,760,760,760,760,760,760,760,760,760,30,0,660,630.5659411723781,384.86013831534075,970.5903500457858,0.0
1790238849,12,TTFT,completion,0.100000,0.000000,5300,5300,6800,6800,6800,6800,6800,6800,6800,6800,6800,31,0,5700,5643.519630137411,4346.592494985089,7353.3192130271345,0.0
1790238849,12,,Aggregated,0.300000,0.000000,5300,6800,55000,64000,103000,103000,103000,103000,103000,103000,103000,92,0,5700,30122.804324069755,384.86013831534075,129387.35896907747,41.73913043478261
1790238850,12,POST,completion,0.100000,0.000000,103000,103000,103000,103000,103000,103000,103000,103000,103000,103000,103000,31,0,87000,83142.96487241893,7353.3192130271345,129387.35896907747,123.87096774193549
1790238850,12,TPOT,completion,0.100000,0.000000,760,760,760,760,760,760,760,760,760,760,760,30,0,660,630.5659411723781,384.86013831534075,970.5903500457858,0.0
1790238850,12,TTFT,completion,0.100000,0.000000,6800,6800,6800,6800,6800,6800,6800,6800,6800,6800,6800,31,0,5700,5643.519630137411,4346.592494985089,7353.3192130271345,0.0
1790238850,12,,Aggregated,0.300000,0.000000,6800,6800,64000,64000,103000,103000,103000,103000,103000,103000,103000,92,0,5700,30122.804324069755,384.86013831534075,129387.35896907747,41.73913043478261
1790238851,12,POST,completion,0.100000,0.000000,103000,103000,103000,103000,103000,103000,103000,103000,103000,103000,103000,31,0,87000,83142.96487241893,7353.3192130271345,129387.35896907747,123.87096774193549
1790238851,12,TPOT,completion,0.100000,0.000000,760,760,760,760,760,760,760,760,760,760,760,30,0,660,630.5659411723781,384.86013831534075,970.5903500457858,0.0
1790238851,12,TTFT,completion,0.100000,0.000000,6800,6800,6800,6800,6800,6800,6800,6800,6800,6800,6800,31,0,5700,5643.519630137411,4346.592494985089,7353.3192130271345,0.0
1790238851,12,,Aggregated,0.300000,0.000000,6800,6800,64000,64000,103000,103000,103000,103000,103000,103000,103000,92,0,5700,30122.804324069755,384.86013831534075,129387.35896907747,41.73913043478261
1790238852,12,POST,completion,0.100000,0.000000,103000,103000,103000,103000,103000,103000,103000,103000,103000,103000,103000,31,0,87000,83142.96487241893,7353.3192130271345,129387.35896907747,123.87096774193549
1790238852,12,TPOT,completion,0.100000,0.000000,760,760,760,760,760,760,760,760,760,760,760,30,0,660,630.5659411723781,384.86013831534075,970.5903500457858,0.0
1790238852,12,TTFT,completion,0.100000,0.000000,6800,6800,6800,6800,6800,6800,6800,6800,6800,6800,6800,31,0,5700,5643.519630137411,4346.592494985089,7353.3192130271345,0.0
1790238852,12,,Aggregated,0.300000,0.000000,6800,6800,64000,64000,103000,103000,103000,103000,103000,103000,103000,92,0,5700,30122.804324069755,384.86013831534075,129387.35896907747,41.73913043478261
1790238853,12,POST,completion,0.100000,0.000000,103000,103000,103000,103000,103000,103000,103000,103000,103000,103000,103000,31,0,87000,83142.96487241893,7353.3192130271345,129387.35896907747,123.87096774193549
1790238853,12,TPOT,completion,0.100000,0.000000,760,760,760,760,760,760,760,760,760,760,760,30,0,660,630.5659411723781,384.86013831534075,970.5903500457858,0.0
1790238853,12,TTFT,completion,0.100000,0.000000,6800,6800,6800,6800,6800,6800,6800,6800,6800,6800,6800,31,0,5700,5643.519630137411,4346.592494985089,7353.3192130271345,0.0
1790238853,12,,Aggregated,0.300000,0.000000,6800,6800,64000,64000,103000,103000,103000,103000,103000,103000,103000,92,0,5700,30122.804324069755,384.86013831534075,129387.35896907747,41.73913043478261
1790238854,12,POST,completion,0.100000,0.000000,103000,103000,103000,103000,103000,103000,103000,103000,103000,103000,103000,31,0,87000,83142.96487241893,7353.3192130271345,129387.35896907747,123.87096774193549
1790238854,12,TPOT,completion,0.100000,0.000000,760,760,760,760,760,760,760,760,760,760,760,30,0,660,630.5659411723781,384.86013831534075,970.5903500457858,0.0
1790238854,12,TTFT,completion,0.100000,0.000000,6800,6800,6800,6800,6800,6800,6800,6800,6800,6800,6800,31,0,5700,5643.519630137411,4346.592494985089,7353.3192130271345,0.0
1790238854,12,,Aggregated,0.300000,0.000000,6800,6800,64000,64000,103000,103000,103000,103000,103000,103000,103000,92,0,5700,30122.804324069755,384.86013831534075,129387.35896907747,41.73913043478261
1790238855,12,POST,completion,0.100000,0.000000,103000,103000,103000,103000,103000,103000,103000,103000,103000,103000,103000,31,0,87000,83142.96487241893,7353.3192130271345,129387.35896907747,123.87096774193549
1790238855,12,TPOT,completion,0.100000,0.000000,760,760,760,760,760,760,760,760,760,760,760,30,0,660,630.5659411723781,384.86013831534075,970.5903500457858,0.0
1790238855,12,TTFT,completion,0.100000,0.000000,6800,6800,6800,6800,6800,6800,6800,6800,6800,6800,6800,31,0,5700,5643.519630137411,4346.592494985089,7353.3192130271345,0.0
1790238855,12,,Aggregated,0.300000,0.000000,6800,6800,64000,64000,103000,103000,103000,103000,103000,103000,103000,92,0,5700,30122.804324069755,384.86013831534075,129387.35896907747,41.73913043478261
1790238856,12,POST,completion,0.100000,0.000000,103000,103000,103000,103000,103000,103000,103000,103000,103000,103000,103000,31,0,87000,83142.96487241893,7353.3192130271345,129387.35896907747,123.87096774193549
1790238856,12,TPOT,completion,0.100000,0.000000,760,760,760,760,760,760,760,760,760,760,760,30,0,660,630.5659411723781,384.86013831534075,970.5903500457858,0.0
1790238856,12,TTFT,completion,0.100000,0.000000,6800,6800,6800,6800,6800,6800,6800,6800,6800,6800,6800,31,0,5700,5643.519630137411,4346.592494985089,7353.3192130271345,0.0
1790238856,12,,Aggregated,0.300000,0.000000,6800,6800,103000,103000,103000,103000,103000,103000,103000,103000,103000,92,0,5700,30122.804324069755,384.86013831534075,129387.35896907747,41.73913043478261
1790238857,12,POST,completion,0.100000,0.000000,103000,103000,103000,103000,103000,103000,103000,103000,103000,103000,103000,31,0,87000,83142.96487241893,7353.3192130271345,129387.35896907747,123.87096774193549
1790238857,12,TPOT,completion,0.100000,0.000000,760,760,760,760,760,760,760,760,760,760,760,30,0,660,630.5659411723781,384.86013831534075,970.5903500457858,0.0
1790238857,12,TTFT,completion,0.100000,0.000000,6800,6800,6800,6800,6800,6800,6800,6800,6800,6800,6800,31,0,5700,5643.519630137411,4346.592494985089,7353.3192130271345,0.0
1790238857,12,,Aggregated,0.300000,0.000000,6800,6800,103000,103000,103000,103000,103000,103000,103000,103000,103000,92,0,5700,30122.804324069755,384.86013831534075,129387.35896907747,41.73913043478261
1790238858,12,POST,completion,0.100000,0.000000,103000,103000,103000,103000,103000,103000,103000,103000,103000,103000,103000,31,0,87000,83142.96487241893,7353.3192130271345,129387.35896907747,123.87096774193549
1790238858,12,TPOT,completion,0.100000,0.000000,760,760,760,760,760,760,760,760,760,760,760,30,0,660,630.5659411723781,384.86013831534075,970.5903500457858,0.0
1790238858,12,TTFT,completion,0.100000,0.000000,6800,6800,6800,6800,6800,6800,6800,6800,6800,6800,6800,31,0,5700,5643.519630137411,4346.592494985089,7353.3192130271345,0.0
1790238858,12,,Aggregated,0.300000,0.000000,6800,6800,103000,103000,103000,103000,103000,103000,103000,103000,103000,92,0,5700,30122.804324069755,384.86013831534075,129387.35896907747,41.73913043478261
1790238859,12,POST,completion,0.100000,0.000000,103000,103000,103000,103000,103000,103000,103000,103000,103000,103000,103000,32,0,90000,83676.13679431088,7353.3192130271345,129387.35896907747,124.0
1790238859,12,TPOT,completion,0.100000,0.000000,760,760,760,760,760,760,760,760,760,760,760,31,0,660,634.1005219877568,384.86013831534075,970.5903500457858,0.0
1790238859,12,TTFT,completion,0.100000,0.000000,6800,6800,6800,6800,6800,6800,6800,6800,6800,6800,6800,32,0,5700,5661.1188224487705,4346.592494985089,7353.3192130271345,0.0
1790238859,12,,Aggregated,0.300000,0.000000,6800,6800,100000,100000,103000,103000,103000,103000,103000,103000,103000,95,0,5700,30299.4662728203,384.86013831534075,129387.35896907747,41.76842105263158
1790238860,12,POST,completion,0.100000,0.000000,103000,103000,103000,103000,103000,103000,103000,103000,103000,103000,103000,32,0,90000,83676.13679431088,7353.3192130271345,129387.35896907747,124.0
1790238860,12,TPOT,completion,0.100000,0.000000,760,760,760,760,760,760,760,760,760,760,760,31,0,660,634.1005219877568,384.86013831534075,970.5903500457858,0.0
1790238860,12,TTFT,completion,0.100000,0.000000,6800,6800,6800,6800,6800,6800,6800,6800,6800,6800,6800,32,0,5700,5661.1188224487705,4346.592494985089,7353.3192130271345,0.0
1790238860,12,,Aggregated,0.300000,0.000000,6800,6800,100000,100000,103000,103000,103000,103000,103000,103000,103000,95,0,5700,30299.4662728203,384.86013831534075,129387.35896907747,41.76842105263158
1790238861,12,POST,completion,0.000000,0.000000,100000,100000,103000,103000,103000,103000,103000,103000,103000,103000,103000,33,0,87000,82782.0661852108,7353.3192130271345,129387.35896907747,124.12121212121212
1790238861,12,TPOT,completion,0.000000,0.000000,740,740,760,760,760,760,760,760,760,760,760,32,0,660,626.4274500021215,384.86013831534075,970.5903500457858,0.0
1790238861,12,TTFT,completion,0.000000,0.000000,6200,6200,6800,6800,6800,6800,6800,6800,6800,6800,6800,33,0,5700,5635.758888865398,4346.592494985089,7353.3192130271345,0.0
1790238861,12,,Aggregated,0.000000,0.000000,6200,6800,54000,100000,103000,103000,103000,103000,103000,103000,103000,98,0,5700,29977.8969984141,384.86013831534075,129387.35896907747,41.795918367346935
1790238862,12,POST,completion,0.000000,0.000000,100000,100000,103000,103000,103000,103000,103000,103000,103000,103000,103000,34,0,90000,83074.1579919396,7353.3192130271345,129387.35896907747,124.23529411764706
1790238862,12,TPOT,completion,0.000000,0.000000,740,740,760,760,760,760,760,760,760,760,760,33,0,660,627.8714589016062,384.86013831534075,970.5903500457858,0.0
1790238862,12,TTFT,completion,0.000000,0.000000,6800,6800,7100,7100,7100,7100,7100,7100,7100,7100,7100,34,0,5700,5678.960219689864,4346.592494985089,7353.3192130271345,0.0
1790238862,12,,Aggregated,0.000000,0.000000,6800,7100,93000,93000,100000,103000,103000,103000,103000,103000,103000,101,0,5700,30082.43343900153,384.86013831534075,129387.35896907747,41.82178217821782
1790238863,12,POST,completion,0.000000,0.000000,93000,93000,100000,100000,100000,100000,100000,100000,100000,100000,100000,34,0,90000,83074.1579919396,7353.3192130271345,129387.35896907747,124.23529411764706
1790238863,12,TPOT,completion,0.000000,0.000000,670,670,740,740,740,740,740,740,740,740,740,33,0,660,627.8714589016062,384.86013831534075,970.5903500457858,0.0
1790238863,12,TTFT,completion,0.000000,0.000000,6200,6200,7100,7100,7100,7100,7100,7100,7100,7100,7100,34,0,5700,5678.960219689864,4346.592494985089,7353.3192130271345,0.0
1790238863,12,,Aggregated,0.000000,0.000000,6200,7100,54000,93000,100000,100000,100000,100000,100000,100000,100000,101,0,5700,30082.43343900153,384.86013831534075,129387.35896907747,41.82178217821782
1790238864,12,POST,completion,0.000000,0.000000,93000,93000,100000,100000,100000,100000,100000,100000,100000,100000,100000,34,0,90000,83074.1579919396,7353.3192130271345,129387.35896907747,124.23529411764706
1790238864,12,TPOT,completion,0.000000,0.000000,670,670,740,740,740,740,740,740,740,740,740,33,0,660,627.8714589016062,384.86013831534075,970.5903500457858,0.0
1790238864,12,TTFT,completion,0.000000,0.000000,6200,6200,7100,7100,7100,7100,7100,7100,7100,7100,7100,34,0,5700,5678.960219689864,4346.592494985089,7353.3192130271345,0.0
1790238864,12,,Aggregated,0.000000,0.000000,6200,7100,54000,93000,100000,100000,100000,100000,100000,100000,100000,101,0,5700,30082.43343900153,384.86013831534075,129387.35896907747,41.82178217821782
1790238865,12,POST,completion,0.000000,0.000000,93000,93000,100000,100000,100000,100000,100000,100000,100000,100000,100000,34,0,90000,83074.1579919396,7353.3192130271345,129387.35896907747,124.23529411764706
1790238865,12,TPOT,completion,0.000000,0.000000,670,670,740,740,740,740,740,740,740,740,740,33,0,660,627.8714589016062,384.86013831534075,970.5903500457858,0.0
1790238865,12,TTFT,completion,0.000000,0.000000,6200,6200,7100,7100,7100,7100,7100,7100,7100,7100,7100,34,0,5700,5678.960219689864,4346.592494985089,7353.3192130271345,0.0
1790238865,12,,Aggregated,0.000000,0.000000,6200,7100,54000,93000,100000,100000,100000,100000,100000,100000,100000,101,0,5700,30082.43343900153,384.86013831534075,129387.35896907747,41.82178217821782
1790238866,12,POST,completion,0.000000,0.000000,93000,93000,100000,100000,100000,100000,100000,100000,100000,100000,100000,34,0,90000,83074.1579919396,7353.3192130271345,129387.35896907747,124.23529411764706
1790238866,12,TPOT,completion,0.000000,0.000000,670,670,740,740,740,740,740,740,740,740,740,33,0,660,627.8714589016062,384.86013831534075,970.5903500457858,0.0
1790238866,12,TTFT,completion,0.000000,0.000000,6200,6200,7100,7100,7100,7100,7100,7100,7100,7100,7100,34,0,5700,5678.960219689864,4346.592494985089,7353.3192130271345,0.0
1790238866,12,,Aggregated,0.000000,0.000000,6200,7100,54000,93000,100000,100000,100000,100000,100000,100000,100000,101,0,5700,30082.43343900153,384.86013831534075,129387.35896907747,41.82178217821782
1790238867,12,POST,completion,0.300000,0.000000,93000,93000,100000,100000,100000,100000,100000,100000,100000,100000,100000,35,0,87000,82446.4641038794,7353.3192130271345,129387.35896907747,124.34285714285714
1790238867,12,TPOT,completion,0.300000,0.000000,670,670,740,740,740,740,740,740,740,740,740,34,0,660,622.351482450337,384.86013831534075,970.5903500457858,0.0
1790238867,12,TTFT,completion,0.300000,0.000000,6200,6200,7100,7100,7100,7100,7100,7100,7100,7100,7100,35,0,5700,5665.245504038675,4346.592494985089,7353.3192130271345,0.0
1790238867,12,,Aggregated,0.900000,0.000000,6200,7100,61000,61000,93000,100000,100000,100000,100000,100000,100000,104,0,5700,29856.440256542726,384.86013831534075,129387.35896907747,41.84615384615385
1790238868,12,POST,completion,0.300000,0.000000,93000,93000,100000,100000,100000,100000,100000,100000,100000,100000,100000,35,0,87000,82446.4641038794,7353.3192130271345,129387.35896907747,124.34285714285714
1790238868,12,TPOT,completion,0.300000,0.000000,670,670,740,740,740,740,740,740,740,740,740,34,0,660,622.351482450337,384.86013831534075,970.5903500457858,0.0
1790238868,12,TTFT,completion,0.300000,0.000000,6200,6200,7100,7100,7100,7100,7100,7100,7100,7100,7100,35,0,5700,5665.245504038675,4346.592494985089,7353.3192130271345,0.0
1790238868,12,,Aggregated,0.900000,0.000000,6200,7100,61000,61000,93000,100000,100000,100000,100000,100000,100000,104,0,5700,29856.440256542726,384.86013831534075,129387.35896907747,41.84615384615385
1790238869,12,POST,completion,0.300000,0.000000,61000,61000,93000,93000,93000,93000,93000,93000,93000,93000,93000,35,0,87000,82446.4641038794,7353.3192130271345,129387.35896907747,124.34285714285714
1790238869,12,TPOT,completion,0.300000,0.000000,440,440,670,670,670,670,670,670,670,670,670,34,0,660,622.351482450337,384.86013831534075,970.5903500457858,0.0
1790238869,12,TTFT,completion,0.300000,0.000000,5200,5200,7100,7100,7100,7100,7100,7100,7100,7100,7100,35,0,5700,5665.245504038675,4346.592494985089,7353.3192130271345,0.0
1790238869,12,,Aggregated,0.900000,0.000000,5200,7100,54000,61000,93000,93000,93000,93000,93000,93000,93000,104,0,5700,29856.440256542726,384.86013831534075,129387.35896907747,41.84615384615385
