Timestamp,User Count,Type,Name,Requests/s,Failures/s,50%,66%,75%,80%,90%,95%,98%,99%,99.9%,99.99%,100%,Total Request Count,Total Failure Count,Total Median Response Time,Total Average Response Time,Total Min Response Time,Total Max Response Time,Total Average Content Size
1790156756,0,,Aggregated,0.000000,0.000000,N/A,N/A,N/A,N/A,N/A,N/A,N/A,N/A,N/A,N/A,N/A,0,0,0,0.0,0,0,0
1790156757,1,,Aggregated,0.000000,0.000000,N/A,N/A,N/A,N/A,N/A,N/A,N/A,N/A,N/A,N/A,N/A,0,0,0,0.0,0,0,0
1790156758,2,,Aggregated,0.000000,0.000000,N/A,N/A,N/A,N/A,N/A,N/A,N/A,N/A,N/A,N/A,N/A,0,0,0,0.0,0,0,0
1790156759,3,,Aggregated,0.000000,0.000000,N/A,N/A,N/A,N/A,N/A,N/A,N/A,N/A,N/A,N/A,N/A,0,0,0,0.0,0,0,0
1790156760,4,,Aggregated,0.000000,0.000000,N/A,N/A,N/A,N/A,N/A,N/A,N/A,N/A,N/A,N/A,N/A,0,0,0,0.0,0,0,0
1790156761,5,,Aggregated,0.000000,0.000000,N/A,N/A,N/A,N/A,N/A,N/A,N/A,N/A,N/A,N/A,N/A,0,0,0,0.0,0,0,0
1790156762,6,,Aggregated,0.000000,0.000000,N/A,N/A,N/A,N/A,N/A,N/A,N/A,N/A,N/A,N/A,N/A,0,0,0,0.0,0,0,0
1790156763,7,,Aggregated,0.000000,0.000000,N/A,N/A,N/A,N/A,N/A,N/A,N/A,N/A,N/A,N/A,N/A,0,0,0,0.0,0,0,0
1790156764,8,,Aggregated,0.000000,0.000000,N/A,N/A,N/A,N/A,N/A,N/A,N/A,N/A,N/A,N/A,N/A,0,0,0,0.0,0,0,0
1790156765,8,,Aggregated,0.000000,0.000000,N/A,N/A,N/A,N/A,N/A,N/A,N/A,N/A,N/A,N/A,N/A,0,0,0,0.0,0,0,0
1790156766,8,,Aggregated,0.000000,0.000000,N/A,N/A,N/A,N/A,N/A,N/A,N/A,N/A,N/A,N/A,N/A,0,0,0,0.0,0,0,0
1790156767,8,,Aggregated,0.000000,0.000000,N/A,N/A,N/A,N/A,N/A,N/A,N/A,N/A,N/A,N/A,N/A,0,0,0,0.0,0,0,0
1790156768,8,,Aggregated,0.000000,0.000000,N/A,N/A,N/A,N/A,N/A,N/A,N/A,N/A,N/A,N/A,N/A,0,0,0,0.0,0,0,0
1790156769,8,,Aggregated,0.000000,0.000000,N/A,N/A,N/A,N/A,N/A,N/A,N/A,N/A,N/A,N/A,N/A,0,0,0,0.0,0,0,0
1790156770,8,,Aggregated,0.000000,0.000000,N/A,N/A,N/A,N/A,N/A,N/A,N/A,N/A,N/A,N/A,N/A,0,0,0,0.0,0,0,0
1790156771,8,,Aggregated,0.000000,0.000000,N/A,N/A,N/A,N/A,N/A,N/A,N/A,N/A,N/A,N/A,N/A,0,0,0,0.0,0,0,0
1790156772,8,,Aggregated,0.000000,0.000000,N/A,N/A,N/A,N/A,N/A,N/A,N/A,N/A,N/A,N/A,N/A,0,0,0,0.0,0,0,0
1790156773,8,,Aggregated,0.000000,0.000000,N/A,N/A,N/A,N/A,N/A,N/A,N/A,N/A,N/A,N/A,N/A,0,0,0,0.0,0,0,0
1790156774,8,,Aggregated,0.000000,0.000000,N/A,N/A,N/A,N/A,N/A,N/A,N/A,N/A,N/A,N/A,N/A,0,0,0,0.0,0,0,0
1790156775,8,,Aggregated,0.000000,0.000000,N/A,N/A,N/A,N/A,N/A,N/A,N/A,N/A,N/A,N/A,N/A,0,0,0,0.0,0,0,0
1790156776,8,,Aggregated,0.000000,0.000000,N/A,N/A,N/A,N/A,N/A,N/A,N/A,N/A,N/A,N/A,N/A,0,0,0,0.0,0,0,0
1790156777,8,,Aggregated,0.000000,0.000000,N/A,N/A,N/A,N/A,N/A,N/A,N/A,N/A,N/A,N/A,N/A,0,0,0,0.0,0,0,0
1790156778,8,,Aggregated,0.000000,0.000000,N/A,N/A,N/A,N/A,N/A,N/A,N/A,N/A,N/A,N/A,N/A,0,0,0,0.0,0,0,0
1790156779,8,,Aggregated,0.000000,0.000000,N/A,N/A,N/A,N/A,N/A,N/A,N/A,N/A,N/A,N/A,N/A,0,0,0,0.0,0,0,0
1790156780,8,,Aggregated,0.000000,0.000000,N/A,N/A,N/A,N/A,N/A,N/A,N/A,N/A,N/A,N/A,N/A,0,0,0,0.0,0,0,0
1790156781,8,,Aggregated,0.000000,0.000000,N/A,N/A,N/A,N/A,N/A,N/A,N/A,N/A,N/A,N/A,N/A,0,0,0,0.0,0,0,0
1790156782,8,,Aggregated,0.000000,0.000000,N/A,N/A,N/A,N/A,N/A,N/A,N/A,N/A,N/A,N/A,N/A,0,0,0,0.0,0,0,0
1790156783,8,,Aggregated,0.000000,0.000000,N/A,N/A,N/A,N/A,N/A,N/A,N/A,N/A,N/A,N/A,N/A,0,0,0,0.0,0,0,0
1790156784,8,,Aggregated,0.000000,0.000000,N/A,N/A,N/A,N/A,N/A,N/A,N/A,N/A,N/A,N/A,N/A,0,0,0,0.0,0,0,0
1790156786,8,,Aggregated,0.000000,0.000000,N/A,N/A,N/A,N/A,N/A,N/A,N/A,N/A,N/A,N/A,N/A,0,0,0,0.0,0,0,0
1790156787,8,POST,completion,0.000000,0.000000,0,0,0,0,0,0,0,0,0,0,0,1,0,20373.691780958325,20373.691780958325,20373.691780958325,20373.691780958325,128.0
1790156787,8,TPOT,completion,0.000000,0.000000,0,0,0,0,0,0,0,0,0,0,0,1,0,149.57047652775847,149.57047652775847,149.57047652775847,149.57047652775847,0.0
1790156787,8,TTFT,completion,0.000000,0.000000,0,0,0,0,0,0,0,0,0,0,0,1,0,1378.1632240861654,1378.1632240861654,1378.1632240861654,1378.1632240861654,0.0
1790156787,8,,Aggregated,0.000000,0.000000,0,0,0,0,0,0,0,0,0,0,0,3,0,1400,7300.475160524083,149.57047652775847,20373.691780958325,42.666666666666664
1790156788,8,POST,completion,0.000000,0.000000,20000,20000,20000,20000,20000,20000,20000,20000,20000,20000,20000,1,0,20373.691780958325,20373.691780958325,20373.691780958325,20373.691780958325,128.0
1790156788,8,TPOT,completion,0.000000,0.000000,150,150,150,150,150,150,150,150,150,150,150,1,0,149.57047652775847,149.57047652775847,149.57047652775847,149.57047652775847,0.0
1790156788,8,TTFT,completion,0.000000,0.000000,1400,1400,1400,1400,1400,1400,1400,1400,1400,1400,1400,1,0,1378.1632240861654,1378.1632240861654,1378.1632240861654,1378.1632240861654,0.0
1790156788,8,,Aggregated,0.000000,0.000000,0,0,0,0,0,0,0,0,0,0,0,3,0,1400,7300.475160524083,149.57047652775847,20373.691780958325,42.666666666666664
1790156789,8,POST,completion,0.000000,0.000000,20000,20000,20000,20000,20000,20000,20000,20000,20000,20000,20000,1,0,20373.691780958325,20373.691780958325,20373.691780958325,20373.691780958325,128.0
1790156789,8,TPOT,completion,0.000000,0.000000,150,150,150,150,150,150,150,150,150,150,150,1,0,149.57047652775847,149.57047652775847,149.57047652775847,149.57047652775847,0.0
1790156789,8,TTFT,completion,0.000000,0.000000,1400,1400,1400,1400,1400,1400,1400,1400,1400,1400,1400,1,0,1378.1632240861654,1378.1632240861654,1378.1632240861654,1378.1632240861654,0.0
1790156789,8,,Aggregated,0.000000,0.000000,0,0,0,0,0,0,0,0,0,0,0,3,0,1400,7300.475160524083,149.57047652775847,20373.691780958325,42.666666666666664
1790156790,8,POST,completion,0.000000,0.000000,20000,20000,20000,20000,20000,20000,20000,20000,20000,20000,20000,1,0,20373.691780958325,20373.691780958325,20373.691780958325,20373.691780958325,128.0
1790156790,8,TPOT,completion,0.000000,0.000000,150,150,150,150,150,150,150,150,150,150,150,1,0,149.57047652775847,149.57047652775847,149.57047652775847,149.57047652775847,0.0
1790156790,8,TTFT,completion,0.000000,0.000000,1400,1400,1400,1400,1400,1400,1400,1400,1400,1400,1400,1,0,1378.1632240861654,1378.1632240861654,1378.1632240861654,1378.1632240861654,0.0
1790156790,8,,Aggregated,0.000000,0.000000,0,0,0,0,0,0,0,0,0,0,0,3,0,1400,7300.475160524083,149.57047652775847,20373.691780958325,42.666666666666664
1790156791,8,POST,completion,0.100000,0.000000,20000,20000,20000,20000,20000,20000,20000,20000,20000,20000,20000,2,0,20000,19846.270601497963,19318.8494220376,20373.691780958325,128.0
1790156791,8,TPOT,completion,0.100000,0.000000,150,150,150,150,150,150,150,150,150,150,150,2,0,149.57047652775847,145.50424344456337,141.43801036136827,149.57047652775847,0.0
1790156791,8,TTFT,completion,0.100000,0.000000,1400,1400,1400,1400,1400,1400,1400,1400,1400,1400,1400,2,0,1378.1632240861654,1367.1631845645607,1356.1631450429559,1378.1632240861654,0.0
1790156791,8,,Aggregated,0.300000,0.000000,1400,1400,19000,19000,19000,19000,19000,19000,19000,19000,19000,6,0,1400,7119.646009835696,141.43801036136827,20373.691780958325,42.666666666666664
1790156792,8,POST,completion,0.100000,0.000000,20000,20000,20000,20000,20000,20000,20000,20000,20000,20000,20000,2,0,20000,19846.270601497963,19318.8494220376,20373.691780958325,128.0
1790156792,8,TPOT,completion,0.100000,0.000000,150,150,150,150,150,150,150,150,150,150,150,2,0,149.57047652775847,145.50424344456337,141.43801036136827,149.57047652775847,0.0
1790156792,8,TTFT,completion,0.100000,0.000000,1400,1400,1400,1400,1400,1400,1400,1400,1400,1400,1400,2,0,1378.1632240861654,1367.1631845645607,1356.1631450429559,1378.1632240861654,0.0
1790156792,8,,Aggregated,0.300000,0.000000,1400,1400,19000,19000,19000,19000,19000,19000,19000,19000,19000,6,0,1400,7119.646009835696,141.43801036136827,20373.691780958325,42.666666666666664
1790156793,8,POST,completion,0.100000,0.000000,20000,20000,20000,20000,20000,20000,20000,20000,20000,20000,20000,2,0,20000,19846.270601497963,19318.8494220376,20373.691780958325,128.0
1790156793,8,TPOT,completion,0.100000,0.000000,150,150,150,150,150,150,150,150,150,150,150,2,0,149.57047652775847,145.50424344456337,141.43801036136827,149.57047652775847,0.0
1790156793,8,TTFT,completion,0.100000,0.000000,1400,1400,1400,1400,1400,1400,1400,1400,1400,1400,1400,2,0,1378.1632240861654,1367.1631845645607,1356.1631450429559,1378.1632240861654,0.0
1790156793,8,,Aggregated,0.300000,0.000000,1400,1400,19000,19000,19000,19000,19000,19000,19000,19000,19000,6,0,1400,7119.646009835696,141.43801036136827,20373.691780958325,42.666666666666664
1790156794,8,POST,completion,0.100000,0.000000,20000,20000,20000,20000,20000,20000,20000,20000,20000,20000,20000,2,0,20000,19846.270601497963,19318.8494220376,20373.691780958325,128.0
1790156794,8,TPOT,completion,0.100000,0.000000,150,150,150,150,150,150,150,150,150,150,150,2,0,149.57047652775847,145.50424344456337,141.43801036136827,149.57047652775847,0.0
1790156794,8,TTFT,completion,0.100000,0.000000,1400,1400,1400,1400,1400,1400,1400,1400,1400,1400,1400,2,0,1378.1632240861654,1367.1631845645607,1356.1631450429559,1378.1632240861654,0.0
1790156794,8,,Aggregated,0.300000,0.000000,1400,1400,19000,19000,19000,19000,19000,19000,19000,19000,19000,6,0,1400,7119.646009835696,141.43801036136827,20373.691780958325,42.666666666666664
1790156795,8,POST,completion,0.100000,0.000000,20000,20000,20000,20000,20000,20000,20000,20000,20000,20000,20000,2,0,20000,19846.270601497963,19318.8494220376,20373.691780958325,128.0
1790156795,8,TPOT,completion,0.100000,0.000000,150,150,150,150,150,150,150,150,150,150,150,2,0,149.57047652775847,145.50424344456337,141.43801036136827,149.57047652775847,0.0
1790156795,8,TTFT,completion,0.100000,0.000000,1400,1400,1400,1400,1400,1400,1400,1400,1400,1400,1400,2,0,1378.1632240861654,1367.1631845645607,1356.1631450429559,1378.1632240861654,0.0
1790156795,8,,Aggregated,0.300000,0.000000,1400,1400,19000,19000,19000,19000,19000,19000,19000,19000,19000,6,0,1400,7119.646009835696,141.43801036136827,20373.691780958325,42.666666666666664
1790156796,8,POST,completion,0.100000,0.000000,20000,20000,20000,20000,20000,20000,20000,20000,20000,20000,20000,2,0,20000,19846.270601497963,19318.8494220376,20373.691780958325,128.0
1790156796,8,TPOT,completion,0.100000,0.000000,150,150,150,150,150,150,150,150,150,150,150,2,0,149.57047652775847,145.50424344456337,141.43801036136827,149.57047652775847,0.0
1790156796,8,TTFT,completion,0.100000,0.000000,1400,1400,1400,1400,1400,1400,1400,1400,1400,1400,1400,2,0,1378.1632240861654,1367.1631845645607,1356.1631450429559,1378.1632240861654,0.0
1790156796,8,,Aggregated,0.300000,0.000000,1400,1400,19000,19000,19000,19000,19000,19000,19000,19000,19000,6,0,1400,7119.646009835696,141.43801036136827,20373.691780958325,42.666666666666664
1790156797,8,POST,completion,0.100000,0.000000,20000,20000,20000,20000,20000,20000,20000,20000,20000,20000,20000,2,0,20000,19846.270601497963,19318.8494220376,20373.691780958325,128.0
1790156797,8,TPOT,completion,0.100000,0.000000,150,150,150,150,150,150,150,150,150,150,150,2,0,149.57047652775847,145.50424344456337,141.43801036136827,149.57047652775847,0.0
1790156797,8,TTFT,completion,0.100000,0.000000,1400,1400,1400,1400,1400,1400,1400,1400,1400,1400,1400,2,0,1378.1632240861654,1367.1631845645607,1356.1631450429559,1378.1632240861654,0.0
1790156797,8,,Aggregated,0.300000,0.000000,1400,1400,19000,19000,19000,19000,19000,19000,19000,19000,19000,6,0,1400,7119.646009835696,141.43801036136827,20373.691780958325,42.666666666666664
1790156798,8,POST,completion,0.100000,0.000000,19000,19000,19000,19000,19000,19000,19000,19000,19000,19000,19000,2,0,20000,19846.270601497963,19318.8494220376,20373.691780958325,128.0
1790156798,8,TPOT,completion,0.100000,0.000000,140,140,140,140,140,140,140,140,140,140,140,2,0,149.57047652775847,145.50424344456337,141.43801036136827,149.57047652775847,0.0
1790156798,8,TTFT,completion,0.100000,0.000000,1400,1400,1400,1400,1400,1400,1400,1400,1400,1400,1400,2,0,1378.1632240861654,1367.1631845645607,1356.1631450429559,1378.1632240861654,0.0
1790156798,8,,Aggregated,0.300000,0.000000,1400,1400,19000,19000,19000,19000,19000,19000,19000,19000,19000,6,0,1400,7119.646009835696,141.43801036136827,20373.691780958325,42.666666666666664
1790156799,8,POST,completion,0.100000,0.000000,19000,19000,19000,19000,19000,19000,19000,19000,19000,19000,19000,2,0,20000,19846.270601497963,19318.8494220376,20373.691780958325,128.0
1790156799,8,TPOT,completion,0.100000,0.000000,140,140,140,140,140,140,140,140,140,140,140,2,0,149.57047652775847,145.50424344456337,141.43801036136827,149.57047652775847,0.0
1790156799,8,TTFT,completion,0.100000,0.000000,1400,1400,1400,1400,1400,1400,1400,1400,1400,1400,1400,2,0,1378.1632240861654,1367.1631845645607,1356.1631450429559,1378.1632240861654,0.0
1790156799,8,,Aggregated,0.300000,0.000000,1400,1400,19000,19000,19000,19000,19000,19000,19000,19000,19000,6,0,1400,7119.646009835696,141.43801036136827,20373.691780958325,42.666666666666664
1790156800,8,POST,completion,0.100000,0.000000,19000,19000,19000,19000,19000,19000,19000,19000,19000,19000,19000,2,0,20000,19846.270601497963,19318.8494220376,20373.691780958325,128.0
1790156800,8,TPOT,completion,0.100000,0.000000,140,140,140,140,140,140,140,140,140,140,140,2,0,149.57047652775847,145.50424344456337,141.43801036136827,149.57047652775847,0.0
1790156800,8,TTFT,completion,0.100000,0.000000,1400,1400,1400,1400,1400,1400,1400,1400,1400,1400,1400,2,0,1378.1632240861654,1367.1631845645607,1356.1631450429559,1378.1632240861654,0.0
1790156800,8,,Aggregated,0.300000,0.000000,1400,1400,19000,19000,19000,19000,19000,19000,19000,19000,19000,6,0,1400,7119.646009835696,141.43801036136827,20373.691780958325,42.666666666666664
1790156801,8,POST,completion,0.100000,0.000000,19000,19000,19000,19000,19000,19000,19000,19000,19000,19000,19000,2,0,20000,19846.270601497963,19318.8494220376,20373.691780958325,128.0
1790156801,8,TPOT,completion,0.100000,0.000000,140,140,140,140,140,140,140,140,140,140,140,2,0,149.57047652775847,145.50424344456337,141.43801036136827,149.57047652775847,0.0
1790156801,8,TTFT,completion,0.100000,0.000000,1400,1400,1400,1400,1400,1400,1400,1400,1400,1400,1400,2,0,1378.1632240861654,1367.1631845645607,1356.1631450429559,1378.1632240861654,0.0
1790156801,8,,Aggregated,0.300000,0.000000,1400,1400,19000,19000,19000,19000,19000,19000,19000,19000,19000,6,0,1400,7119.646009835696,141.43801036136827,20373.691780958325,42.666666666666664
1790156802,8,POST,completion,0.100000,0.000000,19000,19000,19000,19000,19000,19000,19000,19000,19000,19000,19000,3,0,19168.156929081306,19620.23271069241,19168.156929081306,20373.691780958325,128.0
1790156802,8,TPOT,completion,0.100000,0.000000,140,140,140,140,140,140,140,140,140,140,140,3,0,140,143.4358240158989,139.29898515856993,149.57047652775847,0.0
1790156802,8,TTFT,completion,0.100000,0.000000,1500,1500,1500,1500,1500,1500,1500,1500,1500,1500,1500,3,0,1400,1403.814426002403,1356.1631450429559,1477.116908878088,0.0
1790156802,8,,Aggregated,0.300000,0.000000,1500,1500,19000,19000,19000,19000,19000,19000,19000,19000,19000,9,0,1400,7055.827653570238,139.29898515856993,20373.691780958325,42.666666666666664
1790156803,8,POST,completion,0.100000,0.000000,19000,19000,19000,19000,19000,19000,19000,19000,19000,19000,19000,3,0,19168.156929081306,19620.23271069241,19168.156929081306,20373.691780958325,128.0
1790156803,8,TPOT,completion,0.100000,0.000000,140,140,140,140,140,140,140,140,140,140,140,3,0,140,143.4358240158989,139.29898515856993,149.57047652775847,0.0
1790156803,8,TTFT,completion,0.100000,0.000000,1500,1500,1500,1500,1500,1500,1500,1500,1500,1500,1500,3,0,1400,1403.814426002403,1356.1631450429559,1477.116908878088,0.0
1790156803,8,,Aggregated,0.300000,0.000000,1500,1500,19000,19000,19000,19000,19000,19000,19000,19000,19000,9,0,1400,7055.827653570238,139.29898515856993,20373.691780958325,42.666666666666664
1790156804,8,POST,completion,0.100000,0.000000,19000,19000,19000,19000,19000,19000,19000,19000,19000,19000,19000,3,0,19168.156929081306,19620.23271069241,19168.156929081306,20373.691780958325,128.0
1790156804,8,TPOT,completion,0.100000,0.000000,140,140,140,140,140,140,140,140,140,140,140,3,0,140,143.4358240158989,139.29898515856993,149.57047652775847,0.0
1790156804,8,TTFT,completion,0.100000,0.000000,1500,1500,1500,1500,1500,1500,1500,1500,1500,1500,1500,3,0,1400,1403.814426002403,1356.1631450429559,1477.116908878088,0.0
1790156804,8,,Aggregated,0.300000,0.000000,1500,1500,19000,19000,19000,19000,19000,19000,19000,19000,19000,9,0,1400,7055.827653570238,139.29898515856993,20373.691780958325,42.666666666666664
1790156805,8,POST,completion,0.100000,0.000000,19000,19000,19000,19000,19000,19000,19000,19000,19000,19000,19000,3,0,19168.156929081306,19620.23271069241,19168.156929081306,20373.691780958325,128.0
1790156805,8,TPOT,completion,0.100000,0.000000,140,140,140,140,140,140,140,140,140,140,140,3,0,140,143.4358240158989,139.29898515856993,149.57047652775847,0.0
1790156805,8,TTFT,completion,0.100000,0.000000,1500,1500,1500,1500,1500,1500,1500,1500,1500,1500,1500,3,0,1400,1403.814426002403,1356.1631450429559,1477.116908878088,0.0
1790156805,8,,Aggregated,0.300000,0.000000,1500,1500,19000,19000,19000,19000,19000,19000,19000,19000,19000,9,0,1400,7055.827653570238,139.29898515856993,20373.691780958325,42.666666666666664
1790156806,8,POST,completion,0.100000,0.000000,19000,19000,19000,19000,19000,19000,19000,19000,19000,19000,19000,3,0,19168.156929081306,19620.23271069241,19168.156929081306,20373.691780958325,128.0
1790156806,8,TPOT,completion,0.100000,0.000000,140,140,140,140,140,140,140,140,140,140,140,3,0,140,143.4358240158989,139.29898515856993,149.57047652775847,0.0
1790156806,8,TTFT,completion,0.100000,0.000000,1500,1500,1500,1500,1500,1500,1500,1500,1500,1500,1500,3,0,1400,1403.814426002403,1356.1631450429559,1477.116908878088,0.0
1790156806,8,,Aggregated,0.300000,0.000000,1500,1500,19000,19000,19000,19000,19000,19000,19000,19000,19000,9,0,1400,7055.827653570238,139.29898515856993,20373.691780958325,42.666666666666664
1790156807,8,POST,completion,0.100000,0.000000,19000,19000,19000,19000,19000,19000,19000,19000,19000,19000,19000,3,0,19168.156929081306,19620.23271069241,19168.156929081306,20373.691780958325,128.0
1790156807,8,TPOT,completion,0.100000,0.000000,140,140,140,140,140,140,140,140,140,140,140,3,0,140,143.4358240158989,139.29898515856993,149.57047652775847,0.0
1790156807,8,TTFT,completion,0.100000,0.000000,1500,1500,1500,1500,1500,1500,1500,1500,1500,1500,1500,3,0,1400,1403.814426002403,1356.1631450429559,1477.116908878088,0.0
1790156807,8,,Aggregated,0.300000,0.000000,1500,1500,19000,19000,19000,19000,19000,19000,19000,19000,19000,9,0,1400,7055.827653570238,139.29898515856993,20373.691780958325,42.666666666666664
1790156808,8,POST,completion,0.100000,0.000000,19000,19000,19000,19000,19000,19000,19000,19000,19000,19000,19000,3,0,19168.156929081306,19620.23271069241,19168.156929081306,20373.691780958325,128.0
1790156808,8,TPOT,completion,0.100000,0.000000,140,140,140,140,140,140,140,140,140,140,140,3,0,140,143.4358240158989,139.29898515856993,149.57047652775847,0.0
1790156808,8,TTFT,completion,0.100000,0.000000,1500,1500,1500,1500,1500,1500,1500,1500,1500,1500,1500,3,0,1400,1403.814426002403,1356.1631450429559,1477.116908878088,0.0
1790156808,8,,Aggregated,0.300000,0.000000,1500,1500,19000,19000,19000,19000,19000,19000,19000,19000,19000,9,0,1400,7055.827653570238,139.29898515856993,20373.691780958325,42.666666666666664
1790156809,8,POST,completion,0.100000,0.000000,19000,19000,19000,19000,19000,19000,19000,19000,19000,19000,19000,3,0,19168.156929081306,19620.23271069241,19168.156929081306,20373.691780958325,128.0
1790156809,8,TPOT,completion,0.100000,0.000000,140,140,140,140,140,140,140,140,140,140,140,3,0,140,143.4358240158989,139.29898515856993,149.57047652775847,0.0
1790156809,8,TTFT,completion,0.100000,0.000000,1500,1500,1500,1500,1500,1500,1500,1500,1500,1500,1500,3,0,1400,1403.814426002403,1356.1631450429559,1477.116908878088,0.0
1790156809,8,,Aggregated,0.300000,0.000000,1500,1500,19000,19000,19000,19000,19000,19000,19000,19000,19000,9,0,1400,7055.827653570238,139.29898515856993,20373.691780958325,42.666666666666664
1790156810,8,POST,completion,0.100000,0.000000,19000,19000,19000,19000,19000,19000,19000,19000,19000,19000,19000,3,0,19168.156929081306,19620.23271069241,19168.156929081306,20373.691780958325,128.0
1790156810,8,TPOT,completion,0.100000,0.000000,140,140,140,140,140,140,140,140,140,140,140,3,0,140,143.4358240158989,139.29898515856993,149.57047652775847,0.0
1790156810,8,TTFT,completion,0.100000,0.000000,1500,1500,1500,1500,1500,1500,1500,1500,1500,1500,1500,3,0,1400,1403.814426002403,1356.1631450429559,1477.116908878088,0.0
1790156810,8,,Aggregated,0.300000,0.000000,1500,1500,19000,19000,19000,19000,19000,19000,19000,19000,19000,9,0,1400,7055.827653570238,139.29898515856993,20373.691780958325,42.666666666666664
1790156811,8,POST,completion,0.100000,0.000000,19000,19000,19000,19000,19000,19000,19000,19000,19000,19000,19000,3,0,19168.156929081306,19620.23271069241,19168.156929081306,20373.691780958325,128.0
1790156811,8,TPOT,completion,0.100000,0.000000,140,140,140,140,140,140,140,140,140,140,140,3,0,140,143.4358240158989,139.29898515856993,149.57047652775847,0.0
1790156811,8,TTFT,completion,0.100000,0.000000,1500,1500,1500,1500,1500,1500,1500,1500,1500,1500,1500,3,0,1400,1403.814426002403,1356.1631450429559,1477.116908878088,0.0
1790156811,8,,Aggregated,0.300000,0.000000,1500,1500,19000,19000,19000,19000,19000,19000,19000,19000,19000,9,0,1400,7055.827653570238,139.29898515856993,20373.691780958325,42.666666666666664
1790156812,8,POST,completion,0.100000,0.000000,19000,19000,19000,19000,19000,19000,19000,19000,19000,19000,19000,3,0,19168.156929081306,19620.23271069241,19168.156929081306,20373.691780958325,128.0
1790156812,8,TPOT,completion,0.100000,0.000000,140,140,140,140,140,140,140,140,140,140,140,3,0,140,143.4358240158989,139.29898515856993,149.57047652775847,0.0
1790156812,8,TTFT,completion,0.100000,0.000000,1500,1500,1500,1500,1500,1500,1500,1500,1500,1500,1500,3,0,1400,1403.814426002403,1356.1631450429559,1477.116908878088,0.0
1790156812,8,,Aggregated,0.300000,0.000000,1500,1500,19000,19000,19000,19000,19000,19000,19000,19000,19000,9,0,1400,7055.827653570238,139.29898515856993,20373.691780958325,42.666666666666664
1790156813,8,POST,completion,0.100000,0.000000,19000,19000,19000,19000,19000,19000,19000,19000,19000,19000,19000,3,0,19168.156929081306,19620.23271069241,19168.156929081306,20373.691780958325,128.0
1790156813,8,TPOT,completion,0.100000,0.000000,140,140,140,140,140,140,140,140,140,140,140,3,0,140,143.4358240158989,139.29898515856993,149.57047652775847,0.0
1790156813,8,TTFT,completion,0.100000,0.000000,1500,1500,1500,1500,1500,1500,1500,1500,1500,1500,1500,3,0,1400,1403.814426002403,1356.1631450429559,1477.116908878088,0.0
1790156813,8,,Aggregated,0.300000,0.000000,1500,1500,19000,19000,19000,19000,19000,19000,19000,19000,19000,9,0,1400,7055.827653570238,139.29898515856993,20373.691780958325,42.666666666666664
1790156814,8,POST,completion,0.100000,0.000000,19000,19000,19000,19000,19000,19000,19000,19000,19000,19000,19000,3,0,19168.156929081306,19620.23271069241,19168.156929081306,20373.691780958325,128.0
1790156814,8,TPOT,completion,0.100000,0.000000,140,140,140,140,140,140,140,140,140,140,140,3,0,140,143.4358240158989,139.29898515856993,149.57047652775847,0.0
1790156814,8,TTFT,completion,0.100000,0.000000,1500,1500,1500,1500,1500,1500,1500,1500,1500,1500,1500,3,0,1400,1403.814426002403,1356.1631450429559,1477.116908878088,0.0
1790156814,8,,Aggregated,0.300000,0.000000,1500,1500,19000,19000,19000,19000,19000,19000,19000,19000,19000,9,0,1400,7055.827653570238,139.29898515856993,20373.691780958325,42.666666666666664
1790156815,8,POST,completion,0.100000,0.000000,19000,19000,19000,19000,19000,19000,19000,19000,19000,19000,19000,3,0,19168.156929081306,19620.23271069241,19168.156929081306,20373.691780958325,128.0
1790156815,8,TPOT,completion,0.100000,0.000000,140,140,140,140,140,140,140,140,140,140,140,3,0,140,143.4358240158989,139.29898515856993,149.57047652775847,0.0
1790156815,8,TTFT,completion,0.100000,0.000000,1500,1500,1500,1500,1500,1500,1500,1500,1500,1500,1500,3,0,1400,1403.814426002403,1356.1631450429559,1477.116908878088,0.0
1790156815,8,,Aggregated,0.300000,0.000000,1500,1500,19000,19000,19000,19000,19000,19000,19000,19000,19000,9,0,1400,7055.827653570238,139.29898515856993,20373.691780958325,42.666666666666664
1790156816,8,POST,completion,0.100000,0.000000,19000,19000,19000,19000,19000,19000,19000,19000,19000,19000,19000,3,0,19168.156929081306,19620.23271069241,19168.156929081306,20373.691780958325,128.0
1790156816,8,TPOT,completion,0.100000,0.000000,140,140,140,140,140,140,140,140,140,140,140,3,0,140,143.4358240158989,139.29898515856993,149.57047652775847,0.0
1790156816,8,TTFT,completion,0.100000,0.000000,1500,1500,1500,1500,1500,1500,1500,1500,1500,1500,1500,3,0,1400,1403.814426002403,1356.1631450429559,1477.116908878088,0.0
1790156816,8,,Aggregated,0.300000,0.000000,1500,1500,19000,19000,19000,19000,19000,19000,19000,19000,19000,9,0,1400,7055.827653570238,139.29898515856993,20373.691780958325,42.666666666666664
1790156817,8,POST,completion,0.100000,0.000000,19000,19000,19000,19000,19000,19000,19000,19000,19000,19000,19000,3,0,19168.156929081306,19620.23271069241,19168.156929081306,20373.691780958325,128.0
1790156817,8,TPOT,completion,0.100000,0.000000,140,140,140,140,140,140,140,140,140,140,140,3,0,140,143.4358240158989,139.29898515856993,149.57047652775847,0.0
1790156817,8,TTFT,completion,0.100000,0.000000,1500,1500,1500,1500,1500,1500,1500,1500,1500,1500,1500,3,0,1400,1403.814426002403,1356.1631450429559,1477.116908878088,0.0
1790156817,8,,Aggregated,0.300000,0.000000,1500,1500,19000,19000,19000,19000,19000,19000,19000,19000,19000,9,0,1400,7055.827653570238,139.29898515856993,20373.691780958325,42.666666666666664
1790156818,8,POST,completion,0.100000,0.000000,19000,19000,19000,19000,19000,19000,19000,19000,19000,19000,19000,3,0,19168.156929081306,19620.23271069241,19168.156929081306,20373.691780958325,128.0
1790156818,8,TPOT,completion,0.100000,0.000000,140,140,140,140,140,140,140,140,140,140,140,3,0,140,143.4358240158989,139.29898515856993,149.57047652775847,0.0
1790156818,8,TTFT,completion,0.100000,0.000000,1500,1500,1500,1500,1500,1500,1500,1500,1500,1500,1500,3,0,1400,1403.814426002403,1356.1631450429559,1477.116908878088,0.0
1790156818,8,,Aggregated,0.300000,0.000000,1500,1500,19000,19000,19000,19000,19000,19000,19000,19000,19000,9,0,1400,7055.827653570238,139.29898515856993,20373.691780958325,42.666666666666664
1790156819,8,POST,completion,0.100000,0.000000,0,0,0,0,0,0,0,0,0,0,0,3,0,19168.156929081306,19620.23271069241,19168.156929081306,20373.691780958325,128.0
1790156819,8,TPOT,completion,0.100000,0.000000,0,0,0,0,0,0,0,0,0,0,0,3,0,140,143.4358240158989,139.29898515856993,149.57047652775847,0.0
1790156819,8,TTFT,completion,0.100000,0.000000,0,0,0,0,0,0,0,0,0,0,0,3,0,1400,1403.814426002403,1356.1631450429559,1477.116908878088,0.0
1790156819,8,,Aggregated,0.300000,0.000000,0,0,0,0,0,0,0,0,0,0,0,9,0,1400,7055.827653570238,139.29898515856993,20373.691780958325,42.666666666666664
1790156820,8,POST,completion,0.100000,0.000000,0,0,0,0,0,0,0,0,0,0,0,3,0,19168.156929081306,19620.23271069241,19168.156929081306,20373.691780958325,128.0
1790156820,8,TPOT,completion,0.100000,0.000000,0,0,0,0,0,0,0,0,0,0,0,3,0,140,143.4358240158989,139.29898515856993,149.57047652775847,0.0
1790156820,8,TTFT,completion,0.100000,0.000000,0,0,0,0,0,0,0,0,0,0,0,3,0,1400,1403.814426002403,1356.1631450429559,1477.116908878088,0.0
1790156820,8,,Aggregated,0.300000,0.000000,0,0,0,0,0,0,0,0,0,0,0,9,0,1400,7055.827653570238,139.29898515856993,20373.691780958325,42.666666666666664
1790156821,8,POST,completion,0.000000,0.000000,0,0,0,0,0,0,0,0,0,0,0,4,0,20000,20805.45283399988,19168.156929081306,24361.113203922287,128.0
1790156821,8,TPOT,completion,0.000000,0.000000,0,0,0,0,0,0,0,0,0,0,0,4,0,150,152.79362853763143,139.29898515856993,180.86704210282898,0.0
1790156821,8,TTFT,completion,0.000000,0.000000,0,0,0,0,0,0,0,0,0,0,0,4,0,1400,1400.595685990993,1356.1631450429559,1477.116908878088,0.0
1790156821,8,,Aggregated,0.000000,0.000000,0,0,0,0,0,0,0,0,0,0,0,12,0,1400,7452.9473828428345,139.29898515856993,24361.113203922287,42.666666666666664
1790156822,8,POST,completion,0.000000,0.000000,24000,24000,24000,24000,24000,24000,24000,24000,24000,24000,24000,4,0,20000,20805.45283399988,19168.156929081306,24361.113203922287,128.0
1790156822,8,TPOT,completion,0.000000,0.000000,180,180,180,180,180,180,180,180,180,180,180,4,0,150,152.79362853763143,139.29898515856993,180.86704210282898,0.0
1790156822,8,TTFT,completion,0.000000,0.000000,1400,1400,1400,1400,1400,1400,1400,1400,1400,1400,1400,4,0,1400,1400.595685990993,1356.1631450429559,1477.116908878088,0.0
1790156822,8,,Aggregated,0.000000,0.000000,1400,1400,24000,24000,24000,24000,24000,24000,24000,24000,24000,12,0,1400,7452.9473828428345,139.29898515856993,24361.113203922287,42.666666666666664
1790156823,8,POST,completion,0.000000,0.000000,24000,24000,24000,24000,24000,24000,24000,24000,24000,24000,24000,4,0,20000,20805.45283399988,19168.156929081306,24361.113203922287,128.0
1790156823,8,TPOT,completion,0.000000,0.000000,180,180,180,180,180,180,180,180,180,180,180,4,0,150,152.79362853763143,139.29898515856993,180.86704210282898,0.0
1790156823,8,TTFT,completion,0.000000,0.000000,1400,1400,1400,1400,1400,1400,1400,1400,1400,1400,1400,4,0,1400,1400.595685990993,1356.1631450429559,1477.116908878088,0.0
1790156823,8,,Aggregated,0.000000,0.000000,1400,1400,24000,24000,24000,24000,24000,24000,24000,24000,24000,12,0,1400,7452.9473828428345,139.29898515856993,24361.113203922287,42.666666666666664
1790156824,8,POST,completion,0.000000,0.000000,24000,24000,24000,24000,24000,24000,24000,24000,24000,24000,24000,4,0,20000,20805.45283399988,19168.156929081306,24361.113203922287,128.0
1790156824,8,TPOT,completion,0.000000,0.000000,180,180,180,180,180,180,180,180,180,180,180,4,0,150,152.79362853763143,139.29898515856993,180.86704210282898,0.0
1790156824,8,TTFT,completion,0.000000,0.000000,1400,1400,1400,1400,1400,1400,1400,1400,1400,1400,1400,4,0,1400,1400.595685990993,1356.1631450429559,1477.116908878088,0.0
1790156824,8,,Aggregated,0.000000,0.000000,1400,1400,24000,24000,24000,24000,24000,24000,24000,24000,24000,12,0,1400,7452.9473828428345,139.29898515856993,24361.113203922287,42.666666666666664
1790156825,8,POST,completion,0.000000,0.000000,24000,24000,24000,24000,24000,24000,24000,24000,24000,24000,24000,4,0,20000,20805.45283399988,19168.156929081306,24361.113203922287,128.0
1790156825,8,TPOT,completion,0.000000,0.000000,180,180,180,180,180,180,180,180,180,180,180,4,0,150,152.79362853763143,139.29898515856993,180.86704210282898,0.0
1790156825,8,TTFT,completion,0.000000,0.000000,1400,1400,1400,1400,1400,1400,1400,1400,1400,1400,1400,4,0,1400,1400.595685990993,1356.1631450429559,1477.116908878088,0.0
1790156825,8,,Aggregated,0.000000,0.000000,1400,1400,24000,24000,24000,24000,24000,24000,24000,24000,24000,12,0,1400,7452.9473828428345,139.29898515856993,24361.113203922287,42.666666666666664
1790156826,8,POST,completion,0.000000,0.000000,24000,24000,24000,24000,24000,24000,24000,24000,24000,24000,24000,4,0,20000,20805.45283399988,19168.156929081306,24361.113203922287,128.0
1790156826,8,TPOT,completion,0.000000,0.000000,180,180,180,180,180,180,180,180,180,180,180,4,0,150,152.79362853763143,139.29898515856993,180.86704210282898,0.0
1790156826,8,TTFT,completion,0.000000,0.000000,1400,1400,1400,1400,1400,1400,1400,1400,1400,1400,1400,4,0,1400,1400.595685990993,1356.1631450429559,1477.116908878088,0.0
1790156826,8,,Aggregated,0.000000,0.000000,1400,1400,24000,24000,24000,24000,24000,24000,24000,24000,24000,12,0,1400,7452.9473828428345,139.29898515856993,24361.113203922287,42.666666666666664
1790156827,8,POST,completion,0.000000,0.000000,24000,24000,24000,24000,24000,24000,24000,24000,24000,24000,24000,4,0,20000,20805.45283399988,19168.156929081306,24361.113203922287,128.0
1790156827,8,TPOT,completion,0.000000,0.000000,180,180,180,180,180,180,180,180,180,180,180,4,0,150,152.79362853763143,139.29898515856993,180.86704210282898,0.0
1790156827,8,TTFT,completion,0.000000,0.000000,1400,1400,1400,1400,1400,1400,1400,1400,1400,1400,1400,4,0,1400,1400.595685990993,1356.1631450429559,1477.116908878088,0.0
1790156827,8,,Aggregated,0.000000,0.000000,1400,1400,24000,24000,24000,24000,24000,24000,24000,24000,24000,12,0,1400,7452.9473828428345,139.29898515856993,24361.113203922287,42.666666666666664
1790156828,8,POST,completion,0.000000,0.000000,24000,24000,24000,24000,24000,24000,24000,24000,24000,24000,24000,4,0,20000,20805.45283399988,19168.156929081306,24361.113203922287,128.0
1790156828,8,TPOT,completion,0.000000,0.000000,180,180,180,180,180,180,180,180,180,180,180,4,0,150,152.79362853763143,139.29898515856993,180.86704210282898,0.0
1790156828,8,TTFT,completion,0.000000,0.000000,1400,1400,1400,1400,1400,1400,1400,1400,1400,1400,1400,4,0,1400,1400.595685990993,1356.1631450429559,1477.116908878088,0.0
1790156828,8,,Aggregated,0.000000,0.000000,1400,1400,24000,24000,24000,24000,24000,24000,24000,24000,24000,12,0,1400,7452.9473828428345,139.29898515856993,24361.113203922287,42.666666666666664
1790156829,8,POST,completion,0.000000,0.000000,24000,24000,24000,24000,24000,24000,24000,24000,24000,24000,24000,4,0,20000,20805.45283399988,19168.156929081306,24361.113203922287,128.0
1790156829,8,TPOT,completion,0.000000,0.000000,180,180,180,180,180,180,180,180,180,180,180,4,0,150,152.79362853763143,139.29898515856993,180.86704210282898,0.0
1790156829,8,TTFT,completion,0.000000,0.000000,1400,1400,1400,1400,1400,1400,1400,1400,1400,1400,1400,4,0,1400,1400.595685990993,1356.1631450429559,1477.116908878088,0.0
1790156829,8,,Aggregated,0.000000,0.000000,1400,1400,24000,24000,24000,24000,24000,24000,24000,24000,24000,12,0,1400,7452.9473828428345,139.29898515856993,24361.113203922287,42.666666666666664
1790156830,8,POST,completion,0.000000,0.000000,24000,24000,24000,24000,24000,24000,24000,24000,24000,24000,24000,4,0,20000,20805.45283399988,19168.156929081306,24361.113203922287,128.0
1790156830,8,TPOT,completion,0.000000,0.000000,180,180,180,180,180,180,180,180,180,180,180,4,0,150,152.79362853763143,139.29898515856993,180.86704210282898,0.0
1790156830,8,TTFT,completion,0.000000,0.000000,1400,1400,1400,1400,1400,1400,1400,1400,1400,1400,1400,4,0,1400,1400.595685990993,1356.1631450429559,1477.116908878088,0.0
1790156830,8,,Aggregated,0.000000,0.000000,1400,1400,24000,24000,24000,24000,24000,24000,24000,24000,24000,12,0,1400,7452.9473828428345,139.29898515856993,24361.113203922287,42.666666666666664
1790156831,8,POST,completion,0.100000,0.000000,27000,27000,27000,27000,27000,27000,27000,27000,27000,27000,27000,7,0,24000,23491.661262332596,19168.156929081306,27494.44885016419,128.0
1790156831,8,TPOT,completion,0.100000,0.000000,190,190,210,210,210,210,210,210,210,210,210,7,0,180,169.83643705858165,139.29898515856993,205.44587639270455,0.0
1790156831,8,TTFT,completion,0.100000,0.000000,2700,2700,3700,3700,3700,3700,3700,3700,3700,3700,3700,7,0,1400,1922.3737518768758,1356.1631450429559,3744.1569638904184,0.0
1790156831,8,,Aggregated,0.300000,0.000000,2700,3700,26000,26000,27000,27000,27000,27000,27000,27000,27000,21,0,1400,8527.957150422684,139.29898515856993,27494.44885016419,42.666666666666664
1790156832,8,POST,completion,0.100000,0.000000,27000,27000,27000,27000,27000,27000,27000,27000,27000,27000,27000,7,0,24000,23491.661262332596,19168.156929081306,27494.44885016419,128.0
1790156832,8,TPOT,completion,0.100000,0.000000,190,190,210,210,210,210,210,210,210,210,210,7,0,180,169.83643705858165,139.29898515856993,205.44587639270455,0.0
1790156832,8,TTFT,completion,0.100000,0.000000,2700,2700,3700,3700,3700,3700,3700,3700,3700,3700,3700,7,0,1400,1922.3737518768758,1356.1631450429559,3744.1569638904184,0.0
1790156832,8,,Aggregated,0.300000,0.000000,2700,3700,26000,26000,27000,27000,27000,27000,27000,27000,27000,21,0,1400,8527.957150422684,139.29898515856993,27494.44885016419,42.666666666666664
1790156833,8,POST,completion,0.100000,0.000000,27000,27000,27000,27000,27000,27000,27000,27000,27000,27000,27000,7,0,24000,23491.661262332596,19168.156929081306,27494.44885016419,128.0
1790156833,8,TPOT,completion,0.100000,0.000000,190,190,210,210,210,210,210,210,210,210,210,7,0,180,169.83643705858165,139.29898515856993,205.44587639270455,0.0
1790156833,8,TTFT,completion,0.100000,0.000000,2700,2700,3700,3700,3700,3700,3700,3700,3700,3700,3700,7,0,1400,1922.3737518768758,1356.1631450429559,3744.1569638904184,0.0
1790156833,8,,Aggregated,0.300000,0.000000,2700,3700,26000,26000,27000,27000,27000,27000,27000,27000,27000,21,0,1400,8527.957150422684,139.29898515856993,27494.44885016419,42.666666666666664
1790156834,8,POST,completion,0.100000,0.000000,27000,27000,27000,27000,27000,27000,27000,27000,27000,27000,27000,7,0,24000,23491.661262332596,19168.156929081306,27494.44885016419,128.0
1790156834,8,TPOT,completion,0.100000,0.000000,190,190,210,210,210,210,210,210,210,210,210,7,0,180,169.83643705858165,139.29898515856993,205.44587639270455,0.0
1790156834,8,TTFT,completion,0.100000,0.000000,2700,2700,3700,3700,3700,3700,3700,3700,3700,3700,3700,7,0,1400,1922.3737518768758,1356.1631450429559,3744.1569638904184,0.0
1790156834,8,,Aggregated,0.300000,0.000000,2700,3700,26000,26000,27000,27000,27000,27000,27000,27000,27000,21,0,1400,8527.957150422684,139.29898515856993,27494.44885016419,42.666666666666664
1790156835,8,POST,completion,0.100000,0.000000,27000,27000,27000,27000,27000,27000,27000,27000,27000,27000,27000,7,0,24000,23491.661262332596,19168.156929081306,27494.44885016419,128.0
1790156835,8,TPOT,completion,0.100000,0.000000,190,190,210,210,210,210,210,210,210,210,210,7,0,180,169.83643705858165,139.29898515856993,205.44587639270455,0.0
1790156835,8,TTFT,completion,0.100000,0.000000,2700,2700,3700,3700,3700,3700,3700,3700,3700,3700,3700,7,0,1400,1922.3737518768758,1356.1631450429559,3744.1569638904184,0.0
1790156835,8,,Aggregated,0.300000,0.000000,2700,3700,26000,27000,27000,27000,27000,27000,27000,27000,27000,21,0,1400,8527.957150422684,139.29898515856993,27494.44885016419,42.666666666666664
1790156836,8,POST,completion,0.100000,0.000000,27000,27000,27000,27000,27000,27000,27000,27000,27000,27000,27000,7,0,24000,23491.661262332596,19168.156929081306,27494.44885016419,128.0
1790156836,8,TPOT,completion,0.100000,0.000000,190,190,210,210,210,210,210,210,210,210,210,7,0,180,169.83643705858165,139.29898515856993,205.44587639270455,0.0
1790156836,8,TTFT,completion,0.100000,0.000000,2700,2700,3700,3700,3700,3700,3700,3700,3700,3700,3700,7,0,1400,1922.3737518768758,1356.1631450429559,3744.1569638904184,0.0
1790156836,8,,Aggregated,0.300000,0.000000,2700,3700,26000,27000,27000,27000,27000,27000,27000,27000,27000,21,0,1400,8527.957150422684,139.29898515856993,27494.44885016419,42.666666666666664
1790156837,8,POST,completion,0.100000,0.000000,27000,27000,27000,27000,27000,27000,27000,27000,27000,27000,27000,7,0,24000,23491.661262332596,19168.156929081306,27494.44885016419,128.0
1790156837,8,TPOT,completion,0.100000,0.000000,190,190,210,210,210,210,210,210,210,210,210,7,0,180,169.83643705858165,139.29898515856993,205.44587639270455,0.0
1790156837,8,TTFT,completion,0.100000,0.000000,2700,2700,3700,3700,3700,3700,3700,3700,3700,3700,3700,7,0,1400,1922.3737518768758,1356.1631450429559,3744.1569638904184,0.0
1790156837,8,,Aggregated,0.300000,0.000000,2700,3700,26000,27000,27000,27000,27000,27000,27000,27000,27000,21,0,1400,8527.957150422684,139.29898515856993,27494.44885016419,42.666666666666664
1790156838,8,POST,completion,0.100000,0.000000,27000,27000,27000,27000,27000,27000,27000,27000,27000,27000,27000,7,0,24000,23491.661262332596,19168.156929081306,27494.44885016419,128.0
1790156838,8,TPOT,completion,0.100000,0.000000,190,190,210,210,210,210,210,210,210,210,210,7,0,180,169.83643705858165,139.29898515856993,205.44587639270455,0.0
1790156838,8,TTFT,completion,0.100000,0.000000,2700,2700,3700,3700,3700,3700,3700,3700,3700,3700,3700,7,0,1400,1922.3737518768758,1356.1631450429559,3744.1569638904184,0.0
1790156838,8,,Aggregated,0.300000,0.000000,2700,3700,26000,27000,27000,27000,27000,27000,27000,27000,27000,21,0,1400,8527.957150422684,139.29898515856993,27494.44885016419,42.666666666666664
1790156839,8,POST,completion,0.100000,0.000000,27000,27000,27000,27000,27000,27000,27000,27000,27000,27000,27000,7,0,24000,23491.661262332596,19168.156929081306,27494.44885016419,128.0
1790156839,8,TPOT,completion,0.100000,0.000000,190,190,210,210,210,210,210,210,210,210,210,7,0,180,169.83643705858165,139.29898515856993,205.44587639270455,0.0
1790156839,8,TTFT,completion,0.100000,0.000000,2700,2700,3700,3700,3700,3700,3700,3700,3700,3700,3700,7,0,1400,1922.3737518768758,1356.1631450429559,3744.1569638904184,0.0
1790156839,8,,Aggregated,0.300000,0.000000,2700,3700,26000,27000,27000,27000,27000,27000,27000,27000,27000,21,0,1400,8527.957150422684,139.29898515856993,27494.44885016419,42.666666666666664
1790156840,8,POST,completion,0.300000,0.000000,27000,27000,28000,28000,28000,28000,28000,28000,28000,28000,28000,8,0,26000,24058.3398938179,19168.156929081306,28025.09031421505,128.0
1790156840,8,TPOT,completion,0.300000,0.000000,210,210,210,210,210,210,210,210,210,210,210,8,0,190,174.81674146760574,139.29898515856993,209.67887233077423,0.0
1790156840,8,TTFT,completion,0.300000,0.000000,2700,2700,3700,3700,3700,3700,3700,3700,3700,3700,3700,8,0,1400,1856.5546573954634,1356.1631450429559,3744.1569638904184,0.0
1790156840,8,,Aggregated,0.900000,0.000000,2700,3700,27000,27000,27000,28000,28000,28000,28000,28000,28000,24,0,1400,8696.570430893657,139.29898515856993,28025.09031421505,42.666666666666664
1790156841,8,POST,completion,0.300000,0.000000,27000,27000,28000,28000,28000,28000,28000,28000,28000,28000,28000,8,0,26000,24058.3398938179,19168.156929081306,28025.09031421505,128.0
1790156841,8,TPOT,completion,0.300000,0.000000,210,210,210,210,210,210,210,210,210,210,210,8,0,190,174.81674146760574,139.29898515856993,209.67887233077423,0.0
1790156841,8,TTFT,completion,0.300000,0.000000,2700,2700,3700,3700,3700,3700,3700,3700,3700,3700,3700,8,0,1400,1856.5546573954634,1356.1631450429559,3744.1569638904184,0.0
1790156841,8,,Aggregated,0.900000,0.000000,2700,3700,27000,27000,27000,28000,28000,28000,28000,28000,28000,24,0,1400,8696.570430893657,139.29898515856993,28025.09031421505,42.666666666666664
1790156842,8,POST,completion,0.300000,0.000000,27000,27000,28000,28000,28000,28000,28000,28000,28000,28000,28000,8,0,26000,24058.3398938179,19168.156929081306,28025.09031421505,128.0
1790156842,8,TPOT,completion,0.300000,0.000000,210,210,210,210,210,210,210,210,210,210,210,8,0,190,174.81674146760574,139.29898515856993,209.67887233077423,0.0
1790156842,8,TTFT,completion,0.300000,0.000000,2700,2700,3700,3700,3700,3700,3700,3700,3700,3700,3700,8,0,1400,1856.5546573954634,1356.1631450429559,3744.1569638904184,0.0
1790156842,8,,Aggregated,0.900000,0.000000,2700,3700,27000,27000,27000,28000,28000,28000,28000,28000,28000,24,0,1400,8696.570430893657,139.29898515856993,28025.09031421505,42.666666666666664
1790156843,8,POST,completion,0.300000,0.000000,27000,27000,28000,28000,28000,28000,28000,28000,28000,28000,28000,8,0,26000,24058.3398938179,19168.156929081306,28025.09031421505,128.0
1790156843,8,TPOT,completion,0.300000,0.000000,210,210,210,210,210,210,210,210,210,210,210,8,0,190,174.81674146760574,139.29898515856993,209.67887233077423,0.0
1790156843,8,TTFT,completion,0.300000,0.000000,2700,2700,3700,3700,3700,3700,3700,3700,3700,3700,3700,8,0,1400,1856.5546573954634,1356.1631450429559,3744.1569638904184,0.0
1790156843,8,,Aggregated,0.900000,0.000000,2700,3700,27000,27000,27000,28000,28000,28000,28000,28000,28000,24,0,1400,8696.570430893657,139.29898515856993,28025.09031421505,42.666666666666664
1790156844,8,POST,completion,0.300000,0.000000,27000,27000,28000,28000,28000,28000,28000,28000,28000,28000,28000,8,0,26000,24058.3398938179,19168.156929081306,28025.09031421505,128.0
1790156844,8,TPOT,completion,0.300000,0.000000,210,210,210,210,210,210,210,210,210,210,210,8,0,190,174.81674146760574,139.29898515856993,209.67887233077423,0.0
1790156844,8,TTFT,completion,0.300000,0.000000,2700,2700,3700,3700,3700,3700,3700,3700,3700,3700,3700,8,0,1400,1856.5546573954634,1356.1631450429559,3744.1569638904184,0.0
1790156844,8,,Aggregated,0.900000,0.000000,2700,3700,27000,27000,27000,28000,28000,28000,28000,28000,28000,24,0,1400,8696.570430893657,139.29898515856993,28025.09031421505,42.666666666666664
1790156845,8,POST,completion,0.300000,0.000000,28000,28000,28000,28000,28000,28000,28000,28000,28000,28000,28000,8,0,26000,24058.3398938179,19168.156929081306,28025.09031421505,128.0
1790156845,8,TPOT,completion,0.300000,0.000000,210,210,210,210,210,210,210,210,210,210,210,8,0,190,174.81674146760574,139.29898515856993,209.67887233077423,0.0
1790156845,8,TTFT,completion,0.300000,0.000000,1400,1400,1400,1400,1400,1400,1400,1400,1400,1400,1400,8,0,1400,1856.5546573954634,1356.1631450429559,3744.1569638904184,0.0
1790156845,8,,Aggregated,0.900000,0.000000,1400,1400,28000,28000,28000,28000,28000,28000,28000,28000,28000,24,0,1400,8696.570430893657,139.29898515856993,28025.09031421505,42.666666666666664
1790156846,8,POST,completion,0.300000,0.000000,28000,28000,28000,28000,28000,28000,28000,28000,28000,28000,28000,8,0,26000,24058.3398938179,19168.156929081306,28025.09031421505,128.0
1790156846,8,TPOT,completion,0.300000,0.000000,210,210,210,210,210,210,210,210,210,210,210,8,0,190,174.81674146760574,139.29898515856993,209.67887233077423,0.0
1790156846,8,TTFT,completion,0.300000,0.000000,1400,1400,1400,1400,1400,1400,1400,1400,1400,1400,1400,8,0,1400,1856.5546573954634,1356.1631450429559,3744.1569638904184,0.0
1790156846,8,,Aggregated,0.900000,0.000000,1400,1400,28000,28000,28000,28000,28000,28000,28000,28000,28000,24,0,1400,8696.570430893657,139.29898515856993,28025.09031421505,42.666666666666664
1790156847,8,POST,completion,0.100000,0.000000,29000,29000,29000,29000,29000,29000,29000,29000,29000,29000,29000,9,0,26000,24558.1084099443,19168.156929081306,28556.256538955495,128.0
1790156847,8,TPOT,completion,0.100000,0.000000,210,210,210,210,210,210,210,210,210,210,210,9,0,190,179.07310129743811,139.29898515856993,213.1239799360972,0.0
1790156847,8,TTFT,completion,0.100000,0.000000,1500,1500,1500,1500,1500,1500,1500,1500,1500,1500,1500,9,0,1400,1815.7660734529297,1356.1631450429559,3744.1569638904184,0.0
1790156847,8,,Aggregated,0.300000,0.000000,1500,1500,28000,28000,29000,29000,29000,29000,29000,29000,29000,27,0,1400,8850.982528231556,139.29898515856993,28556.256538955495,42.666666666666664
1790156848,8,POST,completion,0.100000,0.000000,27000,28000,28000,29000,29000,29000,29000,29000,29000,29000,29000,12,0,27000,25059.064444038086,19168.156929081306,28556.256538955495,128.0
1790156848,8,TPOT,completion,0.100000,0.000000,200,210,210,210,210,210,210,210,210,210,210,12,0,190,182.80740256581376,139.29898515856993,213.1239799360972,0.0
1790156848,8,TTFT,completion,0.100000,0.000000,1500,1800,1800,2400,2400,2400,2400,2400,2400,2400,2400,12,0,1500,1842.4695193340692,1356.1631450429559,3744.1569638904184,0.0
1790156848,8,,Aggregated,0.300000,0.000000,1500,2400,27000,27000,28000,29000,29000,29000,29000,29000,29000,36,0,1500,9028.113788645987,139.29898515856993,28556.256538955495,42.666666666666664
1790156849,8,POST,completion,0.100000,0.000000,27000,28000,28000,29000,29000,29000,29000,29000,29000,29000,29000,12,0,27000,25059.064444038086,19168.156929081306,28556.256538955495,128.0
1790156849,8,TPOT,completion,0.100000,0.000000,200,210,210,210,210,210,210,210,210,210,210,12,0,190,182.80740256581376,139.29898515856993,213.1239799360972,0.0
1790156849,8,TTFT,completion,0.100000,0.000000,1500,1800,1800,2400,2400,2400,2400,2400,2400,2400,2400,12,0,1500,1842.4695193340692,1356.1631450429559,3744.1569638904184,0.0
1790156849,8,,Aggregated,0.300000,0.000000,1500,2400,27000,27000,28000,29000,29000,29000,29000,29000,29000,36,0,1500,9028.113788645987,139.29898515856993,28556.256538955495,42.666666666666664
1790156850,8,POST,completion,0.100000,0.000000,27000,28000,28000,29000,29000,29000,29000,29000,29000,29000,29000,12,0,27000,25059.064444038086,19168.156929081306,28556.256538955495,128.0
1790156850,8,TPOT,completion,0.100000,0.000000,200,210,210,210,210,210,210,210,210,210,210,12,0,190,182.80740256581376,139.29898515856993,213.1239799360972,0.0
1790156850,8,TTFT,completion,0.100000,0.000000,1500,1800,1800,2400,2400,2400,2400,2400,2400,2400,2400,12,0,1500,1842.4695193340692,1356.1631450429559,3744.1569638904184,0.0
1790156850,8,,Aggregated,0.300000,0.000000,1500,2400,27000,27000,28000,29000,29000,29000,29000,29000,29000,36,0,1500,9028.113788645987,139.29898515856993,28556.256538955495,42.666666666666664
1790156851,8,POST,completion,0.100000,0.000000,27000,28000,28000,29000,29000,29000,29000,29000,29000,29000,29000,12,0,27000,25059.064444038086,19168.156929081306,28556.256538955495,128.0
1790156851,8,TPOT,completion,0.100000,0.000000,200,210,210,210,210,210,210,210,210,210,210,12,0,190,182.80740256581376,139.29898515856993,213.1239799360972,0.0
1790156851,8,TTFT,completion,0.100000,0.000000,1500,1800,1800,2400,2400,2400,2400,2400,2400,2400,2400,12,0,1500,1842.4695193340692,1356.1631450429559,3744.1569638904184,0.0
1790156851,8,,Aggregated,0.300000,0.000000,1500,2400,27000,27000,28000,29000,29000,29000,29000,29000,29000,36,0,1500,9028.113788645987,139.29898515856993,28556.256538955495,42.666666666666664
1790156852,8,POST,completion,0.100000,0.000000,27000,28000,28000,29000,29000,29000,29000,29000,29000,29000,29000,12,0,27000,25059.064444038086,19168.156929081306,28556.256538955495,128.0
1790156852,8,TPOT,completion,0.100000,0.000000,200,210,210,210,210,210,210,210,210,210,210,12,0,190,182.80740256581376,139.29898515856993,213.1239799360972,0.0
1790156852,8,TTFT,completion,0.100000,0.000000,1500,1800,1800,2400,2400,2400,2400,2400,2400,2400,2400,12,0,1500,1842.4695193340692,1356.1631450429559,3744.1569638904184,0.0
1790156852,8,,Aggregated,0.300000,0.000000,1500,2400,27000,27000,28000,29000,29000,29000,29000,29000,29000,36,0,1500,9028.113788645987,139.29898515856993,28556.256538955495,42.666666666666664
1790156853,8,POST,completion,0.100000,0.000000,27000,27000,29000,29000,29000,29000,29000,29000,29000,29000,29000,12,0,27000,25059.064444038086,19168.156929081306,28556.256538955495,128.0
1790156853,8,TPOT,completion,0.100000,0.000000,200,200,210,210,210,210,210,210,210,210,210,12,0,190,182.80740256581376,139.29898515856993,213.1239799360972,0.0
1790156853,8,TTFT,completion,0.100000,0.000000,1800,1800,2400,2400,2400,2400,2400,2400,2400,2400,2400,12,0,1500,1842.4695193340692,1356.1631450429559,3744.1569638904184,0.0
1790156853,8,,Aggregated,0.300000,0.000000,1800,2400,27000,27000,27000,29000,29000,29000,29000,29000,29000,36,0,1500,9028.113788645987,139.29898515856993,28556.256538955495,42.666666666666664
1790156854,8,POST,completion,0.400000,0.000000,25000,27000,27000,27000,29000,29000,29000,29000,29000,29000,29000,15,0,25000,24692.158426375438,19168.156929081306,28556.256538955495,128.0
1790156854,8,TPOT,completion,0.400000,0.000000,180,190,200,200,210,210,210,210,210,210,210,15,0,180,177.84617050731765,139.29898515856993,213.1239799360972,0.0
1790156854,8,TTFT,completion,0.400000,0.000000,1800,2400,4000,4000,4000,4000,4000,4000,4000,4000,4000,15,0,1500,2105.641414411366,1356.1631450429559,3979.0730359964073,0.0
1790156854,8,,Aggregated,1.200000,0.000000,1800,4000,23000,23000,27000,27000,29000,29000,29000,29000,29000,45,0,1500,8991.882003764706,139.29898515856993,28556.256538955495,42.666666666666664
1790156856,8,POST,completion,0.400000,0.000000,25000,27000,27000,27000,29000,29000,29000,29000,29000,29000,29000,15,0,25000,24692.158426375438,19168.156929081306,28556.256538955495,128.0
1790156856,8,TPOT,completion,0.400000,0.000000,180,190,200,200,210,210,210,210,210,210,210,15,0,180,177.84617050731765,139.29898515856993,213.1239799360972,0.0
1790156856,8,TTFT,completion,0.400000,0.000000,1800,2400,4000,4000,4000,4000,4000,4000,4000,4000,4000,15,0,1500,2105.641414411366,1356.1631450429559,3979.0730359964073,0.0
1790156856,8,,Aggregated,1.200000,0.000000,1800,4000,23000,23000,27000,27000,29000,29000,29000,29000,29000,45,0,1500,8991.882003764706,139.29898515856993,28556.256538955495,42.666666666666664
1790156857,8,POST,completion,0.400000,0.000000,25000,25000,27000,27000,27000,27000,27000,27000,27000,27000,27000,15,0,25000,24692.158426375438,19168.156929081306,28556.256538955495,128.0
1790156857,8,TPOT,completion,0.400000,0.000000,180,180,190,190,200,200,200,200,200,200,200,15,0,180,177.84617050731765,139.29898515856993,213.1239799360972,0.0
1790156857,8,TTFT,completion,0.400000,0.000000,2400,2400,4000,4000,4000,4000,4000,4000,4000,4000,4000,15,0,1500,2105.641414411366,1356.1631450429559,3979.0730359964073,0.0
1790156857,8,,Aggregated,1.200000,0.000000,2400,4000,23000,23000,27000,27000,27000,27000,27000,27000,27000,45,0,1500,8991.882003764706,139.29898515856993,28556.256538955495,42.666666666666664
1790156858,8,POST,completion,0.400000,0.000000,25000,25000,27000,27000,27000,27000,27000,27000,27000,27000,27000,15,0,25000,24692.158426375438,19168.156929081306,28556.256538955495,128.0
1790156858,8,TPOT,completion,0.400000,0.000000,180,180,190,190,200,200,200,200,200,200,200,15,0,180,177.84617050731765,139.29898515856993,213.1239799360972,0.0
1790156858,8,TTFT,completion,0.400000,0.000000,2400,2400,4000,4000,4000,4000,4000,4000,4000,4000,4000,15,0,1500,2105.641414411366,1356.1631450429559,3979.0730359964073,0.0
1790156858,8,,Aggregated,1.200000,0.000000,2400,4000,23000,23000,27000,27000,27000,27000,27000,27000,27000,45,0,1500,8991.882003764706,139.29898515856993,28556.256538955495,42.666666666666664
1790156859,8,POST,completion,0.400000,0.000000,25000,25000,27000,27000,27000,27000,27000,27000,27000,27000,27000,15,0,25000,24692.158426375438,19168.156929081306,28556.256538955495,128.0
1790156859,8,TPOT,completion,0.400000,0.000000,180,180,190,190,200,200,200,200,200,200,200,15,0,180,177.84617050731765,139.29898515856993,213.1239799360972,0.0
1790156859,8,TTFT,completion,0.400000,0.000000,2400,2400,4000,4000,4000,4000,4000,4000,4000,4000,4000,15,0,1500,2105.641414411366,1356.1631450429559,3979.0730359964073,0.0
1790156859,8,,Aggregated,1.200000,0.000000,2400,4000,23000,23000,27000,27000,27000,27000,27000,27000,27000,45,0,1500,8991.882003764706,139.29898515856993,28556.256538955495,42.666666666666664
1790156860,8,POST,completion,0.700000,0.000000,23000,25000,27000,27000,27000,27000,27000,27000,27000,27000,27000,16,0,25000,24313.88526840601,18639.787898864597,28556.256538955495,128.0
1790156860,8,TPOT,completion,0.700000,0.000000,170,180,190,190,200,200,200,200,200,200,200,16,0,180,175.15650090766525,134.81145691287915,213.1239799360972,0.0
1790156860,8,TTFT,completion,0.700000,0.000000,1800,2400,4000,4000,4000,4000,4000,4000,4000,4000,4000,16,0,1500,2068.9561368199065,1356.1631450429559,3979.0730359964073,0.0
1790156860,8,,Aggregated,2.100000,0.000000,1800,4000,23000,23000,25000,27000,27000,27000,27000,27000,27000,48,0,1500,8852.665968711193,134.81145691287915,28556.256538955495,42.666666666666664
1790156861,8,POST,completion,0.700000,0.000000,23000,23000,23000,23000,23000,23000,23000,23000,23000,23000,23000,16,0,25000,24313.88526840601,18639.787898864597,28556.256538955495,128.0
1790156861,8,TPOT,completion,0.700000,0.000000,150,150,170,170,170,170,170,170,170,170,170,16,0,180,175.15650090766525,134.81145691287915,213.1239799360972,0.0
1790156861,8,TTFT,completion,0.700000,0.000000,4000,4000,4000,4000,4000,4000,4000,4000,4000,4000,4000,16,0,1500,2068.9561368199065,1356.1631450429559,3979.0730359964073,0.0
1790156861,8,,Aggregated,2.100000,0.000000,4000,4000,23000,23000,23000,23000,23000,23000,23000,23000,23000,48,0,1500,8852.665968711193,134.81145691287915,28556.256538955495,42.666666666666664
1790156862,8,POST,completion,0.700000,0.000000,23000,23000,23000,23000,23000,23000,23000,23000,23000,23000,23000,16,0,25000,24313.88526840601,18639.787898864597,28556.256538955495,128.0
1790156862,8,TPOT,completion,0.700000,0.000000,150,150,170,170,170,170,170,170,170,170,170,16,0,180,175.15650090766525,134.81145691287915,213.1239799360972,0.0
1790156862,8,TTFT,completion,0.700000,0.000000,4000,4000,4000,4000,4000,4000,4000,4000,4000,4000,4000,16,0,1500,2068.9561368199065,1356.1631450429559,3979.0730359964073,0.0
1790156862,8,,Aggregated,2.100000,0.000000,4000,4000,23000,23000,23000,23000,23000,23000,23000,23000,23000,48,0,1500,8852.665968711193,134.81145691287915,28556.256538955495,42.666666666666664
1790156863,8,POST,completion,0.700000,0.000000,23000,23000,23000,23000,23000,23000,23000,23000,23000,23000,23000,16,0,25000,24313.88526840601,18639.787898864597,28556.256538955495,128.0
1790156863,8,TPOT,completion,0.700000,0.000000,150,150,170,170,170,170,170,170,170,170,170,16,0,180,175.15650090766525,134.81145691287915,213.1239799360972,0.0
1790156863,8,TTFT,completion,0.700000,0.000000,4000,4000,4000,4000,4000,4000,4000,4000,4000,4000,4000,16,0,1500,2068.9561368199065,1356.1631450429559,3979.0730359964073,0.0
1790156863,8,,Aggregated,2.100000,0.000000,4000,4000,23000,23000,23000,23000,23000,23000,23000,23000,23000,48,0,1500,8852.665968711193,134.81145691287915,28556.256538955495,42.666666666666664
1790156864,8,POST,completion,0.700000,0.000000,23000,23000,23000,23000,23000,23000,23000,23000,23000,23000,23000,16,0,25000,24313.88526840601,18639.787898864597,28556.256538955495,128.0
1790156864,8,TPOT,completion,0.700000,0.000000,150,150,170,170,170,170,170,170,170,170,170,16,0,180,175.15650090766525,134.81145691287915,213.1239799360972,0.0
1790156864,8,TTFT,completion,0.700000,0.000000,4000,4000,4000,4000,4000,4000,4000,4000,4000,4000,4000,16,0,1500,2068.9561368199065,1356.1631450429559,3979.0730359964073,0.0
1790156864,8,,Aggregated,2.100000,0.000000,4000,4000,23000,23000,23000,23000,23000,23000,23000,23000,23000,48,0,1500,8852.665968711193,134.81145691287915,28556.256538955495,42.666666666666664
1790156865,8,POST,completion,0.700000,0.000000,23000,23000,23000,23000,23000,23000,23000,23000,23000,23000,23000,16,0,25000,24313.88526840601,18639.787898864597,28556.256538955495,128.0
1790156865,8,TPOT,completion,0.700000,0.000000,150,150,170,170,170,170,170,170,170,170,170,16,0,180,175.15650090766525,134.81145691287915,213.1239799360972,0.0
1790156865,8,TTFT,completion,0.700000,0.000000,4000,4000,4000,4000,4000,4000,4000,4000,4000,4000,4000,16,0,1500,2068.9561368199065,1356.1631450429559,3979.0730359964073,0.0
1790156865,8,,Aggregated,2.100000,0.000000,4000,4000,23000,23000,23000,23000,23000,23000,23000,23000,23000,48,0,1500,8852.665968711193,134.81145691287915,28556.256538955495,42.666666666666664
1790156866,8,POST,completion,0.700000,0.000000,19000,19000,19000,19000,19000,19000,19000,19000,19000,19000,19000,16,0,25000,24313.88526840601,18639.787898864597,28556.256538955495,128.0
1790156866,8,TPOT,completion,0.700000,0.000000,130,130,130,130,130,130,130,130,130,130,130,16,0,180,175.15650090766525,134.81145691287915,213.1239799360972,0.0
1790156866,8,TTFT,completion,0.700000,0.000000,1500,1500,1500,1500,1500,1500,1500,1500,1500,1500,1500,16,0,1500,2068.9561368199065,1356.1631450429559,3979.0730359964073,0.0
1790156866,8,,Aggregated,2.100000,0.000000,1500,1500,19000,19000,19000,19000,19000,19000,19000,19000,19000,48,0,1500,8852.665968711193,134.81145691287915,28556.256538955495,42.666666666666664
1790156867,8,POST,completion,0.700000,0.000000,19000,19000,19000,19000,19000,19000,19000,19000,19000,19000,19000,16,0,25000,24313.88526840601,18639.787898864597,28556.256538955495,128.0
1790156867,8,TPOT,completion,0.700000,0.000000,130,130,130,130,130,130,130,130,130,130,130,16,0,180,175.15650090766525,134.81145691287915,213.1239799360972,0.0
1790156867,8,TTFT,completion,0.700000,0.000000,1500,1500,1500,1500,1500,1500,1500,1500,1500,1500,1500,16,0,1500,2068.9561368199065,1356.1631450429559,3979.0730359964073,0.0
1790156867,8,,Aggregated,2.100000,0.000000,1500,1500,19000,19000,19000,19000,19000,19000,19000,19000,19000,48,0,1500,8852.665968711193,134.81145691287915,28556.256538955495,42.666666666666664
1790156868,8,POST,completion,0.700000,0.000000,19000,19000,19000,19000,19000,19000,19000,19000,19000,19000,19000,16,0,25000,24313.88526840601,18639.787898864597,28556.256538955495,128.0
1790156868,8,TPOT,completion,0.700000,0.000000,130,130,130,130,130,130,130,130,130,130,130,16,0,180,175.15650090766525,134.81145691287915,213.1239799360972,0.0
1790156868,8,TTFT,completion,0.700000,0.000000,1500,1500,1500,1500,1500,1500,1500,1500,1500,1500,1500,16,0,1500,2068.9561368199065,1356.1631450429559,3979.0730359964073,0.0
1790156868,8,,Aggregated,2.100000,0.000000,1500,1500,19000,19000,19000,19000,19000,19000,19000,19000,19000,48,0,1500,8852.665968711193,134.81145691287915,28556.256538955495,42.666666666666664
1790156869,8,POST,completion,0.700000,0.000000,19000,19000,19000,19000,19000,19000,19000,19000,19000,19000,19000,16,0,25000,24313.88526840601,18639.787898864597,28556.256538955495,128.0
1790156869,8,TPOT,completion,0.700000,0.000000,130,130,130,130,130,130,130,130,130,130,130,16,0,180,175.15650090766525,134.81145691287915,213.1239799360972,0.0
1790156869,8,TTFT,completion,0.700000,0.000000,1500,1500,1500,1500,1500,1500,1500,1500,1500,1500,1500,16,0,1500,2068.9561368199065,1356.1631450429559,3979.0730359964073,0.0
1790156869,8,,Aggregated,2.100000,0.000000,1500,1500,19000,19000,19000,19000,19000,19000,19000,19000,19000,48,0,1500,8852.665968711193,134.81145691287915,28556.256538955495,42.666666666666664
1790156870,8,POST,completion,0.700000,0.000000,19000,19000,19000,19000,19000,19000,19000,19000,19000,19000,19000,16,0,25000,24313.88526840601,18639.787898864597,28556.256538955495,128.0
1790156870,8,TPOT,completion,0.700000,0.000000,130,130,130,130,130,130,130,130,130,130,130,16,0,180,175.15650090766525,134.81145691287915,213.1239799360972,0.0
1790156870,8,TTFT,completion,0.700000,0.000000,1500,1500,1500,1500,1500,1500,1500,1500,1500,1500,1500,16,0,1500,2068.9561368199065,1356.1631450429559,3979.0730359964073,0.0
1790156870,8,,Aggregated,2.100000,0.000000,1500,1500,19000,19000,19000,19000,19000,19000,19000,19000,19000,48,0,1500,8852.665968711193,134.81145691287915,28556.256538955495,42.666666666666664
1790156871,8,POST,completion,0.700000,0.000000,19000,19000,19000,19000,19000,19000,19000,19000,19000,19000,19000,16,0,25000,24313.88526840601,18639.787898864597,28556.256538955495,128.0
1790156871,8,TPOT,completion,0.700000,0.000000,130,130,130,130,130,130,130,130,130,130,130,16,0,180,175.15650090766525,134.81145691287915,213.1239799360972,0.0
1790156871,8,TTFT,completion,0.700000,0.000000,1500,1500,1500,1500,1500,1500,1500,1500,1500,1500,1500,16,0,1500,2068.9561368199065,1356.1631450429559,3979.0730359964073,0.0
1790156871,8,,Aggregated,2.100000,0.000000,1500,1500,19000,19000,19000,19000,19000,19000,19000,19000,19000,48,0,1500,8852.665968711193,134.81145691287915,28556.256538955495,42.666666666666664
1790156872,8,POST,completion,0.700000,0.000000,19000,19000,19000,19000,19000,19000,19000,19000,19000,19000,19000,16,0,25000,24313.88526840601,18639.787898864597,28556.256538955495,128.0
1790156872,8,TPOT,completion,0.700000,0.000000,130,130,130,130,130,130,130,130,130,130,130,16,0,180,175.15650090766525,134.81145691287915,213.1239799360972,0.0
1790156872,8,TTFT,completion,0.700000,0.000000,1500,1500,1500,1500,1500,1500,1500,1500,1500,1500,1500,16,0,1500,2068.9561368199065,1356.1631450429559,3979.0730359964073,0.0
1790156872,8,,Aggregated,2.100000,0.000000,1500,1500,19000,19000,19000,19000,19000,19000,19000,19000,19000,48,0,1500,8852.665968711193,134.81145691287915,28556.256538955495,42.666666666666664
1790156873,8,POST,completion,0.700000,0.000000,19000,19000,19000,19000,19000,19000,19000,19000,19000,19000,19000,16,0,25000,24313.88526840601,18639.787898864597,28556.256538955495,128.0
1790156873,8,TPOT,completion,0.700000,0.000000,130,130,130,130,130,130,130,130,130,130,130,16,0,180,175.15650090766525,134.81145691287915,213.1239799360972,0.0
1790156873,8,TTFT,completion,0.700000,0.000000,1500,1500,1500,1500,1500,1500,1500,1500,1500,1500,1500,16,0,1500,2068.9561368199065,1356.1631450429559,3979.0730359964073,0.0
1790156873,8,,Aggregated,2.100000,0.000000,1500,1500,19000,19000,19000,19000,19000,19000,19000,19000,19000,48,0,1500,8852.665968711193,134.81145691287915,28556.256538955495,42.666666666666664
1790156874,8,POST,completion,0.700000,0.000000,19000,19000,19000,19000,19000,19000,19000,19000,19000,19000,19000,16,0,25000,24313.88526840601,18639.787898864597,28556.256538955495,128.0
1790156874,8,TPOT,completion,0.700000,0.000000,130,130,130,130,130,130,130,130,130,130,130,16,0,180,175.15650090766525,134.81145691287915,213.1239799360972,0.0
1790156874,8,TTFT,completion,0.700000,0.000000,1500,1500,1500,1500,1500,1500,1500,1500,1500,1500,1500,16,0,1500,2068.9561368199065,1356.1631450429559,3979.0730359964073,0.0
1790156874,8,,Aggregated,2.100000,0.000000,1500,1500,19000,19000,19000,19000,19000,19000,19000,19000,19000,48,0,1500,8852.665968711193,134.81145691287915,28556.256538955495,42.666666666666664
1790156875,8,POST,completion,0.700000,0.000000,19000,19000,19000,19000,19000,19000,19000,19000,19000,19000,19000,16,0,25000,24313.88526840601,18639.787898864597,28556.256538955495,128.0
1790156875,8,TPOT,completion,0.700000,0.000000,130,130,130,130,130,130,130,130,130,130,130,16,0,180,175.15650090766525,134.81145691287915,213.1239799360972,0.0
1790156875,8,TTFT,completion,0.700000,0.000000,1500,1500,1500,1500,1500,1500,1500,1500,1500,1500,1500,16,0,1500,2068.9561368199065,1356.1631450429559,3979.0730359964073,0.0
1790156875,8,,Aggregated,2.100000,0.000000,1500,1500,19000,19000,19000,19000,19000,19000,19000,19000,19000,48,0,1500,8852.665968711193,134.81145691287915,28556.256538955495,42.666666666666664
1790156876,8,POST,completion,0.700000,0.000000,19000,19000,19000,19000,19000,19000,19000,19000,19000,19000,19000,16,0,25000,24313.88526840601,18639.787898864597,28556.256538955495,128.0
1790156876,8,TPOT,completion,0.700000,0.000000,130,130,130,130,130,130,130,130,130,130,130,16,0,180,175.15650090766525,134.81145691287915,213.1239799360972,0.0
1790156876,8,TTFT,completion,0.700000,0.000000,1500,1500,1500,1500,1500,1500,1500,1500,1500,1500,1500,16,0,1500,2068.9561368199065,1356.1631450429559,3979.0730359964073,0.0
1790156876,8,,Aggregated,2.100000,0.000000,1500,1500,19000,19000,19000,19000,19000,19000,19000,19000,19000,48,0,1500,8852.665968711193,134.81145691287915,28556.256538955495,42.666666666666664
1790156877,8,POST,completion,0.700000,0.000000,0,0,0,0,0,0,0,0,0,0,0,16,0,25000,24313.88526840601,18639.787898864597,28556.256538955495,128.0
1790156877,8,TPOT,completion,0.700000,0.000000,0,0,0,0,0,0,0,0,0,0,0,16,0,180,175.15650090766525,134.81145691287915,213.1239799360972,0.0
1790156877,8,TTFT,completion,0.700000,0.000000,0,0,0,0,0,0,0,0,0,0,0,16,0,1500,2068.9561368199065,1356.1631450429559,3979.0730359964073,0.0
1790156877,8,,Aggregated,2.100000,0.000000,0,0,0,0,0,0,0,0,0,0,0,48,0,1500,8852.665968711193,134.81145691287915,28556.256538955495,42.666666666666664
1790156878,8,POST,completion,0.700000,0.000000,0,0,0,0,0,0,0,0,0,0,0,16,0,25000,24313.88526840601,18639.787898864597,28556.256538955495,128.0
1790156878,8,TPOT,completion,0.700000,0.000000,0,0,0,0,0,0,0,0,0,0,0,16,0,180,175.15650090766525,134.81145691287915,213.1239799360972,0.0
1790156878,8,TTFT,completion,0.700000,0.000000,0,0,0,0,0,0,0,0,0,0,0,16,0,1500,2068.9561368199065,1356.1631450429559,3979.0730359964073,0.0
1790156878,8,,Aggregated,2.100000,0.000000,0,0,0,0,0,0,0,0,0,0,0,48,0,1500,8852.665968711193,134.81145691287915,28556.256538955495,42.666666666666664
1790156879,8,POST,completion,0.700000,0.000000,0,0,0,0,0,0,0,0,0,0,0,16,0,25000,24313.88526840601,18639.787898864597,28556.256538955495,128.0
1790156879,8,TPOT,completion,0.700000,0.000000,0,0,0,0,0,0,0,0,0,0,0,16,0,180,175.15650090766525,134.81145691287915,213.1239799360972,0.0
1790156879,8,TTFT,completion,0.700000,0.000000,0,0,0,0,0,0,0,0,0,0,0,16,0,1500,2068.9561368199065,1356.1631450429559,3979.0730359964073,0.0
1790156879,8,,Aggregated,2.100000,0.000000,0,0,0,0,0,0,0,0,0,0,0,48,0,1500,8852.665968711193,134.81145691287915,28556.256538955495,42.666666666666664
1790156880,8,POST,completion,0.700000,0.000000,0,0,0,0,0,0,0,0,0,0,0,16,0,25000,24313.88526840601,18639.787898864597,28556.256538955495,128.0
1790156880,8,TPOT,completion,0.700000,0.000000,0,0,0,0,0,0,0,0,0,0,0,16,0,180,175.15650090766525,134.81145691287915,213.1239799360972,0.0
1790156880,8,TTFT,completion,0.700000,0.000000,0,0,0,0,0,0,0,0,0,0,0,16,0,1500,2068.9561368199065,1356.1631450429559,3979.0730359964073,0.0
1790156880,8,,Aggregated,2.100000,0.000000,0,0,0,0,0,0,0,0,0,0,0,48,0,1500,8852.665968711193,134.81145691287915,28556.256538955495,42.666666666666664
1790156881,8,POST,completion,0.700000,0.000000,0,0,0,0,0,0,0,0,0,0,0,16,0,25000,24313.88526840601,18639.787898864597,28556.256538955495,128.0
1790156881,8,TPOT,completion,0.700000,0.000000,0,0,0,0,0,0,0,0,0,0,0,16,0,180,175.15650090766525,134.81145691287915,213.1239799360972,0.0
1790156881,8,TTFT,completion,0.700000,0.000000,0,0,0,0,0,0,0,0,0,0,0,16,0,1500,2068.9561368199065,1356.1631450429559,3979.0730359964073,0.0
1790156881,8,,Aggregated,2.100000,0.000000,0,0,0,0,0,0,0,0,0,0,0,48,0,1500,8852.665968711193,134.81145691287915,28556.256538955495,42.666666666666664
1790156882,8,POST,completion,0.700000,0.000000,0,0,0,0,0,0,0,0,0,0,0,16,0,25000,24313.88526840601,18639.787898864597,28556.256538955495,128.0
1790156882,8,TPOT,completion,0.700000,0.000000,0,0,0,0,0,0,0,0,0,0,0,16,0,180,175.15650090766525,134.81145691287915,213.1239799360972,0.0
1790156882,8,TTFT,completion,0.700000,0.000000,0,0,0,0,0,0,0,0,0,0,0,16,0,1500,2068.9561368199065,1356.1631450429559,3979.0730359964073,0.0
1790156882,8,,Aggregated,2.100000,0.000000,0,0,0,0,0,0,0,0,0,0,0,48,0,1500,8852.665968711193,134.81145691287915,28556.256538955495,42.666666666666664
1790156883,8,POST,completion,0.700000,0.000000,0,0,0,0,0,0,0,0,0,0,0,16,0,25000,24313.88526840601,18639.787898864597,28556.256538955495,128.0
1790156883,8,TPOT,completion,0.700000,0.000000,0,0,0,0,0,0,0,0,0,0,0,16,0,180,175.15650090766525,134.81145691287915,213.1239799360972,0.0
1790156883,8,TTFT,completion,0.700000,0.000000,0,0,0,0,0,0,0,0,0,0,0,16,0,1500,2068.9561368199065,1356.1631450429559,3979.0730359964073,0.0
1790156883,8,,Aggregated,2.100000,0.000000,0,0,0,0,0,0,0,0,0,0,0,48,0,1500,8852.665968711193,134.81145691287915,28556.256538955495,42.666666666666664
1790156884,8,POST,completion,0.700000,0.000000,0,0,0,0,0,0,0,0,0,0,0,16,0,25000,24313.88526840601,18639.787898864597,28556.256538955495,128.0
1790156884,8,TPOT,completion,0.700000,0.000000,0,0,0,0,0,0,0,0,0,0,0,16,0,180,175.15650090766525,134.81145691287915,213.1239799360972,0.0
1790156884,8,TTFT,completion,0.700000,0.000000,0,0,0,0,0,0,0,0,0,0,0,16,0,1500,2068.9561368199065,1356.1631450429559,3979.0730359964073,0.0
1790156884,8,,Aggregated,2.100000,0.000000,0,0,0,0,0,0,0,0,0,0,0,48,0,1500,8852.665968711193,134.81145691287915,28556.256538955495,42.666666666666664
1790156885,8,POST,completion,0.700000,0.000000,0,0,0,0,0,0,0,0,0,0,0,16,0,25000,24313.88526840601,18639.787898864597,28556.256538955495,128.0
1790156885,8,TPOT,completion,0.700000,0.000000,0,0,0,0,0,0,0,0,0,0,0,16,0,180,175.15650090766525,134.81145691287915,213.1239799360972,0.0
1790156885,8,TTFT,completion,0.700000,0.000000,0,0,0,0,0,0,0,0,0,0,0,16,0,1500,2068.9561368199065,1356.1631450429559,3979.0730359964073,0.0
1790156885,8,,Aggregated,2.100000,0.000000,0,0,0,0,0,0,0,0,0,0,0,48,0,1500,8852.665968711193,134.81145691287915,28556.256538955495,42.666666666666664
1790156886,8,POST,completion,0.700000,0.000000,0,0,0,0,0,0,0,0,0,0,0,16,0,25000,24313.88526840601,18639.787898864597,28556.256538955495,128.0
1790156886,8,TPOT,completion,0.700000,0.000000,0,0,0,0,0,0,0,0,0,0,0,16,0,180,175.15650090766525,134.81145691287915,213.1239799360972,0.0
1790156886,8,TTFT,completion,0.700000,0.000000,0,0,0,0,0,0,0,0,0,0,0,16,0,1500,2068.9561368199065,1356.1631450429559,3979.0730359964073,0.0
1790156886,8,,Aggregated,2.100000,0.000000,0,0,0,0,0,0,0,0,0,0,0,48,0,1500,8852.665968711193,134.81145691287915,28556.256538955495,42.666666666666664
1790156887,8,POST,completion,0.700000,0.000000,0,0,0,0,0,0,0,0,0,0,0,16,0,25000,24313.88526840601,18639.787898864597,28556.256538955495,128.0
1790156887,8,TPOT,completion,0.700000,0.000000,0,0,0,0,0,0,0,0,0,0,0,16,0,180,175.15650090766525,134.81145691287915,213.1239799360972,0.0
1790156887,8,TTFT,completion,0.700000,0.000000,0,0,0,0,0,0,0,0,0,0,0,16,0,1500,2068.9561368199065,1356.1631450429559,3979.0730359964073,0.0
1790156887,8,,Aggregated,2.100000,0.000000,0,0,0,0,0,0,0,0,0,0,0,48,0,1500,8852.665968711193,134.81145691287915,28556.256538955495,42.666666666666664
1790156888,8,POST,completion,0.700000,0.000000,0,0,0,0,0,0,0,0,0,0,0,16,0,25000,24313.88526840601,18639.787898864597,28556.256538955495,128.0
1790156888,8,TPOT,completion,0.700000,0.000000,0,0,0,0,0,0,0,0,0,0,0,16,0,180,175.15650090766525,134.81145691287915,213.1239799360972,0.0
1790156888,8,TTFT,completion,0.700000,0.000000,0,0,0,0,0,0,0,0,0,0,0,16,0,1500,2068.9561368199065,1356.1631450429559,3979.0730359964073,0.0
1790156888,8,,Aggregated,2.100000,0.000000,0,0,0,0,0,0,0,0,0,0,0,48,0,1500,8852.665968711193,134.81145691287915,28556.256538955495,42.666666666666664
1790156889,8,POST,completion,0.700000,0.000000,0,0,0,0,0,0,0,0,0,0,0,16,0,25000,24313.88526840601,18639.787898864597,28556.256538955495,128.0
1790156889,8,TPOT,completion,0.700000,0.000000,0,0,0,0,0,0,0,0,0,0,0,16,0,180,175.15650090766525,134.81145691287915,213.1239799360972,0.0
1790156889,8,TTFT,completion,0.700000,0.000000,0,0,0,0,0,0,0,0,0,0,0,16,0,1500,2068.9561368199065,1356.1631450429559,3979.0730359964073,0.0
1790156889,8,,Aggregated,2.100000,0.000000,0,0,0,0,0,0,0,0,0,0,0,48,0,1500,8852.665968711193,134.81145691287915,28556.256538955495,42.666666666666664
1790156890,8,POST,completion,0.700000,0.000000,0,0,0,0,0,0,0,0,0,0,0,16,0,25000,24313.88526840601,18639.787898864597,28556.256538955495,128.0
1790156890,8,TPOT,completion,0.700000,0.000000,0,0,0,0,0,0,0,0,0,0,0,16,0,180,175.15650090766525,134.81145691287915,213.1239799360972,0.0
1790156890,8,TTFT,completion,0.700000,0.000000,0,0,0,0,0,0,0,0,0,0,0,16,0,1500,2068.9561368199065,1356.1631450429559,3979.0730359964073,0.0
1790156890,8,,Aggregated,2.100000,0.000000,0,0,0,0,0,0,0,0,0,0,0,48,0,1500,8852.665968711193,134.81145691287915,28556.256538955495,42.666666666666664
1790156891,8,POST,completion,0.700000,0.000000,0,0,0,0,0,0,0,0,0,0,0,16,0,25000,24313.88526840601,18639.787898864597,28556.256538955495,128.0
1790156891,8,TPOT,completion,0.700000,0.000000,0,0,0,0,0,0,0,0,0,0,0,16,0,180,175.15650090766525,134.81145691287915,213.1239799360972,0.0
1790156891,8,TTFT,completion,0.700000,0.000000,0,0,0,0,0,0,0,0,0,0,0,16,0,1500,2068.9561368199065,1356.1631450429559,3979.0730359964073,0.0
1790156891,8,,Aggregated,2.100000,0.000000,0,0,0,0,0,0,0,0,0,0,0,48,0,1500,8852.665968711193,134.81145691287915,28556.256538955495,42.666666666666664
1790156892,8,POST,completion,0.700000,0.000000,0,0,0,0,0,0,0,0,0,0,0,16,0,25000,24313.88526840601,18639.787898864597,28556.256538955495,128.0
1790156892,8,TPOT,completion,0.700000,0.000000,0,0,0,0,0,0,0,0,0,0,0,16,0,180,175.15650090766525,134.81145691287915,213.1239799360972,0.0
1790156892,8,TTFT,completion,0.700000,0.000000,0,0,0,0,0,0,0,0,0,0,0,16,0,1500,2068.9561368199065,1356.1631450429559,3979.0730359964073,0.0
1790156892,8,,Aggregated,2.100000,0.000000,0,0,0,0,0,0,0,0,0,0,0,48,0,1500,8852.665968711193,134.81145691287915,28556.256538955495,42.666666666666664
1790156893,8,POST,completion,0.700000,0.000000,0,0,0,0,0,0,0,0,0,0,0,16,0,25000,24313.88526840601,18639.787898864597,28556.256538955495,128.0
1790156893,8,TPOT,completion,0.700000,0.000000,0,0,0,0,0,0,0,0,0,0,0,16,0,180,175.15650090766525,134.81145691287915,213.1239799360972,0.0
1790156893,8,TTFT,completion,0.700000,0.000000,0,0,0,0,0,0,0,0,0,0,0,16,0,1500,2068.9561368199065,1356.1631450429559,3979.0730359964073,0.0
1790156893,8,,Aggregated,2.100000,0.000000,0,0,0,0,0,0,0,0,0,0,0,48,0,1500,8852.665968711193,134.81145691287915,28556.256538955495,42.666666666666664
1790156894,8,POST,completion,0.700000,0.000000,0,0,0,0,0,0,0,0,0,0,0,16,0,25000,24313.88526840601,18639.787898864597,28556.256538955495,128.0
1790156894,8,TPOT,completion,0.700000,0.000000,0,0,0,0,0,0,0,0,0,0,0,16,0,180,175.15650090766525,134.81145691287915,213.1239799360972,0.0
1790156894,8,TTFT,completion,0.700000,0.000000,0,0,0,0,0,0,0,0,0,0,0,16,0,1500,2068.9561368199065,1356.1631450429559,3979.0730359964073,0.0
1790156894,8,,Aggregated,2.100000,0.000000,0,0,0,0,0,0,0,0,0,0,0,48,0,1500,8852.665968711193,134.81145691287915,28556.256538955495,42.666666666666664
1790156895,8,POST,completion,0.700000,0.000000,0,0,0,0,0,0,0,0,0,0,0,16,0,25000,24313.88526840601,18639.787898864597,28556.256538955495,128.0
1790156895,8,TPOT,completion,0.700000,0.000000,0,0,0,0,0,0,0,0,0,0,0,16,0,180,175.15650090766525,134.81145691287915,213.1239799360972,0.0
1790156895,8,TTFT,completion,0.700000,0.000000,0,0,0,0,0,0,0,0,0,0,0,16,0,1500,2068.9561368199065,1356.1631450429559,3979.0730359964073,0.0
1790156895,8,,Aggregated,2.100000,0.000000,0,0,0,0,0,0,0,0,0,0,0,48,0,1500,8852.665968711193,134.81145691287915,28556.256538955495,42.666666666666664
1790156896,8,POST,completion,0.700000,0.000000,0,0,0,0,0,0,0,0,0,0,0,16,0,25000,24313.88526840601,18639.787898864597,28556.256538955495,128.0
1790156896,8,TPOT,completion,0.700000,0.000000,0,0,0,0,0,0,0,0,0,0,0,16,0,180,175.15650090766525,134.81145691287915,213.1239799360972,0.0
1790156896,8,TTFT,completion,0.700000,0.000000,0,0,0,0,0,0,0,0,0,0,0,16,0,1500,2068.9561368199065,1356.1631450429559,3979.0730359964073,0.0
1790156896,8,,Aggregated,2.100000,0.000000,0,0,0,0,0,0,0,0,0,0,0,48,0,1500,8852.665968711193,134.81145691287915,28556.256538955495,42.666666666666664
1790156897,8,POST,completion,0.700000,0.000000,0,0,0,0,0,0,0,0,0,0,0,16,0,25000,24313.88526840601,18639.787898864597,28556.256538955495,128.0
1790156897,8,TPOT,completion,0.700000,0.000000,0,0,0,0,0,0,0,0,0,0,0,16,0,180,175.15650090766525,134.81145691287915,213.1239799360972,0.0
1790156897,8,TTFT,completion,0.700000,0.000000,0,0,0,0,0,0,0,0,0,0,0,16,0,1500,2068.9561368199065,1356.1631450429559,3979.0730359964073,0.0
1790156897,8,,Aggregated,2.100000,0.000000,0,0,0,0,0,0,0,0,0,0,0,48,0,1500,8852.665968711193,134.81145691287915,28556.256538955495,42.666666666666664
1790156898,8,POST,completion,0.700000,0.000000,0,0,0,0,0,0,0,0,0,0,0,16,0,25000,24313.88526840601,18639.787898864597,28556.256538955495,128.0
1790156898,8,TPOT,completion,0.700000,0.000000,0,0,0,0,0,0,0,0,0,0,0,16,0,180,175.15650090766525,134.81145691287915,213.1239799360972,0.0
1790156898,8,TTFT,completion,0.700000,0.000000,0,0,0,0,0,0,0,0,0,0,0,16,0,1500,2068.9561368199065,1356.1631450429559,3979.0730359964073,0.0
1790156898,8,,Aggregated,2.100000,0.000000,0,0,0,0,0,0,0,0,0,0,0,48,0,1500,8852.665968711193,134.81145691287915,28556.256538955495,42.666666666666664
1790156899,8,POST,completion,0.700000,0.000000,0,0,0,0,0,0,0,0,0,0,0,16,0,25000,24313.88526840601,18639.787898864597,28556.256538955495,128.0
1790156899,8,TPOT,completion,0.700000,0.000000,0,0,0,0,0,0,0,0,0,0,0,16,0,180,175.15650090766525,134.81145691287915,213.1239799360972,0.0
1790156899,8,TTFT,completion,0.700000,0.000000,0,0,0,0,0,0,0,0,0,0,0,16,0,1500,2068.9561368199065,1356.1631450429559,3979.0730359964073,0.0
1790156899,8,,Aggregated,2.100000,0.000000,0,0,0,0,0,0,0,0,0,0,0,48,0,1500,8852.665968711193,134.81145691287915,28556.256538955495,42.666666666666664
1790156900,8,POST,completion,0.700000,0.000000,0,0,0,0,0,0,0,0,0,0,0,16,0,25000,24313.88526840601,18639.787898864597,28556.256538955495,128.0
1790156900,8,TPOT,completion,0.700000,0.000000,0,0,0,0,0,0,0,0,0,0,0,16,0,180,175.15650090766525,134.81145691287915,213.1239799360972,0.0
1790156900,8,TTFT,completion,0.700000,0.000000,0,0,0,0,0,0,0,0,0,0,0,16,0,1500,2068.9561368199065,1356.1631450429559,3979.0730359964073,0.0
1790156900,8,,Aggregated,2.100000,0.000000,0,0,0,0,0,0,0,0,0,0,0,48,0,1500,8852.665968711193,134.81145691287915,28556.256538955495,42.666666666666664
1790156901,8,POST,completion,0.700000,0.000000,0,0,0,0,0,0,0,0,0,0,0,16,0,25000,24313.88526840601,18639.787898864597,28556.256538955495,128.0
1790156901,8,TPOT,completion,0.700000,0.000000,0,0,0,0,0,0,0,0,0,0,0,16,0,180,175.15650090766525,134.81145691287915,213.1239799360972,0.0
1790156901,8,TTFT,completion,0.700000,0.000000,0,0,0,0,0,0,0,0,0,0,0,16,0,1500,2068.9561368199065,1356.1631450429559,3979.0730359964073,0.0
1790156901,8,,Aggregated,2.100000,0.000000,0,0,0,0,0,0,0,0,0,0,0,48,0,1500,8852.665968711193,134.81145691287915,28556.256538955495,42.666666666666664
1790156902,8,POST,completion,0.700000,0.000000,0,0,0,0,0,0,0,0,0,0,0,16,0,25000,24313.88526840601,18639.787898864597,28556.256538955495,128.0
1790156902,8,TPOT,completion,0.700000,0.000000,0,0,0,0,0,0,0,0,0,0,0,16,0,180,175.15650090766525,134.81145691287915,213.1239799360972,0.0
1790156902,8,TTFT,completion,0.700000,0.000000,0,0,0,0,0,0,0,0,0,0,0,16,0,1500,2068.9561368199065,1356.1631450429559,3979.0730359964073,0.0
1790156902,8,,Aggregated,2.100000,0.000000,0,0,0,0,0,0,0,0,0,0,0,48,0,1500,8852.665968711193,134.81145691287915,28556.256538955495,42.666666666666664
1790156903,8,POST,completion,0.700000,0.000000,0,0,0,0,0,0,0,0,0,0,0,16,0,25000,24313.88526840601,18639.787898864597,28556.256538955495,128.0
1790156903,8,TPOT,completion,0.700000,0.000000,0,0,0,0,0,0,0,0,0,0,0,16,0,180,175.15650090766525,134.81145691287915,213.1239799360972,0.0
1790156903,8,TTFT,completion,0.700000,0.000000,0,0,0,0,0,0,0,0,0,0,0,16,0,1500,2068.9561368199065,1356.1631450429559,3979.0730359964073,0.0
1790156903,8,,Aggregated,2.100000,0.000000,0,0,0,0,0,0,0,0,0,0,0,48,0,1500,8852.665968711193,134.81145691287915,28556.256538955495,42.666666666666664
1790156904,8,POST,completion,0.700000,0.000000,0,0,0,0,0,0,0,0,0,0,0,16,0,25000,24313.88526840601,18639.787898864597,28556.256538955495,128.0
1790156904,8,TPOT,completion,0.700000,0.000000,0,0,0,0,0,0,0,0,0,0,0,16,0,180,175.15650090766525,134.81145691287915,213.1239799360972,0.0
1790156904,8,TTFT,completion,0.700000,0.000000,0,0,0,0,0,0,0,0,0,0,0,16,0,1500,2068.9561368199065,1356.1631450429559,3979.0730359964073,0.0
1790156904,8,,Aggregated,2.100000,0.000000,0,0,0,0,0,0,0,0,0,0,0,48,0,1500,8852.665968711193,134.81145691287915,28556.256538955495,42.666666666666664
1790156905,8,POST,completion,0.700000,0.000000,0,0,0,0,0,0,0,0,0,0,0,16,0,25000,24313.88526840601,18639.787898864597,28556.256538955495,128.0
1790156905,8,TPOT,completion,0.700000,0.000000,0,0,0,0,0,0,0,0,0,0,0,16,0,180,175.15650090766525,134.81145691287915,213.1239799360972,0.0
1790156905,8,TTFT,completion,0.700000,0.000000,0,0,0,0,0,0,0,0,0,0,0,16,0,1500,2068.9561368199065,1356.1631450429559,3979.0730359964073,0.0
1790156905,8,,Aggregated,2.100000,0.000000,0,0,0,0,0,0,0,0,0,0,0,48,0,1500,8852.665968711193,134.81145691287915,28556.256538955495,42.666666666666664
1790156906,8,POST,completion,0.000000,0.000000,0,0,0,0,0,0,0,0,0,0,0,17,0,25000,24508.914445444723,18639.787898864597,28556.256538955495,128.0
1790156906,8,TPOT,completion,0.000000,0.000000,0,0,0,0,0,0,0,0,0,0,0,17,0,180,177.0194236903256,134.81145691287915,213.1239799360972,0.0
1790156906,8,TTFT,completion,0.000000,0.000000,0,0,0,0,0,0,0,0,0,0,0,17,0,1500,2027.3937819498208,1356.1631450429559,3979.0730359964073,0.0
1790156906,8,,Aggregated,0.000000,0.000000,0,0,0,0,0,0,0,0,0,0,0,51,0,1500,8904.442550361622,134.81145691287915,28556.256538955495,42.666666666666664
1790156907,8,POST,completion,0.000000,0.000000,28000,28000,28000,28000,28000,28000,28000,28000,28000,28000,28000,17,0,25000,24508.914445444723,18639.787898864597,28556.256538955495,128.0
1790156907,8,TPOT,completion,0.000000,0.000000,210,210,210,210,210,210,210,210,210,210,210,17,0,180,177.0194236903256,134.81145691287915,213.1239799360972,0.0
1790156907,8,TTFT,completion,0.000000,0.000000,1400,1400,1400,1400,1400,1400,1400,1400,1400,1400,1400,17,0,1500,2027.3937819498208,1356.1631450429559,3979.0730359964073,0.0
1790156907,8,,Aggregated,0.000000,0.000000,1400,1400,28000,28000,28000,28000,28000,28000,28000,28000,28000,51,0,1500,8904.442550361622,134.81145691287915,28556.256538955495,42.666666666666664
1790156908,8,POST,completion,0.000000,0.000000,27000,27000,28000,28000,28000,28000,28000,28000,28000,28000,28000,20,0,26000,24703.30720312195,18639.787898864597,28556.256538955495,128.0
1790156908,8,TPOT,completion,0.000000,0.000000,200,200,210,210,210,210,210,210,210,210,210,20,0,190,178.81069941204188,134.81145691287915,213.1239799360972,0.0
1790156908,8,TTFT,completion,0.000000,0.000000,1700,1700,2300,2300,2300,2300,2300,2300,2300,2300,2300,20,0,1500,1994.2953406483866,1356.1631450429559,3979.0730359964073,0.0
1790156908,8,,Aggregated,0.000000,0.000000,1700,2300,26000,26000,27000,28000,28000,28000,28000,28000,28000,60,0,1500,8958.804414394126,134.81145691287915,28556.256538955495,42.666666666666664
1790156909,8,POST,completion,0.000000,0.000000,27000,27000,28000,28000,28000,28000,28000,28000,28000,28000,28000,20,0,26000,24703.30720312195,18639.787898864597,28556.256538955495,128.0
1790156909,8,TPOT,completion,0.000000,0.000000,200,200,210,210,210,210,210,210,210,210,210,20,0,190,178.81069941204188,134.81145691287915,213.1239799360972,0.0
1790156909,8,TTFT,completion,0.000000,0.000000,1700,1700,2300,2300,2300,2300,2300,2300,2300,2300,2300,20,0,1500,1994.2953406483866,1356.1631450429559,3979.0730359964073,0.0
1790156909,8,,Aggregated,0.000000,0.000000,1700,2300,26000,26000,27000,28000,28000,28000,28000,28000,28000,60,0,1500,8958.804414394126,134.81145691287915,28556.256538955495,42.666666666666664
1790156910,8,POST,completion,0.000000,0.000000,27000,27000,28000,28000,28000,28000,28000,28000,28000,28000,28000,20,0,26000,24703.30720312195,18639.787898864597,28556.256538955495,128.0
1790156910,8,TPOT,completion,0.000000,0.000000,200,200,210,210,210,210,210,210,210,210,210,20,0,190,178.81069941204188,134.81145691287915,213.1239799360972,0.0
1790156910,8,TTFT,completion,0.000000,0.000000,1700,1700,2300,2300,2300,2300,2300,2300,2300,2300,2300,20,0,1500,1994.2953406483866,1356.1631450429559,3979.0730359964073,0.0
1790156910,8,,Aggregated,0.000000,0.000000,1700,2300,26000,26000,27000,28000,28000,28000,28000,28000,28000,60,0,1500,8958.804414394126,134.81145691287915,28556.256538955495,42.666666666666664
1790156911,8,POST,completion,0.000000,0.000000,27000,27000,28000,28000,28000,28000,28000,28000,28000,28000,28000,20,0,26000,24703.30720312195,18639.787898864597,28556.256538955495,128.0
1790156911,8,TPOT,completion,0.000000,0.000000,200,200,210,210,210,210,210,210,210,210,210,20,0,190,178.81069941204188,134.81145691287915,213.1239799360972,0.0
1790156911,8,TTFT,completion,0.000000,0.000000,1700,1700,2300,2300,2300,2300,2300,2300,2300,2300,2300,20,0,1500,1994.2953406483866,1356.1631450429559,3979.0730359964073,0.0
1790156911,8,,Aggregated,0.000000,0.000000,1700,2300,26000,26000,27000,28000,28000,28000,28000,28000,28000,60,0,1500,8958.804414394126,134.81145691287915,28556.256538955495,42.666666666666664
1790156912,8,POST,completion,0.000000,0.000000,27000,27000,28000,28000,28000,28000,28000,28000,28000,28000,28000,20,0,26000,24703.30720312195,18639.787898864597,28556.256538955495,128.0
1790156912,8,TPOT,completion,0.000000,0.000000,200,200,210,210,210,210,210,210,210,210,210,20,0,190,178.81069941204188,134.81145691287915,213.1239799360972,0.0
1790156912,8,TTFT,completion,0.000000,0.000000,1700,1700,2300,2300,2300,2300,2300,2300,2300,2300,2300,20,0,1500,1994.2953406483866,1356.1631450429559,3979.0730359964073,0.0
1790156912,8,,Aggregated,0.000000,0.000000,1700,2300,26000,26000,27000,28000,28000,28000,28000,28000,28000,60,0,1500,8958.804414394126,134.81145691287915,28556.256538955495,42.666666666666664
1790156913,8,POST,completion,0.000000,0.000000,27000,27000,28000,28000,28000,28000,28000,28000,28000,28000,28000,20,0,26000,24703.30720312195,18639.787898864597,28556.256538955495,128.0
1790156913,8,TPOT,completion,0.000000,0.000000,200,200,210,210,210,210,210,210,210,210,210,20,0,190,178.81069941204188,134.81145691287915,213.1239799360972,0.0
1790156913,8,TTFT,completion,0.000000,0.000000,1700,1700,2300,2300,2300,2300,2300,2300,2300,2300,2300,20,0,1500,1994.2953406483866,1356.1631450429559,3979.0730359964073,0.0
1790156913,8,,Aggregated,0.000000,0.000000,1700,2300,26000,26000,27000,28000,28000,28000,28000,28000,28000,60,0,1500,8958.804414394126,134.81145691287915,28556.256538955495,42.666666666666664
1790156914,8,POST,completion,0.400000,0.000000,24000,26000,27000,27000,28000,28000,28000,28000,28000,28000,28000,23,0,24000,24484.0551112657,18639.787898864597,28556.256538955495,128.0
1790156914,8,TPOT,completion,0.400000,0.000000,180,190,200,200,210,210,210,210,210,210,210,23,0,180,175.95242205565654,134.81145691287915,213.1239799360972,0.0
1790156914,8,TTFT,completion,0.400000,0.000000,1700,2300,3900,3900,3900,3900,3900,3900,3900,3900,3900,23,0,1500,2138.044675599541,1356.1631450429559,3979.0730359964073,0.0
1790156914,8,,Aggregated,1.200000,0.000000,1700,3900,23000,23000,26000,27000,28000,28000,28000,28000,28000,69,0,1500,8932.684069640298,134.81145691287915,28556.256538955495,42.666666666666664
1790156915,8,POST,completion,0.400000,0.000000,24000,26000,27000,27000,28000,28000,28000,28000,28000,28000,28000,23,0,24000,24484.0551112657,18639.787898864597,28556.256538955495,128.0
1790156915,8,TPOT,completion,0.400000,0.000000,180,190,200,200,210,210,210,210,210,210,210,23,0,180,175.95242205565654,134.81145691287915,213.1239799360972,0.0
1790156915,8,TTFT,completion,0.400000,0.000000,1700,2300,3900,3900,3900,3900,3900,3900,3900,3900,3900,23,0,1500,2138.044675599541,1356.1631450429559,3979.0730359964073,0.0
1790156915,8,,Aggregated,1.200000,0.000000,1700,3900,23000,23000,26000,27000,28000,28000,28000,28000,28000,69,0,1500,8932.684069640298,134.81145691287915,28556.256538955495,42.666666666666664
1790156916,8,POST,completion,0.400000,0.000000,24000,24000,26000,26000,27000,27000,27000,27000,27000,27000,27000,23,0,24000,24484.0551112657,18639.787898864597,28556.256538955495,128.0
1790156916,8,TPOT,completion,0.400000,0.000000,180,180,190,190,200,200,200,200,200,200,200,23,0,180,175.95242205565654,134.81145691287915,213.1239799360972,0.0
1790156916,8,TTFT,completion,0.400000,0.000000,2300,2300,3900,3900,3900,3900,3900,3900,3900,3900,3900,23,0,1500,2138.044675599541,1356.1631450429559,3979.0730359964073,0.0
1790156916,8,,Aggregated,1.200000,0.000000,2300,3900,23000,23000,26000,27000,27000,27000,27000,27000,27000,69,0,1500,8932.684069640298,134.81145691287915,28556.256538955495,42.666666666666664
1790156917,8,POST,completion,0.400000,0.000000,24000,24000,26000,26000,27000,27000,27000,27000,27000,27000,27000,23,0,24000,24484.0551112657,18639.787898864597,28556.256538955495,128.0
1790156917,8,TPOT,completion,0.400000,0.000000,180,180,190,190,200,200,200,200,200,200,200,23,0,180,175.95242205565654,134.81145691287915,213.1239799360972,0.0
1790156917,8,TTFT,completion,0.400000,0.000000,2300,2300,3900,3900,3900,3900,3900,3900,3900,3900,3900,23,0,1500,2138.044675599541,1356.1631450429559,3979.0730359964073,0.0
1790156917,8,,Aggregated,1.200000,0.000000,2300,3900,23000,23000,26000,27000,27000,27000,27000,27000,27000,69,0,1500,8932.684069640298,134.81145691287915,28556.256538955495,42.666666666666664
1790156918,8,POST,completion,0.400000,0.000000,24000,24000,26000,26000,27000,27000,27000,27000,27000,27000,27000,23,0,24000,24484.0551112657,18639.787898864597,28556.256538955495,128.0
1790156918,8,TPOT,completion,0.400000,0.000000,180,180,190,190,200,200,200,200,200,200,200,23,0,180,175.95242205565654,134.81145691287915,213.1239799360972,0.0
1790156918,8,TTFT,completion,0.400000,0.000000,2300,2300,3900,3900,3900,3900,3900,3900,3900,3900,3900,23,0,1500,2138.044675599541,1356.1631450429559,3979.0730359964073,0.0
1790156918,8,,Aggregated,1.200000,0.000000,2300,3900,23000,23000,26000,27000,27000,27000,27000,27000,27000,69,0,1500,8932.684069640298,134.81145691287915,28556.256538955495,42.666666666666664
1790156919,8,POST,completion,0.600000,0.000000,23000,24000,26000,26000,27000,27000,27000,27000,27000,27000,27000,24,0,24000,24237.6651186302,18570.695288013667,28556.256538955495,128.0
1790156919,8,TPOT,completion,0.600000,0.000000,170,180,190,190,200,200,200,200,200,200,200,24,0,180,174.2388267682534,134.81145691287915,213.1239799360972,0.0
1790156919,8,TTFT,completion,0.600000,0.000000,1700,2300,3900,3900,3900,3900,3900,3900,3900,3900,3900,24,0,1500,2109.2809432399613,1356.1631450429559,3979.0730359964073,0.0
1790156919,8,,Aggregated,1.800000,0.000000,1700,3900,23000,23000,24000,26000,27000,27000,27000,27000,27000,72,0,1500,8840.39496287947,134.81145691287915,28556.256538955495,42.666666666666664
1790156920,8,POST,completion,0.600000,0.000000,23000,23000,23000,23000,23000,23000,23000,23000,23000,23000,23000,24,0,24000,24237.6651186302,18570.695288013667,28556.256538955495,128.0
1790156920,8,TPOT,completion,0.600000,0.000000,150,150,170,170,170,170,170,170,170,170,170,24,0,180,174.2388267682534,134.81145691287915,213.1239799360972,0.0
1790156920,8,TTFT,completion,0.600000,0.000000,3900,3900,3900,3900,3900,3900,3900,3900,3900,3900,3900,24,0,1500,2109.2809432399613,1356.1631450429559,3979.0730359964073,0.0
1790156920,8,,Aggregated,1.800000,0.000000,3900,3900,23000,23000,23000,23000,23000,23000,23000,23000,23000,72,0,1500,8840.39496287947,134.81145691287915,28556.256538955495,42.666666666666664
1790156921,8,POST,completion,0.600000,0.000000,23000,23000,23000,23000,23000,23000,23000,23000,23000,23000,23000,24,0,24000,24237.6651186302,18570.695288013667,28556.256538955495,128.0
1790156921,8,TPOT,completion,0.600000,0.000000,150,150,170,170,170,170,170,170,170,170,170,24,0,180,174.2388267682534,134.81145691287915,213.1239799360972,0.0
1790156921,8,TTFT,completion,0.600000,0.000000,3900,3900,3900,3900,3900,3900,3900,3900,3900,3900,3900,24,0,1500,2109.2809432399613,1356.1631450429559,3979.0730359964073,0.0
1790156921,8,,Aggregated,1.800000,0.000000,3900,3900,23000,23000,23000,23000,23000,23000,23000,23000,23000,72,0,1500,8840.39496287947,134.81145691287915,28556.256538955495,42.666666666666664
1790156922,8,POST,completion,0.600000,0.000000,23000,23000,23000,23000,23000,23000,23000,23000,23000,23000,23000,24,0,24000,24237.6651186302,18570.695288013667,28556.256538955495,128.0
1790156922,8,TPOT,completion,0.600000,0.000000,150,150,170,170,170,170,170,170,170,170,170,24,0,180,174.2388267682534,134.81145691287915,213.1239799360972,0.0
1790156922,8,TTFT,completion,0.600000,0.000000,3900,3900,3900,3900,3900,3900,3900,3900,3900,3900,3900,24,0,1500,2109.2809432399613,1356.1631450429559,3979.0730359964073,0.0
1790156922,8,,Aggregated,1.800000,0.000000,3900,3900,23000,23000,23000,23000,23000,23000,23000,23000,23000,72,0,1500,8840.39496287947,134.81145691287915,28556.256538955495,42.666666666666664
1790156923,8,POST,completion,0.600000,0.000000,23000,23000,23000,23000,23000,23000,23000,23000,23000,23000,23000,24,0,24000,24237.6651186302,18570.695288013667,28556.256538955495,128.0
1790156923,8,TPOT,completion,0.600000,0.000000,150,150,170,170,170,170,170,170,170,170,170,24,0,180,174.2388267682534,134.81145691287915,213.1239799360972,0.0
1790156923,8,TTFT,completion,0.600000,0.000000,3900,3900,3900,3900,3900,3900,3900,3900,3900,3900,3900,24,0,1500,2109.2809432399613,1356.1631450429559,3979.0730359964073,0.0
1790156923,8,,Aggregated,1.800000,0.000000,3900,3900,23000,23000,23000,23000,23000,23000,23000,23000,23000,72,0,1500,8840.39496287947,134.81145691287915,28556.256538955495,42.666666666666664
1790156924,8,POST,completion,0.600000,0.000000,23000,23000,23000,23000,23000,23000,23000,23000,23000,23000,23000,24,0,24000,24237.6651186302,18570.695288013667,28556.256538955495,128.0
1790156924,8,TPOT,completion,0.600000,0.000000,150,150,170,170,170,170,170,170,170,170,170,24,0,180,174.2388267682534,134.81145691287915,213.1239799360972,0.0
1790156924,8,TTFT,completion,0.600000,0.000000,3900,3900,3900,3900,3900,3900,3900,3900,3900,3900,3900,24,0,1500,2109.2809432399613,1356.1631450429559,3979.0730359964073,0.0
1790156924,8,,Aggregated,1.800000,0.000000,3900,3900,23000,23000,23000,23000,23000,23000,23000,23000,23000,72,0,1500,8840.39496287947,134.81145691287915,28556.256538955495,42.666666666666664
1790156925,8,POST,completion,0.600000,0.000000,23000,23000,23000,23000,23000,23000,23000,23000,23000,23000,23000,24,0,24000,24237.6651186302,18570.695288013667,28556.256538955495,128.0
1790156925,8,TPOT,completion,0.600000,0.000000,150,150,170,170,170,170,170,170,170,170,170,24,0,180,174.2388267682534,134.81145691287915,213.1239799360972,0.0
1790156925,8,TTFT,completion,0.600000,0.000000,3900,3900,3900,3900,3900,3900,3900,3900,3900,3900,3900,24,0,1500,2109.2809432399613,1356.1631450429559,3979.0730359964073,0.0
1790156925,8,,Aggregated,1.800000,0.000000,3900,3900,23000,23000,23000,23000,23000,23000,23000,23000,23000,72,0,1500,8840.39496287947,134.81145691287915,28556.256538955495,42.666666666666664
1790156926,8,POST,completion,0.600000,0.000000,19000,19000,19000,19000,19000,19000,19000,19000,19000,19000,19000,24,0,24000,24237.6651186302,18570.695288013667,28556.256538955495,128.0
1790156926,8,TPOT,completion,0.600000,0.000000,130,130,130,130,130,130,130,130,130,130,130,24,0,180,174.2388267682534,134.81145691287915,213.1239799360972,0.0
1790156926,8,TTFT,completion,0.600000,0.000000,1400,1400,1400,1400,1400,1400,1400,1400,1400,1400,1400,24,0,1500,2109.2809432399613,1356.1631450429559,3979.0730359964073,0.0
1790156926,8,,Aggregated,1.800000,0.000000,1400,1400,19000,19000,19000,19000,19000,19000,19000,19000,19000,72,0,1500,8840.39496287947,134.81145691287915,28556.256538955495,42.666666666666664
1790156927,8,POST,completion,0.600000,0.000000,19000,19000,19000,19000,19000,19000,19000,19000,19000,19000,19000,24,0,24000,24237.6651186302,18570.695288013667,28556.256538955495,128.0
1790156927,8,TPOT,completion,0.600000,0.000000,130,130,130,130,130,130,130,130,130,130,130,24,0,180,174.2388267682534,134.81145691287915,213.1239799360972,0.0
1790156927,8,TTFT,completion,0.600000,0.000000,1400,1400,1400,1400,1400,1400,1400,1400,1400,1400,1400,24,0,1500,2109.2809432399613,1356.1631450429559,3979.0730359964073,0.0
1790156927,8,,Aggregated,1.800000,0.000000,1400,1400,19000,19000,19000,19000,19000,19000,19000,19000,19000,72,0,1500,8840.39496287947,134.81145691287915,28556.256538955495,42.666666666666664
1790156928,8,POST,completion,0.600000,0.000000,19000,19000,19000,19000,19000,19000,19000,19000,19000,19000,19000,24,0,24000,24237.6651186302,18570.695288013667,28556.256538955495,128.0
1790156928,8,TPOT,completion,0.600000,0.000000,130,130,130,130,130,130,130,130,130,130,130,24,0,180,174.2388267682534,134.81145691287915,213.1239799360972,0.0
1790156928,8,TTFT,completion,0.600000,0.000000,1400,1400,1400,1400,1400,1400,1400,1400,1400,1400,1400,24,0,1500,2109.2809432399613,1356.1631450429559,3979.0730359964073,0.0
1790156928,8,,Aggregated,1.800000,0.000000,1400,1400,19000,19000,19000,19000,19000,19000,19000,19000,19000,72,0,1500,8840.39496287947,134.81145691287915,28556.256538955495,42.666666666666664
1790156929,8,POST,completion,0.600000,0.000000,19000,19000,19000,19000,19000,19000,19000,19000,19000,19000,19000,24,0,24000,24237.6651186302,18570.695288013667,28556.256538955495,128.0
1790156929,8,TPOT,completion,0.600000,0.000000,130,130,130,130,130,130,130,130,130,130,130,24,0,180,174.2388267682534,134.81145691287915,213.1239799360972,0.0
1790156929,8,TTFT,completion,0.600000,0.000000,1400,1400,1400,1400,1400,1400,1400,1400,1400,1400,1400,24,0,1500,2109.2809432399613,1356.1631450429559,3979.0730359964073,0.0
1790156929,8,,Aggregated,1.800000,0.000000,1400,1400,19000,19000,19000,19000,19000,19000,19000,19000,19000,72,0,1500,8840.39496287947,134.81145691287915,28556.256538955495,42.666666666666664
1790156930,8,POST,completion,0.600000,0.000000,19000,19000,19000,19000,19000,19000,19000,19000,19000,19000,19000,24,0,24000,24237.6651186302,18570.695288013667,28556.256538955495,128.0
1790156930,8,TPOT,completion,0.600000,0.000000,130,130,130,130,130,130,130,130,130,130,130,24,0,180,174.2388267682534,134.81145691287915,213.1239799360972,0.0
1790156930,8,TTFT,completion,0.600000,0.000000,1400,1400,1400,1400,1400,1400,1400,1400,1400,1400,1400,24,0,1500,2109.2809432399613,1356.1631450429559,3979.0730359964073,0.0
1790156930,8,,Aggregated,1.800000,0.000000,1400,1400,19000,19000,19000,19000,19000,19000,19000,19000,19000,72,0,1500,8840.39496287947,134.81145691287915,28556.256538955495,42.666666666666664
1790156931,8,POST,completion,0.600000,0.000000,19000,19000,19000,19000,19000,19000,19000,19000,19000,19000,19000,24,0,24000,24237.6651186302,18570.695288013667,28556.256538955495,128.0
1790156931,8,TPOT,completion,0.600000,0.000000,130,130,130,130,130,130,130,130,130,130,130,24,0,180,174.2388267682534,134.81145691287915,213.1239799360972,0.0
1790156931,8,TTFT,completion,0.600000,0.000000,1400,1400,1400,1400,1400,1400,1400,1400,1400,1400,1400,24,0,1500,2109.2809432399613,1356.1631450429559,3979.0730359964073,0.0
1790156931,8,,Aggregated,1.800000,0.000000,1400,1400,19000,19000,19000,19000,19000,19000,19000,19000,19000,72,0,1500,8840.39496287947,134.81145691287915,28556.256538955495,42.666666666666664
1790156932,8,POST,completion,0.600000,0.000000,19000,19000,19000,19000,19000,19000,19000,19000,19000,19000,19000,24,0,24000,24237.6651186302,18570.695288013667,28556.256538955495,128.0
1790156932,8,TPOT,completion,0.600000,0.000000,130,130,130,130,130,130,130,130,130,130,130,24,0,180,174.2388267682534,134.81145691287915,213.1239799360972,0.0
1790156932,8,TTFT,completion,0.600000,0.000000,1400,1400,1400,1400,1400,1400,1400,1400,1400,1400,1400,24,0,1500,2109.2809432399613,1356.1631450429559,3979.0730359964073,0.0
1790156932,8,,Aggregated,1.800000,0.000000,1400,1400,19000,19000,19000,19000,19000,19000,19000,19000,19000,72,0,1500,8840.39496287947,134.81145691287915,28556.256538955495,42.666666666666664
1790156933,8,POST,completion,0.600000,0.000000,19000,19000,19000,19000,19000,19000,19000,19000,19000,19000,19000,24,0,24000,24237.6651186302,18570.695288013667,28556.256538955495,128.0
1790156933,8,TPOT,completion,0.600000,0.000000,130,130,130,130,130,130,130,130,130,130,130,24,0,180,174.2388267682534,134.81145691287915,213.1239799360972,0.0
1790156933,8,TTFT,completion,0.600000,0.000000,1400,1400,1400,1400,1400,1400,1400,1400,1400,1400,1400,24,0,1500,2109.2809432399613,1356.1631450429559,3979.0730359964073,0.0
1790156933,8,,Aggregated,1.800000,0.000000,1400,1400,19000,19000,19000,19000,19000,19000,19000,19000,19000,72,0,1500,8840.39496287947,134.81145691287915,28556.256538955495,42.666666666666664
1790156934,8,POST,completion,0.600000,0.000000,19000,19000,19000,19000,19000,19000,19000,19000,19000,19000,19000,24,0,24000,24237.6651186302,18570.695288013667,28556.256538955495,128.0
1790156934,8,TPOT,completion,0.600000,0.000000,130,130,130,130,130,130,130,130,130,130,130,24,0,180,174.2388267682534,134.81145691287915,213.1239799360972,0.0
1790156934,8,TTFT,completion,0.600000,0.000000,1400,1400,1400,1400,1400,1400,1400,1400,1400,1400,1400,24,0,1500,2109.2809432399613,1356.1631450429559,3979.0730359964073,0.0
1790156934,8,,Aggregated,1.800000,0.000000,1400,1400,19000,19000,19000,19000,19000,19000,19000,19000,19000,72,0,1500,8840.39496287947,134.81145691287915,28556.256538955495,42.666666666666664
1790156935,8,POST,completion,0.600000,0.000000,19000,19000,19000,19000,19000,19000,19000,19000,19000,19000,19000,24,0,24000,24237.6651186302,18570.695288013667,28556.256538955495,128.0
1790156935,8,TPOT,completion,0.600000,0.000000,130,130,130,130,130,130,130,130,130,130,130,24,0,180,174.2388267682534,134.81145691287915,213.1239799360972,0.0
1790156935,8,TTFT,completion,0.600000,0.000000,1400,1400,1400,1400,1400,1400,1400,1400,1400,1400,1400,24,0,1500,2109.2809432399613,1356.1631450429559,3979.0730359964073,0.0
1790156935,8,,Aggregated,1.800000,0.000000,1400,1400,19000,19000,19000,19000,19000,19000,19000,19000,19000,72,0,1500,8840.39496287947,134.81145691287915,28556.256538955495,42.666666666666664
1790156936,8,POST,completion,0.600000,0.000000,19000,19000,19000,19000,19000,19000,19000,19000,19000,19000,19000,24,0,24000,24237.6651186302,18570.695288013667,28556.256538955495,128.0
1790156936,8,TPOT,completion,0.600000,0.000000,130,130,130,130,130,130,130,130,130,130,130,24,0,180,174.2388267682534,134.81145691287915,213.1239799360972,0.0
1790156936,8,TTFT,completion,0.600000,0.000000,1400,1400,1400,1400,1400,1400,1400,1400,1400,1400,1400,24,0,1500,2109.2809432399613,1356.1631450429559,3979.0730359964073,0.0
1790156936,8,,Aggregated,1.800000,0.000000,1400,1400,19000,19000,19000,19000,19000,19000,19000,19000,19000,72,0,1500,8840.39496287947,134.81145691287915,28556.256538955495,42.666666666666664
1790156937,8,POST,completion,0.600000,0.000000,0,0,0,0,0,0,0,0,0,0,0,24,0,24000,24237.6651186302,18570.695288013667,28556.256538955495,128.0
1790156937,8,TPOT,completion,0.600000,0.000000,0,0,0,0,0,0,0,0,0,0,0,24,0,180,174.2388267682534,134.81145691287915,213.1239799360972,0.0
1790156937,8,TTFT,completion,0.600000,0.000000,0,0,0,0,0,0,0,0,0,0,0,24,0,1500,2109.2809432399613,1356.1631450429559,3979.0730359964073,0.0
1790156937,8,,Aggregated,1.800000,0.000000,0,0,0,0,0,0,0,0,0,0,0,72,0,1500,8840.39496287947,134.81145691287915,28556.256538955495,42.666666666666664
1790156938,8,POST,completion,0.600000,0.000000,0,0,0,0,0,0,0,0,0,0,0,24,0,24000,24237.6651186302,18570.695288013667,28556.256538955495,128.0
1790156938,8,TPOT,completion,0.600000,0.000000,0,0,0,0,0,0,0,0,0,0,0,24,0,180,174.2388267682534,134.81145691287915,213.1239799360972,0.0
1790156938,8,TTFT,completion,0.600000,0.000000,0,0,0,0,0,0,0,0,0,0,0,24,0,1500,2109.2809432399613,1356.1631450429559,3979.0730359964073,0.0
1790156938,8,,Aggregated,1.800000,0.000000,0,0,0,0,0,0,0,0,0,0,0,72,0,1500,8840.39496287947,134.81145691287915,28556.256538955495,42.666666666666664
1790156939,8,POST,completion,0.600000,0.000000,0,0,0,0,0,0,0,0,0,0,0,24,0,24000,24237.6651186302,18570.695288013667,28556.256538955495,128.0
1790156939,8,TPOT,completion,0.600000,0.000000,0,0,0,0,0,0,0,0,0,0,0,24,0,180,174.2388267682534,134.81145691287915,213.1239799360972,0.0
1790156939,8,TTFT,completion,0.600000,0.000000,0,0,0,0,0,0,0,0,0,0,0,24,0,1500,2109.2809432399613,1356.1631450429559,3979.0730359964073,0.0
1790156939,8,,Aggregated,1.800000,0.000000,0,0,0,0,0,0,0,0,0,0,0,72,0,1500,8840.39496287947,134.81145691287915,28556.256538955495,42.666666666666664
1790156940,8,POST,completion,0.600000,0.000000,0,0,0,0,0,0,0,0,0,0,0,24,0,24000,24237.6651186302,18570.695288013667,28556.256538955495,128.0
1790156940,8,TPOT,completion,0.600000,0.000000,0,0,0,0,0,0,0,0,0,0,0,24,0,180,174.2388267682534,134.81145691287915,213.1239799360972,0.0
1790156940,8,TTFT,completion,0.600000,0.000000,0,0,0,0,0,0,0,0,0,0,0,24,0,1500,2109.2809432399613,1356.1631450429559,3979.0730359964073,0.0
1790156940,8,,Aggregated,1.800000,0.000000,0,0,0,0,0,0,0,0,0,0,0,72,0,1500,8840.39496287947,134.81145691287915,28556.256538955495,42.666666666666664
1790156941,8,POST,completion,0.600000,0.000000,0,0,0,0,0,0,0,0,0,0,0,24,0,24000,24237.6651186302,18570.695288013667,28556.256538955495,128.0
1790156941,8,TPOT,completion,0.600000,0.000000,0,0,0,0,0,0,0,0,0,0,0,24,0,180,174.2388267682534,134.81145691287915,213.1239799360972,0.0
1790156941,8,TTFT,completion,0.600000,0.000000,0,0,0,0,0,0,0,0,0,0,0,24,0,1500,2109.2809432399613,1356.1631450429559,3979.0730359964073,0.0
1790156941,8,,Aggregated,1.800000,0.000000,0,0,0,0,0,0,0,0,0,0,0,72,0,1500,8840.39496287947,134.81145691287915,28556.256538955495,42.666666666666664
1790156942,8,POST,completion,0.600000,0.000000,0,0,0,0,0,0,0,0,0,0,0,24,0,24000,24237.6651186302,18570.695288013667,28556.256538955495,128.0
1790156942,8,TPOT,completion,0.600000,0.000000,0,0,0,0,0,0,0,0,0,0,0,24,0,180,174.2388267682534,134.81145691287915,213.1239799360972,0.0
1790156942,8,TTFT,completion,0.600000,0.000000,0,0,0,0,0,0,0,0,0,0,0,24,0,1500,2109.2809432399613,1356.1631450429559,3979.0730359964073,0.0
1790156942,8,,Aggregated,1.800000,0.000000,0,0,0,0,0,0,0,0,0,0,0,72,0,1500,8840.39496287947,134.81145691287915,28556.256538955495,42.666666666666664
1790156943,8,POST,completion,0.600000,0.000000,0,0,0,0,0,0,0,0,0,0,0,24,0,24000,24237.6651186302,18570.695288013667,28556.256538955495,128.0
1790156943,8,TPOT,completion,0.600000,0.000000,0,0,0,0,0,0,0,0,0,0,0,24,0,180,174.2388267682534,134.81145691287915,213.1239799360972,0.0
1790156943,8,TTFT,completion,0.600000,0.000000,0,0,0,0,0,0,0,0,0,0,0,24,0,1500,2109.2809432399613,1356.1631450429559,3979.0730359964073,0.0
1790156943,8,,Aggregated,1.800000,0.000000,0,0,0,0,0,0,0,0,0,0,0,72,0,1500,8840.39496287947,134.81145691287915,28556.256538955495,42.666666666666664
1790156944,8,POST,completion,0.600000,0.000000,0,0,0,0,0,0,0,0,0,0,0,24,0,24000,24237.6651186302,18570.695288013667,28556.256538955495,128.0
1790156944,8,TPOT,completion,0.600000,0.000000,0,0,0,0,0,0,0,0,0,0,0,24,0,180,174.2388267682534,134.81145691287915,213.1239799360972,0.0
1790156944,8,TTFT,completion,0.600000,0.000000,0,0,0,0,0,0,0,0,0,0,0,24,0,1500,2109.2809432399613,1356.1631450429559,3979.0730359964073,0.0
1790156944,8,,Aggregated,1.800000,0.000000,0,0,0,0,0,0,0,0,0,0,0,72,0,1500,8840.39496287947,134.81145691287915,28556.256538955495,42.666666666666664
1790156945,8,POST,completion,0.600000,0.000000,0,0,0,0,0,0,0,0,0,0,0,24,0,24000,24237.6651186302,18570.695288013667,28556.256538955495,128.0
1790156945,8,TPOT,completion,0.600000,0.000000,0,0,0,0,0,0,0,0,0,0,0,24,0,180,174.2388267682534,134.81145691287915,213.1239799360972,0.0
1790156945,8,TTFT,completion,0.600000,0.000000,0,0,0,0,0,0,0,0,0,0,0,24,0,1500,2109.2809432399613,1356.1631450429559,3979.0730359964073,0.0
1790156945,8,,Aggregated,1.800000,0.000000,0,0,0,0,0,0,0,0,0,0,0,72,0,1500,8840.39496287947,134.81145691287915,28556.256538955495,42.666666666666664
1790156946,8,POST,completion,0.600000,0.000000,0,0,0,0,0,0,0,0,0,0,0,24,0,24000,24237.6651186302,18570.695288013667,28556.256538955495,128.0
1790156946,8,TPOT,completion,0.600000,0.000000,0,0,0,0,0,0,0,0,0,0,0,24,0,180,174.2388267682534,134.81145691287915,213.1239799360972,0.0
1790156946,8,TTFT,completion,0.600000,0.000000,0,0,0,0,0,0,0,0,0,0,0,24,0,1500,2109.2809432399613,1356.1631450429559,3979.0730359964073,0.0
1790156946,8,,Aggregated,1.800000,0.000000,0,0,0,0,0,0,0,0,0,0,0,72,0,1500,8840.39496287947,134.81145691287915,28556.256538955495,42.666666666666664
1790156947,8,POST,completion,0.600000,0.000000,0,0,0,0,0,0,0,0,0,0,0,24,0,24000,24237.6651186302,18570.695288013667,28556.256538955495,128.0
1790156947,8,TPOT,completion,0.600000,0.000000,0,0,0,0,0,0,0,0,0,0,0,24,0,180,174.2388267682534,134.81145691287915,213.1239799360972,0.0
1790156947,8,TTFT,completion,0.600000,0.000000,0,0,0,0,0,0,0,0,0,0,0,24,0,1500,2109.2809432399613,1356.1631450429559,3979.0730359964073,0.0
1790156947,8,,Aggregated,1.800000,0.000000,0,0,0,0,0,0,0,0,0,0,0,72,0,1500,8840.39496287947,134.81145691287915,28556.256538955495,42.666666666666664
1790156948,8,POST,completion,0.600000,0.000000,0,0,0,0,0,0,0,0,0,0,0,24,0,24000,24237.6651186302,18570.695288013667,28556.256538955495,128.0
1790156948,8,TPOT,completion,0.600000,0.000000,0,0,0,0,0,0,0,0,0,0,0,24,0,180,174.2388267682534,134.81145691287915,213.1239799360972,0.0
1790156948,8,TTFT,completion,0.600000,0.000000,0,0,0,0,0,0,0,0,0,0,0,24,0,1500,2109.2809432399613,1356.1631450429559,3979.0730359964073,0.0
1790156948,8,,Aggregated,1.800000,0.000000,0,0,0,0,0,0,0,0,0,0,0,72,0,1500,8840.39496287947,134.81145691287915,28556.256538955495,42.666666666666664
1790156949,8,POST,completion,0.600000,0.000000,0,0,0,0,0,0,0,0,0,0,0,24,0,24000,24237.6651186302,18570.695288013667,28556.256538955495,128.0
1790156949,8,TPOT,completion,0.600000,0.000000,0,0,0,0,0,0,0,0,0,0,0,24,0,180,174.2388267682534,134.81145691287915,213.1239799360972,0.0
1790156949,8,TTFT,completion,0.600000,0.000000,0,0,0,0,0,0,0,0,0,0,0,24,0,1500,2109.2809432399613,1356.1631450429559,3979.0730359964073,0.0
1790156949,8,,Aggregated,1.800000,0.000000,0,0,0,0,0,0,0,0,0,0,0,72,0,1500,8840.39496287947,134.81145691287915,28556.256538955495,42.666666666666664
1790156950,8,POST,completion,0.600000,0.000000,0,0,0,0,0,0,0,0,0,0,0,24,0,24000,24237.6651186302,18570.695288013667,28556.256538955495,128.0
1790156950,8,TPOT,completion,0.600000,0.000000,0,0,0,0,0,0,0,0,0,0,0,24,0,180,174.2388267682534,134.81145691287915,213.1239799360972,0.0
1790156950,8,TTFT,completion,0.600000,0.000000,0,0,0,0,0,0,0,0,0,0,0,24,0,1500,2109.2809432399613,1356.1631450429559,3979.0730359964073,0.0
1790156950,8,,Aggregated,1.800000,0.000000,0,0,0,0,0,0,0,0,0,0,0,72,0,1500,8840.39496287947,134.81145691287915,28556.256538955495,42.666666666666664
1790156951,8,POST,completion,0.600000,0.000000,0,0,0,0,0,0,0,0,0,0,0,24,0,24000,24237.6651186302,18570.695288013667,28556.256538955495,128.0
1790156951,8,TPOT,completion,0.600000,0.000000,0,0,0,0,0,0,0,0,0,0,0,24,0,180,174.2388267682534,134.81145691287915,213.1239799360972,0.0
1790156951,8,TTFT,completion,0.600000,0.000000,0,0,0,0,0,0,0,0,0,0,0,24,0,1500,2109.2809432399613,1356.1631450429559,3979.0730359964073,0.0
1790156951,8,,Aggregated,1.800000,0.000000,0,0,0,0,0,0,0,0,0,0,0,72,0,1500,8840.39496287947,134.81145691287915,28556.256538955495,42.666666666666664
1790156952,8,POST,completion,0.600000,0.000000,0,0,0,0,0,0,0,0,0,0,0,24,0,24000,24237.6651186302,18570.695288013667,28556.256538955495,128.0
1790156952,8,TPOT,completion,0.600000,0.000000,0,0,0,0,0,0,0,0,0,0,0,24,0,180,174.2388267682534,134.81145691287915,213.1239799360972,0.0
1790156952,8,TTFT,completion,0.600000,0.000000,0,0,0,0,0,0,0,0,0,0,0,24,0,1500,2109.2809432399613,1356.1631450429559,3979.0730359964073,0.0
1790156952,8,,Aggregated,1.800000,0.000000,0,0,0,0,0,0,0,0,0,0,0,72,0,1500,8840.39496287947,134.81145691287915,28556.256538955495,42.666666666666664
1790156953,8,POST,completion,0.600000,0.000000,0,0,0,0,0,0,0,0,0,0,0,24,0,24000,24237.6651186302,18570.695288013667,28556.256538955495,128.0
1790156953,8,TPOT,completion,0.600000,0.000000,0,0,0,0,0,0,0,0,0,0,0,24,0,180,174.2388267682534,134.81145691287915,213.1239799360972,0.0
1790156953,8,TTFT,completion,0.600000,0.000000,0,0,0,0,0,0,0,0,0,0,0,24,0,1500,2109.2809432399613,1356.1631450429559,3979.0730359964073,0.0
1790156953,8,,Aggregated,1.800000,0.000000,0,0,0,0,0,0,0,0,0,0,0,72,0,1500,8840.39496287947,134.81145691287915,28556.256538955495,42.666666666666664
1790156954,8,POST,completion,0.600000,0.000000,0,0,0,0,0,0,0,0,0,0,0,24,0,24000,24237.6651186302,18570.695288013667,28556.256538955495,128.0
1790156954,8,TPOT,completion,0.600000,0.000000,0,0,0,0,0,0,0,0,0,0,0,24,0,180,174.2388267682534,134.81145691287915,213.1239799360972,0.0
1790156954,8,TTFT,completion,0.600000,0.000000,0,0,0,0,0,0,0,0,0,0,0,24,0,1500,2109.2809432399613,1356.1631450429559,3979.0730359964073,0.0
1790156954,8,,Aggregated,1.800000,0.000000,0,0,0,0,0,0,0,0,0,0,0,72,0,1500,8840.39496287947,134.81145691287915,28556.256538955495,42.666666666666664
1790156955,8,POST,completion,0.600000,0.000000,0,0,0,0,0,0,0,0,0,0,0,24,0,24000,24237.6651186302,18570.695288013667,28556.256538955495,128.0
1790156955,8,TPOT,completion,0.600000,0.000000,0,0,0,0,0,0,0,0,0,0,0,24,0,180,174.2388267682534,134.81145691287915,213.1239799360972,0.0
1790156955,8,TTFT,completion,0.600000,0.000000,0,0,0,0,0,0,0,0,0,0,0,24,0,1500,2109.2809432399613,1356.1631450429559,3979.0730359964073,0.0
1790156955,8,,Aggregated,1.800000,0.000000,0,0,0,0,0,0,0,0,0,0,0,72,0,1500,8840.39496287947,134.81145691287915,28556.256538955495,42.666666666666664
1790156956,8,POST,completion,0.600000,0.000000,0,0,0,0,0,0,0,0,0,0,0,24,0,24000,24237.6651186302,18570.695288013667,28556.256538955495,128.0
1790156956,8,TPOT,completion,0.600000,0.000000,0,0,0,0,0,0,0,0,0,0,0,24,0,180,174.2388267682534,134.81145691287915,213.1239799360972,0.0
1790156956,8,TTFT,completion,0.600000,0.000000,0,0,0,0,0,0,0,0,0,0,0,24,0,1500,2109.2809432399613,1356.1631450429559,3979.0730359964073,0.0
1790156956,8,,Aggregated,1.800000,0.000000,0,0,0,0,0,0,0,0,0,0,0,72,0,1500,8840.39496287947,134.81145691287915,28556.256538955495,42.666666666666664
1790156958,8,POST,completion,0.600000,0.000000,0,0,0,0,0,0,0,0,0,0,0,24,0,24000,24237.6651186302,18570.695288013667,28556.256538955495,128.0
1790156958,8,TPOT,completion,0.600000,0.000000,0,0,0,0,0,0,0,0,0,0,0,24,0,180,174.2388267682534,134.81145691287915,213.1239799360972,0.0
1790156958,8,TTFT,completion,0.600000,0.000000,0,0,0,0,0,0,0,0,0,0,0,24,0,1500,2109.2809432399613,1356.1631450429559,3979.0730359964073,0.0
1790156958,8,,Aggregated,1.800000,0.000000,0,0,0,0,0,0,0,0,0,0,0,72,0,1500,8840.39496287947,134.81145691287915,28556.256538955495,42.666666666666664
1790156959,8,POST,completion,0.600000,0.000000,0,0,0,0,0,0,0,0,0,0,0,24,0,24000,24237.6651186302,18570.695288013667,28556.256538955495,128.0
1790156959,8,TPOT,completion,0.600000,0.000000,0,0,0,0,0,0,0,0,0,0,0,24,0,180,174.2388267682534,134.81145691287915,213.1239799360972,0.0
1790156959,8,TTFT,completion,0.600000,0.000000,0,0,0,0,0,0,0,0,0,0,0,24,0,1500,2109.2809432399613,1356.1631450429559,3979.0730359964073,0.0
1790156959,8,,Aggregated,1.800000,0.000000,0,0,0,0,0,0,0,0,0,0,0,72,0,1500,8840.39496287947,134.81145691287915,28556.256538955495,42.666666666666664
1790156960,8,POST,completion,0.600000,0.000000,0,0,0,0,0,0,0,0,0,0,0,24,0,24000,24237.6651186302,18570.695288013667,28556.256538955495,128.0
1790156960,8,TPOT,completion,0.600000,0.000000,0,0,0,0,0,0,0,0,0,0,0,24,0,180,174.2388267682534,134.81145691287915,213.1239799360972,0.0
1790156960,8,TTFT,completion,0.600000,0.000000,0,0,0,0,0,0,0,0,0,0,0,24,0,1500,2109.2809432399613,1356.1631450429559,3979.0730359964073,0.0
1790156960,8,,Aggregated,1.800000,0.000000,0,0,0,0,0,0,0,0,0,0,0,72,0,1500,8840.39496287947,134.81145691287915,28556.256538955495,42.666666666666664
1790156961,8,POST,completion,0.600000,0.000000,0,0,0,0,0,0,0,0,0,0,0,24,0,24000,24237.6651186302,18570.695288013667,28556.256538955495,128.0
1790156961,8,TPOT,completion,0.600000,0.000000,0,0,0,0,0,0,0,0,0,0,0,24,0,180,174.2388267682534,134.81145691287915,213.1239799360972,0.0
1790156961,8,TTFT,completion,0.600000,0.000000,0,0,0,0,0,0,0,0,0,0,0,24,0,1500,2109.2809432399613,1356.1631450429559,3979.0730359964073,0.0
1790156961,8,,Aggregated,1.800000,0.000000,0,0,0,0,0,0,0,0,0,0,0,72,0,1500,8840.39496287947,134.81145691287915,28556.256538955495,42.666666666666664
1790156962,8,POST,completion,0.600000,0.000000,0,0,0,0,0,0,0,0,0,0,0,24,0,24000,24237.6651186302,18570.695288013667,28556.256538955495,128.0
1790156962,8,TPOT,completion,0.600000,0.000000,0,0,0,0,0,0,0,0,0,0,0,24,0,180,174.2388267682534,134.81145691287915,213.1239799360972,0.0
1790156962,8,TTFT,completion,0.600000,0.000000,0,0,0,0,0,0,0,0,0,0,0,24,0,1500,2109.2809432399613,1356.1631450429559,3979.0730359964073,0.0
1790156962,8,,Aggregated,1.800000,0.000000,0,0,0,0,0,0,0,0,0,0,0,72,0,1500,8840.39496287947,134.81145691287915,28556.256538955495,42.666666666666664
1790156963,8,POST,completion,0.600000,0.000000,0,0,0,0,0,0,0,0,0,0,0,24,0,24000,24237.6651186302,18570.695288013667,28556.256538955495,128.0
1790156963,8,TPOT,completion,0.600000,0.000000,0,0,0,0,0,0,0,0,0,0,0,24,0,180,174.2388267682534,134.81145691287915,213.1239799360972,0.0
1790156963,8,TTFT,completion,0.600000,0.000000,0,0,0,0,0,0,0,0,0,0,0,24,0,1500,2109.2809432399613,1356.1631450429559,3979.0730359964073,0.0
1790156963,8,,Aggregated,1.800000,0.000000,0,0,0,0,0,0,0,0,0,0,0,72,0,1500,8840.39496287947,134.81145691287915,28556.256538955495,42.666666666666664
1790156964,8,POST,completion,0.600000,0.000000,0,0,0,0,0,0,0,0,0,0,0,24,0,24000,24237.6651186302,18570.695288013667,28556.256538955495,128.0
1790156964,8,TPOT,completion,0.600000,0.000000,0,0,0,0,0,0,0,0,0,0,0,24,0,180,174.2388267682534,134.81145691287915,213.1239799360972,0.0
1790156964,8,TTFT,completion,0.600000,0.000000,0,0,0,0,0,0,0,0,0,0,0,24,0,1500,2109.2809432399613,1356.1631450429559,3979.0730359964073,0.0
1790156964,8,,Aggregated,1.800000,0.000000,0,0,0,0,0,0,0,0,0,0,0,72,0,1500,8840.39496287947,134.81145691287915,28556.256538955495,42.666666666666664
1790156965,8,POST,completion,0.600000,0.000000,0,0,0,0,0,0,0,0,0,0,0,24,0,24000,24237.6651186302,18570.695288013667,28556.256538955495,128.0
1790156965,8,TPOT,completion,0.600000,0.000000,0,0,0,0,0,0,0,0,0,0,0,24,0,180,174.2388267682534,134.81145691287915,213.1239799360972,0.0
1790156965,8,TTFT,completion,0.600000,0.000000,0,0,0,0,0,0,0,0,0,0,0,24,0,1500,2109.2809432399613,1356.1631450429559,3979.0730359964073,0.0
1790156965,8,,Aggregated,1.800000,0.000000,0,0,0,0,0,0,0,0,0,0,0,72,0,1500,8840.39496287947,134.81145691287915,28556.256538955495,42.666666666666664
1790156966,8,POST,completion,0.600000,0.000000,0,0,0,0,0,0,0,0,0,0,0,24,0,24000,24237.6651186302,18570.695288013667,28556.256538955495,128.0
1790156966,8,TPOT,completion,0.600000,0.000000,0,0,0,0,0,0,0,0,0,0,0,24,0,180,174.2388267682534,134.81145691287915,213.1239799360972,0.0
1790156966,8,TTFT,completion,0.600000,0.000000,0,0,0,0,0,0,0,0,0,0,0,24,0,1500,2109.2809432399613,1356.1631450429559,3979.0730359964073,0.0
1790156966,8,,Aggregated,1.800000,0.000000,0,0,0,0,0,0,0,0,0,0,0,72,0,1500,8840.39496287947,134.81145691287915,28556.256538955495,42.666666666666664
1790156967,8,POST,completion,0.600000,0.000000,0,0,0,0,0,0,0,0,0,0,0,24,0,24000,24237.6651186302,18570.695288013667,28556.256538955495,128.0
1790156967,8,TPOT,completion,0.600000,0.000000,0,0,0,0,0,0,0,0,0,0,0,24,0,180,174.2388267682534,134.81145691287915,213.1239799360972,0.0
1790156967,8,TTFT,completion,0.600000,0.000000,0,0,0,0,0,0,0,0,0,0,0,24,0,1500,2109.2809432399613,1356.1631450429559,3979.0730359964073,0.0
1790156967,8,,Aggregated,1.800000,0.000000,0,0,0,0,0,0,0,0,0,0,0,72,0,1500,8840.39496287947,134.81145691287915,28556.256538955495,42.666666666666664
1790156968,8,POST,completion,0.000000,0.000000,29000,29000,29000,29000,29000,29000,29000,29000,29000,29000,29000,25,0,24000,24437.28701072745,18570.695288013667,29228.21242106147,128.0
1790156968,8,TPOT,completion,0.000000,0.000000,220,220,220,220,220,220,220,220,220,220,220,25,0,180,176.01064190693847,134.81145691287915,218.53420523537952,0.0
1790156968,8,TTFT,completion,0.000000,0.000000,1500,1500,1500,1500,1500,1500,1500,1500,1500,1500,1500,25,0,1500,2083.882151795551,1356.1631450429559,3979.0730359964073,0.0
1790156968,8,,Aggregated,0.000000,0.000000,1500,1500,29000,29000,29000,29000,29000,29000,29000,29000,29000,75,0,1500,8899.059934809979,134.81145691287915,29228.21242106147,42.666666666666664
1790156969,8,POST,completion,0.000000,0.000000,29000,29000,29000,29000,29000,29000,29000,29000,29000,29000,29000,25,0,24000,24437.28701072745,18570.695288013667,29228.21242106147,128.0
1790156969,8,TPOT,completion,0.000000,0.000000,220,220,220,220,220,220,220,220,220,220,220,25,0,180,176.01064190693847,134.81145691287915,218.53420523537952,0.0
1790156969,8,TTFT,completion,0.000000,0.000000,1500,1500,1500,1500,1500,1500,1500,1500,1500,1500,1500,25,0,1500,2083.882151795551,1356.1631450429559,3979.0730359964073,0.0
1790156969,8,,Aggregated,0.000000,0.000000,1500,1500,29000,29000,29000,29000,29000,29000,29000,29000,29000,75,0,1500,8899.059934809979,134.81145691287915,29228.21242106147,42.666666666666664
1790156970,8,POST,completion,0.000000,0.000000,28000,28000,29000,29000,29000,29000,29000,29000,29000,29000,29000,28,0,26000,24740.47853675438,18570.695288013667,29228.21242106147,128.0
1790156970,8,TPOT,completion,0.000000,0.000000,210,210,220,220,220,220,220,220,220,220,220,28,0,190,178.45283997065994,134.81145691287915,218.53420523537952,0.0
1790156970,8,TTFT,completion,0.000000,0.000000,2000,2000,2500,2500,2500,2500,2500,2500,2500,2500,2500,28,0,1500,2076.915156711558,1356.1631450429559,3979.0730359964073,0.0
1790156970,8,,Aggregated,0.000000,0.000000,2000,2500,28000,28000,28000,29000,29000,29000,29000,29000,29000,84,0,1500,8998.615511145534,134.81145691287915,29228.21242106147,42.666666666666664
1790156971,8,POST,completion,0.000000,0.000000,28000,28000,29000,29000,29000,29000,29000,29000,29000,29000,29000,28,0,26000,24740.47853675438,18570.695288013667,29228.21242106147,128.0
1790156971,8,TPOT,completion,0.000000,0.000000,210,210,220,220,220,220,220,220,220,220,220,28,0,190,178.45283997065994,134.81145691287915,218.53420523537952,0.0
1790156971,8,TTFT,completion,0.000000,0.000000,2000,2000,2500,2500,2500,2500,2500,2500,2500,2500,2500,28,0,1500,2076.915156711558,1356.1631450429559,3979.0730359964073,0.0
1790156971,8,,Aggregated,0.000000,0.000000,2000,2500,28000,28000,28000,29000,29000,29000,29000,29000,29000,84,0,1500,8998.615511145534,134.81145691287915,29228.21242106147,42.666666666666664
1790156972,8,POST,completion,0.000000,0.000000,28000,28000,29000,29000,29000,29000,29000,29000,29000,29000,29000,28,0,26000,24740.47853675438,18570.695288013667,29228.21242106147,128.0
1790156972,8,TPOT,completion,0.000000,0.000000,210,210,220,220,220,220,220,220,220,220,220,28,0,190,178.45283997065994,134.81145691287915,218.53420523537952,0.0
1790156972,8,TTFT,completion,0.000000,0.000000,2000,2000,2500,2500,2500,2500,2500,2500,2500,2500,2500,28,0,1500,2076.915156711558,1356.1631450429559,3979.0730359964073,0.0
1790156972,8,,Aggregated,0.000000,0.000000,2000,2500,28000,28000,28000,29000,29000,29000,29000,29000,29000,84,0,1500,8998.615511145534,134.81145691287915,29228.21242106147,42.666666666666664
1790156973,8,POST,completion,0.000000,0.000000,28000,28000,29000,29000,29000,29000,29000,29000,29000,29000,29000,28,0,26000,24740.47853675438,18570.695288013667,29228.21242106147,128.0
1790156973,8,TPOT,completion,0.000000,0.000000,210,210,220,220,220,220,220,220,220,220,220,28,0,190,178.45283997065994,134.81145691287915,218.53420523537952,0.0
1790156973,8,TTFT,completion,0.000000,0.000000,2000,2000,2500,2500,2500,2500,2500,2500,2500,2500,2500,28,0,1500,2076.915156711558,1356.1631450429559,3979.0730359964073,0.0
1790156973,8,,Aggregated,0.000000,0.000000,2000,2500,28000,28000,28000,29000,29000,29000,29000,29000,29000,84,0,1500,8998.615511145534,134.81145691287915,29228.21242106147,42.666666666666664
1790156974,8,POST,completion,0.000000,0.000000,28000,28000,29000,29000,29000,29000,29000,29000,29000,29000,29000,28,0,26000,24740.47853675438,18570.695288013667,29228.21242106147,128.0
1790156974,8,TPOT,completion,0.000000,0.000000,210,210,220,220,220,220,220,220,220,220,220,28,0,190,178.45283997065994,134.81145691287915,218.53420523537952,0.0
1790156974,8,TTFT,completion,0.000000,0.000000,2000,2000,2500,2500,2500,2500,2500,2500,2500,2500,2500,28,0,1500,2076.915156711558,1356.1631450429559,3979.0730359964073,0.0
1790156974,8,,Aggregated,0.000000,0.000000,2000,2500,28000,28000,28000,29000,29000,29000,29000,29000,29000,84,0,1500,8998.615511145534,134.81145691287915,29228.21242106147,42.666666666666664
1790156975,8,POST,completion,0.400000,0.000000,26000,28000,28000,28000,29000,29000,29000,29000,29000,29000,29000,31,0,24000,24679.96398187543,18570.695288013667,29228.21242106147,128.0
1790156975,8,TPOT,completion,0.400000,0.000000,190,200,210,210,220,220,220,220,220,220,220,31,0,180,176.85764512714974,134.81145691287915,218.53420523537952,0.0
1790156975,8,TTFT,completion,0.400000,0.000000,2000,2500,4500,4500,4500,4500,4500,4500,4500,4500,4500,31,0,1500,2218.99045264769,1356.1631450429559,4450.678409077227,0.0
1790156975,8,,Aggregated,1.200000,0.000000,2000,4500,24000,24000,28000,28000,29000,29000,29000,29000,29000,93,0,1500,9025.270693216757,134.81145691287915,29228.21242106147,42.666666666666664
1790156976,8,POST,completion,0.400000,0.000000,26000,28000,28000,28000,29000,29000,29000,29000,29000,29000,29000,31,0,24000,24679.96398187543,18570.695288013667,29228.21242106147,128.0
1790156976,8,TPOT,completion,0.400000,0.000000,190,200,210,210,220,220,220,220,220,220,220,31,0,180,176.85764512714974,134.81145691287915,218.53420523537952,0.0
1790156976,8,TTFT,completion,0.400000,0.000000,2000,2500,4500,4500,4500,4500,4500,4500,4500,4500,4500,31,0,1500,2218.99045264769,1356.1631450429559,4450.678409077227,0.0
1790156976,8,,Aggregated,1.200000,0.000000,2000,4500,24000,24000,28000,28000,29000,29000,29000,29000,29000,93,0,1500,9025.270693216757,134.81145691287915,29228.21242106147,42.666666666666664
1790156977,8,POST,completion,0.400000,0.000000,26000,28000,28000,28000,29000,29000,29000,29000,29000,29000,29000,31,0,24000,24679.96398187543,18570.695288013667,29228.21242106147,128.0
1790156977,8,TPOT,completion,0.400000,0.000000,190,200,210,210,220,220,220,220,220,220,220,31,0,180,176.85764512714974,134.81145691287915,218.53420523537952,0.0
1790156977,8,TTFT,completion,0.400000,0.000000,2000,2500,4500,4500,4500,4500,4500,4500,4500,4500,4500,31,0,1500,2218.99045264769,1356.1631450429559,4450.678409077227,0.0
1790156977,8,,Aggregated,1.200000,0.000000,2000,4500,24000,24000,28000,28000,29000,29000,29000,29000,29000,93,0,1500,9025.270693216757,134.81145691287915,29228.21242106147,42.666666666666664
1790156978,8,POST,completion,0.400000,0.000000,26000,26000,28000,28000,28000,28000,28000,28000,28000,28000,28000,31,0,24000,24679.96398187543,18570.695288013667,29228.21242106147,128.0
1790156978,8,TPOT,completion,0.400000,0.000000,190,190,200,200,210,210,210,210,210,210,210,31,0,180,176.85764512714974,134.81145691287915,218.53420523537952,0.0
1790156978,8,TTFT,completion,0.400000,0.000000,2500,2500,4500,4500,4500,4500,4500,4500,4500,4500,4500,31,0,1500,2218.99045264769,1356.1631450429559,4450.678409077227,0.0
1790156978,8,,Aggregated,1.200000,0.000000,2500,4500,24000,24000,28000,28000,28000,28000,28000,28000,28000,93,0,1500,9025.270693216757,134.81145691287915,29228.21242106147,42.666666666666664
1790156979,8,POST,completion,0.400000,0.000000,26000,26000,28000,28000,28000,28000,28000,28000,28000,28000,28000,31,0,24000,24679.96398187543,18570.695288013667,29228.21242106147,128.0
1790156979,8,TPOT,completion,0.400000,0.000000,190,190,200,200,210,210,210,210,210,210,210,31,0,180,176.85764512714974,134.81145691287915,218.53420523537952,0.0
1790156979,8,TTFT,completion,0.400000,0.000000,2500,2500,4500,4500,4500,4500,4500,4500,4500,4500,4500,31,0,1500,2218.99045264769,1356.1631450429559,4450.678409077227,0.0
1790156979,8,,Aggregated,1.200000,0.000000,2500,4500,24000,24000,28000,28000,28000,28000,28000,28000,28000,93,0,1500,9025.270693216757,134.81145691287915,29228.21242106147,42.666666666666664
1790156980,8,POST,completion,0.700000,0.000000,24000,26000,28000,28000,28000,28000,28000,28000,28000,28000,28000,32,0,24000,24508.71390987595,18570.695288013667,29228.21242106147,128.0
1790156980,8,TPOT,completion,0.700000,0.000000,180,190,200,200,210,210,210,210,210,210,210,32,0,180,175.61409451812463,134.81145691287915,218.53420523537952,0.0
1790156980,8,TTFT,completion,0.700000,0.000000,2000,2500,4500,4500,4500,4500,4500,4500,4500,4500,4500,32,0,1700,2205.671501251345,1356.1631450429559,4450.678409077227,0.0
1790156980,8,,Aggregated,2.100000,0.000000,2000,4500,24000,24000,26000,28000,28000,28000,28000,28000,28000,96,0,1700,8963.333168548474,134.81145691287915,29228.21242106147,42.666666666666664
1790156981,8,POST,completion,0.700000,0.000000,24000,24000,24000,24000,24000,24000,24000,24000,24000,24000,24000,32,0,24000,24508.71390987595,18570.695288013667,29228.21242106147,128.0
1790156981,8,TPOT,completion,0.700000,0.000000,150,150,180,180,180,180,180,180,180,180,180,32,0,180,175.61409451812463,134.81145691287915,218.53420523537952,0.0
1790156981,8,TTFT,completion,0.700000,0.000000,4500,4500,4500,4500,4500,4500,4500,4500,4500,4500,4500,32,0,1700,2205.671501251345,1356.1631450429559,4450.678409077227,0.0
1790156981,8,,Aggregated,2.100000,0.000000,4500,4500,24000,24000,24000,24000,24000,24000,24000,24000,24000,96,0,1700,8963.333168548474,134.81145691287915,29228.21242106147,42.666666666666664
1790156982,8,POST,completion,0.700000,0.000000,24000,24000,24000,24000,24000,24000,24000,24000,24000,24000,24000,32,0,24000,24508.71390987595,18570.695288013667,29228.21242106147,128.0
1790156982,8,TPOT,completion,0.700000,0.000000,150,150,180,180,180,180,180,180,180,180,180,32,0,180,175.61409451812463,134.81145691287915,218.53420523537952,0.0
1790156982,8,TTFT,completion,0.700000,0.000000,4500,4500,4500,4500,4500,4500,4500,4500,4500,4500,4500,32,0,1700,2205.671501251345,1356.1631450429559,4450.678409077227,0.0
1790156982,8,,Aggregated,2.100000,0.000000,4500,4500,24000,24000,24000,24000,24000,24000,24000,24000,24000,96,0,1700,8963.333168548474,134.81145691287915,29228.21242106147,42.666666666666664
1790156983,8,POST,completion,0.700000,0.000000,24000,24000,24000,24000,24000,24000,24000,24000,24000,24000,24000,32,0,24000,24508.71390987595,18570.695288013667,29228.21242106147,128.0
1790156983,8,TPOT,completion,0.700000,0.000000,150,150,180,180,180,180,180,180,180,180,180,32,0,180,175.61409451812463,134.81145691287915,218.53420523537952,0.0
1790156983,8,TTFT,completion,0.700000,0.000000,4500,4500,4500,4500,4500,4500,4500,4500,4500,4500,4500,32,0,1700,2205.671501251345,1356.1631450429559,4450.678409077227,0.0
1790156983,8,,Aggregated,2.100000,0.000000,4500,4500,24000,24000,24000,24000,24000,24000,24000,24000,24000,96,0,1700,8963.333168548474,134.81145691287915,29228.21242106147,42.666666666666664
1790156984,8,POST,completion,0.700000,0.000000,24000,24000,24000,24000,24000,24000,24000,24000,24000,24000,24000,32,0,24000,24508.71390987595,18570.695288013667,29228.21242106147,128.0
1790156984,8,TPOT,completion,0.700000,0.000000,150,150,150,150,150,150,150,150,150,150,150,32,0,180,175.61409451812463,134.81145691287915,218.53420523537952,0.0
1790156984,8,TTFT,completion,0.700000,0.000000,4500,4500,4500,4500,4500,4500,4500,4500,4500,4500,4500,32,0,1700,2205.671501251345,1356.1631450429559,4450.678409077227,0.0
1790156984,8,,Aggregated,2.100000,0.000000,4500,4500,19000,24000,24000,24000,24000,24000,24000,24000,24000,96,0,1700,8963.333168548474,134.81145691287915,29228.21242106147,42.666666666666664
1790156985,8,POST,completion,0.700000,0.000000,24000,24000,24000,24000,24000,24000,24000,24000,24000,24000,24000,32,0,24000,24508.71390987595,18570.695288013667,29228.21242106147,128.0
1790156985,8,TPOT,completion,0.700000,0.000000,150,150,150,150,150,150,150,150,150,150,150,32,0,180,175.61409451812463,134.81145691287915,218.53420523537952,0.0
1790156985,8,TTFT,completion,0.700000,0.000000,4500,4500,4500,4500,4500,4500,4500,4500,4500,4500,4500,32,0,1700,2205.671501251345,1356.1631450429559,4450.678409077227,0.0
1790156985,8,,Aggregated,2.100000,0.000000,4500,4500,19000,24000,24000,24000,24000,24000,24000,24000,24000,96,0,1700,8963.333168548474,134.81145691287915,29228.21242106147,42.666666666666664
1790156986,8,POST,completion,0.700000,0.000000,24000,24000,24000,24000,24000,24000,24000,24000,24000,24000,24000,32,0,24000,24508.71390987595,18570.695288013667,29228.21242106147,128.0
1790156986,8,TPOT,completion,0.700000,0.000000,150,150,150,150,150,150,150,150,150,150,150,32,0,180,175.61409451812463,134.81145691287915,218.53420523537952,0.0
1790156986,8,TTFT,completion,0.700000,0.000000,4500,4500,4500,4500,4500,4500,4500,4500,4500,4500,4500,32,0,1700,2205.671501251345,1356.1631450429559,4450.678409077227,0.0
1790156986,8,,Aggregated,2.100000,0.000000,4500,4500,19000,24000,24000,24000,24000,24000,24000,24000,24000,96,0,1700,8963.333168548474,134.81145691287915,29228.21242106147,42.666666666666664
1790156987,8,POST,completion,0.700000,0.000000,19000,19000,19000,19000,19000,19000,19000,19000,19000,19000,19000,32,0,24000,24508.71390987595,18570.695288013667,29228.21242106147,128.0
1790156987,8,TPOT,completion,0.700000,0.000000,140,140,140,140,140,140,140,140,140,140,140,32,0,180,175.61409451812463,134.81145691287915,218.53420523537952,0.0
1790156987,8,TTFT,completion,0.700000,0.000000,1800,1800,1800,1800,1800,1800,1800,1800,1800,1800,1800,32,0,1700,2205.671501251345,1356.1631450429559,4450.678409077227,0.0
1790156987,8,,Aggregated,2.100000,0.000000,1800,1800,19000,19000,19000,19000,19000,19000,19000,19000,19000,96,0,1700,8963.333168548474,134.81145691287915,29228.21242106147,42.666666666666664
1790156988,8,POST,completion,0.700000,0.000000,19000,19000,19000,19000,19000,19000,19000,19000,19000,19000,19000,32,0,24000,24508.71390987595,18570.695288013667,29228.21242106147,128.0
1790156988,8,TPOT,completion,0.700000,0.000000,140,140,140,140,140,140,140,140,140,140,140,32,0,180,175.61409451812463,134.81145691287915,218.53420523537952,0.0
1790156988,8,TTFT,completion,0.700000,0.000000,1800,1800,1800,1800,1800,1800,1800,1800,1800,1800,1800,32,0,1700,2205.671501251345,1356.1631450429559,4450.678409077227,0.0
1790156988,8,,Aggregated,2.100000,0.000000,1800,1800,19000,19000,19000,19000,19000,19000,19000,19000,19000,96,0,1700,8963.333168548474,134.81145691287915,29228.21242106147,42.666666666666664
1790156989,8,POST,completion,0.700000,0.000000,19000,19000,19000,19000,19000,19000,19000,19000,19000,19000,19000,32,0,24000,24508.71390987595,18570.695288013667,29228.21242106147,128.0
1790156989,8,TPOT,completion,0.700000,0.000000,140,140,140,140,140,140,140,140,140,140,140,32,0,180,175.61409451812463,134.81145691287915,218.53420523537952,0.0
1790156989,8,TTFT,completion,0.700000,0.000000,1800,1800,1800,1800,1800,1800,1800,1800,1800,1800,1800,32,0,1700,2205.671501251345,1356.1631450429559,4450.678409077227,0.0
1790156989,8,,Aggregated,2.100000,0.000000,1800,1800,19000,19000,19000,19000,19000,19000,19000,19000,19000,96,0,1700,8963.333168548474,134.81145691287915,29228.21242106147,42.666666666666664
1790156990,8,POST,completion,0.700000,0.000000,19000,19000,19000,19000,19000,19000,19000,19000,19000,19000,19000,32,0,24000,24508.71390987595,18570.695288013667,29228.21242106147,128.0
1790156990,8,TPOT,completion,0.700000,0.000000,140,140,140,140,140,140,140,140,140,140,140,32,0,180,175.61409451812463,134.81145691287915,218.53420523537952,0.0
1790156990,8,TTFT,completion,0.700000,0.000000,1800,1800,1800,1800,1800,1800,1800,1800,1800,1800,1800,32,0,1700,2205.671501251345,1356.1631450429559,4450.678409077227,0.0
1790156990,8,,Aggregated,2.100000,0.000000,1800,1800,19000,19000,19000,19000,19000,19000,19000,19000,19000,96,0,1700,8963.333168548474,134.81145691287915,29228.21242106147,42.666666666666664
1790156991,8,POST,completion,0.700000,0.000000,19000,19000,19000,19000,19000,19000,19000,19000,19000,19000,19000,32,0,24000,24508.71390987595,18570.695288013667,29228.21242106147,128.0
1790156991,8,TPOT,completion,0.700000,0.000000,140,140,140,140,140,140,140,140,140,140,140,32,0,180,175.61409451812463,134.81145691287915,218.53420523537952,0.0
1790156991,8,TTFT,completion,0.700000,0.000000,1800,1800,1800,1800,1800,1800,1800,1800,1800,1800,1800,32,0,1700,2205.671501251345,1356.1631450429559,4450.678409077227,0.0
1790156991,8,,Aggregated,2.100000,0.000000,1800,1800,19000,19000,19000,19000,19000,19000,19000,19000,19000,96,0,1700,8963.333168548474,134.81145691287915,29228.21242106147,42.666666666666664
1790156992,8,POST,completion,0.700000,0.000000,19000,19000,19000,19000,19000,19000,19000,19000,19000,19000,19000,32,0,24000,24508.71390987595,18570.695288013667,29228.21242106147,128.0
1790156992,8,TPOT,completion,0.700000,0.000000,140,140,140,140,140,140,140,140,140,140,140,32,0,180,175.61409451812463,134.81145691287915,218.53420523537952,0.0
1790156992,8,TTFT,completion,0.700000,0.000000,1800,1800,1800,1800,1800,1800,1800,1800,1800,1800,1800,32,0,1700,2205.671501251345,1356.1631450429559,4450.678409077227,0.0
1790156992,8,,Aggregated,2.100000,0.000000,1800,1800,19000,19000,19000,19000,19000,19000,19000,19000,19000,96,0,1700,8963.333168548474,134.81145691287915,29228.21242106147,42.666666666666664
1790156993,8,POST,completion,0.700000,0.000000,19000,19000,19000,19000,19000,19000,19000,19000,19000,19000,19000,32,0,24000,24508.71390987595,18570.695288013667,29228.21242106147,128.0
1790156993,8,TPOT,completion,0.700000,0.000000,140,140,140,140,140,140,140,140,140,140,140,32,0,180,175.61409451812463,134.81145691287915,218.53420523537952,0.0
1790156993,8,TTFT,completion,0.700000,0.000000,1800,1800,1800,1800,1800,1800,1800,1800,1800,1800,1800,32,0,1700,2205.671501251345,1356.1631450429559,4450.678409077227,0.0
1790156993,8,,Aggregated,2.100000,0.000000,1800,1800,19000,19000,19000,19000,19000,19000,19000,19000,19000,96,0,1700,8963.333168548474,134.81145691287915,29228.21242106147,42.666666666666664
1790156994,8,POST,completion,0.700000,0.000000,19000,19000,19000,19000,19000,19000,19000,19000,19000,19000,19000,32,0,24000,24508.71390987595,18570.695288013667,29228.21242106147,128.0
1790156994,8,TPOT,completion,0.700000,0.000000,140,140,140,140,140,140,140,140,140,140,140,32,0,180,175.61409451812463,134.81145691287915,218.53420523537952,0.0
1790156994,8,TTFT,completion,0.700000,0.000000,1800,1800,1800,1800,1800,1800,1800,1800,1800,1800,1800,32,0,1700,2205.671501251345,1356.1631450429559,4450.678409077227,0.0
1790156994,8,,Aggregated,2.100000,0.000000,1800,1800,19000,19000,19000,19000,19000,19000,19000,19000,19000,96,0,1700,8963.333168548474,134.81145691287915,29228.21242106147,42.666666666666664
1790156995,8,POST,completion,0.700000,0.000000,19000,19000,19000,19000,19000,19000,19000,19000,19000,19000,19000,32,0,24000,24508.71390987595,18570.695288013667,29228.21242106147,128.0
1790156995,8,TPOT,completion,0.700000,0.000000,140,140,140,140,140,140,140,140,140,140,140,32,0,180,175.61409451812463,134.81145691287915,218.53420523537952,0.0
1790156995,8,TTFT,completion,0.700000,0.000000,1800,1800,1800,1800,1800,1800,1800,1800,1800,1800,1800,32,0,1700,2205.671501251345,1356.1631450429559,4450.678409077227,0.0
1790156995,8,,Aggregated,2.100000,0.000000,1800,1800,19000,19000,19000,19000,19000,19000,19000,19000,19000,96,0,1700,8963.333168548474,134.81145691287915,29228.21242106147,42.666666666666664
1790156996,8,POST,completion,0.700000,0.000000,19000,19000,19000,19000,19000,19000,19000,19000,19000,19000,19000,32,0,24000,24508.71390987595,18570.695288013667,29228.21242106147,128.0
1790156996,8,TPOT,completion,0.700000,0.000000,140,140,140,140,140,140,140,140,140,140,140,32,0,180,175.61409451812463,134.81145691287915,218.53420523537952,0.0
1790156996,8,TTFT,completion,0.700000,0.000000,1800,1800,1800,1800,1800,1800,1800,1800,1800,1800,1800,32,0,1700,2205.671501251345,1356.1631450429559,4450.678409077227,0.0
1790156996,8,,Aggregated,2.100000,0.000000,1800,1800,19000,19000,19000,19000,19000,19000,19000,19000,19000,96,0,1700,8963.333168548474,134.81145691287915,29228.21242106147,42.666666666666664
1790156997,8,POST,completion,0.700000,0.000000,0,0,0,0,0,0,0,0,0,0,0,32,0,24000,24508.71390987595,18570.695288013667,29228.21242106147,128.0
1790156997,8,TPOT,completion,0.700000,0.000000,0,0,0,0,0,0,0,0,0,0,0,32,0,180,175.61409451812463,134.81145691287915,218.53420523537952,0.0
1790156997,8,TTFT,completion,0.700000,0.000000,0,0,0,0,0,0,0,0,0,0,0,32,0,1700,2205.671501251345,1356.1631450429559,4450.678409077227,0.0
1790156997,8,,Aggregated,2.100000,0.000000,0,0,0,0,0,0,0,0,0,0,0,96,0,1700,8963.333168548474,134.81145691287915,29228.21242106147,42.666666666666664
1790156998,8,POST,completion,0.700000,0.000000,0,0,0,0,0,0,0,0,0,0,0,32,0,24000,24508.71390987595,18570.695288013667,29228.21242106147,128.0
1790156998,8,TPOT,completion,0.700000,0.000000,0,0,0,0,0,0,0,0,0,0,0,32,0,180,175.61409451812463,134.81145691287915,218.53420523537952,0.0
1790156998,8,TTFT,completion,0.700000,0.000000,0,0,0,0,0,0,0,0,0,0,0,32,0,1700,2205.671501251345,1356.1631450429559,4450.678409077227,0.0
1790156998,8,,Aggregated,2.100000,0.000000,0,0,0,0,0,0,0,0,0,0,0,96,0,1700,8963.333168548474,134.81145691287915,29228.21242106147,42.666666666666664
1790156999,8,POST,completion,0.700000,0.000000,0,0,0,0,0,0,0,0,0,0,0,32,0,24000,24508.71390987595,18570.695288013667,29228.21242106147,128.0
1790156999,8,TPOT,completion,0.700000,0.000000,0,0,0,0,0,0,0,0,0,0,0,32,0,180,175.61409451812463,134.81145691287915,218.53420523537952,0.0
1790156999,8,TTFT,completion,0.700000,0.000000,0,0,0,0,0,0,0,0,0,0,0,32,0,1700,2205.671501251345,1356.1631450429559,4450.678409077227,0.0
1790156999,8,,Aggregated,2.100000,0.000000,0,0,0,0,0,0,0,0,0,0,0,96,0,1700,8963.333168548474,134.81145691287915,29228.21242106147,42.666666666666664
1790157000,8,POST,completion,0.700000,0.000000,0,0,0,0,0,0,0,0,0,0,0,32,0,24000,24508.71390987595,18570.695288013667,29228.21242106147,128.0
1790157000,8,TPOT,completion,0.700000,0.000000,0,0,0,0,0,0,0,0,0,0,0,32,0,180,175.61409451812463,134.81145691287915,218.53420523537952,0.0
1790157000,8,TTFT,completion,0.700000,0.000000,0,0,0,0,0,0,0,0,0,0,0,32,0,1700,2205.671501251345,1356.1631450429559,4450.678409077227,0.0
1790157000,8,,Aggregated,2.100000,0.000000,0,0,0,0,0,0,0,0,0,0,0,96,0,1700,8963.333168548474,134.81145691287915,29228.21242106147,42.666666666666664
1790157001,8,POST,completion,0.700000,0.000000,0,0,0,0,0,0,0,0,0,0,0,32,0,24000,24508.71390987595,18570.695288013667,29228.21242106147,128.0
1790157001,8,TPOT,completion,0.700000,0.000000,0,0,0,0,0,0,0,0,0,0,0,32,0,180,175.61409451812463,134.81145691287915,218.53420523537952,0.0
1790157001,8,TTFT,completion,0.700000,0.000000,0,0,0,0,0,0,0,0,0,0,0,32,0,1700,2205.671501251345,1356.1631450429559,4450.678409077227,0.0
1790157001,8,,Aggregated,2.100000,0.000000,0,0,0,0,0,0,0,0,0,0,0,96,0,1700,8963.333168548474,134.81145691287915,29228.21242106147,42.666666666666664
1790157002,8,POST,completion,0.700000,0.000000,0,0,0,0,0,0,0,0,0,0,0,32,0,24000,24508.71390987595,18570.695288013667,29228.21242106147,128.0
1790157002,8,TPOT,completion,0.700000,0.000000,0,0,0,0,0,0,0,0,0,0,0,32,0,180,175.61409451812463,134.81145691287915,218.53420523537952,0.0
1790157002,8,TTFT,completion,0.700000,0.000000,0,0,0,0,0,0,0,0,0,0,0,32,0,1700,2205.671501251345,1356.1631450429559,4450.678409077227,0.0
1790157002,8,,Aggregated,2.100000,0.000000,0,0,0,0,0,0,0,0,0,0,0,96,0,1700,8963.333168548474,134.81145691287915,29228.21242106147,42.666666666666664
1790157003,8,POST,completion,0.700000,0.000000,0,0,0,0,0,0,0,0,0,0,0,32,0,24000,24508.71390987595,18570.695288013667,29228.21242106147,128.0
1790157003,8,TPOT,completion,0.700000,0.000000,0,0,0,0,0,0,0,0,0,0,0,32,0,180,175.61409451812463,134.81145691287915,218.53420523537952,0.0
1790157003,8,TTFT,completion,0.700000,0.000000,0,0,0,0,0,0,0,0,0,0,0,32,0,1700,2205.671501251345,1356.1631450429559,4450.678409077227,0.0
1790157003,8,,Aggregated,2.100000,0.000000,0,0,0,0,0,0,0,0,0,0,0,96,0,1700,8963.333168548474,134.81145691287915,29228.21242106147,42.666666666666664
1790157004,8,POST,completion,0.700000,0.000000,0,0,0,0,0,0,0,0,0,0,0,32,0,24000,24508.71390987595,18570.695288013667,29228.21242106147,128.0
1790157004,8,TPOT,completion,0.700000,0.000000,0,0,0,0,0,0,0,0,0,0,0,32,0,180,175.61409451812463,134.81145691287915,218.53420523537952,0.0
1790157004,8,TTFT,completion,0.700000,0.000000,0,0,0,0,0,0,0,0,0,0,0,32,0,1700,2205.671501251345,1356.1631450429559,4450.678409077227,0.0
1790157004,8,,Aggregated,2.100000,0.000000,0,0,0,0,0,0,0,0,0,0,0,96,0,1700,8963.333168548474,134.81145691287915,29228.21242106147,42.666666666666664
1790157005,8,POST,completion,0.700000,0.000000,0,0,0,0,0,0,0,0,0,0,0,32,0,24000,24508.71390987595,18570.695288013667,29228.21242106147,128.0
1790157005,8,TPOT,completion,0.700000,0.000000,0,0,0,0,0,0,0,0,0,0,0,32,0,180,175.61409451812463,134.81145691287915,218.53420523537952,0.0
1790157005,8,TTFT,completion,0.700000,0.000000,0,0,0,0,0,0,0,0,0,0,0,32,0,1700,2205.671501251345,1356.1631450429559,4450.678409077227,0.0
1790157005,8,,Aggregated,2.100000,0.000000,0,0,0,0,0,0,0,0,0,0,0,96,0,1700,8963.333168548474,134.81145691287915,29228.21242106147,42.666666666666664
1790157006,8,POST,completion,0.700000,0.000000,0,0,0,0,0,0,0,0,0,0,0,32,0,24000,24508.71390987595,18570.695288013667,29228.21242106147,128.0
1790157006,8,TPOT,completion,0.700000,0.000000,0,0,0,0,0,0,0,0,0,0,0,32,0,180,175.61409451812463,134.81145691287915,218.53420523537952,0.0
1790157006,8,TTFT,completion,0.700000,0.000000,0,0,0,0,0,0,0,0,0,0,0,32,0,1700,2205.671501251345,1356.1631450429559,4450.678409077227,0.0
1790157006,8,,Aggregated,2.100000,0.000000,0,0,0,0,0,0,0,0,0,0,0,96,0,1700,8963.333168548474,134.81145691287915,29228.21242106147,42.666666666666664
1790157007,8,POST,completion,0.700000,0.000000,0,0,0,0,0,0,0,0,0,0,0,32,0,24000,24508.71390987595,18570.695288013667,29228.21242106147,128.0
1790157007,8,TPOT,completion,0.700000,0.000000,0,0,0,0,0,0,0,0,0,0,0,32,0,180,175.61409451812463,134.81145691287915,218.53420523537952,0.0
1790157007,8,TTFT,completion,0.700000,0.000000,0,0,0,0,0,0,0,0,0,0,0,32,0,1700,2205.671501251345,1356.1631450429559,4450.678409077227,0.0
1790157007,8,,Aggregated,2.100000,0.000000,0,0,0,0,0,0,0,0,0,0,0,96,0,1700,8963.333168548474,134.81145691287915,29228.21242106147,42.666666666666664
1790157008,8,POST,completion,0.700000,0.000000,0,0,0,0,0,0,0,0,0,0,0,32,0,24000,24508.71390987595,18570.695288013667,29228.21242106147,128.0
1790157008,8,TPOT,completion,0.700000,0.000000,0,0,0,0,0,0,0,0,0,0,0,32,0,180,175.61409451812463,134.81145691287915,218.53420523537952,0.0
1790157008,8,TTFT,completion,0.700000,0.000000,0,0,0,0,0,0,0,0,0,0,0,32,0,1700,2205.671501251345,1356.1631450429559,4450.678409077227,0.0
1790157008,8,,Aggregated,2.100000,0.000000,0,0,0,0,0,0,0,0,0,0,0,96,0,1700,8963.333168548474,134.81145691287915,29228.21242106147,42.666666666666664
1790157009,8,POST,completion,0.700000,0.000000,0,0,0,0,0,0,0,0,0,0,0,32,0,24000,24508.71390987595,18570.695288013667,29228.21242106147,128.0
1790157009,8,TPOT,completion,0.700000,0.000000,0,0,0,0,0,0,0,0,0,0,0,32,0,180,175.61409451812463,134.81145691287915,218.53420523537952,0.0
1790157009,8,TTFT,completion,0.700000,0.000000,0,0,0,0,0,0,0,0,0,0,0,32,0,1700,2205.671501251345,1356.1631450429559,4450.678409077227,0.0
1790157009,8,,Aggregated,2.100000,0.000000,0,0,0,0,0,0,0,0,0,0,0,96,0,1700,8963.333168548474,134.81145691287915,29228.21242106147,42.666666666666664
1790157010,8,POST,completion,0.700000,0.000000,0,0,0,0,0,0,0,0,0,0,0,32,0,24000,24508.71390987595,18570.695288013667,29228.21242106147,128.0
1790157010,8,TPOT,completion,0.700000,0.000000,0,0,0,0,0,0,0,0,0,0,0,32,0,180,175.61409451812463,134.81145691287915,218.53420523537952,0.0
1790157010,8,TTFT,completion,0.700000,0.000000,0,0,0,0,0,0,0,0,0,0,0,32,0,1700,2205.671501251345,1356.1631450429559,4450.678409077227,0.0
1790157010,8,,Aggregated,2.100000,0.000000,0,0,0,0,0,0,0,0,0,0,0,96,0,1700,8963.333168548474,134.81145691287915,29228.21242106147,42.666666666666664
1790157011,8,POST,completion,0.700000,0.000000,0,0,0,0,0,0,0,0,0,0,0,32,0,24000,24508.71390987595,18570.695288013667,29228.21242106147,128.0
1790157011,8,TPOT,completion,0.700000,0.000000,0,0,0,0,0,0,0,0,0,0,0,32,0,180,175.61409451812463,134.81145691287915,218.53420523537952,0.0
1790157011,8,TTFT,completion,0.700000,0.000000,0,0,0,0,0,0,0,0,0,0,0,32,0,1700,2205.671501251345,1356.1631450429559,4450.678409077227,0.0
1790157011,8,,Aggregated,2.100000,0.000000,0,0,0,0,0,0,0,0,0,0,0,96,0,1700,8963.333168548474,134.81145691287915,29228.21242106147,42.666666666666664
1790157012,8,POST,completion,0.700000,0.000000,0,0,0,0,0,0,0,0,0,0,0,32,0,24000,24508.71390987595,18570.695288013667,29228.21242106147,128.0
1790157012,8,TPOT,completion,0.700000,0.000000,0,0,0,0,0,0,0,0,0,0,0,32,0,180,175.61409451812463,134.81145691287915,218.53420523537952,0.0
1790157012,8,TTFT,completion,0.700000,0.000000,0,0,0,0,0,0,0,0,0,0,0,32,0,1700,2205.671501251345,1356.1631450429559,4450.678409077227,0.0
1790157012,8,,Aggregated,2.100000,0.000000,0,0,0,0,0,0,0,0,0,0,0,96,0,1700,8963.333168548474,134.81145691287915,29228.21242106147,42.666666666666664
1790157013,8,POST,completion,0.700000,0.000000,0,0,0,0,0,0,0,0,0,0,0,32,0,24000,24508.71390987595,18570.695288013667,29228.21242106147,128.0
1790157013,8,TPOT,completion,0.700000,0.000000,0,0,0,0,0,0,0,0,0,0,0,32,0,180,175.61409451812463,134.81145691287915,218.53420523537952,0.0
1790157013,8,TTFT,completion,0.700000,0.000000,0,0,0,0,0,0,0,0,0,0,0,32,0,1700,2205.671501251345,1356.1631450429559,4450.678409077227,0.0
1790157013,8,,Aggregated,2.100000,0.000000,0,0,0,0,0,0,0,0,0,0,0,96,0,1700,8963.333168548474,134.81145691287915,29228.21242106147,42.666666666666664
1790157014,8,POST,completion,0.700000,0.000000,0,0,0,0,0,0,0,0,0,0,0,32,0,24000,24508.71390987595,18570.695288013667,29228.21242106147,128.0
1790157014,8,TPOT,completion,0.700000,0.000000,0,0,0,0,0,0,0,0,0,0,0,32,0,180,175.61409451812463,134.81145691287915,218.53420523537952,0.0
1790157014,8,TTFT,completion,0.700000,0.000000,0,0,0,0,0,0,0,0,0,0,0,32,0,1700,2205.671501251345,1356.1631450429559,4450.678409077227,0.0
1790157014,8,,Aggregated,2.100000,0.000000,0,0,0,0,0,0,0,0,0,0,0,96,0,1700,8963.333168548474,134.81145691287915,29228.21242106147,42.666666666666664
1790157015,8,POST,completion,0.700000,0.000000,0,0,0,0,0,0,0,0,0,0,0,32,0,24000,24508.71390987595,18570.695288013667,29228.21242106147,128.0
1790157015,8,TPOT,completion,0.700000,0.000000,0,0,0,0,0,0,0,0,0,0,0,32,0,180,175.61409451812463,134.81145691287915,218.53420523537952,0.0
1790157015,8,TTFT,completion,0.700000,0.000000,0,0,0,0,0,0,0,0,0,0,0,32,0,1700,2205.671501251345,1356.1631450429559,4450.678409077227,0.0
1790157015,8,,Aggregated,2.100000,0.000000,0,0,0,0,0,0,0,0,0,0,0,96,0,1700,8963.333168548474,134.81145691287915,29228.21242106147,42.666666666666664
1790157016,8,POST,completion,0.700000,0.000000,0,0,0,0,0,0,0,0,0,0,0,32,0,24000,24508.71390987595,18570.695288013667,29228.21242106147,128.0
1790157016,8,TPOT,completion,0.700000,0.000000,0,0,0,0,0,0,0,0,0,0,0,32,0,180,175.61409451812463,134.81145691287915,218.53420523537952,0.0
1790157016,8,TTFT,completion,0.700000,0.000000,0,0,0,0,0,0,0,0,0,0,0,32,0,1700,2205.671501251345,1356.1631450429559,4450.678409077227,0.0
1790157016,8,,Aggregated,2.100000,0.000000,0,0,0,0,0,0,0,0,0,0,0,96,0,1700,8963.333168548474,134.81145691287915,29228.21242106147,42.666666666666664
1790157017,8,POST,completion,0.700000,0.000000,0,0,0,0,0,0,0,0,0,0,0,32,0,24000,24508.71390987595,18570.695288013667,29228.21242106147,128.0
1790157017,8,TPOT,completion,0.700000,0.000000,0,0,0,0,0,0,0,0,0,0,0,32,0,180,175.61409451812463,134.81145691287915,218.53420523537952,0.0
1790157017,8,TTFT,completion,0.700000,0.000000,0,0,0,0,0,0,0,0,0,0,0,32,0,1700,2205.671501251345,1356.1631450429559,4450.678409077227,0.0
1790157017,8,,Aggregated,2.100000,0.000000,0,0,0,0,0,0,0,0,0,0,0,96,0,1700,8963.333168548474,134.81145691287915,29228.21242106147,42.666666666666664
1790157018,8,POST,completion,0.700000,0.000000,0,0,0,0,0,0,0,0,0,0,0,32,0,24000,24508.71390987595,18570.695288013667,29228.21242106147,128.0
1790157018,8,TPOT,completion,0.700000,0.000000,0,0,0,0,0,0,0,0,0,0,0,32,0,180,175.61409451812463,134.81145691287915,218.53420523537952,0.0
1790157018,8,TTFT,completion,0.700000,0.000000,0,0,0,0,0,0,0,0,0,0,0,32,0,1700,2205.671501251345,1356.1631450429559,4450.678409077227,0.0
1790157018,8,,Aggregated,2.100000,0.000000,0,0,0,0,0,0,0,0,0,0,0,96,0,1700,8963.333168548474,134.81145691287915,29228.21242106147,42.666666666666664
1790157019,8,POST,completion,0.700000,0.000000,0,0,0,0,0,0,0,0,0,0,0,32,0,24000,24508.71390987595,18570.695288013667,29228.21242106147,128.0
1790157019,8,TPOT,completion,0.700000,0.000000,0,0,0,0,0,0,0,0,0,0,0,32,0,180,175.61409451812463,134.81145691287915,218.53420523537952,0.0
1790157019,8,TTFT,completion,0.700000,0.000000,0,0,0,0,0,0,0,0,0,0,0,32,0,1700,2205.671501251345,1356.1631450429559,4450.678409077227,0.0
1790157019,8,,Aggregated,2.100000,0.000000,0,0,0,0,0,0,0,0,0,0,0,96,0,1700,8963.333168548474,134.81145691287915,29228.21242106147,42.666666666666664
1790157020,8,POST,completion,0.700000,0.000000,0,0,0,0,0,0,0,0,0,0,0,32,0,24000,24508.71390987595,18570.695288013667,29228.21242106147,128.0
1790157020,8,TPOT,completion,0.700000,0.000000,0,0,0,0,0,0,0,0,0,0,0,32,0,180,175.61409451812463,134.81145691287915,218.53420523537952,0.0
1790157020,8,TTFT,completion,0.700000,0.000000,0,0,0,0,0,0,0,0,0,0,0,32,0,1700,2205.671501251345,1356.1631450429559,4450.678409077227,0.0
1790157020,8,,Aggregated,2.100000,0.000000,0,0,0,0,0,0,0,0,0,0,0,96,0,1700,8963.333168548474,134.81145691287915,29228.21242106147,42.666666666666664
1790157021,8,POST,completion,0.700000,0.000000,0,0,0,0,0,0,0,0,0,0,0,32,0,24000,24508.71390987595,18570.695288013667,29228.21242106147,128.0
1790157021,8,TPOT,completion,0.700000,0.000000,0,0,0,0,0,0,0,0,0,0,0,32,0,180,175.61409451812463,134.81145691287915,218.53420523537952,0.0
1790157021,8,TTFT,completion,0.700000,0.000000,0,0,0,0,0,0,0,0,0,0,0,32,0,1700,2205.671501251345,1356.1631450429559,4450.678409077227,0.0
1790157021,8,,Aggregated,2.100000,0.000000,0,0,0,0,0,0,0,0,0,0,0,96,0,1700,8963.333168548474,134.81145691287915,29228.21242106147,42.666666666666664
1790157022,8,POST,completion,0.700000,0.000000,0,0,0,0,0,0,0,0,0,0,0,32,0,24000,24508.71390987595,18570.695288013667,29228.21242106147,128.0
1790157022,8,TPOT,completion,0.700000,0.000000,0,0,0,0,0,0,0,0,0,0,0,32,0,180,175.61409451812463,134.81145691287915,218.53420523537952,0.0
1790157022,8,TTFT,completion,0.700000,0.000000,0,0,0,0,0,0,0,0,0,0,0,32,0,1700,2205.671501251345,1356.1631450429559,4450.678409077227,0.0
1790157022,8,,Aggregated,2.100000,0.000000,0,0,0,0,0,0,0,0,0,0,0,96,0,1700,8963.333168548474,134.81145691287915,29228.21242106147,42.666666666666664
1790157023,8,POST,completion,0.700000,0.000000,0,0,0,0,0,0,0,0,0,0,0,32,0,24000,24508.71390987595,18570.695288013667,29228.21242106147,128.0
1790157023,8,TPOT,completion,0.700000,0.000000,0,0,0,0,0,0,0,0,0,0,0,32,0,180,175.61409451812463,134.81145691287915,218.53420523537952,0.0
1790157023,8,TTFT,completion,0.700000,0.000000,0,0,0,0,0,0,0,0,0,0,0,32,0,1700,2205.671501251345,1356.1631450429559,4450.678409077227,0.0
1790157023,8,,Aggregated,2.100000,0.000000,0,0,0,0,0,0,0,0,0,0,0,96,0,1700,8963.333168548474,134.81145691287915,29228.21242106147,42.666666666666664
1790157024,8,POST,completion,0.700000,0.000000,0,0,0,0,0,0,0,0,0,0,0,32,0,24000,24508.71390987595,18570.695288013667,29228.21242106147,128.0
1790157024,8,TPOT,completion,0.700000,0.000000,0,0,0,0,0,0,0,0,0,0,0,32,0,180,175.61409451812463,134.81145691287915,218.53420523537952,0.0
1790157024,8,TTFT,completion,0.700000,0.000000,0,0,0,0,0,0,0,0,0,0,0,32,0,1700,2205.671501251345,1356.1631450429559,4450.678409077227,0.0
1790157024,8,,Aggregated,2.100000,0.000000,0,0,0,0,0,0,0,0,0,0,0,96,0,1700,8963.333168548474,134.81145691287915,29228.21242106147,42.666666666666664
1790157025,8,POST,completion,0.700000,0.000000,0,0,0,0,0,0,0,0,0,0,0,32,0,24000,24508.71390987595,18570.695288013667,29228.21242106147,128.0
1790157025,8,TPOT,completion,0.700000,0.000000,0,0,0,0,0,0,0,0,0,0,0,32,0,180,175.61409451812463,134.81145691287915,218.53420523537952,0.0
1790157025,8,TTFT,completion,0.700000,0.000000,0,0,0,0,0,0,0,0,0,0,0,32,0,1700,2205.671501251345,1356.1631450429559,4450.678409077227,0.0
1790157025,8,,Aggregated,2.100000,0.000000,0,0,0,0,0,0,0,0,0,0,0,96,0,1700,8963.333168548474,134.81145691287915,29228.21242106147,42.666666666666664
1790157026,8,POST,completion,0.700000,0.000000,0,0,0,0,0,0,0,0,0,0,0,32,0,24000,24508.71390987595,18570.695288013667,29228.21242106147,128.0
1790157026,8,TPOT,completion,0.700000,0.000000,0,0,0,0,0,0,0,0,0,0,0,32,0,180,175.61409451812463,134.81145691287915,218.53420523537952,0.0
1790157026,8,TTFT,completion,0.700000,0.000000,0,0,0,0,0,0,0,0,0,0,0,32,0,1700,2205.671501251345,1356.1631450429559,4450.678409077227,0.0
1790157026,8,,Aggregated,2.100000,0.000000,0,0,0,0,0,0,0,0,0,0,0,96,0,1700,8963.333168548474,134.81145691287915,29228.21242106147,42.666666666666664
1790157027,8,POST,completion,0.000000,0.000000,0,0,0,0,0,0,0,0,0,0,0,33,0,24000,24637.484435274295,18570.695288013667,29228.21242106147,128.0
1790157027,8,TPOT,completion,0.000000,0.000000,0,0,0,0,0,0,0,0,0,0,0,33,0,180,176.80141796837705,134.81145691287915,218.53420523537952,0.0
1790157027,8,TTFT,completion,0.000000,0.000000,0,0,0,0,0,0,0,0,0,0,0,33,0,1500,2183.6513413370335,1356.1631450429559,4450.678409077227,0.0
1790157027,8,,Aggregated,0.000000,0.000000,0,0,0,0,0,0,0,0,0,0,0,99,0,1500,8999.312398193235,134.81145691287915,29228.21242106147,42.666666666666664
1790157028,8,POST,completion,0.000000,0.000000,29000,29000,29000,29000,29000,29000,29000,29000,29000,29000,29000,33,0,24000,24637.484435274295,18570.695288013667,29228.21242106147,128.0
1790157028,8,TPOT,completion,0.000000,0.000000,210,210,210,210,210,210,210,210,210,210,210,33,0,180,176.80141796837705,134.81145691287915,218.53420523537952,0.0
1790157028,8,TTFT,completion,0.000000,0.000000,1500,1500,1500,1500,1500,1500,1500,1500,1500,1500,1500,33,0,1500,2183.6513413370335,1356.1631450429559,4450.678409077227,0.0
1790157028,8,,Aggregated,0.000000,0.000000,1500,1500,29000,29000,29000,29000,29000,29000,29000,29000,29000,99,0,1500,8999.312398193235,134.81145691287915,29228.21242106147,42.666666666666664
1790157029,8,POST,completion,0.000000,0.000000,28000,28000,29000,29000,29000,29000,29000,29000,29000,29000,29000,36,0,25000,24817.356754139633,18570.695288013667,29228.21242106147,128.0
1790157029,8,TPOT,completion,0.000000,0.000000,210,210,210,210,210,210,210,210,210,210,210,36,0,180,178.3091380930655,134.81145691287915,218.53420523537952,0.0
1790157029,8,TTFT,completion,0.000000,0.000000,2000,2000,2600,2600,2600,2600,2600,2600,2600,2600,2600,36,0,1700,2172.043735866383,1356.1631450429559,4450.678409077227,0.0
1790157029,8,,Aggregated,0.000000,0.000000,2000,2600,27000,27000,28000,29000,29000,29000,29000,29000,29000,108,0,1700,9055.90320936636,134.81145691287915,29228.21242106147,42.666666666666664
1790157030,8,POST,completion,0.000000,0.000000,28000,28000,29000,29000,29000,29000,29000,29000,29000,29000,29000,36,0,25000,24817.356754139633,18570.695288013667,29228.21242106147,128.0
1790157030,8,TPOT,completion,0.000000,0.000000,210,210,210,210,210,210,210,210,210,210,210,36,0,180,178.3091380930655,134.81145691287915,218.53420523537952,0.0
1790157030,8,TTFT,completion,0.000000,0.000000,2000,2000,2600,2600,2600,2600,2600,2600,2600,2600,2600,36,0,1700,2172.043735866383,1356.1631450429559,4450.678409077227,0.0
1790157030,8,,Aggregated,0.000000,0.000000,2000,2600,27000,27000,28000,29000,29000,29000,29000,29000,29000,108,0,1700,9055.90320936636,134.81145691287915,29228.21242106147,42.666666666666664
1790157031,8,POST,completion,0.000000,0.000000,28000,28000,29000,29000,29000,29000,29000,29000,29000,29000,29000,36,0,25000,24817.356754139633,18570.695288013667,29228.21242106147,128.0
1790157031,8,TPOT,completion,0.000000,0.000000,210,210,210,210,210,210,210,210,210,210,210,36,0,180,178.3091380930655,134.81145691287915,218.53420523537952,0.0
1790157031,8,TTFT,completion,0.000000,0.000000,2000,2000,2600,2600,2600,2600,2600,2600,2600,2600,2600,36,0,1700,2172.043735866383,1356.1631450429559,4450.678409077227,0.0
1790157031,8,,Aggregated,0.000000,0.000000,2000,2600,27000,27000,28000,29000,29000,29000,29000,29000,29000,108,0,1700,9055.90320936636,134.81145691287915,29228.21242106147,42.666666666666664
1790157032,8,POST,completion,0.000000,0.000000,28000,28000,29000,29000,29000,29000,29000,29000,29000,29000,29000,36,0,25000,24817.356754139633,18570.695288013667,29228.21242106147,128.0
1790157032,8,TPOT,completion,0.000000,0.000000,210,210,210,210,210,210,210,210,210,210,210,36,0,180,178.3091380930655,134.81145691287915,218.53420523537952,0.0
1790157032,8,TTFT,completion,0.000000,0.000000,2000,2000,2600,2600,2600,2600,2600,2600,2600,2600,2600,36,0,1700,2172.043735866383,1356.1631450429559,4450.678409077227,0.0
1790157032,8,,Aggregated,0.000000,0.000000,2000,2600,27000,27000,28000,29000,29000,29000,29000,29000,29000,108,0,1700,9055.90320936636,134.81145691287915,29228.21242106147,42.666666666666664
1790157033,8,POST,completion,0.000000,0.000000,28000,28000,29000,29000,29000,29000,29000,29000,29000,29000,29000,36,0,25000,24817.356754139633,18570.695288013667,29228.21242106147,128.0
1790157033,8,TPOT,completion,0.000000,0.000000,210,210,210,210,210,210,210,210,210,210,210,36,0,180,178.3091380930655,134.81145691287915,218.53420523537952,0.0
1790157033,8,TTFT,completion,0.000000,0.000000,2000,2000,2600,2600,2600,2600,2600,2600,2600,2600,2600,36,0,1700,2172.043735866383,1356.1631450429559,4450.678409077227,0.0
1790157033,8,,Aggregated,0.000000,0.000000,2000,2600,27000,27000,28000,29000,29000,29000,29000,29000,29000,108,0,1700,9055.90320936636,134.81145691287915,29228.21242106147,42.666666666666664
1790157034,8,POST,completion,0.400000,0.000000,27000,28000,28000,29000,29000,29000,29000,29000,29000,29000,29000,37,0,25000,24785.92246667658,18570.695288013667,29228.21242106147,128.0
1790157034,8,TPOT,completion,0.400000,0.000000,190,210,210,210,210,210,210,210,210,210,210,37,0,180,178.18766260665498,134.81145691287915,218.53420523537952,0.0
1790157034,8,TTFT,completion,0.400000,0.000000,1600,2000,2000,2600,2600,2600,2600,2600,2600,2600,2600,37,0,1600,2156.0367839725536,1356.1631450429559,4450.678409077227,0.0
1790157034,8,,Aggregated,1.200000,0.000000,1600,2600,25000,27000,28000,29000,29000,29000,29000,29000,29000,111,0,1600,9040.048971085263,134.81145691287915,29228.21242106147,42.666666666666664
1790157035,8,POST,completion,0.400000,0.000000,25000,27000,28000,28000,29000,29000,29000,29000,29000,29000,29000,39,0,24000,24727.284628999394,18570.695288013667,29228.21242106147,128.0
1790157035,8,TPOT,completion,0.400000,0.000000,180,190,210,210,210,210,210,210,210,210,210,39,0,180,176.87042138104718,134.81145691287915,218.53420523537952,0.0
1790157035,8,TTFT,completion,0.400000,0.000000,2000,2600,4300,4300,4300,4300,4300,4300,4300,4300,4300,39,0,1700,2264.6889863117863,1356.1631450429559,4450.678409077227,0.0
1790157035,8,,Aggregated,1.200000,0.000000,2000,4300,24000,24000,27000,28000,29000,29000,29000,29000,29000,117,0,1700,9056.281345564077,134.81145691287915,29228.21242106147,42.666666666666664
1790157036,8,POST,completion,0.400000,0.000000,25000,27000,28000,28000,29000,29000,29000,29000,29000,29000,29000,39,0,24000,24727.284628999394,18570.695288013667,29228.21242106147,128.0
1790157036,8,TPOT,completion,0.400000,0.000000,180,190,210,210,210,210,210,210,210,210,210,39,0,180,176.87042138104718,134.81145691287915,218.53420523537952,0.0
1790157036,8,TTFT,completion,0.400000,0.000000,2000,2600,4300,4300,4300,4300,4300,4300,4300,4300,4300,39,0,1700,2264.6889863117863,1356.1631450429559,4450.678409077227,0.0
1790157036,8,,Aggregated,1.200000,0.000000,2000,4300,24000,24000,27000,28000,29000,29000,29000,29000,29000,117,0,1700,9056.281345564077,134.81145691287915,29228.21242106147,42.666666666666664
1790157037,8,POST,completion,0.400000,0.000000,25000,25000,27000,27000,28000,28000,28000,28000,28000,28000,28000,39,0,24000,24727.284628999394,18570.695288013667,29228.21242106147,128.0
1790157037,8,TPOT,completion,0.400000,0.000000,180,180,190,190,210,210,210,210,210,210,210,39,0,180,176.87042138104718,134.81145691287915,218.53420523537952,0.0
1790157037,8,TTFT,completion,0.400000,0.000000,2600,2600,4300,4300,4300,4300,4300,4300,4300,4300,4300,39,0,1700,2264.6889863117863,1356.1631450429559,4450.678409077227,0.0
1790157037,8,,Aggregated,1.200000,0.000000,2600,4300,24000,24000,27000,28000,28000,28000,28000,28000,28000,117,0,1700,9056.281345564077,134.81145691287915,29228.21242106147,42.666666666666664
1790157038,8,POST,completion,0.400000,0.000000,25000,25000,27000,27000,28000,28000,28000,28000,28000,28000,28000,39,0,24000,24727.284628999394,18570.695288013667,29228.21242106147,128.0
1790157038,8,TPOT,completion,0.400000,0.000000,180,180,190,190,210,210,210,210,210,210,210,39,0,180,176.87042138104718,134.81145691287915,218.53420523537952,0.0
1790157038,8,TTFT,completion,0.400000,0.000000,2600,2600,4300,4300,4300,4300,4300,4300,4300,4300,4300,39,0,1700,2264.6889863117863,1356.1631450429559,4450.678409077227,0.0
1790157038,8,,Aggregated,1.200000,0.000000,2600,4300,24000,24000,27000,28000,28000,28000,28000,28000,28000,117,0,1700,9056.281345564077,134.81145691287915,29228.21242106147,42.666666666666664
1790157039,8,POST,completion,0.700000,0.000000,24000,25000,27000,27000,28000,28000,28000,28000,28000,28000,28000,40,0,24000,24580.31059849891,18570.695288013667,29228.21242106147,128.0
1790157039,8,TPOT,completion,0.700000,0.000000,170,180,190,190,210,210,210,210,210,210,210,40,0,180,175.85547607072164,134.81145691287915,218.53420523537952,0.0
1790157039,8,TTFT,completion,0.700000,0.000000,2000,2600,4300,4300,4300,4300,4300,4300,4300,4300,4300,40,0,1700,2246.6129938315134,1356.1631450429559,4450.678409077227,0.0
1790157039,8,,Aggregated,2.100000,0.000000,2000,4300,24000,24000,25000,27000,28000,28000,28000,28000,28000,120,0,1700,9000.926356133716,134.81145691287915,29228.21242106147,42.666666666666664
1790157040,8,POST,completion,0.700000,0.000000,24000,25000,27000,27000,28000,28000,28000,28000,28000,28000,28000,40,0,24000,24580.31059849891,18570.695288013667,29228.21242106147,128.0
1790157040,8,TPOT,completion,0.700000,0.000000,170,180,190,190,210,210,210,210,210,210,210,40,0,180,175.85547607072164,134.81145691287915,218.53420523537952,0.0
1790157040,8,TTFT,completion,0.700000,0.000000,2000,2600,4300,4300,4300,4300,4300,4300,4300,4300,4300,40,0,1700,2246.6129938315134,1356.1631450429559,4450.678409077227,0.0
1790157040,8,,Aggregated,2.100000,0.000000,2000,4300,24000,24000,25000,27000,28000,28000,28000,28000,28000,120,0,1700,9000.926356133716,134.81145691287915,29228.21242106147,42.666666666666664
1790157041,8,POST,completion,0.700000,0.000000,24000,24000,24000,24000,24000,24000,24000,24000,24000,24000,24000,40,0,24000,24580.31059849891,18570.695288013667,29228.21242106147,128.0
1790157041,8,TPOT,completion,0.700000,0.000000,150,150,170,170,170,170,170,170,170,170,170,40,0,180,175.85547607072164,134.81145691287915,218.53420523537952,0.0
1790157041,8,TTFT,completion,0.700000,0.000000,4300,4300,4300,4300,4300,4300,4300,4300,4300,4300,4300,40,0,1700,2246.6129938315134,1356.1631450429559,4450.678409077227,0.0
1790157041,8,,Aggregated,2.100000,0.000000,4300,4300,24000,24000,24000,24000,24000,24000,24000,24000,24000,120,0,1700,9000.926356133716,134.81145691287915,29228.21242106147,42.666666666666664
1790157042,8,POST,completion,0.700000,0.000000,24000,24000,24000,24000,24000,24000,24000,24000,24000,24000,24000,40,0,24000,24580.31059849891,18570.695288013667,29228.21242106147,128.0
1790157042,8,TPOT,completion,0.700000,0.000000,150,150,170,170,170,170,170,170,170,170,170,40,0,180,175.85547607072164,134.81145691287915,218.53420523537952,0.0
1790157042,8,TTFT,completion,0.700000,0.000000,4300,4300,4300,4300,4300,4300,4300,4300,4300,4300,4300,40,0,1700,2246.6129938315134,1356.1631450429559,4450.678409077227,0.0
1790157042,8,,Aggregated,2.100000,0.000000,4300,4300,24000,24000,24000,24000,24000,24000,24000,24000,24000,120,0,1700,9000.926356133716,134.81145691287915,29228.21242106147,42.666666666666664
1790157043,8,POST,completion,0.700000,0.000000,24000,24000,24000,24000,24000,24000,24000,24000,24000,24000,24000,40,0,24000,24580.31059849891,18570.695288013667,29228.21242106147,128.0
1790157043,8,TPOT,completion,0.700000,0.000000,150,150,170,170,170,170,170,170,170,170,170,40,0,180,175.85547607072164,134.81145691287915,218.53420523537952,0.0
1790157043,8,TTFT,completion,0.700000,0.000000,4300,4300,4300,4300,4300,4300,4300,4300,4300,4300,4300,40,0,1700,2246.6129938315134,1356.1631450429559,4450.678409077227,0.0
1790157043,8,,Aggregated,2.100000,0.000000,4300,4300,24000,24000,24000,24000,24000,24000,24000,24000,24000,120,0,1700,9000.926356133716,134.81145691287915,29228.21242106147,42.666666666666664
1790157044,8,POST,completion,0.700000,0.000000,24000,24000,24000,24000,24000,24000,24000,24000,24000,24000,24000,40,0,24000,24580.31059849891,18570.695288013667,29228.21242106147,128.0
1790157044,8,TPOT,completion,0.700000,0.000000,150,150,170,170,170,170,170,170,170,170,170,40,0,180,175.85547607072164,134.81145691287915,218.53420523537952,0.0
1790157044,8,TTFT,completion,0.700000,0.000000,4300,4300,4300,4300,4300,4300,4300,4300,4300,4300,4300,40,0,1700,2246.6129938315134,1356.1631450429559,4450.678409077227,0.0
1790157044,8,,Aggregated,2.100000,0.000000,4300,4300,24000,24000,24000,24000,24000,24000,24000,24000,24000,120,0,1700,9000.926356133716,134.81145691287915,29228.21242106147,42.666666666666664
1790157045,8,POST,completion,0.700000,0.000000,24000,24000,24000,24000,24000,24000,24000,24000,24000,24000,24000,40,0,24000,24580.31059849891,18570.695288013667,29228.21242106147,128.0
1790157045,8,TPOT,completion,0.700000,0.000000,150,150,170,170,170,170,170,170,170,170,170,40,0,180,175.85547607072164,134.81145691287915,218.53420523537952,0.0
1790157045,8,TTFT,completion,0.700000,0.000000,4300,4300,4300,4300,4300,4300,4300,4300,4300,4300,4300,40,0,1700,2246.6129938315134,1356.1631450429559,4450.678409077227,0.0
1790157045,8,,Aggregated,2.100000,0.000000,4300,4300,24000,24000,24000,24000,24000,24000,24000,24000,24000,120,0,1700,9000.926356133716,134.81145691287915,29228.21242106147,42.666666666666664
1790157046,8,POST,completion,0.700000,0.000000,19000,19000,19000,19000,19000,19000,19000,19000,19000,19000,19000,40,0,24000,24580.31059849891,18570.695288013667,29228.21242106147,128.0
1790157046,8,TPOT,completion,0.700000,0.000000,140,140,140,140,140,140,140,140,140,140,140,40,0,180,175.85547607072164,134.81145691287915,218.53420523537952,0.0
1790157046,8,TTFT,completion,0.700000,0.000000,1500,1500,1500,1500,1500,1500,1500,1500,1500,1500,1500,40,0,1700,2246.6129938315134,1356.1631450429559,4450.678409077227,0.0
1790157046,8,,Aggregated,2.100000,0.000000,1500,1500,19000,19000,19000,19000,19000,19000,19000,19000,19000,120,0,1700,9000.926356133716,134.81145691287915,29228.21242106147,42.666666666666664
1790157047,8,POST,completion,0.700000,0.000000,19000,19000,19000,19000,19000,19000,19000,19000,19000,19000,19000,40,0,24000,24580.31059849891,18570.695288013667,29228.21242106147,128.0
1790157047,8,TPOT,completion,0.700000,0.000000,140,140,140,140,140,140,140,140,140,140,140,40,0,180,175.85547607072164,134.81145691287915,218.53420523537952,0.0
1790157047,8,TTFT,completion,0.700000,0.000000,1500,1500,1500,1500,1500,1500,1500,1500,1500,1500,1500,40,0,1700,2246.6129938315134,1356.1631450429559,4450.678409077227,0.0
1790157047,8,,Aggregated,2.100000,0.000000,1500,1500,19000,19000,19000,19000,19000,19000,19000,19000,19000,120,0,1700,9000.926356133716,134.81145691287915,29228.21242106147,42.666666666666664
1790157048,8,POST,completion,0.700000,0.000000,19000,19000,19000,19000,19000,19000,19000,19000,19000,19000,19000,40,0,24000,24580.31059849891,18570.695288013667,29228.21242106147,128.0
1790157048,8,TPOT,completion,0.700000,0.000000,140,140,140,140,140,140,140,140,140,140,140,40,0,180,175.85547607072164,134.81145691287915,218.53420523537952,0.0
1790157048,8,TTFT,completion,0.700000,0.000000,1500,1500,1500,1500,1500,1500,1500,1500,1500,1500,1500,40,0,1700,2246.6129938315134,1356.1631450429559,4450.678409077227,0.0
1790157048,8,,Aggregated,2.100000,0.000000,1500,1500,19000,19000,19000,19000,19000,19000,19000,19000,19000,120,0,1700,9000.926356133716,134.81145691287915,29228.21242106147,42.666666666666664
1790157049,8,POST,completion,0.700000,0.000000,19000,19000,19000,19000,19000,19000,19000,19000,19000,19000,19000,40,0,24000,24580.31059849891,18570.695288013667,29228.21242106147,128.0
1790157049,8,TPOT,completion,0.700000,0.000000,140,140,140,140,140,140,140,140,140,140,140,40,0,180,175.85547607072164,134.81145691287915,218.53420523537952,0.0
1790157049,8,TTFT,completion,0.700000,0.000000,1500,1500,1500,1500,1500,1500,1500,1500,1500,1500,1500,40,0,1700,2246.6129938315134,1356.1631450429559,4450.678409077227,0.0
1790157049,8,,Aggregated,2.100000,0.000000,1500,1500,19000,19000,19000,19000,19000,19000,19000,19000,19000,120,0,1700,9000.926356133716,134.81145691287915,29228.21242106147,42.666666666666664
1790157050,8,POST,completion,0.700000,0.000000,19000,19000,19000,19000,19000,19000,19000,19000,19000,19000,19000,40,0,24000,24580.31059849891,18570.695288013667,29228.21242106147,128.0
1790157050,8,TPOT,completion,0.700000,0.000000,140,140,140,140,140,140,140,140,140,140,140,40,0,180,175.85547607072164,134.81145691287915,218.53420523537952,0.0
1790157050,8,TTFT,completion,0.700000,0.000000,1500,1500,1500,1500,1500,1500,1500,1500,1500,1500,1500,40,0,1700,2246.6129938315134,1356.1631450429559,4450.678409077227,0.0
1790157050,8,,Aggregated,2.100000,0.000000,1500,1500,19000,19000,19000,19000,19000,19000,19000,19000,19000,120,0,1700,9000.926356133716,134.81145691287915,29228.21242106147,42.666666666666664
1790157051,8,POST,completion,0.700000,0.000000,19000,19000,19000,19000,19000,19000,19000,19000,19000,19000,19000,40,0,24000,24580.31059849891,18570.695288013667,29228.21242106147,128.0
1790157051,8,TPOT,completion,0.700000,0.000000,140,140,140,140,140,140,140,140,140,140,140,40,0,180,175.85547607072164,134.81145691287915,218.53420523537952,0.0
1790157051,8,TTFT,completion,0.700000,0.000000,1500,1500,1500,1500,1500,1500,1500,1500,1500,1500,1500,40,0,1700,2246.6129938315134,1356.1631450429559,4450.678409077227,0.0
1790157051,8,,Aggregated,2.100000,0.000000,1500,1500,19000,19000,19000,19000,19000,19000,19000,19000,19000,120,0,1700,9000.926356133716,134.81145691287915,29228.21242106147,42.666666666666664
1790157052,8,POST,completion,0.700000,0.000000,19000,19000,19000,19000,19000,19000,19000,19000,19000,19000,19000,40,0,24000,24580.31059849891,18570.695288013667,29228.21242106147,128.0
1790157052,8,TPOT,completion,0.700000,0.000000,140,140,140,140,140,140,140,140,140,140,140,40,0,180,175.85547607072164,134.81145691287915,218.53420523537952,0.0
1790157052,8,TTFT,completion,0.700000,0.000000,1500,1500,1500,1500,1500,1500,1500,1500,1500,1500,1500,40,0,1700,2246.6129938315134,1356.1631450429559,4450.678409077227,0.0
1790157052,8,,Aggregated,2.100000,0.000000,1500,1500,19000,19000,19000,19000,19000,19000,19000,19000,19000,120,0,1700,9000.926356133716,134.81145691287915,29228.21242106147,42.666666666666664
1790157053,8,POST,completion,0.700000,0.000000,19000,19000,19000,19000,19000,19000,19000,19000,19000,19000,19000,40,0,24000,24580.31059849891,18570.695288013667,29228.21242106147,128.0
1790157053,8,TPOT,completion,0.700000,0.000000,140,140,140,140,140,140,140,140,140,140,140,40,0,180,175.85547607072164,134.81145691287915,218.53420523537952,0.0
1790157053,8,TTFT,completion,0.700000,0.000000,1500,1500,1500,1500,1500,1500,1500,1500,1500,1500,1500,40,0,1700,2246.6129938315134,1356.1631450429559,4450.678409077227,0.0
1790157053,8,,Aggregated,2.100000,0.000000,1500,1500,19000,19000,19000,19000,19000,19000,19000,19000,19000,120,0,1700,9000.926356133716,134.81145691287915,29228.21242106147,42.666666666666664
1790157054,8,POST,completion,0.700000,0.000000,19000,19000,19000,19000,19000,19000,19000,19000,19000,19000,19000,40,0,24000,24580.31059849891,18570.695288013667,29228.21242106147,128.0
1790157054,8,TPOT,completion,0.700000,0.000000,140,140,140,140,140,140,140,140,140,140,140,40,0,180,175.85547607072164,134.81145691287915,218.53420523537952,0.0
1790157054,8,TTFT,completion,0.700000,0.000000,1500,1500,1500,1500,1500,1500,1500,1500,1500,1500,1500,40,0,1700,2246.6129938315134,1356.1631450429559,4450.678409077227,0.0
1790157054,8,,Aggregated,2.100000,0.000000,1500,1500,19000,19000,19000,19000,19000,19000,19000,19000,19000,120,0,1700,9000.926356133716,134.81145691287915,29228.21242106147,42.666666666666664
1790157055,8,POST,completion,0.700000,0.000000,19000,19000,19000,19000,19000,19000,19000,19000,19000,19000,19000,40,0,24000,24580.31059849891,18570.695288013667,29228.21242106147,128.0
1790157055,8,TPOT,completion,0.700000,0.000000,140,140,140,140,140,140,140,140,140,140,140,40,0,180,175.85547607072164,134.81145691287915,218.53420523537952,0.0
1790157055,8,TTFT,completion,0.700000,0.000000,1500,1500,1500,1500,1500,1500,1500,1500,1500,1500,1500,40,0,1700,2246.6129938315134,1356.1631450429559,4450.678409077227,0.0
1790157055,8,,Aggregated,2.100000,0.000000,1500,1500,19000,19000,19000,19000,19000,19000,19000,19000,19000,120,0,1700,9000.926356133716,134.81145691287915,29228.21242106147,42.666666666666664
