Timestamp,User Count,Type,Name,Requests/s,Failures/s,50%,66%,75%,80%,90%,95%,98%,99%,99.9%,99.99%,100%,Total Request Count,Total Failure Count,Total Median Response Time,Total Average Response Time,Total Min Response Time,Total Max Response Time,Total Average Content Size
1790322033,0,,Aggregated,0.000000,0.000000,N/A,N/A,N/A,N/A,N/A,N/A,N/A,N/A,N/A,N/A,N/A,0,0,0,0.0,0,0,0
1790322034,1,,Aggregated,0.000000,0.000000,N/A,N/A,N/A,N/A,N/A,N/A,N/A,N/A,N/A,N/A,N/A,0,0,0,0.0,0,0,0
1790322035,2,,Aggregated,0.000000,0.000000,N/A,N/A,N/A,N/A,N/A,N/A,N/A,N/A,N/A,N/A,N/A,0,0,0,0.0,0,0,0
1790322036,3,,Aggregated,0.000000,0.000000,N/A,N/A,N/A,N/A,N/A,N/A,N/A,N/A,N/A,N/A,N/A,0,0,0,0.0,0,0,0
1790322037,4,,Aggregated,0.000000,0.000000,N/A,N/A,N/A,N/A,N/A,N/A,N/A,N/A,N/A,N/A,N/A,0,0,0,0.0,0,0,0
1790322038,5,,Aggregated,0.000000,0.000000,N/A,N/A,N/A,N/A,N/A,N/A,N/A,N/A,N/A,N/A,N/A,0,0,0,0.0,0,0,0
1790322039,6,,Aggregated,0.000000,0.000000,N/A,N/A,N/A,N/A,N/A,N/A,N/A,N/A,N/A,N/A,N/A,0,0,0,0.0,0,0,0
1790322040,7,,Aggregated,0.000000,0.000000,N/A,N/A,N/A,N/A,N/A,N/A,N/A,N/A,N/A,N/A,N/A,0,0,0,0.0,0,0,0
1790322041,8,,Aggregated,0.000000,0.000000,N/A,N/A,N/A,N/A,N/A,N/A,N/A,N/A,N/A,N/A,N/A,0,0,0,0.0,0,0,0
1790322042,9,,Aggregated,0.000000,0.000000,N/A,N/A,N/A,N/A,N/A,N/A,N/A,N/A,N/A,N/A,N/A,0,0,0,0.0,0,0,0
1790322043,10,,Aggregated,0.000000,0.000000,N/A,N/A,N/A,N/A,N/A,N/A,N/A,N/A,N/A,N/A,N/A,0,0,0,0.0,0,0,0
1790322044,11,,Aggregated,0.000000,0.000000,N/A,N/A,N/A,N/A,N/A,N/A,N/A,N/A,N/A,N/A,N/A,0,0,0,0.0,0,0,0
1790322045,12,,Aggregated,0.000000,0.000000,N/A,N/A,N/A,N/A,N/A,N/A,N/A,N/A,N/A,N/A,N/A,0,0,0,0.0,0,0,0
1790322046,13,,Aggregated,0.000000,0.000000,N/A,N/A,N/A,N/A,N/A,N/A,N/A,N/A,N/A,N/A,N/A,0,0,0,0.0,0,0,0
1790322047,14,,Aggregated,0.000000,0.000000,N/A,N/A,N/A,N/A,N/A,N/A,N/A,N/A,N/A,N/A,N/A,0,0,0,0.0,0,0,0
1790322048,15,,Aggregated,0.000000,0.000000,N/A,N/A,N/A,N/A,N/A,N/A,N/A,N/A,N/A,N/A,N/A,0,0,0,0.0,0,0,0
1790322049,16,,Aggregated,0.000000,0.000000,N/A,N/A,N/A,N/A,N/A,N/A,N/A,N/A,N/A,N/A,N/A,0,0,0,0.0,0,0,0
1790322050,16,,Aggregated,0.000000,0.000000,N/A,N/A,N/A,N/A,N/A,N/A,N/A,N/A,N/A,N/A,N/A,0,0,0,0.0,0,0,0
1790322051,16,,Aggregated,0.000000,0.000000,N/A,N/A,N/A,N/A,N/A,N/A,N/A,N/A,N/A,N/A,N/A,0,0,0,0.0,0,0,0
1790322052,16,,Aggregated,0.000000,0.000000,N/A,N/A,N/A,N/A,N/A,N/A,N/A,N/A,N/A,N/A,N/A,0,0,0,0.0,0,0,0
1790322053,16,,Aggregated,0.000000,0.000000,N/A,N/A,N/A,N/A,N/A,N/A,N/A,N/A,N/A,N/A,N/A,0,0,0,0.0,0,0,0
1790322054,16,,Aggregated,0.000000,0.000000,N/A,N/A,N/A,N/A,N/A,N/A,N/A,N/A,N/A,N/A,N/A,0,0,0,0.0,0,0,0
1790322055,16,,Aggregated,0.000000,0.000000,N/A,N/A,N/A,N/A,N/A,N/A,N/A,N/A,N/A,N/A,N/A,0,0,0,0.0,0,0,0
1790322057,16,,Aggregated,0.000000,0.000000,N/A,N/A,N/A,N/A,N/A,N/A,N/A,N/A,N/A,N/A,N/A,0,0,0,0.0,0,0,0
1790322058,16,,Aggregated,0.000000,0.000000,N/A,N/A,N/A,N/A,N/A,N/A,N/A,N/A,N/A,N/A,N/A,0,0,0,0.0,0,0,0
1790322059,16,,Aggregated,0.000000,0.000000,N/A,N/A,N/A,N/A,N/A,N/A,N/A,N/A,N/A,N/A,N/A,0,0,0,0.0,0,0,0
1790322060,16,,Aggregated,0.000000,0.000000,N/A,N/A,N/A,N/A,N/A,N/A,N/A,N/A,N/A,N/A,N/A,0,0,0,0.0,0,0,0
1790322061,16,,Aggregated,0.000000,0.000000,N/A,N/A,N/A,N/A,N/A,N/A,N/A,N/A,N/A,N/A,N/A,0,0,0,0.0,0,0,0
1790322062,16,,Aggregated,0.000000,0.000000,N/A,N/A,N/A,N/A,N/A,N/A,N/A,N/A,N/A,N/A,N/A,0,0,0,0.0,0,0,0
1790322063,16,,Aggregated,0.000000,0.000000,N/A,N/A,N/A,N/A,N/A,N/A,N/A,N/A,N/A,N/A,N/A,0,0,0,0.0,0,0,0
1790322064,16,,Aggregated,0.000000,0.000000,N/A,N/A,N/A,N/A,N/A,N/A,N/A,N/A,N/A,N/A,N/A,0,0,0,0.0,0,0,0
1790322065,16,,Aggregated,0.000000,0.000000,N/A,N/A,N/A,N/A,N/A,N/A,N/A,N/A,N/A,N/A,N/A,0,0,0,0.0,0,0,0
1790322066,16,,Aggregated,0.000000,0.000000,N/A,N/A,N/A,N/A,N/A,N/A,N/A,N/A,N/A,N/A,N/A,0,0,0,0.0,0,0,0
1790322067,16,,Aggregated,0.000000,0.000000,N/A,N/A,N/A,N/A,N/A,N/A,N/A,N/A,N/A,N/A,N/A,0,0,0,0.0,0,0,0
1790322068,16,,Aggregated,0.000000,0.000000,N/A,N/A,N/A,N/A,N/A,N/A,N/A,N/A,N/A,N/A,N/A,0,0,0,0.0,0,0,0
1790322069,16,,Aggregated,0.000000,0.000000,N/A,N/A,N/A,N/A,N/A,N/A,N/A,N/A,N/A,N/A,N/A,0,0,0,0.0,0,0,0
1790322070,16,,Aggregated,0.000000,0.000000,N/A,N/A,N/A,N/A,N/A,N/A,N/A,N/A,N/A,N/A,N/A,0,0,0,0.0,0,0,0
1790322071,16,,Aggregated,0.000000,0.000000,N/A,N/A,N/A,N/A,N/A,N/A,N/A,N/A,N/A,N/A,N/A,0,0,0,0.0,0,0,0
1790322072,16,,Aggregated,0.000000,0.000000,N/A,N/A,N/A,N/A,N/A,N/A,N/A,N/A,N/A,N/A,N/A,0,0,0,0.0,0,0,0
1790322073,16,,Aggregated,0.000000,0.000000,N/A,N/A,N/A,N/A,N/A,N/A,N/A,N/A,N/A,N/A,N/A,0,0,0,0.0,0,0,0
1790322074,16,,Aggregated,0.000000,0.000000,N/A,N/A,N/A,N/A,N/A,N/A,N/A,N/A,N/A,N/A,N/A,0,0,0,0.0,0,0,0
1790322075,16,,Aggregated,0.000000,0.000000,N/A,N/A,N/A,N/A,N/A,N/A,N/A,N/A,N/A,N/A,N/A,0,0,0,0.0,0,0,0
1790322076,16,,Aggregated,0.000000,0.000000,N/A,N/A,N/A,N/A,N/A,N/A,N/A,N/A,N/A,N/A,N/A,0,0,0,0.0,0,0,0
1790322077,16,,Aggregated,0.000000,0.000000,N/A,N/A,N/A,N/A,N/A,N/A,N/A,N/A,N/A,N/A,N/A,0,0,0,0.0,0,0,0
1790322078,16,,Aggregated,0.000000,0.000000,N/A,N/A,N/A,N/A,N/A,N/A,N/A,N/A,N/A,N/A,N/A,0,0,0,0.0,0,0,0
1790322079,16,,Aggregated,0.000000,0.000000,N/A,N/A,N/A,N/A,N/A,N/A,N/A,N/A,N/A,N/A,N/A,0,0,0,0.0,0,0,0
1790322080,16,,Aggregated,0.000000,0.000000,N/A,N/A,N/A,N/A,N/A,N/A,N/A,N/A,N/A,N/A,N/A,0,0,0,0.0,0,0,0
1790322081,16,,Aggregated,0.000000,0.000000,N/A,N/A,N/A,N/A,N/A,N/A,N/A,N/A,N/A,N/A,N/A,0,0,0,0.0,0,0,0
1790322082,16,,Aggregated,0.000000,0.000000,N/A,N/A,N/A,N/A,N/A,N/A,N/A,N/A,N/A,N/A,N/A,0,0,0,0.0,0,0,0
1790322083,16,,Aggregated,0.000000,0.000000,N/A,N/A,N/A,N/A,N/A,N/A,N/A,N/A,N/A,N/A,N/A,0,0,0,0.0,0,0,0
1790322084,16,,Aggregated,0.000000,0.000000,N/A,N/A,N/A,N/A,N/A,N/A,N/A,N/A,N/A,N/A,N/A,0,0,0,0.0,0,0,0
1790322085,16,,Aggregated,0.000000,0.000000,N/A,N/A,N/A,N/A,N/A,N/A,N/A,N/A,N/A,N/A,N/A,0,0,0,0.0,0,0,0
1790322086,16,,Aggregated,0.000000,0.000000,N/A,N/A,N/A,N/A,N/A,N/A,N/A,N/A,N/A,N/A,N/A,0,0,0,0.0,0,0,0
1790322087,16,,Aggregated,0.000000,0.000000,N/A,N/A,N/A,N/A,N/A,N/A,N/A,N/A,N/A,N/A,N/A,0,0,0,0.0,0,0,0
1790322088,16,,Aggregated,0.000000,0.000000,N/A,N/A,N/A,N/A,N/A,N/A,N/A,N/A,N/A,N/A,N/A,0,0,0,0.0,0,0,0
1790322089,16,,Aggregated,0.000000,0.000000,N/A,N/A,N/A,N/A,N/A,N/A,N/A,N/A,N/A,N/A,N/A,0,0,0,0.0,0,0,0
1790322090,16,,Aggregated,0.000000,0.000000,N/A,N/A,N/A,N/A,N/A,N/A,N/A,N/A,N/A,N/A,N/A,0,0,0,0.0,0,0,0
1790322091,16,,Aggregated,0.000000,0.000000,N/A,N/A,N/A,N/A,N/A,N/A,N/A,N/A,N/A,N/A,N/A,0,0,0,0.0,0,0,0
1790322092,16,,Aggregated,0.000000,0.000000,N/A,N/A,N/A,N/A,N/A,N/A,N/A,N/A,N/A,N/A,N/A,0,0,0,0.0,0,0,0
1790322093,16,,Aggregated,0.000000,0.000000,N/A,N/A,N/A,N/A,N/A,N/A,N/A,N/A,N/A,N/A,N/A,0,0,0,0.0,0,0,0
1790322094,16,,Aggregated,0.000000,0.000000,N/A,N/A,N/A,N/A,N/A,N/A,N/A,N/A,N/A,N/A,N/A,0,0,0,0.0,0,0,0
1790322095,16,,Aggregated,0.000000,0.000000,N/A,N/A,N/A,N/A,N/A,N/A,N/A,N/A,N/A,N/A,N/A,0,0,0,0.0,0,0,0
1790322096,16,,Aggregated,0.000000,0.000000,N/A,N/A,N/A,N/A,N/A,N/A,N/A,N/A,N/A,N/A,N/A,0,0,0,0.0,0,0,0
1790322097,16,,Aggregated,0.000000,0.000000,N/A,N/A,N/A,N/A,N/A,N/A,N/A,N/A,N/A,N/A,N/A,0,0,0,0.0,0,0,0
1790322098,16,,Aggregated,0.000000,0.000000,N/A,N/A,N/A,N/A,N/A,N/A,N/A,N/A,N/A,N/A,N/A,0,0,0,0.0,0,0,0
1790322099,16,,Aggregated,0.000000,0.000000,N/A,N/A,N/A,N/A,N/A,N/A,N/A,N/A,N/A,N/A,N/A,0,0,0,0.0,0,0,0
1790322100,16,,Aggregated,0.000000,0.000000,N/A,N/A,N/A,N/A,N/A,N/A,N/A,N/A,N/A,N/A,N/A,0,0,0,0.0,0,0,0
1790322101,16,,Aggregated,0.000000,0.000000,N/A,N/A,N/A,N/A,N/A,N/A,N/A,N/A,N/A,N/A,N/A,0,0,0,0.0,0,0,0
1790322102,16,,Aggregated,0.000000,0.000000,N/A,N/A,N/A,N/A,N/A,N/A,N/A,N/A,N/A,N/A,N/A,0,0,0,0.0,0,0,0
1790322103,16,,Aggregated,0.000000,0.000000,N/A,N/A,N/A,N/A,N/A,N/A,N/A,N/A,N/A,N/A,N/A,0,0,0,0.0,0,0,0
1790322104,16,,Aggregated,0.000000,0.000000,N/A,N/A,N/A,N/A,N/A,N/A,N/A,N/A,N/A,N/A,N/A,0,0,0,0.0,0,0,0
1790322105,16,,Aggregated,0.000000,0.000000,N/A,N/A,N/A,N/A,N/A,N/A,N/A,N/A,N/A,N/A,N/A,0,0,0,0.0,0,0,0
1790322106,16,,Aggregated,0.000000,0.000000,N/A,N/A,N/A,N/A,N/A,N/A,N/A,N/A,N/A,N/A,N/A,0,0,0,0.0,0,0,0
1790322107,16,,Aggregated,0.000000,0.000000,N/A,N/A,N/A,N/A,N/A,N/A,N/A,N/A,N/A,N/A,N/A,0,0,0,0.0,0,0,0
1790322108,16,,Aggregated,0.000000,0.000000,N/A,N/A,N/A,N/A,N/A,N/A,N/A,N/A,N/A,N/A,N/A,0,0,0,0.0,0,0,0
1790322109,16,,Aggregated,0.000000,0.000000,N/A,N/A,N/A,N/A,N/A,N/A,N/A,N/A,N/A,N/A,N/A,0,0,0,0.0,0,0,0
1790322110,16,,Aggregated,0.000000,0.000000,N/A,N/A,N/A,N/A,N/A,N/A,N/A,N/A,N/A,N/A,N/A,0,0,0,0.0,0,0,0
1790322111,16,,Aggregated,0.000000,0.000000,N/A,N/A,N/A,N/A,N/A,N/A,N/A,N/A,N/A,N/A,N/A,0,0,0,0.0,0,0,0
1790322112,16,,Aggregated,0.000000,0.000000,N/A,N/A,N/A,N/A,N/A,N/A,N/A,N/A,N/A,N/A,N/A,0,0,0,0.0,0,0,0
1790322113,16,,Aggregated,0.000000,0.000000,N/A,N/A,N/A,N/A,N/A,N/A,N/A,N/A,N/A,N/A,N/A,0,0,0,0.0,0,0,0
1790322114,16,,Aggregated,0.000000,0.000000,N/A,N/A,N/A,N/A,N/A,N/A,N/A,N/A,N/A,N/A,N/A,0,0,0,0.0,0,0,0
1790322115,16,,Aggregated,0.000000,0.000000,N/A,N/A,N/A,N/A,N/A,N/A,N/A,N/A,N/A,N/A,N/A,0,0,0,0.0,0,0,0
1790322116,16,,Aggregated,0.000000,0.000000,N/A,N/A,N/A,N/A,N/A,N/A,N/A,N/A,N/A,N/A,N/A,0,0,0,0.0,0,0,0
1790322117,16,,Aggregated,0.000000,0.000000,N/A,N/A,N/A,N/A,N/A,N/A,N/A,N/A,N/A,N/A,N/A,0,0,0,0.0,0,0,0
1790322118,16,,Aggregated,0.000000,0.000000,N/A,N/A,N/A,N/A,N/A,N/A,N/A,N/A,N/A,N/A,N/A,0,0,0,0.0,0,0,0
1790322119,16,,Aggregated,0.000000,0.000000,N/A,N/A,N/A,N/A,N/A,N/A,N/A,N/A,N/A,N/A,N/A,0,0,0,0.0,0,0,0
1790322120,16,,Aggregated,0.000000,0.000000,N/A,N/A,N/A,N/A,N/A,N/A,N/A,N/A,N/A,N/A,N/A,0,0,0,0.0,0,0,0
1790322121,16,POST,completion,0.000000,0.000000,0,0,0,0,0,0,0,0,0,0,0,1,0,78640.33462991938,78640.33462991938,78640.33462991938,78640.33462991938,128.0
1790322121,16,TPOT,completion,0.000000,0.000000,0,0,0,0,0,0,0,0,0,0,0,1,0,583.1592805192284,583.1592805192284,583.1592805192284,583.1592805192284,0.0
1790322121,16,TTFT,completion,0.000000,0.000000,0,0,0,0,0,0,0,0,0,0,0,1,0,4579.026113962755,4579.026113962755,4579.026113962755,4579.026113962755,0.0
1790322121,16,,Aggregated,0.000000,0.000000,0,0,0,0,0,0,0,0,0,0,0,3,0,4600,27934.17334146712,583.1592805192284,78640.33462991938,42.666666666666664
1790322122,16,POST,completion,0.000000,0.000000,79000,79000,79000,79000,79000,79000,79000,79000,79000,79000,79000,1,0,78640.33462991938,78640.33462991938,78640.33462991938,78640.33462991938,128.0
1790322122,16,TPOT,completion,0.000000,0.000000,580,580,580,580,580,580,580,580,580,580,580,1,0,583.1592805192284,583.1592805192284,583.1592805192284,583.1592805192284,0.0
1790322122,16,TTFT,completion,0.000000,0.000000,4600,4600,4600,4600,4600,4600,4600,4600,4600,4600,4600,1,0,4579.026113962755,4579.026113962755,4579.026113962755,4579.026113962755,0.0
1790322122,16,,Aggregated,0.000000,0.000000,0,0,0,0,0,0,0,0,0,0,0,3,0,4600,27934.17334146712,583.1592805192284,78640.33462991938,42.666666666666664
1790322123,16,POST,completion,0.000000,0.000000,79000,79000,79000,79000,79000,79000,79000,79000,79000,79000,79000,1,0,78640.33462991938,78640.33462991938,78640.33462991938,78640.33462991938,128.0
1790322123,16,TPOT,completion,0.000000,0.000000,580,580,580,580,580,580,580,580,580,580,580,1,0,583.1592805192284,583.1592805192284,583.1592805192284,583.1592805192284,0.0
1790322123,16,TTFT,completion,0.000000,0.000000,4600,4600,4600,4600,4600,4600,4600,4600,4600,4600,4600,1,0,4579.026113962755,4579.026113962755,4579.026113962755,4579.026113962755,0.0
1790322123,16,,Aggregated,0.000000,0.000000,0,0,0,0,0,0,0,0,0,0,0,3,0,4600,27934.17334146712,583.1592805192284,78640.33462991938,42.666666666666664
1790322124,16,POST,completion,0.100000,0.000000,79000,79000,79000,79000,79000,79000,79000,79000,79000,79000,79000,2,0,78640.33462991938,78219.71924684476,77799.10386377014,78640.33462991938,128.0
1790322124,16,TPOT,completion,0.100000,0.000000,580,580,580,580,580,580,580,580,580,580,580,2,0,580,579.6781682160015,576.1970559127745,583.1592805192284,0.0
1790322124,16,TTFT,completion,0.100000,0.000000,4600,4600,4600,4600,4600,4600,4600,4600,4600,4600,4600,2,0,4600,4600.5197239574045,4579.026113962755,4622.013333952054,0.0
1790322124,16,,Aggregated,0.300000,0.000000,4600,4600,78000,78000,78000,78000,78000,78000,78000,78000,78000,6,0,4600,27799.972379672723,576.1970559127745,78640.33462991938,42.666666666666664
1790322125,16,POST,completion,0.100000,0.000000,79000,79000,79000,79000,79000,79000,79000,79000,79000,79000,79000,2,0,78640.33462991938,78219.71924684476,77799.10386377014,78640.33462991938,128.0
1790322125,16,TPOT,completion,0.100000,0.000000,580,580,580,580,580,580,580,580,580,580,580,2,0,580,579.6781682160015,576.1970559127745,583.1592805192284,0.0
1790322125,16,TTFT,completion,0.100000,0.000000,4600,4600,4600,4600,4600,4600,4600,4600,4600,4600,4600,2,0,4600,4600.5197239574045,4579.026113962755,4622.013333952054,0.0
1790322125,16,,Aggregated,0.300000,0.000000,4600,4600,78000,78000,78000,78000,78000,78000,78000,78000,78000,6,0,4600,27799.972379672723,576.1970559127745,78640.33462991938,42.666666666666664
1790322126,16,POST,completion,0.100000,0.000000,79000,79000,79000,79000,79000,79000,79000,79000,79000,79000,79000,2,0,78640.33462991938,78219.71924684476,77799.10386377014,78640.33462991938,128.0
1790322126,16,TPOT,completion,0.100000,0.000000,580,580,580,580,580,580,580,580,580,580,580,2,0,580,579.6781682160015,576.1970559127745,583.1592805192284,0.0
1790322126,16,TTFT,completion,0.100000,0.000000,4600,4600,4600,4600,4600,4600,4600,4600,4600,4600,4600,2,0,4600,4600.5197239574045,4579.026113962755,4622.013333952054,0.0
1790322126,16,,Aggregated,0.300000,0.000000,4600,4600,78000,78000,78000,78000,78000,78000,78000,78000,78000,6,0,4600,27799.972379672723,576.1970559127745,78640.33462991938,42.666666666666664
1790322127,16,POST,completion,0.100000,0.000000,79000,79000,79000,79000,79000,79000,79000,79000,79000,79000,79000,2,0,78640.33462991938,78219.71924684476,77799.10386377014,78640.33462991938,128.0
1790322127,16,TPOT,completion,0.100000,0.000000,580,580,580,580,580,580,580,580,580,580,580,2,0,580,579.6781682160015,576.1970559127745,583.1592805192284,0.0
1790322127,16,TTFT,completion,0.100000,0.000000,4600,4600,4600,4600,4600,4600,4600,4600,4600,4600,4600,2,0,4600,4600.5197239574045,4579.026113962755,4622.013333952054,0.0
1790322127,16,,Aggregated,0.300000,0.000000,4600,4600,78000,78000,78000,78000,78000,78000,78000,78000,78000,6,0,4600,27799.972379672723,576.1970559127745,78640.33462991938,42.666666666666664
1790322128,16,POST,completion,0.200000,0.000000,79000,79000,79000,79000,79000,79000,79000,79000,79000,79000,79000,3,0,79000,78561.21176558857,77799.10386377014,79244.1968030762,128.0
1790322128,16,TPOT,completion,0.200000,0.000000,580,580,580,580,580,580,580,580,580,580,580,3,0,580,581.0615054296276,576.1970559127745,583.8281798568796,0.0
1790322128,16,TTFT,completion,0.200000,0.000000,4600,4600,5100,5100,5100,5100,5100,5100,5100,5100,5100,3,0,4600,4766.331994673237,4579.026113962755,5097.956536104903,0.0
1790322128,16,,Aggregated,0.600000,0.000000,5100,5100,78000,78000,79000,79000,79000,79000,79000,79000,79000,9,0,4600,27969.535088563814,576.1970559127745,79244.1968030762,42.666666666666664
1790322129,16,POST,completion,0.200000,0.000000,79000,79000,79000,79000,79000,79000,79000,79000,79000,79000,79000,4,0,79000,78650.75994166546,77799.10386377014,79244.1968030762,128.0
1790322129,16,TPOT,completion,0.200000,0.000000,580,580,580,580,580,580,580,580,580,580,580,4,0,580,580.9956252002927,576.1970559127745,583.8281798568796,0.0
1790322129,16,TTFT,completion,0.200000,0.000000,5100,5100,5200,5200,5200,5200,5200,5200,5200,5200,5200,4,0,5100,4864.249529957306,4579.026113962755,5158.002135809511,0.0
1790322129,16,,Aggregated,0.600000,0.000000,5100,5200,78000,79000,79000,79000,79000,79000,79000,79000,79000,12,0,5100,28032.00169894102,576.1970559127745,79244.1968030762,42.666666666666664
1790322130,16,POST,completion,0.200000,0.000000,79000,79000,79000,79000,79000,79000,79000,79000,79000,79000,79000,4,0,79000,78650.75994166546,77799.10386377014,79244.1968030762,128.0
1790322130,16,TPOT,completion,0.200000,0.000000,580,580,580,580,580,580,580,580,580,580,580,4,0,580,580.9956252002927,576.1970559127745,583.8281798568796,0.0
1790322130,16,TTFT,completion,0.200000,0.000000,5100,5100,5200,5200,5200,5200,5200,5200,5200,5200,5200,4,0,5100,4864.249529957306,4579.026113962755,5158.002135809511,0.0
1790322130,16,,Aggregated,0.600000,0.000000,5100,5200,78000,79000,79000,79000,79000,79000,79000,79000,79000,12,0,5100,28032.00169894102,576.1970559127745,79244.1968030762,42.666666666666664
1790322131,16,POST,completion,0.200000,0.000000,79000,79000,79000,81000,81000,81000,81000,81000,81000,81000,81000,5,0,79000,79109.24315731972,77799.10386377014,80943.1760199368,128.0
1790322131,16,TPOT,completion,0.200000,0.000000,580,580,580,590,590,590,590,590,590,590,590,5,0,580,583.6056191793195,576.1970559127745,594.0455950954268,0.0
1790322131,16,TTFT,completion,0.200000,0.000000,5100,5200,5200,5500,5500,5500,5500,5500,5500,5500,5500,5,0,5100,4991.26438354142,4579.026113962755,5499.323797877878,0.0
1790322131,16,,Aggregated,0.600000,0.000000,5200,5500,79000,79000,79000,81000,81000,81000,81000,81000,81000,15,0,5100,28228.03772001349,576.1970559127745,80943.1760199368,42.666666666666664
1790322132,16,POST,completion,0.400000,0.000000,79000,79000,79000,79000,81000,81000,81000,81000,81000,81000,81000,7,0,79000,78521.29790705761,75162.33518486843,80943.1760199368,128.0
1790322132,16,TPOT,completion,0.400000,0.000000,580,580,580,580,590,590,590,590,590,590,590,7,0,580,576.7240317905566,540.5745984891092,594.0455950954268,0.0
1790322132,16,TTFT,completion,0.400000,0.000000,5500,5500,5500,5500,6500,6500,6500,6500,6500,6500,6500,7,0,5200,5277.2794435066835,4579.026113962755,6509.289347799495,0.0
1790322132,16,,Aggregated,1.200000,0.000000,5500,6500,78000,79000,79000,81000,81000,81000,81000,81000,81000,21,0,5200,28125.100460784954,540.5745984891092,80943.1760199368,42.666666666666664
1790322133,16,POST,completion,0.400000,0.000000,79000,79000,79000,79000,81000,81000,81000,81000,81000,81000,81000,7,0,79000,78521.29790705761,75162.33518486843,80943.1760199368,128.0
1790322133,16,TPOT,completion,0.400000,0.000000,580,580,580,580,590,590,590,590,590,590,590,7,0,580,576.7240317905566,540.5745984891092,594.0455950954268,0.0
1790322133,16,TTFT,completion,0.400000,0.000000,5500,5500,5500,5500,6500,6500,6500,6500,6500,6500,6500,7,0,5200,5277.2794435066835,4579.026113962755,6509.289347799495,0.0
1790322133,16,,Aggregated,1.200000,0.000000,5500,6500,78000,79000,79000,81000,81000,81000,81000,81000,81000,21,0,5200,28125.100460784954,540.5745984891092,80943.1760199368,42.666666666666664
1790322134,16,POST,completion,0.500000,0.000000,79000,79000,79000,79000,81000,81000,81000,81000,81000,81000,81000,8,0,79000,78614.80357905384,75162.33518486843,80943.1760199368,128.0
1790322134,16,TPOT,completion,0.500000,0.000000,580,580,580,580,590,590,590,590,590,590,590,8,0,580,577.2393788009383,540.5745984891092,594.0455950954268,0.0
1790322134,16,TTFT,completion,0.500000,0.000000,5500,5500,5500,5500,6500,6500,6500,6500,6500,6500,6500,8,0,5500,5305.335918063065,4579.026113962755,6509.289347799495,0.0
1790322134,16,,Aggregated,1.500000,0.000000,5500,6500,78000,79000,79000,79000,81000,81000,81000,81000,81000,24,0,5500,28165.792958639282,540.5745984891092,80943.1760199368,42.666666666666664
1790322135,16,POST,completion,0.500000,0.000000,79000,79000,79000,79000,81000,81000,81000,81000,81000,81000,81000,8,0,79000,78614.80357905384,75162.33518486843,80943.1760199368,128.0
1790322135,16,TPOT,completion,0.500000,0.000000,580,580,580,580,590,590,590,590,590,590,590,8,0,580,577.2393788009383,540.5745984891092,594.0455950954268,0.0
1790322135,16,TTFT,completion,0.500000,0.000000,5500,5500,5500,5500,6500,6500,6500,6500,6500,6500,6500,8,0,5500,5305.335918063065,4579.026113962755,6509.289347799495,0.0
1790322135,16,,Aggregated,1.500000,0.000000,5500,6500,79000,79000,79000,81000,81000,81000,81000,81000,81000,24,0,5500,28165.792958639282,540.5745984891092,80943.1760199368,42.666666666666664
1790322136,16,POST,completion,0.500000,0.000000,79000,79000,79000,79000,81000,81000,81000,81000,81000,81000,81000,8,0,79000,78614.80357905384,75162.33518486843,80943.1760199368,128.0
1790322136,16,TPOT,completion,0.500000,0.000000,580,580,580,580,590,590,590,590,590,590,590,8,0,580,577.2393788009383,540.5745984891092,594.0455950954268,0.0
1790322136,16,TTFT,completion,0.500000,0.000000,5500,5500,5500,5500,6500,6500,6500,6500,6500,6500,6500,8,0,5500,5305.335918063065,4579.026113962755,6509.289347799495,0.0
1790322136,16,,Aggregated,1.500000,0.000000,5500,6500,79000,79000,79000,81000,81000,81000,81000,81000,81000,24,0,5500,28165.792958639282,540.5745984891092,80943.1760199368,42.666666666666664
1790322137,16,POST,completion,0.500000,0.000000,79000,79000,81000,81000,81000,81000,81000,81000,81000,81000,81000,9,0,79000,78910.7546377151,75162.33518486843,81278.36310700513,128.0
1790322137,16,TPOT,completion,0.500000,0.000000,580,580,590,590,590,590,590,590,590,590,590,9,0,580,579.1839390277312,540.5745984891092,594.740420842074,0.0
1790322137,16,TTFT,completion,0.500000,0.000000,5500,5500,5700,5700,6500,6500,6500,6500,6500,6500,6500,9,0,5500,5354.322211506466,4579.026113962755,6509.289347799495,0.0
1790322137,16,,Aggregated,1.500000,0.000000,5500,6500,79000,79000,79000,81000,81000,81000,81000,81000,81000,27,0,5500,28281.420262749765,540.5745984891092,81278.36310700513,42.666666666666664
1790322138,16,POST,completion,0.500000,0.000000,79000,79000,81000,81000,81000,81000,81000,81000,81000,81000,81000,9,0,79000,78910.7546377151,75162.33518486843,81278.36310700513,128.0
1790322138,16,TPOT,completion,0.500000,0.000000,580,580,590,590,590,590,590,590,590,590,590,9,0,580,579.1839390277312,540.5745984891092,594.740420842074,0.0
1790322138,16,TTFT,completion,0.500000,0.000000,5500,5500,5700,5700,6500,6500,6500,6500,6500,6500,6500,9,0,5500,5354.322211506466,4579.026113962755,6509.289347799495,0.0
1790322138,16,,Aggregated,1.500000,0.000000,5500,6500,79000,79000,79000,81000,81000,81000,81000,81000,81000,27,0,5500,28281.420262749765,540.5745984891092,81278.36310700513,42.666666666666664
1790322139,16,POST,completion,0.500000,0.000000,79000,81000,81000,81000,81000,81000,81000,81000,81000,81000,81000,9,0,79000,78910.7546377151,75162.33518486843,81278.36310700513,128.0
1790322139,16,TPOT,completion,0.500000,0.000000,580,590,590,590,590,590,590,590,590,590,590,9,0,580,579.1839390277312,540.5745984891092,594.740420842074,0.0
1790322139,16,TTFT,completion,0.500000,0.000000,5500,5700,5700,6500,6500,6500,6500,6500,6500,6500,6500,9,0,5500,5354.322211506466,4579.026113962755,6509.289347799495,0.0
1790322139,16,,Aggregated,1.500000,0.000000,5500,6500,79000,79000,81000,81000,81000,81000,81000,81000,81000,27,0,5500,28281.420262749765,540.5745984891092,81278.36310700513,42.666666666666664
1790322140,16,POST,completion,0.700000,0.000000,80000,80000,81000,81000,85000,85000,85000,85000,85000,85000,85000,11,0,79000,79558.47002885473,75162.33518486843,84614.35797484592,128.0
1790322140,16,TPOT,completion,0.700000,0.000000,590,590,590,590,620,620,620,620,620,620,620,11,0,580,583.7689691172204,540.5745984891092,623.2909919294403,0.0
1790322140,16,TTFT,completion,0.700000,0.000000,5700,5700,6000,6000,6500,6500,6500,6500,6500,6500,6500,11,0,5500,5419.741642492061,4579.026113962755,6509.289347799495,0.0
1790322140,16,,Aggregated,2.100000,0.000000,5700,6500,79000,79000,81000,85000,85000,85000,85000,85000,85000,33,0,5500,28520.660213488005,540.5745984891092,84614.35797484592,42.666666666666664
1790322141,16,POST,completion,0.700000,0.000000,80000,80000,81000,81000,85000,85000,85000,85000,85000,85000,85000,12,0,79000,79531.20625418767,75162.33518486843,84614.35797484592,128.0
1790322141,16,TPOT,completion,0.700000,0.000000,590,590,590,590,620,620,620,620,620,620,620,12,0,580,583.6086603397322,540.5745984891092,623.2909919294403,0.0
1790322141,16,TTFT,completion,0.700000,0.000000,5700,5700,6000,6000,6500,6500,6500,6500,6500,6500,6500,12,0,5500,5412.8378721846575,4579.026113962755,6509.289347799495,0.0
1790322141,16,,Aggregated,2.100000,0.000000,5700,6500,79000,79000,81000,85000,85000,85000,85000,85000,85000,36,0,5500,28509.21759557068,540.5745984891092,84614.35797484592,42.666666666666664
1790322142,16,POST,completion,0.700000,0.000000,80000,80000,81000,81000,85000,85000,85000,85000,85000,85000,85000,12,0,79000,79531.20625418767,75162.33518486843,84614.35797484592,128.0
1790322142,16,TPOT,completion,0.700000,0.000000,590,590,590,590,620,620,620,620,620,620,620,12,0,580,583.6086603397322,540.5745984891092,623.2909919294403,0.0
1790322142,16,TTFT,completion,0.700000,0.000000,5700,5700,6000,6000,6500,6500,6500,6500,6500,6500,6500,12,0,5500,5412.8378721846575,4579.026113962755,6509.289347799495,0.0
1790322142,16,,Aggregated,2.100000,0.000000,5700,6500,79000,79000,81000,85000,85000,85000,85000,85000,85000,36,0,5500,28509.21759557068,540.5745984891092,84614.35797484592,42.666666666666664
1790322143,16,POST,completion,0.700000,0.000000,81000,81000,81000,81000,85000,85000,85000,85000,85000,85000,85000,13,0,79000,79651.40093655254,75162.33518486843,84614.35797484592,128.0
1790322143,16,TPOT,completion,0.700000,0.000000,590,590,590,590,620,620,620,620,620,620,620,13,0,580,584.4788009579772,540.5745984891092,623.2909919294403,0.0
1790322143,16,TTFT,completion,0.700000,0.000000,5500,5500,5700,5700,6000,6000,6000,6000,6000,6000,6000,13,0,5500,5422.525404253975,4579.026113962755,6509.289347799495,0.0
1790322143,16,,Aggregated,2.100000,0.000000,5500,6000,79000,80000,81000,85000,85000,85000,85000,85000,85000,39,0,5500,28552.801713921494,540.5745984891092,84614.35797484592,42.666666666666664
1790322144,16,POST,completion,0.700000,0.000000,81000,81000,81000,81000,85000,85000,85000,85000,85000,85000,85000,13,0,79000,79651.40093655254,75162.33518486843,84614.35797484592,128.0
1790322144,16,TPOT,completion,0.700000,0.000000,590,590,590,590,620,620,620,620,620,620,620,13,0,580,584.4788009579772,540.5745984891092,623.2909919294403,0.0
1790322144,16,TTFT,completion,0.700000,0.000000,5500,5500,5700,5700,6000,6000,6000,6000,6000,6000,6000,13,0,5500,5422.525404253975,4579.026113962755,6509.289347799495,0.0
1790322144,16,,Aggregated,2.100000,0.000000,5500,6000,79000,80000,81000,85000,85000,85000,85000,85000,85000,39,0,5500,28552.801713921494,540.5745984891092,84614.35797484592,42.666666666666664
1790322145,16,POST,completion,0.600000,0.000000,81000,81000,81000,81000,85000,85000,85000,85000,85000,85000,85000,14,0,79000,79614.73416029809,75162.33518486843,84614.35797484592,128.0
1790322145,16,TPOT,completion,0.600000,0.000000,590,590,590,590,620,620,620,620,620,620,620,14,0,580,584.1553996352968,540.5745984891092,623.2909919294403,0.0
1790322145,16,TTFT,completion,0.600000,0.000000,5500,5500,5700,5700,6000,6000,6000,6000,6000,6000,6000,14,0,5500,5426.931002027622,4579.026113962755,6509.289347799495,0.0
1790322145,16,,Aggregated,1.800000,0.000000,5500,6000,79000,80000,81000,85000,85000,85000,85000,85000,85000,42,0,5500,28541.940187320328,540.5745984891092,84614.35797484592,42.666666666666664
1790322146,16,POST,completion,0.600000,0.000000,81000,81000,81000,81000,85000,85000,85000,85000,85000,85000,85000,14,0,79000,79614.73416029809,75162.33518486843,84614.35797484592,128.0
1790322146,16,TPOT,completion,0.600000,0.000000,590,590,590,590,620,620,620,620,620,620,620,14,0,580,584.1553996352968,540.5745984891092,623.2909919294403,0.0
1790322146,16,TTFT,completion,0.600000,0.000000,5500,5500,5700,5700,6000,6000,6000,6000,6000,6000,6000,14,0,5500,5426.931002027622,4579.026113962755,6509.289347799495,0.0
1790322146,16,,Aggregated,1.800000,0.000000,5500,6000,79000,80000,81000,85000,85000,85000,85000,85000,85000,42,0,5500,28541.940187320328,540.5745984891092,84614.35797484592,42.666666666666664
1790322147,16,POST,completion,0.600000,0.000000,80000,81000,81000,85000,85000,85000,85000,85000,85000,85000,85000,14,0,79000,79614.73416029809,75162.33518486843,84614.35797484592,128.0
1790322147,16,TPOT,completion,0.600000,0.000000,590,590,590,620,620,620,620,620,620,620,620,14,0,580,584.1553996352968,540.5745984891092,623.2909919294403,0.0
1790322147,16,TTFT,completion,0.600000,0.000000,5500,5500,5500,6000,6000,6000,6000,6000,6000,6000,6000,14,0,5500,5426.931002027622,4579.026113962755,6509.289347799495,0.0
1790322147,16,,Aggregated,1.800000,0.000000,5500,6000,79000,80000,81000,85000,85000,85000,85000,85000,85000,42,0,5500,28541.940187320328,540.5745984891092,84614.35797484592,42.666666666666664
1790322148,16,POST,completion,0.600000,0.000000,80000,80000,81000,81000,85000,85000,85000,85000,85000,85000,85000,15,0,79000,79633.39176407705,75162.33518486843,84614.35797484592,128.0
1790322148,16,TPOT,completion,0.600000,0.000000,590,590,590,590,620,620,620,620,620,620,620,15,0,580,584.2993440727391,540.5745984891092,623.2909919294403,0.0
1790322148,16,TTFT,completion,0.600000,0.000000,5500,5500,5500,5500,6000,6000,6000,6000,6000,6000,6000,15,0,5500,5427.308021501328,4579.026113962755,6509.289347799495,0.0
1790322148,16,,Aggregated,1.800000,0.000000,5500,6000,79000,80000,81000,85000,85000,85000,85000,85000,85000,45,0,5500,28548.333043217033,540.5745984891092,84614.35797484592,42.666666666666664
1790322149,16,POST,completion,0.500000,0.000000,79000,80000,80000,81000,81000,81000,81000,81000,81000,81000,81000,16,0,79000,79597.40541539213,75162.33518486843,84614.35797484592,128.0
1790322149,16,TPOT,completion,0.500000,0.000000,580,590,590,590,590,590,590,590,590,590,590,16,0,580,584.1315698615819,540.5745984891092,623.2909919294403,0.0
1790322149,16,TTFT,completion,0.500000,0.000000,5400,5500,5500,5500,5500,5500,5500,5500,5500,5500,5500,16,0,5500,5412.629833968822,4579.026113962755,6509.289347799495,0.0
1790322149,16,,Aggregated,1.500000,0.000000,5400,5500,79000,79000,80000,81000,81000,81000,81000,81000,81000,48,0,5500,28531.38893974084,540.5745984891092,84614.35797484592,42.666666666666664
1790322150,16,POST,completion,0.500000,0.000000,79000,80000,80000,81000,81000,81000,81000,81000,81000,81000,81000,16,0,79000,79597.40541539213,75162.33518486843,84614.35797484592,128.0
1790322150,16,TPOT,completion,0.500000,0.000000,580,590,590,590,590,590,590,590,590,590,590,16,0,580,584.1315698615819,540.5745984891092,623.2909919294403,0.0
1790322150,16,TTFT,completion,0.500000,0.000000,5400,5500,5500,5500,5500,5500,5500,5500,5500,5500,5500,16,0,5500,5412.629833968822,4579.026113962755,6509.289347799495,0.0
1790322150,16,,Aggregated,1.500000,0.000000,5400,5500,79000,79000,80000,81000,81000,81000,81000,81000,81000,48,0,5500,28531.38893974084,540.5745984891092,84614.35797484592,42.666666666666664
1790322151,16,POST,completion,0.500000,0.000000,80000,80000,81000,81000,81000,81000,81000,81000,81000,81000,81000,16,0,79000,79597.40541539213,75162.33518486843,84614.35797484592,128.0
1790322151,16,TPOT,completion,0.500000,0.000000,590,590,590,590,590,590,590,590,590,590,590,16,0,580,584.1315698615819,540.5745984891092,623.2909919294403,0.0
1790322151,16,TTFT,completion,0.500000,0.000000,5500,5500,5500,5500,5500,5500,5500,5500,5500,5500,5500,16,0,5500,5412.629833968822,4579.026113962755,6509.289347799495,0.0
1790322151,16,,Aggregated,1.500000,0.000000,5500,5500,79000,79000,80000,81000,81000,81000,81000,81000,81000,48,0,5500,28531.38893974084,540.5745984891092,84614.35797484592,42.666666666666664
1790322152,16,POST,completion,0.500000,0.000000,80000,80000,81000,81000,81000,81000,81000,81000,81000,81000,81000,16,0,79000,79597.40541539213,75162.33518486843,84614.35797484592,128.0
1790322152,16,TPOT,completion,0.500000,0.000000,590,590,590,590,590,590,590,590,590,590,590,16,0,580,584.1315698615819,540.5745984891092,623.2909919294403,0.0
1790322152,16,TTFT,completion,0.500000,0.000000,5500,5500,5500,5500,5500,5500,5500,5500,5500,5500,5500,16,0,5500,5412.629833968822,4579.026113962755,6509.289347799495,0.0
1790322152,16,,Aggregated,1.500000,0.000000,5500,5500,79000,79000,80000,81000,81000,81000,81000,81000,81000,48,0,5500,28531.38893974084,540.5745984891092,84614.35797484592,42.666666666666664
1790322153,16,POST,completion,0.500000,0.000000,79000,79000,80000,80000,80000,80000,80000,80000,80000,80000,80000,16,0,79000,79597.40541539213,75162.33518486843,84614.35797484592,128.0
1790322153,16,TPOT,completion,0.500000,0.000000,580,580,590,590,590,590,590,590,590,590,590,16,0,580,584.1315698615819,540.5745984891092,623.2909919294403,0.0
1790322153,16,TTFT,completion,0.500000,0.000000,5400,5400,5500,5500,5500,5500,5500,5500,5500,5500,5500,16,0,5500,5412.629833968822,4579.026113962755,6509.289347799495,0.0
1790322153,16,,Aggregated,1.500000,0.000000,5400,5500,79000,79000,80000,80000,80000,80000,80000,80000,80000,48,0,5500,28531.38893974084,540.5745984891092,84614.35797484592,42.666666666666664
1790322154,16,POST,completion,0.500000,0.000000,79000,79000,80000,80000,80000,80000,80000,80000,80000,80000,80000,16,0,79000,79597.40541539213,75162.33518486843,84614.35797484592,128.0
1790322154,16,TPOT,completion,0.500000,0.000000,580,580,590,590,590,590,590,590,590,590,590,16,0,580,584.1315698615819,540.5745984891092,623.2909919294403,0.0
1790322154,16,TTFT,completion,0.500000,0.000000,5400,5400,5500,5500,5500,5500,5500,5500,5500,5500,5500,16,0,5500,5412.629833968822,4579.026113962755,6509.289347799495,0.0
1790322154,16,,Aggregated,1.500000,0.000000,5400,5500,79000,79000,80000,80000,80000,80000,80000,80000,80000,48,0,5500,28531.38893974084,540.5745984891092,84614.35797484592,42.666666666666664
1790322155,16,POST,completion,0.500000,0.000000,80000,80000,80000,80000,80000,80000,80000,80000,80000,80000,80000,16,0,79000,79597.40541539213,75162.33518486843,84614.35797484592,128.0
1790322155,16,TPOT,completion,0.500000,0.000000,590,590,590,590,590,590,590,590,590,590,590,16,0,580,584.1315698615819,540.5745984891092,623.2909919294403,0.0
1790322155,16,TTFT,completion,0.500000,0.000000,5400,5400,5400,5400,5400,5400,5400,5400,5400,5400,5400,16,0,5500,5412.629833968822,4579.026113962755,6509.289347799495,0.0
1790322155,16,,Aggregated,1.500000,0.000000,5400,5400,79000,79000,80000,80000,80000,80000,80000,80000,80000,48,0,5500,28531.38893974084,540.5745984891092,84614.35797484592,42.666666666666664
1790322156,16,POST,completion,0.500000,0.000000,80000,80000,80000,80000,80000,80000,80000,80000,80000,80000,80000,16,0,79000,79597.40541539213,75162.33518486843,84614.35797484592,128.0
1790322156,16,TPOT,completion,0.500000,0.000000,590,590,590,590,590,590,590,590,590,590,590,16,0,580,584.1315698615819,540.5745984891092,623.2909919294403,0.0
1790322156,16,TTFT,completion,0.500000,0.000000,5400,5400,5400,5400,5400,5400,5400,5400,5400,5400,5400,16,0,5500,5412.629833968822,4579.026113962755,6509.289347799495,0.0
1790322156,16,,Aggregated,1.500000,0.000000,5400,5400,79000,79000,80000,80000,80000,80000,80000,80000,80000,48,0,5500,28531.38893974084,540.5745984891092,84614.35797484592,42.666666666666664
1790322157,16,POST,completion,0.500000,0.000000,80000,80000,80000,80000,80000,80000,80000,80000,80000,80000,80000,16,0,79000,79597.40541539213,75162.33518486843,84614.35797484592,128.0
1790322157,16,TPOT,completion,0.500000,0.000000,590,590,590,590,590,590,590,590,590,590,590,16,0,580,584.1315698615819,540.5745984891092,623.2909919294403,0.0
1790322157,16,TTFT,completion,0.500000,0.000000,5400,5400,5400,5400,5400,5400,5400,5400,5400,5400,5400,16,0,5500,5412.629833968822,4579.026113962755,6509.289347799495,0.0
1790322157,16,,Aggregated,1.500000,0.000000,5400,5400,79000,79000,80000,80000,80000,80000,80000,80000,80000,48,0,5500,28531.38893974084,540.5745984891092,84614.35797484592,42.666666666666664
1790322158,16,POST,completion,0.500000,0.000000,79000,79000,79000,79000,79000,79000,79000,79000,79000,79000,79000,16,0,79000,79597.40541539213,75162.33518486843,84614.35797484592,128.0
1790322158,16,TPOT,completion,0.500000,0.000000,580,580,580,580,580,580,580,580,580,580,580,16,0,580,584.1315698615819,540.5745984891092,623.2909919294403,0.0
1790322158,16,TTFT,completion,0.500000,0.000000,5200,5200,5200,5200,5200,5200,5200,5200,5200,5200,5200,16,0,5500,5412.629833968822,4579.026113962755,6509.289347799495,0.0
1790322158,16,,Aggregated,1.500000,0.000000,5200,5200,79000,79000,79000,79000,79000,79000,79000,79000,79000,48,0,5500,28531.38893974084,540.5745984891092,84614.35797484592,42.666666666666664
1790322159,16,POST,completion,0.500000,0.000000,79000,79000,79000,79000,79000,79000,79000,79000,79000,79000,79000,16,0,79000,79597.40541539213,75162.33518486843,84614.35797484592,128.0
1790322159,16,TPOT,completion,0.500000,0.000000,580,580,580,580,580,580,580,580,580,580,580,16,0,580,584.1315698615819,540.5745984891092,623.2909919294403,0.0
1790322159,16,TTFT,completion,0.500000,0.000000,5200,5200,5200,5200,5200,5200,5200,5200,5200,5200,5200,16,0,5500,5412.629833968822,4579.026113962755,6509.289347799495,0.0
1790322159,16,,Aggregated,1.500000,0.000000,5200,5200,79000,79000,79000,79000,79000,79000,79000,79000,79000,48,0,5500,28531.38893974084,540.5745984891092,84614.35797484592,42.666666666666664
1790322160,16,POST,completion,0.500000,0.000000,79000,79000,79000,79000,79000,79000,79000,79000,79000,79000,79000,16,0,79000,79597.40541539213,75162.33518486843,84614.35797484592,128.0
1790322160,16,TPOT,completion,0.500000,0.000000,580,580,580,580,580,580,580,580,580,580,580,16,0,580,584.1315698615819,540.5745984891092,623.2909919294403,0.0
1790322160,16,TTFT,completion,0.500000,0.000000,5200,5200,5200,5200,5200,5200,5200,5200,5200,5200,5200,16,0,5500,5412.629833968822,4579.026113962755,6509.289347799495,0.0
1790322160,16,,Aggregated,1.500000,0.000000,5200,5200,79000,79000,79000,79000,79000,79000,79000,79000,79000,48,0,5500,28531.38893974084,540.5745984891092,84614.35797484592,42.666666666666664
1790322161,16,POST,completion,0.500000,0.000000,79000,79000,79000,79000,79000,79000,79000,79000,79000,79000,79000,16,0,79000,79597.40541539213,75162.33518486843,84614.35797484592,128.0
1790322161,16,TPOT,completion,0.500000,0.000000,580,580,580,580,580,580,580,580,580,580,580,16,0,580,584.1315698615819,540.5745984891092,623.2909919294403,0.0
1790322161,16,TTFT,completion,0.500000,0.000000,5200,5200,5200,5200,5200,5200,5200,5200,5200,5200,5200,16,0,5500,5412.629833968822,4579.026113962755,6509.289347799495,0.0
1790322161,16,,Aggregated,1.500000,0.000000,5200,5200,79000,79000,79000,79000,79000,79000,79000,79000,79000,48,0,5500,28531.38893974084,540.5745984891092,84614.35797484592,42.666666666666664
1790322162,16,POST,completion,0.500000,0.000000,79000,79000,79000,79000,79000,79000,79000,79000,79000,79000,79000,16,0,79000,79597.40541539213,75162.33518486843,84614.35797484592,128.0
1790322162,16,TPOT,completion,0.500000,0.000000,580,580,580,580,580,580,580,580,580,580,580,16,0,580,584.1315698615819,540.5745984891092,623.2909919294403,0.0
1790322162,16,TTFT,completion,0.500000,0.000000,5200,5200,5200,5200,5200,5200,5200,5200,5200,5200,5200,16,0,5500,5412.629833968822,4579.026113962755,6509.289347799495,0.0
1790322162,16,,Aggregated,1.500000,0.000000,5200,5200,79000,79000,79000,79000,79000,79000,79000,79000,79000,48,0,5500,28531.38893974084,540.5745984891092,84614.35797484592,42.666666666666664
1790322163,16,POST,completion,0.500000,0.000000,79000,79000,79000,79000,79000,79000,79000,79000,79000,79000,79000,16,0,79000,79597.40541539213,75162.33518486843,84614.35797484592,128.0
1790322163,16,TPOT,completion,0.500000,0.000000,580,580,580,580,580,580,580,580,580,580,580,16,0,580,584.1315698615819,540.5745984891092,623.2909919294403,0.0
1790322163,16,TTFT,completion,0.500000,0.000000,5200,5200,5200,5200,5200,5200,5200,5200,5200,5200,5200,16,0,5500,5412.629833968822,4579.026113962755,6509.289347799495,0.0
1790322163,16,,Aggregated,1.500000,0.000000,5200,5200,79000,79000,79000,79000,79000,79000,79000,79000,79000,48,0,5500,28531.38893974084,540.5745984891092,84614.35797484592,42.666666666666664
1790322164,16,POST,completion,0.500000,0.000000,79000,79000,79000,79000,79000,79000,79000,79000,79000,79000,79000,16,0,79000,79597.40541539213,75162.33518486843,84614.35797484592,128.0
1790322164,16,TPOT,completion,0.500000,0.000000,580,580,580,580,580,580,580,580,580,580,580,16,0,580,584.1315698615819,540.5745984891092,623.2909919294403,0.0
1790322164,16,TTFT,completion,0.500000,0.000000,5200,5200,5200,5200,5200,5200,5200,5200,5200,5200,5200,16,0,5500,5412.629833968822,4579.026113962755,6509.289347799495,0.0
1790322164,16,,Aggregated,1.500000,0.000000,5200,5200,79000,79000,79000,79000,79000,79000,79000,79000,79000,48,0,5500,28531.38893974084,540.5745984891092,84614.35797484592,42.666666666666664
1790322165,16,POST,completion,0.500000,0.000000,79000,79000,79000,79000,79000,79000,79000,79000,79000,79000,79000,16,0,79000,79597.40541539213,75162.33518486843,84614.35797484592,128.0
1790322165,16,TPOT,completion,0.500000,0.000000,580,580,580,580,580,580,580,580,580,580,580,16,0,580,584.1315698615819,540.5745984891092,623.2909919294403,0.0
1790322165,16,TTFT,completion,0.500000,0.000000,5200,5200,5200,5200,5200,5200,5200,5200,5200,5200,5200,16,0,5500,5412.629833968822,4579.026113962755,6509.289347799495,0.0
1790322165,16,,Aggregated,1.500000,0.000000,5200,5200,79000,79000,79000,79000,79000,79000,79000,79000,79000,48,0,5500,28531.38893974084,540.5745984891092,84614.35797484592,42.666666666666664
1790322166,16,POST,completion,0.500000,0.000000,79000,79000,79000,79000,79000,79000,79000,79000,79000,79000,79000,16,0,79000,79597.40541539213,75162.33518486843,84614.35797484592,128.0
1790322166,16,TPOT,completion,0.500000,0.000000,580,580,580,580,580,580,580,580,580,580,580,16,0,580,584.1315698615819,540.5745984891092,623.2909919294403,0.0
1790322166,16,TTFT,completion,0.500000,0.000000,5200,5200,5200,5200,5200,5200,5200,5200,5200,5200,5200,16,0,5500,5412.629833968822,4579.026113962755,6509.289347799495,0.0
1790322166,16,,Aggregated,1.500000,0.000000,5200,5200,79000,79000,79000,79000,79000,79000,79000,79000,79000,48,0,5500,28531.38893974084,540.5745984891092,84614.35797484592,42.666666666666664
1790322167,16,POST,completion,0.500000,0.000000,0,0,0,0,0,0,0,0,0,0,0,16,0,79000,79597.40541539213,75162.33518486843,84614.35797484592,128.0
1790322167,16,TPOT,completion,0.500000,0.000000,0,0,0,0,0,0,0,0,0,0,0,16,0,580,584.1315698615819,540.5745984891092,623.2909919294403,0.0
1790322167,16,TTFT,completion,0.500000,0.000000,0,0,0,0,0,0,0,0,0,0,0,16,0,5500,5412.629833968822,4579.026113962755,6509.289347799495,0.0
1790322167,16,,Aggregated,1.500000,0.000000,0,0,0,0,0,0,0,0,0,0,0,48,0,5500,28531.38893974084,540.5745984891092,84614.35797484592,42.666666666666664
1790322168,16,POST,completion,0.500000,0.000000,0,0,0,0,0,0,0,0,0,0,0,16,0,79000,79597.40541539213,75162.33518486843,84614.35797484592,128.0
1790322168,16,TPOT,completion,0.500000,0.000000,0,0,0,0,0,0,0,0,0,0,0,16,0,580,584.1315698615819,540.5745984891092,623.2909919294403,0.0
1790322168,16,TTFT,completion,0.500000,0.000000,0,0,0,0,0,0,0,0,0,0,0,16,0,5500,5412.629833968822,4579.026113962755,6509.289347799495,0.0
1790322168,16,,Aggregated,1.500000,0.000000,0,0,0,0,0,0,0,0,0,0,0,48,0,5500,28531.38893974084,540.5745984891092,84614.35797484592,42.666666666666664
1790322169,16,POST,completion,0.500000,0.000000,0,0,0,0,0,0,0,0,0,0,0,16,0,79000,79597.40541539213,75162.33518486843,84614.35797484592,128.0
1790322169,16,TPOT,completion,0.500000,0.000000,0,0,0,0,0,0,0,0,0,0,0,16,0,580,584.1315698615819,540.5745984891092,623.2909919294403,0.0
1790322169,16,TTFT,completion,0.500000,0.000000,0,0,0,0,0,0,0,0,0,0,0,16,0,5500,5412.629833968822,4579.026113962755,6509.289347799495,0.0
1790322169,16,,Aggregated,1.500000,0.000000,0,0,0,0,0,0,0,0,0,0,0,48,0,5500,28531.38893974084,540.5745984891092,84614.35797484592,42.666666666666664
1790322170,16,POST,completion,0.500000,0.000000,0,0,0,0,0,0,0,0,0,0,0,16,0,79000,79597.40541539213,75162.33518486843,84614.35797484592,128.0
1790322170,16,TPOT,completion,0.500000,0.000000,0,0,0,0,0,0,0,0,0,0,0,16,0,580,584.1315698615819,540.5745984891092,623.2909919294403,0.0
1790322170,16,TTFT,completion,0.500000,0.000000,0,0,0,0,0,0,0,0,0,0,0,16,0,5500,5412.629833968822,4579.026113962755,6509.289347799495,0.0
1790322170,16,,Aggregated,1.500000,0.000000,0,0,0,0,0,0,0,0,0,0,0,48,0,5500,28531.38893974084,540.5745984891092,84614.35797484592,42.666666666666664
1790322171,16,POST,completion,0.500000,0.000000,0,0,0,0,0,0,0,0,0,0,0,16,0,79000,79597.40541539213,75162.33518486843,84614.35797484592,128.0
1790322171,16,TPOT,completion,0.500000,0.000000,0,0,0,0,0,0,0,0,0,0,0,16,0,580,584.1315698615819,540.5745984891092,623.2909919294403,0.0
1790322171,16,TTFT,completion,0.500000,0.000000,0,0,0,0,0,0,0,0,0,0,0,16,0,5500,5412.629833968822,4579.026113962755,6509.289347799495,0.0
1790322171,16,,Aggregated,1.500000,0.000000,0,0,0,0,0,0,0,0,0,0,0,48,0,5500,28531.38893974084,540.5745984891092,84614.35797484592,42.666666666666664
1790322172,16,POST,completion,0.500000,0.000000,0,0,0,0,0,0,0,0,0,0,0,16,0,79000,79597.40541539213,75162.33518486843,84614.35797484592,128.0
1790322172,16,TPOT,completion,0.500000,0.000000,0,0,0,0,0,0,0,0,0,0,0,16,0,580,584.1315698615819,540.5745984891092,623.2909919294403,0.0
1790322172,16,TTFT,completion,0.500000,0.000000,0,0,0,0,0,0,0,0,0,0,0,16,0,5500,5412.629833968822,4579.026113962755,6509.289347799495,0.0
1790322172,16,,Aggregated,1.500000,0.000000,0,0,0,0,0,0,0,0,0,0,0,48,0,5500,28531.38893974084,540.5745984891092,84614.35797484592,42.666666666666664
1790322173,16,POST,completion,0.500000,0.000000,0,0,0,0,0,0,0,0,0,0,0,16,0,79000,79597.40541539213,75162.33518486843,84614.35797484592,128.0
1790322173,16,TPOT,completion,0.500000,0.000000,0,0,0,0,0,0,0,0,0,0,0,16,0,580,584.1315698615819,540.5745984891092,623.2909919294403,0.0
1790322173,16,TTFT,completion,0.500000,0.000000,0,0,0,0,0,0,0,0,0,0,0,16,0,5500,5412.629833968822,4579.026113962755,6509.289347799495,0.0
1790322173,16,,Aggregated,1.500000,0.000000,0,0,0,0,0,0,0,0,0,0,0,48,0,5500,28531.38893974084,540.5745984891092,84614.35797484592,42.666666666666664
1790322174,16,POST,completion,0.500000,0.000000,0,0,0,0,0,0,0,0,0,0,0,16,0,79000,79597.40541539213,75162.33518486843,84614.35797484592,128.0
1790322174,16,TPOT,completion,0.500000,0.000000,0,0,0,0,0,0,0,0,0,0,0,16,0,580,584.1315698615819,540.5745984891092,623.2909919294403,0.0
1790322174,16,TTFT,completion,0.500000,0.000000,0,0,0,0,0,0,0,0,0,0,0,16,0,5500,5412.629833968822,4579.026113962755,6509.289347799495,0.0
1790322174,16,,Aggregated,1.500000,0.000000,0,0,0,0,0,0,0,0,0,0,0,48,0,5500,28531.38893974084,540.5745984891092,84614.35797484592,42.666666666666664
1790322175,16,POST,completion,0.500000,0.000000,0,0,0,0,0,0,0,0,0,0,0,16,0,79000,79597.40541539213,75162.33518486843,84614.35797484592,128.0
1790322175,16,TPOT,completion,0.500000,0.000000,0,0,0,0,0,0,0,0,0,0,0,16,0,580,584.1315698615819,540.5745984891092,623.2909919294403,0.0
1790322175,16,TTFT,completion,0.500000,0.000000,0,0,0,0,0,0,0,0,0,0,0,16,0,5500,5412.629833968822,4579.026113962755,6509.289347799495,0.0
1790322175,16,,Aggregated,1.500000,0.000000,0,0,0,0,0,0,0,0,0,0,0,48,0,5500,28531.38893974084,540.5745984891092,84614.35797484592,42.666666666666664
1790322176,16,POST,completion,0.500000,0.000000,0,0,0,0,0,0,0,0,0,0,0,16,0,79000,79597.40541539213,75162.33518486843,84614.35797484592,128.0
1790322176,16,TPOT,completion,0.500000,0.000000,0,0,0,0,0,0,0,0,0,0,0,16,0,580,584.1315698615819,540.5745984891092,623.2909919294403,0.0
1790322176,16,TTFT,completion,0.500000,0.000000,0,0,0,0,0,0,0,0,0,0,0,16,0,5500,5412.629833968822,4579.026113962755,6509.289347799495,0.0
1790322176,16,,Aggregated,1.500000,0.000000,0,0,0,0,0,0,0,0,0,0,0,48,0,5500,28531.38893974084,540.5745984891092,84614.35797484592,42.666666666666664
1790322177,16,POST,completion,0.500000,0.000000,0,0,0,0,0,0,0,0,0,0,0,16,0,79000,79597.40541539213,75162.33518486843,84614.35797484592,128.0
1790322177,16,TPOT,completion,0.500000,0.000000,0,0,0,0,0,0,0,0,0,0,0,16,0,580,584.1315698615819,540.5745984891092,623.2909919294403,0.0
1790322177,16,TTFT,completion,0.500000,0.000000,0,0,0,0,0,0,0,0,0,0,0,16,0,5500,5412.629833968822,4579.026113962755,6509.289347799495,0.0
1790322177,16,,Aggregated,1.500000,0.000000,0,0,0,0,0,0,0,0,0,0,0,48,0,5500,28531.38893974084,540.5745984891092,84614.35797484592,42.666666666666664
1790322178,16,POST,completion,0.500000,0.000000,0,0,0,0,0,0,0,0,0,0,0,16,0,79000,79597.40541539213,75162.33518486843,84614.35797484592,128.0
1790322178,16,TPOT,completion,0.500000,0.000000,0,0,0,0,0,0,0,0,0,0,0,16,0,580,584.1315698615819,540.5745984891092,623.2909919294403,0.0
1790322178,16,TTFT,completion,0.500000,0.000000,0,0,0,0,0,0,0,0,0,0,0,16,0,5500,5412.629833968822,4579.026113962755,6509.289347799495,0.0
1790322178,16,,Aggregated,1.500000,0.000000,0,0,0,0,0,0,0,0,0,0,0,48,0,5500,28531.38893974084,540.5745984891092,84614.35797484592,42.666666666666664
1790322179,16,POST,completion,0.500000,0.000000,0,0,0,0,0,0,0,0,0,0,0,16,0,79000,79597.40541539213,75162.33518486843,84614.35797484592,128.0
1790322179,16,TPOT,completion,0.500000,0.000000,0,0,0,0,0,0,0,0,0,0,0,16,0,580,584.1315698615819,540.5745984891092,623.2909919294403,0.0
1790322179,16,TTFT,completion,0.500000,0.000000,0,0,0,0,0,0,0,0,0,0,0,16,0,5500,5412.629833968822,4579.026113962755,6509.289347799495,0.0
1790322179,16,,Aggregated,1.500000,0.000000,0,0,0,0,0,0,0,0,0,0,0,48,0,5500,28531.38893974084,540.5745984891092,84614.35797484592,42.666666666666664
1790322180,16,POST,completion,0.500000,0.000000,0,0,0,0,0,0,0,0,0,0,0,16,0,79000,79597.40541539213,75162.33518486843,84614.35797484592,128.0
1790322180,16,TPOT,completion,0.500000,0.000000,0,0,0,0,0,0,0,0,0,0,0,16,0,580,584.1315698615819,540.5745984891092,623.2909919294403,0.0
1790322180,16,TTFT,completion,0.500000,0.000000,0,0,0,0,0,0,0,0,0,0,0,16,0,5500,5412.629833968822,4579.026113962755,6509.289347799495,0.0
1790322180,16,,Aggregated,1.500000,0.000000,0,0,0,0,0,0,0,0,0,0,0,48,0,5500,28531.38893974084,540.5745984891092,84614.35797484592,42.666666666666664
1790322181,16,POST,completion,0.500000,0.000000,0,0,0,0,0,0,0,0,0,0,0,16,0,79000,79597.40541539213,75162.33518486843,84614.35797484592,128.0
1790322181,16,TPOT,completion,0.500000,0.000000,0,0,0,0,0,0,0,0,0,0,0,16,0,580,584.1315698615819,540.5745984891092,623.2909919294403,0.0
1790322181,16,TTFT,completion,0.500000,0.000000,0,0,0,0,0,0,0,0,0,0,0,16,0,5500,5412.629833968822,4579.026113962755,6509.289347799495,0.0
1790322181,16,,Aggregated,1.500000,0.000000,0,0,0,0,0,0,0,0,0,0,0,48,0,5500,28531.38893974084,540.5745984891092,84614.35797484592,42.666666666666664
1790322182,16,POST,completion,0.500000,0.000000,0,0,0,0,0,0,0,0,0,0,0,16,0,79000,79597.40541539213,75162.33518486843,84614.35797484592,128.0
1790322182,16,TPOT,completion,0.500000,0.000000,0,0,0,0,0,0,0,0,0,0,0,16,0,580,584.1315698615819,540.5745984891092,623.2909919294403,0.0
1790322182,16,TTFT,completion,0.500000,0.000000,0,0,0,0,0,0,0,0,0,0,0,16,0,5500,5412.629833968822,4579.026113962755,6509.289347799495,0.0
1790322182,16,,Aggregated,1.500000,0.000000,0,0,0,0,0,0,0,0,0,0,0,48,0,5500,28531.38893974084,540.5745984891092,84614.35797484592,42.666666666666664
1790322183,16,POST,completion,0.500000,0.000000,0,0,0,0,0,0,0,0,0,0,0,16,0,79000,79597.40541539213,75162.33518486843,84614.35797484592,128.0
1790322183,16,TPOT,completion,0.500000,0.000000,0,0,0,0,0,0,0,0,0,0,0,16,0,580,584.1315698615819,540.5745984891092,623.2909919294403,0.0
1790322183,16,TTFT,completion,0.500000,0.000000,0,0,0,0,0,0,0,0,0,0,0,16,0,5500,5412.629833968822,4579.026113962755,6509.289347799495,0.0
1790322183,16,,Aggregated,1.500000,0.000000,0,0,0,0,0,0,0,0,0,0,0,48,0,5500,28531.38893974084,540.5745984891092,84614.35797484592,42.666666666666664
1790322184,16,POST,completion,0.500000,0.000000,0,0,0,0,0,0,0,0,0,0,0,16,0,79000,79597.40541539213,75162.33518486843,84614.35797484592,128.0
1790322184,16,TPOT,completion,0.500000,0.000000,0,0,0,0,0,0,0,0,0,0,0,16,0,580,584.1315698615819,540.5745984891092,623.2909919294403,0.0
1790322184,16,TTFT,completion,0.500000,0.000000,0,0,0,0,0,0,0,0,0,0,0,16,0,5500,5412.629833968822,4579.026113962755,6509.289347799495,0.0
1790322184,16,,Aggregated,1.500000,0.000000,0,0,0,0,0,0,0,0,0,0,0,48,0,5500,28531.38893974084,540.5745984891092,84614.35797484592,42.666666666666664
1790322185,16,POST,completion,0.500000,0.000000,0,0,0,0,0,0,0,0,0,0,0,16,0,79000,79597.40541539213,75162.33518486843,84614.35797484592,128.0
1790322185,16,TPOT,completion,0.500000,0.000000,0,0,0,0,0,0,0,0,0,0,0,16,0,580,584.1315698615819,540.5745984891092,623.2909919294403,0.0
1790322185,16,TTFT,completion,0.500000,0.000000,0,0,0,0,0,0,0,0,0,0,0,16,0,5500,5412.629833968822,4579.026113962755,6509.289347799495,0.0
1790322185,16,,Aggregated,1.500000,0.000000,0,0,0,0,0,0,0,0,0,0,0,48,0,5500,28531.38893974084,540.5745984891092,84614.35797484592,42.666666666666664
1790322186,16,POST,completion,0.500000,0.000000,0,0,0,0,0,0,0,0,0,0,0,16,0,79000,79597.40541539213,75162.33518486843,84614.35797484592,128.0
1790322186,16,TPOT,completion,0.500000,0.000000,0,0,0,0,0,0,0,0,0,0,0,16,0,580,584.1315698615819,540.5745984891092,623.2909919294403,0.0
1790322186,16,TTFT,completion,0.500000,0.000000,0,0,0,0,0,0,0,0,0,0,0,16,0,5500,5412.629833968822,4579.026113962755,6509.289347799495,0.0
1790322186,16,,Aggregated,1.500000,0.000000,0,0,0,0,0,0,0,0,0,0,0,48,0,5500,28531.38893974084,540.5745984891092,84614.35797484592,42.666666666666664
1790322187,16,POST,completion,0.500000,0.000000,0,0,0,0,0,0,0,0,0,0,0,16,0,79000,79597.40541539213,75162.33518486843,84614.35797484592,128.0
1790322187,16,TPOT,completion,0.500000,0.000000,0,0,0,0,0,0,0,0,0,0,0,16,0,580,584.1315698615819,540.5745984891092,623.2909919294403,0.0
1790322187,16,TTFT,completion,0.500000,0.000000,0,0,0,0,0,0,0,0,0,0,0,16,0,5500,5412.629833968822,4579.026113962755,6509.289347799495,0.0
1790322187,16,,Aggregated,1.500000,0.000000,0,0,0,0,0,0,0,0,0,0,0,48,0,5500,28531.38893974084,540.5745984891092,84614.35797484592,42.666666666666664
1790322188,16,POST,completion,0.500000,0.000000,0,0,0,0,0,0,0,0,0,0,0,16,0,79000,79597.40541539213,75162.33518486843,84614.35797484592,128.0
1790322188,16,TPOT,completion,0.500000,0.000000,0,0,0,0,0,0,0,0,0,0,0,16,0,580,584.1315698615819,540.5745984891092,623.2909919294403,0.0
1790322188,16,TTFT,completion,0.500000,0.000000,0,0,0,0,0,0,0,0,0,0,0,16,0,5500,5412.629833968822,4579.026113962755,6509.289347799495,0.0
1790322188,16,,Aggregated,1.500000,0.000000,0,0,0,0,0,0,0,0,0,0,0,48,0,5500,28531.38893974084,540.5745984891092,84614.35797484592,42.666666666666664
1790322189,16,POST,completion,0.500000,0.000000,0,0,0,0,0,0,0,0,0,0,0,16,0,79000,79597.40541539213,75162.33518486843,84614.35797484592,128.0
1790322189,16,TPOT,completion,0.500000,0.000000,0,0,0,0,0,0,0,0,0,0,0,16,0,580,584.1315698615819,540.5745984891092,623.2909919294403,0.0
1790322189,16,TTFT,completion,0.500000,0.000000,0,0,0,0,0,0,0,0,0,0,0,16,0,5500,5412.629833968822,4579.026113962755,6509.289347799495,0.0
1790322189,16,,Aggregated,1.500000,0.000000,0,0,0,0,0,0,0,0,0,0,0,48,0,5500,28531.38893974084,540.5745984891092,84614.35797484592,42.666666666666664
1790322190,16,POST,completion,0.500000,0.000000,0,0,0,0,0,0,0,0,0,0,0,16,0,79000,79597.40541539213,75162.33518486843,84614.35797484592,128.0
1790322190,16,TPOT,completion,0.500000,0.000000,0,0,0,0,0,0,0,0,0,0,0,16,0,580,584.1315698615819,540.5745984891092,623.2909919294403,0.0
1790322190,16,TTFT,completion,0.500000,0.000000,0,0,0,0,0,0,0,0,0,0,0,16,0,5500,5412.629833968822,4579.026113962755,6509.289347799495,0.0
1790322190,16,,Aggregated,1.500000,0.000000,0,0,0,0,0,0,0,0,0,0,0,48,0,5500,28531.38893974084,540.5745984891092,84614.35797484592,42.666666666666664
1790322191,16,POST,completion,0.500000,0.000000,0,0,0,0,0,0,0,0,0,0,0,16,0,79000,79597.40541539213,75162.33518486843,84614.35797484592,128.0
1790322191,16,TPOT,completion,0.500000,0.000000,0,0,0,0,0,0,0,0,0,0,0,16,0,580,584.1315698615819,540.5745984891092,623.2909919294403,0.0
1790322191,16,TTFT,completion,0.500000,0.000000,0,0,0,0,0,0,0,0,0,0,0,16,0,5500,5412.629833968822,4579.026113962755,6509.289347799495,0.0
1790322191,16,,Aggregated,1.500000,0.000000,0,0,0,0,0,0,0,0,0,0,0,48,0,5500,28531.38893974084,540.5745984891092,84614.35797484592,42.666666666666664
1790322192,16,POST,completion,0.500000,0.000000,0,0,0,0,0,0,0,0,0,0,0,16,0,79000,79597.40541539213,75162.33518486843,84614.35797484592,128.0
1790322192,16,TPOT,completion,0.500000,0.000000,0,0,0,0,0,0,0,0,0,0,0,16,0,580,584.1315698615819,540.5745984891092,623.2909919294403,0.0
1790322192,16,TTFT,completion,0.500000,0.000000,0,0,0,0,0,0,0,0,0,0,0,16,0,5500,5412.629833968822,4579.026113962755,6509.289347799495,0.0
1790322192,16,,Aggregated,1.500000,0.000000,0,0,0,0,0,0,0,0,0,0,0,48,0,5500,28531.38893974084,540.5745984891092,84614.35797484592,42.666666666666664
1790322193,16,POST,completion,0.500000,0.000000,0,0,0,0,0,0,0,0,0,0,0,16,0,79000,79597.40541539213,75162.33518486843,84614.35797484592,128.0
1790322193,16,TPOT,completion,0.500000,0.000000,0,0,0,0,0,0,0,0,0,0,0,16,0,580,584.1315698615819,540.5745984891092,623.2909919294403,0.0
1790322193,16,TTFT,completion,0.500000,0.000000,0,0,0,0,0,0,0,0,0,0,0,16,0,5500,5412.629833968822,4579.026113962755,6509.289347799495,0.0
1790322193,16,,Aggregated,1.500000,0.000000,0,0,0,0,0,0,0,0,0,0,0,48,0,5500,28531.38893974084,540.5745984891092,84614.35797484592,42.666666666666664
1790322194,16,POST,completion,0.500000,0.000000,0,0,0,0,0,0,0,0,0,0,0,16,0,79000,79597.40541539213,75162.33518486843,84614.35797484592,128.0
1790322194,16,TPOT,completion,0.500000,0.000000,0,0,0,0,0,0,0,0,0,0,0,16,0,580,584.1315698615819,540.5745984891092,623.2909919294403,0.0
1790322194,16,TTFT,completion,0.500000,0.000000,0,0,0,0,0,0,0,0,0,0,0,16,0,5500,5412.629833968822,4579.026113962755,6509.289347799495,0.0
1790322194,16,,Aggregated,1.500000,0.000000,0,0,0,0,0,0,0,0,0,0,0,48,0,5500,28531.38893974084,540.5745984891092,84614.35797484592,42.666666666666664
1790322195,16,POST,completion,0.500000,0.000000,0,0,0,0,0,0,0,0,0,0,0,16,0,79000,79597.40541539213,75162.33518486843,84614.35797484592,128.0
1790322195,16,TPOT,completion,0.500000,0.000000,0,0,0,0,0,0,0,0,0,0,0,16,0,580,584.1315698615819,540.5745984891092,623.2909919294403,0.0
1790322195,16,TTFT,completion,0.500000,0.000000,0,0,0,0,0,0,0,0,0,0,0,16,0,5500,5412.629833968822,4579.026113962755,6509.289347799495,0.0
1790322195,16,,Aggregated,1.500000,0.000000,0,0,0,0,0,0,0,0,0,0,0,48,0,5500,28531.38893974084,540.5745984891092,84614.35797484592,42.666666666666664
1790322196,16,POST,completion,0.500000,0.000000,0,0,0,0,0,0,0,0,0,0,0,16,0,79000,79597.40541539213,75162.33518486843,84614.35797484592,128.0
1790322196,16,TPOT,completion,0.500000,0.000000,0,0,0,0,0,0,0,0,0,0,0,16,0,580,584.1315698615819,540.5745984891092,623.2909919294403,0.0
1790322196,16,TTFT,completion,0.500000,0.000000,0,0,0,0,0,0,0,0,0,0,0,16,0,5500,5412.629833968822,4579.026113962755,6509.289347799495,0.0
1790322196,16,,Aggregated,1.500000,0.000000,0,0,0,0,0,0,0,0,0,0,0,48,0,5500,28531.38893974084,540.5745984891092,84614.35797484592,42.666666666666664
1790322197,16,POST,completion,0.500000,0.000000,0,0,0,0,0,0,0,0,0,0,0,16,0,79000,79597.40541539213,75162.33518486843,84614.35797484592,128.0
1790322197,16,TPOT,completion,0.500000,0.000000,0,0,0,0,0,0,0,0,0,0,0,16,0,580,584.1315698615819,540.5745984891092,623.2909919294403,0.0
1790322197,16,TTFT,completion,0.500000,0.000000,0,0,0,0,0,0,0,0,0,0,0,16,0,5500,5412.629833968822,4579.026113962755,6509.289347799495,0.0
1790322197,16,,Aggregated,1.500000,0.000000,0,0,0,0,0,0,0,0,0,0,0,48,0,5500,28531.38893974084,540.5745984891092,84614.35797484592,42.666666666666664
1790322198,16,POST,completion,0.500000,0.000000,0,0,0,0,0,0,0,0,0,0,0,16,0,79000,79597.40541539213,75162.33518486843,84614.35797484592,128.0
1790322198,16,TPOT,completion,0.500000,0.000000,0,0,0,0,0,0,0,0,0,0,0,16,0,580,584.1315698615819,540.5745984891092,623.2909919294403,0.0
1790322198,16,TTFT,completion,0.500000,0.000000,0,0,0,0,0,0,0,0,0,0,0,16,0,5500,5412.629833968822,4579.026113962755,6509.289347799495,0.0
1790322198,16,,Aggregated,1.500000,0.000000,0,0,0,0,0,0,0,0,0,0,0,48,0,5500,28531.38893974084,540.5745984891092,84614.35797484592,42.666666666666664
1790322199,16,POST,completion,0.500000,0.000000,0,0,0,0,0,0,0,0,0,0,0,16,0,79000,79597.40541539213,75162.33518486843,84614.35797484592,128.0
1790322199,16,TPOT,completion,0.500000,0.000000,0,0,0,0,0,0,0,0,0,0,0,16,0,580,584.1315698615819,540.5745984891092,623.2909919294403,0.0
1790322199,16,TTFT,completion,0.500000,0.000000,0,0,0,0,0,0,0,0,0,0,0,16,0,5500,5412.629833968822,4579.026113962755,6509.289347799495,0.0
1790322199,16,,Aggregated,1.500000,0.000000,0,0,0,0,0,0,0,0,0,0,0,48,0,5500,28531.38893974084,540.5745984891092,84614.35797484592,42.666666666666664
1790322200,16,POST,completion,0.500000,0.000000,0,0,0,0,0,0,0,0,0,0,0,16,0,79000,79597.40541539213,75162.33518486843,84614.35797484592,128.0
1790322200,16,TPOT,completion,0.500000,0.000000,0,0,0,0,0,0,0,0,0,0,0,16,0,580,584.1315698615819,540.5745984891092,623.2909919294403,0.0
1790322200,16,TTFT,completion,0.500000,0.000000,0,0,0,0,0,0,0,0,0,0,0,16,0,5500,5412.629833968822,4579.026113962755,6509.289347799495,0.0
1790322200,16,,Aggregated,1.500000,0.000000,0,0,0,0,0,0,0,0,0,0,0,48,0,5500,28531.38893974084,540.5745984891092,84614.35797484592,42.666666666666664
1790322201,16,POST,completion,0.500000,0.000000,0,0,0,0,0,0,0,0,0,0,0,16,0,79000,79597.40541539213,75162.33518486843,84614.35797484592,128.0
1790322201,16,TPOT,completion,0.500000,0.000000,0,0,0,0,0,0,0,0,0,0,0,16,0,580,584.1315698615819,540.5745984891092,623.2909919294403,0.0
1790322201,16,TTFT,completion,0.500000,0.000000,0,0,0,0,0,0,0,0,0,0,0,16,0,5500,5412.629833968822,4579.026113962755,6509.289347799495,0.0
1790322201,16,,Aggregated,1.500000,0.000000,0,0,0,0,0,0,0,0,0,0,0,48,0,5500,28531.38893974084,540.5745984891092,84614.35797484592,42.666666666666664
1790322202,16,POST,completion,0.000000,0.000000,0,0,0,0,0,0,0,0,0,0,0,18,0,79000,79675.07208374122,75162.33518486843,84614.35797484592,128.0
1790322202,16,TPOT,completion,0.000000,0.000000,0,0,0,0,0,0,0,0,0,0,0,18,0,580,584.5267582491848,540.5745984891092,623.2909919294403,0.0
1790322202,16,TTFT,completion,0.000000,0.000000,0,0,0,0,0,0,0,0,0,0,0,18,0,5500,5440.108505866698,4579.026113962755,6509.289347799495,0.0
1790322202,16,,Aggregated,0.000000,0.000000,0,0,0,0,0,0,0,0,0,0,0,54,0,5500,28566.56911595236,540.5745984891092,84614.35797484592,42.666666666666664
1790322203,16,POST,completion,0.000000,0.000000,81000,81000,81000,81000,81000,81000,81000,81000,81000,81000,81000,18,0,79000,79675.07208374122,75162.33518486843,84614.35797484592,128.0
1790322203,16,TPOT,completion,0.000000,0.000000,600,600,600,600,600,600,600,600,600,600,600,18,0,580,584.5267582491848,540.5745984891092,623.2909919294403,0.0
1790322203,16,TTFT,completion,0.000000,0.000000,5800,5800,5800,5800,5800,5800,5800,5800,5800,5800,5800,18,0,5500,5440.108505866698,4579.026113962755,6509.289347799495,0.0
1790322203,16,,Aggregated,0.000000,0.000000,5800,5800,79000,79000,81000,81000,81000,81000,81000,81000,81000,54,0,5500,28566.56911595236,540.5745984891092,84614.35797484592,42.666666666666664
1790322204,16,POST,completion,0.000000,0.000000,81000,81000,81000,81000,81000,81000,81000,81000,81000,81000,81000,18,0,79000,79675.07208374122,75162.33518486843,84614.35797484592,128.0
1790322204,16,TPOT,completion,0.000000,0.000000,600,600,600,600,600,600,600,600,600,600,600,18,0,580,584.5267582491848,540.5745984891092,623.2909919294403,0.0
1790322204,16,TTFT,completion,0.000000,0.000000,5800,5800,5800,5800,5800,5800,5800,5800,5800,5800,5800,18,0,5500,5440.108505866698,4579.026113962755,6509.289347799495,0.0
1790322204,16,,Aggregated,0.000000,0.000000,5800,5800,79000,79000,81000,81000,81000,81000,81000,81000,81000,54,0,5500,28566.56911595236,540.5745984891092,84614.35797484592,42.666666666666664
1790322205,16,POST,completion,0.000000,0.000000,81000,81000,81000,81000,81000,81000,81000,81000,81000,81000,81000,18,0,79000,79675.07208374122,75162.33518486843,84614.35797484592,128.0
1790322205,16,TPOT,completion,0.000000,0.000000,600,600,600,600,600,600,600,600,600,600,600,18,0,580,584.5267582491848,540.5745984891092,623.2909919294403,0.0
1790322205,16,TTFT,completion,0.000000,0.000000,5800,5800,5800,5800,5800,5800,5800,5800,5800,5800,5800,18,0,5500,5440.108505866698,4579.026113962755,6509.289347799495,0.0
1790322205,16,,Aggregated,0.000000,0.000000,5800,5800,79000,79000,81000,81000,81000,81000,81000,81000,81000,54,0,5500,28566.56911595236,540.5745984891092,84614.35797484592,42.666666666666664
1790322206,16,POST,completion,0.000000,0.000000,81000,81000,81000,81000,81000,81000,81000,81000,81000,81000,81000,18,0,79000,79675.07208374122,75162.33518486843,84614.35797484592,128.0
1790322206,16,TPOT,completion,0.000000,0.000000,600,600,600,600,600,600,600,600,600,600,600,18,0,580,584.5267582491848,540.5745984891092,623.2909919294403,0.0
1790322206,16,TTFT,completion,0.000000,0.000000,5800,5800,5800,5800,5800,5800,5800,5800,5800,5800,5800,18,0,5500,5440.108505866698,4579.026113962755,6509.289347799495,0.0
1790322206,16,,Aggregated,0.000000,0.000000,5800,5800,79000,79000,81000,81000,81000,81000,81000,81000,81000,54,0,5500,28566.56911595236,540.5745984891092,84614.35797484592,42.666666666666664
1790322207,16,POST,completion,0.000000,0.000000,81000,81000,81000,81000,81000,81000,81000,81000,81000,81000,81000,18,0,79000,79675.07208374122,75162.33518486843,84614.35797484592,128.0
1790322207,16,TPOT,completion,0.000000,0.000000,600,600,600,600,600,600,600,600,600,600,600,18,0,580,584.5267582491848,540.5745984891092,623.2909919294403,0.0
1790322207,16,TTFT,completion,0.000000,0.000000,5800,5800,5800,5800,5800,5800,5800,5800,5800,5800,5800,18,0,5500,5440.108505866698,4579.026113962755,6509.289347799495,0.0
1790322207,16,,Aggregated,0.000000,0.000000,5800,5800,79000,79000,81000,81000,81000,81000,81000,81000,81000,54,0,5500,28566.56911595236,540.5745984891092,84614.35797484592,42.666666666666664
1790322208,16,POST,completion,0.200000,0.000000,80000,80000,81000,81000,81000,81000,81000,81000,81000,81000,81000,20,0,79000,79675.84788616514,75162.33518486843,84614.35797484592,128.0
1790322208,16,TPOT,completion,0.200000,0.000000,590,590,600,600,600,600,600,600,600,600,600,20,0,580,584.3988962333068,540.5745984891092,623.2909919294403,0.0
1790322208,16,TTFT,completion,0.200000,0.000000,5600,5600,5800,5800,5800,5800,5800,5800,5800,5800,5800,20,0,5500,5457.122499984689,4579.026113962755,6509.289347799495,0.0
1790322208,16,,Aggregated,0.600000,0.000000,5600,5800,79000,79000,80000,81000,81000,81000,81000,81000,81000,60,0,5500,28572.45642746104,540.5745984891092,84614.35797484592,42.666666666666664
1790322209,16,POST,completion,0.200000,0.000000,80000,80000,81000,81000,81000,81000,81000,81000,81000,81000,81000,20,0,79000,79675.84788616514,75162.33518486843,84614.35797484592,128.0
1790322209,16,TPOT,completion,0.200000,0.000000,590,590,600,600,600,600,600,600,600,600,600,20,0,580,584.3988962333068,540.5745984891092,623.2909919294403,0.0
1790322209,16,TTFT,completion,0.200000,0.000000,5600,5600,5800,5800,5800,5800,5800,5800,5800,5800,5800,20,0,5500,5457.122499984689,4579.026113962755,6509.289347799495,0.0
1790322209,16,,Aggregated,0.600000,0.000000,5600,5800,79000,79000,80000,81000,81000,81000,81000,81000,81000,60,0,5500,28572.45642746104,540.5745984891092,84614.35797484592,42.666666666666664
1790322210,16,POST,completion,0.200000,0.000000,80000,80000,81000,81000,81000,81000,81000,81000,81000,81000,81000,20,0,79000,79675.84788616514,75162.33518486843,84614.35797484592,128.0
1790322210,16,TPOT,completion,0.200000,0.000000,590,590,600,600,600,600,600,600,600,600,600,20,0,580,584.3988962333068,540.5745984891092,623.2909919294403,0.0
1790322210,16,TTFT,completion,0.200000,0.000000,5600,5600,5800,5800,5800,5800,5800,5800,5800,5800,5800,20,0,5500,5457.122499984689,4579.026113962755,6509.289347799495,0.0
1790322210,16,,Aggregated,0.600000,0.000000,5600,5800,79000,79000,80000,81000,81000,81000,81000,81000,81000,60,0,5500,28572.45642746104,540.5745984891092,84614.35797484592,42.666666666666664
1790322211,16,POST,completion,0.400000,0.000000,79000,80000,80000,81000,81000,81000,81000,81000,81000,81000,81000,21,0,79000,79654.85040596242,75162.33518486843,84614.35797484592,128.0
1790322211,16,TPOT,completion,0.400000,0.000000,580,590,590,600,600,600,600,600,600,600,600,21,0,580,584.1796120324383,540.5745984891092,623.2909919294403,0.0
1790322211,16,TTFT,completion,0.400000,0.000000,5600,5600,5600,5800,5800,5800,5800,5800,5800,5800,5800,21,0,5500,5463.974019556883,4579.026113962755,6509.289347799495,0.0
1790322211,16,,Aggregated,1.200000,0.000000,5600,5800,79000,79000,80000,81000,81000,81000,81000,81000,81000,63,0,5500,28567.668012517242,540.5745984891092,84614.35797484592,42.666666666666664
1790322212,16,POST,completion,0.400000,0.000000,79000,80000,80000,81000,81000,81000,81000,81000,81000,81000,81000,21,0,79000,79654.85040596242,75162.33518486843,84614.35797484592,128.0
1790322212,16,TPOT,completion,0.400000,0.000000,580,590,590,600,600,600,600,600,600,600,600,21,0,580,584.1796120324383,540.5745984891092,623.2909919294403,0.0
1790322212,16,TTFT,completion,0.400000,0.000000,5600,5600,5600,5800,5800,5800,5800,5800,5800,5800,5800,21,0,5500,5463.974019556883,4579.026113962755,6509.289347799495,0.0
1790322212,16,,Aggregated,1.200000,0.000000,5600,5800,79000,79000,80000,81000,81000,81000,81000,81000,81000,63,0,5500,28567.668012517242,540.5745984891092,84614.35797484592,42.666666666666664
1790322213,16,POST,completion,0.400000,0.000000,79000,80000,81000,81000,81000,81000,81000,81000,81000,81000,81000,24,0,79000,79475.94059621527,74295.27038289234,84614.35797484592,128.0
1790322213,16,TPOT,completion,0.400000,0.000000,580,590,590,590,600,600,600,600,600,600,600,24,0,580,582.2847967310759,540.5745984891092,623.2909919294403,0.0
1790322213,16,TTFT,completion,0.400000,0.000000,5600,5600,5800,5800,6800,6800,6800,6800,6800,6800,6800,24,0,5500,5525.706903155272,4579.026113962755,6771.963642910123,0.0
1790322213,16,,Aggregated,1.200000,0.000000,5600,6800,79000,79000,80000,81000,81000,81000,81000,81000,81000,72,0,5500,28527.97743203387,540.5745984891092,84614.35797484592,42.666666666666664
1790322214,16,POST,completion,0.400000,0.000000,79000,79000,80000,80000,81000,81000,81000,81000,81000,81000,81000,24,0,79000,79475.94059621527,74295.27038289234,84614.35797484592,128.0
1790322214,16,TPOT,completion,0.400000,0.000000,580,580,590,590,590,590,590,590,590,590,590,24,0,580,582.2847967310759,540.5745984891092,623.2909919294403,0.0
1790322214,16,TTFT,completion,0.400000,0.000000,5600,5600,5600,5600,6800,6800,6800,6800,6800,6800,6800,24,0,5500,5525.706903155272,4579.026113962755,6771.963642910123,0.0
1790322214,16,,Aggregated,1.200000,0.000000,5600,6800,79000,79000,80000,81000,81000,81000,81000,81000,81000,72,0,5500,28527.97743203387,540.5745984891092,84614.35797484592,42.666666666666664
1790322215,16,POST,completion,0.400000,0.000000,79000,79000,80000,80000,81000,81000,81000,81000,81000,81000,81000,24,0,79000,79475.94059621527,74295.27038289234,84614.35797484592,128.0
1790322215,16,TPOT,completion,0.400000,0.000000,580,580,590,590,590,590,590,590,590,590,590,24,0,580,582.2847967310759,540.5745984891092,623.2909919294403,0.0
1790322215,16,TTFT,completion,0.400000,0.000000,5600,5600,5600,5600,6800,6800,6800,6800,6800,6800,6800,24,0,5500,5525.706903155272,4579.026113962755,6771.963642910123,0.0
1790322215,16,,Aggregated,1.200000,0.000000,5600,6800,79000,79000,80000,81000,81000,81000,81000,81000,81000,72,0,5500,28527.97743203387,540.5745984891092,84614.35797484592,42.666666666666664
1790322216,16,POST,completion,0.400000,0.000000,79000,79000,80000,80000,81000,81000,81000,81000,81000,81000,81000,24,0,79000,79475.94059621527,74295.27038289234,84614.35797484592,128.0
1790322216,16,TPOT,completion,0.400000,0.000000,580,580,590,590,590,590,590,590,590,590,590,24,0,580,582.2847967310759,540.5745984891092,623.2909919294403,0.0
1790322216,16,TTFT,completion,0.400000,0.000000,5600,5600,5600,5600,6800,6800,6800,6800,6800,6800,6800,24,0,5500,5525.706903155272,4579.026113962755,6771.963642910123,0.0
1790322216,16,,Aggregated,1.200000,0.000000,5600,6800,79000,79000,80000,81000,81000,81000,81000,81000,81000,72,0,5500,28527.97743203387,540.5745984891092,84614.35797484592,42.666666666666664
1790322217,16,POST,completion,0.600000,0.000000,80000,80000,81000,81000,86000,86000,86000,86000,86000,86000,86000,25,0,79000,79744.76133236662,74295.27038289234,86196.45899999887,128.0
1790322217,16,TPOT,completion,0.600000,0.000000,590,590,590,590,630,630,630,630,630,630,630,25,0,580,584.2958250955685,540.5745984891092,632.5605058433913,0.0
1790322217,16,TTFT,completion,0.600000,0.000000,5600,5600,5900,5900,6800,6800,6800,6800,6800,6800,6800,25,0,5500,5539.127077870071,4579.026113962755,6771.963642910123,0.0
1790322217,16,,Aggregated,1.800000,0.000000,5600,6800,79000,79000,81000,86000,86000,86000,86000,86000,86000,75,0,5500,28622.728078444077,540.5745984891092,86196.45899999887,42.666666666666664
1790322219,16,POST,completion,0.600000,0.000000,79000,81000,81000,86000,86000,86000,86000,86000,86000,86000,86000,25,0,79000,79744.76133236662,74295.27038289234,86196.45899999887,128.0
1790322219,16,TPOT,completion,0.600000,0.000000,580,590,590,630,630,630,630,630,630,630,630,25,0,580,584.2958250955685,540.5745984891092,632.5605058433913,0.0
1790322219,16,TTFT,completion,0.600000,0.000000,5600,5900,5900,6800,6800,6800,6800,6800,6800,6800,6800,25,0,5500,5539.127077870071,4579.026113962755,6771.963642910123,0.0
1790322219,16,,Aggregated,1.800000,0.000000,5600,6800,79000,79000,81000,86000,86000,86000,86000,86000,86000,75,0,5500,28622.728078444077,540.5745984891092,86196.45899999887,42.666666666666664
1790322220,16,POST,completion,0.600000,0.000000,79000,80000,81000,81000,86000,86000,86000,86000,86000,86000,86000,27,0,79000,79563.61344641213,74295.27038289234,86196.45899999887,128.0
1790322220,16,TPOT,completion,0.600000,0.000000,580,590,590,590,630,630,630,630,630,630,630,27,0,580,582.8427590039219,540.5745984891092,632.5605058433913,0.0
1790322220,16,TTFT,completion,0.600000,0.000000,5600,5700,5900,5900,6800,6800,6800,6800,6800,6800,6800,27,0,5500,5542.51894891193,4579.026113962755,6771.963642910123,0.0
1790322220,16,,Aggregated,1.800000,0.000000,5600,6800,74000,79000,80000,81000,86000,86000,86000,86000,86000,81,0,5500,28562.99171810932,540.5745984891092,86196.45899999887,42.666666666666664
1790322221,16,POST,completion,0.600000,0.000000,79000,80000,81000,81000,86000,86000,86000,86000,86000,86000,86000,28,0,79000,79561.10970961163,74295.27038289234,86196.45899999887,128.0
1790322221,16,TPOT,completion,0.600000,0.000000,580,590,590,590,630,630,630,630,630,630,630,28,0,580,582.8022596241535,540.5745984891092,632.5605058433913,0.0
1790322221,16,TTFT,completion,0.600000,0.000000,5600,5700,5900,5900,6800,6800,6800,6800,6800,6800,6800,28,0,5500,5545.158996878724,4579.026113962755,6771.963642910123,0.0
1790322221,16,,Aggregated,1.800000,0.000000,5600,6800,79000,79000,80000,81000,86000,86000,86000,86000,86000,84,0,5500,28563.023655371497,540.5745984891092,86196.45899999887,42.666666666666664
1790322222,16,POST,completion,0.600000,0.000000,79000,80000,81000,81000,86000,86000,86000,86000,86000,86000,86000,28,0,79000,79561.10970961163,74295.27038289234,86196.45899999887,128.0
1790322222,16,TPOT,completion,0.600000,0.000000,580,590,590,590,630,630,630,630,630,630,630,28,0,580,582.8022596241535,540.5745984891092,632.5605058433913,0.0
1790322222,16,TTFT,completion,0.600000,0.000000,5600,5700,5900,5900,6800,6800,6800,6800,6800,6800,6800,28,0,5500,5545.158996878724,4579.026113962755,6771.963642910123,0.0
1790322222,16,,Aggregated,1.800000,0.000000,5600,6800,74000,79000,80000,81000,86000,86000,86000,86000,86000,84,0,5500,28563.023655371497,540.5745984891092,86196.45899999887,42.666666666666664
1790322223,16,POST,completion,0.700000,0.000000,80000,81000,86000,86000,86000,86000,86000,86000,86000,86000,86000,29,0,79000,79788.67570189599,74295.27038289234,86196.45899999887,128.0
1790322223,16,TPOT,completion,0.700000,0.000000,590,590,630,630,630,630,630,630,630,630,630,29,0,580,584.5364579387734,540.5745984891092,633.0940107481305,0.0
1790322223,16,TTFT,completion,0.700000,0.000000,5700,5800,5900,5900,6800,6800,6800,6800,6800,6800,6800,29,0,5500,5552.4818989496425,4579.026113962755,6771.963642910123,0.0
1790322223,16,,Aggregated,2.100000,0.000000,5700,6800,79000,79000,81000,86000,86000,86000,86000,86000,86000,87,0,5500,28641.89801959479,540.5745984891092,86196.45899999887,42.666666666666664
1790322224,16,POST,completion,0.700000,0.000000,80000,81000,86000,86000,86000,86000,86000,86000,86000,86000,86000,29,0,79000,79788.67570189599,74295.27038289234,86196.45899999887,128.0
1790322224,16,TPOT,completion,0.700000,0.000000,590,590,630,630,630,630,630,630,630,630,630,29,0,580,584.5364579387734,540.5745984891092,633.0940107481305,0.0
1790322224,16,TTFT,completion,0.700000,0.000000,5700,5800,5900,5900,6800,6800,6800,6800,6800,6800,6800,29,0,5500,5552.4818989496425,4579.026113962755,6771.963642910123,0.0
1790322224,16,,Aggregated,2.100000,0.000000,5700,6800,79000,79000,81000,86000,86000,86000,86000,86000,86000,87,0,5500,28641.89801959479,540.5745984891092,86196.45899999887,42.666666666666664
1790322225,16,POST,completion,0.700000,0.000000,80000,86000,86000,86000,86000,86000,86000,86000,86000,86000,86000,29,0,79000,79788.67570189599,74295.27038289234,86196.45899999887,128.0
1790322225,16,TPOT,completion,0.700000,0.000000,590,630,630,630,630,630,630,630,630,630,630,29,0,580,584.5364579387734,540.5745984891092,633.0940107481305,0.0
1790322225,16,TTFT,completion,0.700000,0.000000,5700,5800,5800,5900,5900,5900,5900,5900,5900,5900,5900,29,0,5500,5552.4818989496425,4579.026113962755,6771.963642910123,0.0
1790322225,16,,Aggregated,2.100000,0.000000,5700,5900,79000,80000,86000,86000,86000,86000,86000,86000,86000,87,0,5500,28641.89801959479,540.5745984891092,86196.45899999887,42.666666666666664
1790322226,16,POST,completion,0.700000,0.000000,80000,86000,86000,86000,86000,86000,86000,86000,86000,86000,86000,29,0,79000,79788.67570189599,74295.27038289234,86196.45899999887,128.0
1790322226,16,TPOT,completion,0.700000,0.000000,590,630,630,630,630,630,630,630,630,630,630,29,0,580,584.5364579387734,540.5745984891092,633.0940107481305,0.0
1790322226,16,TTFT,completion,0.700000,0.000000,5700,5800,5800,5900,5900,5900,5900,5900,5900,5900,5900,29,0,5500,5552.4818989496425,4579.026113962755,6771.963642910123,0.0
1790322226,16,,Aggregated,2.100000,0.000000,5700,5900,79000,80000,86000,86000,86000,86000,86000,86000,86000,87,0,5500,28641.89801959479,540.5745984891092,86196.45899999887,42.666666666666664
1790322227,16,POST,completion,0.700000,0.000000,80000,86000,86000,86000,86000,86000,86000,86000,86000,86000,86000,29,0,79000,79788.67570189599,74295.27038289234,86196.45899999887,128.0
1790322227,16,TPOT,completion,0.700000,0.000000,590,630,630,630,630,630,630,630,630,630,630,29,0,580,584.5364579387734,540.5745984891092,633.0940107481305,0.0
1790322227,16,TTFT,completion,0.700000,0.000000,5700,5800,5800,5900,5900,5900,5900,5900,5900,5900,5900,29,0,5500,5552.4818989496425,4579.026113962755,6771.963642910123,0.0
1790322227,16,,Aggregated,2.100000,0.000000,5700,5900,79000,80000,86000,86000,86000,86000,86000,86000,86000,87,0,5500,28641.89801959479,540.5745984891092,86196.45899999887,42.666666666666664
1790322228,16,POST,completion,0.700000,0.000000,80000,80000,86000,86000,86000,86000,86000,86000,86000,86000,86000,29,0,79000,79788.67570189599,74295.27038289234,86196.45899999887,128.0
1790322228,16,TPOT,completion,0.700000,0.000000,590,590,630,630,630,630,630,630,630,630,630,29,0,580,584.5364579387734,540.5745984891092,633.0940107481305,0.0
1790322228,16,TTFT,completion,0.700000,0.000000,5700,5700,5800,5800,5800,5800,5800,5800,5800,5800,5800,29,0,5500,5552.4818989496425,4579.026113962755,6771.963642910123,0.0
1790322228,16,,Aggregated,2.100000,0.000000,5700,5800,79000,79000,80000,86000,86000,86000,86000,86000,86000,87,0,5500,28641.89801959479,540.5745984891092,86196.45899999887,42.666666666666664
1790322229,16,POST,completion,0.500000,0.000000,81000,81000,86000,86000,86000,86000,86000,86000,86000,86000,86000,30,0,79000,79813.88536376569,74295.27038289234,86196.45899999887,128.0
1790322229,16,TPOT,completion,0.500000,0.000000,590,590,630,630,630,630,630,630,630,630,630,30,0,580,584.7320974959069,540.5745984891092,633.0940107481305,0.0
1790322229,16,TTFT,completion,0.500000,0.000000,5600,5600,5800,5800,5800,5800,5800,5800,5800,5800,5800,30,0,5500,5552.845409388344,4579.026113962755,6771.963642910123,0.0
1790322229,16,,Aggregated,1.500000,0.000000,5600,5800,79000,81000,86000,86000,86000,86000,86000,86000,86000,90,0,5500,28650.487623549972,540.5745984891092,86196.45899999887,42.666666666666664
1790322230,16,POST,completion,0.500000,0.000000,81000,86000,86000,86000,86000,86000,86000,86000,86000,86000,86000,32,0,79000,80026.14183930564,74295.27038289234,86410.24578688666,128.0
1790322230,16,TPOT,completion,0.500000,0.000000,590,630,630,640,640,640,640,640,640,640,640,32,0,580,586.3578756715448,540.5745984891092,635.2120804798416,0.0
1790322230,16,TTFT,completion,0.500000,0.000000,5600,5700,5700,5800,5800,5800,5800,5800,5800,5800,5800,32,0,5600,5558.628425555071,4579.026113962755,6771.963642910123,0.0
1790322230,16,,Aggregated,1.500000,0.000000,5600,5800,80000,81000,86000,86000,86000,86000,86000,86000,86000,96,0,5600,28723.709380177417,540.5745984891092,86410.24578688666,42.666666666666664
1790322231,16,POST,completion,0.500000,0.000000,86000,86000,86000,86000,86000,86000,86000,86000,86000,86000,86000,32,0,79000,80026.14183930564,74295.27038289234,86410.24578688666,128.0
1790322231,16,TPOT,completion,0.500000,0.000000,630,630,640,640,640,640,640,640,640,640,640,32,0,580,586.3578756715448,540.5745984891092,635.2120804798416,0.0
1790322231,16,TTFT,completion,0.500000,0.000000,5700,5700,5800,5800,5800,5800,5800,5800,5800,5800,5800,32,0,5600,5558.628425555071,4579.026113962755,6771.963642910123,0.0
1790322231,16,,Aggregated,1.500000,0.000000,5700,5800,81000,81000,86000,86000,86000,86000,86000,86000,86000,96,0,5600,28723.709380177417,540.5745984891092,86410.24578688666,42.666666666666664
1790322232,16,POST,completion,0.500000,0.000000,86000,86000,86000,86000,86000,86000,86000,86000,86000,86000,86000,32,0,79000,80026.14183930564,74295.27038289234,86410.24578688666,128.0
1790322232,16,TPOT,completion,0.500000,0.000000,630,630,640,640,640,640,640,640,640,640,640,32,0,580,586.3578756715448,540.5745984891092,635.2120804798416,0.0
1790322232,16,TTFT,completion,0.500000,0.000000,5700,5700,5800,5800,5800,5800,5800,5800,5800,5800,5800,32,0,5600,5558.628425555071,4579.026113962755,6771.963642910123,0.0
1790322232,16,,Aggregated,1.500000,0.000000,5700,5800,81000,81000,86000,86000,86000,86000,86000,86000,86000,96,0,5600,28723.709380177417,540.5745984891092,86410.24578688666,42.666666666666664
1790322233,16,POST,completion,0.500000,0.000000,86000,86000,86000,86000,86000,86000,86000,86000,86000,86000,86000,32,0,79000,80026.14183930564,74295.27038289234,86410.24578688666,128.0
1790322233,16,TPOT,completion,0.500000,0.000000,630,630,640,640,640,640,640,640,640,640,640,32,0,580,586.3578756715448,540.5745984891092,635.2120804798416,0.0
1790322233,16,TTFT,completion,0.500000,0.000000,5700,5700,5800,5800,5800,5800,5800,5800,5800,5800,5800,32,0,5600,5558.628425555071,4579.026113962755,6771.963642910123,0.0
1790322233,16,,Aggregated,1.500000,0.000000,5700,5800,81000,81000,86000,86000,86000,86000,86000,86000,86000,96,0,5600,28723.709380177417,540.5745984891092,86410.24578688666,42.666666666666664
1790322234,16,POST,completion,0.500000,0.000000,86000,86000,86000,86000,86000,86000,86000,86000,86000,86000,86000,32,0,79000,80026.14183930564,74295.27038289234,86410.24578688666,128.0
1790322234,16,TPOT,completion,0.500000,0.000000,630,630,640,640,640,640,640,640,640,640,640,32,0,580,586.3578756715448,540.5745984891092,635.2120804798416,0.0
1790322234,16,TTFT,completion,0.500000,0.000000,5700,5700,5800,5800,5800,5800,5800,5800,5800,5800,5800,32,0,5600,5558.628425555071,4579.026113962755,6771.963642910123,0.0
1790322234,16,,Aggregated,1.500000,0.000000,5700,5800,81000,81000,86000,86000,86000,86000,86000,86000,86000,96,0,5600,28723.709380177417,540.5745984891092,86410.24578688666,42.666666666666664
1790322235,16,POST,completion,0.500000,0.000000,81000,81000,86000,86000,86000,86000,86000,86000,86000,86000,86000,32,0,79000,80026.14183930564,74295.27038289234,86410.24578688666,128.0
1790322235,16,TPOT,completion,0.500000,0.000000,590,590,640,640,640,640,640,640,640,640,640,32,0,580,586.3578756715448,540.5745984891092,635.2120804798416,0.0
1790322235,16,TTFT,completion,0.500000,0.000000,5600,5600,5700,5700,5700,5700,5700,5700,5700,5700,5700,32,0,5600,5558.628425555071,4579.026113962755,6771.963642910123,0.0
1790322235,16,,Aggregated,1.500000,0.000000,5600,5700,80000,81000,86000,86000,86000,86000,86000,86000,86000,96,0,5600,28723.709380177417,540.5745984891092,86410.24578688666,42.666666666666664
1790322236,16,POST,completion,0.500000,0.000000,81000,81000,86000,86000,86000,86000,86000,86000,86000,86000,86000,32,0,79000,80026.14183930564,74295.27038289234,86410.24578688666,128.0
1790322236,16,TPOT,completion,0.500000,0.000000,590,590,640,640,640,640,640,640,640,640,640,32,0,580,586.3578756715448,540.5745984891092,635.2120804798416,0.0
1790322236,16,TTFT,completion,0.500000,0.000000,5600,5600,5700,5700,5700,5700,5700,5700,5700,5700,5700,32,0,5600,5558.628425555071,4579.026113962755,6771.963642910123,0.0
1790322236,16,,Aggregated,1.500000,0.000000,5600,5700,80000,81000,86000,86000,86000,86000,86000,86000,86000,96,0,5600,28723.709380177417,540.5745984891092,86410.24578688666,42.666666666666664
1790322237,16,POST,completion,0.500000,0.000000,81000,81000,86000,86000,86000,86000,86000,86000,86000,86000,86000,32,0,79000,80026.14183930564,74295.27038289234,86410.24578688666,128.0
1790322237,16,TPOT,completion,0.500000,0.000000,590,590,640,640,640,640,640,640,640,640,640,32,0,580,586.3578756715448,540.5745984891092,635.2120804798416,0.0
1790322237,16,TTFT,completion,0.500000,0.000000,5600,5600,5700,5700,5700,5700,5700,5700,5700,5700,5700,32,0,5600,5558.628425555071,4579.026113962755,6771.963642910123,0.0
1790322237,16,,Aggregated,1.500000,0.000000,5600,5700,80000,81000,86000,86000,86000,86000,86000,86000,86000,96,0,5600,28723.709380177417,540.5745984891092,86410.24578688666,42.666666666666664
1790322238,16,POST,completion,0.500000,0.000000,86000,86000,86000,86000,86000,86000,86000,86000,86000,86000,86000,32,0,79000,80026.14183930564,74295.27038289234,86410.24578688666,128.0
1790322238,16,TPOT,completion,0.500000,0.000000,640,640,640,640,640,640,640,640,640,640,640,32,0,580,586.3578756715448,540.5745984891092,635.2120804798416,0.0
1790322238,16,TTFT,completion,0.500000,0.000000,5700,5700,5700,5700,5700,5700,5700,5700,5700,5700,5700,32,0,5600,5558.628425555071,4579.026113962755,6771.963642910123,0.0
1790322238,16,,Aggregated,1.500000,0.000000,5700,5700,80000,80000,86000,86000,86000,86000,86000,86000,86000,96,0,5600,28723.709380177417,540.5745984891092,86410.24578688666,42.666666666666664
1790322239,16,POST,completion,0.500000,0.000000,86000,86000,86000,86000,86000,86000,86000,86000,86000,86000,86000,32,0,79000,80026.14183930564,74295.27038289234,86410.24578688666,128.0
1790322239,16,TPOT,completion,0.500000,0.000000,640,640,640,640,640,640,640,640,640,640,640,32,0,580,586.3578756715448,540.5745984891092,635.2120804798416,0.0
1790322239,16,TTFT,completion,0.500000,0.000000,5700,5700,5700,5700,5700,5700,5700,5700,5700,5700,5700,32,0,5600,5558.628425555071,4579.026113962755,6771.963642910123,0.0
1790322239,16,,Aggregated,1.500000,0.000000,5700,5700,80000,80000,86000,86000,86000,86000,86000,86000,86000,96,0,5600,28723.709380177417,540.5745984891092,86410.24578688666,42.666666666666664
1790322240,16,POST,completion,0.500000,0.000000,86000,86000,86000,86000,86000,86000,86000,86000,86000,86000,86000,32,0,79000,80026.14183930564,74295.27038289234,86410.24578688666,128.0
1790322240,16,TPOT,completion,0.500000,0.000000,640,640,640,640,640,640,640,640,640,640,640,32,0,580,586.3578756715448,540.5745984891092,635.2120804798416,0.0
1790322240,16,TTFT,completion,0.500000,0.000000,5700,5700,5700,5700,5700,5700,5700,5700,5700,5700,5700,32,0,5600,5558.628425555071,4579.026113962755,6771.963642910123,0.0
1790322240,16,,Aggregated,1.500000,0.000000,5700,5700,80000,80000,86000,86000,86000,86000,86000,86000,86000,96,0,5600,28723.709380177417,540.5745984891092,86410.24578688666,42.666666666666664
1790322241,16,POST,completion,0.500000,0.000000,86000,86000,86000,86000,86000,86000,86000,86000,86000,86000,86000,32,0,79000,80026.14183930564,74295.27038289234,86410.24578688666,128.0
1790322241,16,TPOT,completion,0.500000,0.000000,640,640,640,640,640,640,640,640,640,640,640,32,0,580,586.3578756715448,540.5745984891092,635.2120804798416,0.0
1790322241,16,TTFT,completion,0.500000,0.000000,5700,5700,5700,5700,5700,5700,5700,5700,5700,5700,5700,32,0,5600,5558.628425555071,4579.026113962755,6771.963642910123,0.0
1790322241,16,,Aggregated,1.500000,0.000000,5700,5700,80000,80000,86000,86000,86000,86000,86000,86000,86000,96,0,5600,28723.709380177417,540.5745984891092,86410.24578688666,42.666666666666664
1790322242,16,POST,completion,0.500000,0.000000,86000,86000,86000,86000,86000,86000,86000,86000,86000,86000,86000,32,0,79000,80026.14183930564,74295.27038289234,86410.24578688666,128.0
1790322242,16,TPOT,completion,0.500000,0.000000,640,640,640,640,640,640,640,640,640,640,640,32,0,580,586.3578756715448,540.5745984891092,635.2120804798416,0.0
1790322242,16,TTFT,completion,0.500000,0.000000,5700,5700,5700,5700,5700,5700,5700,5700,5700,5700,5700,32,0,5600,5558.628425555071,4579.026113962755,6771.963642910123,0.0
1790322242,16,,Aggregated,1.500000,0.000000,5700,5700,80000,80000,86000,86000,86000,86000,86000,86000,86000,96,0,5600,28723.709380177417,540.5745984891092,86410.24578688666,42.666666666666664
1790322243,16,POST,completion,0.500000,0.000000,86000,86000,86000,86000,86000,86000,86000,86000,86000,86000,86000,32,0,79000,80026.14183930564,74295.27038289234,86410.24578688666,128.0
1790322243,16,TPOT,completion,0.500000,0.000000,640,640,640,640,640,640,640,640,640,640,640,32,0,580,586.3578756715448,540.5745984891092,635.2120804798416,0.0
1790322243,16,TTFT,completion,0.500000,0.000000,5700,5700,5700,5700,5700,5700,5700,5700,5700,5700,5700,32,0,5600,5558.628425555071,4579.026113962755,6771.963642910123,0.0
1790322243,16,,Aggregated,1.500000,0.000000,5700,5700,80000,80000,86000,86000,86000,86000,86000,86000,86000,96,0,5600,28723.709380177417,540.5745984891092,86410.24578688666,42.666666666666664
1790322244,16,POST,completion,0.500000,0.000000,86000,86000,86000,86000,86000,86000,86000,86000,86000,86000,86000,32,0,79000,80026.14183930564,74295.27038289234,86410.24578688666,128.0
1790322244,16,TPOT,completion,0.500000,0.000000,640,640,640,640,640,640,640,640,640,640,640,32,0,580,586.3578756715448,540.5745984891092,635.2120804798416,0.0
1790322244,16,TTFT,completion,0.500000,0.000000,5700,5700,5700,5700,5700,5700,5700,5700,5700,5700,5700,32,0,5600,5558.628425555071,4579.026113962755,6771.963642910123,0.0
1790322244,16,,Aggregated,1.500000,0.000000,5700,5700,80000,80000,86000,86000,86000,86000,86000,86000,86000,96,0,5600,28723.709380177417,540.5745984891092,86410.24578688666,42.666666666666664
1790322245,16,POST,completion,0.500000,0.000000,86000,86000,86000,86000,86000,86000,86000,86000,86000,86000,86000,32,0,79000,80026.14183930564,74295.27038289234,86410.24578688666,128.0
1790322245,16,TPOT,completion,0.500000,0.000000,640,640,640,640,640,640,640,640,640,640,640,32,0,580,586.3578756715448,540.5745984891092,635.2120804798416,0.0
1790322245,16,TTFT,completion,0.500000,0.000000,5700,5700,5700,5700,5700,5700,5700,5700,5700,5700,5700,32,0,5600,5558.628425555071,4579.026113962755,6771.963642910123,0.0
1790322245,16,,Aggregated,1.500000,0.000000,5700,5700,80000,80000,86000,86000,86000,86000,86000,86000,86000,96,0,5600,28723.709380177417,540.5745984891092,86410.24578688666,42.666666666666664
1790322246,16,POST,completion,0.500000,0.000000,86000,86000,86000,86000,86000,86000,86000,86000,86000,86000,86000,32,0,79000,80026.14183930564,74295.27038289234,86410.24578688666,128.0
1790322246,16,TPOT,completion,0.500000,0.000000,640,640,640,640,640,640,640,640,640,640,640,32,0,580,586.3578756715448,540.5745984891092,635.2120804798416,0.0
1790322246,16,TTFT,completion,0.500000,0.000000,5700,5700,5700,5700,5700,5700,5700,5700,5700,5700,5700,32,0,5600,5558.628425555071,4579.026113962755,6771.963642910123,0.0
1790322246,16,,Aggregated,1.500000,0.000000,5700,5700,80000,80000,86000,86000,86000,86000,86000,86000,86000,96,0,5600,28723.709380177417,540.5745984891092,86410.24578688666,42.666666666666664
1790322247,16,POST,completion,0.500000,0.000000,0,0,0,0,0,0,0,0,0,0,0,32,0,79000,80026.14183930564,74295.27038289234,86410.24578688666,128.0
1790322247,16,TPOT,completion,0.500000,0.000000,0,0,0,0,0,0,0,0,0,0,0,32,0,580,586.3578756715448,540.5745984891092,635.2120804798416,0.0
1790322247,16,TTFT,completion,0.500000,0.000000,0,0,0,0,0,0,0,0,0,0,0,32,0,5600,5558.628425555071,4579.026113962755,6771.963642910123,0.0
1790322247,16,,Aggregated,1.500000,0.000000,0,0,0,0,0,0,0,0,0,0,0,96,0,5600,28723.709380177417,540.5745984891092,86410.24578688666,42.666666666666664
1790322248,16,POST,completion,0.500000,0.000000,0,0,0,0,0,0,0,0,0,0,0,32,0,79000,80026.14183930564,74295.27038289234,86410.24578688666,128.0
1790322248,16,TPOT,completion,0.500000,0.000000,0,0,0,0,0,0,0,0,0,0,0,32,0,580,586.3578756715448,540.5745984891092,635.2120804798416,0.0
1790322248,16,TTFT,completion,0.500000,0.000000,0,0,0,0,0,0,0,0,0,0,0,32,0,5600,5558.628425555071,4579.026113962755,6771.963642910123,0.0
1790322248,16,,Aggregated,1.500000,0.000000,0,0,0,0,0,0,0,0,0,0,0,96,0,5600,28723.709380177417,540.5745984891092,86410.24578688666,42.666666666666664
1790322249,16,POST,completion,0.500000,0.000000,0,0,0,0,0,0,0,0,0,0,0,32,0,79000,80026.14183930564,74295.27038289234,86410.24578688666,128.0
1790322249,16,TPOT,completion,0.500000,0.000000,0,0,0,0,0,0,0,0,0,0,0,32,0,580,586.3578756715448,540.5745984891092,635.2120804798416,0.0
1790322249,16,TTFT,completion,0.500000,0.000000,0,0,0,0,0,0,0,0,0,0,0,32,0,5600,5558.628425555071,4579.026113962755,6771.963642910123,0.0
1790322249,16,,Aggregated,1.500000,0.000000,0,0,0,0,0,0,0,0,0,0,0,96,0,5600,28723.709380177417,540.5745984891092,86410.24578688666,42.666666666666664
1790322250,16,POST,completion,0.500000,0.000000,0,0,0,0,0,0,0,0,0,0,0,32,0,79000,80026.14183930564,74295.27038289234,86410.24578688666,128.0
1790322250,16,TPOT,completion,0.500000,0.000000,0,0,0,0,0,0,0,0,0,0,0,32,0,580,586.3578756715448,540.5745984891092,635.2120804798416,0.0
1790322250,16,TTFT,completion,0.500000,0.000000,0,0,0,0,0,0,0,0,0,0,0,32,0,5600,5558.628425555071,4579.026113962755,6771.963642910123,0.0
1790322250,16,,Aggregated,1.500000,0.000000,0,0,0,0,0,0,0,0,0,0,0,96,0,5600,28723.709380177417,540.5745984891092,86410.24578688666,42.666666666666664
1790322251,16,POST,completion,0.500000,0.000000,0,0,0,0,0,0,0,0,0,0,0,32,0,79000,80026.14183930564,74295.27038289234,86410.24578688666,128.0
1790322251,16,TPOT,completion,0.500000,0.000000,0,0,0,0,0,0,0,0,0,0,0,32,0,580,586.3578756715448,540.5745984891092,635.2120804798416,0.0
1790322251,16,TTFT,completion,0.500000,0.000000,0,0,0,0,0,0,0,0,0,0,0,32,0,5600,5558.628425555071,4579.026113962755,6771.963642910123,0.0
1790322251,16,,Aggregated,1.500000,0.000000,0,0,0,0,0,0,0,0,0,0,0,96,0,5600,28723.709380177417,540.5745984891092,86410.24578688666,42.666666666666664
1790322252,16,POST,completion,0.500000,0.000000,0,0,0,0,0,0,0,0,0,0,0,32,0,79000,80026.14183930564,74295.27038289234,86410.24578688666,128.0
1790322252,16,TPOT,completion,0.500000,0.000000,0,0,0,0,0,0,0,0,0,0,0,32,0,580,586.3578756715448,540.5745984891092,635.2120804798416,0.0
1790322252,16,TTFT,completion,0.500000,0.000000,0,0,0,0,0,0,0,0,0,0,0,32,0,5600,5558.628425555071,4579.026113962755,6771.963642910123,0.0
1790322252,16,,Aggregated,1.500000,0.000000,0,0,0,0,0,0,0,0,0,0,0,96,0,5600,28723.709380177417,540.5745984891092,86410.24578688666,42.666666666666664
1790322253,16,POST,completion,0.500000,0.000000,0,0,0,0,0,0,0,0,0,0,0,32,0,79000,80026.14183930564,74295.27038289234,86410.24578688666,128.0
1790322253,16,TPOT,completion,0.500000,0.000000,0,0,0,0,0,0,0,0,0,0,0,32,0,580,586.3578756715448,540.5745984891092,635.2120804798416,0.0
1790322253,16,TTFT,completion,0.500000,0.000000,0,0,0,0,0,0,0,0,0,0,0,32,0,5600,5558.628425555071,4579.026113962755,6771.963642910123,0.0
1790322253,16,,Aggregated,1.500000,0.000000,0,0,0,0,0,0,0,0,0,0,0,96,0,5600,28723.709380177417,540.5745984891092,86410.24578688666,42.666666666666664
1790322254,16,POST,completion,0.500000,0.000000,0,0,0,0,0,0,0,0,0,0,0,32,0,79000,80026.14183930564,74295.27038289234,86410.24578688666,128.0
1790322254,16,TPOT,completion,0.500000,0.000000,0,0,0,0,0,0,0,0,0,0,0,32,0,580,586.3578756715448,540.5745984891092,635.2120804798416,0.0
1790322254,16,TTFT,completion,0.500000,0.000000,0,0,0,0,0,0,0,0,0,0,0,32,0,5600,5558.628425555071,4579.026113962755,6771.963642910123,0.0
1790322254,16,,Aggregated,1.500000,0.000000,0,0,0,0,0,0,0,0,0,0,0,96,0,5600,28723.709380177417,540.5745984891092,86410.24578688666,42.666666666666664
1790322255,16,POST,completion,0.500000,0.000000,0,0,0,0,0,0,0,0,0,0,0,32,0,79000,80026.14183930564,74295.27038289234,86410.24578688666,128.0
1790322255,16,TPOT,completion,0.500000,0.000000,0,0,0,0,0,0,0,0,0,0,0,32,0,580,586.3578756715448,540.5745984891092,635.2120804798416,0.0
1790322255,16,TTFT,completion,0.500000,0.000000,0,0,0,0,0,0,0,0,0,0,0,32,0,5600,5558.628425555071,4579.026113962755,6771.963642910123,0.0
1790322255,16,,Aggregated,1.500000,0.000000,0,0,0,0,0,0,0,0,0,0,0,96,0,5600,28723.709380177417,540.5745984891092,86410.24578688666,42.666666666666664
1790322256,16,POST,completion,0.500000,0.000000,0,0,0,0,0,0,0,0,0,0,0,32,0,79000,80026.14183930564,74295.27038289234,86410.24578688666,128.0
1790322256,16,TPOT,completion,0.500000,0.000000,0,0,0,0,0,0,0,0,0,0,0,32,0,580,586.3578756715448,540.5745984891092,635.2120804798416,0.0
1790322256,16,TTFT,completion,0.500000,0.000000,0,0,0,0,0,0,0,0,0,0,0,32,0,5600,5558.628425555071,4579.026113962755,6771.963642910123,0.0
1790322256,16,,Aggregated,1.500000,0.000000,0,0,0,0,0,0,0,0,0,0,0,96,0,5600,28723.709380177417,540.5745984891092,86410.24578688666,42.666666666666664
1790322257,16,POST,completion,0.500000,0.000000,0,0,0,0,0,0,0,0,0,0,0,32,0,79000,80026.14183930564,74295.27038289234,86410.24578688666,128.0
1790322257,16,TPOT,completion,0.500000,0.000000,0,0,0,0,0,0,0,0,0,0,0,32,0,580,586.3578756715448,540.5745984891092,635.2120804798416,0.0
1790322257,16,TTFT,completion,0.500000,0.000000,0,0,0,0,0,0,0,0,0,0,0,32,0,5600,5558.628425555071,4579.026113962755,6771.963642910123,0.0
1790322257,16,,Aggregated,1.500000,0.000000,0,0,0,0,0,0,0,0,0,0,0,96,0,5600,28723.709380177417,540.5745984891092,86410.24578688666,42.666666666666664
1790322258,16,POST,completion,0.500000,0.000000,0,0,0,0,0,0,0,0,0,0,0,32,0,79000,80026.14183930564,74295.27038289234,86410.24578688666,128.0
1790322258,16,TPOT,completion,0.500000,0.000000,0,0,0,0,0,0,0,0,0,0,0,32,0,580,586.3578756715448,540.5745984891092,635.2120804798416,0.0
1790322258,16,TTFT,completion,0.500000,0.000000,0,0,0,0,0,0,0,0,0,0,0,32,0,5600,5558.628425555071,4579.026113962755,6771.963642910123,0.0
1790322258,16,,Aggregated,1.500000,0.000000,0,0,0,0,0,0,0,0,0,0,0,96,0,5600,28723.709380177417,540.5745984891092,86410.24578688666,42.666666666666664
1790322259,16,POST,completion,0.500000,0.000000,0,0,0,0,0,0,0,0,0,0,0,32,0,79000,80026.14183930564,74295.27038289234,86410.24578688666,128.0
1790322259,16,TPOT,completion,0.500000,0.000000,0,0,0,0,0,0,0,0,0,0,0,32,0,580,586.3578756715448,540.5745984891092,635.2120804798416,0.0
1790322259,16,TTFT,completion,0.500000,0.000000,0,0,0,0,0,0,0,0,0,0,0,32,0,5600,5558.628425555071,4579.026113962755,6771.963642910123,0.0
1790322259,16,,Aggregated,1.500000,0.000000,0,0,0,0,0,0,0,0,0,0,0,96,0,5600,28723.709380177417,540.5745984891092,86410.24578688666,42.666666666666664
1790322260,16,POST,completion,0.500000,0.000000,0,0,0,0,0,0,0,0,0,0,0,32,0,79000,80026.14183930564,74295.27038289234,86410.24578688666,128.0
1790322260,16,TPOT,completion,0.500000,0.000000,0,0,0,0,0,0,0,0,0,0,0,32,0,580,586.3578756715448,540.5745984891092,635.2120804798416,0.0
1790322260,16,TTFT,completion,0.500000,0.000000,0,0,0,0,0,0,0,0,0,0,0,32,0,5600,5558.628425555071,4579.026113962755,6771.963642910123,0.0
1790322260,16,,Aggregated,1.500000,0.000000,0,0,0,0,0,0,0,0,0,0,0,96,0,5600,28723.709380177417,540.5745984891092,86410.24578688666,42.666666666666664
1790322261,16,POST,completion,0.500000,0.000000,0,0,0,0,0,0,0,0,0,0,0,32,0,79000,80026.14183930564,74295.27038289234,86410.24578688666,128.0
1790322261,16,TPOT,completion,0.500000,0.000000,0,0,0,0,0,0,0,0,0,0,0,32,0,580,586.3578756715448,540.5745984891092,635.2120804798416,0.0
1790322261,16,TTFT,completion,0.500000,0.000000,0,0,0,0,0,0,0,0,0,0,0,32,0,5600,5558.628425555071,4579.026113962755,6771.963642910123,0.0
1790322261,16,,Aggregated,1.500000,0.000000,0,0,0,0,0,0,0,0,0,0,0,96,0,5600,28723.709380177417,540.5745984891092,86410.24578688666,42.666666666666664
1790322262,16,POST,completion,0.500000,0.000000,0,0,0,0,0,0,0,0,0,0,0,32,0,79000,80026.14183930564,74295.27038289234,86410.24578688666,128.0
1790322262,16,TPOT,completion,0.500000,0.000000,0,0,0,0,0,0,0,0,0,0,0,32,0,580,586.3578756715448,540.5745984891092,635.2120804798416,0.0
1790322262,16,TTFT,completion,0.500000,0.000000,0,0,0,0,0,0,0,0,0,0,0,32,0,5600,5558.628425555071,4579.026113962755,6771.963642910123,0.0
1790322262,16,,Aggregated,1.500000,0.000000,0,0,0,0,0,0,0,0,0,0,0,96,0,5600,28723.709380177417,540.5745984891092,86410.24578688666,42.666666666666664
1790322263,16,POST,completion,0.500000,0.000000,0,0,0,0,0,0,0,0,0,0,0,32,0,79000,80026.14183930564,74295.27038289234,86410.24578688666,128.0
1790322263,16,TPOT,completion,0.500000,0.000000,0,0,0,0,0,0,0,0,0,0,0,32,0,580,586.3578756715448,540.5745984891092,635.2120804798416,0.0
1790322263,16,TTFT,completion,0.500000,0.000000,0,0,0,0,0,0,0,0,0,0,0,32,0,5600,5558.628425555071,4579.026113962755,6771.963642910123,0.0
1790322263,16,,Aggregated,1.500000,0.000000,0,0,0,0,0,0,0,0,0,0,0,96,0,5600,28723.709380177417,540.5745984891092,86410.24578688666,42.666666666666664
1790322264,16,POST,completion,0.500000,0.000000,0,0,0,0,0,0,0,0,0,0,0,32,0,79000,80026.14183930564,74295.27038289234,86410.24578688666,128.0
1790322264,16,TPOT,completion,0.500000,0.000000,0,0,0,0,0,0,0,0,0,0,0,32,0,580,586.3578756715448,540.5745984891092,635.2120804798416,0.0
1790322264,16,TTFT,completion,0.500000,0.000000,0,0,0,0,0,0,0,0,0,0,0,32,0,5600,5558.628425555071,4579.026113962755,6771.963642910123,0.0
1790322264,16,,Aggregated,1.500000,0.000000,0,0,0,0,0,0,0,0,0,0,0,96,0,5600,28723.709380177417,540.5745984891092,86410.24578688666,42.666666666666664
1790322265,16,POST,completion,0.500000,0.000000,0,0,0,0,0,0,0,0,0,0,0,32,0,79000,80026.14183930564,74295.27038289234,86410.24578688666,128.0
1790322265,16,TPOT,completion,0.500000,0.000000,0,0,0,0,0,0,0,0,0,0,0,32,0,580,586.3578756715448,540.5745984891092,635.2120804798416,0.0
1790322265,16,TTFT,completion,0.500000,0.000000,0,0,0,0,0,0,0,0,0,0,0,32,0,5600,5558.628425555071,4579.026113962755,6771.963642910123,0.0
1790322265,16,,Aggregated,1.500000,0.000000,0,0,0,0,0,0,0,0,0,0,0,96,0,5600,28723.709380177417,540.5745984891092,86410.24578688666,42.666666666666664
1790322266,16,POST,completion,0.500000,0.000000,0,0,0,0,0,0,0,0,0,0,0,32,0,79000,80026.14183930564,74295.27038289234,86410.24578688666,128.0
1790322266,16,TPOT,completion,0.500000,0.000000,0,0,0,0,0,0,0,0,0,0,0,32,0,580,586.3578756715448,540.5745984891092,635.2120804798416,0.0
1790322266,16,TTFT,completion,0.500000,0.000000,0,0,0,0,0,0,0,0,0,0,0,32,0,5600,5558.628425555071,4579.026113962755,6771.963642910123,0.0
1790322266,16,,Aggregated,1.500000,0.000000,0,0,0,0,0,0,0,0,0,0,0,96,0,5600,28723.709380177417,540.5745984891092,86410.24578688666,42.666666666666664
1790322267,16,POST,completion,0.500000,0.000000,0,0,0,0,0,0,0,0,0,0,0,32,0,79000,80026.14183930564,74295.27038289234,86410.24578688666,128.0
1790322267,16,TPOT,completion,0.500000,0.000000,0,0,0,0,0,0,0,0,0,0,0,32,0,580,586.3578756715448,540.5745984891092,635.2120804798416,0.0
1790322267,16,TTFT,completion,0.500000,0.000000,0,0,0,0,0,0,0,0,0,0,0,32,0,5600,5558.628425555071,4579.026113962755,6771.963642910123,0.0
1790322267,16,,Aggregated,1.500000,0.000000,0,0,0,0,0,0,0,0,0,0,0,96,0,5600,28723.709380177417,540.5745984891092,86410.24578688666,42.666666666666664
1790322268,16,POST,completion,0.500000,0.000000,0,0,0,0,0,0,0,0,0,0,0,32,0,79000,80026.14183930564,74295.27038289234,86410.24578688666,128.0
1790322268,16,TPOT,completion,0.500000,0.000000,0,0,0,0,0,0,0,0,0,0,0,32,0,580,586.3578756715448,540.5745984891092,635.2120804798416,0.0
1790322268,16,TTFT,completion,0.500000,0.000000,0,0,0,0,0,0,0,0,0,0,0,32,0,5600,5558.628425555071,4579.026113962755,6771.963642910123,0.0
1790322268,16,,Aggregated,1.500000,0.000000,0,0,0,0,0,0,0,0,0,0,0,96,0,5600,28723.709380177417,540.5745984891092,86410.24578688666,42.666666666666664
1790322269,16,POST,completion,0.500000,0.000000,0,0,0,0,0,0,0,0,0,0,0,32,0,79000,80026.14183930564,74295.27038289234,86410.24578688666,128.0
1790322269,16,TPOT,completion,0.500000,0.000000,0,0,0,0,0,0,0,0,0,0,0,32,0,580,586.3578756715448,540.5745984891092,635.2120804798416,0.0
1790322269,16,TTFT,completion,0.500000,0.000000,0,0,0,0,0,0,0,0,0,0,0,32,0,5600,5558.628425555071,4579.026113962755,6771.963642910123,0.0
1790322269,16,,Aggregated,1.500000,0.000000,0,0,0,0,0,0,0,0,0,0,0,96,0,5600,28723.709380177417,540.5745984891092,86410.24578688666,42.666666666666664
1790322270,16,POST,completion,0.500000,0.000000,0,0,0,0,0,0,0,0,0,0,0,32,0,79000,80026.14183930564,74295.27038289234,86410.24578688666,128.0
1790322270,16,TPOT,completion,0.500000,0.000000,0,0,0,0,0,0,0,0,0,0,0,32,0,580,586.3578756715448,540.5745984891092,635.2120804798416,0.0
1790322270,16,TTFT,completion,0.500000,0.000000,0,0,0,0,0,0,0,0,0,0,0,32,0,5600,5558.628425555071,4579.026113962755,6771.963642910123,0.0
1790322270,16,,Aggregated,1.500000,0.000000,0,0,0,0,0,0,0,0,0,0,0,96,0,5600,28723.709380177417,540.5745984891092,86410.24578688666,42.666666666666664
1790322271,16,POST,completion,0.500000,0.000000,0,0,0,0,0,0,0,0,0,0,0,32,0,79000,80026.14183930564,74295.27038289234,86410.24578688666,128.0
1790322271,16,TPOT,completion,0.500000,0.000000,0,0,0,0,0,0,0,0,0,0,0,32,0,580,586.3578756715448,540.5745984891092,635.2120804798416,0.0
1790322271,16,TTFT,completion,0.500000,0.000000,0,0,0,0,0,0,0,0,0,0,0,32,0,5600,5558.628425555071,4579.026113962755,6771.963642910123,0.0
1790322271,16,,Aggregated,1.500000,0.000000,0,0,0,0,0,0,0,0,0,0,0,96,0,5600,28723.709380177417,540.5745984891092,86410.24578688666,42.666666666666664
1790322272,16,POST,completion,0.500000,0.000000,0,0,0,0,0,0,0,0,0,0,0,32,0,79000,80026.14183930564,74295.27038289234,86410.24578688666,128.0
1790322272,16,TPOT,completion,0.500000,0.000000,0,0,0,0,0,0,0,0,0,0,0,32,0,580,586.3578756715448,540.5745984891092,635.2120804798416,0.0
1790322272,16,TTFT,completion,0.500000,0.000000,0,0,0,0,0,0,0,0,0,0,0,32,0,5600,5558.628425555071,4579.026113962755,6771.963642910123,0.0
1790322272,16,,Aggregated,1.500000,0.000000,0,0,0,0,0,0,0,0,0,0,0,96,0,5600,28723.709380177417,540.5745984891092,86410.24578688666,42.666666666666664
1790322273,16,POST,completion,0.500000,0.000000,0,0,0,0,0,0,0,0,0,0,0,32,0,79000,80026.14183930564,74295.27038289234,86410.24578688666,128.0
1790322273,16,TPOT,completion,0.500000,0.000000,0,0,0,0,0,0,0,0,0,0,0,32,0,580,586.3578756715448,540.5745984891092,635.2120804798416,0.0
1790322273,16,TTFT,completion,0.500000,0.000000,0,0,0,0,0,0,0,0,0,0,0,32,0,5600,5558.628425555071,4579.026113962755,6771.963642910123,0.0
1790322273,16,,Aggregated,1.500000,0.000000,0,0,0,0,0,0,0,0,0,0,0,96,0,5600,28723.709380177417,540.5745984891092,86410.24578688666,42.666666666666664
1790322274,16,POST,completion,0.500000,0.000000,0,0,0,0,0,0,0,0,0,0,0,32,0,79000,80026.14183930564,74295.27038289234,86410.24578688666,128.0
1790322274,16,TPOT,completion,0.500000,0.000000,0,0,0,0,0,0,0,0,0,0,0,32,0,580,586.3578756715448,540.5745984891092,635.2120804798416,0.0
1790322274,16,TTFT,completion,0.500000,0.000000,0,0,0,0,0,0,0,0,0,0,0,32,0,5600,5558.628425555071,4579.026113962755,6771.963642910123,0.0
1790322274,16,,Aggregated,1.500000,0.000000,0,0,0,0,0,0,0,0,0,0,0,96,0,5600,28723.709380177417,540.5745984891092,86410.24578688666,42.666666666666664
1790322275,16,POST,completion,0.500000,0.000000,0,0,0,0,0,0,0,0,0,0,0,32,0,79000,80026.14183930564,74295.27038289234,86410.24578688666,128.0
1790322275,16,TPOT,completion,0.500000,0.000000,0,0,0,0,0,0,0,0,0,0,0,32,0,580,586.3578756715448,540.5745984891092,635.2120804798416,0.0
1790322275,16,TTFT,completion,0.500000,0.000000,0,0,0,0,0,0,0,0,0,0,0,32,0,5600,5558.628425555071,4579.026113962755,6771.963642910123,0.0
1790322275,16,,Aggregated,1.500000,0.000000,0,0,0,0,0,0,0,0,0,0,0,96,0,5600,28723.709380177417,540.5745984891092,86410.24578688666,42.666666666666664
1790322276,16,POST,completion,0.500000,0.000000,0,0,0,0,0,0,0,0,0,0,0,32,0,79000,80026.14183930564,74295.27038289234,86410.24578688666,128.0
1790322276,16,TPOT,completion,0.500000,0.000000,0,0,0,0,0,0,0,0,0,0,0,32,0,580,586.3578756715448,540.5745984891092,635.2120804798416,0.0
1790322276,16,TTFT,completion,0.500000,0.000000,0,0,0,0,0,0,0,0,0,0,0,32,0,5600,5558.628425555071,4579.026113962755,6771.963642910123,0.0
1790322276,16,,Aggregated,1.500000,0.000000,0,0,0,0,0,0,0,0,0,0,0,96,0,5600,28723.709380177417,540.5745984891092,86410.24578688666,42.666666666666664
1790322277,16,POST,completion,0.500000,0.000000,0,0,0,0,0,0,0,0,0,0,0,32,0,79000,80026.14183930564,74295.27038289234,86410.24578688666,128.0
1790322277,16,TPOT,completion,0.500000,0.000000,0,0,0,0,0,0,0,0,0,0,0,32,0,580,586.3578756715448,540.5745984891092,635.2120804798416,0.0
1790322277,16,TTFT,completion,0.500000,0.000000,0,0,0,0,0,0,0,0,0,0,0,32,0,5600,5558.628425555071,4579.026113962755,6771.963642910123,0.0
1790322277,16,,Aggregated,1.500000,0.000000,0,0,0,0,0,0,0,0,0,0,0,96,0,5600,28723.709380177417,540.5745984891092,86410.24578688666,42.666666666666664
1790322278,16,POST,completion,0.500000,0.000000,0,0,0,0,0,0,0,0,0,0,0,32,0,79000,80026.14183930564,74295.27038289234,86410.24578688666,128.0
1790322278,16,TPOT,completion,0.500000,0.000000,0,0,0,0,0,0,0,0,0,0,0,32,0,580,586.3578756715448,540.5745984891092,635.2120804798416,0.0
1790322278,16,TTFT,completion,0.500000,0.000000,0,0,0,0,0,0,0,0,0,0,0,32,0,5600,5558.628425555071,4579.026113962755,6771.963642910123,0.0
1790322278,16,,Aggregated,1.500000,0.000000,0,0,0,0,0,0,0,0,0,0,0,96,0,5600,28723.709380177417,540.5745984891092,86410.24578688666,42.666666666666664
1790322279,16,POST,completion,0.500000,0.000000,0,0,0,0,0,0,0,0,0,0,0,32,0,79000,80026.14183930564,74295.27038289234,86410.24578688666,128.0
1790322279,16,TPOT,completion,0.500000,0.000000,0,0,0,0,0,0,0,0,0,0,0,32,0,580,586.3578756715448,540.5745984891092,635.2120804798416,0.0
1790322279,16,TTFT,completion,0.500000,0.000000,0,0,0,0,0,0,0,0,0,0,0,32,0,5600,5558.628425555071,4579.026113962755,6771.963642910123,0.0
1790322279,16,,Aggregated,1.500000,0.000000,0,0,0,0,0,0,0,0,0,0,0,96,0,5600,28723.709380177417,540.5745984891092,86410.24578688666,42.666666666666664
1790322280,16,POST,completion,0.500000,0.000000,0,0,0,0,0,0,0,0,0,0,0,32,0,79000,80026.14183930564,74295.27038289234,86410.24578688666,128.0
1790322280,16,TPOT,completion,0.500000,0.000000,0,0,0,0,0,0,0,0,0,0,0,32,0,580,586.3578756715448,540.5745984891092,635.2120804798416,0.0
1790322280,16,TTFT,completion,0.500000,0.000000,0,0,0,0,0,0,0,0,0,0,0,32,0,5600,5558.628425555071,4579.026113962755,6771.963642910123,0.0
1790322280,16,,Aggregated,1.500000,0.000000,0,0,0,0,0,0,0,0,0,0,0,96,0,5600,28723.709380177417,540.5745984891092,86410.24578688666,42.666666666666664
1790322281,16,POST,completion,0.500000,0.000000,0,0,0,0,0,0,0,0,0,0,0,32,0,79000,80026.14183930564,74295.27038289234,86410.24578688666,128.0
1790322281,16,TPOT,completion,0.500000,0.000000,0,0,0,0,0,0,0,0,0,0,0,32,0,580,586.3578756715448,540.5745984891092,635.2120804798416,0.0
1790322281,16,TTFT,completion,0.500000,0.000000,0,0,0,0,0,0,0,0,0,0,0,32,0,5600,5558.628425555071,4579.026113962755,6771.963642910123,0.0
1790322281,16,,Aggregated,1.500000,0.000000,0,0,0,0,0,0,0,0,0,0,0,96,0,5600,28723.709380177417,540.5745984891092,86410.24578688666,42.666666666666664
1790322282,16,POST,completion,0.000000,0.000000,79000,79000,79000,79000,79000,79000,79000,79000,79000,79000,79000,33,0,79000,80003.37275735695,74295.27038289234,86410.24578688666,128.0
1790322282,16,TPOT,completion,0.000000,0.000000,580,580,580,580,580,580,580,580,580,580,580,33,0,580,586.185689651892,540.5745984891092,635.2120804798416,0.0
1790322282,16,TTFT,completion,0.000000,0.000000,5500,5500,5500,5500,5500,5500,5500,5500,5500,5500,5500,33,0,5500,5557.727043538101,4579.026113962755,6771.963642910123,0.0
1790322282,16,,Aggregated,0.000000,0.000000,5500,5500,79000,79000,79000,79000,79000,79000,79000,79000,79000,99,0,5500,28715.761830182313,540.5745984891092,86410.24578688666,42.666666666666664
1790322283,16,POST,completion,0.000000,0.000000,79000,79000,79000,79000,79000,79000,79000,79000,79000,79000,79000,33,0,79000,80003.37275735695,74295.27038289234,86410.24578688666,128.0
1790322283,16,TPOT,completion,0.000000,0.000000,580,580,580,580,580,580,580,580,580,580,580,33,0,580,586.185689651892,540.5745984891092,635.2120804798416,0.0
1790322283,16,TTFT,completion,0.000000,0.000000,5500,5500,5500,5500,5500,5500,5500,5500,5500,5500,5500,33,0,5500,5557.727043538101,4579.026113962755,6771.963642910123,0.0
1790322283,16,,Aggregated,0.000000,0.000000,5500,5500,79000,79000,79000,79000,79000,79000,79000,79000,79000,99,0,5500,28715.761830182313,540.5745984891092,86410.24578688666,42.666666666666664
1790322284,16,POST,completion,0.000000,0.000000,79000,79000,79000,79000,79000,79000,79000,79000,79000,79000,79000,33,0,79000,80003.37275735695,74295.27038289234,86410.24578688666,128.0
1790322284,16,TPOT,completion,0.000000,0.000000,580,580,580,580,580,580,580,580,580,580,580,33,0,580,586.185689651892,540.5745984891092,635.2120804798416,0.0
1790322284,16,TTFT,completion,0.000000,0.000000,5500,5500,5500,5500,5500,5500,5500,5500,5500,5500,5500,33,0,5500,5557.727043538101,4579.026113962755,6771.963642910123,0.0
1790322284,16,,Aggregated,0.000000,0.000000,5500,5500,79000,79000,79000,79000,79000,79000,79000,79000,79000,99,0,5500,28715.761830182313,540.5745984891092,86410.24578688666,42.666666666666664
1790322285,16,POST,completion,0.000000,0.000000,79000,79000,79000,79000,79000,79000,79000,79000,79000,79000,79000,33,0,79000,80003.37275735695,74295.27038289234,86410.24578688666,128.0
1790322285,16,TPOT,completion,0.000000,0.000000,580,580,580,580,580,580,580,580,580,580,580,33,0,580,586.185689651892,540.5745984891092,635.2120804798416,0.0
1790322285,16,TTFT,completion,0.000000,0.000000,5500,5500,5500,5500,5500,5500,5500,5500,5500,5500,5500,33,0,5500,5557.727043538101,4579.026113962755,6771.963642910123,0.0
1790322285,16,,Aggregated,0.000000,0.000000,5500,5500,79000,79000,79000,79000,79000,79000,79000,79000,79000,99,0,5500,28715.761830182313,540.5745984891092,86410.24578688666,42.666666666666664
1790322286,16,POST,completion,0.000000,0.000000,79000,79000,79000,79000,79000,79000,79000,79000,79000,79000,79000,33,0,79000,80003.37275735695,74295.27038289234,86410.24578688666,128.0
1790322286,16,TPOT,completion,0.000000,0.000000,580,580,580,580,580,580,580,580,580,580,580,33,0,580,586.185689651892,540.5745984891092,635.2120804798416,0.0
1790322286,16,TTFT,completion,0.000000,0.000000,5500,5500,5500,5500,5500,5500,5500,5500,5500,5500,5500,33,0,5500,5557.727043538101,4579.026113962755,6771.963642910123,0.0
1790322286,16,,Aggregated,0.000000,0.000000,5500,5500,79000,79000,79000,79000,79000,79000,79000,79000,79000,99,0,5500,28715.761830182313,540.5745984891092,86410.24578688666,42.666666666666664
1790322287,16,POST,completion,0.000000,0.000000,79000,79000,79000,79000,79000,79000,79000,79000,79000,79000,79000,33,0,79000,80003.37275735695,74295.27038289234,86410.24578688666,128.0
1790322287,16,TPOT,completion,0.000000,0.000000,580,580,580,580,580,580,580,580,580,580,580,33,0,580,586.185689651892,540.5745984891092,635.2120804798416,0.0
1790322287,16,TTFT,completion,0.000000,0.000000,5500,5500,5500,5500,5500,5500,5500,5500,5500,5500,5500,33,0,5500,5557.727043538101,4579.026113962755,6771.963642910123,0.0
1790322287,16,,Aggregated,0.000000,0.000000,5500,5500,79000,79000,79000,79000,79000,79000,79000,79000,79000,99,0,5500,28715.761830182313,540.5745984891092,86410.24578688666,42.666666666666664
1790322288,16,POST,completion,0.100000,0.000000,86000,86000,86000,86000,86000,86000,86000,86000,86000,86000,86000,34,0,79000,80177.96203876188,74295.27038289234,86410.24578688666,128.0
1790322288,16,TPOT,completion,0.100000,0.000000,630,630,630,630,630,630,630,630,630,630,630,34,0,580,587.5138180644108,540.5745984891092,635.2120804798416,0.0
1790322288,16,TTFT,completion,0.100000,0.000000,5800,5800,5800,5800,5800,5800,5800,5800,5800,5800,5800,34,0,5600,5563.643851933782,4579.026113962755,6771.963642910123,0.0
1790322288,16,,Aggregated,0.300000,0.000000,5800,5800,79000,79000,86000,86000,86000,86000,86000,86000,86000,102,0,5600,28776.373236253356,540.5745984891092,86410.24578688666,42.666666666666664
1790322289,16,POST,completion,0.100000,0.000000,81000,81000,86000,86000,86000,86000,86000,86000,86000,86000,86000,36,0,80000,80206.57915524983,74295.27038289234,86410.24578688666,128.0
1790322289,16,TPOT,completion,0.100000,0.000000,590,590,630,630,630,630,630,630,630,630,630,36,0,590,587.8220605875294,540.5745984891092,635.2120804798416,0.0
1790322289,16,TTFT,completion,0.100000,0.000000,5500,5500,5800,5800,5800,5800,5800,5800,5800,5800,5800,36,0,5500,5553.114616687202,4579.026113962755,6771.963642910123,0.0
1790322289,16,,Aggregated,0.300000,0.000000,5500,5800,80000,80000,81000,86000,86000,86000,86000,86000,86000,108,0,5500,28782.505277508186,540.5745984891092,86410.24578688666,42.666666666666664
1790322290,16,POST,completion,0.100000,0.000000,81000,81000,86000,86000,86000,86000,86000,86000,86000,86000,86000,36,0,80000,80206.57915524983,74295.27038289234,86410.24578688666,128.0
1790322290,16,TPOT,completion,0.100000,0.000000,590,590,630,630,630,630,630,630,630,630,630,36,0,590,587.8220605875294,540.5745984891092,635.2120804798416,0.0
1790322290,16,TTFT,completion,0.100000,0.000000,5500,5500,5800,5800,5800,5800,5800,5800,5800,5800,5800,36,0,5500,5553.114616687202,4579.026113962755,6771.963642910123,0.0
1790322290,16,,Aggregated,0.300000,0.000000,5500,5800,80000,80000,81000,86000,86000,86000,86000,86000,86000,108,0,5500,28782.505277508186,540.5745984891092,86410.24578688666,42.666666666666664
1790322291,16,POST,completion,0.100000,0.000000,81000,81000,86000,86000,86000,86000,86000,86000,86000,86000,86000,36,0,80000,80206.57915524983,74295.27038289234,86410.24578688666,128.0
1790322291,16,TPOT,completion,0.100000,0.000000,590,590,630,630,630,630,630,630,630,630,630,36,0,590,587.8220605875294,540.5745984891092,635.2120804798416,0.0
1790322291,16,TTFT,completion,0.100000,0.000000,5500,5500,5800,5800,5800,5800,5800,5800,5800,5800,5800,36,0,5500,5553.114616687202,4579.026113962755,6771.963642910123,0.0
1790322291,16,,Aggregated,0.300000,0.000000,5500,5800,80000,80000,81000,86000,86000,86000,86000,86000,86000,108,0,5500,28782.505277508186,540.5745984891092,86410.24578688666,42.666666666666664
1790322292,16,POST,completion,0.400000,0.000000,81000,81000,81000,86000,86000,86000,86000,86000,86000,86000,86000,37,0,80000,80215.66433778561,74295.27038289234,86410.24578688666,128.0
1790322292,16,TPOT,completion,0.400000,0.000000,590,590,590,630,630,630,630,630,630,630,630,37,0,590,587.877438657654,540.5745984891092,635.2120804798416,0.0
1790322292,16,TTFT,completion,0.400000,0.000000,5500,5600,5600,5800,5800,5800,5800,5800,5800,5800,5800,37,0,5500,5555.166775046067,4579.026113962755,6771.963642910123,0.0
1790322292,16,,Aggregated,1.200000,0.000000,5500,5800,80000,81000,81000,86000,86000,86000,86000,86000,86000,111,0,5500,28786.236183829773,540.5745984891092,86410.24578688666,42.666666666666664
1790322293,16,POST,completion,0.400000,0.000000,81000,81000,81000,81000,86000,86000,86000,86000,86000,86000,86000,38,0,80000,80214.22838045309,74295.27038289234,86410.24578688666,128.0
1790322293,16,TPOT,completion,0.400000,0.000000,590,590,590,590,630,630,630,630,630,630,630,38,0,590,587.8531815638742,540.5745984891092,635.2120804798416,0.0
1790322293,16,TTFT,completion,0.400000,0.000000,5600,5600,5600,5600,5800,5800,5800,5800,5800,5800,5800,38,0,5600,5556.811490126787,4579.026113962755,6771.963642910123,0.0
1790322293,16,,Aggregated,1.200000,0.000000,5600,5800,80000,80000,81000,86000,86000,86000,86000,86000,86000,114,0,5600,28786.29768404791,540.5745984891092,86410.24578688666,42.666666666666664
1790322294,16,POST,completion,0.400000,0.000000,81000,81000,81000,81000,86000,86000,86000,86000,86000,86000,86000,40,0,80000,80242.35719150165,74295.27038289234,86410.24578688666,128.0
1790322294,16,TPOT,completion,0.400000,0.000000,590,590,590,590,630,630,630,630,630,630,630,40,0,590,588.0825893565695,540.5745984891092,635.2120804798416,0.0
1790322294,16,TTFT,completion,0.400000,0.000000,5600,5600,5600,5600,5800,5800,5800,5800,5800,5800,5800,40,0,5600,5555.8059118222445,4579.026113962755,6771.963642910123,0.0
1790322294,16,,Aggregated,1.200000,0.000000,5600,5800,80000,80000,81000,81000,86000,86000,86000,86000,86000,120,0,5600,28795.41523089348,540.5745984891092,86410.24578688666,42.666666666666664
1790322295,16,POST,completion,0.400000,0.000000,81000,81000,81000,81000,86000,86000,86000,86000,86000,86000,86000,40,0,80000,80242.35719150165,74295.27038289234,86410.24578688666,128.0
1790322295,16,TPOT,completion,0.400000,0.000000,590,590,590,590,630,630,630,630,630,630,630,40,0,590,588.0825893565695,540.5745984891092,635.2120804798416,0.0
1790322295,16,TTFT,completion,0.400000,0.000000,5600,5600,5600,5600,5800,5800,5800,5800,5800,5800,5800,40,0,5600,5555.8059118222445,4579.026113962755,6771.963642910123,0.0
1790322295,16,,Aggregated,1.200000,0.000000,5600,5800,80000,80000,81000,81000,86000,86000,86000,86000,86000,120,0,5600,28795.41523089348,540.5745984891092,86410.24578688666,42.666666666666664
1790322296,16,POST,completion,0.400000,0.000000,81000,81000,81000,81000,86000,86000,86000,86000,86000,86000,86000,40,0,80000,80242.35719150165,74295.27038289234,86410.24578688666,128.0
1790322296,16,TPOT,completion,0.400000,0.000000,590,590,590,590,630,630,630,630,630,630,630,40,0,590,588.0825893565695,540.5745984891092,635.2120804798416,0.0
1790322296,16,TTFT,completion,0.400000,0.000000,5600,5600,5600,5600,5800,5800,5800,5800,5800,5800,5800,40,0,5600,5555.8059118222445,4579.026113962755,6771.963642910123,0.0
1790322296,16,,Aggregated,1.200000,0.000000,5600,5800,80000,80000,81000,81000,86000,86000,86000,86000,86000,120,0,5600,28795.41523089348,540.5745984891092,86410.24578688666,42.666666666666664
1790322297,16,POST,completion,0.400000,0.000000,81000,81000,81000,81000,86000,86000,86000,86000,86000,86000,86000,40,0,80000,80242.35719150165,74295.27038289234,86410.24578688666,128.0
1790322297,16,TPOT,completion,0.400000,0.000000,590,590,590,590,630,630,630,630,630,630,630,40,0,590,588.0825893565695,540.5745984891092,635.2120804798416,0.0
1790322297,16,TTFT,completion,0.400000,0.000000,5600,5600,5600,5600,5800,5800,5800,5800,5800,5800,5800,40,0,5600,5555.8059118222445,4579.026113962755,6771.963642910123,0.0
1790322297,16,,Aggregated,1.200000,0.000000,5600,5800,80000,80000,81000,81000,86000,86000,86000,86000,86000,120,0,5600,28795.41523089348,540.5745984891092,86410.24578688666,42.666666666666664
1790322298,16,POST,completion,0.700000,0.000000,81000,81000,81000,81000,86000,86000,86000,86000,86000,86000,86000,41,0,80000,80253.71306795036,74295.27038289234,86410.24578688666,128.0
1790322298,16,TPOT,completion,0.700000,0.000000,590,590,590,590,630,630,630,630,630,630,630,41,0,590,588.1204449656893,540.5745984891092,635.2120804798416,0.0
1790322298,16,TTFT,completion,0.700000,0.000000,5600,5600,5800,5800,5800,5800,5800,5800,5800,5800,5800,41,0,5600,5562.353956802725,4579.026113962755,6771.963642910123,0.0
1790322298,16,,Aggregated,2.100000,0.000000,5600,5800,80000,81000,81000,81000,86000,86000,86000,86000,86000,123,0,5600,28801.395823239585,540.5745984891092,86410.24578688666,42.666666666666664
1790322299,16,POST,completion,0.700000,0.000000,81000,81000,81000,81000,81000,81000,81000,81000,81000,81000,81000,42,0,80000,80250.63002635614,74295.27038289234,86410.24578688666,128.0
1790322299,16,TPOT,completion,0.700000,0.000000,590,590,590,590,590,590,590,590,590,590,590,42,0,590,588.0757127812548,540.5745984891092,635.2120804798416,0.0
1790322299,16,TTFT,completion,0.700000,0.000000,5600,5600,5700,5700,5800,5800,5800,5800,5800,5800,5800,42,0,5600,5564.951983069824,4579.026113962755,6771.963642910123,0.0
1790322299,16,,Aggregated,2.100000,0.000000,5600,5800,80000,80000,81000,81000,81000,81000,81000,81000,81000,126,0,5600,28801.219240735732,540.5745984891092,86410.24578688666,42.666666666666664
1790322300,16,POST,completion,0.800000,0.000000,81000,81000,81000,81000,81000,81000,81000,81000,81000,81000,81000,43,0,80000,80259.29571599916,74295.27038289234,86410.24578688666,128.0
1790322300,16,TPOT,completion,0.800000,0.000000,590,590,590,590,590,590,590,590,590,590,590,43,0,590,588.1231175383851,540.5745984891092,635.2120804798416,0.0
1790322300,16,TTFT,completion,0.800000,0.000000,5600,5700,5700,5700,5800,5800,5800,5800,5800,5800,5800,43,0,5600,5567.5973897409995,4579.026113962755,6771.963642910123,0.0
1790322300,16,,Aggregated,2.400000,0.000000,5600,5800,80000,80000,81000,81000,81000,81000,81000,81000,81000,129,0,5600,28805.00540775951,540.5745984891092,86410.24578688666,42.666666666666664
1790322301,16,POST,completion,0.500000,0.000000,81000,81000,81000,81000,81000,81000,81000,81000,81000,81000,81000,44,0,80000,80278.31487611613,74295.27038289234,86410.24578688666,128.0
1790322301,16,TPOT,completion,0.500000,0.000000,590,590,590,590,590,590,590,590,590,590,590,44,0,590,588.2449192699122,540.5745984891092,635.2120804798416,0.0
1790322301,16,TTFT,completion,0.500000,0.000000,5700,5700,5700,5700,5800,5800,5800,5800,5800,5800,5800,44,0,5600,5571.147648771082,4579.026113962755,6771.963642910123,0.0
1790322301,16,,Aggregated,1.500000,0.000000,5700,5800,80000,81000,81000,81000,81000,81000,81000,81000,81000,132,0,5600,28812.56914805237,540.5745984891092,86410.24578688666,42.666666666666664
1790322302,16,POST,completion,0.500000,0.000000,81000,81000,81000,81000,81000,81000,81000,81000,81000,81000,81000,44,0,80000,80278.31487611613,74295.27038289234,86410.24578688666,128.0
1790322302,16,TPOT,completion,0.500000,0.000000,590,590,590,590,590,590,590,590,590,590,590,44,0,590,588.2449192699122,540.5745984891092,635.2120804798416,0.0
1790322302,16,TTFT,completion,0.500000,0.000000,5700,5700,5700,5700,5800,5800,5800,5800,5800,5800,5800,44,0,5600,5571.147648771082,4579.026113962755,6771.963642910123,0.0
1790322302,16,,Aggregated,1.500000,0.000000,5700,5800,80000,80000,81000,81000,81000,81000,81000,81000,81000,132,0,5600,28812.56914805237,540.5745984891092,86410.24578688666,42.666666666666664
1790322303,16,POST,completion,0.700000,0.000000,81000,81000,81000,81000,81000,81000,81000,81000,81000,81000,81000,45,0,80000,80288.31645747025,74295.27038289234,86410.24578688666,128.0
1790322303,16,TPOT,completion,0.700000,0.000000,590,590,590,590,590,590,590,590,590,590,590,45,0,590,588.2865769958509,540.5745984891092,635.2120804798416,0.0
1790322303,16,TTFT,completion,0.700000,0.000000,5700,5700,5800,5800,5800,5800,5800,5800,5800,5800,5800,45,0,5600,5575.8587310659805,4579.026113962755,6771.963642910123,0.0
1790322303,16,,Aggregated,2.100000,0.000000,5700,5800,80000,81000,81000,81000,81000,81000,81000,81000,81000,135,0,5600,28817.48725517736,540.5745984891092,86410.24578688666,42.666666666666664
1790322304,16,POST,completion,0.700000,0.000000,81000,81000,81000,81000,81000,81000,81000,81000,81000,81000,81000,45,0,80000,80288.31645747025,74295.27038289234,86410.24578688666,128.0
1790322304,16,TPOT,completion,0.700000,0.000000,590,590,590,590,590,590,590,590,590,590,590,45,0,590,588.2865769958509,540.5745984891092,635.2120804798416,0.0
1790322304,16,TTFT,completion,0.700000,0.000000,5700,5700,5800,5800,5800,5800,5800,5800,5800,5800,5800,45,0,5600,5575.8587310659805,4579.026113962755,6771.963642910123,0.0
1790322304,16,,Aggregated,2.100000,0.000000,5700,5800,80000,81000,81000,81000,81000,81000,81000,81000,81000,135,0,5600,28817.48725517736,540.5745984891092,86410.24578688666,42.666666666666664
1790322305,16,POST,completion,0.700000,0.000000,81000,81000,81000,81000,81000,81000,81000,81000,81000,81000,81000,45,0,80000,80288.31645747025,74295.27038289234,86410.24578688666,128.0
1790322305,16,TPOT,completion,0.700000,0.000000,590,590,590,590,590,590,590,590,590,590,590,45,0,590,588.2865769958509,540.5745984891092,635.2120804798416,0.0
1790322305,16,TTFT,completion,0.700000,0.000000,5700,5800,5800,5800,5800,5800,5800,5800,5800,5800,5800,45,0,5600,5575.8587310659805,4579.026113962755,6771.963642910123,0.0
1790322305,16,,Aggregated,2.100000,0.000000,5700,5800,81000,81000,81000,81000,81000,81000,81000,81000,81000,135,0,5600,28817.48725517736,540.5745984891092,86410.24578688666,42.666666666666664
1790322306,16,POST,completion,0.700000,0.000000,81000,81000,81000,81000,81000,81000,81000,81000,81000,81000,81000,45,0,80000,80288.31645747025,74295.27038289234,86410.24578688666,128.0
1790322306,16,TPOT,completion,0.700000,0.000000,590,590,590,590,590,590,590,590,590,590,590,45,0,590,588.2865769958509,540.5745984891092,635.2120804798416,0.0
1790322306,16,TTFT,completion,0.700000,0.000000,5700,5800,5800,5800,5800,5800,5800,5800,5800,5800,5800,45,0,5600,5575.8587310659805,4579.026113962755,6771.963642910123,0.0
1790322306,16,,Aggregated,2.100000,0.000000,5700,5800,81000,81000,81000,81000,81000,81000,81000,81000,81000,135,0,5600,28817.48725517736,540.5745984891092,86410.24578688666,42.666666666666664
1790322307,16,POST,completion,0.700000,0.000000,81000,81000,81000,81000,81000,81000,81000,81000,81000,81000,81000,45,0,80000,80288.31645747025,74295.27038289234,86410.24578688666,128.0
1790322307,16,TPOT,completion,0.700000,0.000000,590,590,590,590,590,590,590,590,590,590,590,45,0,590,588.2865769958509,540.5745984891092,635.2120804798416,0.0
1790322307,16,TTFT,completion,0.700000,0.000000,5700,5800,5800,5800,5800,5800,5800,5800,5800,5800,5800,45,0,5600,5575.8587310659805,4579.026113962755,6771.963642910123,0.0
1790322307,16,,Aggregated,2.100000,0.000000,5700,5800,81000,81000,81000,81000,81000,81000,81000,81000,81000,135,0,5600,28817.48725517736,540.5745984891092,86410.24578688666,42.666666666666664
1790322308,16,POST,completion,0.500000,0.000000,81000,81000,81000,81000,81000,81000,81000,81000,81000,81000,81000,46,0,80000,80274.08634539208,74295.27038289234,86410.24578688666,128.0
1790322308,16,TPOT,completion,0.500000,0.000000,590,590,590,590,590,590,590,590,590,590,590,46,0,590,588.2310149228697,540.5745984891092,635.2120804798416,0.0
1790322308,16,TTFT,completion,0.500000,0.000000,5700,5700,5700,5800,5800,5800,5800,5800,5800,5800,5800,46,0,5600,5568.684986169936,4579.026113962755,6771.963642910123,0.0
1790322308,16,,Aggregated,1.500000,0.000000,5700,5800,80000,81000,81000,81000,81000,81000,81000,81000,81000,138,0,5600,28810.334115494952,540.5745984891092,86410.24578688666,42.666666666666664
1790322309,16,POST,completion,0.500000,0.000000,81000,81000,81000,81000,81000,81000,81000,81000,81000,81000,81000,46,0,80000,80274.08634539208,74295.27038289234,86410.24578688666,128.0
1790322309,16,TPOT,completion,0.500000,0.000000,590,590,590,590,590,590,590,590,590,590,590,46,0,590,588.2310149228697,540.5745984891092,635.2120804798416,0.0
1790322309,16,TTFT,completion,0.500000,0.000000,5700,5700,5800,5800,5800,5800,5800,5800,5800,5800,5800,46,0,5600,5568.684986169936,4579.026113962755,6771.963642910123,0.0
1790322309,16,,Aggregated,1.500000,0.000000,5700,5800,81000,81000,81000,81000,81000,81000,81000,81000,81000,138,0,5600,28810.334115494952,540.5745984891092,86410.24578688666,42.666666666666664
1790322310,16,POST,completion,0.500000,0.000000,81000,81000,81000,81000,81000,81000,81000,81000,81000,81000,81000,48,0,80000,80287.14252145922,74295.27038289234,86410.24578688666,128.0
1790322310,16,TPOT,completion,0.500000,0.000000,590,590,590,590,590,590,590,590,590,590,590,48,0,590,588.3853909018109,540.5745984891092,635.2120804798416,0.0
1790322310,16,TTFT,completion,0.500000,0.000000,5500,5700,5700,5800,5800,5800,5800,5800,5800,5800,5800,48,0,5600,5562.135697575286,4579.026113962755,6771.963642910123,0.0
1790322310,16,,Aggregated,1.500000,0.000000,5500,5800,80000,81000,81000,81000,81000,81000,81000,81000,81000,144,0,5600,28812.55453664543,540.5745984891092,86410.24578688666,42.666666666666664
1790322311,16,POST,completion,0.500000,0.000000,81000,81000,81000,81000,81000,81000,81000,81000,81000,81000,81000,48,0,80000,80287.14252145922,74295.27038289234,86410.24578688666,128.0
1790322311,16,TPOT,completion,0.500000,0.000000,590,590,590,590,590,590,590,590,590,590,590,48,0,590,588.3853909018109,540.5745984891092,635.2120804798416,0.0
1790322311,16,TTFT,completion,0.500000,0.000000,5500,5700,5700,5800,5800,5800,5800,5800,5800,5800,5800,48,0,5600,5562.135697575286,4579.026113962755,6771.963642910123,0.0
1790322311,16,,Aggregated,1.500000,0.000000,5500,5800,80000,81000,81000,81000,81000,81000,81000,81000,81000,144,0,5600,28812.55453664543,540.5745984891092,86410.24578688666,42.666666666666664
1790322312,16,POST,completion,0.500000,0.000000,81000,81000,81000,81000,81000,81000,81000,81000,81000,81000,81000,48,0,80000,80287.14252145922,74295.27038289234,86410.24578688666,128.0
1790322312,16,TPOT,completion,0.500000,0.000000,590,590,590,590,590,590,590,590,590,590,590,48,0,590,588.3853909018109,540.5745984891092,635.2120804798416,0.0
1790322312,16,TTFT,completion,0.500000,0.000000,5500,5500,5800,5800,5800,5800,5800,5800,5800,5800,5800,48,0,5600,5562.135697575286,4579.026113962755,6771.963642910123,0.0
1790322312,16,,Aggregated,1.500000,0.000000,5500,5800,80000,80000,81000,81000,81000,81000,81000,81000,81000,144,0,5600,28812.55453664543,540.5745984891092,86410.24578688666,42.666666666666664
1790322313,16,POST,completion,0.500000,0.000000,81000,81000,81000,81000,81000,81000,81000,81000,81000,81000,81000,48,0,80000,80287.14252145922,74295.27038289234,86410.24578688666,128.0
1790322313,16,TPOT,completion,0.500000,0.000000,590,590,590,590,590,590,590,590,590,590,590,48,0,590,588.3853909018109,540.5745984891092,635.2120804798416,0.0
1790322313,16,TTFT,completion,0.500000,0.000000,5500,5500,5800,5800,5800,5800,5800,5800,5800,5800,5800,48,0,5600,5562.135697575286,4579.026113962755,6771.963642910123,0.0
1790322313,16,,Aggregated,1.500000,0.000000,5500,5800,80000,80000,81000,81000,81000,81000,81000,81000,81000,144,0,5600,28812.55453664543,540.5745984891092,86410.24578688666,42.666666666666664
1790322314,16,POST,completion,0.500000,0.000000,81000,81000,81000,81000,81000,81000,81000,81000,81000,81000,81000,48,0,80000,80287.14252145922,74295.27038289234,86410.24578688666,128.0
1790322314,16,TPOT,completion,0.500000,0.000000,590,590,590,590,590,590,590,590,590,590,590,48,0,590,588.3853909018109,540.5745984891092,635.2120804798416,0.0
1790322314,16,TTFT,completion,0.500000,0.000000,5500,5500,5800,5800,5800,5800,5800,5800,5800,5800,5800,48,0,5600,5562.135697575286,4579.026113962755,6771.963642910123,0.0
1790322314,16,,Aggregated,1.500000,0.000000,5500,5800,80000,80000,81000,81000,81000,81000,81000,81000,81000,144,0,5600,28812.55453664543,540.5745984891092,86410.24578688666,42.666666666666664
1790322315,16,POST,completion,0.500000,0.000000,80000,80000,81000,81000,81000,81000,81000,81000,81000,81000,81000,48,0,80000,80287.14252145922,74295.27038289234,86410.24578688666,128.0
1790322315,16,TPOT,completion,0.500000,0.000000,590,590,590,590,590,590,590,590,590,590,590,48,0,590,588.3853909018109,540.5745984891092,635.2120804798416,0.0
1790322315,16,TTFT,completion,0.500000,0.000000,5300,5300,5500,5500,5500,5500,5500,5500,5500,5500,5500,48,0,5600,5562.135697575286,4579.026113962755,6771.963642910123,0.0
1790322315,16,,Aggregated,1.500000,0.000000,5300,5500,80000,80000,81000,81000,81000,81000,81000,81000,81000,144,0,5600,28812.55453664543,540.5745984891092,86410.24578688666,42.666666666666664
1790322316,16,POST,completion,0.500000,0.000000,80000,80000,81000,81000,81000,81000,81000,81000,81000,81000,81000,48,0,80000,80287.14252145922,74295.27038289234,86410.24578688666,128.0
1790322316,16,TPOT,completion,0.500000,0.000000,590,590,590,590,590,590,590,590,590,590,590,48,0,590,588.3853909018109,540.5745984891092,635.2120804798416,0.0
1790322316,16,TTFT,completion,0.500000,0.000000,5300,5300,5500,5500,5500,5500,5500,5500,5500,5500,5500,48,0,5600,5562.135697575286,4579.026113962755,6771.963642910123,0.0
1790322316,16,,Aggregated,1.500000,0.000000,5300,5500,80000,80000,81000,81000,81000,81000,81000,81000,81000,144,0,5600,28812.55453664543,540.5745984891092,86410.24578688666,42.666666666666664
1790322317,16,POST,completion,0.500000,0.000000,80000,80000,81000,81000,81000,81000,81000,81000,81000,81000,81000,48,0,80000,80287.14252145922,74295.27038289234,86410.24578688666,128.0
1790322317,16,TPOT,completion,0.500000,0.000000,590,590,590,590,590,590,590,590,590,590,590,48,0,590,588.3853909018109,540.5745984891092,635.2120804798416,0.0
1790322317,16,TTFT,completion,0.500000,0.000000,5300,5300,5500,5500,5500,5500,5500,5500,5500,5500,5500,48,0,5600,5562.135697575286,4579.026113962755,6771.963642910123,0.0
1790322317,16,,Aggregated,1.500000,0.000000,5300,5500,80000,80000,81000,81000,81000,81000,81000,81000,81000,144,0,5600,28812.55453664543,540.5745984891092,86410.24578688666,42.666666666666664
1790322318,16,POST,completion,0.500000,0.000000,81000,81000,81000,81000,81000,81000,81000,81000,81000,81000,81000,48,0,80000,80287.14252145922,74295.27038289234,86410.24578688666,128.0
1790322318,16,TPOT,completion,0.500000,0.000000,590,590,590,590,590,590,590,590,590,590,590,48,0,590,588.3853909018109,540.5745984891092,635.2120804798416,0.0
1790322318,16,TTFT,completion,0.500000,0.000000,5500,5500,5500,5500,5500,5500,5500,5500,5500,5500,5500,48,0,5600,5562.135697575286,4579.026113962755,6771.963642910123,0.0
1790322318,16,,Aggregated,1.500000,0.000000,5500,5500,80000,80000,81000,81000,81000,81000,81000,81000,81000,144,0,5600,28812.55453664543,540.5745984891092,86410.24578688666,42.666666666666664
1790322319,16,POST,completion,0.500000,0.000000,81000,81000,81000,81000,81000,81000,81000,81000,81000,81000,81000,48,0,80000,80287.14252145922,74295.27038289234,86410.24578688666,128.0
1790322319,16,TPOT,completion,0.500000,0.000000,590,590,590,590,590,590,590,590,590,590,590,48,0,590,588.3853909018109,540.5745984891092,635.2120804798416,0.0
1790322319,16,TTFT,completion,0.500000,0.000000,5500,5500,5500,5500,5500,5500,5500,5500,5500,5500,5500,48,0,5600,5562.135697575286,4579.026113962755,6771.963642910123,0.0
1790322319,16,,Aggregated,1.500000,0.000000,5500,5500,81000,81000,81000,81000,81000,81000,81000,81000,81000,144,0,5600,28812.55453664543,540.5745984891092,86410.24578688666,42.666666666666664
1790322320,16,POST,completion,0.500000,0.000000,81000,81000,81000,81000,81000,81000,81000,81000,81000,81000,81000,48,0,80000,80287.14252145922,74295.27038289234,86410.24578688666,128.0
1790322320,16,TPOT,completion,0.500000,0.000000,590,590,590,590,590,590,590,590,590,590,590,48,0,590,588.3853909018109,540.5745984891092,635.2120804798416,0.0
1790322320,16,TTFT,completion,0.500000,0.000000,5500,5500,5500,5500,5500,5500,5500,5500,5500,5500,5500,48,0,5600,5562.135697575286,4579.026113962755,6771.963642910123,0.0
1790322320,16,,Aggregated,1.500000,0.000000,5500,5500,81000,81000,81000,81000,81000,81000,81000,81000,81000,144,0,5600,28812.55453664543,540.5745984891092,86410.24578688666,42.666666666666664
1790322321,16,POST,completion,0.500000,0.000000,81000,81000,81000,81000,81000,81000,81000,81000,81000,81000,81000,48,0,80000,80287.14252145922,74295.27038289234,86410.24578688666,128.0
1790322321,16,TPOT,completion,0.500000,0.000000,590,590,590,590,590,590,590,590,590,590,590,48,0,590,588.3853909018109,540.5745984891092,635.2120804798416,0.0
1790322321,16,TTFT,completion,0.500000,0.000000,5500,5500,5500,5500,5500,5500,5500,5500,5500,5500,5500,48,0,5600,5562.135697575286,4579.026113962755,6771.963642910123,0.0
1790322321,16,,Aggregated,1.500000,0.000000,5500,5500,81000,81000,81000,81000,81000,81000,81000,81000,81000,144,0,5600,28812.55453664543,540.5745984891092,86410.24578688666,42.666666666666664
1790322322,16,POST,completion,0.500000,0.000000,81000,81000,81000,81000,81000,81000,81000,81000,81000,81000,81000,48,0,80000,80287.14252145922,74295.27038289234,86410.24578688666,128.0
1790322322,16,TPOT,completion,0.500000,0.000000,590,590,590,590,590,590,590,590,590,590,590,48,0,590,588.3853909018109,540.5745984891092,635.2120804798416,0.0
1790322322,16,TTFT,completion,0.500000,0.000000,5500,5500,5500,5500,5500,5500,5500,5500,5500,5500,5500,48,0,5600,5562.135697575286,4579.026113962755,6771.963642910123,0.0
1790322322,16,,Aggregated,1.500000,0.000000,5500,5500,81000,81000,81000,81000,81000,81000,81000,81000,81000,144,0,5600,28812.55453664543,540.5745984891092,86410.24578688666,42.666666666666664
1790322323,16,POST,completion,0.500000,0.000000,81000,81000,81000,81000,81000,81000,81000,81000,81000,81000,81000,48,0,80000,80287.14252145922,74295.27038289234,86410.24578688666,128.0
1790322323,16,TPOT,completion,0.500000,0.000000,590,590,590,590,590,590,590,590,590,590,590,48,0,590,588.3853909018109,540.5745984891092,635.2120804798416,0.0
1790322323,16,TTFT,completion,0.500000,0.000000,5500,5500,5500,5500,5500,5500,5500,5500,5500,5500,5500,48,0,5600,5562.135697575286,4579.026113962755,6771.963642910123,0.0
1790322323,16,,Aggregated,1.500000,0.000000,5500,5500,81000,81000,81000,81000,81000,81000,81000,81000,81000,144,0,5600,28812.55453664543,540.5745984891092,86410.24578688666,42.666666666666664
1790322324,16,POST,completion,0.500000,0.000000,81000,81000,81000,81000,81000,81000,81000,81000,81000,81000,81000,48,0,80000,80287.14252145922,74295.27038289234,86410.24578688666,128.0
1790322324,16,TPOT,completion,0.500000,0.000000,590,590,590,590,590,590,590,590,590,590,590,48,0,590,588.3853909018109,540.5745984891092,635.2120804798416,0.0
1790322324,16,TTFT,completion,0.500000,0.000000,5500,5500,5500,5500,5500,5500,5500,5500,5500,5500,5500,48,0,5600,5562.135697575286,4579.026113962755,6771.963642910123,0.0
1790322324,16,,Aggregated,1.500000,0.000000,5500,5500,81000,81000,81000,81000,81000,81000,81000,81000,81000,144,0,5600,28812.55453664543,540.5745984891092,86410.24578688666,42.666666666666664
1790322325,16,POST,completion,0.500000,0.000000,81000,81000,81000,81000,81000,81000,81000,81000,81000,81000,81000,48,0,80000,80287.14252145922,74295.27038289234,86410.24578688666,128.0
1790322325,16,TPOT,completion,0.500000,0.000000,590,590,590,590,590,590,590,590,590,590,590,48,0,590,588.3853909018109,540.5745984891092,635.2120804798416,0.0
1790322325,16,TTFT,completion,0.500000,0.000000,5500,5500,5500,5500,5500,5500,5500,5500,5500,5500,5500,48,0,5600,5562.135697575286,4579.026113962755,6771.963642910123,0.0
1790322325,16,,Aggregated,1.500000,0.000000,5500,5500,81000,81000,81000,81000,81000,81000,81000,81000,81000,144,0,5600,28812.55453664543,540.5745984891092,86410.24578688666,42.666666666666664
1790322326,16,POST,completion,0.500000,0.000000,81000,81000,81000,81000,81000,81000,81000,81000,81000,81000,81000,48,0,80000,80287.14252145922,74295.27038289234,86410.24578688666,128.0
1790322326,16,TPOT,completion,0.500000,0.000000,590,590,590,590,590,590,590,590,590,590,590,48,0,590,588.3853909018109,540.5745984891092,635.2120804798416,0.0
1790322326,16,TTFT,completion,0.500000,0.000000,5500,5500,5500,5500,5500,5500,5500,5500,5500,5500,5500,48,0,5600,5562.135697575286,4579.026113962755,6771.963642910123,0.0
1790322326,16,,Aggregated,1.500000,0.000000,5500,5500,81000,81000,81000,81000,81000,81000,81000,81000,81000,144,0,5600,28812.55453664543,540.5745984891092,86410.24578688666,42.666666666666664
1790322327,16,POST,completion,0.500000,0.000000,81000,81000,81000,81000,81000,81000,81000,81000,81000,81000,81000,48,0,80000,80287.14252145922,74295.27038289234,86410.24578688666,128.0
1790322327,16,TPOT,completion,0.500000,0.000000,590,590,590,590,590,590,590,590,590,590,590,48,0,590,588.3853909018109,540.5745984891092,635.2120804798416,0.0
1790322327,16,TTFT,completion,0.500000,0.000000,5500,5500,5500,5500,5500,5500,5500,5500,5500,5500,5500,48,0,5600,5562.135697575286,4579.026113962755,6771.963642910123,0.0
1790322327,16,,Aggregated,1.500000,0.000000,5500,5500,81000,81000,81000,81000,81000,81000,81000,81000,81000,144,0,5600,28812.55453664543,540.5745984891092,86410.24578688666,42.666666666666664
1790322328,16,POST,completion,0.500000,0.000000,0,0,0,0,0,0,0,0,0,0,0,48,0,80000,80287.14252145922,74295.27038289234,86410.24578688666,128.0
1790322328,16,TPOT,completion,0.500000,0.000000,0,0,0,0,0,0,0,0,0,0,0,48,0,590,588.3853909018109,540.5745984891092,635.2120804798416,0.0
1790322328,16,TTFT,completion,0.500000,0.000000,0,0,0,0,0,0,0,0,0,0,0,48,0,5600,5562.135697575286,4579.026113962755,6771.963642910123,0.0
1790322328,16,,Aggregated,1.500000,0.000000,0,0,0,0,0,0,0,0,0,0,0,144,0,5600,28812.55453664543,540.5745984891092,86410.24578688666,42.666666666666664
1790322329,16,POST,completion,0.500000,0.000000,0,0,0,0,0,0,0,0,0,0,0,48,0,80000,80287.14252145922,74295.27038289234,86410.24578688666,128.0
1790322329,16,TPOT,completion,0.500000,0.000000,0,0,0,0,0,0,0,0,0,0,0,48,0,590,588.3853909018109,540.5745984891092,635.2120804798416,0.0
1790322329,16,TTFT,completion,0.500000,0.000000,0,0,0,0,0,0,0,0,0,0,0,48,0,5600,5562.135697575286,4579.026113962755,6771.963642910123,0.0
1790322329,16,,Aggregated,1.500000,0.000000,0,0,0,0,0,0,0,0,0,0,0,144,0,5600,28812.55453664543,540.5745984891092,86410.24578688666,42.666666666666664
1790322330,16,POST,completion,0.500000,0.000000,0,0,0,0,0,0,0,0,0,0,0,48,0,80000,80287.14252145922,74295.27038289234,86410.24578688666,128.0
1790322330,16,TPOT,completion,0.500000,0.000000,0,0,0,0,0,0,0,0,0,0,0,48,0,590,588.3853909018109,540.5745984891092,635.2120804798416,0.0
1790322330,16,TTFT,completion,0.500000,0.000000,0,0,0,0,0,0,0,0,0,0,0,48,0,5600,5562.135697575286,4579.026113962755,6771.963642910123,0.0
1790322330,16,,Aggregated,1.500000,0.000000,0,0,0,0,0,0,0,0,0,0,0,144,0,5600,28812.55453664543,540.5745984891092,86410.24578688666,42.666666666666664
1790322331,16,POST,completion,0.500000,0.000000,0,0,0,0,0,0,0,0,0,0,0,48,0,80000,80287.14252145922,74295.27038289234,86410.24578688666,128.0
1790322331,16,TPOT,completion,0.500000,0.000000,0,0,0,0,0,0,0,0,0,0,0,48,0,590,588.3853909018109,540.5745984891092,635.2120804798416,0.0
1790322331,16,TTFT,completion,0.500000,0.000000,0,0,0,0,0,0,0,0,0,0,0,48,0,5600,5562.135697575286,4579.026113962755,6771.963642910123,0.0
1790322331,16,,Aggregated,1.500000,0.000000,0,0,0,0,0,0,0,0,0,0,0,144,0,5600,28812.55453664543,540.5745984891092,86410.24578688666,42.666666666666664
1790322332,16,POST,completion,0.500000,0.000000,0,0,0,0,0,0,0,0,0,0,0,48,0,80000,80287.14252145922,74295.27038289234,86410.24578688666,128.0
1790322332,16,TPOT,completion,0.500000,0.000000,0,0,0,0,0,0,0,0,0,0,0,48,0,590,588.3853909018109,540.5745984891092,635.2120804798416,0.0
1790322332,16,TTFT,completion,0.500000,0.000000,0,0,0,0,0,0,0,0,0,0,0,48,0,5600,5562.135697575286,4579.026113962755,6771.963642910123,0.0
1790322332,16,,Aggregated,1.500000,0.000000,0,0,0,0,0,0,0,0,0,0,0,144,0,5600,28812.55453664543,540.5745984891092,86410.24578688666,42.666666666666664
1790322333,16,POST,completion,0.500000,0.000000,0,0,0,0,0,0,0,0,0,0,0,48,0,80000,80287.14252145922,74295.27038289234,86410.24578688666,128.0
1790322333,16,TPOT,completion,0.500000,0.000000,0,0,0,0,0,0,0,0,0,0,0,48,0,590,588.3853909018109,540.5745984891092,635.2120804798416,0.0
1790322333,16,TTFT,completion,0.500000,0.000000,0,0,0,0,0,0,0,0,0,0,0,48,0,5600,5562.135697575286,4579.026113962755,6771.963642910123,0.0
1790322333,16,,Aggregated,1.500000,0.000000,0,0,0,0,0,0,0,0,0,0,0,144,0,5600,28812.55453664543,540.5745984891092,86410.24578688666,42.666666666666664
