Timestamp,User Count,Type,Name,Requests/s,Failures/s,50%,66%,75%,80%,90%,95%,98%,99%,99.9%,99.99%,100%,Total Request Count,Total Failure Count,Total Median Response Time,Total Average Response Time,Total Min Response Time,Total Max Response Time,Total Average Content Size
1790321371,0,,Aggregated,0.000000,0.000000,N/A,N/A,N/A,N/A,N/A,N/A,N/A,N/A,N/A,N/A,N/A,0,0,0,0.0,0,0,0
1790321372,1,,Aggregated,0.000000,0.000000,N/A,N/A,N/A,N/A,N/A,N/A,N/A,N/A,N/A,N/A,N/A,0,0,0,0.0,0,0,0
1790321373,2,,Aggregated,0.000000,0.000000,N/A,N/A,N/A,N/A,N/A,N/A,N/A,N/A,N/A,N/A,N/A,0,0,0,0.0,0,0,0
1790321374,3,,Aggregated,0.000000,0.000000,N/A,N/A,N/A,N/A,N/A,N/A,N/A,N/A,N/A,N/A,N/A,0,0,0,0.0,0,0,0
1790321375,4,,Aggregated,0.000000,0.000000,N/A,N/A,N/A,N/A,N/A,N/A,N/A,N/A,N/A,N/A,N/A,0,0,0,0.0,0,0,0
1790321376,5,,Aggregated,0.000000,0.000000,N/A,N/A,N/A,N/A,N/A,N/A,N/A,N/A,N/A,N/A,N/A,0,0,0,0.0,0,0,0
1790321377,6,,Aggregated,0.000000,0.000000,N/A,N/A,N/A,N/A,N/A,N/A,N/A,N/A,N/A,N/A,N/A,0,0,0,0.0,0,0,0
1790321378,7,,Aggregated,0.000000,0.000000,N/A,N/A,N/A,N/A,N/A,N/A,N/A,N/A,N/A,N/A,N/A,0,0,0,0.0,0,0,0
1790321379,8,,Aggregated,0.000000,0.000000,N/A,N/A,N/A,N/A,N/A,N/A,N/A,N/A,N/A,N/A,N/A,0,0,0,0.0,0,0,0
1790321380,8,,Aggregated,0.000000,0.000000,N/A,N/A,N/A,N/A,N/A,N/A,N/A,N/A,N/A,N/A,N/A,0,0,0,0.0,0,0,0
1790321381,8,,Aggregated,0.000000,0.000000,N/A,N/A,N/A,N/A,N/A,N/A,N/A,N/A,N/A,N/A,N/A,0,0,0,0.0,0,0,0
1790321382,8,,Aggregated,0.000000,0.000000,N/A,N/A,N/A,N/A,N/A,N/A,N/A,N/A,N/A,N/A,N/A,0,0,0,0.0,0,0,0
1790321383,8,,Aggregated,0.000000,0.000000,N/A,N/A,N/A,N/A,N/A,N/A,N/A,N/A,N/A,N/A,N/A,0,0,0,0.0,0,0,0
1790321384,8,,Aggregated,0.000000,0.000000,N/A,N/A,N/A,N/A,N/A,N/A,N/A,N/A,N/A,N/A,N/A,0,0,0,0.0,0,0,0
1790321385,8,,Aggregated,0.000000,0.000000,N/A,N/A,N/A,N/A,N/A,N/A,N/A,N/A,N/A,N/A,N/A,0,0,0,0.0,0,0,0
1790321386,8,,Aggregated,0.000000,0.000000,N/A,N/A,N/A,N/A,N/A,N/A,N/A,N/A,N/A,N/A,N/A,0,0,0,0.0,0,0,0
1790321387,8,,Aggregated,0.000000,0.000000,N/A,N/A,N/A,N/A,N/A,N/A,N/A,N/A,N/A,N/A,N/A,0,0,0,0.0,0,0,0
1790321388,8,,Aggregated,0.000000,0.000000,N/A,N/A,N/A,N/A,N/A,N/A,N/A,N/A,N/A,N/A,N/A,0,0,0,0.0,0,0,0
1790321389,8,,Aggregated,0.000000,0.000000,N/A,N/A,N/A,N/A,N/A,N/A,N/A,N/A,N/A,N/A,N/A,0,0,0,0.0,0,0,0
1790321390,8,,Aggregated,0.000000,0.000000,N/A,N/A,N/A,N/A,N/A,N/A,N/A,N/A,N/A,N/A,N/A,0,0,0,0.0,0,0,0
1790321391,8,,Aggregated,0.000000,0.000000,N/A,N/A,N/A,N/A,N/A,N/A,N/A,N/A,N/A,N/A,N/A,0,0,0,0.0,0,0,0
1790321392,8,,Aggregated,0.000000,0.000000,N/A,N/A,N/A,N/A,N/A,N/A,N/A,N/A,N/A,N/A,N/A,0,0,0,0.0,0,0,0
1790321393,8,,Aggregated,0.000000,0.000000,N/A,N/A,N/A,N/A,N/A,N/A,N/A,N/A,N/A,N/A,N/A,0,0,0,0.0,0,0,0
1790321394,8,,Aggregated,0.000000,0.000000,N/A,N/A,N/A,N/A,N/A,N/A,N/A,N/A,N/A,N/A,N/A,0,0,0,0.0,0,0,0
1790321395,8,,Aggregated,0.000000,0.000000,N/A,N/A,N/A,N/A,N/A,N/A,N/A,N/A,N/A,N/A,N/A,0,0,0,0.0,0,0,0
1790321396,8,,Aggregated,0.000000,0.000000,N/A,N/A,N/A,N/A,N/A,N/A,N/A,N/A,N/A,N/A,N/A,0,0,0,0.0,0,0,0
1790321397,8,,Aggregated,0.000000,0.000000,N/A,N/A,N/A,N/A,N/A,N/A,N/A,N/A,N/A,N/A,N/A,0,0,0,0.0,0,0,0
1790321398,8,,Aggregated,0.000000,0.000000,N/A,N/A,N/A,N/A,N/A,N/A,N/A,N/A,N/A,N/A,N/A,0,0,0,0.0,0,0,0
1790321399,8,,Aggregated,0.000000,0.000000,N/A,N/A,N/A,N/A,N/A,N/A,N/A,N/A,N/A,N/A,N/A,0,0,0,0.0,0,0,0
1790321400,8,,Aggregated,0.000000,0.000000,N/A,N/A,N/A,N/A,N/A,N/A,N/A,N/A,N/A,N/A,N/A,0,0,0,0.0,0,0,0
1790321401,8,,Aggregated,0.000000,0.000000,N/A,N/A,N/A,N/A,N/A,N/A,N/A,N/A,N/A,N/A,N/A,0,0,0,0.0,0,0,0
1790321402,8,,Aggregated,0.000000,0.000000,N/A,N/A,N/A,N/A,N/A,N/A,N/A,N/A,N/A,N/A,N/A,0,0,0,0.0,0,0,0
1790321403,8,,Aggregated,0.000000,0.000000,N/A,N/A,N/A,N/A,N/A,N/A,N/A,N/A,N/A,N/A,N/A,0,0,0,0.0,0,0,0
1790321404,8,,Aggregated,0.000000,0.000000,N/A,N/A,N/A,N/A,N/A,N/A,N/A,N/A,N/A,N/A,N/A,0,0,0,0.0,0,0,0
1790321405,8,,Aggregated,0.000000,0.000000,N/A,N/A,N/A,N/A,N/A,N/A,N/A,N/A,N/A,N/A,N/A,0,0,0,0.0,0,0,0
1790321406,8,,Aggregated,0.000000,0.000000,N/A,N/A,N/A,N/A,N/A,N/A,N/A,N/A,N/A,N/A,N/A,0,0,0,0.0,0,0,0
1790321407,8,,Aggregated,0.000000,0.000000,N/A,N/A,N/A,N/A,N/A,N/A,N/A,N/A,N/A,N/A,N/A,0,0,0,0.0,0,0,0
1790321408,8,,Aggregated,0.000000,0.000000,N/A,N/A,N/A,N/A,N/A,N/A,N/A,N/A,N/A,N/A,N/A,0,0,0,0.0,0,0,0
1790321409,8,,Aggregated,0.000000,0.000000,N/A,N/A,N/A,N/A,N/A,N/A,N/A,N/A,N/A,N/A,N/A,0,0,0,0.0,0,0,0
1790321410,8,,Aggregated,0.000000,0.000000,N/A,N/A,N/A,N/A,N/A,N/A,N/A,N/A,N/A,N/A,N/A,0,0,0,0.0,0,0,0
1790321411,8,,Aggregated,0.000000,0.000000,N/A,N/A,N/A,N/A,N/A,N/A,N/A,N/A,N/A,N/A,N/A,0,0,0,0.0,0,0,0
1790321412,8,,Aggregated,0.000000,0.000000,N/A,N/A,N/A,N/A,N/A,N/A,N/A,N/A,N/A,N/A,N/A,0,0,0,0.0,0,0,0
1790321413,8,,Aggregated,0.000000,0.000000,N/A,N/A,N/A,N/A,N/A,N/A,N/A,N/A,N/A,N/A,N/A,0,0,0,0.0,0,0,0
1790321414,8,,Aggregated,0.000000,0.000000,N/A,N/A,N/A,N/A,N/A,N/A,N/A,N/A,N/A,N/A,N/A,0,0,0,0.0,0,0,0
1790321415,8,,Aggregated,0.000000,0.000000,N/A,N/A,N/A,N/A,N/A,N/A,N/A,N/A,N/A,N/A,N/A,0,0,0,0.0,0,0,0
1790321416,8,,Aggregated,0.000000,0.000000,N/A,N/A,N/A,N/A,N/A,N/A,N/A,N/A,N/A,N/A,N/A,0,0,0,0.0,0,0,0
1790321417,8,,Aggregated,0.000000,0.000000,N/A,N/A,N/A,N/A,N/A,N/A,N/A,N/A,N/A,N/A,N/A,0,0,0,0.0,0,0,0
1790321418,8,,Aggregated,0.000000,0.000000,N/A,N/A,N/A,N/A,N/A,N/A,N/A,N/A,N/A,N/A,N/A,0,0,0,0.0,0,0,0
1790321419,8,,Aggregated,0.000000,0.000000,N/A,N/A,N/A,N/A,N/A,N/A,N/A,N/A,N/A,N/A,N/A,0,0,0,0.0,0,0,0
1790321420,8,,Aggregated,0.000000,0.000000,N/A,N/A,N/A,N/A,N/A,N/A,N/A,N/A,N/A,N/A,N/A,0,0,0,0.0,0,0,0
1790321421,8,,Aggregated,0.000000,0.000000,N/A,N/A,N/A,N/A,N/A,N/A,N/A,N/A,N/A,N/A,N/A,0,0,0,0.0,0,0,0
1790321422,8,,Aggregated,0.000000,0.000000,N/A,N/A,N/A,N/A,N/A,N/A,N/A,N/A,N/A,N/A,N/A,0,0,0,0.0,0,0,0
1790321423,8,,Aggregated,0.000000,0.000000,N/A,N/A,N/A,N/A,N/A,N/A,N/A,N/A,N/A,N/A,N/A,0,0,0,0.0,0,0,0
1790321424,8,,Aggregated,0.000000,0.000000,N/A,N/A,N/A,N/A,N/A,N/A,N/A,N/A,N/A,N/A,N/A,0,0,0,0.0,0,0,0
1790321425,8,,Aggregated,0.000000,0.000000,N/A,N/A,N/A,N/A,N/A,N/A,N/A,N/A,N/A,N/A,N/A,0,0,0,0.0,0,0,0
1790321426,8,,Aggregated,0.000000,0.000000,N/A,N/A,N/A,N/A,N/A,N/A,N/A,N/A,N/A,N/A,N/A,0,0,0,0.0,0,0,0
1790321427,8,,Aggregated,0.000000,0.000000,N/A,N/A,N/A,N/A,N/A,N/A,N/A,N/A,N/A,N/A,N/A,0,0,0,0.0,0,0,0
1790321428,8,,Aggregated,0.000000,0.000000,N/A,N/A,N/A,N/A,N/A,N/A,N/A,N/A,N/A,N/A,N/A,0,0,0,0.0,0,0,0
1790321429,8,,Aggregated,0.000000,0.000000,N/A,N/A,N/A,N/A,N/A,N/A,N/A,N/A,N/A,N/A,N/A,0,0,0,0.0,0,0,0
1790321430,8,,Aggregated,0.000000,0.000000,N/A,N/A,N/A,N/A,N/A,N/A,N/A,N/A,N/A,N/A,N/A,0,0,0,0.0,0,0,0
1790321431,8,,Aggregated,0.000000,0.000000,N/A,N/A,N/A,N/A,N/A,N/A,N/A,N/A,N/A,N/A,N/A,0,0,0,0.0,0,0,0
1790321432,8,,Aggregated,0.000000,0.000000,N/A,N/A,N/A,N/A,N/A,N/A,N/A,N/A,N/A,N/A,N/A,0,0,0,0.0,0,0,0
1790321433,8,,Aggregated,0.000000,0.000000,N/A,N/A,N/A,N/A,N/A,N/A,N/A,N/A,N/A,N/A,N/A,0,0,0,0.0,0,0,0
1790321434,8,,Aggregated,0.000000,0.000000,N/A,N/A,N/A,N/A,N/A,N/A,N/A,N/A,N/A,N/A,N/A,0,0,0,0.0,0,0,0
1790321435,8,,Aggregated,0.000000,0.000000,N/A,N/A,N/A,N/A,N/A,N/A,N/A,N/A,N/A,N/A,N/A,0,0,0,0.0,0,0,0
1790321436,8,,Aggregated,0.000000,0.000000,N/A,N/A,N/A,N/A,N/A,N/A,N/A,N/A,N/A,N/A,N/A,0,0,0,0.0,0,0,0
1790321437,8,,Aggregated,0.000000,0.000000,N/A,N/A,N/A,N/A,N/A,N/A,N/A,N/A,N/A,N/A,N/A,0,0,0,0.0,0,0,0
1790321438,8,,Aggregated,0.000000,0.000000,N/A,N/A,N/A,N/A,N/A,N/A,N/A,N/A,N/A,N/A,N/A,0,0,0,0.0,0,0,0
1790321439,8,,Aggregated,0.000000,0.000000,N/A,N/A,N/A,N/A,N/A,N/A,N/A,N/A,N/A,N/A,N/A,0,0,0,0.0,0,0,0
1790321440,8,POST,completion,0.000000,0.000000,0,0,0,0,0,0,0,0,0,0,0,2,0,64000,63854.098761919886,63452.07298686728,64256.12453697249,128.0
1790321440,8,TPOT,completion,0.000000,0.000000,0,0,0,0,0,0,0,0,0,0,0,2,0,469.090946983018,466.4752310660748,463.85951514913165,469.090946983018,0.0
1790321440,8,TTFT,completion,0.000000,0.000000,0,0,0,0,0,0,0,0,0,0,0,2,0,4681.504503125325,4611.675996566191,4541.847490007058,4681.504503125325,0.0
1790321440,8,,Aggregated,0.000000,0.000000,0,0,0,0,0,0,0,0,0,0,0,6,0,4700,22977.41666318405,463.85951514913165,64256.12453697249,42.666666666666664
1790321442,8,POST,completion,0.000000,0.000000,64000,64000,64000,64000,64000,64000,64000,64000,64000,64000,64000,2,0,64000,63854.098761919886,63452.07298686728,64256.12453697249,128.0
1790321442,8,TPOT,completion,0.000000,0.000000,470,470,470,470,470,470,470,470,470,470,470,2,0,469.090946983018,466.4752310660748,463.85951514913165,469.090946983018,0.0
1790321442,8,TTFT,completion,0.000000,0.000000,4700,4700,4700,4700,4700,4700,4700,4700,4700,4700,4700,2,0,4681.504503125325,4611.675996566191,4541.847490007058,4681.504503125325,0.0
1790321442,8,,Aggregated,0.000000,0.000000,0,0,0,0,0,0,0,0,0,0,0,6,0,4700,22977.41666318405,463.85951514913165,64256.12453697249,42.666666666666664
1790321443,8,POST,completion,0.000000,0.000000,64000,64000,64000,64000,64000,64000,64000,64000,64000,64000,64000,2,0,64000,63854.098761919886,63452.07298686728,64256.12453697249,128.0
1790321443,8,TPOT,completion,0.000000,0.000000,470,470,470,470,470,470,470,470,470,470,470,2,0,469.090946983018,466.4752310660748,463.85951514913165,469.090946983018,0.0
1790321443,8,TTFT,completion,0.000000,0.000000,4700,4700,4700,4700,4700,4700,4700,4700,4700,4700,4700,2,0,4681.504503125325,4611.675996566191,4541.847490007058,4681.504503125325,0.0
1790321443,8,,Aggregated,0.000000,0.000000,0,0,0,0,0,0,0,0,0,0,0,6,0,4700,22977.41666318405,463.85951514913165,64256.12453697249,42.666666666666664
1790321444,8,POST,completion,0.000000,0.000000,64000,64000,64000,64000,64000,64000,64000,64000,64000,64000,64000,2,0,64000,63854.098761919886,63452.07298686728,64256.12453697249,128.0
1790321444,8,TPOT,completion,0.000000,0.000000,470,470,470,470,470,470,470,470,470,470,470,2,0,469.090946983018,466.4752310660748,463.85951514913165,469.090946983018,0.0
1790321444,8,TTFT,completion,0.000000,0.000000,4700,4700,4700,4700,4700,4700,4700,4700,4700,4700,4700,2,0,4681.504503125325,4611.675996566191,4541.847490007058,4681.504503125325,0.0
1790321444,8,,Aggregated,0.000000,0.000000,0,0,0,0,0,0,0,0,0,0,0,6,0,4700,22977.41666318405,463.85951514913165,64256.12453697249,42.666666666666664
1790321445,8,POST,completion,0.000000,0.000000,64000,64000,64000,64000,64000,64000,64000,64000,64000,64000,64000,2,0,64000,63854.098761919886,63452.07298686728,64256.12453697249,128.0
1790321445,8,TPOT,completion,0.000000,0.000000,470,470,470,470,470,470,470,470,470,470,470,2,0,469.090946983018,466.4752310660748,463.85951514913165,469.090946983018,0.0
1790321445,8,TTFT,completion,0.000000,0.000000,4700,4700,4700,4700,4700,4700,4700,4700,4700,4700,4700,2,0,4681.504503125325,4611.675996566191,4541.847490007058,4681.504503125325,0.0
1790321445,8,,Aggregated,0.000000,0.000000,0,0,0,0,0,0,0,0,0,0,0,6,0,4700,22977.41666318405,463.85951514913165,64256.12453697249,42.666666666666664
1790321446,8,POST,completion,0.000000,0.000000,64000,64000,64000,64000,64000,64000,64000,64000,64000,64000,64000,2,0,64000,63854.098761919886,63452.07298686728,64256.12453697249,128.0
1790321446,8,TPOT,completion,0.000000,0.000000,470,470,470,470,470,470,470,470,470,470,470,2,0,469.090946983018,466.4752310660748,463.85951514913165,469.090946983018,0.0
1790321446,8,TTFT,completion,0.000000,0.000000,4700,4700,4700,4700,4700,4700,4700,4700,4700,4700,4700,2,0,4681.504503125325,4611.675996566191,4541.847490007058,4681.504503125325,0.0
1790321446,8,,Aggregated,0.000000,0.000000,0,0,0,0,0,0,0,0,0,0,0,6,0,4700,22977.41666318405,463.85951514913165,64256.12453697249,42.666666666666664
1790321447,8,POST,completion,0.000000,0.000000,64000,64000,64000,64000,64000,64000,64000,64000,64000,64000,64000,2,0,64000,63854.098761919886,63452.07298686728,64256.12453697249,128.0
1790321447,8,TPOT,completion,0.000000,0.000000,470,470,470,470,470,470,470,470,470,470,470,2,0,469.090946983018,466.4752310660748,463.85951514913165,469.090946983018,0.0
1790321447,8,TTFT,completion,0.000000,0.000000,4700,4700,4700,4700,4700,4700,4700,4700,4700,4700,4700,2,0,4681.504503125325,4611.675996566191,4541.847490007058,4681.504503125325,0.0
1790321447,8,,Aggregated,0.000000,0.000000,0,0,0,0,0,0,0,0,0,0,0,6,0,4700,22977.41666318405,463.85951514913165,64256.12453697249,42.666666666666664
1790321448,8,POST,completion,0.000000,0.000000,64000,64000,64000,64000,64000,64000,64000,64000,64000,64000,64000,2,0,64000,63854.098761919886,63452.07298686728,64256.12453697249,128.0
1790321448,8,TPOT,completion,0.000000,0.000000,470,470,470,470,470,470,470,470,470,470,470,2,0,469.090946983018,466.4752310660748,463.85951514913165,469.090946983018,0.0
1790321448,8,TTFT,completion,0.000000,0.000000,4700,4700,4700,4700,4700,4700,4700,4700,4700,4700,4700,2,0,4681.504503125325,4611.675996566191,4541.847490007058,4681.504503125325,0.0
1790321448,8,,Aggregated,0.000000,0.000000,0,0,0,0,0,0,0,0,0,0,0,6,0,4700,22977.41666318405,463.85951514913165,64256.12453697249,42.666666666666664
1790321449,8,POST,completion,0.000000,0.000000,64000,64000,64000,64000,64000,64000,64000,64000,64000,64000,64000,2,0,64000,63854.098761919886,63452.07298686728,64256.12453697249,128.0
1790321449,8,TPOT,completion,0.000000,0.000000,470,470,470,470,470,470,470,470,470,470,470,2,0,469.090946983018,466.4752310660748,463.85951514913165,469.090946983018,0.0
1790321449,8,TTFT,completion,0.000000,0.000000,4700,4700,4700,4700,4700,4700,4700,4700,4700,4700,4700,2,0,4681.504503125325,4611.675996566191,4541.847490007058,4681.504503125325,0.0
1790321449,8,,Aggregated,0.000000,0.000000,0,0,0,0,0,0,0,0,0,0,0,6,0,4700,22977.41666318405,463.85951514913165,64256.12453697249,42.666666666666664
1790321450,8,POST,completion,0.000000,0.000000,64000,64000,64000,64000,64000,64000,64000,64000,64000,64000,64000,2,0,64000,63854.098761919886,63452.07298686728,64256.12453697249,128.0
1790321450,8,TPOT,completion,0.000000,0.000000,470,470,470,470,470,470,470,470,470,470,470,2,0,469.090946983018,466.4752310660748,463.85951514913165,469.090946983018,0.0
1790321450,8,TTFT,completion,0.000000,0.000000,4700,4700,4700,4700,4700,4700,4700,4700,4700,4700,4700,2,0,4681.504503125325,4611.675996566191,4541.847490007058,4681.504503125325,0.0
1790321450,8,,Aggregated,0.000000,0.000000,0,0,0,0,0,0,0,0,0,0,0,6,0,4700,22977.41666318405,463.85951514913165,64256.12453697249,42.666666666666664
1790321451,8,POST,completion,0.000000,0.000000,64000,64000,64000,64000,64000,64000,64000,64000,64000,64000,64000,2,0,64000,63854.098761919886,63452.07298686728,64256.12453697249,128.0
1790321451,8,TPOT,completion,0.000000,0.000000,470,470,470,470,470,470,470,470,470,470,470,2,0,469.090946983018,466.4752310660748,463.85951514913165,469.090946983018,0.0
1790321451,8,TTFT,completion,0.000000,0.000000,4700,4700,4700,4700,4700,4700,4700,4700,4700,4700,4700,2,0,4681.504503125325,4611.675996566191,4541.847490007058,4681.504503125325,0.0
1790321451,8,,Aggregated,0.000000,0.000000,0,0,0,0,0,0,0,0,0,0,0,6,0,4700,22977.41666318405,463.85951514913165,64256.12453697249,42.666666666666664
1790321452,8,POST,completion,0.000000,0.000000,64000,64000,64000,64000,64000,64000,64000,64000,64000,64000,64000,2,0,64000,63854.098761919886,63452.07298686728,64256.12453697249,128.0
1790321452,8,TPOT,completion,0.000000,0.000000,470,470,470,470,470,470,470,470,470,470,470,2,0,469.090946983018,466.4752310660748,463.85951514913165,469.090946983018,0.0
1790321452,8,TTFT,completion,0.000000,0.000000,4700,4700,4700,4700,4700,4700,4700,4700,4700,4700,4700,2,0,4681.504503125325,4611.675996566191,4541.847490007058,4681.504503125325,0.0
1790321452,8,,Aggregated,0.000000,0.000000,0,0,0,0,0,0,0,0,0,0,0,6,0,4700,22977.41666318405,463.85951514913165,64256.12453697249,42.666666666666664
1790321453,8,POST,completion,0.000000,0.000000,64000,64000,64000,64000,64000,64000,64000,64000,64000,64000,64000,2,0,64000,63854.098761919886,63452.07298686728,64256.12453697249,128.0
1790321453,8,TPOT,completion,0.000000,0.000000,470,470,470,470,470,470,470,470,470,470,470,2,0,469.090946983018,466.4752310660748,463.85951514913165,469.090946983018,0.0
1790321453,8,TTFT,completion,0.000000,0.000000,4700,4700,4700,4700,4700,4700,4700,4700,4700,4700,4700,2,0,4681.504503125325,4611.675996566191,4541.847490007058,4681.504503125325,0.0
1790321453,8,,Aggregated,0.000000,0.000000,0,0,0,0,0,0,0,0,0,0,0,6,0,4700,22977.41666318405,463.85951514913165,64256.12453697249,42.666666666666664
1790321454,8,POST,completion,0.000000,0.000000,64000,64000,68000,68000,68000,68000,68000,68000,68000,68000,68000,3,0,64000,65135.99264256967,63452.07298686728,67699.78040386923,128.0
1790321454,8,TPOT,completion,0.000000,0.000000,470,470,500,500,500,500,500,500,500,500,500,3,0,470,476.1782279176994,463.85951514913165,495.58422162094865,0.0
1790321454,8,TTFT,completion,0.000000,0.000000,4700,4700,4800,4800,4800,4800,4800,4800,4800,4800,4800,3,0,4700,4661.290353707348,4541.847490007058,4760.519067989662,0.0
1790321454,8,,Aggregated,0.000000,0.000000,4800,4800,68000,68000,68000,68000,68000,68000,68000,68000,68000,9,0,4700,23424.487074731573,463.85951514913165,67699.78040386923,42.666666666666664
1790321455,8,POST,completion,0.000000,0.000000,64000,64000,68000,68000,68000,68000,68000,68000,68000,68000,68000,3,0,64000,65135.99264256967,63452.07298686728,67699.78040386923,128.0
1790321455,8,TPOT,completion,0.000000,0.000000,470,470,500,500,500,500,500,500,500,500,500,3,0,470,476.1782279176994,463.85951514913165,495.58422162094865,0.0
1790321455,8,TTFT,completion,0.000000,0.000000,4700,4700,4800,4800,4800,4800,4800,4800,4800,4800,4800,3,0,4700,4661.290353707348,4541.847490007058,4760.519067989662,0.0
1790321455,8,,Aggregated,0.000000,0.000000,4800,4800,68000,68000,68000,68000,68000,68000,68000,68000,68000,9,0,4700,23424.487074731573,463.85951514913165,67699.78040386923,42.666666666666664
1790321456,8,POST,completion,0.000000,0.000000,64000,64000,68000,68000,68000,68000,68000,68000,68000,68000,68000,3,0,64000,65135.99264256967,63452.07298686728,67699.78040386923,128.0
1790321456,8,TPOT,completion,0.000000,0.000000,470,470,500,500,500,500,500,500,500,500,500,3,0,470,476.1782279176994,463.85951514913165,495.58422162094865,0.0
1790321456,8,TTFT,completion,0.000000,0.000000,4700,4700,4800,4800,4800,4800,4800,4800,4800,4800,4800,3,0,4700,4661.290353707348,4541.847490007058,4760.519067989662,0.0
1790321456,8,,Aggregated,0.000000,0.000000,4800,4800,68000,68000,68000,68000,68000,68000,68000,68000,68000,9,0,4700,23424.487074731573,463.85951514913165,67699.78040386923,42.666666666666664
1790321457,8,POST,completion,0.000000,0.000000,68000,68000,68000,68000,68000,68000,68000,68000,68000,68000,68000,3,0,64000,65135.99264256967,63452.07298686728,67699.78040386923,128.0
1790321457,8,TPOT,completion,0.000000,0.000000,500,500,500,500,500,500,500,500,500,500,500,3,0,470,476.1782279176994,463.85951514913165,495.58422162094865,0.0
1790321457,8,TTFT,completion,0.000000,0.000000,4800,4800,4800,4800,4800,4800,4800,4800,4800,4800,4800,3,0,4700,4661.290353707348,4541.847490007058,4760.519067989662,0.0
1790321457,8,,Aggregated,0.000000,0.000000,4800,4800,68000,68000,68000,68000,68000,68000,68000,68000,68000,9,0,4700,23424.487074731573,463.85951514913165,67699.78040386923,42.666666666666664
1790321458,8,POST,completion,0.000000,0.000000,68000,68000,68000,68000,68000,68000,68000,68000,68000,68000,68000,3,0,64000,65135.99264256967,63452.07298686728,67699.78040386923,128.0
1790321458,8,TPOT,completion,0.000000,0.000000,500,500,500,500,500,500,500,500,500,500,500,3,0,470,476.1782279176994,463.85951514913165,495.58422162094865,0.0
1790321458,8,TTFT,completion,0.000000,0.000000,4800,4800,4800,4800,4800,4800,4800,4800,4800,4800,4800,3,0,4700,4661.290353707348,4541.847490007058,4760.519067989662,0.0
1790321458,8,,Aggregated,0.000000,0.000000,4800,4800,68000,68000,68000,68000,68000,68000,68000,68000,68000,9,0,4700,23424.487074731573,463.85951514913165,67699.78040386923,42.666666666666664
1790321459,8,POST,completion,0.000000,0.000000,68000,68000,68000,68000,68000,68000,68000,68000,68000,68000,68000,3,0,64000,65135.99264256967,63452.07298686728,67699.78040386923,128.0
1790321459,8,TPOT,completion,0.000000,0.000000,500,500,500,500,500,500,500,500,500,500,500,3,0,470,476.1782279176994,463.85951514913165,495.58422162094865,0.0
1790321459,8,TTFT,completion,0.000000,0.000000,4800,4800,4800,4800,4800,4800,4800,4800,4800,4800,4800,3,0,4700,4661.290353707348,4541.847490007058,4760.519067989662,0.0
1790321459,8,,Aggregated,0.000000,0.000000,4800,4800,68000,68000,68000,68000,68000,68000,68000,68000,68000,9,0,4700,23424.487074731573,463.85951514913165,67699.78040386923,42.666666666666664
1790321460,8,POST,completion,0.000000,0.000000,68000,68000,68000,68000,68000,68000,68000,68000,68000,68000,68000,3,0,64000,65135.99264256967,63452.07298686728,67699.78040386923,128.0
1790321460,8,TPOT,completion,0.000000,0.000000,500,500,500,500,500,500,500,500,500,500,500,3,0,470,476.1782279176994,463.85951514913165,495.58422162094865,0.0
1790321460,8,TTFT,completion,0.000000,0.000000,4800,4800,4800,4800,4800,4800,4800,4800,4800,4800,4800,3,0,4700,4661.290353707348,4541.847490007058,4760.519067989662,0.0
1790321460,8,,Aggregated,0.000000,0.000000,4800,4800,68000,68000,68000,68000,68000,68000,68000,68000,68000,9,0,4700,23424.487074731573,463.85951514913165,67699.78040386923,42.666666666666664
1790321461,8,POST,completion,0.000000,0.000000,68000,68000,68000,68000,68000,68000,68000,68000,68000,68000,68000,3,0,64000,65135.99264256967,63452.07298686728,67699.78040386923,128.0
1790321461,8,TPOT,completion,0.000000,0.000000,500,500,500,500,500,500,500,500,500,500,500,3,0,470,476.1782279176994,463.85951514913165,495.58422162094865,0.0
1790321461,8,TTFT,completion,0.000000,0.000000,4800,4800,4800,4800,4800,4800,4800,4800,4800,4800,4800,3,0,4700,4661.290353707348,4541.847490007058,4760.519067989662,0.0
1790321461,8,,Aggregated,0.000000,0.000000,4800,4800,68000,68000,68000,68000,68000,68000,68000,68000,68000,9,0,4700,23424.487074731573,463.85951514913165,67699.78040386923,42.666666666666664
1790321462,8,POST,completion,0.100000,0.000000,68000,68000,68000,68000,68000,68000,68000,68000,68000,68000,68000,4,0,67957.7578601893,65841.43394697458,63452.07298686728,67957.7578601893,128.0
1790321462,8,TPOT,completion,0.100000,0.000000,500,500,500,500,500,500,500,500,500,500,500,4,0,490,480.79969179468213,463.85951514913165,495.58422162094865,0.0
1790321462,8,TTFT,completion,0.100000,0.000000,5100,5100,5100,5100,5100,5100,5100,5100,5100,5100,5100,4,0,4800,4779.8065493116155,4541.847490007058,5135.355136124417,0.0
1790321462,8,,Aggregated,0.300000,0.000000,5100,5100,68000,68000,68000,68000,68000,68000,68000,68000,68000,12,0,4800,23700.680062693627,463.85951514913165,67957.7578601893,42.666666666666664
1790321463,8,POST,completion,0.100000,0.000000,68000,68000,68000,68000,68000,68000,68000,68000,68000,68000,68000,4,0,67957.7578601893,65841.43394697458,63452.07298686728,67957.7578601893,128.0
1790321463,8,TPOT,completion,0.100000,0.000000,500,500,500,500,500,500,500,500,500,500,500,4,0,490,480.79969179468213,463.85951514913165,495.58422162094865,0.0
1790321463,8,TTFT,completion,0.100000,0.000000,5100,5100,5100,5100,5100,5100,5100,5100,5100,5100,5100,4,0,4800,4779.8065493116155,4541.847490007058,5135.355136124417,0.0
1790321463,8,,Aggregated,0.300000,0.000000,5100,5100,68000,68000,68000,68000,68000,68000,68000,68000,68000,12,0,4800,23700.680062693627,463.85951514913165,67957.7578601893,42.666666666666664
1790321464,8,POST,completion,0.100000,0.000000,68000,68000,68000,68000,68000,68000,68000,68000,68000,68000,68000,4,0,67957.7578601893,65841.43394697458,63452.07298686728,67957.7578601893,128.0
1790321464,8,TPOT,completion,0.100000,0.000000,500,500,500,500,500,500,500,500,500,500,500,4,0,490,480.79969179468213,463.85951514913165,495.58422162094865,0.0
1790321464,8,TTFT,completion,0.100000,0.000000,5100,5100,5100,5100,5100,5100,5100,5100,5100,5100,5100,4,0,4800,4779.8065493116155,4541.847490007058,5135.355136124417,0.0
1790321464,8,,Aggregated,0.300000,0.000000,5100,5100,68000,68000,68000,68000,68000,68000,68000,68000,68000,12,0,4800,23700.680062693627,463.85951514913165,67957.7578601893,42.666666666666664
1790321465,8,POST,completion,0.100000,0.000000,68000,68000,68000,68000,68000,68000,68000,68000,68000,68000,68000,4,0,67957.7578601893,65841.43394697458,63452.07298686728,67957.7578601893,128.0
1790321465,8,TPOT,completion,0.100000,0.000000,500,500,500,500,500,500,500,500,500,500,500,4,0,490,480.79969179468213,463.85951514913165,495.58422162094865,0.0
1790321465,8,TTFT,completion,0.100000,0.000000,5100,5100,5100,5100,5100,5100,5100,5100,5100,5100,5100,4,0,4800,4779.8065493116155,4541.847490007058,5135.355136124417,0.0
1790321465,8,,Aggregated,0.300000,0.000000,5100,5100,68000,68000,68000,68000,68000,68000,68000,68000,68000,12,0,4800,23700.680062693627,463.85951514913165,67957.7578601893,42.666666666666664
1790321466,8,POST,completion,0.100000,0.000000,68000,68000,68000,68000,68000,68000,68000,68000,68000,68000,68000,4,0,67957.7578601893,65841.43394697458,63452.07298686728,67957.7578601893,128.0
1790321466,8,TPOT,completion,0.100000,0.000000,500,500,500,500,500,500,500,500,500,500,500,4,0,490,480.79969179468213,463.85951514913165,495.58422162094865,0.0
1790321466,8,TTFT,completion,0.100000,0.000000,5100,5100,5100,5100,5100,5100,5100,5100,5100,5100,5100,4,0,4800,4779.8065493116155,4541.847490007058,5135.355136124417,0.0
1790321466,8,,Aggregated,0.300000,0.000000,5100,5100,68000,68000,68000,68000,68000,68000,68000,68000,68000,12,0,4800,23700.680062693627,463.85951514913165,67957.7578601893,42.666666666666664
1790321467,8,POST,completion,0.100000,0.000000,68000,68000,68000,68000,68000,68000,68000,68000,68000,68000,68000,4,0,67957.7578601893,65841.43394697458,63452.07298686728,67957.7578601893,128.0
1790321467,8,TPOT,completion,0.100000,0.000000,490,490,490,490,490,490,490,490,490,490,490,4,0,490,480.79969179468213,463.85951514913165,495.58422162094865,0.0
1790321467,8,TTFT,completion,0.100000,0.000000,5100,5100,5100,5100,5100,5100,5100,5100,5100,5100,5100,4,0,4800,4779.8065493116155,4541.847490007058,5135.355136124417,0.0
1790321467,8,,Aggregated,0.300000,0.000000,5100,5100,68000,68000,68000,68000,68000,68000,68000,68000,68000,12,0,4800,23700.680062693627,463.85951514913165,67957.7578601893,42.666666666666664
1790321468,8,POST,completion,0.100000,0.000000,68000,68000,68000,68000,68000,68000,68000,68000,68000,68000,68000,4,0,67957.7578601893,65841.43394697458,63452.07298686728,67957.7578601893,128.0
1790321468,8,TPOT,completion,0.100000,0.000000,490,490,490,490,490,490,490,490,490,490,490,4,0,490,480.79969179468213,463.85951514913165,495.58422162094865,0.0
1790321468,8,TTFT,completion,0.100000,0.000000,5100,5100,5100,5100,5100,5100,5100,5100,5100,5100,5100,4,0,4800,4779.8065493116155,4541.847490007058,5135.355136124417,0.0
1790321468,8,,Aggregated,0.300000,0.000000,5100,5100,68000,68000,68000,68000,68000,68000,68000,68000,68000,12,0,4800,23700.680062693627,463.85951514913165,67957.7578601893,42.666666666666664
1790321469,8,POST,completion,0.100000,0.000000,70000,70000,70000,70000,70000,70000,70000,70000,70000,70000,70000,6,0,68000,67087.9104315148,63452.07298686728,69593.66677002981,128.0
1790321469,8,TPOT,completion,0.100000,0.000000,500,500,510,510,510,510,510,510,510,510,510,6,0,500,488.99352079742584,463.85951514913165,506.3140509452113,0.0
1790321469,8,TTFT,completion,0.100000,0.000000,5300,5300,5500,5500,5500,5500,5500,5500,5500,5500,5500,6,0,5100,4985.668281908147,4541.847490007058,5503.064541146159,0.0
1790321469,8,,Aggregated,0.300000,0.000000,5300,5500,68000,70000,70000,70000,70000,70000,70000,70000,70000,18,0,5100,24187.52407807346,463.85951514913165,69593.66677002981,42.666666666666664
1790321470,8,POST,completion,0.100000,0.000000,70000,70000,70000,70000,70000,70000,70000,70000,70000,70000,70000,6,0,68000,67087.9104315148,63452.07298686728,69593.66677002981,128.0
1790321470,8,TPOT,completion,0.100000,0.000000,500,500,510,510,510,510,510,510,510,510,510,6,0,500,488.99352079742584,463.85951514913165,506.3140509452113,0.0
1790321470,8,TTFT,completion,0.100000,0.000000,5300,5300,5500,5500,5500,5500,5500,5500,5500,5500,5500,6,0,5100,4985.668281908147,4541.847490007058,5503.064541146159,0.0
1790321470,8,,Aggregated,0.300000,0.000000,5300,5500,68000,70000,70000,70000,70000,70000,70000,70000,70000,18,0,5100,24187.52407807346,463.85951514913165,69593.66677002981,42.666666666666664
1790321471,8,POST,completion,0.100000,0.000000,70000,70000,70000,70000,70000,70000,70000,70000,70000,70000,70000,6,0,68000,67087.9104315148,63452.07298686728,69593.66677002981,128.0
1790321471,8,TPOT,completion,0.100000,0.000000,500,500,510,510,510,510,510,510,510,510,510,6,0,500,488.99352079742584,463.85951514913165,506.3140509452113,0.0
1790321471,8,TTFT,completion,0.100000,0.000000,5300,5300,5500,5500,5500,5500,5500,5500,5500,5500,5500,6,0,5100,4985.668281908147,4541.847490007058,5503.064541146159,0.0
1790321471,8,,Aggregated,0.300000,0.000000,5300,5500,68000,70000,70000,70000,70000,70000,70000,70000,70000,18,0,5100,24187.52407807346,463.85951514913165,69593.66677002981,42.666666666666664
1790321472,8,POST,completion,0.200000,0.000000,70000,70000,70000,70000,70000,70000,70000,70000,70000,70000,70000,7,0,68000,67337.29794501726,63452.07298686728,69593.66677002981,128.0
1790321472,8,TPOT,completion,0.200000,0.000000,500,500,510,510,510,510,510,510,510,510,510,7,0,500,490.53398679488276,463.85951514913165,506.3140509452113,0.0
1790321472,8,TTFT,completion,0.200000,0.000000,5400,5400,5500,5500,5500,5500,5500,5500,5500,5500,5500,7,0,5100,5039.415388933516,4541.847490007058,5503.064541146159,0.0
1790321472,8,,Aggregated,0.600000,0.000000,5400,5500,69000,69000,70000,70000,70000,70000,70000,70000,70000,21,0,5100,24289.082440248556,463.85951514913165,69593.66677002981,42.666666666666664
1790321473,8,POST,completion,0.200000,0.000000,70000,70000,70000,70000,70000,70000,70000,70000,70000,70000,70000,7,0,68000,67337.29794501726,63452.07298686728,69593.66677002981,128.0
1790321473,8,TPOT,completion,0.200000,0.000000,500,500,510,510,510,510,510,510,510,510,510,7,0,500,490.53398679488276,463.85951514913165,506.3140509452113,0.0
1790321473,8,TTFT,completion,0.200000,0.000000,5400,5400,5500,5500,5500,5500,5500,5500,5500,5500,5500,7,0,5100,5039.415388933516,4541.847490007058,5503.064541146159,0.0
1790321473,8,,Aggregated,0.600000,0.000000,5400,5500,69000,69000,70000,70000,70000,70000,70000,70000,70000,21,0,5100,24289.082440248556,463.85951514913165,69593.66677002981,42.666666666666664
1790321474,8,POST,completion,0.200000,0.000000,70000,70000,70000,70000,70000,70000,70000,70000,70000,70000,70000,7,0,68000,67337.29794501726,63452.07298686728,69593.66677002981,128.0
1790321474,8,TPOT,completion,0.200000,0.000000,500,500,510,510,510,510,510,510,510,510,510,7,0,500,490.53398679488276,463.85951514913165,506.3140509452113,0.0
1790321474,8,TTFT,completion,0.200000,0.000000,5400,5400,5500,5500,5500,5500,5500,5500,5500,5500,5500,7,0,5100,5039.415388933516,4541.847490007058,5503.064541146159,0.0
1790321474,8,,Aggregated,0.600000,0.000000,5400,5500,69000,70000,70000,70000,70000,70000,70000,70000,70000,21,0,5100,24289.082440248556,463.85951514913165,69593.66677002981,42.666666666666664
1790321475,8,POST,completion,0.300000,0.000000,70000,70000,76000,76000,76000,76000,76000,76000,76000,76000,76000,8,0,69000,68446.73317213892,63452.07298686728,76212.77976199053,128.0
1790321475,8,TPOT,completion,0.300000,0.000000,510,510,560,560,560,560,560,560,560,560,560,8,0,500,498.6218016140445,463.85951514913165,555.2365053481767,0.0
1790321475,8,TTFT,completion,0.300000,0.000000,5500,5500,5700,5700,5700,5700,5700,5700,5700,5700,5700,8,0,5300,5121.698738803389,4541.847490007058,5697.682187892497,0.0
1790321475,8,,Aggregated,0.900000,0.000000,5500,5700,70000,70000,70000,76000,76000,76000,76000,76000,76000,24,0,5300,24689.017904185454,463.85951514913165,76212.77976199053,42.666666666666664
1790321476,8,POST,completion,0.300000,0.000000,70000,70000,76000,76000,76000,76000,76000,76000,76000,76000,76000,8,0,69000,68446.73317213892,63452.07298686728,76212.77976199053,128.0
1790321476,8,TPOT,completion,0.300000,0.000000,510,510,560,560,560,560,560,560,560,560,560,8,0,500,498.6218016140445,463.85951514913165,555.2365053481767,0.0
1790321476,8,TTFT,completion,0.300000,0.000000,5500,5500,5700,5700,5700,5700,5700,5700,5700,5700,5700,8,0,5300,5121.698738803389,4541.847490007058,5697.682187892497,0.0
1790321476,8,,Aggregated,0.900000,0.000000,5500,5700,70000,70000,70000,76000,76000,76000,76000,76000,76000,24,0,5300,24689.017904185454,463.85951514913165,76212.77976199053,42.666666666666664
1790321477,8,POST,completion,0.300000,0.000000,70000,70000,76000,76000,76000,76000,76000,76000,76000,76000,76000,8,0,69000,68446.73317213892,63452.07298686728,76212.77976199053,128.0
1790321477,8,TPOT,completion,0.300000,0.000000,510,510,560,560,560,560,560,560,560,560,560,8,0,500,498.6218016140445,463.85951514913165,555.2365053481767,0.0
1790321477,8,TTFT,completion,0.300000,0.000000,5500,5500,5700,5700,5700,5700,5700,5700,5700,5700,5700,8,0,5300,5121.698738803389,4541.847490007058,5697.682187892497,0.0
1790321477,8,,Aggregated,0.900000,0.000000,5500,5700,70000,70000,70000,76000,76000,76000,76000,76000,76000,24,0,5300,24689.017904185454,463.85951514913165,76212.77976199053,42.666666666666664
1790321478,8,POST,completion,0.300000,0.000000,70000,70000,76000,76000,76000,76000,76000,76000,76000,76000,76000,8,0,69000,68446.73317213892,63452.07298686728,76212.77976199053,128.0
1790321478,8,TPOT,completion,0.300000,0.000000,500,500,560,560,560,560,560,560,560,560,560,8,0,500,498.6218016140445,463.85951514913165,555.2365053481767,0.0
1790321478,8,TTFT,completion,0.300000,0.000000,5500,5500,5700,5700,5700,5700,5700,5700,5700,5700,5700,8,0,5300,5121.698738803389,4541.847490007058,5697.682187892497,0.0
1790321478,8,,Aggregated,0.900000,0.000000,5500,5700,69000,70000,76000,76000,76000,76000,76000,76000,76000,24,0,5300,24689.017904185454,463.85951514913165,76212.77976199053,42.666666666666664
1790321479,8,POST,completion,0.300000,0.000000,70000,70000,76000,76000,76000,76000,76000,76000,76000,76000,76000,8,0,69000,68446.73317213892,63452.07298686728,76212.77976199053,128.0
1790321479,8,TPOT,completion,0.300000,0.000000,500,500,560,560,560,560,560,560,560,560,560,8,0,500,498.6218016140445,463.85951514913165,555.2365053481767,0.0
1790321479,8,TTFT,completion,0.300000,0.000000,5500,5500,5700,5700,5700,5700,5700,5700,5700,5700,5700,8,0,5300,5121.698738803389,4541.847490007058,5697.682187892497,0.0
1790321479,8,,Aggregated,0.900000,0.000000,5500,5700,69000,70000,76000,76000,76000,76000,76000,76000,76000,24,0,5300,24689.017904185454,463.85951514913165,76212.77976199053,42.666666666666664
1790321480,8,POST,completion,0.300000,0.000000,76000,76000,76000,76000,76000,76000,76000,76000,76000,76000,76000,8,0,69000,68446.73317213892,63452.07298686728,76212.77976199053,128.0
1790321480,8,TPOT,completion,0.300000,0.000000,560,560,560,560,560,560,560,560,560,560,560,8,0,500,498.6218016140445,463.85951514913165,555.2365053481767,0.0
1790321480,8,TTFT,completion,0.300000,0.000000,5700,5700,5700,5700,5700,5700,5700,5700,5700,5700,5700,8,0,5300,5121.698738803389,4541.847490007058,5697.682187892497,0.0
1790321480,8,,Aggregated,0.900000,0.000000,5700,5700,69000,69000,76000,76000,76000,76000,76000,76000,76000,24,0,5300,24689.017904185454,463.85951514913165,76212.77976199053,42.666666666666664
1790321481,8,POST,completion,0.300000,0.000000,76000,76000,76000,76000,76000,76000,76000,76000,76000,76000,76000,8,0,69000,68446.73317213892,63452.07298686728,76212.77976199053,128.0
1790321481,8,TPOT,completion,0.300000,0.000000,560,560,560,560,560,560,560,560,560,560,560,8,0,500,498.6218016140445,463.85951514913165,555.2365053481767,0.0
1790321481,8,TTFT,completion,0.300000,0.000000,5700,5700,5700,5700,5700,5700,5700,5700,5700,5700,5700,8,0,5300,5121.698738803389,4541.847490007058,5697.682187892497,0.0
1790321481,8,,Aggregated,0.900000,0.000000,5700,5700,69000,69000,76000,76000,76000,76000,76000,76000,76000,24,0,5300,24689.017904185454,463.85951514913165,76212.77976199053,42.666666666666664
1790321482,8,POST,completion,0.300000,0.000000,76000,76000,76000,76000,76000,76000,76000,76000,76000,76000,76000,8,0,69000,68446.73317213892,63452.07298686728,76212.77976199053,128.0
1790321482,8,TPOT,completion,0.300000,0.000000,560,560,560,560,560,560,560,560,560,560,560,8,0,500,498.6218016140445,463.85951514913165,555.2365053481767,0.0
1790321482,8,TTFT,completion,0.300000,0.000000,5700,5700,5700,5700,5700,5700,5700,5700,5700,5700,5700,8,0,5300,5121.698738803389,4541.847490007058,5697.682187892497,0.0
1790321482,8,,Aggregated,0.900000,0.000000,5700,5700,69000,69000,76000,76000,76000,76000,76000,76000,76000,24,0,5300,24689.017904185454,463.85951514913165,76212.77976199053,42.666666666666664
1790321483,8,POST,completion,0.300000,0.000000,76000,76000,76000,76000,76000,76000,76000,76000,76000,76000,76000,8,0,69000,68446.73317213892,63452.07298686728,76212.77976199053,128.0
1790321483,8,TPOT,completion,0.300000,0.000000,560,560,560,560,560,560,560,560,560,560,560,8,0,500,498.6218016140445,463.85951514913165,555.2365053481767,0.0
1790321483,8,TTFT,completion,0.300000,0.000000,5700,5700,5700,5700,5700,5700,5700,5700,5700,5700,5700,8,0,5300,5121.698738803389,4541.847490007058,5697.682187892497,0.0
1790321483,8,,Aggregated,0.900000,0.000000,5700,5700,76000,76000,76000,76000,76000,76000,76000,76000,76000,24,0,5300,24689.017904185454,463.85951514913165,76212.77976199053,42.666666666666664
1790321484,8,POST,completion,0.300000,0.000000,76000,76000,76000,76000,76000,76000,76000,76000,76000,76000,76000,8,0,69000,68446.73317213892,63452.07298686728,76212.77976199053,128.0
1790321484,8,TPOT,completion,0.300000,0.000000,560,560,560,560,560,560,560,560,560,560,560,8,0,500,498.6218016140445,463.85951514913165,555.2365053481767,0.0
1790321484,8,TTFT,completion,0.300000,0.000000,5700,5700,5700,5700,5700,5700,5700,5700,5700,5700,5700,8,0,5300,5121.698738803389,4541.847490007058,5697.682187892497,0.0
1790321484,8,,Aggregated,0.900000,0.000000,5700,5700,76000,76000,76000,76000,76000,76000,76000,76000,76000,24,0,5300,24689.017904185454,463.85951514913165,76212.77976199053,42.666666666666664
1790321485,8,POST,completion,0.300000,0.000000,76000,76000,76000,76000,76000,76000,76000,76000,76000,76000,76000,8,0,69000,68446.73317213892,63452.07298686728,76212.77976199053,128.0
1790321485,8,TPOT,completion,0.300000,0.000000,560,560,560,560,560,560,560,560,560,560,560,8,0,500,498.6218016140445,463.85951514913165,555.2365053481767,0.0
1790321485,8,TTFT,completion,0.300000,0.000000,5700,5700,5700,5700,5700,5700,5700,5700,5700,5700,5700,8,0,5300,5121.698738803389,4541.847490007058,5697.682187892497,0.0
1790321485,8,,Aggregated,0.900000,0.000000,5700,5700,76000,76000,76000,76000,76000,76000,76000,76000,76000,24,0,5300,24689.017904185454,463.85951514913165,76212.77976199053,42.666666666666664
1790321486,8,POST,completion,0.300000,0.000000,76000,76000,76000,76000,76000,76000,76000,76000,76000,76000,76000,8,0,69000,68446.73317213892,63452.07298686728,76212.77976199053,128.0
1790321486,8,TPOT,completion,0.300000,0.000000,560,560,560,560,560,560,560,560,560,560,560,8,0,500,498.6218016140445,463.85951514913165,555.2365053481767,0.0
1790321486,8,TTFT,completion,0.300000,0.000000,5700,5700,5700,5700,5700,5700,5700,5700,5700,5700,5700,8,0,5300,5121.698738803389,4541.847490007058,5697.682187892497,0.0
1790321486,8,,Aggregated,0.900000,0.000000,5700,5700,76000,76000,76000,76000,76000,76000,76000,76000,76000,24,0,5300,24689.017904185454,463.85951514913165,76212.77976199053,42.666666666666664
1790321487,8,POST,completion,0.300000,0.000000,76000,76000,76000,76000,76000,76000,76000,76000,76000,76000,76000,8,0,69000,68446.73317213892,63452.07298686728,76212.77976199053,128.0
1790321487,8,TPOT,completion,0.300000,0.000000,560,560,560,560,560,560,560,560,560,560,560,8,0,500,498.6218016140445,463.85951514913165,555.2365053481767,0.0
1790321487,8,TTFT,completion,0.300000,0.000000,5700,5700,5700,5700,5700,5700,5700,5700,5700,5700,5700,8,0,5300,5121.698738803389,4541.847490007058,5697.682187892497,0.0
1790321487,8,,Aggregated,0.900000,0.000000,5700,5700,76000,76000,76000,76000,76000,76000,76000,76000,76000,24,0,5300,24689.017904185454,463.85951514913165,76212.77976199053,42.666666666666664
1790321488,8,POST,completion,0.300000,0.000000,76000,76000,76000,76000,76000,76000,76000,76000,76000,76000,76000,8,0,69000,68446.73317213892,63452.07298686728,76212.77976199053,128.0
1790321488,8,TPOT,completion,0.300000,0.000000,560,560,560,560,560,560,560,560,560,560,560,8,0,500,498.6218016140445,463.85951514913165,555.2365053481767,0.0
1790321488,8,TTFT,completion,0.300000,0.000000,5700,5700,5700,5700,5700,5700,5700,5700,5700,5700,5700,8,0,5300,5121.698738803389,4541.847490007058,5697.682187892497,0.0
1790321488,8,,Aggregated,0.900000,0.000000,5700,5700,76000,76000,76000,76000,76000,76000,76000,76000,76000,24,0,5300,24689.017904185454,463.85951514913165,76212.77976199053,42.666666666666664
1790321489,8,POST,completion,0.300000,0.000000,76000,76000,76000,76000,76000,76000,76000,76000,76000,76000,76000,8,0,69000,68446.73317213892,63452.07298686728,76212.77976199053,128.0
1790321489,8,TPOT,completion,0.300000,0.000000,560,560,560,560,560,560,560,560,560,560,560,8,0,500,498.6218016140445,463.85951514913165,555.2365053481767,0.0
1790321489,8,TTFT,completion,0.300000,0.000000,5700,5700,5700,5700,5700,5700,5700,5700,5700,5700,5700,8,0,5300,5121.698738803389,4541.847490007058,5697.682187892497,0.0
1790321489,8,,Aggregated,0.900000,0.000000,5700,5700,76000,76000,76000,76000,76000,76000,76000,76000,76000,24,0,5300,24689.017904185454,463.85951514913165,76212.77976199053,42.666666666666664
1790321490,8,POST,completion,0.300000,0.000000,76000,76000,76000,76000,76000,76000,76000,76000,76000,76000,76000,8,0,69000,68446.73317213892,63452.07298686728,76212.77976199053,128.0
1790321490,8,TPOT,completion,0.300000,0.000000,560,560,560,560,560,560,560,560,560,560,560,8,0,500,498.6218016140445,463.85951514913165,555.2365053481767,0.0
1790321490,8,TTFT,completion,0.300000,0.000000,5700,5700,5700,5700,5700,5700,5700,5700,5700,5700,5700,8,0,5300,5121.698738803389,4541.847490007058,5697.682187892497,0.0
1790321490,8,,Aggregated,0.900000,0.000000,5700,5700,76000,76000,76000,76000,76000,76000,76000,76000,76000,24,0,5300,24689.017904185454,463.85951514913165,76212.77976199053,42.666666666666664
1790321491,8,POST,completion,0.300000,0.000000,76000,76000,76000,76000,76000,76000,76000,76000,76000,76000,76000,8,0,69000,68446.73317213892,63452.07298686728,76212.77976199053,128.0
1790321491,8,TPOT,completion,0.300000,0.000000,560,560,560,560,560,560,560,560,560,560,560,8,0,500,498.6218016140445,463.85951514913165,555.2365053481767,0.0
1790321491,8,TTFT,completion,0.300000,0.000000,5700,5700,5700,5700,5700,5700,5700,5700,5700,5700,5700,8,0,5300,5121.698738803389,4541.847490007058,5697.682187892497,0.0
1790321491,8,,Aggregated,0.900000,0.000000,5700,5700,76000,76000,76000,76000,76000,76000,76000,76000,76000,24,0,5300,24689.017904185454,463.85951514913165,76212.77976199053,42.666666666666664
1790321492,8,POST,completion,0.300000,0.000000,76000,76000,76000,76000,76000,76000,76000,76000,76000,76000,76000,8,0,69000,68446.73317213892,63452.07298686728,76212.77976199053,128.0
1790321492,8,TPOT,completion,0.300000,0.000000,560,560,560,560,560,560,560,560,560,560,560,8,0,500,498.6218016140445,463.85951514913165,555.2365053481767,0.0
1790321492,8,TTFT,completion,0.300000,0.000000,5700,5700,5700,5700,5700,5700,5700,5700,5700,5700,5700,8,0,5300,5121.698738803389,4541.847490007058,5697.682187892497,0.0
1790321492,8,,Aggregated,0.900000,0.000000,5700,5700,76000,76000,76000,76000,76000,76000,76000,76000,76000,24,0,5300,24689.017904185454,463.85951514913165,76212.77976199053,42.666666666666664
1790321493,8,POST,completion,0.300000,0.000000,0,0,0,0,0,0,0,0,0,0,0,8,0,69000,68446.73317213892,63452.07298686728,76212.77976199053,128.0
1790321493,8,TPOT,completion,0.300000,0.000000,0,0,0,0,0,0,0,0,0,0,0,8,0,500,498.6218016140445,463.85951514913165,555.2365053481767,0.0
1790321493,8,TTFT,completion,0.300000,0.000000,0,0,0,0,0,0,0,0,0,0,0,8,0,5300,5121.698738803389,4541.847490007058,5697.682187892497,0.0
1790321493,8,,Aggregated,0.900000,0.000000,0,0,0,0,0,0,0,0,0,0,0,24,0,5300,24689.017904185454,463.85951514913165,76212.77976199053,42.666666666666664
1790321494,8,POST,completion,0.300000,0.000000,0,0,0,0,0,0,0,0,0,0,0,8,0,69000,68446.73317213892,63452.07298686728,76212.77976199053,128.0
1790321494,8,TPOT,completion,0.300000,0.000000,0,0,0,0,0,0,0,0,0,0,0,8,0,500,498.6218016140445,463.85951514913165,555.2365053481767,0.0
1790321494,8,TTFT,completion,0.300000,0.000000,0,0,0,0,0,0,0,0,0,0,0,8,0,5300,5121.698738803389,4541.847490007058,5697.682187892497,0.0
1790321494,8,,Aggregated,0.900000,0.000000,0,0,0,0,0,0,0,0,0,0,0,24,0,5300,24689.017904185454,463.85951514913165,76212.77976199053,42.666666666666664
1790321495,8,POST,completion,0.300000,0.000000,0,0,0,0,0,0,0,0,0,0,0,8,0,69000,68446.73317213892,63452.07298686728,76212.77976199053,128.0
1790321495,8,TPOT,completion,0.300000,0.000000,0,0,0,0,0,0,0,0,0,0,0,8,0,500,498.6218016140445,463.85951514913165,555.2365053481767,0.0
1790321495,8,TTFT,completion,0.300000,0.000000,0,0,0,0,0,0,0,0,0,0,0,8,0,5300,5121.698738803389,4541.847490007058,5697.682187892497,0.0
1790321495,8,,Aggregated,0.900000,0.000000,0,0,0,0,0,0,0,0,0,0,0,24,0,5300,24689.017904185454,463.85951514913165,76212.77976199053,42.666666666666664
1790321496,8,POST,completion,0.300000,0.000000,0,0,0,0,0,0,0,0,0,0,0,8,0,69000,68446.73317213892,63452.07298686728,76212.77976199053,128.0
1790321496,8,TPOT,completion,0.300000,0.000000,0,0,0,0,0,0,0,0,0,0,0,8,0,500,498.6218016140445,463.85951514913165,555.2365053481767,0.0
1790321496,8,TTFT,completion,0.300000,0.000000,0,0,0,0,0,0,0,0,0,0,0,8,0,5300,5121.698738803389,4541.847490007058,5697.682187892497,0.0
1790321496,8,,Aggregated,0.900000,0.000000,0,0,0,0,0,0,0,0,0,0,0,24,0,5300,24689.017904185454,463.85951514913165,76212.77976199053,42.666666666666664
1790321497,8,POST,completion,0.300000,0.000000,0,0,0,0,0,0,0,0,0,0,0,8,0,69000,68446.73317213892,63452.07298686728,76212.77976199053,128.0
1790321497,8,TPOT,completion,0.300000,0.000000,0,0,0,0,0,0,0,0,0,0,0,8,0,500,498.6218016140445,463.85951514913165,555.2365053481767,0.0
1790321497,8,TTFT,completion,0.300000,0.000000,0,0,0,0,0,0,0,0,0,0,0,8,0,5300,5121.698738803389,4541.847490007058,5697.682187892497,0.0
1790321497,8,,Aggregated,0.900000,0.000000,0,0,0,0,0,0,0,0,0,0,0,24,0,5300,24689.017904185454,463.85951514913165,76212.77976199053,42.666666666666664
1790321498,8,POST,completion,0.300000,0.000000,0,0,0,0,0,0,0,0,0,0,0,8,0,69000,68446.73317213892,63452.07298686728,76212.77976199053,128.0
1790321498,8,TPOT,completion,0.300000,0.000000,0,0,0,0,0,0,0,0,0,0,0,8,0,500,498.6218016140445,463.85951514913165,555.2365053481767,0.0
1790321498,8,TTFT,completion,0.300000,0.000000,0,0,0,0,0,0,0,0,0,0,0,8,0,5300,5121.698738803389,4541.847490007058,5697.682187892497,0.0
1790321498,8,,Aggregated,0.900000,0.000000,0,0,0,0,0,0,0,0,0,0,0,24,0,5300,24689.017904185454,463.85951514913165,76212.77976199053,42.666666666666664
1790321499,8,POST,completion,0.300000,0.000000,0,0,0,0,0,0,0,0,0,0,0,8,0,69000,68446.73317213892,63452.07298686728,76212.77976199053,128.0
1790321499,8,TPOT,completion,0.300000,0.000000,0,0,0,0,0,0,0,0,0,0,0,8,0,500,498.6218016140445,463.85951514913165,555.2365053481767,0.0
1790321499,8,TTFT,completion,0.300000,0.000000,0,0,0,0,0,0,0,0,0,0,0,8,0,5300,5121.698738803389,4541.847490007058,5697.682187892497,0.0
1790321499,8,,Aggregated,0.900000,0.000000,0,0,0,0,0,0,0,0,0,0,0,24,0,5300,24689.017904185454,463.85951514913165,76212.77976199053,42.666666666666664
1790321500,8,POST,completion,0.300000,0.000000,0,0,0,0,0,0,0,0,0,0,0,8,0,69000,68446.73317213892,63452.07298686728,76212.77976199053,128.0
1790321500,8,TPOT,completion,0.300000,0.000000,0,0,0,0,0,0,0,0,0,0,0,8,0,500,498.6218016140445,463.85951514913165,555.2365053481767,0.0
1790321500,8,TTFT,completion,0.300000,0.000000,0,0,0,0,0,0,0,0,0,0,0,8,0,5300,5121.698738803389,4541.847490007058,5697.682187892497,0.0
1790321500,8,,Aggregated,0.900000,0.000000,0,0,0,0,0,0,0,0,0,0,0,24,0,5300,24689.017904185454,463.85951514913165,76212.77976199053,42.666666666666664
1790321501,8,POST,completion,0.300000,0.000000,0,0,0,0,0,0,0,0,0,0,0,8,0,69000,68446.73317213892,63452.07298686728,76212.77976199053,128.0
1790321501,8,TPOT,completion,0.300000,0.000000,0,0,0,0,0,0,0,0,0,0,0,8,0,500,498.6218016140445,463.85951514913165,555.2365053481767,0.0
1790321501,8,TTFT,completion,0.300000,0.000000,0,0,0,0,0,0,0,0,0,0,0,8,0,5300,5121.698738803389,4541.847490007058,5697.682187892497,0.0
1790321501,8,,Aggregated,0.900000,0.000000,0,0,0,0,0,0,0,0,0,0,0,24,0,5300,24689.017904185454,463.85951514913165,76212.77976199053,42.666666666666664
1790321502,8,POST,completion,0.300000,0.000000,0,0,0,0,0,0,0,0,0,0,0,8,0,69000,68446.73317213892,63452.07298686728,76212.77976199053,128.0
1790321502,8,TPOT,completion,0.300000,0.000000,0,0,0,0,0,0,0,0,0,0,0,8,0,500,498.6218016140445,463.85951514913165,555.2365053481767,0.0
1790321502,8,TTFT,completion,0.300000,0.000000,0,0,0,0,0,0,0,0,0,0,0,8,0,5300,5121.698738803389,4541.847490007058,5697.682187892497,0.0
1790321502,8,,Aggregated,0.900000,0.000000,0,0,0,0,0,0,0,0,0,0,0,24,0,5300,24689.017904185454,463.85951514913165,76212.77976199053,42.666666666666664
1790321503,8,POST,completion,0.300000,0.000000,0,0,0,0,0,0,0,0,0,0,0,8,0,69000,68446.73317213892,63452.07298686728,76212.77976199053,128.0
1790321503,8,TPOT,completion,0.300000,0.000000,0,0,0,0,0,0,0,0,0,0,0,8,0,500,498.6218016140445,463.85951514913165,555.2365053481767,0.0
1790321503,8,TTFT,completion,0.300000,0.000000,0,0,0,0,0,0,0,0,0,0,0,8,0,5300,5121.698738803389,4541.847490007058,5697.682187892497,0.0
1790321503,8,,Aggregated,0.900000,0.000000,0,0,0,0,0,0,0,0,0,0,0,24,0,5300,24689.017904185454,463.85951514913165,76212.77976199053,42.666666666666664
1790321504,8,POST,completion,0.300000,0.000000,0,0,0,0,0,0,0,0,0,0,0,8,0,69000,68446.73317213892,63452.07298686728,76212.77976199053,128.0
1790321504,8,TPOT,completion,0.300000,0.000000,0,0,0,0,0,0,0,0,0,0,0,8,0,500,498.6218016140445,463.85951514913165,555.2365053481767,0.0
1790321504,8,TTFT,completion,0.300000,0.000000,0,0,0,0,0,0,0,0,0,0,0,8,0,5300,5121.698738803389,4541.847490007058,5697.682187892497,0.0
1790321504,8,,Aggregated,0.900000,0.000000,0,0,0,0,0,0,0,0,0,0,0,24,0,5300,24689.017904185454,463.85951514913165,76212.77976199053,42.666666666666664
1790321505,8,POST,completion,0.300000,0.000000,0,0,0,0,0,0,0,0,0,0,0,8,0,69000,68446.73317213892,63452.07298686728,76212.77976199053,128.0
1790321505,8,TPOT,completion,0.300000,0.000000,0,0,0,0,0,0,0,0,0,0,0,8,0,500,498.6218016140445,463.85951514913165,555.2365053481767,0.0
1790321505,8,TTFT,completion,0.300000,0.000000,0,0,0,0,0,0,0,0,0,0,0,8,0,5300,5121.698738803389,4541.847490007058,5697.682187892497,0.0
1790321505,8,,Aggregated,0.900000,0.000000,0,0,0,0,0,0,0,0,0,0,0,24,0,5300,24689.017904185454,463.85951514913165,76212.77976199053,42.666666666666664
1790321506,8,POST,completion,0.300000,0.000000,0,0,0,0,0,0,0,0,0,0,0,8,0,69000,68446.73317213892,63452.07298686728,76212.77976199053,128.0
1790321506,8,TPOT,completion,0.300000,0.000000,0,0,0,0,0,0,0,0,0,0,0,8,0,500,498.6218016140445,463.85951514913165,555.2365053481767,0.0
1790321506,8,TTFT,completion,0.300000,0.000000,0,0,0,0,0,0,0,0,0,0,0,8,0,5300,5121.698738803389,4541.847490007058,5697.682187892497,0.0
1790321506,8,,Aggregated,0.900000,0.000000,0,0,0,0,0,0,0,0,0,0,0,24,0,5300,24689.017904185454,463.85951514913165,76212.77976199053,42.666666666666664
1790321507,8,POST,completion,0.300000,0.000000,0,0,0,0,0,0,0,0,0,0,0,8,0,69000,68446.73317213892,63452.07298686728,76212.77976199053,128.0
1790321507,8,TPOT,completion,0.300000,0.000000,0,0,0,0,0,0,0,0,0,0,0,8,0,500,498.6218016140445,463.85951514913165,555.2365053481767,0.0
1790321507,8,TTFT,completion,0.300000,0.000000,0,0,0,0,0,0,0,0,0,0,0,8,0,5300,5121.698738803389,4541.847490007058,5697.682187892497,0.0
1790321507,8,,Aggregated,0.900000,0.000000,0,0,0,0,0,0,0,0,0,0,0,24,0,5300,24689.017904185454,463.85951514913165,76212.77976199053,42.666666666666664
1790321508,8,POST,completion,0.300000,0.000000,0,0,0,0,0,0,0,0,0,0,0,8,0,69000,68446.73317213892,63452.07298686728,76212.77976199053,128.0
1790321508,8,TPOT,completion,0.300000,0.000000,0,0,0,0,0,0,0,0,0,0,0,8,0,500,498.6218016140445,463.85951514913165,555.2365053481767,0.0
1790321508,8,TTFT,completion,0.300000,0.000000,0,0,0,0,0,0,0,0,0,0,0,8,0,5300,5121.698738803389,4541.847490007058,5697.682187892497,0.0
1790321508,8,,Aggregated,0.900000,0.000000,0,0,0,0,0,0,0,0,0,0,0,24,0,5300,24689.017904185454,463.85951514913165,76212.77976199053,42.666666666666664
1790321509,8,POST,completion,0.300000,0.000000,0,0,0,0,0,0,0,0,0,0,0,8,0,69000,68446.73317213892,63452.07298686728,76212.77976199053,128.0
1790321509,8,TPOT,completion,0.300000,0.000000,0,0,0,0,0,0,0,0,0,0,0,8,0,500,498.6218016140445,463.85951514913165,555.2365053481767,0.0
1790321509,8,TTFT,completion,0.300000,0.000000,0,0,0,0,0,0,0,0,0,0,0,8,0,5300,5121.698738803389,4541.847490007058,5697.682187892497,0.0
1790321509,8,,Aggregated,0.900000,0.000000,0,0,0,0,0,0,0,0,0,0,0,24,0,5300,24689.017904185454,463.85951514913165,76212.77976199053,42.666666666666664
1790321510,8,POST,completion,0.000000,0.000000,0,0,0,0,0,0,0,0,0,0,0,9,0,69000,68554.87746455603,63452.07298686728,76212.77976199053,128.0
1790321510,8,TPOT,completion,0.000000,0.000000,0,0,0,0,0,0,0,0,0,0,0,9,0,500,499.1483654531919,463.85951514913165,555.2365053481767,0.0
1790321510,8,TTFT,completion,0.000000,0.000000,0,0,0,0,0,0,0,0,0,0,0,9,0,5300,5162.969968592127,4541.847490007058,5697.682187892497,0.0
1790321510,8,,Aggregated,0.000000,0.000000,0,0,0,0,0,0,0,0,0,0,0,27,0,5300,24738.998599533785,463.85951514913165,76212.77976199053,42.666666666666664
1790321511,8,POST,completion,0.000000,0.000000,69000,69000,69000,69000,69000,69000,69000,69000,69000,69000,69000,9,0,69000,68554.87746455603,63452.07298686728,76212.77976199053,128.0
1790321511,8,TPOT,completion,0.000000,0.000000,500,500,500,500,500,500,500,500,500,500,500,9,0,500,499.1483654531919,463.85951514913165,555.2365053481767,0.0
1790321511,8,TTFT,completion,0.000000,0.000000,5500,5500,5500,5500,5500,5500,5500,5500,5500,5500,5500,9,0,5300,5162.969968592127,4541.847490007058,5697.682187892497,0.0
1790321511,8,,Aggregated,0.000000,0.000000,5500,5500,69000,69000,69000,69000,69000,69000,69000,69000,69000,27,0,5300,24738.998599533785,463.85951514913165,76212.77976199053,42.666666666666664
1790321512,8,POST,completion,0.000000,0.000000,69000,69000,69000,69000,69000,69000,69000,69000,69000,69000,69000,9,0,69000,68554.87746455603,63452.07298686728,76212.77976199053,128.0
1790321512,8,TPOT,completion,0.000000,0.000000,500,500,500,500,500,500,500,500,500,500,500,9,0,500,499.1483654531919,463.85951514913165,555.2365053481767,0.0
1790321512,8,TTFT,completion,0.000000,0.000000,5500,5500,5500,5500,5500,5500,5500,5500,5500,5500,5500,9,0,5300,5162.969968592127,4541.847490007058,5697.682187892497,0.0
1790321512,8,,Aggregated,0.000000,0.000000,5500,5500,69000,69000,69000,69000,69000,69000,69000,69000,69000,27,0,5300,24738.998599533785,463.85951514913165,76212.77976199053,42.666666666666664
1790321513,8,POST,completion,0.000000,0.000000,69000,69000,69000,69000,69000,69000,69000,69000,69000,69000,69000,9,0,69000,68554.87746455603,63452.07298686728,76212.77976199053,128.0
1790321513,8,TPOT,completion,0.000000,0.000000,500,500,500,500,500,500,500,500,500,500,500,9,0,500,499.1483654531919,463.85951514913165,555.2365053481767,0.0
1790321513,8,TTFT,completion,0.000000,0.000000,5500,5500,5500,5500,5500,5500,5500,5500,5500,5500,5500,9,0,5300,5162.969968592127,4541.847490007058,5697.682187892497,0.0
1790321513,8,,Aggregated,0.000000,0.000000,5500,5500,69000,69000,69000,69000,69000,69000,69000,69000,69000,27,0,5300,24738.998599533785,463.85951514913165,76212.77976199053,42.666666666666664
1790321514,8,POST,completion,0.000000,0.000000,69000,69000,69000,69000,69000,69000,69000,69000,69000,69000,69000,9,0,69000,68554.87746455603,63452.07298686728,76212.77976199053,128.0
1790321514,8,TPOT,completion,0.000000,0.000000,500,500,500,500,500,500,500,500,500,500,500,9,0,500,499.1483654531919,463.85951514913165,555.2365053481767,0.0
1790321514,8,TTFT,completion,0.000000,0.000000,5500,5500,5500,5500,5500,5500,5500,5500,5500,5500,5500,9,0,5300,5162.969968592127,4541.847490007058,5697.682187892497,0.0
1790321514,8,,Aggregated,0.000000,0.000000,5500,5500,69000,69000,69000,69000,69000,69000,69000,69000,69000,27,0,5300,24738.998599533785,463.85951514913165,76212.77976199053,42.666666666666664
1790321515,8,POST,completion,0.000000,0.000000,69000,69000,69000,69000,69000,69000,69000,69000,69000,69000,69000,9,0,69000,68554.87746455603,63452.07298686728,76212.77976199053,128.0
1790321515,8,TPOT,completion,0.000000,0.000000,500,500,500,500,500,500,500,500,500,500,500,9,0,500,499.1483654531919,463.85951514913165,555.2365053481767,0.0
1790321515,8,TTFT,completion,0.000000,0.000000,5500,5500,5500,5500,5500,5500,5500,5500,5500,5500,5500,9,0,5300,5162.969968592127,4541.847490007058,5697.682187892497,0.0
1790321515,8,,Aggregated,0.000000,0.000000,5500,5500,69000,69000,69000,69000,69000,69000,69000,69000,69000,27,0,5300,24738.998599533785,463.85951514913165,76212.77976199053,42.666666666666664
1790321516,8,POST,completion,0.100000,0.000000,76000,76000,76000,76000,76000,76000,76000,76000,76000,76000,76000,10,0,69000,69299.93869110476,63452.07298686728,76212.77976199053,128.0
1790321516,8,TPOT,completion,0.100000,0.000000,550,550,550,550,550,550,550,550,550,550,550,10,0,500,504.60587867487976,463.85951514913165,555.2365053481767,0.0
1790321516,8,TTFT,completion,0.100000,0.000000,5700,5700,5700,5700,5700,5700,5700,5700,5700,5700,5700,10,0,5400,5214.926846139133,4541.847490007058,5697.682187892497,0.0
1790321516,8,,Aggregated,0.300000,0.000000,5700,5700,69000,69000,76000,76000,76000,76000,76000,76000,76000,30,0,5400,25006.490471972924,463.85951514913165,76212.77976199053,42.666666666666664
1790321517,8,POST,completion,0.100000,0.000000,76000,76000,76000,76000,76000,76000,76000,76000,76000,76000,76000,10,0,69000,69299.93869110476,63452.07298686728,76212.77976199053,128.0
1790321517,8,TPOT,completion,0.100000,0.000000,550,550,550,550,550,550,550,550,550,550,550,10,0,500,504.60587867487976,463.85951514913165,555.2365053481767,0.0
1790321517,8,TTFT,completion,0.100000,0.000000,5700,5700,5700,5700,5700,5700,5700,5700,5700,5700,5700,10,0,5400,5214.926846139133,4541.847490007058,5697.682187892497,0.0
1790321517,8,,Aggregated,0.300000,0.000000,5700,5700,69000,69000,76000,76000,76000,76000,76000,76000,76000,30,0,5400,25006.490471972924,463.85951514913165,76212.77976199053,42.666666666666664
1790321518,8,POST,completion,0.100000,0.000000,76000,76000,76000,76000,76000,76000,76000,76000,76000,76000,76000,10,0,69000,69299.93869110476,63452.07298686728,76212.77976199053,128.0
1790321518,8,TPOT,completion,0.100000,0.000000,550,550,550,550,550,550,550,550,550,550,550,10,0,500,504.60587867487976,463.85951514913165,555.2365053481767,0.0
1790321518,8,TTFT,completion,0.100000,0.000000,5700,5700,5700,5700,5700,5700,5700,5700,5700,5700,5700,10,0,5400,5214.926846139133,4541.847490007058,5697.682187892497,0.0
1790321518,8,,Aggregated,0.300000,0.000000,5700,5700,69000,69000,76000,76000,76000,76000,76000,76000,76000,30,0,5400,25006.490471972924,463.85951514913165,76212.77976199053,42.666666666666664
1790321519,8,POST,completion,0.100000,0.000000,76000,76000,76000,76000,76000,76000,76000,76000,76000,76000,76000,10,0,69000,69299.93869110476,63452.07298686728,76212.77976199053,128.0
1790321519,8,TPOT,completion,0.100000,0.000000,550,550,550,550,550,550,550,550,550,550,550,10,0,500,504.60587867487976,463.85951514913165,555.2365053481767,0.0
1790321519,8,TTFT,completion,0.100000,0.000000,5700,5700,5700,5700,5700,5700,5700,5700,5700,5700,5700,10,0,5400,5214.926846139133,4541.847490007058,5697.682187892497,0.0
1790321519,8,,Aggregated,0.300000,0.000000,5700,5700,69000,69000,76000,76000,76000,76000,76000,76000,76000,30,0,5400,25006.490471972924,463.85951514913165,76212.77976199053,42.666666666666664
1790321520,8,POST,completion,0.100000,0.000000,76000,76000,76000,76000,76000,76000,76000,76000,76000,76000,76000,10,0,69000,69299.93869110476,63452.07298686728,76212.77976199053,128.0
1790321520,8,TPOT,completion,0.100000,0.000000,550,550,550,550,550,550,550,550,550,550,550,10,0,500,504.60587867487976,463.85951514913165,555.2365053481767,0.0
1790321520,8,TTFT,completion,0.100000,0.000000,5700,5700,5700,5700,5700,5700,5700,5700,5700,5700,5700,10,0,5400,5214.926846139133,4541.847490007058,5697.682187892497,0.0
1790321520,8,,Aggregated,0.300000,0.000000,5700,5700,69000,69000,76000,76000,76000,76000,76000,76000,76000,30,0,5400,25006.490471972924,463.85951514913165,76212.77976199053,42.666666666666664
1790321521,8,POST,completion,0.100000,0.000000,76000,76000,76000,76000,76000,76000,76000,76000,76000,76000,76000,10,0,69000,69299.93869110476,63452.07298686728,76212.77976199053,128.0
1790321521,8,TPOT,completion,0.100000,0.000000,550,550,550,550,550,550,550,550,550,550,550,10,0,500,504.60587867487976,463.85951514913165,555.2365053481767,0.0
1790321521,8,TTFT,completion,0.100000,0.000000,5700,5700,5700,5700,5700,5700,5700,5700,5700,5700,5700,10,0,5400,5214.926846139133,4541.847490007058,5697.682187892497,0.0
1790321521,8,,Aggregated,0.300000,0.000000,5700,5700,69000,69000,76000,76000,76000,76000,76000,76000,76000,30,0,5400,25006.490471972924,463.85951514913165,76212.77976199053,42.666666666666664
1790321522,8,POST,completion,0.100000,0.000000,76000,76000,76000,76000,76000,76000,76000,76000,76000,76000,76000,10,0,69000,69299.93869110476,63452.07298686728,76212.77976199053,128.0
1790321522,8,TPOT,completion,0.100000,0.000000,550,550,550,550,550,550,550,550,550,550,550,10,0,500,504.60587867487976,463.85951514913165,555.2365053481767,0.0
1790321522,8,TTFT,completion,0.100000,0.000000,5700,5700,5700,5700,5700,5700,5700,5700,5700,5700,5700,10,0,5400,5214.926846139133,4541.847490007058,5697.682187892497,0.0
1790321522,8,,Aggregated,0.300000,0.000000,5700,5700,69000,69000,76000,76000,76000,76000,76000,76000,76000,30,0,5400,25006.490471972924,463.85951514913165,76212.77976199053,42.666666666666664
1790321523,8,POST,completion,0.200000,0.000000,76000,76000,76000,76000,76000,76000,76000,76000,76000,76000,76000,11,0,69000,69294.83983680521,63452.07298686728,76212.77976199053,128.0
1790321523,8,TPOT,completion,0.200000,0.000000,550,550,550,550,550,550,550,550,550,550,550,11,0,500,504.26092104514305,463.85951514913165,555.2365053481767,0.0
1790321523,8,TTFT,completion,0.200000,0.000000,5700,5700,5700,5700,5700,5700,5700,5700,5700,5700,5700,11,0,5400,5253.637694838372,4541.847490007058,5697.682187892497,0.0
1790321523,8,,Aggregated,0.600000,0.000000,5700,5700,69000,69000,76000,76000,76000,76000,76000,76000,76000,33,0,5400,25017.579484229576,463.85951514913165,76212.77976199053,42.666666666666664
1790321524,8,POST,completion,0.200000,0.000000,76000,76000,76000,76000,76000,76000,76000,76000,76000,76000,76000,11,0,69000,69294.83983680521,63452.07298686728,76212.77976199053,128.0
1790321524,8,TPOT,completion,0.200000,0.000000,550,550,550,550,550,550,550,550,550,550,550,11,0,500,504.26092104514305,463.85951514913165,555.2365053481767,0.0
1790321524,8,TTFT,completion,0.200000,0.000000,5700,5700,5700,5700,5700,5700,5700,5700,5700,5700,5700,11,0,5400,5253.637694838372,4541.847490007058,5697.682187892497,0.0
1790321524,8,,Aggregated,0.600000,0.000000,5700,5700,69000,69000,76000,76000,76000,76000,76000,76000,76000,33,0,5400,25017.579484229576,463.85951514913165,76212.77976199053,42.666666666666664
1790321525,8,POST,completion,0.200000,0.000000,76000,76000,76000,76000,76000,76000,76000,76000,76000,76000,76000,11,0,69000,69294.83983680521,63452.07298686728,76212.77976199053,128.0
1790321525,8,TPOT,completion,0.200000,0.000000,550,550,550,550,550,550,550,550,550,550,550,11,0,500,504.26092104514305,463.85951514913165,555.2365053481767,0.0
1790321525,8,TTFT,completion,0.200000,0.000000,5700,5700,5700,5700,5700,5700,5700,5700,5700,5700,5700,11,0,5400,5253.637694838372,4541.847490007058,5697.682187892497,0.0
1790321525,8,,Aggregated,0.600000,0.000000,5700,5700,69000,69000,76000,76000,76000,76000,76000,76000,76000,33,0,5400,25017.579484229576,463.85951514913165,76212.77976199053,42.666666666666664
1790321526,8,POST,completion,0.200000,0.000000,76000,76000,76000,76000,76000,76000,76000,76000,76000,76000,76000,11,0,69000,69294.83983680521,63452.07298686728,76212.77976199053,128.0
1790321526,8,TPOT,completion,0.200000,0.000000,550,550,550,550,550,550,550,550,550,550,550,11,0,500,504.26092104514305,463.85951514913165,555.2365053481767,0.0
1790321526,8,TTFT,completion,0.200000,0.000000,5700,5700,5700,5700,5700,5700,5700,5700,5700,5700,5700,11,0,5400,5253.637694838372,4541.847490007058,5697.682187892497,0.0
1790321526,8,,Aggregated,0.600000,0.000000,5700,5700,69000,69000,76000,76000,76000,76000,76000,76000,76000,33,0,5400,25017.579484229576,463.85951514913165,76212.77976199053,42.666666666666664
1790321527,8,POST,completion,0.200000,0.000000,76000,76000,76000,76000,76000,76000,76000,76000,76000,76000,76000,11,0,69000,69294.83983680521,63452.07298686728,76212.77976199053,128.0
1790321527,8,TPOT,completion,0.200000,0.000000,550,550,550,550,550,550,550,550,550,550,550,11,0,500,504.26092104514305,463.85951514913165,555.2365053481767,0.0
1790321527,8,TTFT,completion,0.200000,0.000000,5700,5700,5700,5700,5700,5700,5700,5700,5700,5700,5700,11,0,5400,5253.637694838372,4541.847490007058,5697.682187892497,0.0
1790321527,8,,Aggregated,0.600000,0.000000,5700,5700,69000,69000,76000,76000,76000,76000,76000,76000,76000,33,0,5400,25017.579484229576,463.85951514913165,76212.77976199053,42.666666666666664
1790321528,8,POST,completion,0.200000,0.000000,76000,76000,76000,76000,76000,76000,76000,76000,76000,76000,76000,11,0,69000,69294.83983680521,63452.07298686728,76212.77976199053,128.0
1790321528,8,TPOT,completion,0.200000,0.000000,550,550,550,550,550,550,550,550,550,550,550,11,0,500,504.26092104514305,463.85951514913165,555.2365053481767,0.0
1790321528,8,TTFT,completion,0.200000,0.000000,5700,5700,5700,5700,5700,5700,5700,5700,5700,5700,5700,11,0,5400,5253.637694838372,4541.847490007058,5697.682187892497,0.0
1790321528,8,,Aggregated,0.600000,0.000000,5700,5700,69000,69000,76000,76000,76000,76000,76000,76000,76000,33,0,5400,25017.579484229576,463.85951514913165,76212.77976199053,42.666666666666664
1790321529,8,POST,completion,0.100000,0.000000,69000,69000,69000,69000,69000,69000,69000,69000,69000,69000,69000,12,0,69000,69191.29868666641,63452.07298686728,76212.77976199053,128.0
1790321529,8,TPOT,completion,0.100000,0.000000,500,500,500,500,500,500,500,500,500,500,500,12,0,500,503.19828321925644,463.85951514913165,555.2365053481767,0.0
1790321529,8,TTFT,completion,0.100000,0.000000,5600,5600,5600,5600,5600,5600,5600,5600,5600,5600,5600,12,0,5500,5285.0518138535945,4541.847490007058,5697.682187892497,0.0
1790321529,8,,Aggregated,0.300000,0.000000,5600,5600,68000,68000,69000,69000,69000,69000,69000,69000,69000,36,0,5500,24993.182927913087,463.85951514913165,76212.77976199053,42.666666666666664
1790321530,8,POST,completion,0.100000,0.000000,69000,69000,69000,69000,69000,69000,69000,69000,69000,69000,69000,12,0,69000,69191.29868666641,63452.07298686728,76212.77976199053,128.0
1790321530,8,TPOT,completion,0.100000,0.000000,500,500,500,500,500,500,500,500,500,500,500,12,0,500,503.19828321925644,463.85951514913165,555.2365053481767,0.0
1790321530,8,TTFT,completion,0.100000,0.000000,5600,5600,5600,5600,5600,5600,5600,5600,5600,5600,5600,12,0,5500,5285.0518138535945,4541.847490007058,5697.682187892497,0.0
1790321530,8,,Aggregated,0.300000,0.000000,5600,5600,68000,68000,69000,69000,69000,69000,69000,69000,69000,36,0,5500,24993.182927913087,463.85951514913165,76212.77976199053,42.666666666666664
1790321531,8,POST,completion,0.100000,0.000000,69000,69000,69000,69000,69000,69000,69000,69000,69000,69000,69000,12,0,69000,69191.29868666641,63452.07298686728,76212.77976199053,128.0
1790321531,8,TPOT,completion,0.100000,0.000000,500,500,500,500,500,500,500,500,500,500,500,12,0,500,503.19828321925644,463.85951514913165,555.2365053481767,0.0
1790321531,8,TTFT,completion,0.100000,0.000000,5600,5600,5600,5600,5600,5600,5600,5600,5600,5600,5600,12,0,5500,5285.0518138535945,4541.847490007058,5697.682187892497,0.0
1790321531,8,,Aggregated,0.300000,0.000000,5600,5600,68000,68000,69000,69000,69000,69000,69000,69000,69000,36,0,5500,24993.182927913087,463.85951514913165,76212.77976199053,42.666666666666664
1790321532,8,POST,completion,0.100000,0.000000,69000,69000,69000,69000,69000,69000,69000,69000,69000,69000,69000,12,0,69000,69191.29868666641,63452.07298686728,76212.77976199053,128.0
1790321532,8,TPOT,completion,0.100000,0.000000,500,500,500,500,500,500,500,500,500,500,500,12,0,500,503.19828321925644,463.85951514913165,555.2365053481767,0.0
1790321532,8,TTFT,completion,0.100000,0.000000,5600,5600,5600,5600,5600,5600,5600,5600,5600,5600,5600,12,0,5500,5285.0518138535945,4541.847490007058,5697.682187892497,0.0
1790321532,8,,Aggregated,0.300000,0.000000,5600,5600,68000,68000,69000,69000,69000,69000,69000,69000,69000,36,0,5500,24993.182927913087,463.85951514913165,76212.77976199053,42.666666666666664
1790321533,8,POST,completion,0.100000,0.000000,69000,69000,69000,69000,69000,69000,69000,69000,69000,69000,69000,12,0,69000,69191.29868666641,63452.07298686728,76212.77976199053,128.0
1790321533,8,TPOT,completion,0.100000,0.000000,500,500,500,500,500,500,500,500,500,500,500,12,0,500,503.19828321925644,463.85951514913165,555.2365053481767,0.0
1790321533,8,TTFT,completion,0.100000,0.000000,5600,5600,5600,5600,5600,5600,5600,5600,5600,5600,5600,12,0,5500,5285.0518138535945,4541.847490007058,5697.682187892497,0.0
1790321533,8,,Aggregated,0.300000,0.000000,5600,5600,68000,68000,69000,69000,69000,69000,69000,69000,69000,36,0,5500,24993.182927913087,463.85951514913165,76212.77976199053,42.666666666666664
1790321534,8,POST,completion,0.100000,0.000000,69000,69000,69000,69000,69000,69000,69000,69000,69000,69000,69000,12,0,69000,69191.29868666641,63452.07298686728,76212.77976199053,128.0
1790321534,8,TPOT,completion,0.100000,0.000000,500,500,500,500,500,500,500,500,500,500,500,12,0,500,503.19828321925644,463.85951514913165,555.2365053481767,0.0
1790321534,8,TTFT,completion,0.100000,0.000000,5600,5600,5600,5600,5600,5600,5600,5600,5600,5600,5600,12,0,5500,5285.0518138535945,4541.847490007058,5697.682187892497,0.0
1790321534,8,,Aggregated,0.300000,0.000000,5600,5600,68000,68000,69000,69000,69000,69000,69000,69000,69000,36,0,5500,24993.182927913087,463.85951514913165,76212.77976199053,42.666666666666664
1790321535,8,POST,completion,0.100000,0.000000,68000,68000,68000,68000,68000,68000,68000,68000,68000,68000,68000,12,0,69000,69191.29868666641,63452.07298686728,76212.77976199053,128.0
1790321535,8,TPOT,completion,0.100000,0.000000,490,490,490,490,490,490,490,490,490,490,490,12,0,500,503.19828321925644,463.85951514913165,555.2365053481767,0.0
1790321535,8,TTFT,completion,0.100000,0.000000,5600,5600,5600,5600,5600,5600,5600,5600,5600,5600,5600,12,0,5500,5285.0518138535945,4541.847490007058,5697.682187892497,0.0
1790321535,8,,Aggregated,0.300000,0.000000,5600,5600,68000,68000,68000,68000,68000,68000,68000,68000,68000,36,0,5500,24993.182927913087,463.85951514913165,76212.77976199053,42.666666666666664
1790321536,8,POST,completion,0.100000,0.000000,68000,68000,68000,68000,68000,68000,68000,68000,68000,68000,68000,12,0,69000,69191.29868666641,63452.07298686728,76212.77976199053,128.0
1790321536,8,TPOT,completion,0.100000,0.000000,490,490,490,490,490,490,490,490,490,490,490,12,0,500,503.19828321925644,463.85951514913165,555.2365053481767,0.0
1790321536,8,TTFT,completion,0.100000,0.000000,5600,5600,5600,5600,5600,5600,5600,5600,5600,5600,5600,12,0,5500,5285.0518138535945,4541.847490007058,5697.682187892497,0.0
1790321536,8,,Aggregated,0.300000,0.000000,5600,5600,68000,68000,68000,68000,68000,68000,68000,68000,68000,36,0,5500,24993.182927913087,463.85951514913165,76212.77976199053,42.666666666666664
1790321537,8,POST,completion,0.100000,0.000000,68000,68000,68000,68000,68000,68000,68000,68000,68000,68000,68000,12,0,69000,69191.29868666641,63452.07298686728,76212.77976199053,128.0
1790321537,8,TPOT,completion,0.100000,0.000000,490,490,490,490,490,490,490,490,490,490,490,12,0,500,503.19828321925644,463.85951514913165,555.2365053481767,0.0
1790321537,8,TTFT,completion,0.100000,0.000000,5600,5600,5600,5600,5600,5600,5600,5600,5600,5600,5600,12,0,5500,5285.0518138535945,4541.847490007058,5697.682187892497,0.0
1790321537,8,,Aggregated,0.300000,0.000000,5600,5600,68000,68000,68000,68000,68000,68000,68000,68000,68000,36,0,5500,24993.182927913087,463.85951514913165,76212.77976199053,42.666666666666664
1790321538,8,POST,completion,0.100000,0.000000,69000,69000,69000,69000,69000,69000,69000,69000,69000,69000,69000,13,0,69000,69174.7248101478,63452.07298686728,76212.77976199053,128.0
1790321538,8,TPOT,completion,0.100000,0.000000,500,500,500,500,500,500,500,500,500,500,500,13,0,500,503.01382922356447,463.85951514913165,555.2365053481767,0.0
1790321538,8,TTFT,completion,0.100000,0.000000,5600,5600,5600,5600,5600,5600,5600,5600,5600,5600,5600,13,0,5400,5291.903830097558,4541.847490007058,5697.682187892497,0.0
1790321538,8,,Aggregated,0.300000,0.000000,5600,5600,68000,68000,69000,69000,69000,69000,69000,69000,69000,39,0,5400,24989.880823156305,463.85951514913165,76212.77976199053,42.666666666666664
1790321539,8,POST,completion,0.100000,0.000000,69000,69000,69000,69000,69000,69000,69000,69000,69000,69000,69000,13,0,69000,69174.7248101478,63452.07298686728,76212.77976199053,128.0
1790321539,8,TPOT,completion,0.100000,0.000000,500,500,500,500,500,500,500,500,500,500,500,13,0,500,503.01382922356447,463.85951514913165,555.2365053481767,0.0
1790321539,8,TTFT,completion,0.100000,0.000000,5600,5600,5600,5600,5600,5600,5600,5600,5600,5600,5600,13,0,5400,5291.903830097558,4541.847490007058,5697.682187892497,0.0
1790321539,8,,Aggregated,0.300000,0.000000,5600,5600,68000,68000,69000,69000,69000,69000,69000,69000,69000,39,0,5400,24989.880823156305,463.85951514913165,76212.77976199053,42.666666666666664
1790321540,8,POST,completion,0.100000,0.000000,69000,69000,69000,69000,69000,69000,69000,69000,69000,69000,69000,13,0,69000,69174.7248101478,63452.07298686728,76212.77976199053,128.0
1790321540,8,TPOT,completion,0.100000,0.000000,500,500,500,500,500,500,500,500,500,500,500,13,0,500,503.01382922356447,463.85951514913165,555.2365053481767,0.0
1790321540,8,TTFT,completion,0.100000,0.000000,5600,5600,5600,5600,5600,5600,5600,5600,5600,5600,5600,13,0,5400,5291.903830097558,4541.847490007058,5697.682187892497,0.0
1790321540,8,,Aggregated,0.300000,0.000000,5600,5600,68000,68000,69000,69000,69000,69000,69000,69000,69000,39,0,5400,24989.880823156305,463.85951514913165,76212.77976199053,42.666666666666664
1790321541,8,POST,completion,0.200000,0.000000,69000,69000,69000,69000,69000,69000,69000,69000,69000,69000,69000,14,0,69000,69187.0383414207,63452.07298686728,76212.77976199053,128.0
1790321541,8,TPOT,completion,0.200000,0.000000,500,500,500,500,500,500,500,500,500,500,500,14,0,500,503.084939061973,463.85951514913165,555.2365053481767,0.0
1790321541,8,TTFT,completion,0.200000,0.000000,5400,5400,5600,5600,5600,5600,5600,5600,5600,5600,5600,14,0,5400,5295.185517087312,4541.847490007058,5697.682187892497,0.0
1790321541,8,,Aggregated,0.600000,0.000000,5400,5600,68000,69000,69000,69000,69000,69000,69000,69000,69000,42,0,5400,24995.102932523325,463.85951514913165,76212.77976199053,42.666666666666664
1790321542,8,POST,completion,0.200000,0.000000,69000,69000,69000,69000,69000,69000,69000,69000,69000,69000,69000,14,0,69000,69187.0383414207,63452.07298686728,76212.77976199053,128.0
1790321542,8,TPOT,completion,0.200000,0.000000,500,500,500,500,500,500,500,500,500,500,500,14,0,500,503.084939061973,463.85951514913165,555.2365053481767,0.0
1790321542,8,TTFT,completion,0.200000,0.000000,5400,5400,5600,5600,5600,5600,5600,5600,5600,5600,5600,14,0,5400,5295.185517087312,4541.847490007058,5697.682187892497,0.0
1790321542,8,,Aggregated,0.600000,0.000000,5400,5600,68000,69000,69000,69000,69000,69000,69000,69000,69000,42,0,5400,24995.102932523325,463.85951514913165,76212.77976199053,42.666666666666664
1790321543,8,POST,completion,0.200000,0.000000,69000,69000,69000,69000,69000,69000,69000,69000,69000,69000,69000,14,0,69000,69187.0383414207,63452.07298686728,76212.77976199053,128.0
1790321543,8,TPOT,completion,0.200000,0.000000,500,500,500,500,500,500,500,500,500,500,500,14,0,500,503.084939061973,463.85951514913165,555.2365053481767,0.0
1790321543,8,TTFT,completion,0.200000,0.000000,5400,5400,5400,5400,5400,5400,5400,5400,5400,5400,5400,14,0,5400,5295.185517087312,4541.847490007058,5697.682187892497,0.0
1790321543,8,,Aggregated,0.600000,0.000000,5400,5400,69000,69000,69000,69000,69000,69000,69000,69000,69000,42,0,5400,24995.102932523325,463.85951514913165,76212.77976199053,42.666666666666664
1790321544,8,POST,completion,0.200000,0.000000,69000,69000,75000,75000,75000,75000,75000,75000,75000,75000,75000,16,0,69000,69521.41851918714,63452.07298686728,76212.77976199053,128.0
1790321544,8,TPOT,completion,0.200000,0.000000,500,500,550,550,550,550,550,550,550,550,550,16,0,500,505.74934104396533,463.85951514913165,555.2365053481767,0.0
1790321544,8,TTFT,completion,0.200000,0.000000,5300,5300,5400,5400,5400,5400,5400,5400,5400,5400,5400,16,0,5400,5291.187392635038,4541.847490007058,5697.682187892497,0.0
1790321544,8,,Aggregated,0.600000,0.000000,5300,5400,69000,69000,69000,75000,75000,75000,75000,75000,75000,48,0,5400,25106.118417622045,463.85951514913165,76212.77976199053,42.666666666666664
1790321545,8,POST,completion,0.200000,0.000000,69000,69000,75000,75000,75000,75000,75000,75000,75000,75000,75000,16,0,69000,69521.41851918714,63452.07298686728,76212.77976199053,128.0
1790321545,8,TPOT,completion,0.200000,0.000000,500,500,550,550,550,550,550,550,550,550,550,16,0,500,505.74934104396533,463.85951514913165,555.2365053481767,0.0
1790321545,8,TTFT,completion,0.200000,0.000000,5300,5300,5400,5400,5400,5400,5400,5400,5400,5400,5400,16,0,5400,5291.187392635038,4541.847490007058,5697.682187892497,0.0
1790321545,8,,Aggregated,0.600000,0.000000,5300,5400,69000,69000,69000,75000,75000,75000,75000,75000,75000,48,0,5400,25106.118417622045,463.85951514913165,76212.77976199053,42.666666666666664
1790321546,8,POST,completion,0.200000,0.000000,69000,69000,75000,75000,75000,75000,75000,75000,75000,75000,75000,16,0,69000,69521.41851918714,63452.07298686728,76212.77976199053,128.0
1790321546,8,TPOT,completion,0.200000,0.000000,500,500,550,550,550,550,550,550,550,550,550,16,0,500,505.74934104396533,463.85951514913165,555.2365053481767,0.0
1790321546,8,TTFT,completion,0.200000,0.000000,5300,5300,5400,5400,5400,5400,5400,5400,5400,5400,5400,16,0,5400,5291.187392635038,4541.847490007058,5697.682187892497,0.0
1790321546,8,,Aggregated,0.600000,0.000000,5300,5400,69000,69000,69000,75000,75000,75000,75000,75000,75000,48,0,5400,25106.118417622045,463.85951514913165,76212.77976199053,42.666666666666664
1790321547,8,POST,completion,0.200000,0.000000,69000,69000,75000,75000,75000,75000,75000,75000,75000,75000,75000,16,0,69000,69521.41851918714,63452.07298686728,76212.77976199053,128.0
1790321547,8,TPOT,completion,0.200000,0.000000,500,500,550,550,550,550,550,550,550,550,550,16,0,500,505.74934104396533,463.85951514913165,555.2365053481767,0.0
1790321547,8,TTFT,completion,0.200000,0.000000,5300,5300,5400,5400,5400,5400,5400,5400,5400,5400,5400,16,0,5400,5291.187392635038,4541.847490007058,5697.682187892497,0.0
1790321547,8,,Aggregated,0.600000,0.000000,5300,5400,69000,69000,69000,75000,75000,75000,75000,75000,75000,48,0,5400,25106.118417622045,463.85951514913165,76212.77976199053,42.666666666666664
1790321548,8,POST,completion,0.200000,0.000000,69000,69000,75000,75000,75000,75000,75000,75000,75000,75000,75000,16,0,69000,69521.41851918714,63452.07298686728,76212.77976199053,128.0
1790321548,8,TPOT,completion,0.200000,0.000000,500,500,550,550,550,550,550,550,550,550,550,16,0,500,505.74934104396533,463.85951514913165,555.2365053481767,0.0
1790321548,8,TTFT,completion,0.200000,0.000000,5300,5300,5300,5300,5300,5300,5300,5300,5300,5300,5300,16,0,5400,5291.187392635038,4541.847490007058,5697.682187892497,0.0
1790321548,8,,Aggregated,0.600000,0.000000,5300,5300,69000,69000,75000,75000,75000,75000,75000,75000,75000,48,0,5400,25106.118417622045,463.85951514913165,76212.77976199053,42.666666666666664
1790321549,8,POST,completion,0.200000,0.000000,69000,69000,75000,75000,75000,75000,75000,75000,75000,75000,75000,16,0,69000,69521.41851918714,63452.07298686728,76212.77976199053,128.0
1790321549,8,TPOT,completion,0.200000,0.000000,500,500,550,550,550,550,550,550,550,550,550,16,0,500,505.74934104396533,463.85951514913165,555.2365053481767,0.0
1790321549,8,TTFT,completion,0.200000,0.000000,5300,5300,5300,5300,5300,5300,5300,5300,5300,5300,5300,16,0,5400,5291.187392635038,4541.847490007058,5697.682187892497,0.0
1790321549,8,,Aggregated,0.600000,0.000000,5300,5300,69000,69000,75000,75000,75000,75000,75000,75000,75000,48,0,5400,25106.118417622045,463.85951514913165,76212.77976199053,42.666666666666664
1790321550,8,POST,completion,0.200000,0.000000,69000,69000,75000,75000,75000,75000,75000,75000,75000,75000,75000,16,0,69000,69521.41851918714,63452.07298686728,76212.77976199053,128.0
1790321550,8,TPOT,completion,0.200000,0.000000,500,500,550,550,550,550,550,550,550,550,550,16,0,500,505.74934104396533,463.85951514913165,555.2365053481767,0.0
1790321550,8,TTFT,completion,0.200000,0.000000,5300,5300,5300,5300,5300,5300,5300,5300,5300,5300,5300,16,0,5400,5291.187392635038,4541.847490007058,5697.682187892497,0.0
1790321550,8,,Aggregated,0.600000,0.000000,5300,5300,69000,69000,75000,75000,75000,75000,75000,75000,75000,48,0,5400,25106.118417622045,463.85951514913165,76212.77976199053,42.666666666666664
1790321551,8,POST,completion,0.200000,0.000000,75000,75000,75000,75000,75000,75000,75000,75000,75000,75000,75000,16,0,69000,69521.41851918714,63452.07298686728,76212.77976199053,128.0
1790321551,8,TPOT,completion,0.200000,0.000000,550,550,550,550,550,550,550,550,550,550,550,16,0,500,505.74934104396533,463.85951514913165,555.2365053481767,0.0
1790321551,8,TTFT,completion,0.200000,0.000000,5300,5300,5300,5300,5300,5300,5300,5300,5300,5300,5300,16,0,5400,5291.187392635038,4541.847490007058,5697.682187892497,0.0
1790321551,8,,Aggregated,0.600000,0.000000,5300,5300,69000,69000,75000,75000,75000,75000,75000,75000,75000,48,0,5400,25106.118417622045,463.85951514913165,76212.77976199053,42.666666666666664
1790321552,8,POST,completion,0.200000,0.000000,75000,75000,75000,75000,75000,75000,75000,75000,75000,75000,75000,16,0,69000,69521.41851918714,63452.07298686728,76212.77976199053,128.0
1790321552,8,TPOT,completion,0.200000,0.000000,550,550,550,550,550,550,550,550,550,550,550,16,0,500,505.74934104396533,463.85951514913165,555.2365053481767,0.0
1790321552,8,TTFT,completion,0.200000,0.000000,5300,5300,5300,5300,5300,5300,5300,5300,5300,5300,5300,16,0,5400,5291.187392635038,4541.847490007058,5697.682187892497,0.0
1790321552,8,,Aggregated,0.600000,0.000000,5300,5300,69000,69000,75000,75000,75000,75000,75000,75000,75000,48,0,5400,25106.118417622045,463.85951514913165,76212.77976199053,42.666666666666664
1790321553,8,POST,completion,0.200000,0.000000,75000,75000,75000,75000,75000,75000,75000,75000,75000,75000,75000,16,0,69000,69521.41851918714,63452.07298686728,76212.77976199053,128.0
1790321553,8,TPOT,completion,0.200000,0.000000,550,550,550,550,550,550,550,550,550,550,550,16,0,500,505.74934104396533,463.85951514913165,555.2365053481767,0.0
1790321553,8,TTFT,completion,0.200000,0.000000,5300,5300,5300,5300,5300,5300,5300,5300,5300,5300,5300,16,0,5400,5291.187392635038,4541.847490007058,5697.682187892497,0.0
1790321553,8,,Aggregated,0.600000,0.000000,5300,5300,75000,75000,75000,75000,75000,75000,75000,75000,75000,48,0,5400,25106.118417622045,463.85951514913165,76212.77976199053,42.666666666666664
1790321554,8,POST,completion,0.200000,0.000000,75000,75000,75000,75000,75000,75000,75000,75000,75000,75000,75000,16,0,69000,69521.41851918714,63452.07298686728,76212.77976199053,128.0
1790321554,8,TPOT,completion,0.200000,0.000000,550,550,550,550,550,550,550,550,550,550,550,16,0,500,505.74934104396533,463.85951514913165,555.2365053481767,0.0
1790321554,8,TTFT,completion,0.200000,0.000000,5300,5300,5300,5300,5300,5300,5300,5300,5300,5300,5300,16,0,5400,5291.187392635038,4541.847490007058,5697.682187892497,0.0
1790321554,8,,Aggregated,0.600000,0.000000,5300,5300,75000,75000,75000,75000,75000,75000,75000,75000,75000,48,0,5400,25106.118417622045,463.85951514913165,76212.77976199053,42.666666666666664
1790321555,8,POST,completion,0.200000,0.000000,75000,75000,75000,75000,75000,75000,75000,75000,75000,75000,75000,16,0,69000,69521.41851918714,63452.07298686728,76212.77976199053,128.0
1790321555,8,TPOT,completion,0.200000,0.000000,550,550,550,550,550,550,550,550,550,550,550,16,0,500,505.74934104396533,463.85951514913165,555.2365053481767,0.0
1790321555,8,TTFT,completion,0.200000,0.000000,5300,5300,5300,5300,5300,5300,5300,5300,5300,5300,5300,16,0,5400,5291.187392635038,4541.847490007058,5697.682187892497,0.0
1790321555,8,,Aggregated,0.600000,0.000000,5300,5300,75000,75000,75000,75000,75000,75000,75000,75000,75000,48,0,5400,25106.118417622045,463.85951514913165,76212.77976199053,42.666666666666664
1790321556,8,POST,completion,0.200000,0.000000,75000,75000,75000,75000,75000,75000,75000,75000,75000,75000,75000,16,0,69000,69521.41851918714,63452.07298686728,76212.77976199053,128.0
1790321556,8,TPOT,completion,0.200000,0.000000,550,550,550,550,550,550,550,550,550,550,550,16,0,500,505.74934104396533,463.85951514913165,555.2365053481767,0.0
1790321556,8,TTFT,completion,0.200000,0.000000,5300,5300,5300,5300,5300,5300,5300,5300,5300,5300,5300,16,0,5400,5291.187392635038,4541.847490007058,5697.682187892497,0.0
1790321556,8,,Aggregated,0.600000,0.000000,5300,5300,75000,75000,75000,75000,75000,75000,75000,75000,75000,48,0,5400,25106.118417622045,463.85951514913165,76212.77976199053,42.666666666666664
1790321557,8,POST,completion,0.200000,0.000000,75000,75000,75000,75000,75000,75000,75000,75000,75000,75000,75000,16,0,69000,69521.41851918714,63452.07298686728,76212.77976199053,128.0
1790321557,8,TPOT,completion,0.200000,0.000000,550,550,550,550,550,550,550,550,550,550,550,16,0,500,505.74934104396533,463.85951514913165,555.2365053481767,0.0
1790321557,8,TTFT,completion,0.200000,0.000000,5300,5300,5300,5300,5300,5300,5300,5300,5300,5300,5300,16,0,5400,5291.187392635038,4541.847490007058,5697.682187892497,0.0
1790321557,8,,Aggregated,0.600000,0.000000,5300,5300,75000,75000,75000,75000,75000,75000,75000,75000,75000,48,0,5400,25106.118417622045,463.85951514913165,76212.77976199053,42.666666666666664
1790321558,8,POST,completion,0.200000,0.000000,75000,75000,75000,75000,75000,75000,75000,75000,75000,75000,75000,16,0,69000,69521.41851918714,63452.07298686728,76212.77976199053,128.0
1790321558,8,TPOT,completion,0.200000,0.000000,550,550,550,550,550,550,550,550,550,550,550,16,0,500,505.74934104396533,463.85951514913165,555.2365053481767,0.0
1790321558,8,TTFT,completion,0.200000,0.000000,5300,5300,5300,5300,5300,5300,5300,5300,5300,5300,5300,16,0,5400,5291.187392635038,4541.847490007058,5697.682187892497,0.0
1790321558,8,,Aggregated,0.600000,0.000000,5300,5300,75000,75000,75000,75000,75000,75000,75000,75000,75000,48,0,5400,25106.118417622045,463.85951514913165,76212.77976199053,42.666666666666664
1790321559,8,POST,completion,0.200000,0.000000,75000,75000,75000,75000,75000,75000,75000,75000,75000,75000,75000,16,0,69000,69521.41851918714,63452.07298686728,76212.77976199053,128.0
1790321559,8,TPOT,completion,0.200000,0.000000,550,550,550,550,550,550,550,550,550,550,550,16,0,500,505.74934104396533,463.85951514913165,555.2365053481767,0.0
1790321559,8,TTFT,completion,0.200000,0.000000,5300,5300,5300,5300,5300,5300,5300,5300,5300,5300,5300,16,0,5400,5291.187392635038,4541.847490007058,5697.682187892497,0.0
1790321559,8,,Aggregated,0.600000,0.000000,5300,5300,75000,75000,75000,75000,75000,75000,75000,75000,75000,48,0,5400,25106.118417622045,463.85951514913165,76212.77976199053,42.666666666666664
1790321560,8,POST,completion,0.200000,0.000000,75000,75000,75000,75000,75000,75000,75000,75000,75000,75000,75000,16,0,69000,69521.41851918714,63452.07298686728,76212.77976199053,128.0
1790321560,8,TPOT,completion,0.200000,0.000000,550,550,550,550,550,550,550,550,550,550,550,16,0,500,505.74934104396533,463.85951514913165,555.2365053481767,0.0
1790321560,8,TTFT,completion,0.200000,0.000000,5300,5300,5300,5300,5300,5300,5300,5300,5300,5300,5300,16,0,5400,5291.187392635038,4541.847490007058,5697.682187892497,0.0
1790321560,8,,Aggregated,0.600000,0.000000,5300,5300,75000,75000,75000,75000,75000,75000,75000,75000,75000,48,0,5400,25106.118417622045,463.85951514913165,76212.77976199053,42.666666666666664
1790321561,8,POST,completion,0.200000,0.000000,75000,75000,75000,75000,75000,75000,75000,75000,75000,75000,75000,16,0,69000,69521.41851918714,63452.07298686728,76212.77976199053,128.0
1790321561,8,TPOT,completion,0.200000,0.000000,550,550,550,550,550,550,550,550,550,550,550,16,0,500,505.74934104396533,463.85951514913165,555.2365053481767,0.0
1790321561,8,TTFT,completion,0.200000,0.000000,5300,5300,5300,5300,5300,5300,5300,5300,5300,5300,5300,16,0,5400,5291.187392635038,4541.847490007058,5697.682187892497,0.0
1790321561,8,,Aggregated,0.600000,0.000000,5300,5300,75000,75000,75000,75000,75000,75000,75000,75000,75000,48,0,5400,25106.118417622045,463.85951514913165,76212.77976199053,42.666666666666664
1790321562,8,POST,completion,0.200000,0.000000,0,0,0,0,0,0,0,0,0,0,0,16,0,69000,69521.41851918714,63452.07298686728,76212.77976199053,128.0
1790321562,8,TPOT,completion,0.200000,0.000000,0,0,0,0,0,0,0,0,0,0,0,16,0,500,505.74934104396533,463.85951514913165,555.2365053481767,0.0
1790321562,8,TTFT,completion,0.200000,0.000000,0,0,0,0,0,0,0,0,0,0,0,16,0,5400,5291.187392635038,4541.847490007058,5697.682187892497,0.0
1790321562,8,,Aggregated,0.600000,0.000000,0,0,0,0,0,0,0,0,0,0,0,48,0,5400,25106.118417622045,463.85951514913165,76212.77976199053,42.666666666666664
1790321563,8,POST,completion,0.200000,0.000000,0,0,0,0,0,0,0,0,0,0,0,16,0,69000,69521.41851918714,63452.07298686728,76212.77976199053,128.0
1790321563,8,TPOT,completion,0.200000,0.000000,0,0,0,0,0,0,0,0,0,0,0,16,0,500,505.74934104396533,463.85951514913165,555.2365053481767,0.0
1790321563,8,TTFT,completion,0.200000,0.000000,0,0,0,0,0,0,0,0,0,0,0,16,0,5400,5291.187392635038,4541.847490007058,5697.682187892497,0.0
1790321563,8,,Aggregated,0.600000,0.000000,0,0,0,0,0,0,0,0,0,0,0,48,0,5400,25106.118417622045,463.85951514913165,76212.77976199053,42.666666666666664
1790321564,8,POST,completion,0.200000,0.000000,0,0,0,0,0,0,0,0,0,0,0,16,0,69000,69521.41851918714,63452.07298686728,76212.77976199053,128.0
1790321564,8,TPOT,completion,0.200000,0.000000,0,0,0,0,0,0,0,0,0,0,0,16,0,500,505.74934104396533,463.85951514913165,555.2365053481767,0.0
1790321564,8,TTFT,completion,0.200000,0.000000,0,0,0,0,0,0,0,0,0,0,0,16,0,5400,5291.187392635038,4541.847490007058,5697.682187892497,0.0
1790321564,8,,Aggregated,0.600000,0.000000,0,0,0,0,0,0,0,0,0,0,0,48,0,5400,25106.118417622045,463.85951514913165,76212.77976199053,42.666666666666664
1790321565,8,POST,completion,0.200000,0.000000,0,0,0,0,0,0,0,0,0,0,0,16,0,69000,69521.41851918714,63452.07298686728,76212.77976199053,128.0
1790321565,8,TPOT,completion,0.200000,0.000000,0,0,0,0,0,0,0,0,0,0,0,16,0,500,505.74934104396533,463.85951514913165,555.2365053481767,0.0
1790321565,8,TTFT,completion,0.200000,0.000000,0,0,0,0,0,0,0,0,0,0,0,16,0,5400,5291.187392635038,4541.847490007058,5697.682187892497,0.0
1790321565,8,,Aggregated,0.600000,0.000000,0,0,0,0,0,0,0,0,0,0,0,48,0,5400,25106.118417622045,463.85951514913165,76212.77976199053,42.666666666666664
1790321566,8,POST,completion,0.200000,0.000000,0,0,0,0,0,0,0,0,0,0,0,16,0,69000,69521.41851918714,63452.07298686728,76212.77976199053,128.0
1790321566,8,TPOT,completion,0.200000,0.000000,0,0,0,0,0,0,0,0,0,0,0,16,0,500,505.74934104396533,463.85951514913165,555.2365053481767,0.0
1790321566,8,TTFT,completion,0.200000,0.000000,0,0,0,0,0,0,0,0,0,0,0,16,0,5400,5291.187392635038,4541.847490007058,5697.682187892497,0.0
1790321566,8,,Aggregated,0.600000,0.000000,0,0,0,0,0,0,0,0,0,0,0,48,0,5400,25106.118417622045,463.85951514913165,76212.77976199053,42.666666666666664
1790321567,8,POST,completion,0.200000,0.000000,0,0,0,0,0,0,0,0,0,0,0,16,0,69000,69521.41851918714,63452.07298686728,76212.77976199053,128.0
1790321567,8,TPOT,completion,0.200000,0.000000,0,0,0,0,0,0,0,0,0,0,0,16,0,500,505.74934104396533,463.85951514913165,555.2365053481767,0.0
1790321567,8,TTFT,completion,0.200000,0.000000,0,0,0,0,0,0,0,0,0,0,0,16,0,5400,5291.187392635038,4541.847490007058,5697.682187892497,0.0
1790321567,8,,Aggregated,0.600000,0.000000,0,0,0,0,0,0,0,0,0,0,0,48,0,5400,25106.118417622045,463.85951514913165,76212.77976199053,42.666666666666664
1790321568,8,POST,completion,0.200000,0.000000,0,0,0,0,0,0,0,0,0,0,0,16,0,69000,69521.41851918714,63452.07298686728,76212.77976199053,128.0
1790321568,8,TPOT,completion,0.200000,0.000000,0,0,0,0,0,0,0,0,0,0,0,16,0,500,505.74934104396533,463.85951514913165,555.2365053481767,0.0
1790321568,8,TTFT,completion,0.200000,0.000000,0,0,0,0,0,0,0,0,0,0,0,16,0,5400,5291.187392635038,4541.847490007058,5697.682187892497,0.0
1790321568,8,,Aggregated,0.600000,0.000000,0,0,0,0,0,0,0,0,0,0,0,48,0,5400,25106.118417622045,463.85951514913165,76212.77976199053,42.666666666666664
1790321569,8,POST,completion,0.200000,0.000000,0,0,0,0,0,0,0,0,0,0,0,16,0,69000,69521.41851918714,63452.07298686728,76212.77976199053,128.0
1790321569,8,TPOT,completion,0.200000,0.000000,0,0,0,0,0,0,0,0,0,0,0,16,0,500,505.74934104396533,463.85951514913165,555.2365053481767,0.0
1790321569,8,TTFT,completion,0.200000,0.000000,0,0,0,0,0,0,0,0,0,0,0,16,0,5400,5291.187392635038,4541.847490007058,5697.682187892497,0.0
1790321569,8,,Aggregated,0.600000,0.000000,0,0,0,0,0,0,0,0,0,0,0,48,0,5400,25106.118417622045,463.85951514913165,76212.77976199053,42.666666666666664
1790321570,8,POST,completion,0.200000,0.000000,0,0,0,0,0,0,0,0,0,0,0,16,0,69000,69521.41851918714,63452.07298686728,76212.77976199053,128.0
1790321570,8,TPOT,completion,0.200000,0.000000,0,0,0,0,0,0,0,0,0,0,0,16,0,500,505.74934104396533,463.85951514913165,555.2365053481767,0.0
1790321570,8,TTFT,completion,0.200000,0.000000,0,0,0,0,0,0,0,0,0,0,0,16,0,5400,5291.187392635038,4541.847490007058,5697.682187892497,0.0
1790321570,8,,Aggregated,0.600000,0.000000,0,0,0,0,0,0,0,0,0,0,0,48,0,5400,25106.118417622045,463.85951514913165,76212.77976199053,42.666666666666664
1790321571,8,POST,completion,0.200000,0.000000,0,0,0,0,0,0,0,0,0,0,0,16,0,69000,69521.41851918714,63452.07298686728,76212.77976199053,128.0
1790321571,8,TPOT,completion,0.200000,0.000000,0,0,0,0,0,0,0,0,0,0,0,16,0,500,505.74934104396533,463.85951514913165,555.2365053481767,0.0
1790321571,8,TTFT,completion,0.200000,0.000000,0,0,0,0,0,0,0,0,0,0,0,16,0,5400,5291.187392635038,4541.847490007058,5697.682187892497,0.0
1790321571,8,,Aggregated,0.600000,0.000000,0,0,0,0,0,0,0,0,0,0,0,48,0,5400,25106.118417622045,463.85951514913165,76212.77976199053,42.666666666666664
1790321572,8,POST,completion,0.200000,0.000000,0,0,0,0,0,0,0,0,0,0,0,16,0,69000,69521.41851918714,63452.07298686728,76212.77976199053,128.0
1790321572,8,TPOT,completion,0.200000,0.000000,0,0,0,0,0,0,0,0,0,0,0,16,0,500,505.74934104396533,463.85951514913165,555.2365053481767,0.0
1790321572,8,TTFT,completion,0.200000,0.000000,0,0,0,0,0,0,0,0,0,0,0,16,0,5400,5291.187392635038,4541.847490007058,5697.682187892497,0.0
1790321572,8,,Aggregated,0.600000,0.000000,0,0,0,0,0,0,0,0,0,0,0,48,0,5400,25106.118417622045,463.85951514913165,76212.77976199053,42.666666666666664
1790321573,8,POST,completion,0.200000,0.000000,0,0,0,0,0,0,0,0,0,0,0,16,0,69000,69521.41851918714,63452.07298686728,76212.77976199053,128.0
1790321573,8,TPOT,completion,0.200000,0.000000,0,0,0,0,0,0,0,0,0,0,0,16,0,500,505.74934104396533,463.85951514913165,555.2365053481767,0.0
1790321573,8,TTFT,completion,0.200000,0.000000,0,0,0,0,0,0,0,0,0,0,0,16,0,5400,5291.187392635038,4541.847490007058,5697.682187892497,0.0
1790321573,8,,Aggregated,0.600000,0.000000,0,0,0,0,0,0,0,0,0,0,0,48,0,5400,25106.118417622045,463.85951514913165,76212.77976199053,42.666666666666664
1790321574,8,POST,completion,0.200000,0.000000,0,0,0,0,0,0,0,0,0,0,0,16,0,69000,69521.41851918714,63452.07298686728,76212.77976199053,128.0
1790321574,8,TPOT,completion,0.200000,0.000000,0,0,0,0,0,0,0,0,0,0,0,16,0,500,505.74934104396533,463.85951514913165,555.2365053481767,0.0
1790321574,8,TTFT,completion,0.200000,0.000000,0,0,0,0,0,0,0,0,0,0,0,16,0,5400,5291.187392635038,4541.847490007058,5697.682187892497,0.0
1790321574,8,,Aggregated,0.600000,0.000000,0,0,0,0,0,0,0,0,0,0,0,48,0,5400,25106.118417622045,463.85951514913165,76212.77976199053,42.666666666666664
1790321575,8,POST,completion,0.200000,0.000000,0,0,0,0,0,0,0,0,0,0,0,16,0,69000,69521.41851918714,63452.07298686728,76212.77976199053,128.0
1790321575,8,TPOT,completion,0.200000,0.000000,0,0,0,0,0,0,0,0,0,0,0,16,0,500,505.74934104396533,463.85951514913165,555.2365053481767,0.0
1790321575,8,TTFT,completion,0.200000,0.000000,0,0,0,0,0,0,0,0,0,0,0,16,0,5400,5291.187392635038,4541.847490007058,5697.682187892497,0.0
1790321575,8,,Aggregated,0.600000,0.000000,0,0,0,0,0,0,0,0,0,0,0,48,0,5400,25106.118417622045,463.85951514913165,76212.77976199053,42.666666666666664
1790321576,8,POST,completion,0.200000,0.000000,0,0,0,0,0,0,0,0,0,0,0,16,0,69000,69521.41851918714,63452.07298686728,76212.77976199053,128.0
1790321576,8,TPOT,completion,0.200000,0.000000,0,0,0,0,0,0,0,0,0,0,0,16,0,500,505.74934104396533,463.85951514913165,555.2365053481767,0.0
1790321576,8,TTFT,completion,0.200000,0.000000,0,0,0,0,0,0,0,0,0,0,0,16,0,5400,5291.187392635038,4541.847490007058,5697.682187892497,0.0
1790321576,8,,Aggregated,0.600000,0.000000,0,0,0,0,0,0,0,0,0,0,0,48,0,5400,25106.118417622045,463.85951514913165,76212.77976199053,42.666666666666664
1790321577,8,POST,completion,0.200000,0.000000,0,0,0,0,0,0,0,0,0,0,0,16,0,69000,69521.41851918714,63452.07298686728,76212.77976199053,128.0
1790321577,8,TPOT,completion,0.200000,0.000000,0,0,0,0,0,0,0,0,0,0,0,16,0,500,505.74934104396533,463.85951514913165,555.2365053481767,0.0
1790321577,8,TTFT,completion,0.200000,0.000000,0,0,0,0,0,0,0,0,0,0,0,16,0,5400,5291.187392635038,4541.847490007058,5697.682187892497,0.0
1790321577,8,,Aggregated,0.600000,0.000000,0,0,0,0,0,0,0,0,0,0,0,48,0,5400,25106.118417622045,463.85951514913165,76212.77976199053,42.666666666666664
1790321578,8,POST,completion,0.200000,0.000000,0,0,0,0,0,0,0,0,0,0,0,16,0,69000,69521.41851918714,63452.07298686728,76212.77976199053,128.0
1790321578,8,TPOT,completion,0.200000,0.000000,0,0,0,0,0,0,0,0,0,0,0,16,0,500,505.74934104396533,463.85951514913165,555.2365053481767,0.0
1790321578,8,TTFT,completion,0.200000,0.000000,0,0,0,0,0,0,0,0,0,0,0,16,0,5400,5291.187392635038,4541.847490007058,5697.682187892497,0.0
1790321578,8,,Aggregated,0.600000,0.000000,0,0,0,0,0,0,0,0,0,0,0,48,0,5400,25106.118417622045,463.85951514913165,76212.77976199053,42.666666666666664
1790321579,8,POST,completion,0.200000,0.000000,0,0,0,0,0,0,0,0,0,0,0,16,0,69000,69521.41851918714,63452.07298686728,76212.77976199053,128.0
1790321579,8,TPOT,completion,0.200000,0.000000,0,0,0,0,0,0,0,0,0,0,0,16,0,500,505.74934104396533,463.85951514913165,555.2365053481767,0.0
1790321579,8,TTFT,completion,0.200000,0.000000,0,0,0,0,0,0,0,0,0,0,0,16,0,5400,5291.187392635038,4541.847490007058,5697.682187892497,0.0
1790321579,8,,Aggregated,0.600000,0.000000,0,0,0,0,0,0,0,0,0,0,0,48,0,5400,25106.118417622045,463.85951514913165,76212.77976199053,42.666666666666664
1790321580,8,POST,completion,0.000000,0.000000,0,0,0,0,0,0,0,0,0,0,0,17,0,69000,69544.41361811341,63452.07298686728,76212.77976199053,128.0
1790321580,8,TPOT,completion,0.000000,0.000000,0,0,0,0,0,0,0,0,0,0,0,17,0,500,505.8472732002421,463.85951514913165,555.2365053481767,0.0
1790321580,8,TTFT,completion,0.000000,0.000000,0,0,0,0,0,0,0,0,0,0,0,17,0,5400,5301.745516768492,4541.847490007058,5697.682187892497,0.0
1790321580,8,,Aggregated,0.000000,0.000000,0,0,0,0,0,0,0,0,0,0,0,51,0,5400,25117.335469360714,463.85951514913165,76212.77976199053,42.666666666666664
1790321581,8,POST,completion,0.000000,0.000000,70000,70000,70000,70000,70000,70000,70000,70000,70000,70000,70000,17,0,69000,69544.41361811341,63452.07298686728,76212.77976199053,128.0
1790321581,8,TPOT,completion,0.000000,0.000000,510,510,510,510,510,510,510,510,510,510,510,17,0,500,505.8472732002421,463.85951514913165,555.2365053481767,0.0
1790321581,8,TTFT,completion,0.000000,0.000000,5500,5500,5500,5500,5500,5500,5500,5500,5500,5500,5500,17,0,5400,5301.745516768492,4541.847490007058,5697.682187892497,0.0
1790321581,8,,Aggregated,0.000000,0.000000,5500,5500,70000,70000,70000,70000,70000,70000,70000,70000,70000,51,0,5400,25117.335469360714,463.85951514913165,76212.77976199053,42.666666666666664
1790321582,8,POST,completion,0.000000,0.000000,70000,70000,70000,70000,70000,70000,70000,70000,70000,70000,70000,17,0,69000,69544.41361811341,63452.07298686728,76212.77976199053,128.0
1790321582,8,TPOT,completion,0.000000,0.000000,510,510,510,510,510,510,510,510,510,510,510,17,0,500,505.8472732002421,463.85951514913165,555.2365053481767,0.0
1790321582,8,TTFT,completion,0.000000,0.000000,5500,5500,5500,5500,5500,5500,5500,5500,5500,5500,5500,17,0,5400,5301.745516768492,4541.847490007058,5697.682187892497,0.0
1790321582,8,,Aggregated,0.000000,0.000000,5500,5500,70000,70000,70000,70000,70000,70000,70000,70000,70000,51,0,5400,25117.335469360714,463.85951514913165,76212.77976199053,42.666666666666664
1790321583,8,POST,completion,0.000000,0.000000,70000,70000,70000,70000,70000,70000,70000,70000,70000,70000,70000,17,0,69000,69544.41361811341,63452.07298686728,76212.77976199053,128.0
1790321583,8,TPOT,completion,0.000000,0.000000,510,510,510,510,510,510,510,510,510,510,510,17,0,500,505.8472732002421,463.85951514913165,555.2365053481767,0.0
1790321583,8,TTFT,completion,0.000000,0.000000,5500,5500,5500,5500,5500,5500,5500,5500,5500,5500,5500,17,0,5400,5301.745516768492,4541.847490007058,5697.682187892497,0.0
1790321583,8,,Aggregated,0.000000,0.000000,5500,5500,70000,70000,70000,70000,70000,70000,70000,70000,70000,51,0,5400,25117.335469360714,463.85951514913165,76212.77976199053,42.666666666666664
1790321584,8,POST,completion,0.000000,0.000000,70000,70000,70000,70000,70000,70000,70000,70000,70000,70000,70000,17,0,69000,69544.41361811341,63452.07298686728,76212.77976199053,128.0
1790321584,8,TPOT,completion,0.000000,0.000000,510,510,510,510,510,510,510,510,510,510,510,17,0,500,505.8472732002421,463.85951514913165,555.2365053481767,0.0
1790321584,8,TTFT,completion,0.000000,0.000000,5500,5500,5500,5500,5500,5500,5500,5500,5500,5500,5500,17,0,5400,5301.745516768492,4541.847490007058,5697.682187892497,0.0
1790321584,8,,Aggregated,0.000000,0.000000,5500,5500,70000,70000,70000,70000,70000,70000,70000,70000,70000,51,0,5400,25117.335469360714,463.85951514913165,76212.77976199053,42.666666666666664
1790321585,8,POST,completion,0.100000,0.000000,70000,70000,70000,70000,70000,70000,70000,70000,70000,70000,70000,18,0,69000,69508.0838992726,63452.07298686728,76212.77976199053,128.0
1790321585,8,TPOT,completion,0.100000,0.000000,510,510,510,510,510,510,510,510,510,510,510,18,0,500,505.4996790210996,463.85951514913165,555.2365053481767,0.0
1790321585,8,TTFT,completion,0.100000,0.000000,5500,5500,5500,5500,5500,5500,5500,5500,5500,5500,5500,18,0,5400,5309.56040472827,4541.847490007058,5697.682187892497,0.0
1790321585,8,,Aggregated,0.300000,0.000000,5500,5500,69000,69000,70000,70000,70000,70000,70000,70000,70000,54,0,5400,25107.714661007325,463.85951514913165,76212.77976199053,42.666666666666664
1790321586,8,POST,completion,0.100000,0.000000,70000,70000,70000,70000,70000,70000,70000,70000,70000,70000,70000,18,0,69000,69508.0838992726,63452.07298686728,76212.77976199053,128.0
1790321586,8,TPOT,completion,0.100000,0.000000,510,510,510,510,510,510,510,510,510,510,510,18,0,500,505.4996790210996,463.85951514913165,555.2365053481767,0.0
1790321586,8,TTFT,completion,0.100000,0.000000,5500,5500,5500,5500,5500,5500,5500,5500,5500,5500,5500,18,0,5400,5309.56040472827,4541.847490007058,5697.682187892497,0.0
1790321586,8,,Aggregated,0.300000,0.000000,5500,5500,69000,69000,70000,70000,70000,70000,70000,70000,70000,54,0,5400,25107.714661007325,463.85951514913165,76212.77976199053,42.666666666666664
1790321587,8,POST,completion,0.100000,0.000000,70000,70000,70000,70000,70000,70000,70000,70000,70000,70000,70000,18,0,69000,69508.0838992726,63452.07298686728,76212.77976199053,128.0
1790321587,8,TPOT,completion,0.100000,0.000000,510,510,510,510,510,510,510,510,510,510,510,18,0,500,505.4996790210996,463.85951514913165,555.2365053481767,0.0
1790321587,8,TTFT,completion,0.100000,0.000000,5500,5500,5500,5500,5500,5500,5500,5500,5500,5500,5500,18,0,5400,5309.56040472827,4541.847490007058,5697.682187892497,0.0
1790321587,8,,Aggregated,0.300000,0.000000,5500,5500,69000,69000,70000,70000,70000,70000,70000,70000,70000,54,0,5400,25107.714661007325,463.85951514913165,76212.77976199053,42.666666666666664
1790321588,8,POST,completion,0.100000,0.000000,70000,70000,70000,70000,70000,70000,70000,70000,70000,70000,70000,18,0,69000,69508.0838992726,63452.07298686728,76212.77976199053,128.0
1790321588,8,TPOT,completion,0.100000,0.000000,510,510,510,510,510,510,510,510,510,510,510,18,0,500,505.4996790210996,463.85951514913165,555.2365053481767,0.0
1790321588,8,TTFT,completion,0.100000,0.000000,5500,5500,5500,5500,5500,5500,5500,5500,5500,5500,5500,18,0,5400,5309.56040472827,4541.847490007058,5697.682187892497,0.0
1790321588,8,,Aggregated,0.300000,0.000000,5500,5500,69000,69000,70000,70000,70000,70000,70000,70000,70000,54,0,5400,25107.714661007325,463.85951514913165,76212.77976199053,42.666666666666664
1790321589,8,POST,completion,0.100000,0.000000,70000,70000,70000,70000,70000,70000,70000,70000,70000,70000,70000,18,0,69000,69508.0838992726,63452.07298686728,76212.77976199053,128.0
1790321589,8,TPOT,completion,0.100000,0.000000,510,510,510,510,510,510,510,510,510,510,510,18,0,500,505.4996790210996,463.85951514913165,555.2365053481767,0.0
1790321589,8,TTFT,completion,0.100000,0.000000,5500,5500,5500,5500,5500,5500,5500,5500,5500,5500,5500,18,0,5400,5309.56040472827,4541.847490007058,5697.682187892497,0.0
1790321589,8,,Aggregated,0.300000,0.000000,5500,5500,69000,69000,70000,70000,70000,70000,70000,70000,70000,54,0,5400,25107.714661007325,463.85951514913165,76212.77976199053,42.666666666666664
1790321590,8,POST,completion,0.100000,0.000000,70000,70000,70000,70000,70000,70000,70000,70000,70000,70000,70000,18,0,69000,69508.0838992726,63452.07298686728,76212.77976199053,128.0
1790321590,8,TPOT,completion,0.100000,0.000000,510,510,510,510,510,510,510,510,510,510,510,18,0,500,505.4996790210996,463.85951514913165,555.2365053481767,0.0
1790321590,8,TTFT,completion,0.100000,0.000000,5500,5500,5500,5500,5500,5500,5500,5500,5500,5500,5500,18,0,5400,5309.56040472827,4541.847490007058,5697.682187892497,0.0
1790321590,8,,Aggregated,0.300000,0.000000,5500,5500,69000,69000,70000,70000,70000,70000,70000,70000,70000,54,0,5400,25107.714661007325,463.85951514913165,76212.77976199053,42.666666666666664
1790321591,8,POST,completion,0.100000,0.000000,70000,70000,70000,70000,70000,70000,70000,70000,70000,70000,70000,18,0,69000,69508.0838992726,63452.07298686728,76212.77976199053,128.0
1790321591,8,TPOT,completion,0.100000,0.000000,510,510,510,510,510,510,510,510,510,510,510,18,0,500,505.4996790210996,463.85951514913165,555.2365053481767,0.0
1790321591,8,TTFT,completion,0.100000,0.000000,5500,5500,5500,5500,5500,5500,5500,5500,5500,5500,5500,18,0,5400,5309.56040472827,4541.847490007058,5697.682187892497,0.0
1790321591,8,,Aggregated,0.300000,0.000000,5500,5500,69000,69000,70000,70000,70000,70000,70000,70000,70000,54,0,5400,25107.714661007325,463.85951514913165,76212.77976199053,42.666666666666664
1790321592,8,POST,completion,0.200000,0.000000,69000,69000,69000,69000,69000,69000,69000,69000,69000,69000,69000,19,0,69000,69492.09346905301,63452.07298686728,76212.77976199053,128.0
1790321592,8,TPOT,completion,0.200000,0.000000,500,500,500,500,500,500,500,500,500,500,500,19,0,500,505.23173082191477,463.85951514913165,555.2365053481767,0.0
1790321592,8,TTFT,completion,0.200000,0.000000,5700,5700,5700,5700,5700,5700,5700,5700,5700,5700,5700,19,0,5400,5327.599505428225,4541.847490007058,5697.682187892497,0.0
1790321592,8,,Aggregated,0.600000,0.000000,5700,5700,69000,69000,69000,69000,69000,69000,69000,69000,69000,57,0,5400,25108.30823510105,463.85951514913165,76212.77976199053,42.666666666666664
1790321593,8,POST,completion,0.200000,0.000000,69000,69000,69000,69000,69000,69000,69000,69000,69000,69000,69000,19,0,69000,69492.09346905301,63452.07298686728,76212.77976199053,128.0
1790321593,8,TPOT,completion,0.200000,0.000000,500,500,500,500,500,500,500,500,500,500,500,19,0,500,505.23173082191477,463.85951514913165,555.2365053481767,0.0
1790321593,8,TTFT,completion,0.200000,0.000000,5700,5700,5700,5700,5700,5700,5700,5700,5700,5700,5700,19,0,5400,5327.599505428225,4541.847490007058,5697.682187892497,0.0
1790321593,8,,Aggregated,0.600000,0.000000,5700,5700,69000,69000,69000,69000,69000,69000,69000,69000,69000,57,0,5400,25108.30823510105,463.85951514913165,76212.77976199053,42.666666666666664
1790321594,8,POST,completion,0.200000,0.000000,69000,69000,69000,69000,69000,69000,69000,69000,69000,69000,69000,19,0,69000,69492.09346905301,63452.07298686728,76212.77976199053,128.0
1790321594,8,TPOT,completion,0.200000,0.000000,500,500,500,500,500,500,500,500,500,500,500,19,0,500,505.23173082191477,463.85951514913165,555.2365053481767,0.0
1790321594,8,TTFT,completion,0.200000,0.000000,5700,5700,5700,5700,5700,5700,5700,5700,5700,5700,5700,19,0,5400,5327.599505428225,4541.847490007058,5697.682187892497,0.0
1790321594,8,,Aggregated,0.600000,0.000000,5700,5700,69000,69000,69000,69000,69000,69000,69000,69000,69000,57,0,5400,25108.30823510105,463.85951514913165,76212.77976199053,42.666666666666664
1790321595,8,POST,completion,0.200000,0.000000,69000,69000,69000,69000,69000,69000,69000,69000,69000,69000,69000,19,0,69000,69492.09346905301,63452.07298686728,76212.77976199053,128.0
1790321595,8,TPOT,completion,0.200000,0.000000,500,500,500,500,500,500,500,500,500,500,500,19,0,500,505.23173082191477,463.85951514913165,555.2365053481767,0.0
1790321595,8,TTFT,completion,0.200000,0.000000,5700,5700,5700,5700,5700,5700,5700,5700,5700,5700,5700,19,0,5400,5327.599505428225,4541.847490007058,5697.682187892497,0.0
1790321595,8,,Aggregated,0.600000,0.000000,5700,5700,69000,69000,69000,69000,69000,69000,69000,69000,69000,57,0,5400,25108.30823510105,463.85951514913165,76212.77976199053,42.666666666666664
1790321596,8,POST,completion,0.200000,0.000000,69000,69000,69000,69000,69000,69000,69000,69000,69000,69000,69000,19,0,69000,69492.09346905301,63452.07298686728,76212.77976199053,128.0
1790321596,8,TPOT,completion,0.200000,0.000000,500,500,500,500,500,500,500,500,500,500,500,19,0,500,505.23173082191477,463.85951514913165,555.2365053481767,0.0
1790321596,8,TTFT,completion,0.200000,0.000000,5700,5700,5700,5700,5700,5700,5700,5700,5700,5700,5700,19,0,5400,5327.599505428225,4541.847490007058,5697.682187892497,0.0
1790321596,8,,Aggregated,0.600000,0.000000,5700,5700,69000,69000,69000,69000,69000,69000,69000,69000,69000,57,0,5400,25108.30823510105,463.85951514913165,76212.77976199053,42.666666666666664
1790321597,8,POST,completion,0.200000,0.000000,69000,69000,69000,69000,69000,69000,69000,69000,69000,69000,69000,19,0,69000,69492.09346905301,63452.07298686728,76212.77976199053,128.0
1790321597,8,TPOT,completion,0.200000,0.000000,500,500,500,500,500,500,500,500,500,500,500,19,0,500,505.23173082191477,463.85951514913165,555.2365053481767,0.0
1790321597,8,TTFT,completion,0.200000,0.000000,5700,5700,5700,5700,5700,5700,5700,5700,5700,5700,5700,19,0,5400,5327.599505428225,4541.847490007058,5697.682187892497,0.0
1790321597,8,,Aggregated,0.600000,0.000000,5700,5700,69000,69000,69000,69000,69000,69000,69000,69000,69000,57,0,5400,25108.30823510105,463.85951514913165,76212.77976199053,42.666666666666664
1790321598,8,POST,completion,0.200000,0.000000,69000,69000,69000,69000,69000,69000,69000,69000,69000,69000,69000,20,0,69000,69452.33387440676,63452.07298686728,76212.77976199053,128.0
1790321598,8,TPOT,completion,0.200000,0.000000,500,500,500,500,500,500,500,500,500,500,500,20,0,500,504.7972414855235,463.85951514913165,555.2365053481767,0.0
1790321598,8,TTFT,completion,0.200000,0.000000,5700,5700,5700,5700,5700,5700,5700,5700,5700,5700,5700,20,0,5400,5343.020491162315,4541.847490007058,5697.682187892497,0.0
1790321598,8,,Aggregated,0.600000,0.000000,5700,5700,69000,69000,69000,69000,69000,69000,69000,69000,69000,60,0,5400,25100.050535684863,463.85951514913165,76212.77976199053,42.666666666666664
1790321599,8,POST,completion,0.200000,0.000000,69000,69000,69000,69000,69000,69000,69000,69000,69000,69000,69000,20,0,69000,69452.33387440676,63452.07298686728,76212.77976199053,128.0
1790321599,8,TPOT,completion,0.200000,0.000000,500,500,500,500,500,500,500,500,500,500,500,20,0,500,504.7972414855235,463.85951514913165,555.2365053481767,0.0
1790321599,8,TTFT,completion,0.200000,0.000000,5700,5700,5700,5700,5700,5700,5700,5700,5700,5700,5700,20,0,5400,5343.020491162315,4541.847490007058,5697.682187892497,0.0
1790321599,8,,Aggregated,0.600000,0.000000,5700,5700,69000,69000,69000,69000,69000,69000,69000,69000,69000,60,0,5400,25100.050535684863,463.85951514913165,76212.77976199053,42.666666666666664
1790321600,8,POST,completion,0.200000,0.000000,69000,69000,69000,69000,69000,69000,69000,69000,69000,69000,69000,20,0,69000,69452.33387440676,63452.07298686728,76212.77976199053,128.0
1790321600,8,TPOT,completion,0.200000,0.000000,500,500,500,500,500,500,500,500,500,500,500,20,0,500,504.7972414855235,463.85951514913165,555.2365053481767,0.0
1790321600,8,TTFT,completion,0.200000,0.000000,5700,5700,5700,5700,5700,5700,5700,5700,5700,5700,5700,20,0,5400,5343.020491162315,4541.847490007058,5697.682187892497,0.0
1790321600,8,,Aggregated,0.600000,0.000000,5700,5700,69000,69000,69000,69000,69000,69000,69000,69000,69000,60,0,5400,25100.050535684863,463.85951514913165,76212.77976199053,42.666666666666664
1790321601,8,POST,completion,0.200000,0.000000,69000,69000,69000,69000,69000,69000,69000,69000,69000,69000,69000,20,0,69000,69452.33387440676,63452.07298686728,76212.77976199053,128.0
1790321601,8,TPOT,completion,0.200000,0.000000,500,500,500,500,500,500,500,500,500,500,500,20,0,500,504.7972414855235,463.85951514913165,555.2365053481767,0.0
1790321601,8,TTFT,completion,0.200000,0.000000,5700,5700,5700,5700,5700,5700,5700,5700,5700,5700,5700,20,0,5400,5343.020491162315,4541.847490007058,5697.682187892497,0.0
1790321601,8,,Aggregated,0.600000,0.000000,5700,5700,69000,69000,69000,69000,69000,69000,69000,69000,69000,60,0,5400,25100.050535684863,463.85951514913165,76212.77976199053,42.666666666666664
1790321602,8,POST,completion,0.200000,0.000000,69000,69000,69000,69000,69000,69000,69000,69000,69000,69000,69000,20,0,69000,69452.33387440676,63452.07298686728,76212.77976199053,128.0
1790321602,8,TPOT,completion,0.200000,0.000000,500,500,500,500,500,500,500,500,500,500,500,20,0,500,504.7972414855235,463.85951514913165,555.2365053481767,0.0
1790321602,8,TTFT,completion,0.200000,0.000000,5700,5700,5700,5700,5700,5700,5700,5700,5700,5700,5700,20,0,5400,5343.020491162315,4541.847490007058,5697.682187892497,0.0
1790321602,8,,Aggregated,0.600000,0.000000,5700,5700,69000,69000,69000,69000,69000,69000,69000,69000,69000,60,0,5400,25100.050535684863,463.85951514913165,76212.77976199053,42.666666666666664
1790321603,8,POST,completion,0.200000,0.000000,69000,69000,69000,69000,69000,69000,69000,69000,69000,69000,69000,20,0,69000,69452.33387440676,63452.07298686728,76212.77976199053,128.0
1790321603,8,TPOT,completion,0.200000,0.000000,500,500,500,500,500,500,500,500,500,500,500,20,0,500,504.7972414855235,463.85951514913165,555.2365053481767,0.0
1790321603,8,TTFT,completion,0.200000,0.000000,5700,5700,5700,5700,5700,5700,5700,5700,5700,5700,5700,20,0,5400,5343.020491162315,4541.847490007058,5697.682187892497,0.0
1790321603,8,,Aggregated,0.600000,0.000000,5700,5700,69000,69000,69000,69000,69000,69000,69000,69000,69000,60,0,5400,25100.050535684863,463.85951514913165,76212.77976199053,42.666666666666664
1790321604,8,POST,completion,0.200000,0.000000,69000,69000,69000,69000,69000,69000,69000,69000,69000,69000,69000,20,0,69000,69452.33387440676,63452.07298686728,76212.77976199053,128.0
1790321604,8,TPOT,completion,0.200000,0.000000,500,500,500,500,500,500,500,500,500,500,500,20,0,500,504.7972414855235,463.85951514913165,555.2365053481767,0.0
1790321604,8,TTFT,completion,0.200000,0.000000,5600,5600,5600,5600,5600,5600,5600,5600,5600,5600,5600,20,0,5400,5343.020491162315,4541.847490007058,5697.682187892497,0.0
1790321604,8,,Aggregated,0.600000,0.000000,5600,5600,69000,69000,69000,69000,69000,69000,69000,69000,69000,60,0,5400,25100.050535684863,463.85951514913165,76212.77976199053,42.666666666666664
1790321605,8,POST,completion,0.200000,0.000000,69000,69000,69000,69000,69000,69000,69000,69000,69000,69000,69000,20,0,69000,69452.33387440676,63452.07298686728,76212.77976199053,128.0
1790321605,8,TPOT,completion,0.200000,0.000000,500,500,500,500,500,500,500,500,500,500,500,20,0,500,504.7972414855235,463.85951514913165,555.2365053481767,0.0
1790321605,8,TTFT,completion,0.200000,0.000000,5600,5600,5600,5600,5600,5600,5600,5600,5600,5600,5600,20,0,5400,5343.020491162315,4541.847490007058,5697.682187892497,0.0
1790321605,8,,Aggregated,0.600000,0.000000,5600,5600,69000,69000,69000,69000,69000,69000,69000,69000,69000,60,0,5400,25100.050535684863,463.85951514913165,76212.77976199053,42.666666666666664
1790321606,8,POST,completion,0.200000,0.000000,69000,69000,69000,69000,69000,69000,69000,69000,69000,69000,69000,20,0,69000,69452.33387440676,63452.07298686728,76212.77976199053,128.0
1790321606,8,TPOT,completion,0.200000,0.000000,500,500,500,500,500,500,500,500,500,500,500,20,0,500,504.7972414855235,463.85951514913165,555.2365053481767,0.0
1790321606,8,TTFT,completion,0.200000,0.000000,5600,5600,5600,5600,5600,5600,5600,5600,5600,5600,5600,20,0,5400,5343.020491162315,4541.847490007058,5697.682187892497,0.0
1790321606,8,,Aggregated,0.600000,0.000000,5600,5600,69000,69000,69000,69000,69000,69000,69000,69000,69000,60,0,5400,25100.050535684863,463.85951514913165,76212.77976199053,42.666666666666664
1790321607,8,POST,completion,0.200000,0.000000,69000,69000,69000,69000,69000,69000,69000,69000,69000,69000,69000,20,0,69000,69452.33387440676,63452.07298686728,76212.77976199053,128.0
1790321607,8,TPOT,completion,0.200000,0.000000,500,500,500,500,500,500,500,500,500,500,500,20,0,500,504.7972414855235,463.85951514913165,555.2365053481767,0.0
1790321607,8,TTFT,completion,0.200000,0.000000,5600,5600,5600,5600,5600,5600,5600,5600,5600,5600,5600,20,0,5400,5343.020491162315,4541.847490007058,5697.682187892497,0.0
1790321607,8,,Aggregated,0.600000,0.000000,5600,5600,69000,69000,69000,69000,69000,69000,69000,69000,69000,60,0,5400,25100.050535684863,463.85951514913165,76212.77976199053,42.666666666666664
1790321608,8,POST,completion,0.100000,0.000000,70000,70000,70000,70000,70000,70000,70000,70000,70000,70000,70000,21,0,69000,69490.53589168137,63452.07298686728,76212.77976199053,128.0
1790321608,8,TPOT,completion,0.100000,0.000000,510,510,510,510,510,510,510,510,510,510,510,21,0,500,504.94957678973304,463.85951514913165,555.2365053481767,0.0
1790321608,8,TTFT,completion,0.100000,0.000000,5700,5700,5700,5700,5700,5700,5700,5700,5700,5700,5700,21,0,5400,5361.876071974014,4541.847490007058,5738.987688207999,0.0
1790321608,8,,Aggregated,0.300000,0.000000,5700,5700,69000,69000,70000,70000,70000,70000,70000,70000,70000,63,0,5400,25119.120513481706,463.85951514913165,76212.77976199053,42.666666666666664
1790321609,8,POST,completion,0.100000,0.000000,69000,69000,70000,70000,70000,70000,70000,70000,70000,70000,70000,22,0,69000,69463.76119956205,63452.07298686728,76212.77976199053,128.0
1790321609,8,TPOT,completion,0.100000,0.000000,500,500,510,510,510,510,510,510,510,510,510,22,0,500,504.78826355982056,463.85951514913165,555.2365053481767,0.0
1790321609,8,TTFT,completion,0.100000,0.000000,5600,5600,5700,5700,5700,5700,5700,5700,5700,5700,5700,22,0,5400,5355.588338433087,4541.847490007058,5738.987688207999,0.0
1790321609,8,,Aggregated,0.300000,0.000000,5600,5700,69000,69000,70000,70000,70000,70000,70000,70000,70000,66,0,5400,25108.04593385165,463.85951514913165,76212.77976199053,42.666666666666664
1790321610,8,POST,completion,0.100000,0.000000,69000,69000,70000,70000,70000,70000,70000,70000,70000,70000,70000,22,0,69000,69463.76119956205,63452.07298686728,76212.77976199053,128.0
1790321610,8,TPOT,completion,0.100000,0.000000,500,500,510,510,510,510,510,510,510,510,510,22,0,500,504.78826355982056,463.85951514913165,555.2365053481767,0.0
1790321610,8,TTFT,completion,0.100000,0.000000,5600,5600,5700,5700,5700,5700,5700,5700,5700,5700,5700,22,0,5400,5355.588338433087,4541.847490007058,5738.987688207999,0.0
1790321610,8,,Aggregated,0.300000,0.000000,5600,5700,69000,69000,70000,70000,70000,70000,70000,70000,70000,66,0,5400,25108.04593385165,463.85951514913165,76212.77976199053,42.666666666666664
1790321611,8,POST,completion,0.100000,0.000000,69000,69000,70000,70000,70000,70000,70000,70000,70000,70000,70000,22,0,69000,69463.76119956205,63452.07298686728,76212.77976199053,128.0
1790321611,8,TPOT,completion,0.100000,0.000000,500,500,510,510,510,510,510,510,510,510,510,22,0,500,504.78826355982056,463.85951514913165,555.2365053481767,0.0
1790321611,8,TTFT,completion,0.100000,0.000000,5600,5600,5700,5700,5700,5700,5700,5700,5700,5700,5700,22,0,5400,5355.588338433087,4541.847490007058,5738.987688207999,0.0
1790321611,8,,Aggregated,0.300000,0.000000,5600,5700,69000,69000,70000,70000,70000,70000,70000,70000,70000,66,0,5400,25108.04593385165,463.85951514913165,76212.77976199053,42.666666666666664
1790321612,8,POST,completion,0.200000,0.000000,69000,69000,70000,70000,70000,70000,70000,70000,70000,70000,70000,23,0,69000,69441.40378466767,63452.07298686728,76212.77976199053,128.0
1790321612,8,TPOT,completion,0.200000,0.000000,500,500,510,510,510,510,510,510,510,510,510,23,0,500,504.6850124454377,463.85951514913165,555.2365053481767,0.0
1790321612,8,TTFT,completion,0.200000,0.000000,5200,5200,5700,5700,5700,5700,5700,5700,5700,5700,5700,23,0,5400,5346.343612683047,4541.847490007058,5738.987688207999,0.0
1790321612,8,,Aggregated,0.600000,0.000000,5200,5700,69000,69000,70000,70000,70000,70000,70000,70000,70000,69,0,5400,25097.477469932044,463.85951514913165,76212.77976199053,42.666666666666664
1790321613,8,POST,completion,0.200000,0.000000,69000,69000,70000,70000,70000,70000,70000,70000,70000,70000,70000,24,0,69000,69411.37689288978,63452.07298686728,76212.77976199053,128.0
1790321613,8,TPOT,completion,0.200000,0.000000,500,500,510,510,510,510,510,510,510,510,510,24,0,500,504.4496602532629,463.85951514913165,555.2365053481767,0.0
1790321613,8,TTFT,completion,0.200000,0.000000,5300,5300,5700,5700,5700,5700,5700,5700,5700,5700,5700,24,0,5400,5346.20633724262,4541.847490007058,5738.987688207999,0.0
1790321613,8,,Aggregated,0.600000,0.000000,5300,5700,69000,69000,69000,70000,70000,70000,70000,70000,70000,72,0,5400,25087.344296795214,463.85951514913165,76212.77976199053,42.666666666666664
1790321614,8,POST,completion,0.200000,0.000000,69000,69000,70000,70000,70000,70000,70000,70000,70000,70000,70000,24,0,69000,69411.37689288978,63452.07298686728,76212.77976199053,128.0
1790321614,8,TPOT,completion,0.200000,0.000000,500,500,510,510,510,510,510,510,510,510,510,24,0,500,504.4496602532629,463.85951514913165,555.2365053481767,0.0
1790321614,8,TTFT,completion,0.200000,0.000000,5300,5300,5700,5700,5700,5700,5700,5700,5700,5700,5700,24,0,5400,5346.20633724262,4541.847490007058,5738.987688207999,0.0
1790321614,8,,Aggregated,0.600000,0.000000,5300,5700,69000,69000,69000,70000,70000,70000,70000,70000,70000,72,0,5400,25087.344296795214,463.85951514913165,76212.77976199053,42.666666666666664
1790321615,8,POST,completion,0.200000,0.000000,69000,69000,70000,70000,70000,70000,70000,70000,70000,70000,70000,24,0,69000,69411.37689288978,63452.07298686728,76212.77976199053,128.0
1790321615,8,TPOT,completion,0.200000,0.000000,500,500,510,510,510,510,510,510,510,510,510,24,0,500,504.4496602532629,463.85951514913165,555.2365053481767,0.0
1790321615,8,TTFT,completion,0.200000,0.000000,5300,5300,5700,5700,5700,5700,5700,5700,5700,5700,5700,24,0,5400,5346.20633724262,4541.847490007058,5738.987688207999,0.0
1790321615,8,,Aggregated,0.600000,0.000000,5300,5700,69000,69000,69000,70000,70000,70000,70000,70000,70000,72,0,5400,25087.344296795214,463.85951514913165,76212.77976199053,42.666666666666664
1790321616,8,POST,completion,0.200000,0.000000,69000,69000,70000,70000,70000,70000,70000,70000,70000,70000,70000,24,0,69000,69411.37689288978,63452.07298686728,76212.77976199053,128.0
1790321616,8,TPOT,completion,0.200000,0.000000,500,500,510,510,510,510,510,510,510,510,510,24,0,500,504.4496602532629,463.85951514913165,555.2365053481767,0.0
1790321616,8,TTFT,completion,0.200000,0.000000,5300,5300,5700,5700,5700,5700,5700,5700,5700,5700,5700,24,0,5400,5346.20633724262,4541.847490007058,5738.987688207999,0.0
1790321616,8,,Aggregated,0.600000,0.000000,5300,5700,69000,69000,69000,70000,70000,70000,70000,70000,70000,72,0,5400,25087.344296795214,463.85951514913165,76212.77976199053,42.666666666666664
1790321617,8,POST,completion,0.200000,0.000000,69000,69000,70000,70000,70000,70000,70000,70000,70000,70000,70000,24,0,69000,69411.37689288978,63452.07298686728,76212.77976199053,128.0
1790321617,8,TPOT,completion,0.200000,0.000000,500,500,510,510,510,510,510,510,510,510,510,24,0,500,504.4496602532629,463.85951514913165,555.2365053481767,0.0
1790321617,8,TTFT,completion,0.200000,0.000000,5300,5300,5700,5700,5700,5700,5700,5700,5700,5700,5700,24,0,5400,5346.20633724262,4541.847490007058,5738.987688207999,0.0
1790321617,8,,Aggregated,0.600000,0.000000,5300,5700,69000,69000,69000,70000,70000,70000,70000,70000,70000,72,0,5400,25087.344296795214,463.85951514913165,76212.77976199053,42.666666666666664
1790321618,8,POST,completion,0.200000,0.000000,69000,69000,69000,69000,69000,69000,69000,69000,69000,69000,69000,24,0,69000,69411.37689288978,63452.07298686728,76212.77976199053,128.0
1790321618,8,TPOT,completion,0.200000,0.000000,500,500,500,500,500,500,500,500,500,500,500,24,0,500,504.4496602532629,463.85951514913165,555.2365053481767,0.0
1790321618,8,TTFT,completion,0.200000,0.000000,5200,5200,5300,5300,5300,5300,5300,5300,5300,5300,5300,24,0,5400,5346.20633724262,4541.847490007058,5738.987688207999,0.0
1790321618,8,,Aggregated,0.600000,0.000000,5200,5300,69000,69000,69000,69000,69000,69000,69000,69000,69000,72,0,5400,25087.344296795214,463.85951514913165,76212.77976199053,42.666666666666664
1790321619,8,POST,completion,0.200000,0.000000,69000,69000,69000,69000,69000,69000,69000,69000,69000,69000,69000,24,0,69000,69411.37689288978,63452.07298686728,76212.77976199053,128.0
1790321619,8,TPOT,completion,0.200000,0.000000,500,500,500,500,500,500,500,500,500,500,500,24,0,500,504.4496602532629,463.85951514913165,555.2365053481767,0.0
1790321619,8,TTFT,completion,0.200000,0.000000,5200,5200,5300,5300,5300,5300,5300,5300,5300,5300,5300,24,0,5400,5346.20633724262,4541.847490007058,5738.987688207999,0.0
1790321619,8,,Aggregated,0.600000,0.000000,5200,5300,69000,69000,69000,69000,69000,69000,69000,69000,69000,72,0,5400,25087.344296795214,463.85951514913165,76212.77976199053,42.666666666666664
1790321620,8,POST,completion,0.200000,0.000000,69000,69000,69000,69000,69000,69000,69000,69000,69000,69000,69000,24,0,69000,69411.37689288978,63452.07298686728,76212.77976199053,128.0
1790321620,8,TPOT,completion,0.200000,0.000000,500,500,500,500,500,500,500,500,500,500,500,24,0,500,504.4496602532629,463.85951514913165,555.2365053481767,0.0
1790321620,8,TTFT,completion,0.200000,0.000000,5300,5300,5300,5300,5300,5300,5300,5300,5300,5300,5300,24,0,5400,5346.20633724262,4541.847490007058,5738.987688207999,0.0
1790321620,8,,Aggregated,0.600000,0.000000,5300,5300,69000,69000,69000,69000,69000,69000,69000,69000,69000,72,0,5400,25087.344296795214,463.85951514913165,76212.77976199053,42.666666666666664
1790321621,8,POST,completion,0.200000,0.000000,69000,69000,69000,69000,69000,69000,69000,69000,69000,69000,69000,24,0,69000,69411.37689288978,63452.07298686728,76212.77976199053,128.0
1790321621,8,TPOT,completion,0.200000,0.000000,500,500,500,500,500,500,500,500,500,500,500,24,0,500,504.4496602532629,463.85951514913165,555.2365053481767,0.0
1790321621,8,TTFT,completion,0.200000,0.000000,5300,5300,5300,5300,5300,5300,5300,5300,5300,5300,5300,24,0,5400,5346.20633724262,4541.847490007058,5738.987688207999,0.0
1790321621,8,,Aggregated,0.600000,0.000000,5300,5300,69000,69000,69000,69000,69000,69000,69000,69000,69000,72,0,5400,25087.344296795214,463.85951514913165,76212.77976199053,42.666666666666664
1790321622,8,POST,completion,0.200000,0.000000,69000,69000,69000,69000,69000,69000,69000,69000,69000,69000,69000,24,0,69000,69411.37689288978,63452.07298686728,76212.77976199053,128.0
1790321622,8,TPOT,completion,0.200000,0.000000,500,500,500,500,500,500,500,500,500,500,500,24,0,500,504.4496602532629,463.85951514913165,555.2365053481767,0.0
1790321622,8,TTFT,completion,0.200000,0.000000,5300,5300,5300,5300,5300,5300,5300,5300,5300,5300,5300,24,0,5400,5346.20633724262,4541.847490007058,5738.987688207999,0.0
1790321622,8,,Aggregated,0.600000,0.000000,5300,5300,69000,69000,69000,69000,69000,69000,69000,69000,69000,72,0,5400,25087.344296795214,463.85951514913165,76212.77976199053,42.666666666666664
1790321623,8,POST,completion,0.200000,0.000000,69000,69000,69000,69000,69000,69000,69000,69000,69000,69000,69000,24,0,69000,69411.37689288978,63452.07298686728,76212.77976199053,128.0
1790321623,8,TPOT,completion,0.200000,0.000000,500,500,500,500,500,500,500,500,500,500,500,24,0,500,504.4496602532629,463.85951514913165,555.2365053481767,0.0
1790321623,8,TTFT,completion,0.200000,0.000000,5300,5300,5300,5300,5300,5300,5300,5300,5300,5300,5300,24,0,5400,5346.20633724262,4541.847490007058,5738.987688207999,0.0
1790321623,8,,Aggregated,0.600000,0.000000,5300,5300,69000,69000,69000,69000,69000,69000,69000,69000,69000,72,0,5400,25087.344296795214,463.85951514913165,76212.77976199053,42.666666666666664
1790321624,8,POST,completion,0.200000,0.000000,69000,69000,69000,69000,69000,69000,69000,69000,69000,69000,69000,24,0,69000,69411.37689288978,63452.07298686728,76212.77976199053,128.0
1790321624,8,TPOT,completion,0.200000,0.000000,500,500,500,500,500,500,500,500,500,500,500,24,0,500,504.4496602532629,463.85951514913165,555.2365053481767,0.0
1790321624,8,TTFT,completion,0.200000,0.000000,5300,5300,5300,5300,5300,5300,5300,5300,5300,5300,5300,24,0,5400,5346.20633724262,4541.847490007058,5738.987688207999,0.0
1790321624,8,,Aggregated,0.600000,0.000000,5300,5300,69000,69000,69000,69000,69000,69000,69000,69000,69000,72,0,5400,25087.344296795214,463.85951514913165,76212.77976199053,42.666666666666664
1790321625,8,POST,completion,0.200000,0.000000,69000,69000,69000,69000,69000,69000,69000,69000,69000,69000,69000,24,0,69000,69411.37689288978,63452.07298686728,76212.77976199053,128.0
1790321625,8,TPOT,completion,0.200000,0.000000,500,500,500,500,500,500,500,500,500,500,500,24,0,500,504.4496602532629,463.85951514913165,555.2365053481767,0.0
1790321625,8,TTFT,completion,0.200000,0.000000,5300,5300,5300,5300,5300,5300,5300,5300,5300,5300,5300,24,0,5400,5346.20633724262,4541.847490007058,5738.987688207999,0.0
1790321625,8,,Aggregated,0.600000,0.000000,5300,5300,69000,69000,69000,69000,69000,69000,69000,69000,69000,72,0,5400,25087.344296795214,463.85951514913165,76212.77976199053,42.666666666666664
1790321626,8,POST,completion,0.200000,0.000000,69000,69000,69000,69000,69000,69000,69000,69000,69000,69000,69000,24,0,69000,69411.37689288978,63452.07298686728,76212.77976199053,128.0
1790321626,8,TPOT,completion,0.200000,0.000000,500,500,500,500,500,500,500,500,500,500,500,24,0,500,504.4496602532629,463.85951514913165,555.2365053481767,0.0
1790321626,8,TTFT,completion,0.200000,0.000000,5300,5300,5300,5300,5300,5300,5300,5300,5300,5300,5300,24,0,5400,5346.20633724262,4541.847490007058,5738.987688207999,0.0
1790321626,8,,Aggregated,0.600000,0.000000,5300,5300,69000,69000,69000,69000,69000,69000,69000,69000,69000,72,0,5400,25087.344296795214,463.85951514913165,76212.77976199053,42.666666666666664
1790321627,8,POST,completion,0.200000,0.000000,69000,69000,69000,69000,69000,69000,69000,69000,69000,69000,69000,24,0,69000,69411.37689288978,63452.07298686728,76212.77976199053,128.0
1790321627,8,TPOT,completion,0.200000,0.000000,500,500,500,500,500,500,500,500,500,500,500,24,0,500,504.4496602532629,463.85951514913165,555.2365053481767,0.0
1790321627,8,TTFT,completion,0.200000,0.000000,5300,5300,5300,5300,5300,5300,5300,5300,5300,5300,5300,24,0,5400,5346.20633724262,4541.847490007058,5738.987688207999,0.0
1790321627,8,,Aggregated,0.600000,0.000000,5300,5300,69000,69000,69000,69000,69000,69000,69000,69000,69000,72,0,5400,25087.344296795214,463.85951514913165,76212.77976199053,42.666666666666664
1790321628,8,POST,completion,0.200000,0.000000,69000,69000,69000,69000,69000,69000,69000,69000,69000,69000,69000,24,0,69000,69411.37689288978,63452.07298686728,76212.77976199053,128.0
1790321628,8,TPOT,completion,0.200000,0.000000,500,500,500,500,500,500,500,500,500,500,500,24,0,500,504.4496602532629,463.85951514913165,555.2365053481767,0.0
1790321628,8,TTFT,completion,0.200000,0.000000,5300,5300,5300,5300,5300,5300,5300,5300,5300,5300,5300,24,0,5400,5346.20633724262,4541.847490007058,5738.987688207999,0.0
1790321628,8,,Aggregated,0.600000,0.000000,5300,5300,69000,69000,69000,69000,69000,69000,69000,69000,69000,72,0,5400,25087.344296795214,463.85951514913165,76212.77976199053,42.666666666666664
1790321629,8,POST,completion,0.200000,0.000000,69000,69000,69000,69000,69000,69000,69000,69000,69000,69000,69000,24,0,69000,69411.37689288978,63452.07298686728,76212.77976199053,128.0
1790321629,8,TPOT,completion,0.200000,0.000000,500,500,500,500,500,500,500,500,500,500,500,24,0,500,504.4496602532629,463.85951514913165,555.2365053481767,0.0
1790321629,8,TTFT,completion,0.200000,0.000000,5300,5300,5300,5300,5300,5300,5300,5300,5300,5300,5300,24,0,5400,5346.20633724262,4541.847490007058,5738.987688207999,0.0
1790321629,8,,Aggregated,0.600000,0.000000,5300,5300,69000,69000,69000,69000,69000,69000,69000,69000,69000,72,0,5400,25087.344296795214,463.85951514913165,76212.77976199053,42.666666666666664
1790321630,8,POST,completion,0.200000,0.000000,0,0,0,0,0,0,0,0,0,0,0,24,0,69000,69411.37689288978,63452.07298686728,76212.77976199053,128.0
1790321630,8,TPOT,completion,0.200000,0.000000,0,0,0,0,0,0,0,0,0,0,0,24,0,500,504.4496602532629,463.85951514913165,555.2365053481767,0.0
1790321630,8,TTFT,completion,0.200000,0.000000,0,0,0,0,0,0,0,0,0,0,0,24,0,5400,5346.20633724262,4541.847490007058,5738.987688207999,0.0
1790321630,8,,Aggregated,0.600000,0.000000,0,0,0,0,0,0,0,0,0,0,0,72,0,5400,25087.344296795214,463.85951514913165,76212.77976199053,42.666666666666664
1790321631,8,POST,completion,0.200000,0.000000,0,0,0,0,0,0,0,0,0,0,0,24,0,69000,69411.37689288978,63452.07298686728,76212.77976199053,128.0
1790321631,8,TPOT,completion,0.200000,0.000000,0,0,0,0,0,0,0,0,0,0,0,24,0,500,504.4496602532629,463.85951514913165,555.2365053481767,0.0
1790321631,8,TTFT,completion,0.200000,0.000000,0,0,0,0,0,0,0,0,0,0,0,24,0,5400,5346.20633724262,4541.847490007058,5738.987688207999,0.0
1790321631,8,,Aggregated,0.600000,0.000000,0,0,0,0,0,0,0,0,0,0,0,72,0,5400,25087.344296795214,463.85951514913165,76212.77976199053,42.666666666666664
1790321632,8,POST,completion,0.200000,0.000000,0,0,0,0,0,0,0,0,0,0,0,24,0,69000,69411.37689288978,63452.07298686728,76212.77976199053,128.0
1790321632,8,TPOT,completion,0.200000,0.000000,0,0,0,0,0,0,0,0,0,0,0,24,0,500,504.4496602532629,463.85951514913165,555.2365053481767,0.0
1790321632,8,TTFT,completion,0.200000,0.000000,0,0,0,0,0,0,0,0,0,0,0,24,0,5400,5346.20633724262,4541.847490007058,5738.987688207999,0.0
1790321632,8,,Aggregated,0.600000,0.000000,0,0,0,0,0,0,0,0,0,0,0,72,0,5400,25087.344296795214,463.85951514913165,76212.77976199053,42.666666666666664
1790321633,8,POST,completion,0.200000,0.000000,0,0,0,0,0,0,0,0,0,0,0,24,0,69000,69411.37689288978,63452.07298686728,76212.77976199053,128.0
1790321633,8,TPOT,completion,0.200000,0.000000,0,0,0,0,0,0,0,0,0,0,0,24,0,500,504.4496602532629,463.85951514913165,555.2365053481767,0.0
1790321633,8,TTFT,completion,0.200000,0.000000,0,0,0,0,0,0,0,0,0,0,0,24,0,5400,5346.20633724262,4541.847490007058,5738.987688207999,0.0
1790321633,8,,Aggregated,0.600000,0.000000,0,0,0,0,0,0,0,0,0,0,0,72,0,5400,25087.344296795214,463.85951514913165,76212.77976199053,42.666666666666664
1790321634,8,POST,completion,0.200000,0.000000,0,0,0,0,0,0,0,0,0,0,0,24,0,69000,69411.37689288978,63452.07298686728,76212.77976199053,128.0
1790321634,8,TPOT,completion,0.200000,0.000000,0,0,0,0,0,0,0,0,0,0,0,24,0,500,504.4496602532629,463.85951514913165,555.2365053481767,0.0
1790321634,8,TTFT,completion,0.200000,0.000000,0,0,0,0,0,0,0,0,0,0,0,24,0,5400,5346.20633724262,4541.847490007058,5738.987688207999,0.0
1790321634,8,,Aggregated,0.600000,0.000000,0,0,0,0,0,0,0,0,0,0,0,72,0,5400,25087.344296795214,463.85951514913165,76212.77976199053,42.666666666666664
1790321635,8,POST,completion,0.200000,0.000000,0,0,0,0,0,0,0,0,0,0,0,24,0,69000,69411.37689288978,63452.07298686728,76212.77976199053,128.0
1790321635,8,TPOT,completion,0.200000,0.000000,0,0,0,0,0,0,0,0,0,0,0,24,0,500,504.4496602532629,463.85951514913165,555.2365053481767,0.0
1790321635,8,TTFT,completion,0.200000,0.000000,0,0,0,0,0,0,0,0,0,0,0,24,0,5400,5346.20633724262,4541.847490007058,5738.987688207999,0.0
1790321635,8,,Aggregated,0.600000,0.000000,0,0,0,0,0,0,0,0,0,0,0,72,0,5400,25087.344296795214,463.85951514913165,76212.77976199053,42.666666666666664
1790321636,8,POST,completion,0.200000,0.000000,0,0,0,0,0,0,0,0,0,0,0,24,0,69000,69411.37689288978,63452.07298686728,76212.77976199053,128.0
1790321636,8,TPOT,completion,0.200000,0.000000,0,0,0,0,0,0,0,0,0,0,0,24,0,500,504.4496602532629,463.85951514913165,555.2365053481767,0.0
1790321636,8,TTFT,completion,0.200000,0.000000,0,0,0,0,0,0,0,0,0,0,0,24,0,5400,5346.20633724262,4541.847490007058,5738.987688207999,0.0
1790321636,8,,Aggregated,0.600000,0.000000,0,0,0,0,0,0,0,0,0,0,0,72,0,5400,25087.344296795214,463.85951514913165,76212.77976199053,42.666666666666664
1790321637,8,POST,completion,0.200000,0.000000,0,0,0,0,0,0,0,0,0,0,0,24,0,69000,69411.37689288978,63452.07298686728,76212.77976199053,128.0
1790321637,8,TPOT,completion,0.200000,0.000000,0,0,0,0,0,0,0,0,0,0,0,24,0,500,504.4496602532629,463.85951514913165,555.2365053481767,0.0
1790321637,8,TTFT,completion,0.200000,0.000000,0,0,0,0,0,0,0,0,0,0,0,24,0,5400,5346.20633724262,4541.847490007058,5738.987688207999,0.0
1790321637,8,,Aggregated,0.600000,0.000000,0,0,0,0,0,0,0,0,0,0,0,72,0,5400,25087.344296795214,463.85951514913165,76212.77976199053,42.666666666666664
1790321638,8,POST,completion,0.200000,0.000000,0,0,0,0,0,0,0,0,0,0,0,24,0,69000,69411.37689288978,63452.07298686728,76212.77976199053,128.0
1790321638,8,TPOT,completion,0.200000,0.000000,0,0,0,0,0,0,0,0,0,0,0,24,0,500,504.4496602532629,463.85951514913165,555.2365053481767,0.0
1790321638,8,TTFT,completion,0.200000,0.000000,0,0,0,0,0,0,0,0,0,0,0,24,0,5400,5346.20633724262,4541.847490007058,5738.987688207999,0.0
1790321638,8,,Aggregated,0.600000,0.000000,0,0,0,0,0,0,0,0,0,0,0,72,0,5400,25087.344296795214,463.85951514913165,76212.77976199053,42.666666666666664
1790321639,8,POST,completion,0.200000,0.000000,0,0,0,0,0,0,0,0,0,0,0,24,0,69000,69411.37689288978,63452.07298686728,76212.77976199053,128.0
1790321639,8,TPOT,completion,0.200000,0.000000,0,0,0,0,0,0,0,0,0,0,0,24,0,500,504.4496602532629,463.85951514913165,555.2365053481767,0.0
1790321639,8,TTFT,completion,0.200000,0.000000,0,0,0,0,0,0,0,0,0,0,0,24,0,5400,5346.20633724262,4541.847490007058,5738.987688207999,0.0
1790321639,8,,Aggregated,0.600000,0.000000,0,0,0,0,0,0,0,0,0,0,0,72,0,5400,25087.344296795214,463.85951514913165,76212.77976199053,42.666666666666664
1790321640,8,POST,completion,0.200000,0.000000,0,0,0,0,0,0,0,0,0,0,0,24,0,69000,69411.37689288978,63452.07298686728,76212.77976199053,128.0
1790321640,8,TPOT,completion,0.200000,0.000000,0,0,0,0,0,0,0,0,0,0,0,24,0,500,504.4496602532629,463.85951514913165,555.2365053481767,0.0
1790321640,8,TTFT,completion,0.200000,0.000000,0,0,0,0,0,0,0,0,0,0,0,24,0,5400,5346.20633724262,4541.847490007058,5738.987688207999,0.0
1790321640,8,,Aggregated,0.600000,0.000000,0,0,0,0,0,0,0,0,0,0,0,72,0,5400,25087.344296795214,463.85951514913165,76212.77976199053,42.666666666666664
1790321641,8,POST,completion,0.200000,0.000000,0,0,0,0,0,0,0,0,0,0,0,24,0,69000,69411.37689288978,63452.07298686728,76212.77976199053,128.0
1790321641,8,TPOT,completion,0.200000,0.000000,0,0,0,0,0,0,0,0,0,0,0,24,0,500,504.4496602532629,463.85951514913165,555.2365053481767,0.0
1790321641,8,TTFT,completion,0.200000,0.000000,0,0,0,0,0,0,0,0,0,0,0,24,0,5400,5346.20633724262,4541.847490007058,5738.987688207999,0.0
1790321641,8,,Aggregated,0.600000,0.000000,0,0,0,0,0,0,0,0,0,0,0,72,0,5400,25087.344296795214,463.85951514913165,76212.77976199053,42.666666666666664
1790321642,8,POST,completion,0.200000,0.000000,0,0,0,0,0,0,0,0,0,0,0,24,0,69000,69411.37689288978,63452.07298686728,76212.77976199053,128.0
1790321642,8,TPOT,completion,0.200000,0.000000,0,0,0,0,0,0,0,0,0,0,0,24,0,500,504.4496602532629,463.85951514913165,555.2365053481767,0.0
1790321642,8,TTFT,completion,0.200000,0.000000,0,0,0,0,0,0,0,0,0,0,0,24,0,5400,5346.20633724262,4541.847490007058,5738.987688207999,0.0
1790321642,8,,Aggregated,0.600000,0.000000,0,0,0,0,0,0,0,0,0,0,0,72,0,5400,25087.344296795214,463.85951514913165,76212.77976199053,42.666666666666664
1790321643,8,POST,completion,0.200000,0.000000,0,0,0,0,0,0,0,0,0,0,0,24,0,69000,69411.37689288978,63452.07298686728,76212.77976199053,128.0
1790321643,8,TPOT,completion,0.200000,0.000000,0,0,0,0,0,0,0,0,0,0,0,24,0,500,504.4496602532629,463.85951514913165,555.2365053481767,0.0
1790321643,8,TTFT,completion,0.200000,0.000000,0,0,0,0,0,0,0,0,0,0,0,24,0,5400,5346.20633724262,4541.847490007058,5738.987688207999,0.0
1790321643,8,,Aggregated,0.600000,0.000000,0,0,0,0,0,0,0,0,0,0,0,72,0,5400,25087.344296795214,463.85951514913165,76212.77976199053,42.666666666666664
1790321644,8,POST,completion,0.200000,0.000000,0,0,0,0,0,0,0,0,0,0,0,24,0,69000,69411.37689288978,63452.07298686728,76212.77976199053,128.0
1790321644,8,TPOT,completion,0.200000,0.000000,0,0,0,0,0,0,0,0,0,0,0,24,0,500,504.4496602532629,463.85951514913165,555.2365053481767,0.0
1790321644,8,TTFT,completion,0.200000,0.000000,0,0,0,0,0,0,0,0,0,0,0,24,0,5400,5346.20633724262,4541.847490007058,5738.987688207999,0.0
1790321644,8,,Aggregated,0.600000,0.000000,0,0,0,0,0,0,0,0,0,0,0,72,0,5400,25087.344296795214,463.85951514913165,76212.77976199053,42.666666666666664
1790321645,8,POST,completion,0.200000,0.000000,0,0,0,0,0,0,0,0,0,0,0,24,0,69000,69411.37689288978,63452.07298686728,76212.77976199053,128.0
1790321645,8,TPOT,completion,0.200000,0.000000,0,0,0,0,0,0,0,0,0,0,0,24,0,500,504.4496602532629,463.85951514913165,555.2365053481767,0.0
1790321645,8,TTFT,completion,0.200000,0.000000,0,0,0,0,0,0,0,0,0,0,0,24,0,5400,5346.20633724262,4541.847490007058,5738.987688207999,0.0
1790321645,8,,Aggregated,0.600000,0.000000,0,0,0,0,0,0,0,0,0,0,0,72,0,5400,25087.344296795214,463.85951514913165,76212.77976199053,42.666666666666664
1790321646,8,POST,completion,0.200000,0.000000,0,0,0,0,0,0,0,0,0,0,0,24,0,69000,69411.37689288978,63452.07298686728,76212.77976199053,128.0
1790321646,8,TPOT,completion,0.200000,0.000000,0,0,0,0,0,0,0,0,0,0,0,24,0,500,504.4496602532629,463.85951514913165,555.2365053481767,0.0
1790321646,8,TTFT,completion,0.200000,0.000000,0,0,0,0,0,0,0,0,0,0,0,24,0,5400,5346.20633724262,4541.847490007058,5738.987688207999,0.0
1790321646,8,,Aggregated,0.600000,0.000000,0,0,0,0,0,0,0,0,0,0,0,72,0,5400,25087.344296795214,463.85951514913165,76212.77976199053,42.666666666666664
1790321647,8,POST,completion,0.200000,0.000000,0,0,0,0,0,0,0,0,0,0,0,24,0,69000,69411.37689288978,63452.07298686728,76212.77976199053,128.0
1790321647,8,TPOT,completion,0.200000,0.000000,0,0,0,0,0,0,0,0,0,0,0,24,0,500,504.4496602532629,463.85951514913165,555.2365053481767,0.0
1790321647,8,TTFT,completion,0.200000,0.000000,0,0,0,0,0,0,0,0,0,0,0,24,0,5400,5346.20633724262,4541.847490007058,5738.987688207999,0.0
1790321647,8,,Aggregated,0.600000,0.000000,0,0,0,0,0,0,0,0,0,0,0,72,0,5400,25087.344296795214,463.85951514913165,76212.77976199053,42.666666666666664
1790321648,8,POST,completion,0.200000,0.000000,0,0,0,0,0,0,0,0,0,0,0,24,0,69000,69411.37689288978,63452.07298686728,76212.77976199053,128.0
1790321648,8,TPOT,completion,0.200000,0.000000,0,0,0,0,0,0,0,0,0,0,0,24,0,500,504.4496602532629,463.85951514913165,555.2365053481767,0.0
1790321648,8,TTFT,completion,0.200000,0.000000,0,0,0,0,0,0,0,0,0,0,0,24,0,5400,5346.20633724262,4541.847490007058,5738.987688207999,0.0
1790321648,8,,Aggregated,0.600000,0.000000,0,0,0,0,0,0,0,0,0,0,0,72,0,5400,25087.344296795214,463.85951514913165,76212.77976199053,42.666666666666664
1790321649,8,POST,completion,0.200000,0.000000,0,0,0,0,0,0,0,0,0,0,0,24,0,69000,69411.37689288978,63452.07298686728,76212.77976199053,128.0
1790321649,8,TPOT,completion,0.200000,0.000000,0,0,0,0,0,0,0,0,0,0,0,24,0,500,504.4496602532629,463.85951514913165,555.2365053481767,0.0
1790321649,8,TTFT,completion,0.200000,0.000000,0,0,0,0,0,0,0,0,0,0,0,24,0,5400,5346.20633724262,4541.847490007058,5738.987688207999,0.0
1790321649,8,,Aggregated,0.600000,0.000000,0,0,0,0,0,0,0,0,0,0,0,72,0,5400,25087.344296795214,463.85951514913165,76212.77976199053,42.666666666666664
1790321650,8,POST,completion,0.000000,0.000000,0,0,0,0,0,0,0,0,0,0,0,25,0,69000,69463.44482017681,63452.07298686728,76212.77976199053,128.0
1790321650,8,TPOT,completion,0.000000,0.000000,0,0,0,0,0,0,0,0,0,0,0,25,0,500,504.71233925195463,463.85951514913165,555.2365053481767,0.0
1790321650,8,TTFT,completion,0.000000,0.000000,0,0,0,0,0,0,0,0,0,0,0,25,0,5400,5364.914075592533,4541.847490007058,5813.899795990437,0.0
1790321650,8,,Aggregated,0.000000,0.000000,0,0,0,0,0,0,0,0,0,0,0,75,0,5400,25111.023745007093,463.85951514913165,76212.77976199053,42.666666666666664
1790321651,8,POST,completion,0.000000,0.000000,71000,71000,71000,71000,71000,71000,71000,71000,71000,71000,71000,25,0,69000,69463.44482017681,63452.07298686728,76212.77976199053,128.0
1790321651,8,TPOT,completion,0.000000,0.000000,510,510,510,510,510,510,510,510,510,510,510,25,0,500,504.71233925195463,463.85951514913165,555.2365053481767,0.0
1790321651,8,TTFT,completion,0.000000,0.000000,5800,5800,5800,5800,5800,5800,5800,5800,5800,5800,5800,25,0,5400,5364.914075592533,4541.847490007058,5813.899795990437,0.0
1790321651,8,,Aggregated,0.000000,0.000000,5800,5800,71000,71000,71000,71000,71000,71000,71000,71000,71000,75,0,5400,25111.023745007093,463.85951514913165,76212.77976199053,42.666666666666664
1790321652,8,POST,completion,0.000000,0.000000,71000,71000,71000,71000,71000,71000,71000,71000,71000,71000,71000,25,0,69000,69463.44482017681,63452.07298686728,76212.77976199053,128.0
1790321652,8,TPOT,completion,0.000000,0.000000,510,510,510,510,510,510,510,510,510,510,510,25,0,500,504.71233925195463,463.85951514913165,555.2365053481767,0.0
1790321652,8,TTFT,completion,0.000000,0.000000,5800,5800,5800,5800,5800,5800,5800,5800,5800,5800,5800,25,0,5400,5364.914075592533,4541.847490007058,5813.899795990437,0.0
1790321652,8,,Aggregated,0.000000,0.000000,5800,5800,71000,71000,71000,71000,71000,71000,71000,71000,71000,75,0,5400,25111.023745007093,463.85951514913165,76212.77976199053,42.666666666666664
1790321653,8,POST,completion,0.000000,0.000000,71000,71000,71000,71000,71000,71000,71000,71000,71000,71000,71000,25,0,69000,69463.44482017681,63452.07298686728,76212.77976199053,128.0
1790321653,8,TPOT,completion,0.000000,0.000000,510,510,510,510,510,510,510,510,510,510,510,25,0,500,504.71233925195463,463.85951514913165,555.2365053481767,0.0
1790321653,8,TTFT,completion,0.000000,0.000000,5800,5800,5800,5800,5800,5800,5800,5800,5800,5800,5800,25,0,5400,5364.914075592533,4541.847490007058,5813.899795990437,0.0
1790321653,8,,Aggregated,0.000000,0.000000,5800,5800,71000,71000,71000,71000,71000,71000,71000,71000,71000,75,0,5400,25111.023745007093,463.85951514913165,76212.77976199053,42.666666666666664
1790321654,8,POST,completion,0.100000,0.000000,71000,71000,71000,71000,71000,71000,71000,71000,71000,71000,71000,26,0,69000,69458.07398866433,63452.07298686728,76212.77976199053,128.0
1790321654,8,TPOT,completion,0.100000,0.000000,510,510,510,510,510,510,510,510,510,510,510,26,0,500,504.5992594914873,463.85951514913165,555.2365053481767,0.0
1790321654,8,TTFT,completion,0.100000,0.000000,5800,5800,5800,5800,5800,5800,5800,5800,5800,5800,5800,26,0,5400,5373.90451045492,4541.847490007058,5813.899795990437,0.0
1790321654,8,,Aggregated,0.300000,0.000000,5800,5800,69000,69000,71000,71000,71000,71000,71000,71000,71000,78,0,5400,25112.19258620357,463.85951514913165,76212.77976199053,42.666666666666664
1790321655,8,POST,completion,0.100000,0.000000,71000,71000,71000,71000,71000,71000,71000,71000,71000,71000,71000,26,0,69000,69458.07398866433,63452.07298686728,76212.77976199053,128.0
1790321655,8,TPOT,completion,0.100000,0.000000,510,510,510,510,510,510,510,510,510,510,510,26,0,500,504.5992594914873,463.85951514913165,555.2365053481767,0.0
1790321655,8,TTFT,completion,0.100000,0.000000,5800,5800,5800,5800,5800,5800,5800,5800,5800,5800,5800,26,0,5400,5373.90451045492,4541.847490007058,5813.899795990437,0.0
1790321655,8,,Aggregated,0.300000,0.000000,5800,5800,69000,69000,71000,71000,71000,71000,71000,71000,71000,78,0,5400,25112.19258620357,463.85951514913165,76212.77976199053,42.666666666666664
1790321656,8,POST,completion,0.100000,0.000000,71000,71000,71000,71000,71000,71000,71000,71000,71000,71000,71000,26,0,69000,69458.07398866433,63452.07298686728,76212.77976199053,128.0
1790321656,8,TPOT,completion,0.100000,0.000000,510,510,510,510,510,510,510,510,510,510,510,26,0,500,504.5992594914873,463.85951514913165,555.2365053481767,0.0
1790321656,8,TTFT,completion,0.100000,0.000000,5800,5800,5800,5800,5800,5800,5800,5800,5800,5800,5800,26,0,5400,5373.90451045492,4541.847490007058,5813.899795990437,0.0
1790321656,8,,Aggregated,0.300000,0.000000,5800,5800,69000,69000,71000,71000,71000,71000,71000,71000,71000,78,0,5400,25112.19258620357,463.85951514913165,76212.77976199053,42.666666666666664
1790321657,8,POST,completion,0.100000,0.000000,71000,71000,71000,71000,71000,71000,71000,71000,71000,71000,71000,26,0,69000,69458.07398866433,63452.07298686728,76212.77976199053,128.0
1790321657,8,TPOT,completion,0.100000,0.000000,510,510,510,510,510,510,510,510,510,510,510,26,0,500,504.5992594914873,463.85951514913165,555.2365053481767,0.0
1790321657,8,TTFT,completion,0.100000,0.000000,5800,5800,5800,5800,5800,5800,5800,5800,5800,5800,5800,26,0,5400,5373.90451045492,4541.847490007058,5813.899795990437,0.0
1790321657,8,,Aggregated,0.300000,0.000000,5800,5800,69000,69000,71000,71000,71000,71000,71000,71000,71000,78,0,5400,25112.19258620357,463.85951514913165,76212.77976199053,42.666666666666664
1790321658,8,POST,completion,0.100000,0.000000,71000,71000,71000,71000,71000,71000,71000,71000,71000,71000,71000,26,0,69000,69458.07398866433,63452.07298686728,76212.77976199053,128.0
1790321658,8,TPOT,completion,0.100000,0.000000,510,510,510,510,510,510,510,510,510,510,510,26,0,500,504.5992594914873,463.85951514913165,555.2365053481767,0.0
1790321658,8,TTFT,completion,0.100000,0.000000,5800,5800,5800,5800,5800,5800,5800,5800,5800,5800,5800,26,0,5400,5373.90451045492,4541.847490007058,5813.899795990437,0.0
1790321658,8,,Aggregated,0.300000,0.000000,5800,5800,69000,69000,71000,71000,71000,71000,71000,71000,71000,78,0,5400,25112.19258620357,463.85951514913165,76212.77976199053,42.666666666666664
1790321659,8,POST,completion,0.100000,0.000000,71000,71000,71000,71000,71000,71000,71000,71000,71000,71000,71000,26,0,69000,69458.07398866433,63452.07298686728,76212.77976199053,128.0
1790321659,8,TPOT,completion,0.100000,0.000000,510,510,510,510,510,510,510,510,510,510,510,26,0,500,504.5992594914873,463.85951514913165,555.2365053481767,0.0
1790321659,8,TTFT,completion,0.100000,0.000000,5800,5800,5800,5800,5800,5800,5800,5800,5800,5800,5800,26,0,5400,5373.90451045492,4541.847490007058,5813.899795990437,0.0
1790321659,8,,Aggregated,0.300000,0.000000,5800,5800,69000,69000,71000,71000,71000,71000,71000,71000,71000,78,0,5400,25112.19258620357,463.85951514913165,76212.77976199053,42.666666666666664
1790321660,8,POST,completion,0.100000,0.000000,71000,71000,71000,71000,71000,71000,71000,71000,71000,71000,71000,26,0,69000,69458.07398866433,63452.07298686728,76212.77976199053,128.0
1790321660,8,TPOT,completion,0.100000,0.000000,510,510,510,510,510,510,510,510,510,510,510,26,0,500,504.5992594914873,463.85951514913165,555.2365053481767,0.0
1790321660,8,TTFT,completion,0.100000,0.000000,5800,5800,5800,5800,5800,5800,5800,5800,5800,5800,5800,26,0,5400,5373.90451045492,4541.847490007058,5813.899795990437,0.0
1790321660,8,,Aggregated,0.300000,0.000000,5800,5800,69000,69000,71000,71000,71000,71000,71000,71000,71000,78,0,5400,25112.19258620357,463.85951514913165,76212.77976199053,42.666666666666664
1790321661,8,POST,completion,0.200000,0.000000,69000,69000,71000,71000,71000,71000,71000,71000,71000,71000,71000,27,0,69000,69455.99695690045,63452.07298686728,76212.77976199053,128.0
1790321661,8,TPOT,completion,0.200000,0.000000,500,500,510,510,510,510,510,510,510,510,510,27,0,500,504.5007949115934,463.85951514913165,555.2365053481767,0.0
1790321661,8,TTFT,completion,0.200000,0.000000,5700,5700,5800,5800,5800,5800,5800,5800,5800,5800,5800,27,0,5400,5384.332874030979,4541.847490007058,5813.899795990437,0.0
1790321661,8,,Aggregated,0.600000,0.000000,5700,5800,69000,69000,71000,71000,71000,71000,71000,71000,71000,81,0,5400,25114.94354194767,463.85951514913165,76212.77976199053,42.666666666666664
1790321662,8,POST,completion,0.200000,0.000000,69000,69000,69000,69000,69000,69000,69000,69000,69000,69000,69000,27,0,69000,69455.99695690045,63452.07298686728,76212.77976199053,128.0
1790321662,8,TPOT,completion,0.200000,0.000000,500,500,500,500,500,500,500,500,500,500,500,27,0,500,504.5007949115934,463.85951514913165,555.2365053481767,0.0
1790321662,8,TTFT,completion,0.200000,0.000000,5700,5700,5700,5700,5700,5700,5700,5700,5700,5700,5700,27,0,5400,5384.332874030979,4541.847490007058,5813.899795990437,0.0
1790321662,8,,Aggregated,0.600000,0.000000,5700,5700,69000,69000,69000,69000,69000,69000,69000,69000,69000,81,0,5400,25114.94354194767,463.85951514913165,76212.77976199053,42.666666666666664
1790321663,8,POST,completion,0.200000,0.000000,69000,69000,69000,69000,69000,69000,69000,69000,69000,69000,69000,27,0,69000,69455.99695690045,63452.07298686728,76212.77976199053,128.0
1790321663,8,TPOT,completion,0.200000,0.000000,500,500,500,500,500,500,500,500,500,500,500,27,0,500,504.5007949115934,463.85951514913165,555.2365053481767,0.0
1790321663,8,TTFT,completion,0.200000,0.000000,5700,5700,5700,5700,5700,5700,5700,5700,5700,5700,5700,27,0,5400,5384.332874030979,4541.847490007058,5813.899795990437,0.0
1790321663,8,,Aggregated,0.600000,0.000000,5700,5700,69000,69000,69000,69000,69000,69000,69000,69000,69000,81,0,5400,25114.94354194767,463.85951514913165,76212.77976199053,42.666666666666664
1790321664,8,POST,completion,0.200000,0.000000,69000,69000,69000,69000,69000,69000,69000,69000,69000,69000,69000,27,0,69000,69455.99695690045,63452.07298686728,76212.77976199053,128.0
1790321664,8,TPOT,completion,0.200000,0.000000,500,500,500,500,500,500,500,500,500,500,500,27,0,500,504.5007949115934,463.85951514913165,555.2365053481767,0.0
1790321664,8,TTFT,completion,0.200000,0.000000,5700,5700,5700,5700,5700,5700,5700,5700,5700,5700,5700,27,0,5400,5384.332874030979,4541.847490007058,5813.899795990437,0.0
1790321664,8,,Aggregated,0.600000,0.000000,5700,5700,69000,69000,69000,69000,69000,69000,69000,69000,69000,81,0,5400,25114.94354194767,463.85951514913165,76212.77976199053,42.666666666666664
1790321665,8,POST,completion,0.200000,0.000000,69000,69000,69000,69000,69000,69000,69000,69000,69000,69000,69000,27,0,69000,69455.99695690045,63452.07298686728,76212.77976199053,128.0
1790321665,8,TPOT,completion,0.200000,0.000000,500,500,500,500,500,500,500,500,500,500,500,27,0,500,504.5007949115934,463.85951514913165,555.2365053481767,0.0
1790321665,8,TTFT,completion,0.200000,0.000000,5700,5700,5700,5700,5700,5700,5700,5700,5700,5700,5700,27,0,5400,5384.332874030979,4541.847490007058,5813.899795990437,0.0
1790321665,8,,Aggregated,0.600000,0.000000,5700,5700,69000,69000,69000,69000,69000,69000,69000,69000,69000,81,0,5400,25114.94354194767,463.85951514913165,76212.77976199053,42.666666666666664
1790321666,8,POST,completion,0.200000,0.000000,69000,69000,69000,69000,69000,69000,69000,69000,69000,69000,69000,28,0,69000,69434.22183165759,63452.07298686728,76212.77976199053,128.0
1790321666,8,TPOT,completion,0.200000,0.000000,500,500,500,500,500,500,500,500,500,500,500,28,0,500,504.2575405528495,463.85951514913165,555.2365053481767,0.0
1790321666,8,TTFT,completion,0.200000,0.000000,5600,5600,5700,5700,5700,5700,5700,5700,5700,5700,5700,28,0,5500,5393.450944027531,4541.847490007058,5813.899795990437,0.0
1790321666,8,,Aggregated,0.600000,0.000000,5600,5700,69000,69000,69000,69000,69000,69000,69000,69000,69000,84,0,5500,25110.64343874599,463.85951514913165,76212.77976199053,42.666666666666664
1790321667,8,POST,completion,0.200000,0.000000,69000,69000,69000,69000,69000,69000,69000,69000,69000,69000,69000,28,0,69000,69434.22183165759,63452.07298686728,76212.77976199053,128.0
1790321667,8,TPOT,completion,0.200000,0.000000,500,500,500,500,500,500,500,500,500,500,500,28,0,500,504.2575405528495,463.85951514913165,555.2365053481767,0.0
1790321667,8,TTFT,completion,0.200000,0.000000,5700,5700,5700,5700,5700,5700,5700,5700,5700,5700,5700,28,0,5500,5393.450944027531,4541.847490007058,5813.899795990437,0.0
1790321667,8,,Aggregated,0.600000,0.000000,5700,5700,69000,69000,69000,69000,69000,69000,69000,69000,69000,84,0,5500,25110.64343874599,463.85951514913165,76212.77976199053,42.666666666666664
1790321668,8,POST,completion,0.200000,0.000000,69000,69000,69000,69000,69000,69000,69000,69000,69000,69000,69000,28,0,69000,69434.22183165759,63452.07298686728,76212.77976199053,128.0
1790321668,8,TPOT,completion,0.200000,0.000000,500,500,500,500,500,500,500,500,500,500,500,28,0,500,504.2575405528495,463.85951514913165,555.2365053481767,0.0
1790321668,8,TTFT,completion,0.200000,0.000000,5700,5700,5700,5700,5700,5700,5700,5700,5700,5700,5700,28,0,5500,5393.450944027531,4541.847490007058,5813.899795990437,0.0
1790321668,8,,Aggregated,0.600000,0.000000,5700,5700,69000,69000,69000,69000,69000,69000,69000,69000,69000,84,0,5500,25110.64343874599,463.85951514913165,76212.77976199053,42.666666666666664
1790321669,8,POST,completion,0.200000,0.000000,69000,69000,69000,69000,69000,69000,69000,69000,69000,69000,69000,28,0,69000,69434.22183165759,63452.07298686728,76212.77976199053,128.0
1790321669,8,TPOT,completion,0.200000,0.000000,500,500,500,500,500,500,500,500,500,500,500,28,0,500,504.2575405528495,463.85951514913165,555.2365053481767,0.0
1790321669,8,TTFT,completion,0.200000,0.000000,5700,5700,5700,5700,5700,5700,5700,5700,5700,5700,5700,28,0,5500,5393.450944027531,4541.847490007058,5813.899795990437,0.0
1790321669,8,,Aggregated,0.600000,0.000000,5700,5700,69000,69000,69000,69000,69000,69000,69000,69000,69000,84,0,5500,25110.64343874599,463.85951514913165,76212.77976199053,42.666666666666664
1790321670,8,POST,completion,0.200000,0.000000,69000,69000,69000,69000,69000,69000,69000,69000,69000,69000,69000,28,0,69000,69434.22183165759,63452.07298686728,76212.77976199053,128.0
1790321670,8,TPOT,completion,0.200000,0.000000,500,500,500,500,500,500,500,500,500,500,500,28,0,500,504.2575405528495,463.85951514913165,555.2365053481767,0.0
1790321670,8,TTFT,completion,0.200000,0.000000,5700,5700,5700,5700,5700,5700,5700,5700,5700,5700,5700,28,0,5500,5393.450944027531,4541.847490007058,5813.899795990437,0.0
1790321670,8,,Aggregated,0.600000,0.000000,5700,5700,69000,69000,69000,69000,69000,69000,69000,69000,69000,84,0,5500,25110.64343874599,463.85951514913165,76212.77976199053,42.666666666666664
