Timestamp,User Count,Type,Name,Requests/s,Failures/s,50%,66%,75%,80%,90%,95%,98%,99%,99.9%,99.99%,100%,Total Request Count,Total Failure Count,Total Median Response Time,Total Average Response Time,Total Min Response Time,Total Max Response Time,Total Average Content Size
1790233001,0,,Aggregated,0.000000,0.000000,N/A,N/A,N/A,N/A,N/A,N/A,N/A,N/A,N/A,N/A,N/A,0,0,0,0.0,0,0,0
1790233002,1,,Aggregated,0.000000,0.000000,N/A,N/A,N/A,N/A,N/A,N/A,N/A,N/A,N/A,N/A,N/A,0,0,0,0.0,0,0,0
1790233003,2,,Aggregated,0.000000,0.000000,N/A,N/A,N/A,N/A,N/A,N/A,N/A,N/A,N/A,N/A,N/A,0,0,0,0.0,0,0,0
1790233004,3,,Aggregated,0.000000,0.000000,N/A,N/A,N/A,N/A,N/A,N/A,N/A,N/A,N/A,N/A,N/A,0,0,0,0.0,0,0,0
1790233005,4,,Aggregated,0.000000,0.000000,N/A,N/A,N/A,N/A,N/A,N/A,N/A,N/A,N/A,N/A,N/A,0,0,0,0.0,0,0,0
1790233006,5,,Aggregated,0.000000,0.000000,N/A,N/A,N/A,N/A,N/A,N/A,N/A,N/A,N/A,N/A,N/A,0,0,0,0.0,0,0,0
1790233007,6,,Aggregated,0.000000,0.000000,N/A,N/A,N/A,N/A,N/A,N/A,N/A,N/A,N/A,N/A,N/A,0,0,0,0.0,0,0,0
1790233008,7,,Aggregated,0.000000,0.000000,N/A,N/A,N/A,N/A,N/A,N/A,N/A,N/A,N/A,N/A,N/A,0,0,0,0.0,0,0,0
1790233009,8,,Aggregated,0.000000,0.000000,N/A,N/A,N/A,N/A,N/A,N/A,N/A,N/A,N/A,N/A,N/A,0,0,0,0.0,0,0,0
1790233010,8,,Aggregated,0.000000,0.000000,N/A,N/A,N/A,N/A,N/A,N/A,N/A,N/A,N/A,N/A,N/A,0,0,0,0.0,0,0,0
1790233011,8,,Aggregated,0.000000,0.000000,N/A,N/A,N/A,N/A,N/A,N/A,N/A,N/A,N/A,N/A,N/A,0,0,0,0.0,0,0,0
1790233012,8,,Aggregated,0.000000,0.000000,N/A,N/A,N/A,N/A,N/A,N/A,N/A,N/A,N/A,N/A,N/A,0,0,0,0.0,0,0,0
1790233013,8,,Aggregated,0.000000,0.000000,N/A,N/A,N/A,N/A,N/A,N/A,N/A,N/A,N/A,N/A,N/A,0,0,0,0.0,0,0,0
1790233014,8,,Aggregated,0.000000,0.000000,N/A,N/A,N/A,N/A,N/A,N/A,N/A,N/A,N/A,N/A,N/A,0,0,0,0.0,0,0,0
1790233015,8,,Aggregated,0.000000,0.000000,N/A,N/A,N/A,N/A,N/A,N/A,N/A,N/A,N/A,N/A,N/A,0,0,0,0.0,0,0,0
1790233016,8,,Aggregated,0.000000,0.000000,N/A,N/A,N/A,N/A,N/A,N/A,N/A,N/A,N/A,N/A,N/A,0,0,0,0.0,0,0,0
1790233017,8,,Aggregated,0.000000,0.000000,N/A,N/A,N/A,N/A,N/A,N/A,N/A,N/A,N/A,N/A,N/A,0,0,0,0.0,0,0,0
1790233018,8,,Aggregated,0.000000,0.000000,N/A,N/A,N/A,N/A,N/A,N/A,N/A,N/A,N/A,N/A,N/A,0,0,0,0.0,0,0,0
1790233019,8,,Aggregated,0.000000,0.000000,N/A,N/A,N/A,N/A,N/A,N/A,N/A,N/A,N/A,N/A,N/A,0,0,0,0.0,0,0,0
1790233020,8,,Aggregated,0.000000,0.000000,N/A,N/A,N/A,N/A,N/A,N/A,N/A,N/A,N/A,N/A,N/A,0,0,0,0.0,0,0,0
1790233021,8,,Aggregated,0.000000,0.000000,N/A,N/A,N/A,N/A,N/A,N/A,N/A,N/A,N/A,N/A,N/A,0,0,0,0.0,0,0,0
1790233022,8,,Aggregated,0.000000,0.000000,N/A,N/A,N/A,N/A,N/A,N/A,N/A,N/A,N/A,N/A,N/A,0,0,0,0.0,0,0,0
1790233023,8,,Aggregated,0.000000,0.000000,N/A,N/A,N/A,N/A,N/A,N/A,N/A,N/A,N/A,N/A,N/A,0,0,0,0.0,0,0,0
1790233024,8,,Aggregated,0.000000,0.000000,N/A,N/A,N/A,N/A,N/A,N/A,N/A,N/A,N/A,N/A,N/A,0,0,0,0.0,0,0,0
1790233025,8,,Aggregated,0.000000,0.000000,N/A,N/A,N/A,N/A,N/A,N/A,N/A,N/A,N/A,N/A,N/A,0,0,0,0.0,0,0,0
1790233026,8,,Aggregated,0.000000,0.000000,N/A,N/A,N/A,N/A,N/A,N/A,N/A,N/A,N/A,N/A,N/A,0,0,0,0.0,0,0,0
1790233027,8,,Aggregated,0.000000,0.000000,N/A,N/A,N/A,N/A,N/A,N/A,N/A,N/A,N/A,N/A,N/A,0,0,0,0.0,0,0,0
1790233028,8,,Aggregated,0.000000,0.000000,N/A,N/A,N/A,N/A,N/A,N/A,N/A,N/A,N/A,N/A,N/A,0,0,0,0.0,0,0,0
1790233029,8,,Aggregated,0.000000,0.000000,N/A,N/A,N/A,N/A,N/A,N/A,N/A,N/A,N/A,N/A,N/A,0,0,0,0.0,0,0,0
1790233030,8,,Aggregated,0.000000,0.000000,N/A,N/A,N/A,N/A,N/A,N/A,N/A,N/A,N/A,N/A,N/A,0,0,0,0.0,0,0,0
1790233031,8,,Aggregated,0.000000,0.000000,N/A,N/A,N/A,N/A,N/A,N/A,N/A,N/A,N/A,N/A,N/A,0,0,0,0.0,0,0,0
1790233032,8,,Aggregated,0.000000,0.000000,N/A,N/A,N/A,N/A,N/A,N/A,N/A,N/A,N/A,N/A,N/A,0,0,0,0.0,0,0,0
1790233033,8,,Aggregated,0.000000,0.000000,N/A,N/A,N/A,N/A,N/A,N/A,N/A,N/A,N/A,N/A,N/A,0,0,0,0.0,0,0,0
1790233034,8,,Aggregated,0.000000,0.000000,N/A,N/A,N/A,N/A,N/A,N/A,N/A,N/A,N/A,N/A,N/A,0,0,0,0.0,0,0,0
1790233035,8,,Aggregated,0.000000,0.000000,N/A,N/A,N/A,N/A,N/A,N/A,N/A,N/A,N/A,N/A,N/A,0,0,0,0.0,0,0,0
1790233036,8,,Aggregated,0.000000,0.000000,N/A,N/A,N/A,N/A,N/A,N/A,N/A,N/A,N/A,N/A,N/A,0,0,0,0.0,0,0,0
1790233037,8,,Aggregated,0.000000,0.000000,N/A,N/A,N/A,N/A,N/A,N/A,N/A,N/A,N/A,N/A,N/A,0,0,0,0.0,0,0,0
1790233038,8,,Aggregated,0.000000,0.000000,N/A,N/A,N/A,N/A,N/A,N/A,N/A,N/A,N/A,N/A,N/A,0,0,0,0.0,0,0,0
1790233039,8,,Aggregated,0.000000,0.000000,N/A,N/A,N/A,N/A,N/A,N/A,N/A,N/A,N/A,N/A,N/A,0,0,0,0.0,0,0,0
1790233040,8,,Aggregated,0.000000,0.000000,N/A,N/A,N/A,N/A,N/A,N/A,N/A,N/A,N/A,N/A,N/A,0,0,0,0.0,0,0,0
1790233041,8,,Aggregated,0.000000,0.000000,N/A,N/A,N/A,N/A,N/A,N/A,N/A,N/A,N/A,N/A,N/A,0,0,0,0.0,0,0,0
1790233042,8,,Aggregated,0.000000,0.000000,N/A,N/A,N/A,N/A,N/A,N/A,N/A,N/A,N/A,N/A,N/A,0,0,0,0.0,0,0,0
1790233043,8,,Aggregated,0.000000,0.000000,N/A,N/A,N/A,N/A,N/A,N/A,N/A,N/A,N/A,N/A,N/A,0,0,0,0.0,0,0,0
1790233044,8,,Aggregated,0.000000,0.000000,N/A,N/A,N/A,N/A,N/A,N/A,N/A,N/A,N/A,N/A,N/A,0,0,0,0.0,0,0,0
1790233045,8,,Aggregated,0.000000,0.000000,N/A,N/A,N/A,N/A,N/A,N/A,N/A,N/A,N/A,N/A,N/A,0,0,0,0.0,0,0,0
1790233046,8,,Aggregated,0.000000,0.000000,N/A,N/A,N/A,N/A,N/A,N/A,N/A,N/A,N/A,N/A,N/A,0,0,0,0.0,0,0,0
1790233047,8,,Aggregated,0.000000,0.000000,N/A,N/A,N/A,N/A,N/A,N/A,N/A,N/A,N/A,N/A,N/A,0,0,0,0.0,0,0,0
1790233048,8,,Aggregated,0.000000,0.000000,N/A,N/A,N/A,N/A,N/A,N/A,N/A,N/A,N/A,N/A,N/A,0,0,0,0.0,0,0,0
1790233049,8,,Aggregated,0.000000,0.000000,N/A,N/A,N/A,N/A,N/A,N/A,N/A,N/A,N/A,N/A,N/A,0,0,0,0.0,0,0,0
1790233050,8,,Aggregated,0.000000,0.000000,N/A,N/A,N/A,N/A,N/A,N/A,N/A,N/A,N/A,N/A,N/A,0,0,0,0.0,0,0,0
1790233051,8,,Aggregated,0.000000,0.000000,N/A,N/A,N/A,N/A,N/A,N/A,N/A,N/A,N/A,N/A,N/A,0,0,0,0.0,0,0,0
1790233052,8,POST,completion,0.000000,0.000000,0,0,0,0,0,0,0,0,0,0,0,1,0,44835.83988901228,44835.83988901228,44835.83988901228,44835.83988901228,128.0
1790233052,8,TPOT,completion,0.000000,0.000000,0,0,0,0,0,0,0,0,0,0,0,1,0,323.11613629132097,323.11613629132097,323.11613629132097,323.11613629132097,0.0
1790233052,8,TTFT,completion,0.000000,0.000000,0,0,0,0,0,0,0,0,0,0,0,1,0,3799.3759638629854,3799.3759638629854,3799.3759638629854,3799.3759638629854,0.0
1790233052,8,,Aggregated,0.000000,0.000000,0,0,0,0,0,0,0,0,0,0,0,3,0,3800,16319.44399638886,323.11613629132097,44835.83988901228,42.666666666666664
1790233053,8,POST,completion,0.000000,0.000000,0,0,0,0,0,0,0,0,0,0,0,1,0,44835.83988901228,44835.83988901228,44835.83988901228,44835.83988901228,128.0
1790233053,8,TPOT,completion,0.000000,0.000000,0,0,0,0,0,0,0,0,0,0,0,1,0,323.11613629132097,323.11613629132097,323.11613629132097,323.11613629132097,0.0
1790233053,8,TTFT,completion,0.000000,0.000000,0,0,0,0,0,0,0,0,0,0,0,1,0,3799.3759638629854,3799.3759638629854,3799.3759638629854,3799.3759638629854,0.0
1790233053,8,,Aggregated,0.000000,0.000000,0,0,0,0,0,0,0,0,0,0,0,3,0,3800,16319.44399638886,323.11613629132097,44835.83988901228,42.666666666666664
1790233054,8,POST,completion,0.000000,0.000000,45000,45000,45000,45000,45000,45000,45000,45000,45000,45000,45000,1,0,44835.83988901228,44835.83988901228,44835.83988901228,44835.83988901228,128.0
1790233054,8,TPOT,completion,0.000000,0.000000,320,320,320,320,320,320,320,320,320,320,320,1,0,323.11613629132097,323.11613629132097,323.11613629132097,323.11613629132097,0.0
1790233054,8,TTFT,completion,0.000000,0.000000,3800,3800,3800,3800,3800,3800,3800,3800,3800,3800,3800,1,0,3799.3759638629854,3799.3759638629854,3799.3759638629854,3799.3759638629854,0.0
1790233054,8,,Aggregated,0.000000,0.000000,0,0,0,0,0,0,0,0,0,0,0,3,0,3800,16319.44399638886,323.11613629132097,44835.83988901228,42.666666666666664
1790233055,8,POST,completion,0.000000,0.000000,45000,45000,45000,45000,45000,45000,45000,45000,45000,45000,45000,1,0,44835.83988901228,44835.83988901228,44835.83988901228,44835.83988901228,128.0
1790233055,8,TPOT,completion,0.000000,0.000000,320,320,320,320,320,320,320,320,320,320,320,1,0,323.11613629132097,323.11613629132097,323.11613629132097,323.11613629132097,0.0
1790233055,8,TTFT,completion,0.000000,0.000000,3800,3800,3800,3800,3800,3800,3800,3800,3800,3800,3800,1,0,3799.3759638629854,3799.3759638629854,3799.3759638629854,3799.3759638629854,0.0
1790233055,8,,Aggregated,0.000000,0.000000,0,0,0,0,0,0,0,0,0,0,0,3,0,3800,16319.44399638886,323.11613629132097,44835.83988901228,42.666666666666664
1790233056,8,POST,completion,0.000000,0.000000,45000,45000,45000,45000,45000,45000,45000,45000,45000,45000,45000,1,0,44835.83988901228,44835.83988901228,44835.83988901228,44835.83988901228,128.0
1790233056,8,TPOT,completion,0.000000,0.000000,320,320,320,320,320,320,320,320,320,320,320,1,0,323.11613629132097,323.11613629132097,323.11613629132097,323.11613629132097,0.0
1790233056,8,TTFT,completion,0.000000,0.000000,3800,3800,3800,3800,3800,3800,3800,3800,3800,3800,3800,1,0,3799.3759638629854,3799.3759638629854,3799.3759638629854,3799.3759638629854,0.0
1790233056,8,,Aggregated,0.000000,0.000000,0,0,0,0,0,0,0,0,0,0,0,3,0,3800,16319.44399638886,323.11613629132097,44835.83988901228,42.666666666666664
1790233057,8,POST,completion,0.000000,0.000000,45000,45000,45000,45000,45000,45000,45000,45000,45000,45000,45000,1,0,44835.83988901228,44835.83988901228,44835.83988901228,44835.83988901228,128.0
1790233057,8,TPOT,completion,0.000000,0.000000,320,320,320,320,320,320,320,320,320,320,320,1,0,323.11613629132097,323.11613629132097,323.11613629132097,323.11613629132097,0.0
1790233057,8,TTFT,completion,0.000000,0.000000,3800,3800,3800,3800,3800,3800,3800,3800,3800,3800,3800,1,0,3799.3759638629854,3799.3759638629854,3799.3759638629854,3799.3759638629854,0.0
1790233057,8,,Aggregated,0.000000,0.000000,0,0,0,0,0,0,0,0,0,0,0,3,0,3800,16319.44399638886,323.11613629132097,44835.83988901228,42.666666666666664
1790233058,8,POST,completion,0.000000,0.000000,45000,45000,45000,45000,45000,45000,45000,45000,45000,45000,45000,1,0,44835.83988901228,44835.83988901228,44835.83988901228,44835.83988901228,128.0
1790233058,8,TPOT,completion,0.000000,0.000000,320,320,320,320,320,320,320,320,320,320,320,1,0,323.11613629132097,323.11613629132097,323.11613629132097,323.11613629132097,0.0
1790233058,8,TTFT,completion,0.000000,0.000000,3800,3800,3800,3800,3800,3800,3800,3800,3800,3800,3800,1,0,3799.3759638629854,3799.3759638629854,3799.3759638629854,3799.3759638629854,0.0
1790233058,8,,Aggregated,0.000000,0.000000,0,0,0,0,0,0,0,0,0,0,0,3,0,3800,16319.44399638886,323.11613629132097,44835.83988901228,42.666666666666664
1790233059,8,POST,completion,0.000000,0.000000,45000,45000,45000,45000,45000,45000,45000,45000,45000,45000,45000,1,0,44835.83988901228,44835.83988901228,44835.83988901228,44835.83988901228,128.0
1790233059,8,TPOT,completion,0.000000,0.000000,320,320,320,320,320,320,320,320,320,320,320,1,0,323.11613629132097,323.11613629132097,323.11613629132097,323.11613629132097,0.0
1790233059,8,TTFT,completion,0.000000,0.000000,3800,3800,3800,3800,3800,3800,3800,3800,3800,3800,3800,1,0,3799.3759638629854,3799.3759638629854,3799.3759638629854,3799.3759638629854,0.0
1790233059,8,,Aggregated,0.000000,0.000000,0,0,0,0,0,0,0,0,0,0,0,3,0,3800,16319.44399638886,323.11613629132097,44835.83988901228,42.666666666666664
1790233060,8,POST,completion,0.000000,0.000000,45000,45000,45000,45000,45000,45000,45000,45000,45000,45000,45000,1,0,44835.83988901228,44835.83988901228,44835.83988901228,44835.83988901228,128.0
1790233060,8,TPOT,completion,0.000000,0.000000,320,320,320,320,320,320,320,320,320,320,320,1,0,323.11613629132097,323.11613629132097,323.11613629132097,323.11613629132097,0.0
1790233060,8,TTFT,completion,0.000000,0.000000,3800,3800,3800,3800,3800,3800,3800,3800,3800,3800,3800,1,0,3799.3759638629854,3799.3759638629854,3799.3759638629854,3799.3759638629854,0.0
1790233060,8,,Aggregated,0.000000,0.000000,0,0,0,0,0,0,0,0,0,0,0,3,0,3800,16319.44399638886,323.11613629132097,44835.83988901228,42.666666666666664
1790233061,8,POST,completion,0.100000,0.000000,54000,54000,54000,54000,54000,54000,54000,54000,54000,54000,54000,2,0,53600.16104509123,49218.00046705175,44835.83988901228,53600.16104509123,128.0
1790233061,8,TPOT,completion,0.100000,0.000000,390,390,390,390,390,390,390,390,390,390,390,2,0,390,356.61660610628496,323.11613629132097,390.11707592124895,0.0
1790233061,8,TTFT,completion,0.100000,0.000000,4100,4100,4100,4100,4100,4100,4100,4100,4100,4100,4100,2,0,4054.707725998014,3927.0418449305,3799.3759638629854,4054.707725998014,0.0
1790233061,8,,Aggregated,0.300000,0.000000,4100,4100,54000,54000,54000,54000,54000,54000,54000,54000,54000,6,0,4100,17833.886306029515,323.11613629132097,53600.16104509123,42.666666666666664
1790233062,8,POST,completion,0.100000,0.000000,54000,54000,54000,54000,54000,54000,54000,54000,54000,54000,54000,2,0,53600.16104509123,49218.00046705175,44835.83988901228,53600.16104509123,128.0
1790233062,8,TPOT,completion,0.100000,0.000000,390,390,390,390,390,390,390,390,390,390,390,2,0,390,356.61660610628496,323.11613629132097,390.11707592124895,0.0
1790233062,8,TTFT,completion,0.100000,0.000000,4100,4100,4100,4100,4100,4100,4100,4100,4100,4100,4100,2,0,4054.707725998014,3927.0418449305,3799.3759638629854,4054.707725998014,0.0
1790233062,8,,Aggregated,0.300000,0.000000,4100,4100,54000,54000,54000,54000,54000,54000,54000,54000,54000,6,0,4100,17833.886306029515,323.11613629132097,53600.16104509123,42.666666666666664
1790233063,8,POST,completion,0.100000,0.000000,54000,54000,54000,54000,54000,54000,54000,54000,54000,54000,54000,2,0,53600.16104509123,49218.00046705175,44835.83988901228,53600.16104509123,128.0
1790233063,8,TPOT,completion,0.100000,0.000000,390,390,390,390,390,390,390,390,390,390,390,2,0,390,356.61660610628496,323.11613629132097,390.11707592124895,0.0
1790233063,8,TTFT,completion,0.100000,0.000000,4100,4100,4100,4100,4100,4100,4100,4100,4100,4100,4100,2,0,4054.707725998014,3927.0418449305,3799.3759638629854,4054.707725998014,0.0
1790233063,8,,Aggregated,0.300000,0.000000,4100,4100,54000,54000,54000,54000,54000,54000,54000,54000,54000,6,0,4100,17833.886306029515,323.11613629132097,53600.16104509123,42.666666666666664
1790233064,8,POST,completion,0.100000,0.000000,54000,54000,54000,54000,54000,54000,54000,54000,54000,54000,54000,2,0,53600.16104509123,49218.00046705175,44835.83988901228,53600.16104509123,128.0
1790233064,8,TPOT,completion,0.100000,0.000000,390,390,390,390,390,390,390,390,390,390,390,2,0,390,356.61660610628496,323.11613629132097,390.11707592124895,0.0
1790233064,8,TTFT,completion,0.100000,0.000000,4100,4100,4100,4100,4100,4100,4100,4100,4100,4100,4100,2,0,4054.707725998014,3927.0418449305,3799.3759638629854,4054.707725998014,0.0
1790233064,8,,Aggregated,0.300000,0.000000,4100,4100,54000,54000,54000,54000,54000,54000,54000,54000,54000,6,0,4100,17833.886306029515,323.11613629132097,53600.16104509123,42.666666666666664
1790233065,8,POST,completion,0.100000,0.000000,54000,54000,54000,54000,54000,54000,54000,54000,54000,54000,54000,2,0,53600.16104509123,49218.00046705175,44835.83988901228,53600.16104509123,128.0
1790233065,8,TPOT,completion,0.100000,0.000000,390,390,390,390,390,390,390,390,390,390,390,2,0,390,356.61660610628496,323.11613629132097,390.11707592124895,0.0
1790233065,8,TTFT,completion,0.100000,0.000000,4100,4100,4100,4100,4100,4100,4100,4100,4100,4100,4100,2,0,4054.707725998014,3927.0418449305,3799.3759638629854,4054.707725998014,0.0
1790233065,8,,Aggregated,0.300000,0.000000,4100,4100,54000,54000,54000,54000,54000,54000,54000,54000,54000,6,0,4100,17833.886306029515,323.11613629132097,53600.16104509123,42.666666666666664
1790233066,8,POST,completion,0.100000,0.000000,52000,52000,54000,54000,54000,54000,54000,54000,54000,54000,54000,4,0,52000,49211.74952673027,44835.83988901228,53600.16104509123,128.0
1790233066,8,TPOT,completion,0.100000,0.000000,380,380,390,390,390,390,390,390,390,390,390,4,0,380,356.9228099113675,323.11613629132097,390.11707592124895,0.0
1790233066,8,TTFT,completion,0.100000,0.000000,4000,4000,4100,4100,4100,4100,4100,4100,4100,4100,4100,4,0,4000,3881.877015461214,3721.2647821288556,4054.707725998014,0.0
1790233066,8,,Aggregated,0.300000,0.000000,4000,4100,46000,52000,54000,54000,54000,54000,54000,54000,54000,12,0,4000,17816.849784034286,323.11613629132097,53600.16104509123,42.666666666666664
1790233067,8,POST,completion,0.100000,0.000000,52000,52000,54000,54000,54000,54000,54000,54000,54000,54000,54000,5,0,46000,48599.35130397789,44835.83988901228,53600.16104509123,128.0
1790233067,8,TPOT,completion,0.100000,0.000000,380,380,390,390,390,390,390,390,390,390,390,5,0,340,347.45473006124223,309.582410660741,390.11707592124895,0.0
1790233067,8,TTFT,completion,0.100000,0.000000,4100,4100,6800,6800,6800,6800,6800,6800,6800,6800,6800,5,0,4000,4471.925482386723,3721.2647821288556,6832.11935008876,0.0
1790233067,8,,Aggregated,0.300000,0.000000,4100,6800,46000,46000,52000,54000,54000,54000,54000,54000,54000,15,0,4000,17806.24383880862,309.582410660741,53600.16104509123,42.666666666666664
1790233068,8,POST,completion,0.100000,0.000000,52000,52000,54000,54000,54000,54000,54000,54000,54000,54000,54000,5,0,46000,48599.35130397789,44835.83988901228,53600.16104509123,128.0
1790233068,8,TPOT,completion,0.100000,0.000000,380,380,390,390,390,390,390,390,390,390,390,5,0,340,347.45473006124223,309.582410660741,390.11707592124895,0.0
1790233068,8,TTFT,completion,0.100000,0.000000,4100,4100,6800,6800,6800,6800,6800,6800,6800,6800,6800,5,0,4000,4471.925482386723,3721.2647821288556,6832.11935008876,0.0
1790233068,8,,Aggregated,0.300000,0.000000,4100,6800,46000,46000,52000,54000,54000,54000,54000,54000,54000,15,0,4000,17806.24383880862,309.582410660741,53600.16104509123,42.666666666666664
1790233069,8,POST,completion,0.100000,0.000000,52000,52000,54000,54000,54000,54000,54000,54000,54000,54000,54000,5,0,46000,48599.35130397789,44835.83988901228,53600.16104509123,128.0
1790233069,8,TPOT,completion,0.100000,0.000000,380,380,390,390,390,390,390,390,390,390,390,5,0,340,347.45473006124223,309.582410660741,390.11707592124895,0.0
1790233069,8,TTFT,completion,0.100000,0.000000,4100,4100,6800,6800,6800,6800,6800,6800,6800,6800,6800,5,0,4000,4471.925482386723,3721.2647821288556,6832.11935008876,0.0
1790233069,8,,Aggregated,0.300000,0.000000,4100,6800,46000,46000,52000,54000,54000,54000,54000,54000,54000,15,0,4000,17806.24383880862,309.582410660741,53600.16104509123,42.666666666666664
1790233070,8,POST,completion,0.100000,0.000000,52000,52000,54000,54000,54000,54000,54000,54000,54000,54000,54000,5,0,46000,48599.35130397789,44835.83988901228,53600.16104509123,128.0
1790233070,8,TPOT,completion,0.100000,0.000000,380,380,390,390,390,390,390,390,390,390,390,5,0,340,347.45473006124223,309.582410660741,390.11707592124895,0.0
1790233070,8,TTFT,completion,0.100000,0.000000,4100,4100,6800,6800,6800,6800,6800,6800,6800,6800,6800,5,0,4000,4471.925482386723,3721.2647821288556,6832.11935008876,0.0
1790233070,8,,Aggregated,0.300000,0.000000,4100,6800,46000,46000,52000,54000,54000,54000,54000,54000,54000,15,0,4000,17806.24383880862,309.582410660741,53600.16104509123,42.666666666666664
1790233071,8,POST,completion,0.100000,0.000000,52000,52000,54000,54000,54000,54000,54000,54000,54000,54000,54000,5,0,46000,48599.35130397789,44835.83988901228,53600.16104509123,128.0
1790233071,8,TPOT,completion,0.100000,0.000000,380,380,390,390,390,390,390,390,390,390,390,5,0,340,347.45473006124223,309.582410660741,390.11707592124895,0.0
1790233071,8,TTFT,completion,0.100000,0.000000,4100,4100,6800,6800,6800,6800,6800,6800,6800,6800,6800,5,0,4000,4471.925482386723,3721.2647821288556,6832.11935008876,0.0
1790233071,8,,Aggregated,0.300000,0.000000,4100,6800,46000,46000,52000,54000,54000,54000,54000,54000,54000,15,0,4000,17806.24383880862,309.582410660741,53600.16104509123,42.666666666666664
1790233072,8,POST,completion,0.100000,0.000000,46000,46000,52000,52000,52000,52000,52000,52000,52000,52000,52000,5,0,46000,48599.35130397789,44835.83988901228,53600.16104509123,128.0
1790233072,8,TPOT,completion,0.100000,0.000000,340,340,380,380,380,380,380,380,380,380,380,5,0,340,347.45473006124223,309.582410660741,390.11707592124895,0.0
1790233072,8,TTFT,completion,0.100000,0.000000,4000,4000,6800,6800,6800,6800,6800,6800,6800,6800,6800,5,0,4000,4471.925482386723,3721.2647821288556,6832.11935008876,0.0
1790233072,8,,Aggregated,0.300000,0.000000,4000,6800,46000,46000,52000,52000,52000,52000,52000,52000,52000,15,0,4000,17806.24383880862,309.582410660741,53600.16104509123,42.666666666666664
1790233073,8,POST,completion,0.100000,0.000000,46000,46000,52000,52000,52000,52000,52000,52000,52000,52000,52000,5,0,46000,48599.35130397789,44835.83988901228,53600.16104509123,128.0
1790233073,8,TPOT,completion,0.100000,0.000000,340,340,380,380,380,380,380,380,380,380,380,5,0,340,347.45473006124223,309.582410660741,390.11707592124895,0.0
1790233073,8,TTFT,completion,0.100000,0.000000,4000,4000,6800,6800,6800,6800,6800,6800,6800,6800,6800,5,0,4000,4471.925482386723,3721.2647821288556,6832.11935008876,0.0
1790233073,8,,Aggregated,0.300000,0.000000,4000,6800,46000,46000,52000,52000,52000,52000,52000,52000,52000,15,0,4000,17806.24383880862,309.582410660741,53600.16104509123,42.666666666666664
1790233074,8,POST,completion,0.100000,0.000000,46000,46000,52000,52000,52000,52000,52000,52000,52000,52000,52000,5,0,46000,48599.35130397789,44835.83988901228,53600.16104509123,128.0
1790233074,8,TPOT,completion,0.100000,0.000000,340,340,380,380,380,380,380,380,380,380,380,5,0,340,347.45473006124223,309.582410660741,390.11707592124895,0.0
1790233074,8,TTFT,completion,0.100000,0.000000,4000,4000,6800,6800,6800,6800,6800,6800,6800,6800,6800,5,0,4000,4471.925482386723,3721.2647821288556,6832.11935008876,0.0
1790233074,8,,Aggregated,0.300000,0.000000,4000,6800,46000,46000,52000,52000,52000,52000,52000,52000,52000,15,0,4000,17806.24383880862,309.582410660741,53600.16104509123,42.666666666666664
1790233075,8,POST,completion,0.100000,0.000000,46000,46000,46000,46000,46000,46000,46000,46000,46000,46000,46000,5,0,46000,48599.35130397789,44835.83988901228,53600.16104509123,128.0
1790233075,8,TPOT,completion,0.100000,0.000000,340,340,340,340,340,340,340,340,340,340,340,5,0,340,347.45473006124223,309.582410660741,390.11707592124895,0.0
1790233075,8,TTFT,completion,0.100000,0.000000,6800,6800,6800,6800,6800,6800,6800,6800,6800,6800,6800,5,0,4000,4471.925482386723,3721.2647821288556,6832.11935008876,0.0
1790233075,8,,Aggregated,0.300000,0.000000,6800,6800,46000,46000,46000,46000,46000,46000,46000,46000,46000,15,0,4000,17806.24383880862,309.582410660741,53600.16104509123,42.666666666666664
1790233076,8,POST,completion,0.100000,0.000000,46000,46000,46000,46000,46000,46000,46000,46000,46000,46000,46000,5,0,46000,48599.35130397789,44835.83988901228,53600.16104509123,128.0
1790233076,8,TPOT,completion,0.100000,0.000000,340,340,340,340,340,340,340,340,340,340,340,5,0,340,347.45473006124223,309.582410660741,390.11707592124895,0.0
1790233076,8,TTFT,completion,0.100000,0.000000,6800,6800,6800,6800,6800,6800,6800,6800,6800,6800,6800,5,0,4000,4471.925482386723,3721.2647821288556,6832.11935008876,0.0
1790233076,8,,Aggregated,0.300000,0.000000,6800,6800,46000,46000,46000,46000,46000,46000,46000,46000,46000,15,0,4000,17806.24383880862,309.582410660741,53600.16104509123,42.666666666666664
1790233077,8,POST,completion,0.300000,0.000000,46000,46000,46000,46000,46000,46000,46000,46000,46000,46000,46000,6,0,46000,48138.08600814082,44835.83988901228,53600.16104509123,128.0
1790233077,8,TPOT,completion,0.300000,0.000000,330,330,340,340,340,340,340,340,340,340,340,6,0,340,344.76832033952655,309.582410660741,390.11707592124895,0.0
1790233077,8,TTFT,completion,0.300000,0.000000,3800,3800,6800,6800,6800,6800,6800,6800,6800,6800,6800,6,0,4000,4351.833215177369,3721.2647821288556,6832.11935008876,0.0
1790233077,8,,Aggregated,0.900000,0.000000,3800,6800,46000,46000,46000,46000,46000,46000,46000,46000,46000,18,0,4000,17611.56251455257,309.582410660741,53600.16104509123,42.666666666666664
1790233078,8,POST,completion,0.200000,0.000000,46000,57000,57000,58000,58000,58000,58000,58000,58000,58000,58000,8,0,52000,50439.220001135254,44835.83988901228,57576.02692209184,128.0
1790233078,8,TPOT,completion,0.200000,0.000000,340,400,400,420,420,420,420,420,420,420,420,8,0,380,360.9411585028742,309.582410660741,422.72534438658244,0.0
1790233078,8,TTFT,completion,0.200000,0.000000,3900,6800,6800,6800,6800,6800,6800,6800,6800,6800,6800,8,0,4000,4599.034408631269,3721.2647821288556,6832.11935008876,0.0
1790233078,8,,Aggregated,0.600000,0.000000,3900,6800,46000,46000,57000,58000,58000,58000,58000,58000,58000,24,0,4000,18466.398522756466,309.582410660741,57576.02692209184,42.666666666666664
1790233079,8,POST,completion,0.200000,0.000000,46000,57000,57000,58000,58000,58000,58000,58000,58000,58000,58000,8,0,52000,50439.220001135254,44835.83988901228,57576.02692209184,128.0
1790233079,8,TPOT,completion,0.200000,0.000000,340,400,400,420,420,420,420,420,420,420,420,8,0,380,360.9411585028742,309.582410660741,422.72534438658244,0.0
1790233079,8,TTFT,completion,0.200000,0.000000,3900,6800,6800,6800,6800,6800,6800,6800,6800,6800,6800,8,0,4000,4599.034408631269,3721.2647821288556,6832.11935008876,0.0
1790233079,8,,Aggregated,0.600000,0.000000,3900,6800,46000,46000,57000,58000,58000,58000,58000,58000,58000,24,0,4000,18466.398522756466,309.582410660741,57576.02692209184,42.666666666666664
1790233080,8,POST,completion,0.200000,0.000000,46000,57000,57000,58000,58000,58000,58000,58000,58000,58000,58000,8,0,52000,50439.220001135254,44835.83988901228,57576.02692209184,128.0
1790233080,8,TPOT,completion,0.200000,0.000000,340,400,400,420,420,420,420,420,420,420,420,8,0,380,360.9411585028742,309.582410660741,422.72534438658244,0.0
1790233080,8,TTFT,completion,0.200000,0.000000,3900,6800,6800,6800,6800,6800,6800,6800,6800,6800,6800,8,0,4000,4599.034408631269,3721.2647821288556,6832.11935008876,0.0
1790233080,8,,Aggregated,0.600000,0.000000,3900,6800,46000,46000,57000,58000,58000,58000,58000,58000,58000,24,0,4000,18466.398522756466,309.582410660741,57576.02692209184,42.666666666666664
1790233081,8,POST,completion,0.200000,0.000000,57000,57000,58000,58000,58000,58000,58000,58000,58000,58000,58000,8,0,52000,50439.220001135254,44835.83988901228,57576.02692209184,128.0
1790233081,8,TPOT,completion,0.200000,0.000000,400,400,420,420,420,420,420,420,420,420,420,8,0,380,360.9411585028742,309.582410660741,422.72534438658244,0.0
1790233081,8,TTFT,completion,0.200000,0.000000,3900,3900,6800,6800,6800,6800,6800,6800,6800,6800,6800,8,0,4000,4599.034408631269,3721.2647821288556,6832.11935008876,0.0
1790233081,8,,Aggregated,0.600000,0.000000,3900,6800,46000,57000,58000,58000,58000,58000,58000,58000,58000,24,0,4000,18466.398522756466,309.582410660741,57576.02692209184,42.666666666666664
1790233082,8,POST,completion,0.200000,0.000000,57000,57000,58000,58000,58000,58000,58000,58000,58000,58000,58000,8,0,52000,50439.220001135254,44835.83988901228,57576.02692209184,128.0
1790233082,8,TPOT,completion,0.200000,0.000000,400,400,420,420,420,420,420,420,420,420,420,8,0,380,360.9411585028742,309.582410660741,422.72534438658244,0.0
1790233082,8,TTFT,completion,0.200000,0.000000,3900,3900,6800,6800,6800,6800,6800,6800,6800,6800,6800,8,0,4000,4599.034408631269,3721.2647821288556,6832.11935008876,0.0
1790233082,8,,Aggregated,0.600000,0.000000,3900,6800,46000,57000,58000,58000,58000,58000,58000,58000,58000,24,0,4000,18466.398522756466,309.582410660741,57576.02692209184,42.666666666666664
1790233083,8,POST,completion,0.200000,0.000000,57000,57000,58000,58000,58000,58000,58000,58000,58000,58000,58000,8,0,52000,50439.220001135254,44835.83988901228,57576.02692209184,128.0
1790233083,8,TPOT,completion,0.200000,0.000000,400,400,420,420,420,420,420,420,420,420,420,8,0,380,360.9411585028742,309.582410660741,422.72534438658244,0.0
1790233083,8,TTFT,completion,0.200000,0.000000,3900,3900,6800,6800,6800,6800,6800,6800,6800,6800,6800,8,0,4000,4599.034408631269,3721.2647821288556,6832.11935008876,0.0
1790233083,8,,Aggregated,0.600000,0.000000,3900,6800,46000,57000,58000,58000,58000,58000,58000,58000,58000,24,0,4000,18466.398522756466,309.582410660741,57576.02692209184,42.666666666666664
1790233084,8,POST,completion,0.200000,0.000000,57000,57000,58000,58000,58000,58000,58000,58000,58000,58000,58000,8,0,52000,50439.220001135254,44835.83988901228,57576.02692209184,128.0
1790233084,8,TPOT,completion,0.200000,0.000000,400,400,420,420,420,420,420,420,420,420,420,8,0,380,360.9411585028742,309.582410660741,422.72534438658244,0.0
1790233084,8,TTFT,completion,0.200000,0.000000,3900,3900,6800,6800,6800,6800,6800,6800,6800,6800,6800,8,0,4000,4599.034408631269,3721.2647821288556,6832.11935008876,0.0
1790233084,8,,Aggregated,0.600000,0.000000,3900,6800,46000,57000,58000,58000,58000,58000,58000,58000,58000,24,0,4000,18466.398522756466,309.582410660741,57576.02692209184,42.666666666666664
1790233085,8,POST,completion,0.200000,0.000000,57000,57000,58000,58000,58000,58000,58000,58000,58000,58000,58000,8,0,52000,50439.220001135254,44835.83988901228,57576.02692209184,128.0
1790233085,8,TPOT,completion,0.200000,0.000000,400,400,420,420,420,420,420,420,420,420,420,8,0,380,360.9411585028742,309.582410660741,422.72534438658244,0.0
1790233085,8,TTFT,completion,0.200000,0.000000,3900,3900,6800,6800,6800,6800,6800,6800,6800,6800,6800,8,0,4000,4599.034408631269,3721.2647821288556,6832.11935008876,0.0
1790233085,8,,Aggregated,0.600000,0.000000,3900,6800,46000,57000,58000,58000,58000,58000,58000,58000,58000,24,0,4000,18466.398522756466,309.582410660741,57576.02692209184,42.666666666666664
1790233086,8,POST,completion,0.200000,0.000000,58000,58000,58000,58000,58000,58000,58000,58000,58000,58000,58000,8,0,52000,50439.220001135254,44835.83988901228,57576.02692209184,128.0
1790233086,8,TPOT,completion,0.200000,0.000000,420,420,420,420,420,420,420,420,420,420,420,8,0,380,360.9411585028742,309.582410660741,422.72534438658244,0.0
1790233086,8,TTFT,completion,0.200000,0.000000,6800,6800,6800,6800,6800,6800,6800,6800,6800,6800,6800,8,0,4000,4599.034408631269,3721.2647821288556,6832.11935008876,0.0
1790233086,8,,Aggregated,0.600000,0.000000,6800,6800,57000,57000,58000,58000,58000,58000,58000,58000,58000,24,0,4000,18466.398522756466,309.582410660741,57576.02692209184,42.666666666666664
1790233087,8,POST,completion,0.200000,0.000000,57000,57000,57000,57000,57000,57000,57000,57000,57000,57000,57000,8,0,52000,50439.220001135254,44835.83988901228,57576.02692209184,128.0
1790233087,8,TPOT,completion,0.200000,0.000000,400,400,400,400,400,400,400,400,400,400,400,8,0,380,360.9411585028742,309.582410660741,422.72534438658244,0.0
1790233087,8,TTFT,completion,0.200000,0.000000,6800,6800,6800,6800,6800,6800,6800,6800,6800,6800,6800,8,0,4000,4599.034408631269,3721.2647821288556,6832.11935008876,0.0
1790233087,8,,Aggregated,0.600000,0.000000,6800,6800,57000,57000,57000,57000,57000,57000,57000,57000,57000,24,0,4000,18466.398522756466,309.582410660741,57576.02692209184,42.666666666666664
1790233088,8,POST,completion,0.200000,0.000000,57000,57000,57000,57000,57000,57000,57000,57000,57000,57000,57000,8,0,52000,50439.220001135254,44835.83988901228,57576.02692209184,128.0
1790233088,8,TPOT,completion,0.200000,0.000000,400,400,400,400,400,400,400,400,400,400,400,8,0,380,360.9411585028742,309.582410660741,422.72534438658244,0.0
1790233088,8,TTFT,completion,0.200000,0.000000,6800,6800,6800,6800,6800,6800,6800,6800,6800,6800,6800,8,0,4000,4599.034408631269,3721.2647821288556,6832.11935008876,0.0
1790233088,8,,Aggregated,0.600000,0.000000,6800,6800,57000,57000,57000,57000,57000,57000,57000,57000,57000,24,0,4000,18466.398522756466,309.582410660741,57576.02692209184,42.666666666666664
1790233089,8,POST,completion,0.200000,0.000000,57000,57000,57000,57000,57000,57000,57000,57000,57000,57000,57000,8,0,52000,50439.220001135254,44835.83988901228,57576.02692209184,128.0
1790233089,8,TPOT,completion,0.200000,0.000000,400,400,400,400,400,400,400,400,400,400,400,8,0,380,360.9411585028742,309.582410660741,422.72534438658244,0.0
1790233089,8,TTFT,completion,0.200000,0.000000,6800,6800,6800,6800,6800,6800,6800,6800,6800,6800,6800,8,0,4000,4599.034408631269,3721.2647821288556,6832.11935008876,0.0
1790233089,8,,Aggregated,0.600000,0.000000,6800,6800,57000,57000,57000,57000,57000,57000,57000,57000,57000,24,0,4000,18466.398522756466,309.582410660741,57576.02692209184,42.666666666666664
1790233090,8,POST,completion,0.200000,0.000000,57000,57000,57000,57000,57000,57000,57000,57000,57000,57000,57000,8,0,52000,50439.220001135254,44835.83988901228,57576.02692209184,128.0
1790233090,8,TPOT,completion,0.200000,0.000000,400,400,400,400,400,400,400,400,400,400,400,8,0,380,360.9411585028742,309.582410660741,422.72534438658244,0.0
1790233090,8,TTFT,completion,0.200000,0.000000,6800,6800,6800,6800,6800,6800,6800,6800,6800,6800,6800,8,0,4000,4599.034408631269,3721.2647821288556,6832.11935008876,0.0
1790233090,8,,Aggregated,0.600000,0.000000,6800,6800,57000,57000,57000,57000,57000,57000,57000,57000,57000,24,0,4000,18466.398522756466,309.582410660741,57576.02692209184,42.666666666666664
1790233091,8,POST,completion,0.200000,0.000000,57000,57000,57000,57000,57000,57000,57000,57000,57000,57000,57000,8,0,52000,50439.220001135254,44835.83988901228,57576.02692209184,128.0
1790233091,8,TPOT,completion,0.200000,0.000000,400,400,400,400,400,400,400,400,400,400,400,8,0,380,360.9411585028742,309.582410660741,422.72534438658244,0.0
1790233091,8,TTFT,completion,0.200000,0.000000,6800,6800,6800,6800,6800,6800,6800,6800,6800,6800,6800,8,0,4000,4599.034408631269,3721.2647821288556,6832.11935008876,0.0
1790233091,8,,Aggregated,0.600000,0.000000,6800,6800,57000,57000,57000,57000,57000,57000,57000,57000,57000,24,0,4000,18466.398522756466,309.582410660741,57576.02692209184,42.666666666666664
1790233092,8,POST,completion,0.200000,0.000000,57000,57000,57000,57000,57000,57000,57000,57000,57000,57000,57000,8,0,52000,50439.220001135254,44835.83988901228,57576.02692209184,128.0
1790233092,8,TPOT,completion,0.200000,0.000000,400,400,400,400,400,400,400,400,400,400,400,8,0,380,360.9411585028742,309.582410660741,422.72534438658244,0.0
1790233092,8,TTFT,completion,0.200000,0.000000,6800,6800,6800,6800,6800,6800,6800,6800,6800,6800,6800,8,0,4000,4599.034408631269,3721.2647821288556,6832.11935008876,0.0
1790233092,8,,Aggregated,0.600000,0.000000,6800,6800,57000,57000,57000,57000,57000,57000,57000,57000,57000,24,0,4000,18466.398522756466,309.582410660741,57576.02692209184,42.666666666666664
1790233093,8,POST,completion,0.200000,0.000000,57000,57000,57000,57000,57000,57000,57000,57000,57000,57000,57000,8,0,52000,50439.220001135254,44835.83988901228,57576.02692209184,128.0
1790233093,8,TPOT,completion,0.200000,0.000000,400,400,400,400,400,400,400,400,400,400,400,8,0,380,360.9411585028742,309.582410660741,422.72534438658244,0.0
1790233093,8,TTFT,completion,0.200000,0.000000,6800,6800,6800,6800,6800,6800,6800,6800,6800,6800,6800,8,0,4000,4599.034408631269,3721.2647821288556,6832.11935008876,0.0
1790233093,8,,Aggregated,0.600000,0.000000,6800,6800,57000,57000,57000,57000,57000,57000,57000,57000,57000,24,0,4000,18466.398522756466,309.582410660741,57576.02692209184,42.666666666666664
1790233094,8,POST,completion,0.200000,0.000000,57000,57000,57000,57000,57000,57000,57000,57000,57000,57000,57000,8,0,52000,50439.220001135254,44835.83988901228,57576.02692209184,128.0
1790233094,8,TPOT,completion,0.200000,0.000000,400,400,400,400,400,400,400,400,400,400,400,8,0,380,360.9411585028742,309.582410660741,422.72534438658244,0.0
1790233094,8,TTFT,completion,0.200000,0.000000,6800,6800,6800,6800,6800,6800,6800,6800,6800,6800,6800,8,0,4000,4599.034408631269,3721.2647821288556,6832.11935008876,0.0
1790233094,8,,Aggregated,0.600000,0.000000,6800,6800,57000,57000,57000,57000,57000,57000,57000,57000,57000,24,0,4000,18466.398522756466,309.582410660741,57576.02692209184,42.666666666666664
1790233095,8,POST,completion,0.200000,0.000000,57000,57000,57000,57000,57000,57000,57000,57000,57000,57000,57000,8,0,52000,50439.220001135254,44835.83988901228,57576.02692209184,128.0
1790233095,8,TPOT,completion,0.200000,0.000000,400,400,400,400,400,400,400,400,400,400,400,8,0,380,360.9411585028742,309.582410660741,422.72534438658244,0.0
1790233095,8,TTFT,completion,0.200000,0.000000,6800,6800,6800,6800,6800,6800,6800,6800,6800,6800,6800,8,0,4000,4599.034408631269,3721.2647821288556,6832.11935008876,0.0
1790233095,8,,Aggregated,0.600000,0.000000,6800,6800,57000,57000,57000,57000,57000,57000,57000,57000,57000,24,0,4000,18466.398522756466,309.582410660741,57576.02692209184,42.666666666666664
1790233096,8,POST,completion,0.200000,0.000000,0,0,0,0,0,0,0,0,0,0,0,8,0,52000,50439.220001135254,44835.83988901228,57576.02692209184,128.0
1790233096,8,TPOT,completion,0.200000,0.000000,0,0,0,0,0,0,0,0,0,0,0,8,0,380,360.9411585028742,309.582410660741,422.72534438658244,0.0
1790233096,8,TTFT,completion,0.200000,0.000000,0,0,0,0,0,0,0,0,0,0,0,8,0,4000,4599.034408631269,3721.2647821288556,6832.11935008876,0.0
1790233096,8,,Aggregated,0.600000,0.000000,0,0,0,0,0,0,0,0,0,0,0,24,0,4000,18466.398522756466,309.582410660741,57576.02692209184,42.666666666666664
1790233097,8,POST,completion,0.200000,0.000000,0,0,0,0,0,0,0,0,0,0,0,8,0,52000,50439.220001135254,44835.83988901228,57576.02692209184,128.0
1790233097,8,TPOT,completion,0.200000,0.000000,0,0,0,0,0,0,0,0,0,0,0,8,0,380,360.9411585028742,309.582410660741,422.72534438658244,0.0
1790233097,8,TTFT,completion,0.200000,0.000000,0,0,0,0,0,0,0,0,0,0,0,8,0,4000,4599.034408631269,3721.2647821288556,6832.11935008876,0.0
1790233097,8,,Aggregated,0.600000,0.000000,0,0,0,0,0,0,0,0,0,0,0,24,0,4000,18466.398522756466,309.582410660741,57576.02692209184,42.666666666666664
1790233098,8,POST,completion,0.200000,0.000000,0,0,0,0,0,0,0,0,0,0,0,8,0,52000,50439.220001135254,44835.83988901228,57576.02692209184,128.0
1790233098,8,TPOT,completion,0.200000,0.000000,0,0,0,0,0,0,0,0,0,0,0,8,0,380,360.9411585028742,309.582410660741,422.72534438658244,0.0
1790233098,8,TTFT,completion,0.200000,0.000000,0,0,0,0,0,0,0,0,0,0,0,8,0,4000,4599.034408631269,3721.2647821288556,6832.11935008876,0.0
1790233098,8,,Aggregated,0.600000,0.000000,0,0,0,0,0,0,0,0,0,0,0,24,0,4000,18466.398522756466,309.582410660741,57576.02692209184,42.666666666666664
1790233099,8,POST,completion,0.200000,0.000000,0,0,0,0,0,0,0,0,0,0,0,8,0,52000,50439.220001135254,44835.83988901228,57576.02692209184,128.0
1790233099,8,TPOT,completion,0.200000,0.000000,0,0,0,0,0,0,0,0,0,0,0,8,0,380,360.9411585028742,309.582410660741,422.72534438658244,0.0
1790233099,8,TTFT,completion,0.200000,0.000000,0,0,0,0,0,0,0,0,0,0,0,8,0,4000,4599.034408631269,3721.2647821288556,6832.11935008876,0.0
1790233099,8,,Aggregated,0.600000,0.000000,0,0,0,0,0,0,0,0,0,0,0,24,0,4000,18466.398522756466,309.582410660741,57576.02692209184,42.666666666666664
1790233100,8,POST,completion,0.200000,0.000000,0,0,0,0,0,0,0,0,0,0,0,8,0,52000,50439.220001135254,44835.83988901228,57576.02692209184,128.0
1790233100,8,TPOT,completion,0.200000,0.000000,0,0,0,0,0,0,0,0,0,0,0,8,0,380,360.9411585028742,309.582410660741,422.72534438658244,0.0
1790233100,8,TTFT,completion,0.200000,0.000000,0,0,0,0,0,0,0,0,0,0,0,8,0,4000,4599.034408631269,3721.2647821288556,6832.11935008876,0.0
1790233100,8,,Aggregated,0.600000,0.000000,0,0,0,0,0,0,0,0,0,0,0,24,0,4000,18466.398522756466,309.582410660741,57576.02692209184,42.666666666666664
1790233101,8,POST,completion,0.200000,0.000000,0,0,0,0,0,0,0,0,0,0,0,8,0,52000,50439.220001135254,44835.83988901228,57576.02692209184,128.0
1790233101,8,TPOT,completion,0.200000,0.000000,0,0,0,0,0,0,0,0,0,0,0,8,0,380,360.9411585028742,309.582410660741,422.72534438658244,0.0
1790233101,8,TTFT,completion,0.200000,0.000000,0,0,0,0,0,0,0,0,0,0,0,8,0,4000,4599.034408631269,3721.2647821288556,6832.11935008876,0.0
1790233101,8,,Aggregated,0.600000,0.000000,0,0,0,0,0,0,0,0,0,0,0,24,0,4000,18466.398522756466,309.582410660741,57576.02692209184,42.666666666666664
1790233102,8,POST,completion,0.200000,0.000000,0,0,0,0,0,0,0,0,0,0,0,8,0,52000,50439.220001135254,44835.83988901228,57576.02692209184,128.0
1790233102,8,TPOT,completion,0.200000,0.000000,0,0,0,0,0,0,0,0,0,0,0,8,0,380,360.9411585028742,309.582410660741,422.72534438658244,0.0
1790233102,8,TTFT,completion,0.200000,0.000000,0,0,0,0,0,0,0,0,0,0,0,8,0,4000,4599.034408631269,3721.2647821288556,6832.11935008876,0.0
1790233102,8,,Aggregated,0.600000,0.000000,0,0,0,0,0,0,0,0,0,0,0,24,0,4000,18466.398522756466,309.582410660741,57576.02692209184,42.666666666666664
1790233103,8,POST,completion,0.200000,0.000000,0,0,0,0,0,0,0,0,0,0,0,8,0,52000,50439.220001135254,44835.83988901228,57576.02692209184,128.0
1790233103,8,TPOT,completion,0.200000,0.000000,0,0,0,0,0,0,0,0,0,0,0,8,0,380,360.9411585028742,309.582410660741,422.72534438658244,0.0
1790233103,8,TTFT,completion,0.200000,0.000000,0,0,0,0,0,0,0,0,0,0,0,8,0,4000,4599.034408631269,3721.2647821288556,6832.11935008876,0.0
1790233103,8,,Aggregated,0.600000,0.000000,0,0,0,0,0,0,0,0,0,0,0,24,0,4000,18466.398522756466,309.582410660741,57576.02692209184,42.666666666666664
1790233104,8,POST,completion,0.200000,0.000000,0,0,0,0,0,0,0,0,0,0,0,8,0,52000,50439.220001135254,44835.83988901228,57576.02692209184,128.0
1790233104,8,TPOT,completion,0.200000,0.000000,0,0,0,0,0,0,0,0,0,0,0,8,0,380,360.9411585028742,309.582410660741,422.72534438658244,0.0
1790233104,8,TTFT,completion,0.200000,0.000000,0,0,0,0,0,0,0,0,0,0,0,8,0,4000,4599.034408631269,3721.2647821288556,6832.11935008876,0.0
1790233104,8,,Aggregated,0.600000,0.000000,0,0,0,0,0,0,0,0,0,0,0,24,0,4000,18466.398522756466,309.582410660741,57576.02692209184,42.666666666666664
1790233105,8,POST,completion,0.200000,0.000000,0,0,0,0,0,0,0,0,0,0,0,8,0,52000,50439.220001135254,44835.83988901228,57576.02692209184,128.0
1790233105,8,TPOT,completion,0.200000,0.000000,0,0,0,0,0,0,0,0,0,0,0,8,0,380,360.9411585028742,309.582410660741,422.72534438658244,0.0
1790233105,8,TTFT,completion,0.200000,0.000000,0,0,0,0,0,0,0,0,0,0,0,8,0,4000,4599.034408631269,3721.2647821288556,6832.11935008876,0.0
1790233105,8,,Aggregated,0.600000,0.000000,0,0,0,0,0,0,0,0,0,0,0,24,0,4000,18466.398522756466,309.582410660741,57576.02692209184,42.666666666666664
1790233106,8,POST,completion,0.000000,0.000000,0,0,0,0,0,0,0,0,0,0,0,9,0,52000,50848.84388990597,44835.83988901228,57576.02692209184,128.0
1790233106,8,TPOT,completion,0.000000,0.000000,0,0,0,0,0,0,0,0,0,0,0,9,0,380,365.07113973389295,309.582410660741,422.72534438658244,0.0
1790233106,8,TTFT,completion,0.000000,0.000000,0,0,0,0,0,0,0,0,0,0,0,9,0,3900,4484.150668114631,3565.0807439815253,6832.11935008876,0.0
1790233106,8,,Aggregated,0.000000,0.000000,0,0,0,0,0,0,0,0,0,0,0,27,0,3900,18566.021899251497,309.582410660741,57576.02692209184,42.666666666666664
1790233107,8,POST,completion,0.000000,0.000000,54000,54000,54000,54000,54000,54000,54000,54000,54000,54000,54000,9,0,52000,50848.84388990597,44835.83988901228,57576.02692209184,128.0
1790233107,8,TPOT,completion,0.000000,0.000000,400,400,400,400,400,400,400,400,400,400,400,9,0,380,365.07113973389295,309.582410660741,422.72534438658244,0.0
1790233107,8,TTFT,completion,0.000000,0.000000,3600,3600,3600,3600,3600,3600,3600,3600,3600,3600,3600,9,0,3900,4484.150668114631,3565.0807439815253,6832.11935008876,0.0
1790233107,8,,Aggregated,0.000000,0.000000,3600,3600,54000,54000,54000,54000,54000,54000,54000,54000,54000,27,0,3900,18566.021899251497,309.582410660741,57576.02692209184,42.666666666666664
1790233108,8,POST,completion,0.000000,0.000000,54000,54000,54000,54000,54000,54000,54000,54000,54000,54000,54000,9,0,52000,50848.84388990597,44835.83988901228,57576.02692209184,128.0
1790233108,8,TPOT,completion,0.000000,0.000000,400,400,400,400,400,400,400,400,400,400,400,9,0,380,365.07113973389295,309.582410660741,422.72534438658244,0.0
1790233108,8,TTFT,completion,0.000000,0.000000,3600,3600,3600,3600,3600,3600,3600,3600,3600,3600,3600,9,0,3900,4484.150668114631,3565.0807439815253,6832.11935008876,0.0
1790233108,8,,Aggregated,0.000000,0.000000,3600,3600,54000,54000,54000,54000,54000,54000,54000,54000,54000,27,0,3900,18566.021899251497,309.582410660741,57576.02692209184,42.666666666666664
1790233109,8,POST,completion,0.100000,0.000000,54000,54000,54000,54000,54000,54000,54000,54000,54000,54000,54000,10,0,52000,50615.14358101413,44835.83988901228,57576.02692209184,128.0
1790233109,8,TPOT,completion,0.100000,0.000000,400,400,400,400,400,400,400,400,400,400,400,10,0,380,364.15707641482857,309.582410660741,422.72534438658244,0.0
1790233109,8,TTFT,completion,0.100000,0.000000,3600,3600,3600,3600,3600,3600,3600,3600,3600,3600,3600,10,0,3900,4366.536481515504,3308.008802123368,6832.11935008876,0.0
1790233109,8,,Aggregated,0.300000,0.000000,3600,3600,49000,49000,54000,54000,54000,54000,54000,54000,54000,30,0,3900,18448.612379648155,309.582410660741,57576.02692209184,42.666666666666664
1790233110,8,POST,completion,0.100000,0.000000,54000,54000,54000,54000,54000,54000,54000,54000,54000,54000,54000,10,0,52000,50615.14358101413,44835.83988901228,57576.02692209184,128.0
1790233110,8,TPOT,completion,0.100000,0.000000,400,400,400,400,400,400,400,400,400,400,400,10,0,380,364.15707641482857,309.582410660741,422.72534438658244,0.0
1790233110,8,TTFT,completion,0.100000,0.000000,3600,3600,3600,3600,3600,3600,3600,3600,3600,3600,3600,10,0,3900,4366.536481515504,3308.008802123368,6832.11935008876,0.0
1790233110,8,,Aggregated,0.300000,0.000000,3600,3600,49000,49000,54000,54000,54000,54000,54000,54000,54000,30,0,3900,18448.612379648155,309.582410660741,57576.02692209184,42.666666666666664
1790233111,8,POST,completion,0.100000,0.000000,54000,54000,54000,54000,54000,54000,54000,54000,54000,54000,54000,10,0,52000,50615.14358101413,44835.83988901228,57576.02692209184,128.0
1790233111,8,TPOT,completion,0.100000,0.000000,400,400,400,400,400,400,400,400,400,400,400,10,0,380,364.15707641482857,309.582410660741,422.72534438658244,0.0
1790233111,8,TTFT,completion,0.100000,0.000000,3600,3600,3600,3600,3600,3600,3600,3600,3600,3600,3600,10,0,3900,4366.536481515504,3308.008802123368,6832.11935008876,0.0
1790233111,8,,Aggregated,0.300000,0.000000,3600,3600,49000,49000,54000,54000,54000,54000,54000,54000,54000,30,0,3900,18448.612379648155,309.582410660741,57576.02692209184,42.666666666666664
1790233112,8,POST,completion,0.100000,0.000000,54000,54000,54000,54000,54000,54000,54000,54000,54000,54000,54000,10,0,52000,50615.14358101413,44835.83988901228,57576.02692209184,128.0
1790233112,8,TPOT,completion,0.100000,0.000000,400,400,400,400,400,400,400,400,400,400,400,10,0,380,364.15707641482857,309.582410660741,422.72534438658244,0.0
1790233112,8,TTFT,completion,0.100000,0.000000,3600,3600,3600,3600,3600,3600,3600,3600,3600,3600,3600,10,0,3900,4366.536481515504,3308.008802123368,6832.11935008876,0.0
1790233112,8,,Aggregated,0.300000,0.000000,3600,3600,49000,49000,54000,54000,54000,54000,54000,54000,54000,30,0,3900,18448.612379648155,309.582410660741,57576.02692209184,42.666666666666664
1790233113,8,POST,completion,0.100000,0.000000,54000,54000,54000,54000,54000,54000,54000,54000,54000,54000,54000,10,0,52000,50615.14358101413,44835.83988901228,57576.02692209184,128.0
1790233113,8,TPOT,completion,0.100000,0.000000,400,400,400,400,400,400,400,400,400,400,400,10,0,380,364.15707641482857,309.582410660741,422.72534438658244,0.0
1790233113,8,TTFT,completion,0.100000,0.000000,3600,3600,3600,3600,3600,3600,3600,3600,3600,3600,3600,10,0,3900,4366.536481515504,3308.008802123368,6832.11935008876,0.0
1790233113,8,,Aggregated,0.300000,0.000000,3600,3600,49000,49000,54000,54000,54000,54000,54000,54000,54000,30,0,3900,18448.612379648155,309.582410660741,57576.02692209184,42.666666666666664
1790233114,8,POST,completion,0.200000,0.000000,49000,49000,54000,54000,54000,54000,54000,54000,54000,54000,54000,11,0,49000,50357.90845993059,44835.83988901228,57576.02692209184,128.0
1790233114,8,TPOT,completion,0.200000,0.000000,360,360,400,400,400,400,400,400,400,400,400,11,0,360,362.46274560259934,309.582410660741,422.72534438658244,0.0
1790233114,8,TTFT,completion,0.200000,0.000000,3600,3600,3900,3900,3900,3900,3900,3900,3900,3900,3900,11,0,3900,4324.477529745887,3308.008802123368,6832.11935008876,0.0
1790233114,8,,Aggregated,0.600000,0.000000,3600,3900,48000,49000,54000,54000,54000,54000,54000,54000,54000,33,0,3900,18348.282911759696,309.582410660741,57576.02692209184,42.666666666666664
1790233115,8,POST,completion,0.200000,0.000000,49000,49000,54000,54000,54000,54000,54000,54000,54000,54000,54000,11,0,49000,50357.90845993059,44835.83988901228,57576.02692209184,128.0
1790233115,8,TPOT,completion,0.200000,0.000000,360,360,400,400,400,400,400,400,400,400,400,11,0,360,362.46274560259934,309.582410660741,422.72534438658244,0.0
1790233115,8,TTFT,completion,0.200000,0.000000,3600,3600,3900,3900,3900,3900,3900,3900,3900,3900,3900,11,0,3900,4324.477529745887,3308.008802123368,6832.11935008876,0.0
1790233115,8,,Aggregated,0.600000,0.000000,3600,3900,48000,49000,54000,54000,54000,54000,54000,54000,54000,33,0,3900,18348.282911759696,309.582410660741,57576.02692209184,42.666666666666664
1790233116,8,POST,completion,0.200000,0.000000,49000,49000,54000,54000,54000,54000,54000,54000,54000,54000,54000,11,0,49000,50357.90845993059,44835.83988901228,57576.02692209184,128.0
1790233116,8,TPOT,completion,0.200000,0.000000,360,360,400,400,400,400,400,400,400,400,400,11,0,360,362.46274560259934,309.582410660741,422.72534438658244,0.0
1790233116,8,TTFT,completion,0.200000,0.000000,3600,3600,3900,3900,3900,3900,3900,3900,3900,3900,3900,11,0,3900,4324.477529745887,3308.008802123368,6832.11935008876,0.0
1790233116,8,,Aggregated,0.600000,0.000000,3600,3900,48000,49000,54000,54000,54000,54000,54000,54000,54000,33,0,3900,18348.282911759696,309.582410660741,57576.02692209184,42.666666666666664
1790233117,8,POST,completion,0.300000,0.000000,48000,48000,49000,49000,49000,49000,49000,49000,49000,49000,49000,12,0,49000,49578.92290384431,41010.08178689517,57576.02692209184,128.0
1790233117,8,TPOT,completion,0.300000,0.000000,350,350,360,360,360,360,360,360,360,360,360,12,0,360,356.87941403661097,295.4627668107383,422.72534438658244,0.0
1790233117,8,TTFT,completion,0.300000,0.000000,3500,3500,3900,3900,3900,3900,3900,3900,3900,3900,3900,12,0,3900,4254.569721349981,3308.008802123368,6832.11935008876,0.0
1790233117,8,,Aggregated,0.900000,0.000000,3500,3900,41000,48000,49000,49000,49000,49000,49000,49000,49000,36,0,3900,18063.4573464103,295.4627668107383,57576.02692209184,42.666666666666664
1790233118,8,POST,completion,0.300000,0.000000,48000,49000,49000,53000,53000,53000,53000,53000,53000,53000,53000,14,0,49000,49099.88193573164,39810.8418090269,57576.02692209184,128.0
1790233118,8,TPOT,completion,0.300000,0.000000,350,360,360,380,380,380,380,380,380,380,380,14,0,360,352.57928155892176,271.77344470864205,422.72534438658244,0.0
1790233118,8,TTFT,completion,0.300000,0.000000,3900,4200,4200,5300,5300,5300,5300,5300,5300,5300,5300,14,0,3900,4321.64196551977,3308.008802123368,6832.11935008876,0.0
1790233118,8,,Aggregated,0.900000,0.000000,3900,5300,41000,48000,49000,53000,53000,53000,53000,53000,53000,42,0,3900,17924.70106093678,271.77344470864205,57576.02692209184,42.666666666666664
1790233119,8,POST,completion,0.300000,0.000000,48000,49000,49000,53000,53000,53000,53000,53000,53000,53000,53000,14,0,49000,49099.88193573164,39810.8418090269,57576.02692209184,128.0
1790233119,8,TPOT,completion,0.300000,0.000000,350,360,360,380,380,380,380,380,380,380,380,14,0,360,352.57928155892176,271.77344470864205,422.72534438658244,0.0
1790233119,8,TTFT,completion,0.300000,0.000000,3900,4200,4200,5300,5300,5300,5300,5300,5300,5300,5300,14,0,3900,4321.64196551977,3308.008802123368,6832.11935008876,0.0
1790233119,8,,Aggregated,0.900000,0.000000,3900,5300,41000,48000,49000,53000,53000,53000,53000,53000,53000,42,0,3900,17924.70106093678,271.77344470864205,57576.02692209184,42.666666666666664
1790233120,8,POST,completion,0.300000,0.000000,48000,49000,49000,53000,53000,53000,53000,53000,53000,53000,53000,14,0,49000,49099.88193573164,39810.8418090269,57576.02692209184,128.0
1790233120,8,TPOT,completion,0.300000,0.000000,350,360,360,380,380,380,380,380,380,380,380,14,0,360,352.57928155892176,271.77344470864205,422.72534438658244,0.0
1790233120,8,TTFT,completion,0.300000,0.000000,3900,4200,4200,5300,5300,5300,5300,5300,5300,5300,5300,14,0,3900,4321.64196551977,3308.008802123368,6832.11935008876,0.0
1790233120,8,,Aggregated,0.900000,0.000000,3900,5300,41000,48000,49000,53000,53000,53000,53000,53000,53000,42,0,3900,17924.70106093678,271.77344470864205,57576.02692209184,42.666666666666664
1790233121,8,POST,completion,0.500000,0.000000,48000,53000,53000,55000,55000,55000,55000,55000,55000,55000,55000,15,0,49000,49487.11671247147,39810.8418090269,57576.02692209184,128.0
1790233121,8,TPOT,completion,0.500000,0.000000,350,380,380,380,380,380,380,380,380,380,380,15,0,360,354.50420364654406,271.77344470864205,422.72534438658244,0.0
1790233121,8,TTFT,completion,0.500000,0.000000,4200,5300,5300,6500,6500,6500,6500,6500,6500,6500,6500,15,0,3900,4464.417713880539,3308.008802123368,6832.11935008876,0.0
1790233121,8,,Aggregated,1.500000,0.000000,4200,6500,41000,48000,53000,55000,55000,55000,55000,55000,55000,45,0,3900,18102.012876666187,271.77344470864205,57576.02692209184,42.666666666666664
1790233122,8,POST,completion,0.500000,0.000000,48000,53000,53000,55000,55000,55000,55000,55000,55000,55000,55000,15,0,49000,49487.11671247147,39810.8418090269,57576.02692209184,128.0
1790233122,8,TPOT,completion,0.500000,0.000000,350,380,380,380,380,380,380,380,380,380,380,15,0,360,354.50420364654406,271.77344470864205,422.72534438658244,0.0
1790233122,8,TTFT,completion,0.500000,0.000000,4200,5300,5300,6500,6500,6500,6500,6500,6500,6500,6500,15,0,3900,4464.417713880539,3308.008802123368,6832.11935008876,0.0
1790233122,8,,Aggregated,1.500000,0.000000,4200,6500,41000,48000,53000,55000,55000,55000,55000,55000,55000,45,0,3900,18102.012876666187,271.77344470864205,57576.02692209184,42.666666666666664
1790233123,8,POST,completion,0.500000,0.000000,48000,53000,53000,55000,55000,55000,55000,55000,55000,55000,55000,15,0,49000,49487.11671247147,39810.8418090269,57576.02692209184,128.0
1790233123,8,TPOT,completion,0.500000,0.000000,350,380,380,380,380,380,380,380,380,380,380,15,0,360,354.50420364654406,271.77344470864205,422.72534438658244,0.0
1790233123,8,TTFT,completion,0.500000,0.000000,4200,5300,5300,6500,6500,6500,6500,6500,6500,6500,6500,15,0,3900,4464.417713880539,3308.008802123368,6832.11935008876,0.0
1790233123,8,,Aggregated,1.500000,0.000000,4200,6500,41000,48000,53000,55000,55000,55000,55000,55000,55000,45,0,3900,18102.012876666187,271.77344470864205,57576.02692209184,42.666666666666664
1790233124,8,POST,completion,0.500000,0.000000,48000,53000,53000,55000,55000,55000,55000,55000,55000,55000,55000,15,0,49000,49487.11671247147,39810.8418090269,57576.02692209184,128.0
1790233124,8,TPOT,completion,0.500000,0.000000,350,380,380,380,380,380,380,380,380,380,380,15,0,360,354.50420364654406,271.77344470864205,422.72534438658244,0.0
1790233124,8,TTFT,completion,0.500000,0.000000,4200,5300,5300,6500,6500,6500,6500,6500,6500,6500,6500,15,0,3900,4464.417713880539,3308.008802123368,6832.11935008876,0.0
1790233124,8,,Aggregated,1.500000,0.000000,4200,6500,41000,48000,53000,55000,55000,55000,55000,55000,55000,45,0,3900,18102.012876666187,271.77344470864205,57576.02692209184,42.666666666666664
1790233125,8,POST,completion,0.500000,0.000000,53000,53000,55000,55000,55000,55000,55000,55000,55000,55000,55000,15,0,49000,49487.11671247147,39810.8418090269,57576.02692209184,128.0
1790233125,8,TPOT,completion,0.500000,0.000000,380,380,380,380,380,380,380,380,380,380,380,15,0,360,354.50420364654406,271.77344470864205,422.72534438658244,0.0
1790233125,8,TTFT,completion,0.500000,0.000000,5300,5300,6500,6500,6500,6500,6500,6500,6500,6500,6500,15,0,3900,4464.417713880539,3308.008802123368,6832.11935008876,0.0
1790233125,8,,Aggregated,1.500000,0.000000,5300,6500,41000,41000,53000,55000,55000,55000,55000,55000,55000,45,0,3900,18102.012876666187,271.77344470864205,57576.02692209184,42.666666666666664
1790233126,8,POST,completion,0.500000,0.000000,53000,53000,55000,55000,55000,55000,55000,55000,55000,55000,55000,15,0,49000,49487.11671247147,39810.8418090269,57576.02692209184,128.0
1790233126,8,TPOT,completion,0.500000,0.000000,380,380,380,380,380,380,380,380,380,380,380,15,0,360,354.50420364654406,271.77344470864205,422.72534438658244,0.0
1790233126,8,TTFT,completion,0.500000,0.000000,5300,5300,6500,6500,6500,6500,6500,6500,6500,6500,6500,15,0,3900,4464.417713880539,3308.008802123368,6832.11935008876,0.0
1790233126,8,,Aggregated,1.500000,0.000000,5300,6500,41000,41000,53000,55000,55000,55000,55000,55000,55000,45,0,3900,18102.012876666187,271.77344470864205,57576.02692209184,42.666666666666664
1790233127,8,POST,completion,0.400000,0.000000,53000,53000,55000,55000,55000,55000,55000,55000,55000,55000,55000,16,0,50000,49517.3552462511,39810.8418090269,57576.02692209184,128.0
1790233127,8,TPOT,completion,0.400000,0.000000,380,380,380,380,380,380,380,380,380,380,380,16,0,360,355.0530979865851,271.77344470864205,422.72534438658244,0.0
1790233127,8,TTFT,completion,0.400000,0.000000,4200,4200,6500,6500,6500,6500,6500,6500,6500,6500,6500,16,0,3900,4424.94185907708,3308.008802123368,6832.11935008876,0.0
1790233127,8,,Aggregated,1.200000,0.000000,4200,6500,50000,53000,55000,55000,55000,55000,55000,55000,55000,48,0,3900,18099.11673443826,271.77344470864205,57576.02692209184,42.666666666666664
1790233128,8,POST,completion,0.400000,0.000000,53000,53000,55000,55000,55000,55000,55000,55000,55000,55000,55000,16,0,50000,49517.3552462511,39810.8418090269,57576.02692209184,128.0
1790233128,8,TPOT,completion,0.400000,0.000000,380,380,380,380,380,380,380,380,380,380,380,16,0,360,355.0530979865851,271.77344470864205,422.72534438658244,0.0
1790233128,8,TTFT,completion,0.400000,0.000000,4200,4200,6500,6500,6500,6500,6500,6500,6500,6500,6500,16,0,3900,4424.94185907708,3308.008802123368,6832.11935008876,0.0
1790233128,8,,Aggregated,1.200000,0.000000,4200,6500,50000,53000,55000,55000,55000,55000,55000,55000,55000,48,0,3900,18099.11673443826,271.77344470864205,57576.02692209184,42.666666666666664
1790233129,8,POST,completion,0.400000,0.000000,55000,55000,55000,55000,55000,55000,55000,55000,55000,55000,55000,16,0,50000,49517.3552462511,39810.8418090269,57576.02692209184,128.0
1790233129,8,TPOT,completion,0.400000,0.000000,380,380,380,380,380,380,380,380,380,380,380,16,0,360,355.0530979865851,271.77344470864205,422.72534438658244,0.0
1790233129,8,TTFT,completion,0.400000,0.000000,6500,6500,6500,6500,6500,6500,6500,6500,6500,6500,6500,16,0,3900,4424.94185907708,3308.008802123368,6832.11935008876,0.0
1790233129,8,,Aggregated,1.200000,0.000000,6500,6500,50000,50000,55000,55000,55000,55000,55000,55000,55000,48,0,3900,18099.11673443826,271.77344470864205,57576.02692209184,42.666666666666664
1790233130,8,POST,completion,0.400000,0.000000,55000,55000,55000,55000,55000,55000,55000,55000,55000,55000,55000,16,0,50000,49517.3552462511,39810.8418090269,57576.02692209184,128.0
1790233130,8,TPOT,completion,0.400000,0.000000,380,380,380,380,380,380,380,380,380,380,380,16,0,360,355.0530979865851,271.77344470864205,422.72534438658244,0.0
1790233130,8,TTFT,completion,0.400000,0.000000,6500,6500,6500,6500,6500,6500,6500,6500,6500,6500,6500,16,0,3900,4424.94185907708,3308.008802123368,6832.11935008876,0.0
1790233130,8,,Aggregated,1.200000,0.000000,6500,6500,50000,50000,55000,55000,55000,55000,55000,55000,55000,48,0,3900,18099.11673443826,271.77344470864205,57576.02692209184,42.666666666666664
1790233131,8,POST,completion,0.400000,0.000000,55000,55000,55000,55000,55000,55000,55000,55000,55000,55000,55000,16,0,50000,49517.3552462511,39810.8418090269,57576.02692209184,128.0
1790233131,8,TPOT,completion,0.400000,0.000000,380,380,380,380,380,380,380,380,380,380,380,16,0,360,355.0530979865851,271.77344470864205,422.72534438658244,0.0
1790233131,8,TTFT,completion,0.400000,0.000000,6500,6500,6500,6500,6500,6500,6500,6500,6500,6500,6500,16,0,3900,4424.94185907708,3308.008802123368,6832.11935008876,0.0
1790233131,8,,Aggregated,1.200000,0.000000,6500,6500,50000,50000,55000,55000,55000,55000,55000,55000,55000,48,0,3900,18099.11673443826,271.77344470864205,57576.02692209184,42.666666666666664
1790233132,8,POST,completion,0.400000,0.000000,55000,55000,55000,55000,55000,55000,55000,55000,55000,55000,55000,16,0,50000,49517.3552462511,39810.8418090269,57576.02692209184,128.0
1790233132,8,TPOT,completion,0.400000,0.000000,380,380,380,380,380,380,380,380,380,380,380,16,0,360,355.0530979865851,271.77344470864205,422.72534438658244,0.0
1790233132,8,TTFT,completion,0.400000,0.000000,6500,6500,6500,6500,6500,6500,6500,6500,6500,6500,6500,16,0,3900,4424.94185907708,3308.008802123368,6832.11935008876,0.0
1790233132,8,,Aggregated,1.200000,0.000000,6500,6500,50000,50000,55000,55000,55000,55000,55000,55000,55000,48,0,3900,18099.11673443826,271.77344470864205,57576.02692209184,42.666666666666664
1790233133,8,POST,completion,0.400000,0.000000,55000,55000,55000,55000,55000,55000,55000,55000,55000,55000,55000,16,0,50000,49517.3552462511,39810.8418090269,57576.02692209184,128.0
1790233133,8,TPOT,completion,0.400000,0.000000,380,380,380,380,380,380,380,380,380,380,380,16,0,360,355.0530979865851,271.77344470864205,422.72534438658244,0.0
1790233133,8,TTFT,completion,0.400000,0.000000,6500,6500,6500,6500,6500,6500,6500,6500,6500,6500,6500,16,0,3900,4424.94185907708,3308.008802123368,6832.11935008876,0.0
1790233133,8,,Aggregated,1.200000,0.000000,6500,6500,50000,50000,55000,55000,55000,55000,55000,55000,55000,48,0,3900,18099.11673443826,271.77344470864205,57576.02692209184,42.666666666666664
1790233134,8,POST,completion,0.400000,0.000000,50000,50000,50000,50000,50000,50000,50000,50000,50000,50000,50000,16,0,50000,49517.3552462511,39810.8418090269,57576.02692209184,128.0
1790233134,8,TPOT,completion,0.400000,0.000000,360,360,360,360,360,360,360,360,360,360,360,16,0,360,355.0530979865851,271.77344470864205,422.72534438658244,0.0
1790233134,8,TTFT,completion,0.400000,0.000000,3800,3800,3800,3800,3800,3800,3800,3800,3800,3800,3800,16,0,3900,4424.94185907708,3308.008802123368,6832.11935008876,0.0
1790233134,8,,Aggregated,1.200000,0.000000,3800,3800,50000,50000,50000,50000,50000,50000,50000,50000,50000,48,0,3900,18099.11673443826,271.77344470864205,57576.02692209184,42.666666666666664
1790233135,8,POST,completion,0.400000,0.000000,50000,50000,50000,50000,50000,50000,50000,50000,50000,50000,50000,16,0,50000,49517.3552462511,39810.8418090269,57576.02692209184,128.0
1790233135,8,TPOT,completion,0.400000,0.000000,360,360,360,360,360,360,360,360,360,360,360,16,0,360,355.0530979865851,271.77344470864205,422.72534438658244,0.0
1790233135,8,TTFT,completion,0.400000,0.000000,3800,3800,3800,3800,3800,3800,3800,3800,3800,3800,3800,16,0,3900,4424.94185907708,3308.008802123368,6832.11935008876,0.0
1790233135,8,,Aggregated,1.200000,0.000000,3800,3800,50000,50000,50000,50000,50000,50000,50000,50000,50000,48,0,3900,18099.11673443826,271.77344470864205,57576.02692209184,42.666666666666664
1790233137,8,POST,completion,0.400000,0.000000,50000,50000,50000,50000,50000,50000,50000,50000,50000,50000,50000,16,0,50000,49517.3552462511,39810.8418090269,57576.02692209184,128.0
1790233137,8,TPOT,completion,0.400000,0.000000,360,360,360,360,360,360,360,360,360,360,360,16,0,360,355.0530979865851,271.77344470864205,422.72534438658244,0.0
1790233137,8,TTFT,completion,0.400000,0.000000,3800,3800,3800,3800,3800,3800,3800,3800,3800,3800,3800,16,0,3900,4424.94185907708,3308.008802123368,6832.11935008876,0.0
1790233137,8,,Aggregated,1.200000,0.000000,3800,3800,50000,50000,50000,50000,50000,50000,50000,50000,50000,48,0,3900,18099.11673443826,271.77344470864205,57576.02692209184,42.666666666666664
1790233138,8,POST,completion,0.400000,0.000000,50000,50000,50000,50000,50000,50000,50000,50000,50000,50000,50000,16,0,50000,49517.3552462511,39810.8418090269,57576.02692209184,128.0
1790233138,8,TPOT,completion,0.400000,0.000000,360,360,360,360,360,360,360,360,360,360,360,16,0,360,355.0530979865851,271.77344470864205,422.72534438658244,0.0
1790233138,8,TTFT,completion,0.400000,0.000000,3800,3800,3800,3800,3800,3800,3800,3800,3800,3800,3800,16,0,3900,4424.94185907708,3308.008802123368,6832.11935008876,0.0
1790233138,8,,Aggregated,1.200000,0.000000,3800,3800,50000,50000,50000,50000,50000,50000,50000,50000,50000,48,0,3900,18099.11673443826,271.77344470864205,57576.02692209184,42.666666666666664
1790233139,8,POST,completion,0.400000,0.000000,50000,50000,50000,50000,50000,50000,50000,50000,50000,50000,50000,16,0,50000,49517.3552462511,39810.8418090269,57576.02692209184,128.0
1790233139,8,TPOT,completion,0.400000,0.000000,360,360,360,360,360,360,360,360,360,360,360,16,0,360,355.0530979865851,271.77344470864205,422.72534438658244,0.0
1790233139,8,TTFT,completion,0.400000,0.000000,3800,3800,3800,3800,3800,3800,3800,3800,3800,3800,3800,16,0,3900,4424.94185907708,3308.008802123368,6832.11935008876,0.0
1790233139,8,,Aggregated,1.200000,0.000000,3800,3800,50000,50000,50000,50000,50000,50000,50000,50000,50000,48,0,3900,18099.11673443826,271.77344470864205,57576.02692209184,42.666666666666664
1790233140,8,POST,completion,0.400000,0.000000,50000,50000,50000,50000,50000,50000,50000,50000,50000,50000,50000,16,0,50000,49517.3552462511,39810.8418090269,57576.02692209184,128.0
1790233140,8,TPOT,completion,0.400000,0.000000,360,360,360,360,360,360,360,360,360,360,360,16,0,360,355.0530979865851,271.77344470864205,422.72534438658244,0.0
1790233140,8,TTFT,completion,0.400000,0.000000,3800,3800,3800,3800,3800,3800,3800,3800,3800,3800,3800,16,0,3900,4424.94185907708,3308.008802123368,6832.11935008876,0.0
1790233140,8,,Aggregated,1.200000,0.000000,3800,3800,50000,50000,50000,50000,50000,50000,50000,50000,50000,48,0,3900,18099.11673443826,271.77344470864205,57576.02692209184,42.666666666666664
1790233141,8,POST,completion,0.400000,0.000000,50000,50000,50000,50000,50000,50000,50000,50000,50000,50000,50000,16,0,50000,49517.3552462511,39810.8418090269,57576.02692209184,128.0
1790233141,8,TPOT,completion,0.400000,0.000000,360,360,360,360,360,360,360,360,360,360,360,16,0,360,355.0530979865851,271.77344470864205,422.72534438658244,0.0
1790233141,8,TTFT,completion,0.400000,0.000000,3800,3800,3800,3800,3800,3800,3800,3800,3800,3800,3800,16,0,3900,4424.94185907708,3308.008802123368,6832.11935008876,0.0
1790233141,8,,Aggregated,1.200000,0.000000,3800,3800,50000,50000,50000,50000,50000,50000,50000,50000,50000,48,0,3900,18099.11673443826,271.77344470864205,57576.02692209184,42.666666666666664
1790233142,8,POST,completion,0.400000,0.000000,50000,50000,50000,50000,50000,50000,50000,50000,50000,50000,50000,16,0,50000,49517.3552462511,39810.8418090269,57576.02692209184,128.0
1790233142,8,TPOT,completion,0.400000,0.000000,360,360,360,360,360,360,360,360,360,360,360,16,0,360,355.0530979865851,271.77344470864205,422.72534438658244,0.0
1790233142,8,TTFT,completion,0.400000,0.000000,3800,3800,3800,3800,3800,3800,3800,3800,3800,3800,3800,16,0,3900,4424.94185907708,3308.008802123368,6832.11935008876,0.0
1790233142,8,,Aggregated,1.200000,0.000000,3800,3800,50000,50000,50000,50000,50000,50000,50000,50000,50000,48,0,3900,18099.11673443826,271.77344470864205,57576.02692209184,42.666666666666664
1790233143,8,POST,completion,0.400000,0.000000,50000,50000,50000,50000,50000,50000,50000,50000,50000,50000,50000,16,0,50000,49517.3552462511,39810.8418090269,57576.02692209184,128.0
1790233143,8,TPOT,completion,0.400000,0.000000,360,360,360,360,360,360,360,360,360,360,360,16,0,360,355.0530979865851,271.77344470864205,422.72534438658244,0.0
1790233143,8,TTFT,completion,0.400000,0.000000,3800,3800,3800,3800,3800,3800,3800,3800,3800,3800,3800,16,0,3900,4424.94185907708,3308.008802123368,6832.11935008876,0.0
1790233143,8,,Aggregated,1.200000,0.000000,3800,3800,50000,50000,50000,50000,50000,50000,50000,50000,50000,48,0,3900,18099.11673443826,271.77344470864205,57576.02692209184,42.666666666666664
1790233144,8,POST,completion,0.400000,0.000000,50000,50000,50000,50000,50000,50000,50000,50000,50000,50000,50000,16,0,50000,49517.3552462511,39810.8418090269,57576.02692209184,128.0
1790233144,8,TPOT,completion,0.400000,0.000000,360,360,360,360,360,360,360,360,360,360,360,16,0,360,355.0530979865851,271.77344470864205,422.72534438658244,0.0
1790233144,8,TTFT,completion,0.400000,0.000000,3800,3800,3800,3800,3800,3800,3800,3800,3800,3800,3800,16,0,3900,4424.94185907708,3308.008802123368,6832.11935008876,0.0
1790233144,8,,Aggregated,1.200000,0.000000,3800,3800,50000,50000,50000,50000,50000,50000,50000,50000,50000,48,0,3900,18099.11673443826,271.77344470864205,57576.02692209184,42.666666666666664
1790233145,8,POST,completion,0.400000,0.000000,0,0,0,0,0,0,0,0,0,0,0,16,0,50000,49517.3552462511,39810.8418090269,57576.02692209184,128.0
1790233145,8,TPOT,completion,0.400000,0.000000,0,0,0,0,0,0,0,0,0,0,0,16,0,360,355.0530979865851,271.77344470864205,422.72534438658244,0.0
1790233145,8,TTFT,completion,0.400000,0.000000,0,0,0,0,0,0,0,0,0,0,0,16,0,3900,4424.94185907708,3308.008802123368,6832.11935008876,0.0
1790233145,8,,Aggregated,1.200000,0.000000,0,0,0,0,0,0,0,0,0,0,0,48,0,3900,18099.11673443826,271.77344470864205,57576.02692209184,42.666666666666664
1790233146,8,POST,completion,0.400000,0.000000,0,0,0,0,0,0,0,0,0,0,0,16,0,50000,49517.3552462511,39810.8418090269,57576.02692209184,128.0
1790233146,8,TPOT,completion,0.400000,0.000000,0,0,0,0,0,0,0,0,0,0,0,16,0,360,355.0530979865851,271.77344470864205,422.72534438658244,0.0
1790233146,8,TTFT,completion,0.400000,0.000000,0,0,0,0,0,0,0,0,0,0,0,16,0,3900,4424.94185907708,3308.008802123368,6832.11935008876,0.0
1790233146,8,,Aggregated,1.200000,0.000000,0,0,0,0,0,0,0,0,0,0,0,48,0,3900,18099.11673443826,271.77344470864205,57576.02692209184,42.666666666666664
1790233147,8,POST,completion,0.400000,0.000000,0,0,0,0,0,0,0,0,0,0,0,16,0,50000,49517.3552462511,39810.8418090269,57576.02692209184,128.0
1790233147,8,TPOT,completion,0.400000,0.000000,0,0,0,0,0,0,0,0,0,0,0,16,0,360,355.0530979865851,271.77344470864205,422.72534438658244,0.0
1790233147,8,TTFT,completion,0.400000,0.000000,0,0,0,0,0,0,0,0,0,0,0,16,0,3900,4424.94185907708,3308.008802123368,6832.11935008876,0.0
1790233147,8,,Aggregated,1.200000,0.000000,0,0,0,0,0,0,0,0,0,0,0,48,0,3900,18099.11673443826,271.77344470864205,57576.02692209184,42.666666666666664
1790233148,8,POST,completion,0.400000,0.000000,0,0,0,0,0,0,0,0,0,0,0,16,0,50000,49517.3552462511,39810.8418090269,57576.02692209184,128.0
1790233148,8,TPOT,completion,0.400000,0.000000,0,0,0,0,0,0,0,0,0,0,0,16,0,360,355.0530979865851,271.77344470864205,422.72534438658244,0.0
1790233148,8,TTFT,completion,0.400000,0.000000,0,0,0,0,0,0,0,0,0,0,0,16,0,3900,4424.94185907708,3308.008802123368,6832.11935008876,0.0
1790233148,8,,Aggregated,1.200000,0.000000,0,0,0,0,0,0,0,0,0,0,0,48,0,3900,18099.11673443826,271.77344470864205,57576.02692209184,42.666666666666664
1790233149,8,POST,completion,0.400000,0.000000,0,0,0,0,0,0,0,0,0,0,0,16,0,50000,49517.3552462511,39810.8418090269,57576.02692209184,128.0
1790233149,8,TPOT,completion,0.400000,0.000000,0,0,0,0,0,0,0,0,0,0,0,16,0,360,355.0530979865851,271.77344470864205,422.72534438658244,0.0
1790233149,8,TTFT,completion,0.400000,0.000000,0,0,0,0,0,0,0,0,0,0,0,16,0,3900,4424.94185907708,3308.008802123368,6832.11935008876,0.0
1790233149,8,,Aggregated,1.200000,0.000000,0,0,0,0,0,0,0,0,0,0,0,48,0,3900,18099.11673443826,271.77344470864205,57576.02692209184,42.666666666666664
1790233150,8,POST,completion,0.400000,0.000000,0,0,0,0,0,0,0,0,0,0,0,16,0,50000,49517.3552462511,39810.8418090269,57576.02692209184,128.0
1790233150,8,TPOT,completion,0.400000,0.000000,0,0,0,0,0,0,0,0,0,0,0,16,0,360,355.0530979865851,271.77344470864205,422.72534438658244,0.0
1790233150,8,TTFT,completion,0.400000,0.000000,0,0,0,0,0,0,0,0,0,0,0,16,0,3900,4424.94185907708,3308.008802123368,6832.11935008876,0.0
1790233150,8,,Aggregated,1.200000,0.000000,0,0,0,0,0,0,0,0,0,0,0,48,0,3900,18099.11673443826,271.77344470864205,57576.02692209184,42.666666666666664
1790233151,8,POST,completion,0.400000,0.000000,0,0,0,0,0,0,0,0,0,0,0,16,0,50000,49517.3552462511,39810.8418090269,57576.02692209184,128.0
1790233151,8,TPOT,completion,0.400000,0.000000,0,0,0,0,0,0,0,0,0,0,0,16,0,360,355.0530979865851,271.77344470864205,422.72534438658244,0.0
1790233151,8,TTFT,completion,0.400000,0.000000,0,0,0,0,0,0,0,0,0,0,0,16,0,3900,4424.94185907708,3308.008802123368,6832.11935008876,0.0
1790233151,8,,Aggregated,1.200000,0.000000,0,0,0,0,0,0,0,0,0,0,0,48,0,3900,18099.11673443826,271.77344470864205,57576.02692209184,42.666666666666664
1790233152,8,POST,completion,0.400000,0.000000,0,0,0,0,0,0,0,0,0,0,0,16,0,50000,49517.3552462511,39810.8418090269,57576.02692209184,128.0
1790233152,8,TPOT,completion,0.400000,0.000000,0,0,0,0,0,0,0,0,0,0,0,16,0,360,355.0530979865851,271.77344470864205,422.72534438658244,0.0
1790233152,8,TTFT,completion,0.400000,0.000000,0,0,0,0,0,0,0,0,0,0,0,16,0,3900,4424.94185907708,3308.008802123368,6832.11935008876,0.0
1790233152,8,,Aggregated,1.200000,0.000000,0,0,0,0,0,0,0,0,0,0,0,48,0,3900,18099.11673443826,271.77344470864205,57576.02692209184,42.666666666666664
1790233153,8,POST,completion,0.000000,0.000000,46000,46000,46000,46000,46000,46000,46000,46000,46000,46000,46000,17,0,49000,49328.029078417734,39810.8418090269,57576.02692209184,128.0
1790233153,8,TPOT,completion,0.000000,0.000000,340,340,340,340,340,340,340,340,340,340,340,17,0,360,353.9102749595779,271.77344470864205,422.72534438658244,0.0
1790233153,8,TTFT,completion,0.000000,0.000000,3700,3700,3700,3700,3700,3700,3700,3700,3700,3700,3700,17,0,3900,4380.770094542052,3308.008802123368,6832.11935008876,0.0
1790233153,8,,Aggregated,0.000000,0.000000,3700,3700,46000,46000,46000,46000,46000,46000,46000,46000,46000,51,0,3900,18020.903149306458,271.77344470864205,57576.02692209184,42.666666666666664
1790233154,8,POST,completion,0.000000,0.000000,46000,46000,46000,46000,46000,46000,46000,46000,46000,46000,46000,18,0,49000,49046.43038177811,39810.8418090269,57576.02692209184,128.0
1790233154,8,TPOT,completion,0.000000,0.000000,340,340,340,340,340,340,340,340,340,340,340,18,0,360,352.09238070021746,271.77344470864205,422.72534438658244,0.0
1790233154,8,TTFT,completion,0.000000,0.000000,3700,3700,3700,3700,3700,3700,3700,3700,3700,3700,3700,18,0,3900,4330.042286569045,3308.008802123368,6832.11935008876,0.0
1790233154,8,,Aggregated,0.000000,0.000000,3700,3700,44000,44000,46000,46000,46000,46000,46000,46000,46000,54,0,3900,17909.521683015795,271.77344470864205,57576.02692209184,42.666666666666664
1790233155,8,POST,completion,0.000000,0.000000,46000,46000,46000,46000,46000,46000,46000,46000,46000,46000,46000,18,0,49000,49046.43038177811,39810.8418090269,57576.02692209184,128.0
1790233155,8,TPOT,completion,0.000000,0.000000,340,340,340,340,340,340,340,340,340,340,340,18,0,360,352.09238070021746,271.77344470864205,422.72534438658244,0.0
1790233155,8,TTFT,completion,0.000000,0.000000,3700,3700,3700,3700,3700,3700,3700,3700,3700,3700,3700,18,0,3900,4330.042286569045,3308.008802123368,6832.11935008876,0.0
1790233155,8,,Aggregated,0.000000,0.000000,3700,3700,44000,44000,46000,46000,46000,46000,46000,46000,46000,54,0,3900,17909.521683015795,271.77344470864205,57576.02692209184,42.666666666666664
1790233156,8,POST,completion,0.000000,0.000000,46000,46000,46000,46000,46000,46000,46000,46000,46000,46000,46000,18,0,49000,49046.43038177811,39810.8418090269,57576.02692209184,128.0
1790233156,8,TPOT,completion,0.000000,0.000000,340,340,340,340,340,340,340,340,340,340,340,18,0,360,352.09238070021746,271.77344470864205,422.72534438658244,0.0
1790233156,8,TTFT,completion,0.000000,0.000000,3700,3700,3700,3700,3700,3700,3700,3700,3700,3700,3700,18,0,3900,4330.042286569045,3308.008802123368,6832.11935008876,0.0
1790233156,8,,Aggregated,0.000000,0.000000,3700,3700,44000,44000,46000,46000,46000,46000,46000,46000,46000,54,0,3900,17909.521683015795,271.77344470864205,57576.02692209184,42.666666666666664
1790233157,8,POST,completion,0.200000,0.000000,44000,44000,46000,46000,46000,46000,46000,46000,46000,46000,46000,19,0,48000,46657.012885264856,3647.4979480262846,57576.02692209184,121.26315789473684
1790233157,8,TPOT,completion,0.200000,0.000000,340,340,340,340,340,340,340,340,340,340,340,18,0,360,352.09238070021746,271.77344470864205,422.72534438658244,0.0
1790233157,8,TTFT,completion,0.200000,0.000000,3600,3600,3700,3700,3700,3700,3700,3700,3700,3700,3700,19,0,3800,4294.118900329953,3308.008802123368,6832.11935008876,0.0
1790233157,8,,Aggregated,0.600000,0.000000,3600,3700,44000,44000,46000,46000,46000,46000,46000,46000,46000,56,0,3800,17400.163692480455,271.77344470864205,57576.02692209184,41.142857142857146
1790233158,8,POST,completion,0.200000,0.000000,44000,44000,46000,46000,46000,46000,46000,46000,46000,46000,46000,19,0,48000,46657.012885264856,3647.4979480262846,57576.02692209184,121.26315789473684
1790233158,8,TPOT,completion,0.200000,0.000000,340,340,340,340,340,340,340,340,340,340,340,18,0,360,352.09238070021746,271.77344470864205,422.72534438658244,0.0
1790233158,8,TTFT,completion,0.200000,0.000000,3600,3600,3700,3700,3700,3700,3700,3700,3700,3700,3700,19,0,3800,4294.118900329953,3308.008802123368,6832.11935008876,0.0
1790233158,8,,Aggregated,0.600000,0.000000,3600,3700,44000,44000,46000,46000,46000,46000,46000,46000,46000,56,0,3800,17400.163692480455,271.77344470864205,57576.02692209184,41.142857142857146
1790233159,8,POST,completion,0.200000,0.000000,44000,44000,46000,46000,46000,46000,46000,46000,46000,46000,46000,19,0,48000,46657.012885264856,3647.4979480262846,57576.02692209184,121.26315789473684
1790233159,8,TPOT,completion,0.200000,0.000000,340,340,340,340,340,340,340,340,340,340,340,18,0,360,352.09238070021746,271.77344470864205,422.72534438658244,0.0
1790233159,8,TTFT,completion,0.200000,0.000000,3600,3600,3700,3700,3700,3700,3700,3700,3700,3700,3700,19,0,3800,4294.118900329953,3308.008802123368,6832.11935008876,0.0
1790233159,8,,Aggregated,0.600000,0.000000,3600,3700,44000,44000,46000,46000,46000,46000,46000,46000,46000,56,0,3800,17400.163692480455,271.77344470864205,57576.02692209184,41.142857142857146
1790233160,8,POST,completion,0.200000,0.000000,44000,44000,46000,46000,46000,46000,46000,46000,46000,46000,46000,19,0,48000,46657.012885264856,3647.4979480262846,57576.02692209184,121.26315789473684
1790233160,8,TPOT,completion,0.200000,0.000000,340,340,340,340,340,340,340,340,340,340,340,18,0,360,352.09238070021746,271.77344470864205,422.72534438658244,0.0
1790233160,8,TTFT,completion,0.200000,0.000000,3600,3600,3700,3700,3700,3700,3700,3700,3700,3700,3700,19,0,3800,4294.118900329953,3308.008802123368,6832.11935008876,0.0
1790233160,8,,Aggregated,0.600000,0.000000,3600,3700,44000,44000,46000,46000,46000,46000,46000,46000,46000,56,0,3800,17400.163692480455,271.77344470864205,57576.02692209184,41.142857142857146
1790233161,8,POST,completion,0.300000,0.000000,46000,46000,46000,46000,46000,46000,46000,46000,46000,46000,46000,20,0,48000,46646.67387639638,3647.4979480262846,57576.02692209184,121.6
1790233161,8,TPOT,completion,0.200000,0.000000,340,340,340,340,340,340,340,340,340,340,340,19,0,350,351.3145948871368,271.77344470864205,422.72534438658244,0.0
1790233161,8,TTFT,completion,0.300000,0.000000,3600,3600,3700,3700,3700,3700,3700,3700,3700,3700,3700,20,0,3800,4259.944695862941,3308.008802123368,6832.11935008876,0.0
1790233161,8,,Aggregated,0.800000,0.000000,3600,3700,44000,44000,46000,46000,46000,46000,46000,46000,46000,59,0,3800,17369.61608047529,271.77344470864205,57576.02692209184,41.220338983050844
1790233162,8,POST,completion,0.300000,0.000000,44000,44000,46000,46000,46000,46000,46000,46000,46000,46000,46000,20,0,48000,46646.67387639638,3647.4979480262846,57576.02692209184,121.6
1790233162,8,TPOT,completion,0.200000,0.000000,340,340,340,340,340,340,340,340,340,340,340,19,0,350,351.3145948871368,271.77344470864205,422.72534438658244,0.0
1790233162,8,TTFT,completion,0.300000,0.000000,3600,3600,3600,3600,3600,3600,3600,3600,3600,3600,3600,20,0,3800,4259.944695862941,3308.008802123368,6832.11935008876,0.0
1790233162,8,,Aggregated,0.800000,0.000000,3600,3600,44000,44000,46000,46000,46000,46000,46000,46000,46000,59,0,3800,17369.61608047529,271.77344470864205,57576.02692209184,41.220338983050844
1790233163,8,POST,completion,0.300000,0.000000,44000,45000,45000,46000,46000,46000,46000,46000,46000,46000,46000,22,0,46000,46458.4883881246,3647.4979480262846,57576.02692209184,122.18181818181819
1790233163,8,TPOT,completion,0.200000,0.000000,320,320,340,340,340,340,340,340,340,340,340,21,0,340,347.63316681511134,271.77344470864205,422.72534438658244,0.0
1790233163,8,TTFT,completion,0.300000,0.000000,3600,3600,3600,6300,6300,6300,6300,6300,6300,6300,6300,22,0,3800,4315.241036047651,3308.008802123368,6832.11935008876,0.0
1790233163,8,,Aggregated,0.800000,0.000000,3600,6300,44000,44000,45000,46000,46000,46000,46000,46000,46000,65,0,3800,17297.266828229338,271.77344470864205,57576.02692209184,41.353846153846156
1790233164,8,POST,completion,0.300000,0.000000,45000,45000,46000,46000,46000,46000,46000,46000,46000,46000,46000,22,0,46000,46458.4883881246,3647.4979480262846,57576.02692209184,122.18181818181819
1790233164,8,TPOT,completion,0.200000,0.000000,320,320,340,340,340,340,340,340,340,340,340,21,0,340,347.63316681511134,271.77344470864205,422.72534438658244,0.0
1790233164,8,TTFT,completion,0.300000,0.000000,3600,3600,6300,6300,6300,6300,6300,6300,6300,6300,6300,22,0,3800,4315.241036047651,3308.008802123368,6832.11935008876,0.0
1790233164,8,,Aggregated,0.800000,0.000000,3600,6300,44000,44000,45000,46000,46000,46000,46000,46000,46000,65,0,3800,17297.266828229338,271.77344470864205,57576.02692209184,41.353846153846156
1790233165,8,POST,completion,0.300000,0.000000,45000,45000,46000,46000,46000,46000,46000,46000,46000,46000,46000,22,0,46000,46458.4883881246,3647.4979480262846,57576.02692209184,122.18181818181819
1790233165,8,TPOT,completion,0.200000,0.000000,320,320,340,340,340,340,340,340,340,340,340,21,0,340,347.63316681511134,271.77344470864205,422.72534438658244,0.0
1790233165,8,TTFT,completion,0.300000,0.000000,3600,3600,6300,6300,6300,6300,6300,6300,6300,6300,6300,22,0,3800,4315.241036047651,3308.008802123368,6832.11935008876,0.0
1790233165,8,,Aggregated,0.800000,0.000000,3600,6300,44000,44000,45000,46000,46000,46000,46000,46000,46000,65,0,3800,17297.266828229338,271.77344470864205,57576.02692209184,41.353846153846156
1790233166,8,POST,completion,0.300000,0.000000,45000,45000,46000,46000,46000,46000,46000,46000,46000,46000,46000,22,0,46000,46458.4883881246,3647.4979480262846,57576.02692209184,122.18181818181819
1790233166,8,TPOT,completion,0.200000,0.000000,320,320,340,340,340,340,340,340,340,340,340,21,0,340,347.63316681511134,271.77344470864205,422.72534438658244,0.0
1790233166,8,TTFT,completion,0.300000,0.000000,3600,3600,6300,6300,6300,6300,6300,6300,6300,6300,6300,22,0,3800,4315.241036047651,3308.008802123368,6832.11935008876,0.0
1790233166,8,,Aggregated,0.800000,0.000000,3600,6300,44000,44000,45000,46000,46000,46000,46000,46000,46000,65,0,3800,17297.266828229338,271.77344470864205,57576.02692209184,41.353846153846156
1790233167,8,POST,completion,0.300000,0.000000,45000,45000,46000,46000,46000,46000,46000,46000,46000,46000,46000,22,0,46000,46458.4883881246,3647.4979480262846,57576.02692209184,122.18181818181819
1790233167,8,TPOT,completion,0.200000,0.000000,320,320,340,340,340,340,340,340,340,340,340,21,0,340,347.63316681511134,271.77344470864205,422.72534438658244,0.0
1790233167,8,TTFT,completion,0.300000,0.000000,3600,3600,6300,6300,6300,6300,6300,6300,6300,6300,6300,22,0,3800,4315.241036047651,3308.008802123368,6832.11935008876,0.0
1790233167,8,,Aggregated,0.800000,0.000000,3600,6300,44000,44000,45000,46000,46000,46000,46000,46000,46000,65,0,3800,17297.266828229338,271.77344470864205,57576.02692209184,41.353846153846156
1790233168,8,POST,completion,0.400000,0.000000,46000,46000,50000,50000,50000,50000,50000,50000,50000,50000,50000,23,0,46000,46599.33356876971,3647.4979480262846,57576.02692209184,122.43478260869566
1790233168,8,TPOT,completion,0.300000,0.000000,340,340,360,360,360,360,360,360,360,360,360,22,0,350,348.3252028911991,271.77344470864205,422.72534438658244,0.0
1790233168,8,TTFT,completion,0.400000,0.000000,3600,3600,6300,6300,6300,6300,6300,6300,6300,6300,6300,23,0,3800,4284.768275521777,3308.008802123368,6832.11935008876,0.0
1790233168,8,,Aggregated,1.100000,0.000000,3600,6300,45000,45000,46000,50000,50000,50000,50000,50000,50000,68,0,3800,17323.492601210455,271.77344470864205,57576.02692209184,41.411764705882355
1790233169,8,POST,completion,0.400000,0.000000,46000,47000,47000,50000,50000,50000,50000,50000,50000,50000,50000,24,0,47000,46615.3007997782,3647.4979480262846,57576.02692209184,122.66666666666667
1790233169,8,TPOT,completion,0.300000,0.000000,340,340,340,360,360,360,360,360,360,360,360,23,0,340,348.03235151724317,271.77344470864205,422.72534438658244,0.0
1790233169,8,TTFT,completion,0.400000,0.000000,3600,3600,3600,6300,6300,6300,6300,6300,6300,6300,6300,24,0,3800,4256.238822999876,3308.008802123368,6832.11935008876,0.0
1790233169,8,,Aggregated,1.100000,0.000000,3600,6300,45000,46000,47000,50000,50000,50000,50000,50000,50000,71,0,3800,17308.75626805029,271.77344470864205,57576.02692209184,41.46478873239437
1790233170,8,POST,completion,0.400000,0.000000,46000,47000,47000,50000,50000,50000,50000,50000,50000,50000,50000,24,0,47000,46615.3007997782,3647.4979480262846,57576.02692209184,122.66666666666667
1790233170,8,TPOT,completion,0.300000,0.000000,340,340,340,360,360,360,360,360,360,360,360,23,0,340,348.03235151724317,271.77344470864205,422.72534438658244,0.0
1790233170,8,TTFT,completion,0.400000,0.000000,3600,3600,3600,6300,6300,6300,6300,6300,6300,6300,6300,24,0,3800,4256.238822999876,3308.008802123368,6832.11935008876,0.0
1790233170,8,,Aggregated,1.100000,0.000000,3600,6300,45000,46000,47000,50000,50000,50000,50000,50000,50000,71,0,3800,17308.75626805029,271.77344470864205,57576.02692209184,41.46478873239437
1790233171,8,POST,completion,0.400000,0.000000,47000,47000,50000,50000,50000,50000,50000,50000,50000,50000,50000,24,0,47000,46615.3007997782,3647.4979480262846,57576.02692209184,122.66666666666667
1790233171,8,TPOT,completion,0.300000,0.000000,340,340,360,360,360,360,360,360,360,360,360,23,0,340,348.03235151724317,271.77344470864205,422.72534438658244,0.0
1790233171,8,TTFT,completion,0.400000,0.000000,3600,3600,6300,6300,6300,6300,6300,6300,6300,6300,6300,24,0,3800,4256.238822999876,3308.008802123368,6832.11935008876,0.0
1790233171,8,,Aggregated,1.100000,0.000000,3600,6300,45000,45000,47000,50000,50000,50000,50000,50000,50000,71,0,3800,17308.75626805029,271.77344470864205,57576.02692209184,41.46478873239437
1790233172,8,POST,completion,0.500000,0.000000,45000,47000,47000,50000,50000,50000,50000,50000,50000,50000,50000,25,0,46000,46519.901207266375,3647.4979480262846,57576.02692209184,122.88
1790233172,8,TPOT,completion,0.500000,0.000000,320,340,340,360,360,360,360,360,360,360,360,24,0,340,346.924471236161,271.77344470864205,422.72534438658244,0.0
1790233172,8,TTFT,completion,0.500000,0.000000,3600,3600,3600,6300,6300,6300,6300,6300,6300,6300,6300,25,0,3800,4222.245172476396,3308.008802123368,6832.11935008876,0.0
1790233172,8,,Aggregated,1.500000,0.000000,3600,6300,44000,45000,47000,50000,50000,50000,50000,50000,50000,74,0,3800,17255.133064908612,271.77344470864205,57576.02692209184,41.513513513513516
1790233173,8,POST,completion,0.500000,0.000000,45000,47000,47000,50000,50000,50000,50000,50000,50000,50000,50000,25,0,46000,46519.901207266375,3647.4979480262846,57576.02692209184,122.88
1790233173,8,TPOT,completion,0.500000,0.000000,320,340,340,360,360,360,360,360,360,360,360,24,0,340,346.924471236161,271.77344470864205,422.72534438658244,0.0
1790233173,8,TTFT,completion,0.500000,0.000000,3600,3600,3600,6300,6300,6300,6300,6300,6300,6300,6300,25,0,3800,4222.245172476396,3308.008802123368,6832.11935008876,0.0
1790233173,8,,Aggregated,1.500000,0.000000,3600,6300,44000,45000,47000,50000,50000,50000,50000,50000,50000,74,0,3800,17255.133064908612,271.77344470864205,57576.02692209184,41.513513513513516
1790233174,8,POST,completion,0.500000,0.000000,47000,47000,50000,50000,50000,50000,50000,50000,50000,50000,50000,25,0,46000,46519.901207266375,3647.4979480262846,57576.02692209184,122.88
1790233174,8,TPOT,completion,0.500000,0.000000,340,340,360,360,360,360,360,360,360,360,360,24,0,340,346.924471236161,271.77344470864205,422.72534438658244,0.0
1790233174,8,TTFT,completion,0.500000,0.000000,3600,3600,3600,3600,3600,3600,3600,3600,3600,3600,3600,25,0,3800,4222.245172476396,3308.008802123368,6832.11935008876,0.0
1790233174,8,,Aggregated,1.500000,0.000000,3600,3600,44000,47000,50000,50000,50000,50000,50000,50000,50000,74,0,3800,17255.133064908612,271.77344470864205,57576.02692209184,41.513513513513516
1790233175,8,POST,completion,0.500000,0.000000,47000,47000,50000,50000,50000,50000,50000,50000,50000,50000,50000,25,0,46000,46519.901207266375,3647.4979480262846,57576.02692209184,122.88
1790233175,8,TPOT,completion,0.500000,0.000000,340,340,360,360,360,360,360,360,360,360,360,24,0,340,346.924471236161,271.77344470864205,422.72534438658244,0.0
1790233175,8,TTFT,completion,0.500000,0.000000,3600,3600,3600,3600,3600,3600,3600,3600,3600,3600,3600,25,0,3800,4222.245172476396,3308.008802123368,6832.11935008876,0.0
1790233175,8,,Aggregated,1.500000,0.000000,3600,3600,44000,47000,50000,50000,50000,50000,50000,50000,50000,74,0,3800,17255.133064908612,271.77344470864205,57576.02692209184,41.513513513513516
1790233176,8,POST,completion,0.500000,0.000000,47000,47000,50000,50000,50000,50000,50000,50000,50000,50000,50000,25,0,46000,46519.901207266375,3647.4979480262846,57576.02692209184,122.88
1790233176,8,TPOT,completion,0.500000,0.000000,340,340,360,360,360,360,360,360,360,360,360,24,0,340,346.924471236161,271.77344470864205,422.72534438658244,0.0
1790233176,8,TTFT,completion,0.500000,0.000000,3600,3600,3600,3600,3600,3600,3600,3600,3600,3600,3600,25,0,3800,4222.245172476396,3308.008802123368,6832.11935008876,0.0
1790233176,8,,Aggregated,1.500000,0.000000,3600,3600,44000,47000,50000,50000,50000,50000,50000,50000,50000,74,0,3800,17255.133064908612,271.77344470864205,57576.02692209184,41.513513513513516
1790233177,8,POST,completion,0.500000,0.000000,47000,47000,47000,47000,47000,47000,47000,47000,47000,47000,47000,25,0,46000,46519.901207266375,3647.4979480262846,57576.02692209184,122.88
1790233177,8,TPOT,completion,0.500000,0.000000,340,340,340,340,340,340,340,340,340,340,340,24,0,340,346.924471236161,271.77344470864205,422.72534438658244,0.0
1790233177,8,TTFT,completion,0.500000,0.000000,3600,3600,3600,3600,3600,3600,3600,3600,3600,3600,3600,25,0,3800,4222.245172476396,3308.008802123368,6832.11935008876,0.0
1790233177,8,,Aggregated,1.500000,0.000000,3600,3600,44000,44000,47000,47000,47000,47000,47000,47000,47000,74,0,3800,17255.133064908612,271.77344470864205,57576.02692209184,41.513513513513516
1790233178,8,POST,completion,0.500000,0.000000,47000,47000,47000,47000,47000,47000,47000,47000,47000,47000,47000,25,0,46000,46519.901207266375,3647.4979480262846,57576.02692209184,122.88
1790233178,8,TPOT,completion,0.500000,0.000000,340,340,340,340,340,340,340,340,340,340,340,24,0,340,346.924471236161,271.77344470864205,422.72534438658244,0.0
1790233178,8,TTFT,completion,0.500000,0.000000,3600,3600,3600,3600,3600,3600,3600,3600,3600,3600,3600,25,0,3800,4222.245172476396,3308.008802123368,6832.11935008876,0.0
1790233178,8,,Aggregated,1.500000,0.000000,3600,3600,44000,44000,47000,47000,47000,47000,47000,47000,47000,74,0,3800,17255.133064908612,271.77344470864205,57576.02692209184,41.513513513513516
1790233179,8,POST,completion,0.500000,0.000000,44000,44000,44000,44000,44000,44000,44000,44000,44000,44000,44000,25,0,46000,46519.901207266375,3647.4979480262846,57576.02692209184,122.88
1790233179,8,TPOT,completion,0.500000,0.000000,320,320,320,320,320,320,320,320,320,320,320,24,0,340,346.924471236161,271.77344470864205,422.72534438658244,0.0
1790233179,8,TTFT,completion,0.500000,0.000000,3400,3400,3400,3400,3400,3400,3400,3400,3400,3400,3400,25,0,3800,4222.245172476396,3308.008802123368,6832.11935008876,0.0
1790233179,8,,Aggregated,1.500000,0.000000,3400,3400,44000,44000,44000,44000,44000,44000,44000,44000,44000,74,0,3800,17255.133064908612,271.77344470864205,57576.02692209184,41.513513513513516
1790233180,8,POST,completion,0.500000,0.000000,44000,44000,44000,44000,44000,44000,44000,44000,44000,44000,44000,25,0,46000,46519.901207266375,3647.4979480262846,57576.02692209184,122.88
1790233180,8,TPOT,completion,0.500000,0.000000,320,320,320,320,320,320,320,320,320,320,320,24,0,340,346.924471236161,271.77344470864205,422.72534438658244,0.0
1790233180,8,TTFT,completion,0.500000,0.000000,3400,3400,3400,3400,3400,3400,3400,3400,3400,3400,3400,25,0,3800,4222.245172476396,3308.008802123368,6832.11935008876,0.0
1790233180,8,,Aggregated,1.500000,0.000000,3400,3400,44000,44000,44000,44000,44000,44000,44000,44000,44000,74,0,3800,17255.133064908612,271.77344470864205,57576.02692209184,41.513513513513516
1790233181,8,POST,completion,0.500000,0.000000,44000,44000,44000,44000,44000,44000,44000,44000,44000,44000,44000,25,0,46000,46519.901207266375,3647.4979480262846,57576.02692209184,122.88
1790233181,8,TPOT,completion,0.500000,0.000000,320,320,320,320,320,320,320,320,320,320,320,24,0,340,346.924471236161,271.77344470864205,422.72534438658244,0.0
1790233181,8,TTFT,completion,0.500000,0.000000,3400,3400,3400,3400,3400,3400,3400,3400,3400,3400,3400,25,0,3800,4222.245172476396,3308.008802123368,6832.11935008876,0.0
1790233181,8,,Aggregated,1.500000,0.000000,3400,3400,44000,44000,44000,44000,44000,44000,44000,44000,44000,74,0,3800,17255.133064908612,271.77344470864205,57576.02692209184,41.513513513513516
1790233182,8,POST,completion,0.500000,0.000000,44000,44000,44000,44000,44000,44000,44000,44000,44000,44000,44000,25,0,46000,46519.901207266375,3647.4979480262846,57576.02692209184,122.88
1790233182,8,TPOT,completion,0.500000,0.000000,320,320,320,320,320,320,320,320,320,320,320,24,0,340,346.924471236161,271.77344470864205,422.72534438658244,0.0
1790233182,8,TTFT,completion,0.500000,0.000000,3400,3400,3400,3400,3400,3400,3400,3400,3400,3400,3400,25,0,3800,4222.245172476396,3308.008802123368,6832.11935008876,0.0
1790233182,8,,Aggregated,1.500000,0.000000,3400,3400,44000,44000,44000,44000,44000,44000,44000,44000,44000,74,0,3800,17255.133064908612,271.77344470864205,57576.02692209184,41.513513513513516
1790233183,8,POST,completion,0.500000,0.000000,44000,44000,44000,44000,44000,44000,44000,44000,44000,44000,44000,25,0,46000,46519.901207266375,3647.4979480262846,57576.02692209184,122.88
1790233183,8,TPOT,completion,0.500000,0.000000,320,320,320,320,320,320,320,320,320,320,320,24,0,340,346.924471236161,271.77344470864205,422.72534438658244,0.0
1790233183,8,TTFT,completion,0.500000,0.000000,3400,3400,3400,3400,3400,3400,3400,3400,3400,3400,3400,25,0,3800,4222.245172476396,3308.008802123368,6832.11935008876,0.0
1790233183,8,,Aggregated,1.500000,0.000000,3400,3400,44000,44000,44000,44000,44000,44000,44000,44000,44000,74,0,3800,17255.133064908612,271.77344470864205,57576.02692209184,41.513513513513516
1790233184,8,POST,completion,0.500000,0.000000,44000,44000,44000,44000,44000,44000,44000,44000,44000,44000,44000,25,0,46000,46519.901207266375,3647.4979480262846,57576.02692209184,122.88
1790233184,8,TPOT,completion,0.500000,0.000000,320,320,320,320,320,320,320,320,320,320,320,24,0,340,346.924471236161,271.77344470864205,422.72534438658244,0.0
1790233184,8,TTFT,completion,0.500000,0.000000,3400,3400,3400,3400,3400,3400,3400,3400,3400,3400,3400,25,0,3800,4222.245172476396,3308.008802123368,6832.11935008876,0.0
1790233184,8,,Aggregated,1.500000,0.000000,3400,3400,44000,44000,44000,44000,44000,44000,44000,44000,44000,74,0,3800,17255.133064908612,271.77344470864205,57576.02692209184,41.513513513513516
1790233185,8,POST,completion,0.500000,0.000000,44000,44000,44000,44000,44000,44000,44000,44000,44000,44000,44000,25,0,46000,46519.901207266375,3647.4979480262846,57576.02692209184,122.88
1790233185,8,TPOT,completion,0.500000,0.000000,320,320,320,320,320,320,320,320,320,320,320,24,0,340,346.924471236161,271.77344470864205,422.72534438658244,0.0
1790233185,8,TTFT,completion,0.500000,0.000000,3400,3400,3400,3400,3400,3400,3400,3400,3400,3400,3400,25,0,3800,4222.245172476396,3308.008802123368,6832.11935008876,0.0
1790233185,8,,Aggregated,1.500000,0.000000,3400,3400,44000,44000,44000,44000,44000,44000,44000,44000,44000,74,0,3800,17255.133064908612,271.77344470864205,57576.02692209184,41.513513513513516
1790233186,8,POST,completion,0.500000,0.000000,44000,44000,44000,44000,44000,44000,44000,44000,44000,44000,44000,25,0,46000,46519.901207266375,3647.4979480262846,57576.02692209184,122.88
1790233186,8,TPOT,completion,0.500000,0.000000,320,320,320,320,320,320,320,320,320,320,320,24,0,340,346.924471236161,271.77344470864205,422.72534438658244,0.0
1790233186,8,TTFT,completion,0.500000,0.000000,3400,3400,3400,3400,3400,3400,3400,3400,3400,3400,3400,25,0,3800,4222.245172476396,3308.008802123368,6832.11935008876,0.0
1790233186,8,,Aggregated,1.500000,0.000000,3400,3400,44000,44000,44000,44000,44000,44000,44000,44000,44000,74,0,3800,17255.133064908612,271.77344470864205,57576.02692209184,41.513513513513516
1790233187,8,POST,completion,0.500000,0.000000,44000,44000,44000,44000,44000,44000,44000,44000,44000,44000,44000,25,0,46000,46519.901207266375,3647.4979480262846,57576.02692209184,122.88
1790233187,8,TPOT,completion,0.500000,0.000000,320,320,320,320,320,320,320,320,320,320,320,24,0,340,346.924471236161,271.77344470864205,422.72534438658244,0.0
1790233187,8,TTFT,completion,0.500000,0.000000,3400,3400,3400,3400,3400,3400,3400,3400,3400,3400,3400,25,0,3800,4222.245172476396,3308.008802123368,6832.11935008876,0.0
1790233187,8,,Aggregated,1.500000,0.000000,3400,3400,44000,44000,44000,44000,44000,44000,44000,44000,44000,74,0,3800,17255.133064908612,271.77344470864205,57576.02692209184,41.513513513513516
1790233188,8,POST,completion,0.500000,0.000000,44000,44000,44000,44000,44000,44000,44000,44000,44000,44000,44000,25,0,46000,46519.901207266375,3647.4979480262846,57576.02692209184,122.88
1790233188,8,TPOT,completion,0.500000,0.000000,320,320,320,320,320,320,320,320,320,320,320,24,0,340,346.924471236161,271.77344470864205,422.72534438658244,0.0
1790233188,8,TTFT,completion,0.500000,0.000000,3400,3400,3400,3400,3400,3400,3400,3400,3400,3400,3400,25,0,3800,4222.245172476396,3308.008802123368,6832.11935008876,0.0
1790233188,8,,Aggregated,1.500000,0.000000,3400,3400,44000,44000,44000,44000,44000,44000,44000,44000,44000,74,0,3800,17255.133064908612,271.77344470864205,57576.02692209184,41.513513513513516
1790233189,8,POST,completion,0.500000,0.000000,0,0,0,0,0,0,0,0,0,0,0,25,0,46000,46519.901207266375,3647.4979480262846,57576.02692209184,122.88
1790233189,8,TPOT,completion,0.500000,0.000000,0,0,0,0,0,0,0,0,0,0,0,24,0,340,346.924471236161,271.77344470864205,422.72534438658244,0.0
1790233189,8,TTFT,completion,0.500000,0.000000,0,0,0,0,0,0,0,0,0,0,0,25,0,3800,4222.245172476396,3308.008802123368,6832.11935008876,0.0
1790233189,8,,Aggregated,1.500000,0.000000,0,0,0,0,0,0,0,0,0,0,0,74,0,3800,17255.133064908612,271.77344470864205,57576.02692209184,41.513513513513516
1790233190,8,POST,completion,0.500000,0.000000,0,0,0,0,0,0,0,0,0,0,0,25,0,46000,46519.901207266375,3647.4979480262846,57576.02692209184,122.88
1790233190,8,TPOT,completion,0.500000,0.000000,0,0,0,0,0,0,0,0,0,0,0,24,0,340,346.924471236161,271.77344470864205,422.72534438658244,0.0
1790233190,8,TTFT,completion,0.500000,0.000000,0,0,0,0,0,0,0,0,0,0,0,25,0,3800,4222.245172476396,3308.008802123368,6832.11935008876,0.0
1790233190,8,,Aggregated,1.500000,0.000000,0,0,0,0,0,0,0,0,0,0,0,74,0,3800,17255.133064908612,271.77344470864205,57576.02692209184,41.513513513513516
1790233191,8,POST,completion,0.500000,0.000000,0,0,0,0,0,0,0,0,0,0,0,25,0,46000,46519.901207266375,3647.4979480262846,57576.02692209184,122.88
1790233191,8,TPOT,completion,0.500000,0.000000,0,0,0,0,0,0,0,0,0,0,0,24,0,340,346.924471236161,271.77344470864205,422.72534438658244,0.0
1790233191,8,TTFT,completion,0.500000,0.000000,0,0,0,0,0,0,0,0,0,0,0,25,0,3800,4222.245172476396,3308.008802123368,6832.11935008876,0.0
1790233191,8,,Aggregated,1.500000,0.000000,0,0,0,0,0,0,0,0,0,0,0,74,0,3800,17255.133064908612,271.77344470864205,57576.02692209184,41.513513513513516
1790233192,8,POST,completion,0.500000,0.000000,0,0,0,0,0,0,0,0,0,0,0,25,0,46000,46519.901207266375,3647.4979480262846,57576.02692209184,122.88
1790233192,8,TPOT,completion,0.500000,0.000000,0,0,0,0,0,0,0,0,0,0,0,24,0,340,346.924471236161,271.77344470864205,422.72534438658244,0.0
1790233192,8,TTFT,completion,0.500000,0.000000,0,0,0,0,0,0,0,0,0,0,0,25,0,3800,4222.245172476396,3308.008802123368,6832.11935008876,0.0
1790233192,8,,Aggregated,1.500000,0.000000,0,0,0,0,0,0,0,0,0,0,0,74,0,3800,17255.133064908612,271.77344470864205,57576.02692209184,41.513513513513516
1790233193,8,POST,completion,0.500000,0.000000,0,0,0,0,0,0,0,0,0,0,0,25,0,46000,46519.901207266375,3647.4979480262846,57576.02692209184,122.88
1790233193,8,TPOT,completion,0.500000,0.000000,0,0,0,0,0,0,0,0,0,0,0,24,0,340,346.924471236161,271.77344470864205,422.72534438658244,0.0
1790233193,8,TTFT,completion,0.500000,0.000000,0,0,0,0,0,0,0,0,0,0,0,25,0,3800,4222.245172476396,3308.008802123368,6832.11935008876,0.0
1790233193,8,,Aggregated,1.500000,0.000000,0,0,0,0,0,0,0,0,0,0,0,74,0,3800,17255.133064908612,271.77344470864205,57576.02692209184,41.513513513513516
1790233194,8,POST,completion,0.500000,0.000000,0,0,0,0,0,0,0,0,0,0,0,25,0,46000,46519.901207266375,3647.4979480262846,57576.02692209184,122.88
1790233194,8,TPOT,completion,0.500000,0.000000,0,0,0,0,0,0,0,0,0,0,0,24,0,340,346.924471236161,271.77344470864205,422.72534438658244,0.0
1790233194,8,TTFT,completion,0.500000,0.000000,0,0,0,0,0,0,0,0,0,0,0,25,0,3800,4222.245172476396,3308.008802123368,6832.11935008876,0.0
1790233194,8,,Aggregated,1.500000,0.000000,0,0,0,0,0,0,0,0,0,0,0,74,0,3800,17255.133064908612,271.77344470864205,57576.02692209184,41.513513513513516
1790233195,8,POST,completion,0.500000,0.000000,0,0,0,0,0,0,0,0,0,0,0,25,0,46000,46519.901207266375,3647.4979480262846,57576.02692209184,122.88
1790233195,8,TPOT,completion,0.500000,0.000000,0,0,0,0,0,0,0,0,0,0,0,24,0,340,346.924471236161,271.77344470864205,422.72534438658244,0.0
1790233195,8,TTFT,completion,0.500000,0.000000,0,0,0,0,0,0,0,0,0,0,0,25,0,3800,4222.245172476396,3308.008802123368,6832.11935008876,0.0
1790233195,8,,Aggregated,1.500000,0.000000,0,0,0,0,0,0,0,0,0,0,0,74,0,3800,17255.133064908612,271.77344470864205,57576.02692209184,41.513513513513516
1790233196,8,POST,completion,0.500000,0.000000,0,0,0,0,0,0,0,0,0,0,0,25,0,46000,46519.901207266375,3647.4979480262846,57576.02692209184,122.88
1790233196,8,TPOT,completion,0.500000,0.000000,0,0,0,0,0,0,0,0,0,0,0,24,0,340,346.924471236161,271.77344470864205,422.72534438658244,0.0
1790233196,8,TTFT,completion,0.500000,0.000000,0,0,0,0,0,0,0,0,0,0,0,25,0,3800,4222.245172476396,3308.008802123368,6832.11935008876,0.0
1790233196,8,,Aggregated,1.500000,0.000000,0,0,0,0,0,0,0,0,0,0,0,74,0,3800,17255.133064908612,271.77344470864205,57576.02692209184,41.513513513513516
1790233197,8,POST,completion,0.500000,0.000000,0,0,0,0,0,0,0,0,0,0,0,25,0,46000,46519.901207266375,3647.4979480262846,57576.02692209184,122.88
1790233197,8,TPOT,completion,0.500000,0.000000,0,0,0,0,0,0,0,0,0,0,0,24,0,340,346.924471236161,271.77344470864205,422.72534438658244,0.0
1790233197,8,TTFT,completion,0.500000,0.000000,0,0,0,0,0,0,0,0,0,0,0,25,0,3800,4222.245172476396,3308.008802123368,6832.11935008876,0.0
1790233197,8,,Aggregated,1.500000,0.000000,0,0,0,0,0,0,0,0,0,0,0,74,0,3800,17255.133064908612,271.77344470864205,57576.02692209184,41.513513513513516
1790233198,8,POST,completion,0.000000,0.000000,44000,44000,44000,44000,44000,44000,44000,44000,44000,44000,44000,26,0,46000,46417.08999282967,3647.4979480262846,57576.02692209184,123.07692307692308
1790233198,8,TPOT,completion,0.000000,0.000000,320,320,320,320,320,320,320,320,320,320,320,25,0,340,345.772472597424,271.77344470864205,422.72534438658244,0.0
1790233198,8,TTFT,completion,0.000000,0.000000,3400,3400,3400,3400,3400,3400,3400,3400,3400,3400,3400,26,0,3800,4192.325256532058,3308.008802123368,6832.11935008876,0.0
1790233198,8,,Aggregated,0.000000,0.000000,3400,3400,44000,44000,44000,44000,44000,44000,44000,44000,44000,77,0,3700,17201.1572506278,271.77344470864205,57576.02692209184,41.55844155844156
1790233199,8,POST,completion,0.000000,0.000000,44000,44000,44000,44000,44000,44000,44000,44000,44000,44000,44000,26,0,46000,46417.08999282967,3647.4979480262846,57576.02692209184,123.07692307692308
1790233199,8,TPOT,completion,0.000000,0.000000,320,320,320,320,320,320,320,320,320,320,320,25,0,340,345.772472597424,271.77344470864205,422.72534438658244,0.0
1790233199,8,TTFT,completion,0.000000,0.000000,3400,3400,3400,3400,3400,3400,3400,3400,3400,3400,3400,26,0,3800,4192.325256532058,3308.008802123368,6832.11935008876,0.0
1790233199,8,,Aggregated,0.000000,0.000000,3400,3400,44000,44000,44000,44000,44000,44000,44000,44000,44000,77,0,3700,17201.1572506278,271.77344470864205,57576.02692209184,41.55844155844156
1790233200,8,POST,completion,0.000000,0.000000,44000,44000,44000,44000,44000,44000,44000,44000,44000,44000,44000,26,0,46000,46417.08999282967,3647.4979480262846,57576.02692209184,123.07692307692308
1790233200,8,TPOT,completion,0.000000,0.000000,320,320,320,320,320,320,320,320,320,320,320,25,0,340,345.772472597424,271.77344470864205,422.72534438658244,0.0
1790233200,8,TTFT,completion,0.000000,0.000000,3400,3400,3400,3400,3400,3400,3400,3400,3400,3400,3400,26,0,3800,4192.325256532058,3308.008802123368,6832.11935008876,0.0
1790233200,8,,Aggregated,0.000000,0.000000,3400,3400,44000,44000,44000,44000,44000,44000,44000,44000,44000,77,0,3700,17201.1572506278,271.77344470864205,57576.02692209184,41.55844155844156
1790233201,8,POST,completion,0.000000,0.000000,44000,44000,44000,44000,44000,44000,44000,44000,44000,44000,44000,26,0,46000,46417.08999282967,3647.4979480262846,57576.02692209184,123.07692307692308
1790233201,8,TPOT,completion,0.000000,0.000000,320,320,320,320,320,320,320,320,320,320,320,25,0,340,345.772472597424,271.77344470864205,422.72534438658244,0.0
1790233201,8,TTFT,completion,0.000000,0.000000,3400,3400,3400,3400,3400,3400,3400,3400,3400,3400,3400,26,0,3800,4192.325256532058,3308.008802123368,6832.11935008876,0.0
1790233201,8,,Aggregated,0.000000,0.000000,3400,3400,44000,44000,44000,44000,44000,44000,44000,44000,44000,77,0,3700,17201.1572506278,271.77344470864205,57576.02692209184,41.55844155844156
1790233202,8,POST,completion,0.000000,0.000000,44000,44000,44000,44000,44000,44000,44000,44000,44000,44000,44000,26,0,46000,46417.08999282967,3647.4979480262846,57576.02692209184,123.07692307692308
1790233202,8,TPOT,completion,0.000000,0.000000,320,320,320,320,320,320,320,320,320,320,320,25,0,340,345.772472597424,271.77344470864205,422.72534438658244,0.0
1790233202,8,TTFT,completion,0.000000,0.000000,3400,3400,3400,3400,3400,3400,3400,3400,3400,3400,3400,26,0,3800,4192.325256532058,3308.008802123368,6832.11935008876,0.0
1790233202,8,,Aggregated,0.000000,0.000000,3400,3400,44000,44000,44000,44000,44000,44000,44000,44000,44000,77,0,3700,17201.1572506278,271.77344470864205,57576.02692209184,41.55844155844156
1790233203,8,POST,completion,0.000000,0.000000,44000,44000,44000,44000,44000,44000,44000,44000,44000,44000,44000,26,0,46000,46417.08999282967,3647.4979480262846,57576.02692209184,123.07692307692308
1790233203,8,TPOT,completion,0.000000,0.000000,320,320,320,320,320,320,320,320,320,320,320,25,0,340,345.772472597424,271.77344470864205,422.72534438658244,0.0
1790233203,8,TTFT,completion,0.000000,0.000000,3400,3400,3400,3400,3400,3400,3400,3400,3400,3400,3400,26,0,3800,4192.325256532058,3308.008802123368,6832.11935008876,0.0
1790233203,8,,Aggregated,0.000000,0.000000,3400,3400,44000,44000,44000,44000,44000,44000,44000,44000,44000,77,0,3700,17201.1572506278,271.77344470864205,57576.02692209184,41.55844155844156
1790233204,8,POST,completion,0.000000,0.000000,44000,44000,44000,44000,44000,44000,44000,44000,44000,44000,44000,26,0,46000,46417.08999282967,3647.4979480262846,57576.02692209184,123.07692307692308
1790233204,8,TPOT,completion,0.000000,0.000000,320,320,320,320,320,320,320,320,320,320,320,25,0,340,345.772472597424,271.77344470864205,422.72534438658244,0.0
1790233204,8,TTFT,completion,0.000000,0.000000,3400,3400,3400,3400,3400,3400,3400,3400,3400,3400,3400,26,0,3800,4192.325256532058,3308.008802123368,6832.11935008876,0.0
1790233204,8,,Aggregated,0.000000,0.000000,3400,3400,44000,44000,44000,44000,44000,44000,44000,44000,44000,77,0,3700,17201.1572506278,271.77344470864205,57576.02692209184,41.55844155844156
1790233205,8,POST,completion,0.000000,0.000000,44000,44000,44000,44000,44000,44000,44000,44000,44000,44000,44000,26,0,46000,46417.08999282967,3647.4979480262846,57576.02692209184,123.07692307692308
1790233205,8,TPOT,completion,0.000000,0.000000,320,320,320,320,320,320,320,320,320,320,320,25,0,340,345.772472597424,271.77344470864205,422.72534438658244,0.0
1790233205,8,TTFT,completion,0.000000,0.000000,3400,3400,3400,3400,3400,3400,3400,3400,3400,3400,3400,26,0,3800,4192.325256532058,3308.008802123368,6832.11935008876,0.0
1790233205,8,,Aggregated,0.000000,0.000000,3400,3400,44000,44000,44000,44000,44000,44000,44000,44000,44000,77,0,3700,17201.1572506278,271.77344470864205,57576.02692209184,41.55844155844156
1790233206,8,POST,completion,0.100000,0.000000,44000,44000,44000,44000,44000,44000,44000,44000,44000,44000,44000,27,0,46000,46333.60954339582,3647.4979480262846,57576.02692209184,123.25925925925925
1790233206,8,TPOT,completion,0.100000,0.000000,320,320,320,320,320,320,320,320,320,320,320,26,0,340,344.80625250990784,271.77344470864205,422.72534438658244,0.0
1790233206,8,TTFT,completion,0.100000,0.000000,3400,3400,3400,3400,3400,3400,3400,3400,3400,3400,3400,27,0,3700,4164.457985889857,3308.008802123368,6832.11935008876,0.0
1790233206,8,,Aggregated,0.300000,0.000000,3400,3400,44000,44000,44000,44000,44000,44000,44000,44000,44000,80,0,3700,17155.159823199636,271.77344470864205,57576.02692209184,41.6
1790233207,8,POST,completion,0.100000,0.000000,44000,44000,46000,46000,46000,46000,46000,46000,46000,46000,46000,28,0,46000,46331.25523155987,3647.4979480262846,57576.02692209184,123.42857142857143
1790233207,8,TPOT,completion,0.100000,0.000000,320,320,340,340,340,340,340,340,340,340,340,27,0,340,344.4661490456765,271.77344470864205,422.72534438658244,0.0
1790233207,8,TTFT,completion,0.100000,0.000000,3400,3400,3600,3600,3600,3600,3600,3600,3600,3600,3600,28,0,3700,4145.848811828598,3308.008802123368,6832.11935008876,0.0
1790233207,8,,Aggregated,0.300000,0.000000,3400,3600,44000,44000,46000,46000,46000,46000,46000,46000,46000,83,0,3700,17140.475894447114,271.77344470864205,57576.02692209184,41.63855421686747
1790233208,8,POST,completion,0.100000,0.000000,44000,44000,46000,46000,46000,46000,46000,46000,46000,46000,46000,28,0,46000,46331.25523155987,3647.4979480262846,57576.02692209184,123.42857142857143
1790233208,8,TPOT,completion,0.100000,0.000000,320,320,340,340,340,340,340,340,340,340,340,27,0,340,344.4661490456765,271.77344470864205,422.72534438658244,0.0
1790233208,8,TTFT,completion,0.100000,0.000000,3400,3400,3600,3600,3600,3600,3600,3600,3600,3600,3600,28,0,3700,4145.848811828598,3308.008802123368,6832.11935008876,0.0
1790233208,8,,Aggregated,0.300000,0.000000,3400,3600,44000,44000,46000,46000,46000,46000,46000,46000,46000,83,0,3700,17140.475894447114,271.77344470864205,57576.02692209184,41.63855421686747
1790233209,8,POST,completion,0.100000,0.000000,44000,44000,46000,46000,46000,46000,46000,46000,46000,46000,46000,28,0,46000,46331.25523155987,3647.4979480262846,57576.02692209184,123.42857142857143
1790233209,8,TPOT,completion,0.100000,0.000000,320,320,340,340,340,340,340,340,340,340,340,27,0,340,344.4661490456765,271.77344470864205,422.72534438658244,0.0
1790233209,8,TTFT,completion,0.100000,0.000000,3400,3400,3600,3600,3600,3600,3600,3600,3600,3600,3600,28,0,3700,4145.848811828598,3308.008802123368,6832.11935008876,0.0
1790233209,8,,Aggregated,0.300000,0.000000,3400,3600,44000,44000,46000,46000,46000,46000,46000,46000,46000,83,0,3700,17140.475894447114,271.77344470864205,57576.02692209184,41.63855421686747
1790233210,8,POST,completion,0.200000,0.000000,46000,46000,48000,48000,48000,48000,48000,48000,48000,48000,48000,29,0,46000,46371.670693512366,3647.4979480262846,57576.02692209184,123.58620689655173
1790233210,8,TPOT,completion,0.200000,0.000000,330,330,340,340,340,340,340,340,340,340,340,28,0,340,344.1114743975205,271.77344470864205,422.72534438658244,0.0
1790233210,8,TTFT,completion,0.200000,0.000000,3600,3600,5000,5000,5000,5000,5000,5000,5000,5000,5000,29,0,3700,4175.87880001018,3308.008802123368,6832.11935008876,0.0
1790233210,8,,Aggregated,0.600000,0.000000,3600,5000,44000,44000,46000,48000,48000,48000,48000,48000,48000,86,0,3700,17157.140192968425,271.77344470864205,57576.02692209184,41.674418604651166
1790233211,8,POST,completion,0.200000,0.000000,46000,46000,48000,48000,48000,48000,48000,48000,48000,48000,48000,29,0,46000,46371.670693512366,3647.4979480262846,57576.02692209184,123.58620689655173
1790233211,8,TPOT,completion,0.200000,0.000000,330,330,340,340,340,340,340,340,340,340,340,28,0,340,344.1114743975205,271.77344470864205,422.72534438658244,0.0
1790233211,8,TTFT,completion,0.200000,0.000000,3600,3600,5000,5000,5000,5000,5000,5000,5000,5000,5000,29,0,3700,4175.87880001018,3308.008802123368,6832.11935008876,0.0
1790233211,8,,Aggregated,0.600000,0.000000,3600,5000,44000,46000,48000,48000,48000,48000,48000,48000,48000,86,0,3700,17157.140192968425,271.77344470864205,57576.02692209184,41.674418604651166
1790233212,8,POST,completion,0.200000,0.000000,46000,46000,48000,48000,48000,48000,48000,48000,48000,48000,48000,30,0,46000,46303.52392969653,3647.4979480262846,57576.02692209184,123.73333333333333
1790233212,8,TPOT,completion,0.200000,0.000000,330,330,340,340,340,340,340,340,340,340,340,29,0,340,343.35808304228,271.77344470864205,422.72534438658244,0.0
1790233212,8,TTFT,completion,0.200000,0.000000,3600,3600,5000,5000,5000,5000,5000,5000,5000,5000,5000,30,0,3700,4149.9899534042925,3308.008802123368,6832.11935008876,0.0
1790233212,8,,Aggregated,0.600000,0.000000,3600,5000,44000,44000,46000,48000,48000,48000,48000,48000,48000,89,0,3700,17118.68315619383,271.77344470864205,57576.02692209184,41.70786516853933
1790233213,8,POST,completion,0.200000,0.000000,46000,46000,48000,48000,48000,48000,48000,48000,48000,48000,48000,30,0,46000,46303.52392969653,3647.4979480262846,57576.02692209184,123.73333333333333
1790233213,8,TPOT,completion,0.200000,0.000000,330,330,340,340,340,340,340,340,340,340,340,29,0,340,343.35808304228,271.77344470864205,422.72534438658244,0.0
1790233213,8,TTFT,completion,0.200000,0.000000,3600,3600,5000,5000,5000,5000,5000,5000,5000,5000,5000,30,0,3700,4149.9899534042925,3308.008802123368,6832.11935008876,0.0
1790233213,8,,Aggregated,0.600000,0.000000,3600,5000,44000,44000,46000,48000,48000,48000,48000,48000,48000,89,0,3700,17118.68315619383,271.77344470864205,57576.02692209184,41.70786516853933
1790233214,8,POST,completion,0.400000,0.000000,46000,46000,46000,48000,48000,48000,48000,48000,48000,48000,48000,31,0,46000,46284.62210799297,3647.4979480262846,57576.02692209184,123.87096774193549
1790233214,8,TPOT,completion,0.400000,0.000000,330,330,330,340,340,340,340,340,340,340,340,30,0,340,342.9580366818279,271.77344470864205,422.72534438658244,0.0
1790233214,8,TTFT,completion,0.400000,0.000000,3600,3600,3600,5000,5000,5000,5000,5000,5000,5000,5000,31,0,3700,4133.364629421023,3308.008802123368,6832.11935008876,0.0
1790233214,8,,Aggregated,1.200000,0.000000,3600,5000,44000,46000,46000,48000,48000,48000,48000,48000,48000,92,0,3700,17100.503586524876,271.77344470864205,57576.02692209184,41.73913043478261
1790233215,8,POST,completion,0.400000,0.000000,46000,46000,46000,48000,48000,48000,48000,48000,48000,48000,48000,31,0,46000,46284.62210799297,3647.4979480262846,57576.02692209184,123.87096774193549
1790233215,8,TPOT,completion,0.400000,0.000000,330,330,330,340,340,340,340,340,340,340,340,30,0,340,342.9580366818279,271.77344470864205,422.72534438658244,0.0
1790233215,8,TTFT,completion,0.400000,0.000000,3600,3600,3600,5000,5000,5000,5000,5000,5000,5000,5000,31,0,3700,4133.364629421023,3308.008802123368,6832.11935008876,0.0
1790233215,8,,Aggregated,1.200000,0.000000,3600,5000,44000,46000,46000,48000,48000,48000,48000,48000,48000,92,0,3700,17100.503586524876,271.77344470864205,57576.02692209184,41.73913043478261
1790233216,8,POST,completion,0.400000,0.000000,46000,46000,46000,46000,48000,48000,48000,48000,48000,48000,48000,32,0,46000,46225.19785921031,3647.4979480262846,57576.02692209184,124.0
1790233216,8,TPOT,completion,0.400000,0.000000,330,330,330,330,340,340,340,340,340,340,340,31,0,340,342.29848593108426,271.77344470864205,422.72534438658244,0.0
1790233216,8,TTFT,completion,0.400000,0.000000,3600,3600,3600,3600,5000,5000,5000,5000,5000,5000,5000,32,0,3700,4111.1782885636785,3308.008802123368,6832.11935008876,0.0
1790233216,8,,Aggregated,1.200000,0.000000,3600,5000,44000,44000,46000,48000,48000,48000,48000,48000,48000,95,0,3600,17067.108313606645,271.77344470864205,57576.02692209184,41.76842105263158
1790233217,8,POST,completion,0.400000,0.000000,46000,46000,46000,46000,48000,48000,48000,48000,48000,48000,48000,32,0,46000,46225.19785921031,3647.4979480262846,57576.02692209184,124.0
1790233217,8,TPOT,completion,0.400000,0.000000,330,330,330,330,340,340,340,340,340,340,340,31,0,340,342.29848593108426,271.77344470864205,422.72534438658244,0.0
1790233217,8,TTFT,completion,0.400000,0.000000,3600,3600,3600,3600,5000,5000,5000,5000,5000,5000,5000,32,0,3700,4111.1782885636785,3308.008802123368,6832.11935008876,0.0
1790233217,8,,Aggregated,1.200000,0.000000,3600,5000,44000,44000,46000,48000,48000,48000,48000,48000,48000,95,0,3600,17067.108313606645,271.77344470864205,57576.02692209184,41.76842105263158
1790233218,8,POST,completion,0.400000,0.000000,46000,46000,48000,48000,48000,48000,48000,48000,48000,48000,48000,32,0,46000,46225.19785921031,3647.4979480262846,57576.02692209184,124.0
1790233218,8,TPOT,completion,0.400000,0.000000,330,330,330,330,330,330,330,330,330,330,330,31,0,340,342.29848593108426,271.77344470864205,422.72534438658244,0.0
1790233218,8,TTFT,completion,0.400000,0.000000,3600,3600,5000,5000,5000,5000,5000,5000,5000,5000,5000,32,0,3700,4111.1782885636785,3308.008802123368,6832.11935008876,0.0
1790233218,8,,Aggregated,1.200000,0.000000,3600,5000,44000,44000,46000,48000,48000,48000,48000,48000,48000,95,0,3600,17067.108313606645,271.77344470864205,57576.02692209184,41.76842105263158
1790233219,8,POST,completion,0.400000,0.000000,46000,46000,48000,48000,48000,48000,48000,48000,48000,48000,48000,32,0,46000,46225.19785921031,3647.4979480262846,57576.02692209184,124.0
1790233219,8,TPOT,completion,0.400000,0.000000,330,330,330,330,330,330,330,330,330,330,330,31,0,340,342.29848593108426,271.77344470864205,422.72534438658244,0.0
1790233219,8,TTFT,completion,0.400000,0.000000,3600,3600,5000,5000,5000,5000,5000,5000,5000,5000,5000,32,0,3700,4111.1782885636785,3308.008802123368,6832.11935008876,0.0
1790233219,8,,Aggregated,1.200000,0.000000,3600,5000,44000,44000,46000,48000,48000,48000,48000,48000,48000,95,0,3600,17067.108313606645,271.77344470864205,57576.02692209184,41.76842105263158
1790233220,8,POST,completion,0.400000,0.000000,44000,44000,46000,46000,46000,46000,46000,46000,46000,46000,46000,32,0,46000,46225.19785921031,3647.4979480262846,57576.02692209184,124.0
1790233220,8,TPOT,completion,0.400000,0.000000,320,320,330,330,330,330,330,330,330,330,330,31,0,340,342.29848593108426,271.77344470864205,422.72534438658244,0.0
1790233220,8,TTFT,completion,0.400000,0.000000,3400,3400,3600,3600,3600,3600,3600,3600,3600,3600,3600,32,0,3700,4111.1782885636785,3308.008802123368,6832.11935008876,0.0
1790233220,8,,Aggregated,1.200000,0.000000,3400,3600,44000,44000,46000,46000,46000,46000,46000,46000,46000,95,0,3600,17067.108313606645,271.77344470864205,57576.02692209184,41.76842105263158
1790233221,8,POST,completion,0.400000,0.000000,44000,44000,46000,46000,46000,46000,46000,46000,46000,46000,46000,32,0,46000,46225.19785921031,3647.4979480262846,57576.02692209184,124.0
1790233221,8,TPOT,completion,0.400000,0.000000,320,320,330,330,330,330,330,330,330,330,330,31,0,340,342.29848593108426,271.77344470864205,422.72534438658244,0.0
1790233221,8,TTFT,completion,0.400000,0.000000,3400,3400,3600,3600,3600,3600,3600,3600,3600,3600,3600,32,0,3700,4111.1782885636785,3308.008802123368,6832.11935008876,0.0
1790233221,8,,Aggregated,1.200000,0.000000,3400,3600,44000,44000,46000,46000,46000,46000,46000,46000,46000,95,0,3600,17067.108313606645,271.77344470864205,57576.02692209184,41.76842105263158
1790233222,8,POST,completion,0.400000,0.000000,46000,46000,46000,46000,46000,46000,46000,46000,46000,46000,46000,32,0,46000,46225.19785921031,3647.4979480262846,57576.02692209184,124.0
1790233222,8,TPOT,completion,0.400000,0.000000,330,330,330,330,330,330,330,330,330,330,330,31,0,340,342.29848593108426,271.77344470864205,422.72534438658244,0.0
1790233222,8,TTFT,completion,0.400000,0.000000,3600,3600,3600,3600,3600,3600,3600,3600,3600,3600,3600,32,0,3700,4111.1782885636785,3308.008802123368,6832.11935008876,0.0
1790233222,8,,Aggregated,1.200000,0.000000,3600,3600,44000,44000,46000,46000,46000,46000,46000,46000,46000,95,0,3600,17067.108313606645,271.77344470864205,57576.02692209184,41.76842105263158
1790233223,8,POST,completion,0.400000,0.000000,46000,46000,46000,46000,46000,46000,46000,46000,46000,46000,46000,32,0,46000,46225.19785921031,3647.4979480262846,57576.02692209184,124.0
1790233223,8,TPOT,completion,0.400000,0.000000,330,330,330,330,330,330,330,330,330,330,330,31,0,340,342.29848593108426,271.77344470864205,422.72534438658244,0.0
1790233223,8,TTFT,completion,0.400000,0.000000,3600,3600,3600,3600,3600,3600,3600,3600,3600,3600,3600,32,0,3700,4111.1782885636785,3308.008802123368,6832.11935008876,0.0
1790233223,8,,Aggregated,1.200000,0.000000,3600,3600,44000,44000,46000,46000,46000,46000,46000,46000,46000,95,0,3600,17067.108313606645,271.77344470864205,57576.02692209184,41.76842105263158
1790233224,8,POST,completion,0.400000,0.000000,46000,46000,46000,46000,46000,46000,46000,46000,46000,46000,46000,32,0,46000,46225.19785921031,3647.4979480262846,57576.02692209184,124.0
1790233224,8,TPOT,completion,0.400000,0.000000,330,330,330,330,330,330,330,330,330,330,330,31,0,340,342.29848593108426,271.77344470864205,422.72534438658244,0.0
1790233224,8,TTFT,completion,0.400000,0.000000,3600,3600,3600,3600,3600,3600,3600,3600,3600,3600,3600,32,0,3700,4111.1782885636785,3308.008802123368,6832.11935008876,0.0
1790233224,8,,Aggregated,1.200000,0.000000,3600,3600,44000,44000,46000,46000,46000,46000,46000,46000,46000,95,0,3600,17067.108313606645,271.77344470864205,57576.02692209184,41.76842105263158
1790233225,8,POST,completion,0.400000,0.000000,44000,44000,44000,44000,44000,44000,44000,44000,44000,44000,44000,32,0,46000,46225.19785921031,3647.4979480262846,57576.02692209184,124.0
1790233225,8,TPOT,completion,0.400000,0.000000,320,320,320,320,320,320,320,320,320,320,320,31,0,340,342.29848593108426,271.77344470864205,422.72534438658244,0.0
1790233225,8,TTFT,completion,0.400000,0.000000,3400,3400,3400,3400,3400,3400,3400,3400,3400,3400,3400,32,0,3700,4111.1782885636785,3308.008802123368,6832.11935008876,0.0
1790233225,8,,Aggregated,1.200000,0.000000,3400,3400,44000,44000,44000,44000,44000,44000,44000,44000,44000,95,0,3600,17067.108313606645,271.77344470864205,57576.02692209184,41.76842105263158
1790233226,8,POST,completion,0.400000,0.000000,44000,44000,44000,44000,44000,44000,44000,44000,44000,44000,44000,32,0,46000,46225.19785921031,3647.4979480262846,57576.02692209184,124.0
1790233226,8,TPOT,completion,0.400000,0.000000,320,320,320,320,320,320,320,320,320,320,320,31,0,340,342.29848593108426,271.77344470864205,422.72534438658244,0.0
1790233226,8,TTFT,completion,0.400000,0.000000,3400,3400,3400,3400,3400,3400,3400,3400,3400,3400,3400,32,0,3700,4111.1782885636785,3308.008802123368,6832.11935008876,0.0
1790233226,8,,Aggregated,1.200000,0.000000,3400,3400,44000,44000,44000,44000,44000,44000,44000,44000,44000,95,0,3600,17067.108313606645,271.77344470864205,57576.02692209184,41.76842105263158
1790233227,8,POST,completion,0.400000,0.000000,44000,44000,44000,44000,44000,44000,44000,44000,44000,44000,44000,32,0,46000,46225.19785921031,3647.4979480262846,57576.02692209184,124.0
1790233227,8,TPOT,completion,0.400000,0.000000,320,320,320,320,320,320,320,320,320,320,320,31,0,340,342.29848593108426,271.77344470864205,422.72534438658244,0.0
1790233227,8,TTFT,completion,0.400000,0.000000,3400,3400,3400,3400,3400,3400,3400,3400,3400,3400,3400,32,0,3700,4111.1782885636785,3308.008802123368,6832.11935008876,0.0
1790233227,8,,Aggregated,1.200000,0.000000,3400,3400,44000,44000,44000,44000,44000,44000,44000,44000,44000,95,0,3600,17067.108313606645,271.77344470864205,57576.02692209184,41.76842105263158
1790233228,8,POST,completion,0.100000,0.000000,46000,46000,46000,46000,46000,46000,46000,46000,46000,46000,46000,33,0,46000,46219.832722753796,3647.4979480262846,57576.02692209184,124.12121212121212
1790233228,8,TPOT,completion,0.100000,0.000000,330,330,330,330,330,330,330,330,330,330,330,32,0,340,342.05772863404445,271.77344470864205,422.72534438658244,0.0
1790233228,8,TTFT,completion,0.100000,0.000000,3600,3600,3600,3600,3600,3600,3600,3600,3600,3600,3600,33,0,3600,4094.2953400610186,3308.008802123368,6832.11935008876,0.0
1790233228,8,,Aggregated,0.300000,0.000000,3600,3600,44000,44000,46000,46000,46000,46000,46000,46000,46000,98,0,3600,17054.204830501818,271.77344470864205,57576.02692209184,41.795918367346935
1790233229,8,POST,completion,0.100000,0.000000,46000,46000,46000,46000,46000,46000,46000,46000,46000,46000,46000,33,0,46000,46219.832722753796,3647.4979480262846,57576.02692209184,124.12121212121212
1790233229,8,TPOT,completion,0.100000,0.000000,330,330,330,330,330,330,330,330,330,330,330,32,0,340,342.05772863404445,271.77344470864205,422.72534438658244,0.0
1790233229,8,TTFT,completion,0.100000,0.000000,3600,3600,3600,3600,3600,3600,3600,3600,3600,3600,3600,33,0,3600,4094.2953400610186,3308.008802123368,6832.11935008876,0.0
1790233229,8,,Aggregated,0.300000,0.000000,3600,3600,44000,44000,46000,46000,46000,46000,46000,46000,46000,98,0,3600,17054.204830501818,271.77344470864205,57576.02692209184,41.795918367346935
1790233230,8,POST,completion,0.100000,0.000000,46000,46000,46000,46000,46000,46000,46000,46000,46000,46000,46000,33,0,46000,46219.832722753796,3647.4979480262846,57576.02692209184,124.12121212121212
1790233230,8,TPOT,completion,0.100000,0.000000,330,330,330,330,330,330,330,330,330,330,330,32,0,340,342.05772863404445,271.77344470864205,422.72534438658244,0.0
1790233230,8,TTFT,completion,0.100000,0.000000,3600,3600,3600,3600,3600,3600,3600,3600,3600,3600,3600,33,0,3600,4094.2953400610186,3308.008802123368,6832.11935008876,0.0
1790233230,8,,Aggregated,0.300000,0.000000,3600,3600,44000,44000,46000,46000,46000,46000,46000,46000,46000,98,0,3600,17054.204830501818,271.77344470864205,57576.02692209184,41.795918367346935
1790233231,8,POST,completion,0.100000,0.000000,46000,46000,46000,46000,46000,46000,46000,46000,46000,46000,46000,33,0,46000,46219.832722753796,3647.4979480262846,57576.02692209184,124.12121212121212
1790233231,8,TPOT,completion,0.100000,0.000000,330,330,330,330,330,330,330,330,330,330,330,32,0,340,342.05772863404445,271.77344470864205,422.72534438658244,0.0
1790233231,8,TTFT,completion,0.100000,0.000000,3600,3600,3600,3600,3600,3600,3600,3600,3600,3600,3600,33,0,3600,4094.2953400610186,3308.008802123368,6832.11935008876,0.0
1790233231,8,,Aggregated,0.300000,0.000000,3600,3600,44000,44000,46000,46000,46000,46000,46000,46000,46000,98,0,3600,17054.204830501818,271.77344470864205,57576.02692209184,41.795918367346935
1790233232,8,POST,completion,0.100000,0.000000,46000,46000,46000,46000,46000,46000,46000,46000,46000,46000,46000,33,0,46000,46219.832722753796,3647.4979480262846,57576.02692209184,124.12121212121212
1790233232,8,TPOT,completion,0.100000,0.000000,330,330,330,330,330,330,330,330,330,330,330,32,0,340,342.05772863404445,271.77344470864205,422.72534438658244,0.0
1790233232,8,TTFT,completion,0.100000,0.000000,3600,3600,3600,3600,3600,3600,3600,3600,3600,3600,3600,33,0,3600,4094.2953400610186,3308.008802123368,6832.11935008876,0.0
1790233232,8,,Aggregated,0.300000,0.000000,3600,3600,46000,46000,46000,46000,46000,46000,46000,46000,46000,98,0,3600,17054.204830501818,271.77344470864205,57576.02692209184,41.795918367346935
1790233233,8,POST,completion,0.100000,0.000000,46000,46000,46000,46000,46000,46000,46000,46000,46000,46000,46000,33,0,46000,46219.832722753796,3647.4979480262846,57576.02692209184,124.12121212121212
1790233233,8,TPOT,completion,0.100000,0.000000,330,330,330,330,330,330,330,330,330,330,330,32,0,340,342.05772863404445,271.77344470864205,422.72534438658244,0.0
1790233233,8,TTFT,completion,0.100000,0.000000,3600,3600,3600,3600,3600,3600,3600,3600,3600,3600,3600,33,0,3600,4094.2953400610186,3308.008802123368,6832.11935008876,0.0
1790233233,8,,Aggregated,0.300000,0.000000,3600,3600,46000,46000,46000,46000,46000,46000,46000,46000,46000,98,0,3600,17054.204830501818,271.77344470864205,57576.02692209184,41.795918367346935
1790233234,8,POST,completion,0.100000,0.000000,46000,46000,46000,46000,46000,46000,46000,46000,46000,46000,46000,33,0,46000,46219.832722753796,3647.4979480262846,57576.02692209184,124.12121212121212
1790233234,8,TPOT,completion,0.100000,0.000000,330,330,330,330,330,330,330,330,330,330,330,32,0,340,342.05772863404445,271.77344470864205,422.72534438658244,0.0
1790233234,8,TTFT,completion,0.100000,0.000000,3600,3600,3600,3600,3600,3600,3600,3600,3600,3600,3600,33,0,3600,4094.2953400610186,3308.008802123368,6832.11935008876,0.0
1790233234,8,,Aggregated,0.300000,0.000000,3600,3600,46000,46000,46000,46000,46000,46000,46000,46000,46000,98,0,3600,17054.204830501818,271.77344470864205,57576.02692209184,41.795918367346935
1790233235,8,POST,completion,0.100000,0.000000,46000,46000,46000,46000,46000,46000,46000,46000,46000,46000,46000,33,0,46000,46219.832722753796,3647.4979480262846,57576.02692209184,124.12121212121212
1790233235,8,TPOT,completion,0.100000,0.000000,330,330,330,330,330,330,330,330,330,330,330,32,0,340,342.05772863404445,271.77344470864205,422.72534438658244,0.0
1790233235,8,TTFT,completion,0.100000,0.000000,3600,3600,3600,3600,3600,3600,3600,3600,3600,3600,3600,33,0,3600,4094.2953400610186,3308.008802123368,6832.11935008876,0.0
1790233235,8,,Aggregated,0.300000,0.000000,3600,3600,46000,46000,46000,46000,46000,46000,46000,46000,46000,98,0,3600,17054.204830501818,271.77344470864205,57576.02692209184,41.795918367346935
1790233236,8,POST,completion,0.100000,0.000000,46000,46000,46000,46000,46000,46000,46000,46000,46000,46000,46000,33,0,46000,46219.832722753796,3647.4979480262846,57576.02692209184,124.12121212121212
1790233236,8,TPOT,completion,0.100000,0.000000,330,330,330,330,330,330,330,330,330,330,330,32,0,340,342.05772863404445,271.77344470864205,422.72534438658244,0.0
1790233236,8,TTFT,completion,0.100000,0.000000,3600,3600,3600,3600,3600,3600,3600,3600,3600,3600,3600,33,0,3600,4094.2953400610186,3308.008802123368,6832.11935008876,0.0
1790233236,8,,Aggregated,0.300000,0.000000,3600,3600,46000,46000,46000,46000,46000,46000,46000,46000,46000,98,0,3600,17054.204830501818,271.77344470864205,57576.02692209184,41.795918367346935
1790233237,8,POST,completion,0.100000,0.000000,46000,46000,46000,46000,46000,46000,46000,46000,46000,46000,46000,33,0,46000,46219.832722753796,3647.4979480262846,57576.02692209184,124.12121212121212
1790233237,8,TPOT,completion,0.100000,0.000000,330,330,330,330,330,330,330,330,330,330,330,32,0,340,342.05772863404445,271.77344470864205,422.72534438658244,0.0
1790233237,8,TTFT,completion,0.100000,0.000000,3600,3600,3600,3600,3600,3600,3600,3600,3600,3600,3600,33,0,3600,4094.2953400610186,3308.008802123368,6832.11935008876,0.0
1790233237,8,,Aggregated,0.300000,0.000000,3600,3600,46000,46000,46000,46000,46000,46000,46000,46000,46000,98,0,3600,17054.204830501818,271.77344470864205,57576.02692209184,41.795918367346935
1790233238,8,POST,completion,0.100000,0.000000,46000,46000,46000,46000,46000,46000,46000,46000,46000,46000,46000,33,0,46000,46219.832722753796,3647.4979480262846,57576.02692209184,124.12121212121212
1790233238,8,TPOT,completion,0.100000,0.000000,330,330,330,330,330,330,330,330,330,330,330,32,0,340,342.05772863404445,271.77344470864205,422.72534438658244,0.0
1790233238,8,TTFT,completion,0.100000,0.000000,3600,3600,3600,3600,3600,3600,3600,3600,3600,3600,3600,33,0,3600,4094.2953400610186,3308.008802123368,6832.11935008876,0.0
1790233238,8,,Aggregated,0.300000,0.000000,3600,3600,46000,46000,46000,46000,46000,46000,46000,46000,46000,98,0,3600,17054.204830501818,271.77344470864205,57576.02692209184,41.795918367346935
1790233239,8,POST,completion,0.100000,0.000000,46000,46000,46000,46000,46000,46000,46000,46000,46000,46000,46000,33,0,46000,46219.832722753796,3647.4979480262846,57576.02692209184,124.12121212121212
1790233239,8,TPOT,completion,0.100000,0.000000,330,330,330,330,330,330,330,330,330,330,330,32,0,340,342.05772863404445,271.77344470864205,422.72534438658244,0.0
1790233239,8,TTFT,completion,0.100000,0.000000,3600,3600,3600,3600,3600,3600,3600,3600,3600,3600,3600,33,0,3600,4094.2953400610186,3308.008802123368,6832.11935008876,0.0
1790233239,8,,Aggregated,0.300000,0.000000,3600,3600,46000,46000,46000,46000,46000,46000,46000,46000,46000,98,0,3600,17054.204830501818,271.77344470864205,57576.02692209184,41.795918367346935
1790233240,8,POST,completion,0.100000,0.000000,46000,46000,46000,46000,46000,46000,46000,46000,46000,46000,46000,33,0,46000,46219.832722753796,3647.4979480262846,57576.02692209184,124.12121212121212
1790233240,8,TPOT,completion,0.100000,0.000000,330,330,330,330,330,330,330,330,330,330,330,32,0,340,342.05772863404445,271.77344470864205,422.72534438658244,0.0
1790233240,8,TTFT,completion,0.100000,0.000000,3600,3600,3600,3600,3600,3600,3600,3600,3600,3600,3600,33,0,3600,4094.2953400610186,3308.008802123368,6832.11935008876,0.0
1790233240,8,,Aggregated,0.300000,0.000000,3600,3600,46000,46000,46000,46000,46000,46000,46000,46000,46000,98,0,3600,17054.204830501818,271.77344470864205,57576.02692209184,41.795918367346935
1790233241,8,POST,completion,0.100000,0.000000,46000,46000,46000,46000,46000,46000,46000,46000,46000,46000,46000,33,0,46000,46219.832722753796,3647.4979480262846,57576.02692209184,124.12121212121212
1790233241,8,TPOT,completion,0.100000,0.000000,330,330,330,330,330,330,330,330,330,330,330,32,0,340,342.05772863404445,271.77344470864205,422.72534438658244,0.0
1790233241,8,TTFT,completion,0.100000,0.000000,3600,3600,3600,3600,3600,3600,3600,3600,3600,3600,3600,33,0,3600,4094.2953400610186,3308.008802123368,6832.11935008876,0.0
1790233241,8,,Aggregated,0.300000,0.000000,3600,3600,46000,46000,46000,46000,46000,46000,46000,46000,46000,98,0,3600,17054.204830501818,271.77344470864205,57576.02692209184,41.795918367346935
1790233242,8,POST,completion,0.000000,0.000000,46000,46000,46000,46000,46000,46000,46000,46000,46000,46000,46000,34,0,46000,46165.735534323816,3647.4979480262846,57576.02692209184,124.23529411764706
1790233242,8,TPOT,completion,0.000000,0.000000,330,330,330,330,330,330,330,330,330,330,330,33,0,330,341.4349996224708,271.77344470864205,422.72534438658244,0.0
1790233242,8,TTFT,completion,0.000000,0.000000,3600,3600,3600,3600,3600,3600,3600,3600,3600,3600,3600,34,0,3600,4078.242257675704,3308.008802123368,6832.11935008876,0.0
1790233242,8,,Aggregated,0.000000,0.000000,3600,3600,44000,44000,46000,46000,46000,46000,46000,46000,46000,101,0,3600,17025.37227639134,271.77344470864205,57576.02692209184,41.82178217821782
1790233243,8,POST,completion,0.000000,0.000000,46000,46000,46000,46000,46000,46000,46000,46000,46000,46000,46000,34,0,46000,46165.735534323816,3647.4979480262846,57576.02692209184,124.23529411764706
1790233243,8,TPOT,completion,0.000000,0.000000,330,330,330,330,330,330,330,330,330,330,330,33,0,330,341.4349996224708,271.77344470864205,422.72534438658244,0.0
1790233243,8,TTFT,completion,0.000000,0.000000,3600,3600,3600,3600,3600,3600,3600,3600,3600,3600,3600,34,0,3600,4078.242257675704,3308.008802123368,6832.11935008876,0.0
1790233243,8,,Aggregated,0.000000,0.000000,3600,3600,44000,44000,46000,46000,46000,46000,46000,46000,46000,101,0,3600,17025.37227639134,271.77344470864205,57576.02692209184,41.82178217821782
1790233244,8,POST,completion,0.000000,0.000000,44000,44000,44000,44000,44000,44000,44000,44000,44000,44000,44000,34,0,46000,46165.735534323816,3647.4979480262846,57576.02692209184,124.23529411764706
1790233244,8,TPOT,completion,0.000000,0.000000,320,320,320,320,320,320,320,320,320,320,320,33,0,330,341.4349996224708,271.77344470864205,422.72534438658244,0.0
1790233244,8,TTFT,completion,0.000000,0.000000,3500,3500,3500,3500,3500,3500,3500,3500,3500,3500,3500,34,0,3600,4078.242257675704,3308.008802123368,6832.11935008876,0.0
1790233244,8,,Aggregated,0.000000,0.000000,3500,3500,44000,44000,44000,44000,44000,44000,44000,44000,44000,101,0,3600,17025.37227639134,271.77344470864205,57576.02692209184,41.82178217821782
1790233245,8,POST,completion,0.000000,0.000000,44000,44000,44000,44000,44000,44000,44000,44000,44000,44000,44000,34,0,46000,46165.735534323816,3647.4979480262846,57576.02692209184,124.23529411764706
1790233245,8,TPOT,completion,0.000000,0.000000,320,320,320,320,320,320,320,320,320,320,320,33,0,330,341.4349996224708,271.77344470864205,422.72534438658244,0.0
1790233245,8,TTFT,completion,0.000000,0.000000,3500,3500,3500,3500,3500,3500,3500,3500,3500,3500,3500,34,0,3600,4078.242257675704,3308.008802123368,6832.11935008876,0.0
1790233245,8,,Aggregated,0.000000,0.000000,3500,3500,44000,44000,44000,44000,44000,44000,44000,44000,44000,101,0,3600,17025.37227639134,271.77344470864205,57576.02692209184,41.82178217821782
1790233246,8,POST,completion,0.000000,0.000000,44000,44000,44000,44000,44000,44000,44000,44000,44000,44000,44000,34,0,46000,46165.735534323816,3647.4979480262846,57576.02692209184,124.23529411764706
1790233246,8,TPOT,completion,0.000000,0.000000,320,320,320,320,320,320,320,320,320,320,320,33,0,330,341.4349996224708,271.77344470864205,422.72534438658244,0.0
1790233246,8,TTFT,completion,0.000000,0.000000,3500,3500,3500,3500,3500,3500,3500,3500,3500,3500,3500,34,0,3600,4078.242257675704,3308.008802123368,6832.11935008876,0.0
1790233246,8,,Aggregated,0.000000,0.000000,3500,3500,44000,44000,44000,44000,44000,44000,44000,44000,44000,101,0,3600,17025.37227639134,271.77344470864205,57576.02692209184,41.82178217821782
1790233247,8,POST,completion,0.000000,0.000000,44000,44000,44000,44000,44000,44000,44000,44000,44000,44000,44000,34,0,46000,46165.735534323816,3647.4979480262846,57576.02692209184,124.23529411764706
1790233247,8,TPOT,completion,0.000000,0.000000,320,320,320,320,320,320,320,320,320,320,320,33,0,330,341.4349996224708,271.77344470864205,422.72534438658244,0.0
1790233247,8,TTFT,completion,0.000000,0.000000,3500,3500,3500,3500,3500,3500,3500,3500,3500,3500,3500,34,0,3600,4078.242257675704,3308.008802123368,6832.11935008876,0.0
1790233247,8,,Aggregated,0.000000,0.000000,3500,3500,44000,44000,44000,44000,44000,44000,44000,44000,44000,101,0,3600,17025.37227639134,271.77344470864205,57576.02692209184,41.82178217821782
1790233248,8,POST,completion,0.000000,0.000000,44000,44000,44000,44000,44000,44000,44000,44000,44000,44000,44000,34,0,46000,46165.735534323816,3647.4979480262846,57576.02692209184,124.23529411764706
1790233248,8,TPOT,completion,0.000000,0.000000,320,320,320,320,320,320,320,320,320,320,320,33,0,330,341.4349996224708,271.77344470864205,422.72534438658244,0.0
1790233248,8,TTFT,completion,0.000000,0.000000,3500,3500,3500,3500,3500,3500,3500,3500,3500,3500,3500,34,0,3600,4078.242257675704,3308.008802123368,6832.11935008876,0.0
1790233248,8,,Aggregated,0.000000,0.000000,3500,3500,44000,44000,44000,44000,44000,44000,44000,44000,44000,101,0,3600,17025.37227639134,271.77344470864205,57576.02692209184,41.82178217821782
1790233249,8,POST,completion,0.000000,0.000000,44000,44000,44000,44000,44000,44000,44000,44000,44000,44000,44000,34,0,46000,46165.735534323816,3647.4979480262846,57576.02692209184,124.23529411764706
1790233249,8,TPOT,completion,0.000000,0.000000,320,320,320,320,320,320,320,320,320,320,320,33,0,330,341.4349996224708,271.77344470864205,422.72534438658244,0.0
1790233249,8,TTFT,completion,0.000000,0.000000,3500,3500,3500,3500,3500,3500,3500,3500,3500,3500,3500,34,0,3600,4078.242257675704,3308.008802123368,6832.11935008876,0.0
1790233249,8,,Aggregated,0.000000,0.000000,3500,3500,44000,44000,44000,44000,44000,44000,44000,44000,44000,101,0,3600,17025.37227639134,271.77344470864205,57576.02692209184,41.82178217821782
1790233250,8,POST,completion,0.000000,0.000000,44000,44000,44000,44000,44000,44000,44000,44000,44000,44000,44000,34,0,46000,46165.735534323816,3647.4979480262846,57576.02692209184,124.23529411764706
1790233250,8,TPOT,completion,0.000000,0.000000,320,320,320,320,320,320,320,320,320,320,320,33,0,330,341.4349996224708,271.77344470864205,422.72534438658244,0.0
1790233250,8,TTFT,completion,0.000000,0.000000,3500,3500,3500,3500,3500,3500,3500,3500,3500,3500,3500,34,0,3600,4078.242257675704,3308.008802123368,6832.11935008876,0.0
1790233250,8,,Aggregated,0.000000,0.000000,3500,3500,44000,44000,44000,44000,44000,44000,44000,44000,44000,101,0,3600,17025.37227639134,271.77344470864205,57576.02692209184,41.82178217821782
1790233251,8,POST,completion,0.000000,0.000000,44000,44000,44000,44000,44000,44000,44000,44000,44000,44000,44000,34,0,46000,46165.735534323816,3647.4979480262846,57576.02692209184,124.23529411764706
1790233251,8,TPOT,completion,0.000000,0.000000,320,320,320,320,320,320,320,320,320,320,320,33,0,330,341.4349996224708,271.77344470864205,422.72534438658244,0.0
1790233251,8,TTFT,completion,0.000000,0.000000,3500,3500,3500,3500,3500,3500,3500,3500,3500,3500,3500,34,0,3600,4078.242257675704,3308.008802123368,6832.11935008876,0.0
1790233251,8,,Aggregated,0.000000,0.000000,3500,3500,44000,44000,44000,44000,44000,44000,44000,44000,44000,101,0,3600,17025.37227639134,271.77344470864205,57576.02692209184,41.82178217821782
1790233252,8,POST,completion,0.000000,0.000000,44000,44000,44000,44000,44000,44000,44000,44000,44000,44000,44000,34,0,46000,46165.735534323816,3647.4979480262846,57576.02692209184,124.23529411764706
1790233252,8,TPOT,completion,0.000000,0.000000,320,320,320,320,320,320,320,320,320,320,320,33,0,330,341.4349996224708,271.77344470864205,422.72534438658244,0.0
1790233252,8,TTFT,completion,0.000000,0.000000,3500,3500,3500,3500,3500,3500,3500,3500,3500,3500,3500,34,0,3600,4078.242257675704,3308.008802123368,6832.11935008876,0.0
1790233252,8,,Aggregated,0.000000,0.000000,3500,3500,44000,44000,44000,44000,44000,44000,44000,44000,44000,101,0,3600,17025.37227639134,271.77344470864205,57576.02692209184,41.82178217821782
1790233253,8,POST,completion,0.000000,0.000000,44000,44000,44000,44000,44000,44000,44000,44000,44000,44000,44000,34,0,46000,46165.735534323816,3647.4979480262846,57576.02692209184,124.23529411764706
1790233253,8,TPOT,completion,0.000000,0.000000,320,320,320,320,320,320,320,320,320,320,320,33,0,330,341.4349996224708,271.77344470864205,422.72534438658244,0.0
1790233253,8,TTFT,completion,0.000000,0.000000,3500,3500,3500,3500,3500,3500,3500,3500,3500,3500,3500,34,0,3600,4078.242257675704,3308.008802123368,6832.11935008876,0.0
1790233253,8,,Aggregated,0.000000,0.000000,3500,3500,44000,44000,44000,44000,44000,44000,44000,44000,44000,101,0,3600,17025.37227639134,271.77344470864205,57576.02692209184,41.82178217821782
1790233254,8,POST,completion,0.000000,0.000000,44000,44000,44000,44000,44000,44000,44000,44000,44000,44000,44000,34,0,46000,46165.735534323816,3647.4979480262846,57576.02692209184,124.23529411764706
1790233254,8,TPOT,completion,0.000000,0.000000,320,320,320,320,320,320,320,320,320,320,320,33,0,330,341.4349996224708,271.77344470864205,422.72534438658244,0.0
1790233254,8,TTFT,completion,0.000000,0.000000,3500,3500,3500,3500,3500,3500,3500,3500,3500,3500,3500,34,0,3600,4078.242257675704,3308.008802123368,6832.11935008876,0.0
1790233254,8,,Aggregated,0.000000,0.000000,3500,3500,44000,44000,44000,44000,44000,44000,44000,44000,44000,101,0,3600,17025.37227639134,271.77344470864205,57576.02692209184,41.82178217821782
1790233255,8,POST,completion,0.000000,0.000000,49000,49000,49000,49000,49000,49000,49000,49000,49000,49000,49000,35,0,46000,46243.03979565656,3647.4979480262846,57576.02692209184,124.34285714285714
1790233255,8,TPOT,completion,0.000000,0.000000,360,360,360,360,360,360,360,360,360,360,360,34,0,340,341.92327015745076,271.77344470864205,422.72534438658244,0.0
1790233255,8,TTFT,completion,0.000000,0.000000,3500,3500,3500,3500,3500,3500,3500,3500,3500,3500,3500,35,0,3600,4058.8690019944415,3308.008802123368,6832.11935008876,0.0
1790233255,8,,Aggregated,0.000000,0.000000,3500,3500,44000,44000,49000,49000,49000,49000,49000,49000,49000,104,0,3600,17040.309606760944,271.77344470864205,57576.02692209184,41.84615384615385
1790233256,8,POST,completion,0.000000,0.000000,49000,49000,49000,49000,49000,49000,49000,49000,49000,49000,49000,35,0,46000,46243.03979565656,3647.4979480262846,57576.02692209184,124.34285714285714
1790233256,8,TPOT,completion,0.000000,0.000000,360,360,360,360,360,360,360,360,360,360,360,34,0,340,341.92327015745076,271.77344470864205,422.72534438658244,0.0
1790233256,8,TTFT,completion,0.000000,0.000000,3500,3500,3500,3500,3500,3500,3500,3500,3500,3500,3500,35,0,3600,4058.8690019944415,3308.008802123368,6832.11935008876,0.0
1790233256,8,,Aggregated,0.000000,0.000000,3500,3500,44000,44000,49000,49000,49000,49000,49000,49000,49000,104,0,3600,17040.309606760944,271.77344470864205,57576.02692209184,41.84615384615385
1790233257,8,POST,completion,0.000000,0.000000,49000,49000,49000,49000,49000,49000,49000,49000,49000,49000,49000,35,0,46000,46243.03979565656,3647.4979480262846,57576.02692209184,124.34285714285714
1790233257,8,TPOT,completion,0.000000,0.000000,360,360,360,360,360,360,360,360,360,360,360,34,0,340,341.92327015745076,271.77344470864205,422.72534438658244,0.0
1790233257,8,TTFT,completion,0.000000,0.000000,3500,3500,3500,3500,3500,3500,3500,3500,3500,3500,3500,35,0,3600,4058.8690019944415,3308.008802123368,6832.11935008876,0.0
1790233257,8,,Aggregated,0.000000,0.000000,3500,3500,44000,44000,49000,49000,49000,49000,49000,49000,49000,104,0,3600,17040.309606760944,271.77344470864205,57576.02692209184,41.84615384615385
1790233258,8,POST,completion,0.000000,0.000000,49000,49000,49000,49000,49000,49000,49000,49000,49000,49000,49000,35,0,46000,46243.03979565656,3647.4979480262846,57576.02692209184,124.34285714285714
1790233258,8,TPOT,completion,0.000000,0.000000,360,360,360,360,360,360,360,360,360,360,360,34,0,340,341.92327015745076,271.77344470864205,422.72534438658244,0.0
1790233258,8,TTFT,completion,0.000000,0.000000,3400,3400,3400,3400,3400,3400,3400,3400,3400,3400,3400,35,0,3600,4058.8690019944415,3308.008802123368,6832.11935008876,0.0
1790233258,8,,Aggregated,0.000000,0.000000,3400,3400,49000,49000,49000,49000,49000,49000,49000,49000,49000,104,0,3600,17040.309606760944,271.77344470864205,57576.02692209184,41.84615384615385
1790233259,8,POST,completion,0.100000,0.000000,49000,49000,49000,49000,49000,49000,49000,49000,49000,49000,49000,36,0,46000,46287.56503991705,3647.4979480262846,57576.02692209184,124.44444444444444
1790233259,8,TPOT,completion,0.100000,0.000000,360,360,360,360,360,360,360,360,360,360,360,35,0,340,342.14347241979607,271.77344470864205,422.72534438658244,0.0
1790233259,8,TTFT,completion,0.100000,0.000000,3400,3400,3400,3400,3400,3400,3400,3400,3400,3400,3400,36,0,3600,4041.7416366593293,3308.008802123368,6832.11935008876,0.0
1790233259,8,,Aggregated,0.300000,0.000000,3400,3400,48000,48000,49000,49000,49000,49000,49000,49000,49000,107,0,3600,17045.140765340584,271.77344470864205,57576.02692209184,41.86915887850467
1790233260,8,POST,completion,0.100000,0.000000,49000,49000,49000,49000,49000,49000,49000,49000,49000,49000,49000,36,0,46000,46287.56503991705,3647.4979480262846,57576.02692209184,124.44444444444444
1790233260,8,TPOT,completion,0.100000,0.000000,360,360,360,360,360,360,360,360,360,360,360,35,0,340,342.14347241979607,271.77344470864205,422.72534438658244,0.0
1790233260,8,TTFT,completion,0.100000,0.000000,3400,3400,3400,3400,3400,3400,3400,3400,3400,3400,3400,36,0,3600,4041.7416366593293,3308.008802123368,6832.11935008876,0.0
1790233260,8,,Aggregated,0.300000,0.000000,3400,3400,48000,48000,49000,49000,49000,49000,49000,49000,49000,107,0,3600,17045.140765340584,271.77344470864205,57576.02692209184,41.86915887850467
1790233261,8,POST,completion,0.100000,0.000000,49000,49000,49000,49000,49000,49000,49000,49000,49000,49000,49000,36,0,46000,46287.56503991705,3647.4979480262846,57576.02692209184,124.44444444444444
1790233261,8,TPOT,completion,0.100000,0.000000,360,360,360,360,360,360,360,360,360,360,360,35,0,340,342.14347241979607,271.77344470864205,422.72534438658244,0.0
1790233261,8,TTFT,completion,0.100000,0.000000,3400,3400,3400,3400,3400,3400,3400,3400,3400,3400,3400,36,0,3600,4041.7416366593293,3308.008802123368,6832.11935008876,0.0
1790233261,8,,Aggregated,0.300000,0.000000,3400,3400,48000,48000,49000,49000,49000,49000,49000,49000,49000,107,0,3600,17045.140765340584,271.77344470864205,57576.02692209184,41.86915887850467
1790233262,8,POST,completion,0.100000,0.000000,49000,49000,49000,49000,49000,49000,49000,49000,49000,49000,49000,36,0,46000,46287.56503991705,3647.4979480262846,57576.02692209184,124.44444444444444
1790233262,8,TPOT,completion,0.100000,0.000000,360,360,360,360,360,360,360,360,360,360,360,35,0,340,342.14347241979607,271.77344470864205,422.72534438658244,0.0
1790233262,8,TTFT,completion,0.100000,0.000000,3400,3400,3400,3400,3400,3400,3400,3400,3400,3400,3400,36,0,3600,4041.7416366593293,3308.008802123368,6832.11935008876,0.0
1790233262,8,,Aggregated,0.300000,0.000000,3400,3400,48000,48000,49000,49000,49000,49000,49000,49000,49000,107,0,3600,17045.140765340584,271.77344470864205,57576.02692209184,41.86915887850467
1790233263,8,POST,completion,0.100000,0.000000,49000,49000,49000,49000,49000,49000,49000,49000,49000,49000,49000,36,0,46000,46287.56503991705,3647.4979480262846,57576.02692209184,124.44444444444444
1790233263,8,TPOT,completion,0.100000,0.000000,360,360,360,360,360,360,360,360,360,360,360,35,0,340,342.14347241979607,271.77344470864205,422.72534438658244,0.0
1790233263,8,TTFT,completion,0.100000,0.000000,3400,3400,3400,3400,3400,3400,3400,3400,3400,3400,3400,36,0,3600,4041.7416366593293,3308.008802123368,6832.11935008876,0.0
1790233263,8,,Aggregated,0.300000,0.000000,3400,3400,48000,48000,49000,49000,49000,49000,49000,49000,49000,107,0,3600,17045.140765340584,271.77344470864205,57576.02692209184,41.86915887850467
1790233264,8,POST,completion,0.100000,0.000000,49000,49000,49000,49000,49000,49000,49000,49000,49000,49000,49000,36,0,46000,46287.56503991705,3647.4979480262846,57576.02692209184,124.44444444444444
1790233264,8,TPOT,completion,0.100000,0.000000,360,360,360,360,360,360,360,360,360,360,360,35,0,340,342.14347241979607,271.77344470864205,422.72534438658244,0.0
1790233264,8,TTFT,completion,0.100000,0.000000,3400,3400,3400,3400,3400,3400,3400,3400,3400,3400,3400,36,0,3600,4041.7416366593293,3308.008802123368,6832.11935008876,0.0
1790233264,8,,Aggregated,0.300000,0.000000,3400,3400,48000,48000,49000,49000,49000,49000,49000,49000,49000,107,0,3600,17045.140765340584,271.77344470864205,57576.02692209184,41.86915887850467
1790233265,8,POST,completion,0.200000,0.000000,49000,49000,49000,49000,49000,49000,49000,49000,49000,49000,49000,37,0,46000,46369.25144056865,3647.4979480262846,57576.02692209184,124.54054054054055
1790233265,8,TPOT,completion,0.200000,0.000000,360,360,360,360,360,360,360,360,360,360,360,36,0,340,342.6687912169615,271.77344470864205,422.72534438658244,0.0
1790233265,8,TTFT,completion,0.200000,0.000000,3400,3400,3500,3500,3500,3500,3500,3500,3500,3500,3500,37,0,3600,4025.896298913033,3308.008802123368,6832.11935008876,0.0
1790233265,8,,Aggregated,0.600000,0.000000,3400,3500,48000,49000,49000,49000,49000,49000,49000,49000,49000,110,0,3600,17063.24129858757,271.77344470864205,57576.02692209184,41.89090909090909
1790233266,8,POST,completion,0.200000,0.000000,49000,49000,49000,49000,49000,49000,49000,49000,49000,49000,49000,37,0,46000,46369.25144056865,3647.4979480262846,57576.02692209184,124.54054054054055
1790233266,8,TPOT,completion,0.200000,0.000000,360,360,360,360,360,360,360,360,360,360,360,36,0,340,342.6687912169615,271.77344470864205,422.72534438658244,0.0
1790233266,8,TTFT,completion,0.200000,0.000000,3400,3400,3500,3500,3500,3500,3500,3500,3500,3500,3500,37,0,3600,4025.896298913033,3308.008802123368,6832.11935008876,0.0
1790233266,8,,Aggregated,0.600000,0.000000,3400,3500,48000,49000,49000,49000,49000,49000,49000,49000,49000,110,0,3600,17063.24129858757,271.77344470864205,57576.02692209184,41.89090909090909
1790233267,8,POST,completion,0.200000,0.000000,49000,49000,49000,49000,49000,49000,49000,49000,49000,49000,49000,37,0,46000,46369.25144056865,3647.4979480262846,57576.02692209184,124.54054054054055
1790233267,8,TPOT,completion,0.200000,0.000000,360,360,360,360,360,360,360,360,360,360,360,36,0,340,342.6687912169615,271.77344470864205,422.72534438658244,0.0
1790233267,8,TTFT,completion,0.200000,0.000000,3500,3500,3500,3500,3500,3500,3500,3500,3500,3500,3500,37,0,3600,4025.896298913033,3308.008802123368,6832.11935008876,0.0
1790233267,8,,Aggregated,0.600000,0.000000,3500,3500,48000,48000,49000,49000,49000,49000,49000,49000,49000,110,0,3600,17063.24129858757,271.77344470864205,57576.02692209184,41.89090909090909
1790233268,8,POST,completion,0.200000,0.000000,49000,49000,49000,49000,49000,49000,49000,49000,49000,49000,49000,37,0,46000,46369.25144056865,3647.4979480262846,57576.02692209184,124.54054054054055
1790233268,8,TPOT,completion,0.200000,0.000000,360,360,360,360,360,360,360,360,360,360,360,36,0,340,342.6687912169615,271.77344470864205,422.72534438658244,0.0
1790233268,8,TTFT,completion,0.200000,0.000000,3500,3500,3500,3500,3500,3500,3500,3500,3500,3500,3500,37,0,3600,4025.896298913033,3308.008802123368,6832.11935008876,0.0
1790233268,8,,Aggregated,0.600000,0.000000,3500,3500,48000,48000,49000,49000,49000,49000,49000,49000,49000,110,0,3600,17063.24129858757,271.77344470864205,57576.02692209184,41.89090909090909
1790233269,8,POST,completion,0.200000,0.000000,49000,49000,49000,49000,49000,49000,49000,49000,49000,49000,49000,37,0,46000,46369.25144056865,3647.4979480262846,57576.02692209184,124.54054054054055
1790233269,8,TPOT,completion,0.200000,0.000000,360,360,360,360,360,360,360,360,360,360,360,36,0,340,342.6687912169615,271.77344470864205,422.72534438658244,0.0
1790233269,8,TTFT,completion,0.200000,0.000000,3500,3500,3500,3500,3500,3500,3500,3500,3500,3500,3500,37,0,3600,4025.896298913033,3308.008802123368,6832.11935008876,0.0
1790233269,8,,Aggregated,0.600000,0.000000,3500,3500,48000,48000,49000,49000,49000,49000,49000,49000,49000,110,0,3600,17063.24129858757,271.77344470864205,57576.02692209184,41.89090909090909
1790233270,8,POST,completion,0.200000,0.000000,49000,49000,49000,49000,49000,49000,49000,49000,49000,49000,49000,37,0,46000,46369.25144056865,3647.4979480262846,57576.02692209184,124.54054054054055
1790233270,8,TPOT,completion,0.200000,0.000000,360,360,360,360,360,360,360,360,360,360,360,36,0,340,342.6687912169615,271.77344470864205,422.72534438658244,0.0
1790233270,8,TTFT,completion,0.200000,0.000000,3500,3500,3500,3500,3500,3500,3500,3500,3500,3500,3500,37,0,3600,4025.896298913033,3308.008802123368,6832.11935008876,0.0
1790233270,8,,Aggregated,0.600000,0.000000,3500,3500,48000,48000,49000,49000,49000,49000,49000,49000,49000,110,0,3600,17063.24129858757,271.77344470864205,57576.02692209184,41.89090909090909
1790233271,8,POST,completion,0.200000,0.000000,49000,49000,49000,49000,49000,49000,49000,49000,49000,49000,49000,37,0,46000,46369.25144056865,3647.4979480262846,57576.02692209184,124.54054054054055
1790233271,8,TPOT,completion,0.200000,0.000000,360,360,360,360,360,360,360,360,360,360,360,36,0,340,342.6687912169615,271.77344470864205,422.72534438658244,0.0
1790233271,8,TTFT,completion,0.200000,0.000000,3500,3500,3500,3500,3500,3500,3500,3500,3500,3500,3500,37,0,3600,4025.896298913033,3308.008802123368,6832.11935008876,0.0
1790233271,8,,Aggregated,0.600000,0.000000,3500,3500,48000,48000,49000,49000,49000,49000,49000,49000,49000,110,0,3600,17063.24129858757,271.77344470864205,57576.02692209184,41.89090909090909
1790233272,8,POST,completion,0.200000,0.000000,49000,49000,49000,49000,49000,49000,49000,49000,49000,49000,49000,37,0,46000,46369.25144056865,3647.4979480262846,57576.02692209184,124.54054054054055
1790233272,8,TPOT,completion,0.200000,0.000000,360,360,360,360,360,360,360,360,360,360,360,36,0,340,342.6687912169615,271.77344470864205,422.72534438658244,0.0
1790233272,8,TTFT,completion,0.200000,0.000000,3500,3500,3500,3500,3500,3500,3500,3500,3500,3500,3500,37,0,3600,4025.896298913033,3308.008802123368,6832.11935008876,0.0
1790233272,8,,Aggregated,0.600000,0.000000,3500,3500,49000,49000,49000,49000,49000,49000,49000,49000,49000,110,0,3600,17063.24129858757,271.77344470864205,57576.02692209184,41.89090909090909
1790233273,8,POST,completion,0.200000,0.000000,49000,49000,49000,49000,49000,49000,49000,49000,49000,49000,49000,37,0,46000,46369.25144056865,3647.4979480262846,57576.02692209184,124.54054054054055
1790233273,8,TPOT,completion,0.200000,0.000000,360,360,360,360,360,360,360,360,360,360,360,36,0,340,342.6687912169615,271.77344470864205,422.72534438658244,0.0
1790233273,8,TTFT,completion,0.200000,0.000000,3500,3500,3500,3500,3500,3500,3500,3500,3500,3500,3500,37,0,3600,4025.896298913033,3308.008802123368,6832.11935008876,0.0
1790233273,8,,Aggregated,0.600000,0.000000,3500,3500,49000,49000,49000,49000,49000,49000,49000,49000,49000,110,0,3600,17063.24129858757,271.77344470864205,57576.02692209184,41.89090909090909
1790233275,8,POST,completion,0.200000,0.000000,49000,49000,49000,49000,49000,49000,49000,49000,49000,49000,49000,37,0,46000,46369.25144056865,3647.4979480262846,57576.02692209184,124.54054054054055
1790233275,8,TPOT,completion,0.200000,0.000000,360,360,360,360,360,360,360,360,360,360,360,36,0,340,342.6687912169615,271.77344470864205,422.72534438658244,0.0
1790233275,8,TTFT,completion,0.200000,0.000000,3500,3500,3500,3500,3500,3500,3500,3500,3500,3500,3500,37,0,3600,4025.896298913033,3308.008802123368,6832.11935008876,0.0
1790233275,8,,Aggregated,0.600000,0.000000,3500,3500,49000,49000,49000,49000,49000,49000,49000,49000,49000,110,0,3600,17063.24129858757,271.77344470864205,57576.02692209184,41.89090909090909
1790233276,8,POST,completion,0.200000,0.000000,49000,49000,49000,49000,49000,49000,49000,49000,49000,49000,49000,37,0,46000,46369.25144056865,3647.4979480262846,57576.02692209184,124.54054054054055
1790233276,8,TPOT,completion,0.200000,0.000000,360,360,360,360,360,360,360,360,360,360,360,36,0,340,342.6687912169615,271.77344470864205,422.72534438658244,0.0
1790233276,8,TTFT,completion,0.200000,0.000000,3500,3500,3500,3500,3500,3500,3500,3500,3500,3500,3500,37,0,3600,4025.896298913033,3308.008802123368,6832.11935008876,0.0
1790233276,8,,Aggregated,0.600000,0.000000,3500,3500,49000,49000,49000,49000,49000,49000,49000,49000,49000,110,0,3600,17063.24129858757,271.77344470864205,57576.02692209184,41.89090909090909
1790233277,8,POST,completion,0.100000,0.000000,70000,70000,70000,70000,70000,70000,70000,70000,70000,70000,70000,38,0,46000,46998.1514010272,3647.4979480262846,70267.44993799366,124.63157894736842
1790233277,8,TPOT,completion,0.100000,0.000000,530,530,530,530,530,530,530,530,530,530,530,37,0,340,347.60470013490936,271.77344470864205,525.2974211810318,0.0
1790233277,8,TTFT,completion,0.100000,0.000000,3600,3600,3600,3600,3600,3600,3600,3600,3600,3600,3600,38,0,3600,4013.480057155615,3308.008802123368,6832.11935008876,0.0
1790233277,8,,Aggregated,0.300000,0.000000,3600,3600,49000,49000,70000,70000,70000,70000,70000,70000,70000,113,0,3600,17268.171409875566,271.77344470864205,70267.44993799366,41.91150442477876
1790233278,8,POST,completion,0.100000,0.000000,68000,68000,70000,70000,70000,70000,70000,70000,70000,70000,70000,39,0,46000,47528.284626666646,3647.4979480262846,70267.44993799366,124.71794871794872
1790233278,8,TPOT,completion,0.100000,0.000000,500,500,530,530,530,530,530,530,530,530,530,38,0,340,351.72345429545805,271.77344470864205,525.2974211810318,0.0
1790233278,8,TTFT,completion,0.100000,0.000000,3600,3600,3600,3600,3600,3600,3600,3600,3600,3600,3600,39,0,3600,4004.1553464849503,3308.008802123368,6832.11935008876,0.0
1790233278,8,,Aggregated,0.300000,0.000000,3600,3600,49000,68000,70000,70000,70000,70000,70000,70000,70000,116,0,3600,17440.781467380515,271.77344470864205,70267.44993799366,41.93103448275862
1790233279,8,POST,completion,0.100000,0.000000,68000,68000,70000,70000,70000,70000,70000,70000,70000,70000,70000,39,0,46000,47528.284626666646,3647.4979480262846,70267.44993799366,124.71794871794872
1790233279,8,TPOT,completion,0.100000,0.000000,500,500,530,530,530,530,530,530,530,530,530,38,0,340,351.72345429545805,271.77344470864205,525.2974211810318,0.0
1790233279,8,TTFT,completion,0.100000,0.000000,3600,3600,3600,3600,3600,3600,3600,3600,3600,3600,3600,39,0,3600,4004.1553464849503,3308.008802123368,6832.11935008876,0.0
1790233279,8,,Aggregated,0.300000,0.000000,3600,3600,49000,68000,70000,70000,70000,70000,70000,70000,70000,116,0,3600,17440.781467380515,271.77344470864205,70267.44993799366,41.93103448275862
1790233280,8,POST,completion,0.100000,0.000000,70000,70000,70000,70000,70000,70000,70000,70000,70000,70000,70000,39,0,46000,47528.284626666646,3647.4979480262846,70267.44993799366,124.71794871794872
1790233280,8,TPOT,completion,0.100000,0.000000,530,530,530,530,530,530,530,530,530,530,530,38,0,340,351.72345429545805,271.77344470864205,525.2974211810318,0.0
1790233280,8,TTFT,completion,0.100000,0.000000,3600,3600,3600,3600,3600,3600,3600,3600,3600,3600,3600,39,0,3600,4004.1553464849503,3308.008802123368,6832.11935008876,0.0
1790233280,8,,Aggregated,0.300000,0.000000,3600,3600,68000,68000,70000,70000,70000,70000,70000,70000,70000,116,0,3600,17440.781467380515,271.77344470864205,70267.44993799366,41.93103448275862
1790233281,8,POST,completion,0.100000,0.000000,70000,70000,70000,70000,70000,70000,70000,70000,70000,70000,70000,39,0,46000,47528.284626666646,3647.4979480262846,70267.44993799366,124.71794871794872
1790233281,8,TPOT,completion,0.100000,0.000000,530,530,530,530,530,530,530,530,530,530,530,38,0,340,351.72345429545805,271.77344470864205,525.2974211810318,0.0
1790233281,8,TTFT,completion,0.100000,0.000000,3600,3600,3600,3600,3600,3600,3600,3600,3600,3600,3600,39,0,3600,4004.1553464849503,3308.008802123368,6832.11935008876,0.0
1790233281,8,,Aggregated,0.300000,0.000000,3600,3600,68000,68000,70000,70000,70000,70000,70000,70000,70000,116,0,3600,17440.781467380515,271.77344470864205,70267.44993799366,41.93103448275862
1790233282,8,POST,completion,0.100000,0.000000,70000,70000,70000,70000,70000,70000,70000,70000,70000,70000,70000,39,0,46000,47528.284626666646,3647.4979480262846,70267.44993799366,124.71794871794872
1790233282,8,TPOT,completion,0.100000,0.000000,530,530,530,530,530,530,530,530,530,530,530,38,0,340,351.72345429545805,271.77344470864205,525.2974211810318,0.0
1790233282,8,TTFT,completion,0.100000,0.000000,3600,3600,3600,3600,3600,3600,3600,3600,3600,3600,3600,39,0,3600,4004.1553464849503,3308.008802123368,6832.11935008876,0.0
1790233282,8,,Aggregated,0.300000,0.000000,3600,3600,68000,68000,70000,70000,70000,70000,70000,70000,70000,116,0,3600,17440.781467380515,271.77344470864205,70267.44993799366,41.93103448275862
1790233283,8,POST,completion,0.200000,0.000000,69000,69000,70000,70000,70000,70000,70000,70000,70000,70000,70000,40,0,46000,48053.71721157571,3647.4979480262846,70267.44993799366,124.8
1790233283,8,TPOT,completion,0.200000,0.000000,510,510,530,530,530,530,530,530,530,530,530,39,0,340,355.81749231956394,271.77344470864205,525.2974211810318,0.0
1790233283,8,TTFT,completion,0.200000,0.000000,3600,3600,3600,3600,3600,3600,3600,3600,3600,3600,3600,40,0,3600,3994.008033099817,3308.008802123368,6832.11935008876,0.0
1790233283,8,,Aggregated,0.600000,0.000000,3600,3600,68000,69000,70000,70000,70000,70000,70000,70000,70000,119,0,3600,17611.64615115533,271.77344470864205,70267.44993799366,41.94957983193277
1790233284,8,POST,completion,0.200000,0.000000,69000,69000,70000,70000,70000,70000,70000,70000,70000,70000,70000,40,0,46000,48053.71721157571,3647.4979480262846,70267.44993799366,124.8
1790233284,8,TPOT,completion,0.200000,0.000000,510,510,530,530,530,530,530,530,530,530,530,39,0,340,355.81749231956394,271.77344470864205,525.2974211810318,0.0
1790233284,8,TTFT,completion,0.200000,0.000000,3600,3600,3600,3600,3600,3600,3600,3600,3600,3600,3600,40,0,3600,3994.008033099817,3308.008802123368,6832.11935008876,0.0
1790233284,8,,Aggregated,0.600000,0.000000,3600,3600,68000,69000,70000,70000,70000,70000,70000,70000,70000,119,0,3600,17611.64615115533,271.77344470864205,70267.44993799366,41.94957983193277
1790233285,8,POST,completion,0.200000,0.000000,69000,69000,70000,70000,70000,70000,70000,70000,70000,70000,70000,40,0,46000,48053.71721157571,3647.4979480262846,70267.44993799366,124.8
1790233285,8,TPOT,completion,0.200000,0.000000,510,510,530,530,530,530,530,530,530,530,530,39,0,340,355.81749231956394,271.77344470864205,525.2974211810318,0.0
1790233285,8,TTFT,completion,0.200000,0.000000,3600,3600,3600,3600,3600,3600,3600,3600,3600,3600,3600,40,0,3600,3994.008033099817,3308.008802123368,6832.11935008876,0.0
1790233285,8,,Aggregated,0.600000,0.000000,3600,3600,68000,69000,70000,70000,70000,70000,70000,70000,70000,119,0,3600,17611.64615115533,271.77344470864205,70267.44993799366,41.94957983193277
1790233286,8,POST,completion,0.200000,0.000000,69000,69000,69000,69000,69000,69000,69000,69000,69000,69000,69000,40,0,46000,48053.71721157571,3647.4979480262846,70267.44993799366,124.8
1790233286,8,TPOT,completion,0.200000,0.000000,510,510,510,510,510,510,510,510,510,510,510,39,0,340,355.81749231956394,271.77344470864205,525.2974211810318,0.0
1790233286,8,TTFT,completion,0.200000,0.000000,3600,3600,3600,3600,3600,3600,3600,3600,3600,3600,3600,40,0,3600,3994.008033099817,3308.008802123368,6832.11935008876,0.0
1790233286,8,,Aggregated,0.600000,0.000000,3600,3600,68000,68000,69000,69000,69000,69000,69000,69000,69000,119,0,3600,17611.64615115533,271.77344470864205,70267.44993799366,41.94957983193277
1790233287,8,POST,completion,0.200000,0.000000,69000,69000,69000,69000,69000,69000,69000,69000,69000,69000,69000,40,0,46000,48053.71721157571,3647.4979480262846,70267.44993799366,124.8
1790233287,8,TPOT,completion,0.200000,0.000000,510,510,510,510,510,510,510,510,510,510,510,39,0,340,355.81749231956394,271.77344470864205,525.2974211810318,0.0
1790233287,8,TTFT,completion,0.200000,0.000000,3600,3600,3600,3600,3600,3600,3600,3600,3600,3600,3600,40,0,3600,3994.008033099817,3308.008802123368,6832.11935008876,0.0
1790233287,8,,Aggregated,0.600000,0.000000,3600,3600,68000,68000,69000,69000,69000,69000,69000,69000,69000,119,0,3600,17611.64615115533,271.77344470864205,70267.44993799366,41.94957983193277
1790233288,8,POST,completion,0.200000,0.000000,69000,69000,69000,69000,69000,69000,69000,69000,69000,69000,69000,40,0,46000,48053.71721157571,3647.4979480262846,70267.44993799366,124.8
1790233288,8,TPOT,completion,0.200000,0.000000,510,510,510,510,510,510,510,510,510,510,510,39,0,340,355.81749231956394,271.77344470864205,525.2974211810318,0.0
1790233288,8,TTFT,completion,0.200000,0.000000,3600,3600,3600,3600,3600,3600,3600,3600,3600,3600,3600,40,0,3600,3994.008033099817,3308.008802123368,6832.11935008876,0.0
1790233288,8,,Aggregated,0.600000,0.000000,3600,3600,68000,68000,69000,69000,69000,69000,69000,69000,69000,119,0,3600,17611.64615115533,271.77344470864205,70267.44993799366,41.94957983193277
1790233289,8,POST,completion,0.200000,0.000000,69000,69000,69000,69000,69000,69000,69000,69000,69000,69000,69000,40,0,46000,48053.71721157571,3647.4979480262846,70267.44993799366,124.8
1790233289,8,TPOT,completion,0.200000,0.000000,510,510,510,510,510,510,510,510,510,510,510,39,0,340,355.81749231956394,271.77344470864205,525.2974211810318,0.0
1790233289,8,TTFT,completion,0.200000,0.000000,3600,3600,3600,3600,3600,3600,3600,3600,3600,3600,3600,40,0,3600,3994.008033099817,3308.008802123368,6832.11935008876,0.0
1790233289,8,,Aggregated,0.600000,0.000000,3600,3600,69000,69000,69000,69000,69000,69000,69000,69000,69000,119,0,3600,17611.64615115533,271.77344470864205,70267.44993799366,41.94957983193277
1790233290,8,POST,completion,0.200000,0.000000,69000,69000,69000,69000,69000,69000,69000,69000,69000,69000,69000,40,0,46000,48053.71721157571,3647.4979480262846,70267.44993799366,124.8
1790233290,8,TPOT,completion,0.200000,0.000000,510,510,510,510,510,510,510,510,510,510,510,39,0,340,355.81749231956394,271.77344470864205,525.2974211810318,0.0
1790233290,8,TTFT,completion,0.200000,0.000000,3600,3600,3600,3600,3600,3600,3600,3600,3600,3600,3600,40,0,3600,3994.008033099817,3308.008802123368,6832.11935008876,0.0
1790233290,8,,Aggregated,0.600000,0.000000,3600,3600,69000,69000,69000,69000,69000,69000,69000,69000,69000,119,0,3600,17611.64615115533,271.77344470864205,70267.44993799366,41.94957983193277
1790233291,8,POST,completion,0.200000,0.000000,69000,69000,69000,69000,69000,69000,69000,69000,69000,69000,69000,40,0,46000,48053.71721157571,3647.4979480262846,70267.44993799366,124.8
1790233291,8,TPOT,completion,0.200000,0.000000,510,510,510,510,510,510,510,510,510,510,510,39,0,340,355.81749231956394,271.77344470864205,525.2974211810318,0.0
1790233291,8,TTFT,completion,0.200000,0.000000,3600,3600,3600,3600,3600,3600,3600,3600,3600,3600,3600,40,0,3600,3994.008033099817,3308.008802123368,6832.11935008876,0.0
1790233291,8,,Aggregated,0.600000,0.000000,3600,3600,69000,69000,69000,69000,69000,69000,69000,69000,69000,119,0,3600,17611.64615115533,271.77344470864205,70267.44993799366,41.94957983193277
1790233292,8,POST,completion,0.200000,0.000000,69000,69000,69000,69000,69000,69000,69000,69000,69000,69000,69000,40,0,46000,48053.71721157571,3647.4979480262846,70267.44993799366,124.8
1790233292,8,TPOT,completion,0.200000,0.000000,510,510,510,510,510,510,510,510,510,510,510,39,0,340,355.81749231956394,271.77344470864205,525.2974211810318,0.0
1790233292,8,TTFT,completion,0.200000,0.000000,3600,3600,3600,3600,3600,3600,3600,3600,3600,3600,3600,40,0,3600,3994.008033099817,3308.008802123368,6832.11935008876,0.0
1790233292,8,,Aggregated,0.600000,0.000000,3600,3600,69000,69000,69000,69000,69000,69000,69000,69000,69000,119,0,3600,17611.64615115533,271.77344470864205,70267.44993799366,41.94957983193277
1790233293,8,POST,completion,0.100000,0.000000,69000,69000,69000,69000,69000,69000,69000,69000,69000,69000,69000,41,0,46000,48132.6255615369,3647.4979480262846,70267.44993799366,124.8780487804878
1790233293,8,TPOT,completion,0.100000,0.000000,510,510,510,510,510,510,510,510,510,510,510,40,0,340,356.34134862261214,271.77344470864205,525.2974211810318,0.0
1790233293,8,TTFT,completion,0.100000,0.000000,3600,3600,3600,3600,3600,3600,3600,3600,3600,3600,3600,41,0,3600,3980.462611533656,3308.008802123368,6832.11935008876,0.0
1790233293,8,,Aggregated,0.300000,0.000000,3600,3600,51000,51000,69000,69000,69000,69000,69000,69000,69000,122,0,3600,17630.248106891784,271.77344470864205,70267.44993799366,41.967213114754095
1790233294,8,POST,completion,0.100000,0.000000,69000,69000,69000,69000,69000,69000,69000,69000,69000,69000,69000,41,0,46000,48132.6255615369,3647.4979480262846,70267.44993799366,124.8780487804878
1790233294,8,TPOT,completion,0.100000,0.000000,510,510,510,510,510,510,510,510,510,510,510,40,0,340,356.34134862261214,271.77344470864205,525.2974211810318,0.0
1790233294,8,TTFT,completion,0.100000,0.000000,3600,3600,3600,3600,3600,3600,3600,3600,3600,3600,3600,41,0,3600,3980.462611533656,3308.008802123368,6832.11935008876,0.0
1790233294,8,,Aggregated,0.300000,0.000000,3600,3600,51000,51000,69000,69000,69000,69000,69000,69000,69000,122,0,3600,17630.248106891784,271.77344470864205,70267.44993799366,41.967213114754095
1790233295,8,POST,completion,0.100000,0.000000,69000,69000,69000,69000,69000,69000,69000,69000,69000,69000,69000,41,0,46000,48132.6255615369,3647.4979480262846,70267.44993799366,124.8780487804878
1790233295,8,TPOT,completion,0.100000,0.000000,510,510,510,510,510,510,510,510,510,510,510,40,0,340,356.34134862261214,271.77344470864205,525.2974211810318,0.0
1790233295,8,TTFT,completion,0.100000,0.000000,3600,3600,3600,3600,3600,3600,3600,3600,3600,3600,3600,41,0,3600,3980.462611533656,3308.008802123368,6832.11935008876,0.0
1790233295,8,,Aggregated,0.300000,0.000000,3600,3600,51000,51000,69000,69000,69000,69000,69000,69000,69000,122,0,3600,17630.248106891784,271.77344470864205,70267.44993799366,41.967213114754095
1790233296,8,POST,completion,0.100000,0.000000,69000,69000,69000,69000,69000,69000,69000,69000,69000,69000,69000,41,0,46000,48132.6255615369,3647.4979480262846,70267.44993799366,124.8780487804878
1790233296,8,TPOT,completion,0.100000,0.000000,510,510,510,510,510,510,510,510,510,510,510,40,0,340,356.34134862261214,271.77344470864205,525.2974211810318,0.0
1790233296,8,TTFT,completion,0.100000,0.000000,3600,3600,3600,3600,3600,3600,3600,3600,3600,3600,3600,41,0,3600,3980.462611533656,3308.008802123368,6832.11935008876,0.0
1790233296,8,,Aggregated,0.300000,0.000000,3600,3600,51000,51000,69000,69000,69000,69000,69000,69000,69000,122,0,3600,17630.248106891784,271.77344470864205,70267.44993799366,41.967213114754095
1790233297,8,POST,completion,0.100000,0.000000,69000,69000,69000,69000,69000,69000,69000,69000,69000,69000,69000,42,0,47000,48619.59726699916,3647.4979480262846,70267.44993799366,124.95238095238095
1790233297,8,TPOT,completion,0.100000,0.000000,510,510,510,510,510,510,510,510,510,510,510,41,0,340,360.11924331569384,271.77344470864205,525.2974211810318,0.0
1790233297,8,TTFT,completion,0.100000,0.000000,3700,3700,3700,3700,3700,3700,3700,3700,3700,3700,3700,42,0,3600,3972.782490425743,3308.008802123368,6832.11935008876,0.0
1790233297,8,,Aggregated,0.300000,0.000000,3700,3700,51000,51000,69000,69000,69000,69000,69000,69000,69000,125,0,3600,17789.15871030232,271.77344470864205,70267.44993799366,41.984
1790233298,8,POST,completion,0.100000,0.000000,69000,69000,69000,69000,69000,69000,69000,69000,69000,69000,69000,42,0,47000,48619.59726699916,3647.4979480262846,70267.44993799366,124.95238095238095
1790233298,8,TPOT,completion,0.100000,0.000000,510,510,510,510,510,510,510,510,510,510,510,41,0,340,360.11924331569384,271.77344470864205,525.2974211810318,0.0
1790233298,8,TTFT,completion,0.100000,0.000000,3700,3700,3700,3700,3700,3700,3700,3700,3700,3700,3700,42,0,3600,3972.782490425743,3308.008802123368,6832.11935008876,0.0
1790233298,8,,Aggregated,0.300000,0.000000,3700,3700,51000,51000,69000,69000,69000,69000,69000,69000,69000,125,0,3600,17789.15871030232,271.77344470864205,70267.44993799366,41.984
1790233299,8,POST,completion,0.100000,0.000000,69000,69000,69000,69000,69000,69000,69000,69000,69000,69000,69000,42,0,47000,48619.59726699916,3647.4979480262846,70267.44993799366,124.95238095238095
1790233299,8,TPOT,completion,0.100000,0.000000,510,510,510,510,510,510,510,510,510,510,510,41,0,340,360.11924331569384,271.77344470864205,525.2974211810318,0.0
1790233299,8,TTFT,completion,0.100000,0.000000,3700,3700,3700,3700,3700,3700,3700,3700,3700,3700,3700,42,0,3600,3972.782490425743,3308.008802123368,6832.11935008876,0.0
1790233299,8,,Aggregated,0.300000,0.000000,3700,3700,51000,51000,69000,69000,69000,69000,69000,69000,69000,125,0,3600,17789.15871030232,271.77344470864205,70267.44993799366,41.984
1790233300,8,POST,completion,0.100000,0.000000,69000,69000,69000,69000,69000,69000,69000,69000,69000,69000,69000,42,0,47000,48619.59726699916,3647.4979480262846,70267.44993799366,124.95238095238095
1790233300,8,TPOT,completion,0.100000,0.000000,510,510,510,510,510,510,510,510,510,510,510,41,0,340,360.11924331569384,271.77344470864205,525.2974211810318,0.0
1790233300,8,TTFT,completion,0.100000,0.000000,3700,3700,3700,3700,3700,3700,3700,3700,3700,3700,3700,42,0,3600,3972.782490425743,3308.008802123368,6832.11935008876,0.0
1790233300,8,,Aggregated,0.300000,0.000000,3700,3700,51000,51000,69000,69000,69000,69000,69000,69000,69000,125,0,3600,17789.15871030232,271.77344470864205,70267.44993799366,41.984
