Timestamp,User Count,Type,Name,Requests/s,Failures/s,50%,66%,75%,80%,90%,95%,98%,99%,99.9%,99.99%,100%,Total Request Count,Total Failure Count,Total Median Response Time,Total Average Response Time,Total Min Response Time,Total Max Response Time,Total Average Content Size
1790154497,0,,Aggregated,0.000000,0.000000,N/A,N/A,N/A,N/A,N/A,N/A,N/A,N/A,N/A,N/A,N/A,0,0,0,0.0,0,0,0
1790154498,1,,Aggregated,0.000000,0.000000,N/A,N/A,N/A,N/A,N/A,N/A,N/A,N/A,N/A,N/A,N/A,0,0,0,0.0,0,0,0
1790154499,2,,Aggregated,0.000000,0.000000,N/A,N/A,N/A,N/A,N/A,N/A,N/A,N/A,N/A,N/A,N/A,0,0,0,0.0,0,0,0
1790154500,3,,Aggregated,0.000000,0.000000,N/A,N/A,N/A,N/A,N/A,N/A,N/A,N/A,N/A,N/A,N/A,0,0,0,0.0,0,0,0
1790154501,4,,Aggregated,0.000000,0.000000,N/A,N/A,N/A,N/A,N/A,N/A,N/A,N/A,N/A,N/A,N/A,0,0,0,0.0,0,0,0
1790154502,4,,Aggregated,0.000000,0.000000,N/A,N/A,N/A,N/A,N/A,N/A,N/A,N/A,N/A,N/A,N/A,0,0,0,0.0,0,0,0
1790154503,4,,Aggregated,0.000000,0.000000,N/A,N/A,N/A,N/A,N/A,N/A,N/A,N/A,N/A,N/A,N/A,0,0,0,0.0,0,0,0
1790154504,4,,Aggregated,0.000000,0.000000,N/A,N/A,N/A,N/A,N/A,N/A,N/A,N/A,N/A,N/A,N/A,0,0,0,0.0,0,0,0
1790154505,4,,Aggregated,0.000000,0.000000,N/A,N/A,N/A,N/A,N/A,N/A,N/A,N/A,N/A,N/A,N/A,0,0,0,0.0,0,0,0
1790154506,4,,Aggregated,0.000000,0.000000,N/A,N/A,N/A,N/A,N/A,N/A,N/A,N/A,N/A,N/A,N/A,0,0,0,0.0,0,0,0
1790154507,4,,Aggregated,0.000000,0.000000,N/A,N/A,N/A,N/A,N/A,N/A,N/A,N/A,N/A,N/A,N/A,0,0,0,0.0,0,0,0
1790154508,4,,Aggregated,0.000000,0.000000,N/A,N/A,N/A,N/A,N/A,N/A,N/A,N/A,N/A,N/A,N/A,0,0,0,0.0,0,0,0
1790154509,4,,Aggregated,0.000000,0.000000,N/A,N/A,N/A,N/A,N/A,N/A,N/A,N/A,N/A,N/A,N/A,0,0,0,0.0,0,0,0
1790154510,4,,Aggregated,0.000000,0.000000,N/A,N/A,N/A,N/A,N/A,N/A,N/A,N/A,N/A,N/A,N/A,0,0,0,0.0,0,0,0
1790154511,4,,Aggregated,0.000000,0.000000,N/A,N/A,N/A,N/A,N/A,N/A,N/A,N/A,N/A,N/A,N/A,0,0,0,0.0,0,0,0
1790154512,4,,Aggregated,0.000000,0.000000,N/A,N/A,N/A,N/A,N/A,N/A,N/A,N/A,N/A,N/A,N/A,0,0,0,0.0,0,0,0
1790154513,4,,Aggregated,0.000000,0.000000,N/A,N/A,N/A,N/A,N/A,N/A,N/A,N/A,N/A,N/A,N/A,0,0,0,0.0,0,0,0
1790154514,4,,Aggregated,0.000000,0.000000,N/A,N/A,N/A,N/A,N/A,N/A,N/A,N/A,N/A,N/A,N/A,0,0,0,0.0,0,0,0
1790154515,4,,Aggregated,0.000000,0.000000,N/A,N/A,N/A,N/A,N/A,N/A,N/A,N/A,N/A,N/A,N/A,0,0,0,0.0,0,0,0
1790154516,4,,Aggregated,0.000000,0.000000,N/A,N/A,N/A,N/A,N/A,N/A,N/A,N/A,N/A,N/A,N/A,0,0,0,0.0,0,0,0
1790154517,4,,Aggregated,0.000000,0.000000,N/A,N/A,N/A,N/A,N/A,N/A,N/A,N/A,N/A,N/A,N/A,0,0,0,0.0,0,0,0
1790154518,4,,Aggregated,0.000000,0.000000,N/A,N/A,N/A,N/A,N/A,N/A,N/A,N/A,N/A,N/A,N/A,0,0,0,0.0,0,0,0
1790154519,4,,Aggregated,0.000000,0.000000,N/A,N/A,N/A,N/A,N/A,N/A,N/A,N/A,N/A,N/A,N/A,0,0,0,0.0,0,0,0
1790154520,4,,Aggregated,0.000000,0.000000,N/A,N/A,N/A,N/A,N/A,N/A,N/A,N/A,N/A,N/A,N/A,0,0,0,0.0,0,0,0
1790154521,4,,Aggregated,0.000000,0.000000,N/A,N/A,N/A,N/A,N/A,N/A,N/A,N/A,N/A,N/A,N/A,0,0,0,0.0,0,0,0
1790154522,4,,Aggregated,0.000000,0.000000,N/A,N/A,N/A,N/A,N/A,N/A,N/A,N/A,N/A,N/A,N/A,0,0,0,0.0,0,0,0
1790154523,4,,Aggregated,0.000000,0.000000,N/A,N/A,N/A,N/A,N/A,N/A,N/A,N/A,N/A,N/A,N/A,0,0,0,0.0,0,0,0
1790154524,4,POST,completion,0.000000,0.000000,0,0,0,0,0,0,0,0,0,0,0,1,0,21408.273656852543,21408.273656852543,21408.273656852543,21408.273656852543,128.0
1790154524,4,TPOT,completion,0.000000,0.000000,0,0,0,0,0,0,0,0,0,0,0,1,0,156.65765027662255,156.65765027662255,156.65765027662255,156.65765027662255,0.0
1790154524,4,TTFT,completion,0.000000,0.000000,0,0,0,0,0,0,0,0,0,0,0,1,0,1512.6907979138196,1512.6907979138196,1512.6907979138196,1512.6907979138196,0.0
1790154524,4,,Aggregated,0.000000,0.000000,0,0,0,0,0,0,0,0,0,0,0,3,0,1500,7692.540701680995,156.65765027662255,21408.273656852543,42.666666666666664
1790154525,4,POST,completion,0.000000,0.000000,0,0,0,0,0,0,0,0,0,0,0,1,0,21408.273656852543,21408.273656852543,21408.273656852543,21408.273656852543,128.0
1790154525,4,TPOT,completion,0.000000,0.000000,0,0,0,0,0,0,0,0,0,0,0,1,0,156.65765027662255,156.65765027662255,156.65765027662255,156.65765027662255,0.0
1790154525,4,TTFT,completion,0.000000,0.000000,0,0,0,0,0,0,0,0,0,0,0,1,0,1512.6907979138196,1512.6907979138196,1512.6907979138196,1512.6907979138196,0.0
1790154525,4,,Aggregated,0.000000,0.000000,0,0,0,0,0,0,0,0,0,0,0,3,0,1500,7692.540701680995,156.65765027662255,21408.273656852543,42.666666666666664
1790154526,4,POST,completion,0.000000,0.000000,21000,21000,21000,21000,21000,21000,21000,21000,21000,21000,21000,1,0,21408.273656852543,21408.273656852543,21408.273656852543,21408.273656852543,128.0
1790154526,4,TPOT,completion,0.000000,0.000000,160,160,160,160,160,160,160,160,160,160,160,1,0,156.65765027662255,156.65765027662255,156.65765027662255,156.65765027662255,0.0
1790154526,4,TTFT,completion,0.000000,0.000000,1500,1500,1500,1500,1500,1500,1500,1500,1500,1500,1500,1,0,1512.6907979138196,1512.6907979138196,1512.6907979138196,1512.6907979138196,0.0
1790154526,4,,Aggregated,0.000000,0.000000,0,0,0,0,0,0,0,0,0,0,0,3,0,1500,7692.540701680995,156.65765027662255,21408.273656852543,42.666666666666664
1790154527,4,POST,completion,0.000000,0.000000,21000,21000,21000,21000,21000,21000,21000,21000,21000,21000,21000,1,0,21408.273656852543,21408.273656852543,21408.273656852543,21408.273656852543,128.0
1790154527,4,TPOT,completion,0.000000,0.000000,160,160,160,160,160,160,160,160,160,160,160,1,0,156.65765027662255,156.65765027662255,156.65765027662255,156.65765027662255,0.0
1790154527,4,TTFT,completion,0.000000,0.000000,1500,1500,1500,1500,1500,1500,1500,1500,1500,1500,1500,1,0,1512.6907979138196,1512.6907979138196,1512.6907979138196,1512.6907979138196,0.0
1790154527,4,,Aggregated,0.000000,0.000000,0,0,0,0,0,0,0,0,0,0,0,3,0,1500,7692.540701680995,156.65765027662255,21408.273656852543,42.666666666666664
1790154528,4,POST,completion,0.000000,0.000000,21000,21000,21000,21000,21000,21000,21000,21000,21000,21000,21000,1,0,21408.273656852543,21408.273656852543,21408.273656852543,21408.273656852543,128.0
1790154528,4,TPOT,completion,0.000000,0.000000,160,160,160,160,160,160,160,160,160,160,160,1,0,156.65765027662255,156.65765027662255,156.65765027662255,156.65765027662255,0.0
1790154528,4,TTFT,completion,0.000000,0.000000,1500,1500,1500,1500,1500,1500,1500,1500,1500,1500,1500,1,0,1512.6907979138196,1512.6907979138196,1512.6907979138196,1512.6907979138196,0.0
1790154528,4,,Aggregated,0.000000,0.000000,0,0,0,0,0,0,0,0,0,0,0,3,0,1500,7692.540701680995,156.65765027662255,21408.273656852543,42.666666666666664
1790154529,4,POST,completion,0.000000,0.000000,21000,21000,21000,21000,21000,21000,21000,21000,21000,21000,21000,1,0,21408.273656852543,21408.273656852543,21408.273656852543,21408.273656852543,128.0
1790154529,4,TPOT,completion,0.000000,0.000000,160,160,160,160,160,160,160,160,160,160,160,1,0,156.65765027662255,156.65765027662255,156.65765027662255,156.65765027662255,0.0
1790154529,4,TTFT,completion,0.000000,0.000000,1500,1500,1500,1500,1500,1500,1500,1500,1500,1500,1500,1,0,1512.6907979138196,1512.6907979138196,1512.6907979138196,1512.6907979138196,0.0
1790154529,4,,Aggregated,0.000000,0.000000,0,0,0,0,0,0,0,0,0,0,0,3,0,1500,7692.540701680995,156.65765027662255,21408.273656852543,42.666666666666664
1790154530,4,POST,completion,0.000000,0.000000,21000,21000,21000,21000,21000,21000,21000,21000,21000,21000,21000,1,0,21408.273656852543,21408.273656852543,21408.273656852543,21408.273656852543,128.0
1790154530,4,TPOT,completion,0.000000,0.000000,160,160,160,160,160,160,160,160,160,160,160,1,0,156.65765027662255,156.65765027662255,156.65765027662255,156.65765027662255,0.0
1790154530,4,TTFT,completion,0.000000,0.000000,1500,1500,1500,1500,1500,1500,1500,1500,1500,1500,1500,1,0,1512.6907979138196,1512.6907979138196,1512.6907979138196,1512.6907979138196,0.0
1790154530,4,,Aggregated,0.000000,0.000000,0,0,0,0,0,0,0,0,0,0,0,3,0,1500,7692.540701680995,156.65765027662255,21408.273656852543,42.666666666666664
1790154531,4,POST,completion,0.100000,0.000000,21000,21000,21000,21000,21000,21000,21000,21000,21000,21000,21000,2,0,21000,20925.812399829738,20443.351142806932,21408.273656852543,128.0
1790154531,4,TPOT,completion,0.100000,0.000000,160,160,160,160,160,160,160,160,160,160,160,2,0,156.65765027662255,152.55980356321413,148.46195684980572,156.65765027662255,0.0
1790154531,4,TTFT,completion,0.100000,0.000000,1600,1600,1600,1600,1600,1600,1600,1600,1600,1600,1600,2,0,1588.61470897682,1550.6527534453198,1512.6907979138196,1588.61470897682,0.0
1790154531,4,,Aggregated,0.300000,0.000000,0,0,0,0,0,0,0,0,0,0,0,6,0,1600,7543.008318946092,148.46195684980572,21408.273656852543,42.666666666666664
1790154532,4,POST,completion,0.100000,0.000000,21000,21000,21000,21000,21000,21000,21000,21000,21000,21000,21000,2,0,21000,20925.812399829738,20443.351142806932,21408.273656852543,128.0
1790154532,4,TPOT,completion,0.100000,0.000000,160,160,160,160,160,160,160,160,160,160,160,2,0,156.65765027662255,152.55980356321413,148.46195684980572,156.65765027662255,0.0
1790154532,4,TTFT,completion,0.100000,0.000000,1600,1600,1600,1600,1600,1600,1600,1600,1600,1600,1600,2,0,1588.61470897682,1550.6527534453198,1512.6907979138196,1588.61470897682,0.0
1790154532,4,,Aggregated,0.300000,0.000000,1600,1600,20000,20000,20000,20000,20000,20000,20000,20000,20000,6,0,1600,7543.008318946092,148.46195684980572,21408.273656852543,42.666666666666664
1790154533,4,POST,completion,0.100000,0.000000,21000,21000,21000,21000,21000,21000,21000,21000,21000,21000,21000,2,0,21000,20925.812399829738,20443.351142806932,21408.273656852543,128.0
1790154533,4,TPOT,completion,0.100000,0.000000,160,160,160,160,160,160,160,160,160,160,160,2,0,156.65765027662255,152.55980356321413,148.46195684980572,156.65765027662255,0.0
1790154533,4,TTFT,completion,0.100000,0.000000,1600,1600,1600,1600,1600,1600,1600,1600,1600,1600,1600,2,0,1588.61470897682,1550.6527534453198,1512.6907979138196,1588.61470897682,0.0
1790154533,4,,Aggregated,0.300000,0.000000,1600,1600,20000,20000,20000,20000,20000,20000,20000,20000,20000,6,0,1600,7543.008318946092,148.46195684980572,21408.273656852543,42.666666666666664
1790154534,4,POST,completion,0.100000,0.000000,21000,21000,21000,21000,21000,21000,21000,21000,21000,21000,21000,2,0,21000,20925.812399829738,20443.351142806932,21408.273656852543,128.0
1790154534,4,TPOT,completion,0.100000,0.000000,160,160,160,160,160,160,160,160,160,160,160,2,0,156.65765027662255,152.55980356321413,148.46195684980572,156.65765027662255,0.0
1790154534,4,TTFT,completion,0.100000,0.000000,1600,1600,1600,1600,1600,1600,1600,1600,1600,1600,1600,2,0,1588.61470897682,1550.6527534453198,1512.6907979138196,1588.61470897682,0.0
1790154534,4,,Aggregated,0.300000,0.000000,1600,1600,20000,20000,20000,20000,20000,20000,20000,20000,20000,6,0,1600,7543.008318946092,148.46195684980572,21408.273656852543,42.666666666666664
1790154535,4,POST,completion,0.100000,0.000000,21000,21000,21000,21000,21000,21000,21000,21000,21000,21000,21000,2,0,21000,20925.812399829738,20443.351142806932,21408.273656852543,128.0
1790154535,4,TPOT,completion,0.100000,0.000000,160,160,160,160,160,160,160,160,160,160,160,2,0,156.65765027662255,152.55980356321413,148.46195684980572,156.65765027662255,0.0
1790154535,4,TTFT,completion,0.100000,0.000000,1600,1600,1600,1600,1600,1600,1600,1600,1600,1600,1600,2,0,1588.61470897682,1550.6527534453198,1512.6907979138196,1588.61470897682,0.0
1790154535,4,,Aggregated,0.300000,0.000000,1600,1600,20000,20000,20000,20000,20000,20000,20000,20000,20000,6,0,1600,7543.008318946092,148.46195684980572,21408.273656852543,42.666666666666664
1790154536,4,POST,completion,0.100000,0.000000,21000,21000,21000,21000,21000,21000,21000,21000,21000,21000,21000,2,0,21000,20925.812399829738,20443.351142806932,21408.273656852543,128.0
1790154536,4,TPOT,completion,0.100000,0.000000,160,160,160,160,160,160,160,160,160,160,160,2,0,156.65765027662255,152.55980356321413,148.46195684980572,156.65765027662255,0.0
1790154536,4,TTFT,completion,0.100000,0.000000,1600,1600,1600,1600,1600,1600,1600,1600,1600,1600,1600,2,0,1588.61470897682,1550.6527534453198,1512.6907979138196,1588.61470897682,0.0
1790154536,4,,Aggregated,0.300000,0.000000,1600,1600,20000,20000,20000,20000,20000,20000,20000,20000,20000,6,0,1600,7543.008318946092,148.46195684980572,21408.273656852543,42.666666666666664
1790154537,4,POST,completion,0.100000,0.000000,21000,21000,21000,21000,21000,21000,21000,21000,21000,21000,21000,2,0,21000,20925.812399829738,20443.351142806932,21408.273656852543,128.0
1790154537,4,TPOT,completion,0.100000,0.000000,160,160,160,160,160,160,160,160,160,160,160,2,0,156.65765027662255,152.55980356321413,148.46195684980572,156.65765027662255,0.0
1790154537,4,TTFT,completion,0.100000,0.000000,1600,1600,1600,1600,1600,1600,1600,1600,1600,1600,1600,2,0,1588.61470897682,1550.6527534453198,1512.6907979138196,1588.61470897682,0.0
1790154537,4,,Aggregated,0.300000,0.000000,1600,1600,20000,20000,20000,20000,20000,20000,20000,20000,20000,6,0,1600,7543.008318946092,148.46195684980572,21408.273656852543,42.666666666666664
1790154538,4,POST,completion,0.100000,0.000000,20000,20000,20000,20000,20000,20000,20000,20000,20000,20000,20000,2,0,21000,20925.812399829738,20443.351142806932,21408.273656852543,128.0
1790154538,4,TPOT,completion,0.100000,0.000000,150,150,150,150,150,150,150,150,150,150,150,2,0,156.65765027662255,152.55980356321413,148.46195684980572,156.65765027662255,0.0
1790154538,4,TTFT,completion,0.100000,0.000000,1600,1600,1600,1600,1600,1600,1600,1600,1600,1600,1600,2,0,1588.61470897682,1550.6527534453198,1512.6907979138196,1588.61470897682,0.0
1790154538,4,,Aggregated,0.300000,0.000000,1600,1600,20000,20000,20000,20000,20000,20000,20000,20000,20000,6,0,1600,7543.008318946092,148.46195684980572,21408.273656852543,42.666666666666664
1790154539,4,POST,completion,0.100000,0.000000,20000,20000,20000,20000,20000,20000,20000,20000,20000,20000,20000,3,0,20000,20216.829119560618,18798.862559022382,21408.273656852543,128.0
1790154539,4,TPOT,completion,0.100000,0.000000,150,150,150,150,150,150,150,150,150,150,150,3,0,150,146.89822933634161,135.57508088259655,156.65765027662255,0.0
1790154539,4,TTFT,completion,0.100000,0.000000,1600,1600,1600,1600,1600,1600,1600,1600,1600,1600,1600,3,0,1588.61470897682,1560.6910972855985,1512.6907979138196,1588.61470897682,0.0
1790154539,4,,Aggregated,0.300000,0.000000,1600,1600,19000,19000,20000,20000,20000,20000,20000,20000,20000,9,0,1600,7308.139482060853,135.57508088259655,21408.273656852543,42.666666666666664
1790154540,4,POST,completion,0.100000,0.000000,20000,20000,20000,20000,20000,20000,20000,20000,20000,20000,20000,3,0,20000,20216.829119560618,18798.862559022382,21408.273656852543,128.0
1790154540,4,TPOT,completion,0.100000,0.000000,150,150,150,150,150,150,150,150,150,150,150,3,0,150,146.89822933634161,135.57508088259655,156.65765027662255,0.0
1790154540,4,TTFT,completion,0.100000,0.000000,1600,1600,1600,1600,1600,1600,1600,1600,1600,1600,1600,3,0,1588.61470897682,1560.6910972855985,1512.6907979138196,1588.61470897682,0.0
1790154540,4,,Aggregated,0.300000,0.000000,1600,1600,19000,19000,20000,20000,20000,20000,20000,20000,20000,9,0,1600,7308.139482060853,135.57508088259655,21408.273656852543,42.666666666666664
1790154541,4,POST,completion,0.100000,0.000000,20000,20000,20000,20000,20000,20000,20000,20000,20000,20000,20000,3,0,20000,20216.829119560618,18798.862559022382,21408.273656852543,128.0
1790154541,4,TPOT,completion,0.100000,0.000000,150,150,150,150,150,150,150,150,150,150,150,3,0,150,146.89822933634161,135.57508088259655,156.65765027662255,0.0
1790154541,4,TTFT,completion,0.100000,0.000000,1600,1600,1600,1600,1600,1600,1600,1600,1600,1600,1600,3,0,1588.61470897682,1560.6910972855985,1512.6907979138196,1588.61470897682,0.0
1790154541,4,,Aggregated,0.300000,0.000000,1600,1600,19000,19000,20000,20000,20000,20000,20000,20000,20000,9,0,1600,7308.139482060853,135.57508088259655,21408.273656852543,42.666666666666664
1790154542,4,POST,completion,0.100000,0.000000,20000,20000,20000,20000,20000,20000,20000,20000,20000,20000,20000,3,0,20000,20216.829119560618,18798.862559022382,21408.273656852543,128.0
1790154542,4,TPOT,completion,0.100000,0.000000,150,150,150,150,150,150,150,150,150,150,150,3,0,150,146.89822933634161,135.57508088259655,156.65765027662255,0.0
1790154542,4,TTFT,completion,0.100000,0.000000,1600,1600,1600,1600,1600,1600,1600,1600,1600,1600,1600,3,0,1588.61470897682,1560.6910972855985,1512.6907979138196,1588.61470897682,0.0
1790154542,4,,Aggregated,0.300000,0.000000,1600,1600,19000,19000,20000,20000,20000,20000,20000,20000,20000,9,0,1600,7308.139482060853,135.57508088259655,21408.273656852543,42.666666666666664
1790154543,4,POST,completion,0.100000,0.000000,20000,20000,20000,20000,20000,20000,20000,20000,20000,20000,20000,3,0,20000,20216.829119560618,18798.862559022382,21408.273656852543,128.0
1790154543,4,TPOT,completion,0.100000,0.000000,150,150,150,150,150,150,150,150,150,150,150,3,0,150,146.89822933634161,135.57508088259655,156.65765027662255,0.0
1790154543,4,TTFT,completion,0.100000,0.000000,1600,1600,1600,1600,1600,1600,1600,1600,1600,1600,1600,3,0,1588.61470897682,1560.6910972855985,1512.6907979138196,1588.61470897682,0.0
1790154543,4,,Aggregated,0.300000,0.000000,1600,1600,19000,19000,20000,20000,20000,20000,20000,20000,20000,9,0,1600,7308.139482060853,135.57508088259655,21408.273656852543,42.666666666666664
1790154544,4,POST,completion,0.100000,0.000000,19000,19000,19000,19000,19000,19000,19000,19000,19000,19000,19000,3,0,20000,20216.829119560618,18798.862559022382,21408.273656852543,128.0
1790154544,4,TPOT,completion,0.100000,0.000000,140,140,140,140,140,140,140,140,140,140,140,3,0,150,146.89822933634161,135.57508088259655,156.65765027662255,0.0
1790154544,4,TTFT,completion,0.100000,0.000000,1600,1600,1600,1600,1600,1600,1600,1600,1600,1600,1600,3,0,1588.61470897682,1560.6910972855985,1512.6907979138196,1588.61470897682,0.0
1790154544,4,,Aggregated,0.300000,0.000000,1600,1600,19000,19000,19000,19000,19000,19000,19000,19000,19000,9,0,1600,7308.139482060853,135.57508088259655,21408.273656852543,42.666666666666664
1790154545,4,POST,completion,0.100000,0.000000,19000,19000,19000,19000,19000,19000,19000,19000,19000,19000,19000,3,0,20000,20216.829119560618,18798.862559022382,21408.273656852543,128.0
1790154545,4,TPOT,completion,0.100000,0.000000,140,140,140,140,140,140,140,140,140,140,140,3,0,150,146.89822933634161,135.57508088259655,156.65765027662255,0.0
1790154545,4,TTFT,completion,0.100000,0.000000,1600,1600,1600,1600,1600,1600,1600,1600,1600,1600,1600,3,0,1588.61470897682,1560.6910972855985,1512.6907979138196,1588.61470897682,0.0
1790154545,4,,Aggregated,0.300000,0.000000,1600,1600,19000,19000,19000,19000,19000,19000,19000,19000,19000,9,0,1600,7308.139482060853,135.57508088259655,21408.273656852543,42.666666666666664
1790154546,4,POST,completion,0.100000,0.000000,19000,19000,19000,19000,19000,19000,19000,19000,19000,19000,19000,3,0,20000,20216.829119560618,18798.862559022382,21408.273656852543,128.0
1790154546,4,TPOT,completion,0.100000,0.000000,140,140,140,140,140,140,140,140,140,140,140,3,0,150,146.89822933634161,135.57508088259655,156.65765027662255,0.0
1790154546,4,TTFT,completion,0.100000,0.000000,1600,1600,1600,1600,1600,1600,1600,1600,1600,1600,1600,3,0,1588.61470897682,1560.6910972855985,1512.6907979138196,1588.61470897682,0.0
1790154546,4,,Aggregated,0.300000,0.000000,1600,1600,19000,19000,19000,19000,19000,19000,19000,19000,19000,9,0,1600,7308.139482060853,135.57508088259655,21408.273656852543,42.666666666666664
1790154547,4,POST,completion,0.100000,0.000000,19000,19000,19000,19000,19000,19000,19000,19000,19000,19000,19000,3,0,20000,20216.829119560618,18798.862559022382,21408.273656852543,128.0
1790154547,4,TPOT,completion,0.100000,0.000000,140,140,140,140,140,140,140,140,140,140,140,3,0,150,146.89822933634161,135.57508088259655,156.65765027662255,0.0
1790154547,4,TTFT,completion,0.100000,0.000000,1600,1600,1600,1600,1600,1600,1600,1600,1600,1600,1600,3,0,1588.61470897682,1560.6910972855985,1512.6907979138196,1588.61470897682,0.0
1790154547,4,,Aggregated,0.300000,0.000000,1600,1600,19000,19000,19000,19000,19000,19000,19000,19000,19000,9,0,1600,7308.139482060853,135.57508088259655,21408.273656852543,42.666666666666664
1790154548,4,POST,completion,0.100000,0.000000,19000,19000,19000,19000,19000,19000,19000,19000,19000,19000,19000,3,0,20000,20216.829119560618,18798.862559022382,21408.273656852543,128.0
1790154548,4,TPOT,completion,0.100000,0.000000,140,140,140,140,140,140,140,140,140,140,140,3,0,150,146.89822933634161,135.57508088259655,156.65765027662255,0.0
1790154548,4,TTFT,completion,0.100000,0.000000,1600,1600,1600,1600,1600,1600,1600,1600,1600,1600,1600,3,0,1588.61470897682,1560.6910972855985,1512.6907979138196,1588.61470897682,0.0
1790154548,4,,Aggregated,0.300000,0.000000,1600,1600,19000,19000,19000,19000,19000,19000,19000,19000,19000,9,0,1600,7308.139482060853,135.57508088259655,21408.273656852543,42.666666666666664
1790154549,4,POST,completion,0.100000,0.000000,19000,19000,19000,19000,19000,19000,19000,19000,19000,19000,19000,3,0,20000,20216.829119560618,18798.862559022382,21408.273656852543,128.0
1790154549,4,TPOT,completion,0.100000,0.000000,140,140,140,140,140,140,140,140,140,140,140,3,0,150,146.89822933634161,135.57508088259655,156.65765027662255,0.0
1790154549,4,TTFT,completion,0.100000,0.000000,1600,1600,1600,1600,1600,1600,1600,1600,1600,1600,1600,3,0,1588.61470897682,1560.6910972855985,1512.6907979138196,1588.61470897682,0.0
1790154549,4,,Aggregated,0.300000,0.000000,1600,1600,19000,19000,19000,19000,19000,19000,19000,19000,19000,9,0,1600,7308.139482060853,135.57508088259655,21408.273656852543,42.666666666666664
1790154550,4,POST,completion,0.100000,0.000000,19000,19000,19000,19000,19000,19000,19000,19000,19000,19000,19000,3,0,20000,20216.829119560618,18798.862559022382,21408.273656852543,128.0
1790154550,4,TPOT,completion,0.100000,0.000000,140,140,140,140,140,140,140,140,140,140,140,3,0,150,146.89822933634161,135.57508088259655,156.65765027662255,0.0
1790154550,4,TTFT,completion,0.100000,0.000000,1600,1600,1600,1600,1600,1600,1600,1600,1600,1600,1600,3,0,1588.61470897682,1560.6910972855985,1512.6907979138196,1588.61470897682,0.0
1790154550,4,,Aggregated,0.300000,0.000000,1600,1600,19000,19000,19000,19000,19000,19000,19000,19000,19000,9,0,1600,7308.139482060853,135.57508088259655,21408.273656852543,42.666666666666664
1790154551,4,POST,completion,0.100000,0.000000,19000,19000,19000,19000,19000,19000,19000,19000,19000,19000,19000,3,0,20000,20216.829119560618,18798.862559022382,21408.273656852543,128.0
1790154551,4,TPOT,completion,0.100000,0.000000,140,140,140,140,140,140,140,140,140,140,140,3,0,150,146.89822933634161,135.57508088259655,156.65765027662255,0.0
1790154551,4,TTFT,completion,0.100000,0.000000,1600,1600,1600,1600,1600,1600,1600,1600,1600,1600,1600,3,0,1588.61470897682,1560.6910972855985,1512.6907979138196,1588.61470897682,0.0
1790154551,4,,Aggregated,0.300000,0.000000,1600,1600,19000,19000,19000,19000,19000,19000,19000,19000,19000,9,0,1600,7308.139482060853,135.57508088259655,21408.273656852543,42.666666666666664
1790154552,4,POST,completion,0.100000,0.000000,19000,19000,19000,19000,19000,19000,19000,19000,19000,19000,19000,3,0,20000,20216.829119560618,18798.862559022382,21408.273656852543,128.0
1790154552,4,TPOT,completion,0.100000,0.000000,140,140,140,140,140,140,140,140,140,140,140,3,0,150,146.89822933634161,135.57508088259655,156.65765027662255,0.0
1790154552,4,TTFT,completion,0.100000,0.000000,1600,1600,1600,1600,1600,1600,1600,1600,1600,1600,1600,3,0,1588.61470897682,1560.6910972855985,1512.6907979138196,1588.61470897682,0.0
1790154552,4,,Aggregated,0.300000,0.000000,1600,1600,19000,19000,19000,19000,19000,19000,19000,19000,19000,9,0,1600,7308.139482060853,135.57508088259655,21408.273656852543,42.666666666666664
1790154553,4,POST,completion,0.100000,0.000000,19000,19000,19000,19000,19000,19000,19000,19000,19000,19000,19000,3,0,20000,20216.829119560618,18798.862559022382,21408.273656852543,128.0
1790154553,4,TPOT,completion,0.100000,0.000000,140,140,140,140,140,140,140,140,140,140,140,3,0,150,146.89822933634161,135.57508088259655,156.65765027662255,0.0
1790154553,4,TTFT,completion,0.100000,0.000000,1600,1600,1600,1600,1600,1600,1600,1600,1600,1600,1600,3,0,1588.61470897682,1560.6910972855985,1512.6907979138196,1588.61470897682,0.0
1790154553,4,,Aggregated,0.300000,0.000000,1600,1600,19000,19000,19000,19000,19000,19000,19000,19000,19000,9,0,1600,7308.139482060853,135.57508088259655,21408.273656852543,42.666666666666664
1790154554,4,POST,completion,0.100000,0.000000,19000,19000,19000,19000,19000,19000,19000,19000,19000,19000,19000,3,0,20000,20216.829119560618,18798.862559022382,21408.273656852543,128.0
1790154554,4,TPOT,completion,0.100000,0.000000,140,140,140,140,140,140,140,140,140,140,140,3,0,150,146.89822933634161,135.57508088259655,156.65765027662255,0.0
1790154554,4,TTFT,completion,0.100000,0.000000,1600,1600,1600,1600,1600,1600,1600,1600,1600,1600,1600,3,0,1588.61470897682,1560.6910972855985,1512.6907979138196,1588.61470897682,0.0
1790154554,4,,Aggregated,0.300000,0.000000,1600,1600,19000,19000,19000,19000,19000,19000,19000,19000,19000,9,0,1600,7308.139482060853,135.57508088259655,21408.273656852543,42.666666666666664
1790154555,4,POST,completion,0.100000,0.000000,19000,19000,19000,19000,19000,19000,19000,19000,19000,19000,19000,3,0,20000,20216.829119560618,18798.862559022382,21408.273656852543,128.0
1790154555,4,TPOT,completion,0.100000,0.000000,140,140,140,140,140,140,140,140,140,140,140,3,0,150,146.89822933634161,135.57508088259655,156.65765027662255,0.0
1790154555,4,TTFT,completion,0.100000,0.000000,1600,1600,1600,1600,1600,1600,1600,1600,1600,1600,1600,3,0,1588.61470897682,1560.6910972855985,1512.6907979138196,1588.61470897682,0.0
1790154555,4,,Aggregated,0.300000,0.000000,1600,1600,19000,19000,19000,19000,19000,19000,19000,19000,19000,9,0,1600,7308.139482060853,135.57508088259655,21408.273656852543,42.666666666666664
1790154556,4,POST,completion,0.100000,0.000000,0,0,0,0,0,0,0,0,0,0,0,3,0,20000,20216.829119560618,18798.862559022382,21408.273656852543,128.0
1790154556,4,TPOT,completion,0.100000,0.000000,0,0,0,0,0,0,0,0,0,0,0,3,0,150,146.89822933634161,135.57508088259655,156.65765027662255,0.0
1790154556,4,TTFT,completion,0.100000,0.000000,0,0,0,0,0,0,0,0,0,0,0,3,0,1588.61470897682,1560.6910972855985,1512.6907979138196,1588.61470897682,0.0
1790154556,4,,Aggregated,0.300000,0.000000,0,0,0,0,0,0,0,0,0,0,0,9,0,1600,7308.139482060853,135.57508088259655,21408.273656852543,42.666666666666664
1790154557,4,POST,completion,0.100000,0.000000,0,0,0,0,0,0,0,0,0,0,0,3,0,20000,20216.829119560618,18798.862559022382,21408.273656852543,128.0
1790154557,4,TPOT,completion,0.100000,0.000000,0,0,0,0,0,0,0,0,0,0,0,3,0,150,146.89822933634161,135.57508088259655,156.65765027662255,0.0
1790154557,4,TTFT,completion,0.100000,0.000000,0,0,0,0,0,0,0,0,0,0,0,3,0,1588.61470897682,1560.6910972855985,1512.6907979138196,1588.61470897682,0.0
1790154557,4,,Aggregated,0.300000,0.000000,0,0,0,0,0,0,0,0,0,0,0,9,0,1600,7308.139482060853,135.57508088259655,21408.273656852543,42.666666666666664
1790154558,4,POST,completion,0.100000,0.000000,0,0,0,0,0,0,0,0,0,0,0,3,0,20000,20216.829119560618,18798.862559022382,21408.273656852543,128.0
1790154558,4,TPOT,completion,0.100000,0.000000,0,0,0,0,0,0,0,0,0,0,0,3,0,150,146.89822933634161,135.57508088259655,156.65765027662255,0.0
1790154558,4,TTFT,completion,0.100000,0.000000,0,0,0,0,0,0,0,0,0,0,0,3,0,1588.61470897682,1560.6910972855985,1512.6907979138196,1588.61470897682,0.0
1790154558,4,,Aggregated,0.300000,0.000000,0,0,0,0,0,0,0,0,0,0,0,9,0,1600,7308.139482060853,135.57508088259655,21408.273656852543,42.666666666666664
1790154559,4,POST,completion,0.100000,0.000000,0,0,0,0,0,0,0,0,0,0,0,3,0,20000,20216.829119560618,18798.862559022382,21408.273656852543,128.0
1790154559,4,TPOT,completion,0.100000,0.000000,0,0,0,0,0,0,0,0,0,0,0,3,0,150,146.89822933634161,135.57508088259655,156.65765027662255,0.0
1790154559,4,TTFT,completion,0.100000,0.000000,0,0,0,0,0,0,0,0,0,0,0,3,0,1588.61470897682,1560.6910972855985,1512.6907979138196,1588.61470897682,0.0
1790154559,4,,Aggregated,0.300000,0.000000,0,0,0,0,0,0,0,0,0,0,0,9,0,1600,7308.139482060853,135.57508088259655,21408.273656852543,42.666666666666664
1790154560,4,POST,completion,0.100000,0.000000,0,0,0,0,0,0,0,0,0,0,0,3,0,20000,20216.829119560618,18798.862559022382,21408.273656852543,128.0
1790154560,4,TPOT,completion,0.100000,0.000000,0,0,0,0,0,0,0,0,0,0,0,3,0,150,146.89822933634161,135.57508088259655,156.65765027662255,0.0
1790154560,4,TTFT,completion,0.100000,0.000000,0,0,0,0,0,0,0,0,0,0,0,3,0,1588.61470897682,1560.6910972855985,1512.6907979138196,1588.61470897682,0.0
1790154560,4,,Aggregated,0.300000,0.000000,0,0,0,0,0,0,0,0,0,0,0,9,0,1600,7308.139482060853,135.57508088259655,21408.273656852543,42.666666666666664
1790154561,4,POST,completion,0.100000,0.000000,0,0,0,0,0,0,0,0,0,0,0,3,0,20000,20216.829119560618,18798.862559022382,21408.273656852543,128.0
1790154561,4,TPOT,completion,0.100000,0.000000,0,0,0,0,0,0,0,0,0,0,0,3,0,150,146.89822933634161,135.57508088259655,156.65765027662255,0.0
1790154561,4,TTFT,completion,0.100000,0.000000,0,0,0,0,0,0,0,0,0,0,0,3,0,1588.61470897682,1560.6910972855985,1512.6907979138196,1588.61470897682,0.0
1790154561,4,,Aggregated,0.300000,0.000000,0,0,0,0,0,0,0,0,0,0,0,9,0,1600,7308.139482060853,135.57508088259655,21408.273656852543,42.666666666666664
1790154562,4,POST,completion,0.100000,0.000000,0,0,0,0,0,0,0,0,0,0,0,3,0,20000,20216.829119560618,18798.862559022382,21408.273656852543,128.0
1790154562,4,TPOT,completion,0.100000,0.000000,0,0,0,0,0,0,0,0,0,0,0,3,0,150,146.89822933634161,135.57508088259655,156.65765027662255,0.0
1790154562,4,TTFT,completion,0.100000,0.000000,0,0,0,0,0,0,0,0,0,0,0,3,0,1588.61470897682,1560.6910972855985,1512.6907979138196,1588.61470897682,0.0
1790154562,4,,Aggregated,0.300000,0.000000,0,0,0,0,0,0,0,0,0,0,0,9,0,1600,7308.139482060853,135.57508088259655,21408.273656852543,42.666666666666664
1790154563,4,POST,completion,0.100000,0.000000,0,0,0,0,0,0,0,0,0,0,0,3,0,20000,20216.829119560618,18798.862559022382,21408.273656852543,128.0
1790154563,4,TPOT,completion,0.100000,0.000000,0,0,0,0,0,0,0,0,0,0,0,3,0,150,146.89822933634161,135.57508088259655,156.65765027662255,0.0
1790154563,4,TTFT,completion,0.100000,0.000000,0,0,0,0,0,0,0,0,0,0,0,3,0,1588.61470897682,1560.6910972855985,1512.6907979138196,1588.61470897682,0.0
1790154563,4,,Aggregated,0.300000,0.000000,0,0,0,0,0,0,0,0,0,0,0,9,0,1600,7308.139482060853,135.57508088259655,21408.273656852543,42.666666666666664
1790154564,4,POST,completion,0.000000,0.000000,0,0,0,0,0,0,0,0,0,0,0,4,0,21000,20808.409409888554,18798.862559022382,22583.15028087236,128.0
1790154564,4,TPOT,completion,0.000000,0.000000,0,0,0,0,0,0,0,0,0,0,0,4,0,160,151.65075295106104,135.57508088259655,165.90832379521933,0.0
1790154564,4,TTFT,completion,0.000000,0.000000,0,0,0,0,0,0,0,0,0,0,0,4,0,1588.61470897682,1548.7020051805303,1512.6907979138196,1588.61470897682,0.0
1790154564,4,,Aggregated,0.000000,0.000000,0,0,0,0,0,0,0,0,0,0,0,12,0,1600,7502.9207226733815,135.57508088259655,22583.15028087236,42.666666666666664
1790154565,4,POST,completion,0.000000,0.000000,23000,23000,23000,23000,23000,23000,23000,23000,23000,23000,23000,4,0,21000,20808.409409888554,18798.862559022382,22583.15028087236,128.0
1790154565,4,TPOT,completion,0.000000,0.000000,170,170,170,170,170,170,170,170,170,170,170,4,0,160,151.65075295106104,135.57508088259655,165.90832379521933,0.0
1790154565,4,TTFT,completion,0.000000,0.000000,1500,1500,1500,1500,1500,1500,1500,1500,1500,1500,1500,4,0,1588.61470897682,1548.7020051805303,1512.6907979138196,1588.61470897682,0.0
1790154565,4,,Aggregated,0.000000,0.000000,1500,1500,23000,23000,23000,23000,23000,23000,23000,23000,23000,12,0,1600,7502.9207226733815,135.57508088259655,22583.15028087236,42.666666666666664
1790154566,4,POST,completion,0.000000,0.000000,23000,23000,23000,23000,23000,23000,23000,23000,23000,23000,23000,4,0,21000,20808.409409888554,18798.862559022382,22583.15028087236,128.0
1790154566,4,TPOT,completion,0.000000,0.000000,170,170,170,170,170,170,170,170,170,170,170,4,0,160,151.65075295106104,135.57508088259655,165.90832379521933,0.0
1790154566,4,TTFT,completion,0.000000,0.000000,1500,1500,1500,1500,1500,1500,1500,1500,1500,1500,1500,4,0,1588.61470897682,1548.7020051805303,1512.6907979138196,1588.61470897682,0.0
1790154566,4,,Aggregated,0.000000,0.000000,1500,1500,23000,23000,23000,23000,23000,23000,23000,23000,23000,12,0,1600,7502.9207226733815,135.57508088259655,22583.15028087236,42.666666666666664
1790154567,4,POST,completion,0.000000,0.000000,23000,23000,23000,23000,23000,23000,23000,23000,23000,23000,23000,4,0,21000,20808.409409888554,18798.862559022382,22583.15028087236,128.0
1790154567,4,TPOT,completion,0.000000,0.000000,170,170,170,170,170,170,170,170,170,170,170,4,0,160,151.65075295106104,135.57508088259655,165.90832379521933,0.0
1790154567,4,TTFT,completion,0.000000,0.000000,1500,1500,1500,1500,1500,1500,1500,1500,1500,1500,1500,4,0,1588.61470897682,1548.7020051805303,1512.6907979138196,1588.61470897682,0.0
1790154567,4,,Aggregated,0.000000,0.000000,1500,1500,23000,23000,23000,23000,23000,23000,23000,23000,23000,12,0,1600,7502.9207226733815,135.57508088259655,22583.15028087236,42.666666666666664
1790154568,4,POST,completion,0.000000,0.000000,23000,23000,23000,23000,23000,23000,23000,23000,23000,23000,23000,4,0,21000,20808.409409888554,18798.862559022382,22583.15028087236,128.0
1790154568,4,TPOT,completion,0.000000,0.000000,170,170,170,170,170,170,170,170,170,170,170,4,0,160,151.65075295106104,135.57508088259655,165.90832379521933,0.0
1790154568,4,TTFT,completion,0.000000,0.000000,1500,1500,1500,1500,1500,1500,1500,1500,1500,1500,1500,4,0,1588.61470897682,1548.7020051805303,1512.6907979138196,1588.61470897682,0.0
1790154568,4,,Aggregated,0.000000,0.000000,1500,1500,23000,23000,23000,23000,23000,23000,23000,23000,23000,12,0,1600,7502.9207226733815,135.57508088259655,22583.15028087236,42.666666666666664
1790154569,4,POST,completion,0.000000,0.000000,23000,23000,23000,23000,23000,23000,23000,23000,23000,23000,23000,4,0,21000,20808.409409888554,18798.862559022382,22583.15028087236,128.0
1790154569,4,TPOT,completion,0.000000,0.000000,170,170,170,170,170,170,170,170,170,170,170,4,0,160,151.65075295106104,135.57508088259655,165.90832379521933,0.0
1790154569,4,TTFT,completion,0.000000,0.000000,1500,1500,1500,1500,1500,1500,1500,1500,1500,1500,1500,4,0,1588.61470897682,1548.7020051805303,1512.6907979138196,1588.61470897682,0.0
1790154569,4,,Aggregated,0.000000,0.000000,1500,1500,23000,23000,23000,23000,23000,23000,23000,23000,23000,12,0,1600,7502.9207226733815,135.57508088259655,22583.15028087236,42.666666666666664
1790154570,4,POST,completion,0.000000,0.000000,23000,23000,23000,23000,23000,23000,23000,23000,23000,23000,23000,4,0,21000,20808.409409888554,18798.862559022382,22583.15028087236,128.0
1790154570,4,TPOT,completion,0.000000,0.000000,170,170,170,170,170,170,170,170,170,170,170,4,0,160,151.65075295106104,135.57508088259655,165.90832379521933,0.0
1790154570,4,TTFT,completion,0.000000,0.000000,1500,1500,1500,1500,1500,1500,1500,1500,1500,1500,1500,4,0,1588.61470897682,1548.7020051805303,1512.6907979138196,1588.61470897682,0.0
1790154570,4,,Aggregated,0.000000,0.000000,1500,1500,23000,23000,23000,23000,23000,23000,23000,23000,23000,12,0,1600,7502.9207226733815,135.57508088259655,22583.15028087236,42.666666666666664
1790154571,4,POST,completion,0.000000,0.000000,23000,23000,23000,23000,23000,23000,23000,23000,23000,23000,23000,4,0,21000,20808.409409888554,18798.862559022382,22583.15028087236,128.0
1790154571,4,TPOT,completion,0.000000,0.000000,170,170,170,170,170,170,170,170,170,170,170,4,0,160,151.65075295106104,135.57508088259655,165.90832379521933,0.0
1790154571,4,TTFT,completion,0.000000,0.000000,1500,1500,1500,1500,1500,1500,1500,1500,1500,1500,1500,4,0,1588.61470897682,1548.7020051805303,1512.6907979138196,1588.61470897682,0.0
1790154571,4,,Aggregated,0.000000,0.000000,1500,1500,23000,23000,23000,23000,23000,23000,23000,23000,23000,12,0,1600,7502.9207226733815,135.57508088259655,22583.15028087236,42.666666666666664
1790154572,4,POST,completion,0.000000,0.000000,23000,23000,23000,23000,23000,23000,23000,23000,23000,23000,23000,4,0,21000,20808.409409888554,18798.862559022382,22583.15028087236,128.0
1790154572,4,TPOT,completion,0.000000,0.000000,170,170,170,170,170,170,170,170,170,170,170,4,0,160,151.65075295106104,135.57508088259655,165.90832379521933,0.0
1790154572,4,TTFT,completion,0.000000,0.000000,1500,1500,1500,1500,1500,1500,1500,1500,1500,1500,1500,4,0,1588.61470897682,1548.7020051805303,1512.6907979138196,1588.61470897682,0.0
1790154572,4,,Aggregated,0.000000,0.000000,1500,1500,23000,23000,23000,23000,23000,23000,23000,23000,23000,12,0,1600,7502.9207226733815,135.57508088259655,22583.15028087236,42.666666666666664
1790154573,4,POST,completion,0.000000,0.000000,23000,23000,23000,23000,23000,23000,23000,23000,23000,23000,23000,4,0,21000,20808.409409888554,18798.862559022382,22583.15028087236,128.0
1790154573,4,TPOT,completion,0.000000,0.000000,170,170,170,170,170,170,170,170,170,170,170,4,0,160,151.65075295106104,135.57508088259655,165.90832379521933,0.0
1790154573,4,TTFT,completion,0.000000,0.000000,1500,1500,1500,1500,1500,1500,1500,1500,1500,1500,1500,4,0,1588.61470897682,1548.7020051805303,1512.6907979138196,1588.61470897682,0.0
1790154573,4,,Aggregated,0.000000,0.000000,1500,1500,23000,23000,23000,23000,23000,23000,23000,23000,23000,12,0,1600,7502.9207226733815,135.57508088259655,22583.15028087236,42.666666666666664
1790154574,4,POST,completion,0.000000,0.000000,23000,23000,23000,23000,23000,23000,23000,23000,23000,23000,23000,4,0,21000,20808.409409888554,18798.862559022382,22583.15028087236,128.0
1790154574,4,TPOT,completion,0.000000,0.000000,170,170,170,170,170,170,170,170,170,170,170,4,0,160,151.65075295106104,135.57508088259655,165.90832379521933,0.0
1790154574,4,TTFT,completion,0.000000,0.000000,1500,1500,1500,1500,1500,1500,1500,1500,1500,1500,1500,4,0,1588.61470897682,1548.7020051805303,1512.6907979138196,1588.61470897682,0.0
1790154574,4,,Aggregated,0.000000,0.000000,1500,1500,23000,23000,23000,23000,23000,23000,23000,23000,23000,12,0,1600,7502.9207226733815,135.57508088259655,22583.15028087236,42.666666666666664
1790154575,4,POST,completion,0.000000,0.000000,23000,23000,23000,23000,23000,23000,23000,23000,23000,23000,23000,4,0,21000,20808.409409888554,18798.862559022382,22583.15028087236,128.0
1790154575,4,TPOT,completion,0.000000,0.000000,170,170,170,170,170,170,170,170,170,170,170,4,0,160,151.65075295106104,135.57508088259655,165.90832379521933,0.0
1790154575,4,TTFT,completion,0.000000,0.000000,1500,1500,1500,1500,1500,1500,1500,1500,1500,1500,1500,4,0,1588.61470897682,1548.7020051805303,1512.6907979138196,1588.61470897682,0.0
1790154575,4,,Aggregated,0.000000,0.000000,1500,1500,23000,23000,23000,23000,23000,23000,23000,23000,23000,12,0,1600,7502.9207226733815,135.57508088259655,22583.15028087236,42.666666666666664
1790154576,4,POST,completion,0.000000,0.000000,23000,23000,23000,23000,23000,23000,23000,23000,23000,23000,23000,4,0,21000,20808.409409888554,18798.862559022382,22583.15028087236,128.0
1790154576,4,TPOT,completion,0.000000,0.000000,170,170,170,170,170,170,170,170,170,170,170,4,0,160,151.65075295106104,135.57508088259655,165.90832379521933,0.0
1790154576,4,TTFT,completion,0.000000,0.000000,1500,1500,1500,1500,1500,1500,1500,1500,1500,1500,1500,4,0,1588.61470897682,1548.7020051805303,1512.6907979138196,1588.61470897682,0.0
1790154576,4,,Aggregated,0.000000,0.000000,1500,1500,23000,23000,23000,23000,23000,23000,23000,23000,23000,12,0,1600,7502.9207226733815,135.57508088259655,22583.15028087236,42.666666666666664
1790154577,4,POST,completion,0.000000,0.000000,23000,23000,23000,23000,23000,23000,23000,23000,23000,23000,23000,4,0,21000,20808.409409888554,18798.862559022382,22583.15028087236,128.0
1790154577,4,TPOT,completion,0.000000,0.000000,170,170,170,170,170,170,170,170,170,170,170,4,0,160,151.65075295106104,135.57508088259655,165.90832379521933,0.0
1790154577,4,TTFT,completion,0.000000,0.000000,1500,1500,1500,1500,1500,1500,1500,1500,1500,1500,1500,4,0,1588.61470897682,1548.7020051805303,1512.6907979138196,1588.61470897682,0.0
1790154577,4,,Aggregated,0.000000,0.000000,1500,1500,23000,23000,23000,23000,23000,23000,23000,23000,23000,12,0,1600,7502.9207226733815,135.57508088259655,22583.15028087236,42.666666666666664
1790154578,4,POST,completion,0.000000,0.000000,23000,23000,23000,23000,23000,23000,23000,23000,23000,23000,23000,4,0,21000,20808.409409888554,18798.862559022382,22583.15028087236,128.0
1790154578,4,TPOT,completion,0.000000,0.000000,170,170,170,170,170,170,170,170,170,170,170,4,0,160,151.65075295106104,135.57508088259655,165.90832379521933,0.0
1790154578,4,TTFT,completion,0.000000,0.000000,1500,1500,1500,1500,1500,1500,1500,1500,1500,1500,1500,4,0,1588.61470897682,1548.7020051805303,1512.6907979138196,1588.61470897682,0.0
1790154578,4,,Aggregated,0.000000,0.000000,1500,1500,23000,23000,23000,23000,23000,23000,23000,23000,23000,12,0,1600,7502.9207226733815,135.57508088259655,22583.15028087236,42.666666666666664
1790154579,4,POST,completion,0.000000,0.000000,23000,23000,23000,23000,23000,23000,23000,23000,23000,23000,23000,4,0,21000,20808.409409888554,18798.862559022382,22583.15028087236,128.0
1790154579,4,TPOT,completion,0.000000,0.000000,170,170,170,170,170,170,170,170,170,170,170,4,0,160,151.65075295106104,135.57508088259655,165.90832379521933,0.0
1790154579,4,TTFT,completion,0.000000,0.000000,1500,1500,1500,1500,1500,1500,1500,1500,1500,1500,1500,4,0,1588.61470897682,1548.7020051805303,1512.6907979138196,1588.61470897682,0.0
1790154579,4,,Aggregated,0.000000,0.000000,1500,1500,23000,23000,23000,23000,23000,23000,23000,23000,23000,12,0,1600,7502.9207226733815,135.57508088259655,22583.15028087236,42.666666666666664
1790154580,4,POST,completion,0.000000,0.000000,23000,23000,23000,23000,23000,23000,23000,23000,23000,23000,23000,4,0,21000,20808.409409888554,18798.862559022382,22583.15028087236,128.0
1790154580,4,TPOT,completion,0.000000,0.000000,170,170,170,170,170,170,170,170,170,170,170,4,0,160,151.65075295106104,135.57508088259655,165.90832379521933,0.0
1790154580,4,TTFT,completion,0.000000,0.000000,1500,1500,1500,1500,1500,1500,1500,1500,1500,1500,1500,4,0,1588.61470897682,1548.7020051805303,1512.6907979138196,1588.61470897682,0.0
1790154580,4,,Aggregated,0.000000,0.000000,1500,1500,23000,23000,23000,23000,23000,23000,23000,23000,23000,12,0,1600,7502.9207226733815,135.57508088259655,22583.15028087236,42.666666666666664
1790154581,4,POST,completion,0.000000,0.000000,23000,23000,24000,24000,24000,24000,24000,24000,24000,24000,24000,7,0,22000,21651.101712536598,18798.862559022382,23636.254836106673,128.0
1790154581,4,TPOT,completion,0.000000,0.000000,170,170,170,170,170,170,170,170,170,170,170,7,0,160,156.26536804634796,135.57508088259655,173.28465565320428,0.0
1790154581,4,TTFT,completion,0.000000,0.000000,2100,2100,2700,2700,2700,2700,2700,2700,2700,2700,2700,7,0,1600,1805.3437945699054,1512.6907979138196,2666.038458002731,0.0
1790154581,4,,Aggregated,0.000000,0.000000,2100,2700,23000,23000,23000,24000,24000,24000,24000,24000,24000,21,0,1600,7870.903625050952,135.57508088259655,23636.254836106673,42.666666666666664
1790154582,4,POST,completion,0.000000,0.000000,23000,23000,24000,24000,24000,24000,24000,24000,24000,24000,24000,7,0,22000,21651.101712536598,18798.862559022382,23636.254836106673,128.0
1790154582,4,TPOT,completion,0.000000,0.000000,160,160,170,170,170,170,170,170,170,170,170,7,0,160,156.26536804634796,135.57508088259655,173.28465565320428,0.0
1790154582,4,TTFT,completion,0.000000,0.000000,2100,2100,2700,2700,2700,2700,2700,2700,2700,2700,2700,7,0,1600,1805.3437945699054,1512.6907979138196,2666.038458002731,0.0
1790154582,4,,Aggregated,0.000000,0.000000,2100,2700,22000,23000,24000,24000,24000,24000,24000,24000,24000,21,0,1600,7870.903625050952,135.57508088259655,23636.254836106673,42.666666666666664
1790154583,4,POST,completion,0.000000,0.000000,23000,23000,24000,24000,24000,24000,24000,24000,24000,24000,24000,8,0,22000,21367.708882607985,18798.862559022382,23636.254836106673,128.0
1790154583,4,TPOT,completion,0.000000,0.000000,160,160,170,170,170,170,170,170,170,170,170,8,0,160,154.1768407529792,135.57508088259655,173.28465565320428,0.0
1790154583,4,TTFT,completion,0.000000,0.000000,2100,2100,2700,2700,2700,2700,2700,2700,2700,2700,2700,8,0,1600,1787.1939857723191,1512.6907979138196,2666.038458002731,0.0
1790154583,4,,Aggregated,0.000000,0.000000,2100,2700,22000,22000,23000,24000,24000,24000,24000,24000,24000,24,0,1600,7769.693236377762,135.57508088259655,23636.254836106673,42.666666666666664
1790154584,4,POST,completion,0.000000,0.000000,23000,23000,24000,24000,24000,24000,24000,24000,24000,24000,24000,8,0,22000,21367.708882607985,18798.862559022382,23636.254836106673,128.0
1790154584,4,TPOT,completion,0.000000,0.000000,160,160,170,170,170,170,170,170,170,170,170,8,0,160,154.1768407529792,135.57508088259655,173.28465565320428,0.0
1790154584,4,TTFT,completion,0.000000,0.000000,2100,2100,2700,2700,2700,2700,2700,2700,2700,2700,2700,8,0,1600,1787.1939857723191,1512.6907979138196,2666.038458002731,0.0
1790154584,4,,Aggregated,0.000000,0.000000,2100,2700,22000,22000,23000,24000,24000,24000,24000,24000,24000,24,0,1600,7769.693236377762,135.57508088259655,23636.254836106673,42.666666666666664
1790154585,4,POST,completion,0.000000,0.000000,23000,23000,24000,24000,24000,24000,24000,24000,24000,24000,24000,8,0,22000,21367.708882607985,18798.862559022382,23636.254836106673,128.0
1790154585,4,TPOT,completion,0.000000,0.000000,160,160,170,170,170,170,170,170,170,170,170,8,0,160,154.1768407529792,135.57508088259655,173.28465565320428,0.0
1790154585,4,TTFT,completion,0.000000,0.000000,2100,2100,2700,2700,2700,2700,2700,2700,2700,2700,2700,8,0,1600,1787.1939857723191,1512.6907979138196,2666.038458002731,0.0
1790154585,4,,Aggregated,0.000000,0.000000,2100,2700,22000,22000,23000,24000,24000,24000,24000,24000,24000,24,0,1600,7769.693236377762,135.57508088259655,23636.254836106673,42.666666666666664
1790154586,4,POST,completion,0.000000,0.000000,23000,23000,24000,24000,24000,24000,24000,24000,24000,24000,24000,8,0,22000,21367.708882607985,18798.862559022382,23636.254836106673,128.0
1790154586,4,TPOT,completion,0.000000,0.000000,160,160,170,170,170,170,170,170,170,170,170,8,0,160,154.1768407529792,135.57508088259655,173.28465565320428,0.0
1790154586,4,TTFT,completion,0.000000,0.000000,2100,2100,2700,2700,2700,2700,2700,2700,2700,2700,2700,8,0,1600,1787.1939857723191,1512.6907979138196,2666.038458002731,0.0
1790154586,4,,Aggregated,0.000000,0.000000,2100,2700,22000,22000,23000,24000,24000,24000,24000,24000,24000,24,0,1600,7769.693236377762,135.57508088259655,23636.254836106673,42.666666666666664
1790154587,4,POST,completion,0.000000,0.000000,23000,23000,24000,24000,24000,24000,24000,24000,24000,24000,24000,8,0,22000,21367.708882607985,18798.862559022382,23636.254836106673,128.0
1790154587,4,TPOT,completion,0.000000,0.000000,160,160,170,170,170,170,170,170,170,170,170,8,0,160,154.1768407529792,135.57508088259655,173.28465565320428,0.0
1790154587,4,TTFT,completion,0.000000,0.000000,2100,2100,2700,2700,2700,2700,2700,2700,2700,2700,2700,8,0,1600,1787.1939857723191,1512.6907979138196,2666.038458002731,0.0
1790154587,4,,Aggregated,0.000000,0.000000,2100,2700,22000,22000,23000,24000,24000,24000,24000,24000,24000,24,0,1600,7769.693236377762,135.57508088259655,23636.254836106673,42.666666666666664
1790154588,4,POST,completion,0.000000,0.000000,23000,23000,24000,24000,24000,24000,24000,24000,24000,24000,24000,8,0,22000,21367.708882607985,18798.862559022382,23636.254836106673,128.0
1790154588,4,TPOT,completion,0.000000,0.000000,160,160,170,170,170,170,170,170,170,170,170,8,0,160,154.1768407529792,135.57508088259655,173.28465565320428,0.0
1790154588,4,TTFT,completion,0.000000,0.000000,2100,2100,2700,2700,2700,2700,2700,2700,2700,2700,2700,8,0,1600,1787.1939857723191,1512.6907979138196,2666.038458002731,0.0
1790154588,4,,Aggregated,0.000000,0.000000,2100,2700,22000,22000,23000,24000,24000,24000,24000,24000,24000,24,0,1600,7769.693236377762,135.57508088259655,23636.254836106673,42.666666666666664
1790154589,4,POST,completion,0.000000,0.000000,23000,23000,24000,24000,24000,24000,24000,24000,24000,24000,24000,8,0,22000,21367.708882607985,18798.862559022382,23636.254836106673,128.0
1790154589,4,TPOT,completion,0.000000,0.000000,160,160,170,170,170,170,170,170,170,170,170,8,0,160,154.1768407529792,135.57508088259655,173.28465565320428,0.0
1790154589,4,TTFT,completion,0.000000,0.000000,2100,2100,2700,2700,2700,2700,2700,2700,2700,2700,2700,8,0,1600,1787.1939857723191,1512.6907979138196,2666.038458002731,0.0
1790154589,4,,Aggregated,0.000000,0.000000,2100,2700,22000,22000,23000,24000,24000,24000,24000,24000,24000,24,0,1600,7769.693236377762,135.57508088259655,23636.254836106673,42.666666666666664
1790154590,4,POST,completion,0.000000,0.000000,23000,23000,24000,24000,24000,24000,24000,24000,24000,24000,24000,8,0,22000,21367.708882607985,18798.862559022382,23636.254836106673,128.0
1790154590,4,TPOT,completion,0.000000,0.000000,160,160,170,170,170,170,170,170,170,170,170,8,0,160,154.1768407529792,135.57508088259655,173.28465565320428,0.0
1790154590,4,TTFT,completion,0.000000,0.000000,2100,2100,2700,2700,2700,2700,2700,2700,2700,2700,2700,8,0,1600,1787.1939857723191,1512.6907979138196,2666.038458002731,0.0
1790154590,4,,Aggregated,0.000000,0.000000,2100,2700,22000,22000,23000,24000,24000,24000,24000,24000,24000,24,0,1600,7769.693236377762,135.57508088259655,23636.254836106673,42.666666666666664
1790154591,4,POST,completion,0.000000,0.000000,23000,23000,24000,24000,24000,24000,24000,24000,24000,24000,24000,8,0,22000,21367.708882607985,18798.862559022382,23636.254836106673,128.0
1790154591,4,TPOT,completion,0.000000,0.000000,160,160,170,170,170,170,170,170,170,170,170,8,0,160,154.1768407529792,135.57508088259655,173.28465565320428,0.0
1790154591,4,TTFT,completion,0.000000,0.000000,2100,2100,2700,2700,2700,2700,2700,2700,2700,2700,2700,8,0,1600,1787.1939857723191,1512.6907979138196,2666.038458002731,0.0
1790154591,4,,Aggregated,0.000000,0.000000,2100,2700,22000,22000,23000,24000,24000,24000,24000,24000,24000,24,0,1600,7769.693236377762,135.57508088259655,23636.254836106673,42.666666666666664
1790154592,4,POST,completion,0.000000,0.000000,19000,19000,19000,19000,19000,19000,19000,19000,19000,19000,19000,8,0,22000,21367.708882607985,18798.862559022382,23636.254836106673,128.0
1790154592,4,TPOT,completion,0.000000,0.000000,140,140,140,140,140,140,140,140,140,140,140,8,0,160,154.1768407529792,135.57508088259655,173.28465565320428,0.0
1790154592,4,TTFT,completion,0.000000,0.000000,1700,1700,1700,1700,1700,1700,1700,1700,1700,1700,1700,8,0,1600,1787.1939857723191,1512.6907979138196,2666.038458002731,0.0
1790154592,4,,Aggregated,0.000000,0.000000,1700,1700,19000,19000,19000,19000,19000,19000,19000,19000,19000,24,0,1600,7769.693236377762,135.57508088259655,23636.254836106673,42.666666666666664
1790154593,4,POST,completion,0.000000,0.000000,19000,19000,19000,19000,19000,19000,19000,19000,19000,19000,19000,8,0,22000,21367.708882607985,18798.862559022382,23636.254836106673,128.0
1790154593,4,TPOT,completion,0.000000,0.000000,140,140,140,140,140,140,140,140,140,140,140,8,0,160,154.1768407529792,135.57508088259655,173.28465565320428,0.0
1790154593,4,TTFT,completion,0.000000,0.000000,1700,1700,1700,1700,1700,1700,1700,1700,1700,1700,1700,8,0,1600,1787.1939857723191,1512.6907979138196,2666.038458002731,0.0
1790154593,4,,Aggregated,0.000000,0.000000,1700,1700,19000,19000,19000,19000,19000,19000,19000,19000,19000,24,0,1600,7769.693236377762,135.57508088259655,23636.254836106673,42.666666666666664
1790154594,4,POST,completion,0.000000,0.000000,19000,19000,19000,19000,19000,19000,19000,19000,19000,19000,19000,8,0,22000,21367.708882607985,18798.862559022382,23636.254836106673,128.0
1790154594,4,TPOT,completion,0.000000,0.000000,140,140,140,140,140,140,140,140,140,140,140,8,0,160,154.1768407529792,135.57508088259655,173.28465565320428,0.0
1790154594,4,TTFT,completion,0.000000,0.000000,1700,1700,1700,1700,1700,1700,1700,1700,1700,1700,1700,8,0,1600,1787.1939857723191,1512.6907979138196,2666.038458002731,0.0
1790154594,4,,Aggregated,0.000000,0.000000,1700,1700,19000,19000,19000,19000,19000,19000,19000,19000,19000,24,0,1600,7769.693236377762,135.57508088259655,23636.254836106673,42.666666666666664
1790154595,4,POST,completion,0.000000,0.000000,19000,19000,19000,19000,19000,19000,19000,19000,19000,19000,19000,8,0,22000,21367.708882607985,18798.862559022382,23636.254836106673,128.0
1790154595,4,TPOT,completion,0.000000,0.000000,140,140,140,140,140,140,140,140,140,140,140,8,0,160,154.1768407529792,135.57508088259655,173.28465565320428,0.0
1790154595,4,TTFT,completion,0.000000,0.000000,1700,1700,1700,1700,1700,1700,1700,1700,1700,1700,1700,8,0,1600,1787.1939857723191,1512.6907979138196,2666.038458002731,0.0
1790154595,4,,Aggregated,0.000000,0.000000,1700,1700,19000,19000,19000,19000,19000,19000,19000,19000,19000,24,0,1600,7769.693236377762,135.57508088259655,23636.254836106673,42.666666666666664
1790154596,4,POST,completion,0.000000,0.000000,19000,19000,19000,19000,19000,19000,19000,19000,19000,19000,19000,8,0,22000,21367.708882607985,18798.862559022382,23636.254836106673,128.0
1790154596,4,TPOT,completion,0.000000,0.000000,140,140,140,140,140,140,140,140,140,140,140,8,0,160,154.1768407529792,135.57508088259655,173.28465565320428,0.0
1790154596,4,TTFT,completion,0.000000,0.000000,1700,1700,1700,1700,1700,1700,1700,1700,1700,1700,1700,8,0,1600,1787.1939857723191,1512.6907979138196,2666.038458002731,0.0
1790154596,4,,Aggregated,0.000000,0.000000,1700,1700,19000,19000,19000,19000,19000,19000,19000,19000,19000,24,0,1600,7769.693236377762,135.57508088259655,23636.254836106673,42.666666666666664
1790154597,4,POST,completion,0.000000,0.000000,19000,19000,19000,19000,19000,19000,19000,19000,19000,19000,19000,8,0,22000,21367.708882607985,18798.862559022382,23636.254836106673,128.0
1790154597,4,TPOT,completion,0.000000,0.000000,140,140,140,140,140,140,140,140,140,140,140,8,0,160,154.1768407529792,135.57508088259655,173.28465565320428,0.0
1790154597,4,TTFT,completion,0.000000,0.000000,1700,1700,1700,1700,1700,1700,1700,1700,1700,1700,1700,8,0,1600,1787.1939857723191,1512.6907979138196,2666.038458002731,0.0
1790154597,4,,Aggregated,0.000000,0.000000,1700,1700,19000,19000,19000,19000,19000,19000,19000,19000,19000,24,0,1600,7769.693236377762,135.57508088259655,23636.254836106673,42.666666666666664
1790154599,4,POST,completion,0.000000,0.000000,19000,19000,19000,19000,19000,19000,19000,19000,19000,19000,19000,8,0,22000,21367.708882607985,18798.862559022382,23636.254836106673,128.0
1790154599,4,TPOT,completion,0.000000,0.000000,140,140,140,140,140,140,140,140,140,140,140,8,0,160,154.1768407529792,135.57508088259655,173.28465565320428,0.0
1790154599,4,TTFT,completion,0.000000,0.000000,1700,1700,1700,1700,1700,1700,1700,1700,1700,1700,1700,8,0,1600,1787.1939857723191,1512.6907979138196,2666.038458002731,0.0
1790154599,4,,Aggregated,0.000000,0.000000,1700,1700,19000,19000,19000,19000,19000,19000,19000,19000,19000,24,0,1600,7769.693236377762,135.57508088259655,23636.254836106673,42.666666666666664
1790154600,4,POST,completion,0.000000,0.000000,19000,19000,19000,19000,19000,19000,19000,19000,19000,19000,19000,8,0,22000,21367.708882607985,18798.862559022382,23636.254836106673,128.0
1790154600,4,TPOT,completion,0.000000,0.000000,140,140,140,140,140,140,140,140,140,140,140,8,0,160,154.1768407529792,135.57508088259655,173.28465565320428,0.0
1790154600,4,TTFT,completion,0.000000,0.000000,1700,1700,1700,1700,1700,1700,1700,1700,1700,1700,1700,8,0,1600,1787.1939857723191,1512.6907979138196,2666.038458002731,0.0
1790154600,4,,Aggregated,0.000000,0.000000,1700,1700,19000,19000,19000,19000,19000,19000,19000,19000,19000,24,0,1600,7769.693236377762,135.57508088259655,23636.254836106673,42.666666666666664
1790154601,4,POST,completion,0.000000,0.000000,0,0,0,0,0,0,0,0,0,0,0,8,0,22000,21367.708882607985,18798.862559022382,23636.254836106673,128.0
1790154601,4,TPOT,completion,0.000000,0.000000,0,0,0,0,0,0,0,0,0,0,0,8,0,160,154.1768407529792,135.57508088259655,173.28465565320428,0.0
1790154601,4,TTFT,completion,0.000000,0.000000,0,0,0,0,0,0,0,0,0,0,0,8,0,1600,1787.1939857723191,1512.6907979138196,2666.038458002731,0.0
1790154601,4,,Aggregated,0.000000,0.000000,0,0,0,0,0,0,0,0,0,0,0,24,0,1600,7769.693236377762,135.57508088259655,23636.254836106673,42.666666666666664
1790154602,4,POST,completion,0.000000,0.000000,0,0,0,0,0,0,0,0,0,0,0,8,0,22000,21367.708882607985,18798.862559022382,23636.254836106673,128.0
1790154602,4,TPOT,completion,0.000000,0.000000,0,0,0,0,0,0,0,0,0,0,0,8,0,160,154.1768407529792,135.57508088259655,173.28465565320428,0.0
1790154602,4,TTFT,completion,0.000000,0.000000,0,0,0,0,0,0,0,0,0,0,0,8,0,1600,1787.1939857723191,1512.6907979138196,2666.038458002731,0.0
1790154602,4,,Aggregated,0.000000,0.000000,0,0,0,0,0,0,0,0,0,0,0,24,0,1600,7769.693236377762,135.57508088259655,23636.254836106673,42.666666666666664
1790154603,4,POST,completion,0.000000,0.000000,0,0,0,0,0,0,0,0,0,0,0,8,0,22000,21367.708882607985,18798.862559022382,23636.254836106673,128.0
1790154603,4,TPOT,completion,0.000000,0.000000,0,0,0,0,0,0,0,0,0,0,0,8,0,160,154.1768407529792,135.57508088259655,173.28465565320428,0.0
1790154603,4,TTFT,completion,0.000000,0.000000,0,0,0,0,0,0,0,0,0,0,0,8,0,1600,1787.1939857723191,1512.6907979138196,2666.038458002731,0.0
1790154603,4,,Aggregated,0.000000,0.000000,0,0,0,0,0,0,0,0,0,0,0,24,0,1600,7769.693236377762,135.57508088259655,23636.254836106673,42.666666666666664
1790154604,4,POST,completion,0.000000,0.000000,0,0,0,0,0,0,0,0,0,0,0,8,0,22000,21367.708882607985,18798.862559022382,23636.254836106673,128.0
1790154604,4,TPOT,completion,0.000000,0.000000,0,0,0,0,0,0,0,0,0,0,0,8,0,160,154.1768407529792,135.57508088259655,173.28465565320428,0.0
1790154604,4,TTFT,completion,0.000000,0.000000,0,0,0,0,0,0,0,0,0,0,0,8,0,1600,1787.1939857723191,1512.6907979138196,2666.038458002731,0.0
1790154604,4,,Aggregated,0.000000,0.000000,0,0,0,0,0,0,0,0,0,0,0,24,0,1600,7769.693236377762,135.57508088259655,23636.254836106673,42.666666666666664
1790154605,4,POST,completion,0.000000,0.000000,0,0,0,0,0,0,0,0,0,0,0,8,0,22000,21367.708882607985,18798.862559022382,23636.254836106673,128.0
1790154605,4,TPOT,completion,0.000000,0.000000,0,0,0,0,0,0,0,0,0,0,0,8,0,160,154.1768407529792,135.57508088259655,173.28465565320428,0.0
1790154605,4,TTFT,completion,0.000000,0.000000,0,0,0,0,0,0,0,0,0,0,0,8,0,1600,1787.1939857723191,1512.6907979138196,2666.038458002731,0.0
1790154605,4,,Aggregated,0.000000,0.000000,0,0,0,0,0,0,0,0,0,0,0,24,0,1600,7769.693236377762,135.57508088259655,23636.254836106673,42.666666666666664
1790154606,4,POST,completion,0.000000,0.000000,0,0,0,0,0,0,0,0,0,0,0,8,0,22000,21367.708882607985,18798.862559022382,23636.254836106673,128.0
1790154606,4,TPOT,completion,0.000000,0.000000,0,0,0,0,0,0,0,0,0,0,0,8,0,160,154.1768407529792,135.57508088259655,173.28465565320428,0.0
1790154606,4,TTFT,completion,0.000000,0.000000,0,0,0,0,0,0,0,0,0,0,0,8,0,1600,1787.1939857723191,1512.6907979138196,2666.038458002731,0.0
1790154606,4,,Aggregated,0.000000,0.000000,0,0,0,0,0,0,0,0,0,0,0,24,0,1600,7769.693236377762,135.57508088259655,23636.254836106673,42.666666666666664
1790154607,4,POST,completion,0.000000,0.000000,0,0,0,0,0,0,0,0,0,0,0,8,0,22000,21367.708882607985,18798.862559022382,23636.254836106673,128.0
1790154607,4,TPOT,completion,0.000000,0.000000,0,0,0,0,0,0,0,0,0,0,0,8,0,160,154.1768407529792,135.57508088259655,173.28465565320428,0.0
1790154607,4,TTFT,completion,0.000000,0.000000,0,0,0,0,0,0,0,0,0,0,0,8,0,1600,1787.1939857723191,1512.6907979138196,2666.038458002731,0.0
1790154607,4,,Aggregated,0.000000,0.000000,0,0,0,0,0,0,0,0,0,0,0,24,0,1600,7769.693236377762,135.57508088259655,23636.254836106673,42.666666666666664
1790154608,4,POST,completion,0.000000,0.000000,0,0,0,0,0,0,0,0,0,0,0,8,0,22000,21367.708882607985,18798.862559022382,23636.254836106673,128.0
1790154608,4,TPOT,completion,0.000000,0.000000,0,0,0,0,0,0,0,0,0,0,0,8,0,160,154.1768407529792,135.57508088259655,173.28465565320428,0.0
1790154608,4,TTFT,completion,0.000000,0.000000,0,0,0,0,0,0,0,0,0,0,0,8,0,1600,1787.1939857723191,1512.6907979138196,2666.038458002731,0.0
1790154608,4,,Aggregated,0.000000,0.000000,0,0,0,0,0,0,0,0,0,0,0,24,0,1600,7769.693236377762,135.57508088259655,23636.254836106673,42.666666666666664
1790154609,4,POST,completion,0.000000,0.000000,0,0,0,0,0,0,0,0,0,0,0,8,0,22000,21367.708882607985,18798.862559022382,23636.254836106673,128.0
1790154609,4,TPOT,completion,0.000000,0.000000,0,0,0,0,0,0,0,0,0,0,0,8,0,160,154.1768407529792,135.57508088259655,173.28465565320428,0.0
1790154609,4,TTFT,completion,0.000000,0.000000,0,0,0,0,0,0,0,0,0,0,0,8,0,1600,1787.1939857723191,1512.6907979138196,2666.038458002731,0.0
1790154609,4,,Aggregated,0.000000,0.000000,0,0,0,0,0,0,0,0,0,0,0,24,0,1600,7769.693236377762,135.57508088259655,23636.254836106673,42.666666666666664
1790154610,4,POST,completion,0.000000,0.000000,0,0,0,0,0,0,0,0,0,0,0,8,0,22000,21367.708882607985,18798.862559022382,23636.254836106673,128.0
1790154610,4,TPOT,completion,0.000000,0.000000,0,0,0,0,0,0,0,0,0,0,0,8,0,160,154.1768407529792,135.57508088259655,173.28465565320428,0.0
1790154610,4,TTFT,completion,0.000000,0.000000,0,0,0,0,0,0,0,0,0,0,0,8,0,1600,1787.1939857723191,1512.6907979138196,2666.038458002731,0.0
1790154610,4,,Aggregated,0.000000,0.000000,0,0,0,0,0,0,0,0,0,0,0,24,0,1600,7769.693236377762,135.57508088259655,23636.254836106673,42.666666666666664
1790154611,4,POST,completion,0.000000,0.000000,0,0,0,0,0,0,0,0,0,0,0,8,0,22000,21367.708882607985,18798.862559022382,23636.254836106673,128.0
1790154611,4,TPOT,completion,0.000000,0.000000,0,0,0,0,0,0,0,0,0,0,0,8,0,160,154.1768407529792,135.57508088259655,173.28465565320428,0.0
1790154611,4,TTFT,completion,0.000000,0.000000,0,0,0,0,0,0,0,0,0,0,0,8,0,1600,1787.1939857723191,1512.6907979138196,2666.038458002731,0.0
1790154611,4,,Aggregated,0.000000,0.000000,0,0,0,0,0,0,0,0,0,0,0,24,0,1600,7769.693236377762,135.57508088259655,23636.254836106673,42.666666666666664
1790154612,4,POST,completion,0.000000,0.000000,0,0,0,0,0,0,0,0,0,0,0,8,0,22000,21367.708882607985,18798.862559022382,23636.254836106673,128.0
1790154612,4,TPOT,completion,0.000000,0.000000,0,0,0,0,0,0,0,0,0,0,0,8,0,160,154.1768407529792,135.57508088259655,173.28465565320428,0.0
1790154612,4,TTFT,completion,0.000000,0.000000,0,0,0,0,0,0,0,0,0,0,0,8,0,1600,1787.1939857723191,1512.6907979138196,2666.038458002731,0.0
1790154612,4,,Aggregated,0.000000,0.000000,0,0,0,0,0,0,0,0,0,0,0,24,0,1600,7769.693236377762,135.57508088259655,23636.254836106673,42.666666666666664
1790154613,4,POST,completion,0.000000,0.000000,0,0,0,0,0,0,0,0,0,0,0,8,0,22000,21367.708882607985,18798.862559022382,23636.254836106673,128.0
1790154613,4,TPOT,completion,0.000000,0.000000,0,0,0,0,0,0,0,0,0,0,0,8,0,160,154.1768407529792,135.57508088259655,173.28465565320428,0.0
1790154613,4,TTFT,completion,0.000000,0.000000,0,0,0,0,0,0,0,0,0,0,0,8,0,1600,1787.1939857723191,1512.6907979138196,2666.038458002731,0.0
1790154613,4,,Aggregated,0.000000,0.000000,0,0,0,0,0,0,0,0,0,0,0,24,0,1600,7769.693236377762,135.57508088259655,23636.254836106673,42.666666666666664
1790154614,4,POST,completion,0.000000,0.000000,0,0,0,0,0,0,0,0,0,0,0,8,0,22000,21367.708882607985,18798.862559022382,23636.254836106673,128.0
1790154614,4,TPOT,completion,0.000000,0.000000,0,0,0,0,0,0,0,0,0,0,0,8,0,160,154.1768407529792,135.57508088259655,173.28465565320428,0.0
1790154614,4,TTFT,completion,0.000000,0.000000,0,0,0,0,0,0,0,0,0,0,0,8,0,1600,1787.1939857723191,1512.6907979138196,2666.038458002731,0.0
1790154614,4,,Aggregated,0.000000,0.000000,0,0,0,0,0,0,0,0,0,0,0,24,0,1600,7769.693236377762,135.57508088259655,23636.254836106673,42.666666666666664
1790154615,4,POST,completion,0.000000,0.000000,0,0,0,0,0,0,0,0,0,0,0,8,0,22000,21367.708882607985,18798.862559022382,23636.254836106673,128.0
1790154615,4,TPOT,completion,0.000000,0.000000,0,0,0,0,0,0,0,0,0,0,0,8,0,160,154.1768407529792,135.57508088259655,173.28465565320428,0.0
1790154615,4,TTFT,completion,0.000000,0.000000,0,0,0,0,0,0,0,0,0,0,0,8,0,1600,1787.1939857723191,1512.6907979138196,2666.038458002731,0.0
1790154615,4,,Aggregated,0.000000,0.000000,0,0,0,0,0,0,0,0,0,0,0,24,0,1600,7769.693236377762,135.57508088259655,23636.254836106673,42.666666666666664
1790154616,4,POST,completion,0.000000,0.000000,0,0,0,0,0,0,0,0,0,0,0,8,0,22000,21367.708882607985,18798.862559022382,23636.254836106673,128.0
1790154616,4,TPOT,completion,0.000000,0.000000,0,0,0,0,0,0,0,0,0,0,0,8,0,160,154.1768407529792,135.57508088259655,173.28465565320428,0.0
1790154616,4,TTFT,completion,0.000000,0.000000,0,0,0,0,0,0,0,0,0,0,0,8,0,1600,1787.1939857723191,1512.6907979138196,2666.038458002731,0.0
1790154616,4,,Aggregated,0.000000,0.000000,0,0,0,0,0,0,0,0,0,0,0,24,0,1600,7769.693236377762,135.57508088259655,23636.254836106673,42.666666666666664
1790154617,4,POST,completion,0.000000,0.000000,0,0,0,0,0,0,0,0,0,0,0,8,0,22000,21367.708882607985,18798.862559022382,23636.254836106673,128.0
1790154617,4,TPOT,completion,0.000000,0.000000,0,0,0,0,0,0,0,0,0,0,0,8,0,160,154.1768407529792,135.57508088259655,173.28465565320428,0.0
1790154617,4,TTFT,completion,0.000000,0.000000,0,0,0,0,0,0,0,0,0,0,0,8,0,1600,1787.1939857723191,1512.6907979138196,2666.038458002731,0.0
1790154617,4,,Aggregated,0.000000,0.000000,0,0,0,0,0,0,0,0,0,0,0,24,0,1600,7769.693236377762,135.57508088259655,23636.254836106673,42.666666666666664
1790154618,4,POST,completion,0.000000,0.000000,0,0,0,0,0,0,0,0,0,0,0,8,0,22000,21367.708882607985,18798.862559022382,23636.254836106673,128.0
1790154618,4,TPOT,completion,0.000000,0.000000,0,0,0,0,0,0,0,0,0,0,0,8,0,160,154.1768407529792,135.57508088259655,173.28465565320428,0.0
1790154618,4,TTFT,completion,0.000000,0.000000,0,0,0,0,0,0,0,0,0,0,0,8,0,1600,1787.1939857723191,1512.6907979138196,2666.038458002731,0.0
1790154618,4,,Aggregated,0.000000,0.000000,0,0,0,0,0,0,0,0,0,0,0,24,0,1600,7769.693236377762,135.57508088259655,23636.254836106673,42.666666666666664
1790154619,4,POST,completion,0.000000,0.000000,0,0,0,0,0,0,0,0,0,0,0,8,0,22000,21367.708882607985,18798.862559022382,23636.254836106673,128.0
1790154619,4,TPOT,completion,0.000000,0.000000,0,0,0,0,0,0,0,0,0,0,0,8,0,160,154.1768407529792,135.57508088259655,173.28465565320428,0.0
1790154619,4,TTFT,completion,0.000000,0.000000,0,0,0,0,0,0,0,0,0,0,0,8,0,1600,1787.1939857723191,1512.6907979138196,2666.038458002731,0.0
1790154619,4,,Aggregated,0.000000,0.000000,0,0,0,0,0,0,0,0,0,0,0,24,0,1600,7769.693236377762,135.57508088259655,23636.254836106673,42.666666666666664
1790154620,4,POST,completion,0.000000,0.000000,0,0,0,0,0,0,0,0,0,0,0,8,0,22000,21367.708882607985,18798.862559022382,23636.254836106673,128.0
1790154620,4,TPOT,completion,0.000000,0.000000,0,0,0,0,0,0,0,0,0,0,0,8,0,160,154.1768407529792,135.57508088259655,173.28465565320428,0.0
1790154620,4,TTFT,completion,0.000000,0.000000,0,0,0,0,0,0,0,0,0,0,0,8,0,1600,1787.1939857723191,1512.6907979138196,2666.038458002731,0.0
1790154620,4,,Aggregated,0.000000,0.000000,0,0,0,0,0,0,0,0,0,0,0,24,0,1600,7769.693236377762,135.57508088259655,23636.254836106673,42.666666666666664
1790154621,4,POST,completion,0.000000,0.000000,0,0,0,0,0,0,0,0,0,0,0,8,0,22000,21367.708882607985,18798.862559022382,23636.254836106673,128.0
1790154621,4,TPOT,completion,0.000000,0.000000,0,0,0,0,0,0,0,0,0,0,0,8,0,160,154.1768407529792,135.57508088259655,173.28465565320428,0.0
1790154621,4,TTFT,completion,0.000000,0.000000,0,0,0,0,0,0,0,0,0,0,0,8,0,1600,1787.1939857723191,1512.6907979138196,2666.038458002731,0.0
1790154621,4,,Aggregated,0.000000,0.000000,0,0,0,0,0,0,0,0,0,0,0,24,0,1600,7769.693236377762,135.57508088259655,23636.254836106673,42.666666666666664
1790154622,4,POST,completion,0.000000,0.000000,0,0,0,0,0,0,0,0,0,0,0,8,0,22000,21367.708882607985,18798.862559022382,23636.254836106673,128.0
1790154622,4,TPOT,completion,0.000000,0.000000,0,0,0,0,0,0,0,0,0,0,0,8,0,160,154.1768407529792,135.57508088259655,173.28465565320428,0.0
1790154622,4,TTFT,completion,0.000000,0.000000,0,0,0,0,0,0,0,0,0,0,0,8,0,1600,1787.1939857723191,1512.6907979138196,2666.038458002731,0.0
1790154622,4,,Aggregated,0.000000,0.000000,0,0,0,0,0,0,0,0,0,0,0,24,0,1600,7769.693236377762,135.57508088259655,23636.254836106673,42.666666666666664
1790154623,4,POST,completion,0.000000,0.000000,0,0,0,0,0,0,0,0,0,0,0,8,0,22000,21367.708882607985,18798.862559022382,23636.254836106673,128.0
1790154623,4,TPOT,completion,0.000000,0.000000,0,0,0,0,0,0,0,0,0,0,0,8,0,160,154.1768407529792,135.57508088259655,173.28465565320428,0.0
1790154623,4,TTFT,completion,0.000000,0.000000,0,0,0,0,0,0,0,0,0,0,0,8,0,1600,1787.1939857723191,1512.6907979138196,2666.038458002731,0.0
1790154623,4,,Aggregated,0.000000,0.000000,0,0,0,0,0,0,0,0,0,0,0,24,0,1600,7769.693236377762,135.57508088259655,23636.254836106673,42.666666666666664
1790154624,4,POST,completion,0.000000,0.000000,0,0,0,0,0,0,0,0,0,0,0,8,0,22000,21367.708882607985,18798.862559022382,23636.254836106673,128.0
1790154624,4,TPOT,completion,0.000000,0.000000,0,0,0,0,0,0,0,0,0,0,0,8,0,160,154.1768407529792,135.57508088259655,173.28465565320428,0.0
1790154624,4,TTFT,completion,0.000000,0.000000,0,0,0,0,0,0,0,0,0,0,0,8,0,1600,1787.1939857723191,1512.6907979138196,2666.038458002731,0.0
1790154624,4,,Aggregated,0.000000,0.000000,0,0,0,0,0,0,0,0,0,0,0,24,0,1600,7769.693236377762,135.57508088259655,23636.254836106673,42.666666666666664
1790154625,4,POST,completion,0.000000,0.000000,0,0,0,0,0,0,0,0,0,0,0,8,0,22000,21367.708882607985,18798.862559022382,23636.254836106673,128.0
1790154625,4,TPOT,completion,0.000000,0.000000,0,0,0,0,0,0,0,0,0,0,0,8,0,160,154.1768407529792,135.57508088259655,173.28465565320428,0.0
1790154625,4,TTFT,completion,0.000000,0.000000,0,0,0,0,0,0,0,0,0,0,0,8,0,1600,1787.1939857723191,1512.6907979138196,2666.038458002731,0.0
1790154625,4,,Aggregated,0.000000,0.000000,0,0,0,0,0,0,0,0,0,0,0,24,0,1600,7769.693236377762,135.57508088259655,23636.254836106673,42.666666666666664
1790154626,4,POST,completion,0.000000,0.000000,0,0,0,0,0,0,0,0,0,0,0,8,0,22000,21367.708882607985,18798.862559022382,23636.254836106673,128.0
1790154626,4,TPOT,completion,0.000000,0.000000,0,0,0,0,0,0,0,0,0,0,0,8,0,160,154.1768407529792,135.57508088259655,173.28465565320428,0.0
1790154626,4,TTFT,completion,0.000000,0.000000,0,0,0,0,0,0,0,0,0,0,0,8,0,1600,1787.1939857723191,1512.6907979138196,2666.038458002731,0.0
1790154626,4,,Aggregated,0.000000,0.000000,0,0,0,0,0,0,0,0,0,0,0,24,0,1600,7769.693236377762,135.57508088259655,23636.254836106673,42.666666666666664
1790154627,4,POST,completion,0.000000,0.000000,0,0,0,0,0,0,0,0,0,0,0,8,0,22000,21367.708882607985,18798.862559022382,23636.254836106673,128.0
1790154627,4,TPOT,completion,0.000000,0.000000,0,0,0,0,0,0,0,0,0,0,0,8,0,160,154.1768407529792,135.57508088259655,173.28465565320428,0.0
1790154627,4,TTFT,completion,0.000000,0.000000,0,0,0,0,0,0,0,0,0,0,0,8,0,1600,1787.1939857723191,1512.6907979138196,2666.038458002731,0.0
1790154627,4,,Aggregated,0.000000,0.000000,0,0,0,0,0,0,0,0,0,0,0,24,0,1600,7769.693236377762,135.57508088259655,23636.254836106673,42.666666666666664
1790154628,4,POST,completion,0.000000,0.000000,0,0,0,0,0,0,0,0,0,0,0,8,0,22000,21367.708882607985,18798.862559022382,23636.254836106673,128.0
1790154628,4,TPOT,completion,0.000000,0.000000,0,0,0,0,0,0,0,0,0,0,0,8,0,160,154.1768407529792,135.57508088259655,173.28465565320428,0.0
1790154628,4,TTFT,completion,0.000000,0.000000,0,0,0,0,0,0,0,0,0,0,0,8,0,1600,1787.1939857723191,1512.6907979138196,2666.038458002731,0.0
1790154628,4,,Aggregated,0.000000,0.000000,0,0,0,0,0,0,0,0,0,0,0,24,0,1600,7769.693236377762,135.57508088259655,23636.254836106673,42.666666666666664
1790154629,4,POST,completion,0.000000,0.000000,0,0,0,0,0,0,0,0,0,0,0,8,0,22000,21367.708882607985,18798.862559022382,23636.254836106673,128.0
1790154629,4,TPOT,completion,0.000000,0.000000,0,0,0,0,0,0,0,0,0,0,0,8,0,160,154.1768407529792,135.57508088259655,173.28465565320428,0.0
1790154629,4,TTFT,completion,0.000000,0.000000,0,0,0,0,0,0,0,0,0,0,0,8,0,1600,1787.1939857723191,1512.6907979138196,2666.038458002731,0.0
1790154629,4,,Aggregated,0.000000,0.000000,0,0,0,0,0,0,0,0,0,0,0,24,0,1600,7769.693236377762,135.57508088259655,23636.254836106673,42.666666666666664
1790154630,4,POST,completion,0.000000,0.000000,0,0,0,0,0,0,0,0,0,0,0,8,0,22000,21367.708882607985,18798.862559022382,23636.254836106673,128.0
1790154630,4,TPOT,completion,0.000000,0.000000,0,0,0,0,0,0,0,0,0,0,0,8,0,160,154.1768407529792,135.57508088259655,173.28465565320428,0.0
1790154630,4,TTFT,completion,0.000000,0.000000,0,0,0,0,0,0,0,0,0,0,0,8,0,1600,1787.1939857723191,1512.6907979138196,2666.038458002731,0.0
1790154630,4,,Aggregated,0.000000,0.000000,0,0,0,0,0,0,0,0,0,0,0,24,0,1600,7769.693236377762,135.57508088259655,23636.254836106673,42.666666666666664
1790154631,4,POST,completion,0.000000,0.000000,0,0,0,0,0,0,0,0,0,0,0,8,0,22000,21367.708882607985,18798.862559022382,23636.254836106673,128.0
1790154631,4,TPOT,completion,0.000000,0.000000,0,0,0,0,0,0,0,0,0,0,0,8,0,160,154.1768407529792,135.57508088259655,173.28465565320428,0.0
1790154631,4,TTFT,completion,0.000000,0.000000,0,0,0,0,0,0,0,0,0,0,0,8,0,1600,1787.1939857723191,1512.6907979138196,2666.038458002731,0.0
1790154631,4,,Aggregated,0.000000,0.000000,0,0,0,0,0,0,0,0,0,0,0,24,0,1600,7769.693236377762,135.57508088259655,23636.254836106673,42.666666666666664
1790154632,4,POST,completion,0.000000,0.000000,0,0,0,0,0,0,0,0,0,0,0,8,0,22000,21367.708882607985,18798.862559022382,23636.254836106673,128.0
1790154632,4,TPOT,completion,0.000000,0.000000,0,0,0,0,0,0,0,0,0,0,0,8,0,160,154.1768407529792,135.57508088259655,173.28465565320428,0.0
1790154632,4,TTFT,completion,0.000000,0.000000,0,0,0,0,0,0,0,0,0,0,0,8,0,1600,1787.1939857723191,1512.6907979138196,2666.038458002731,0.0
1790154632,4,,Aggregated,0.000000,0.000000,0,0,0,0,0,0,0,0,0,0,0,24,0,1600,7769.693236377762,135.57508088259655,23636.254836106673,42.666666666666664
1790154633,4,POST,completion,0.000000,0.000000,0,0,0,0,0,0,0,0,0,0,0,8,0,22000,21367.708882607985,18798.862559022382,23636.254836106673,128.0
1790154633,4,TPOT,completion,0.000000,0.000000,0,0,0,0,0,0,0,0,0,0,0,8,0,160,154.1768407529792,135.57508088259655,173.28465565320428,0.0
1790154633,4,TTFT,completion,0.000000,0.000000,0,0,0,0,0,0,0,0,0,0,0,8,0,1600,1787.1939857723191,1512.6907979138196,2666.038458002731,0.0
1790154633,4,,Aggregated,0.000000,0.000000,0,0,0,0,0,0,0,0,0,0,0,24,0,1600,7769.693236377762,135.57508088259655,23636.254836106673,42.666666666666664
1790154634,4,POST,completion,0.000000,0.000000,0,0,0,0,0,0,0,0,0,0,0,8,0,22000,21367.708882607985,18798.862559022382,23636.254836106673,128.0
1790154634,4,TPOT,completion,0.000000,0.000000,0,0,0,0,0,0,0,0,0,0,0,8,0,160,154.1768407529792,135.57508088259655,173.28465565320428,0.0
1790154634,4,TTFT,completion,0.000000,0.000000,0,0,0,0,0,0,0,0,0,0,0,8,0,1600,1787.1939857723191,1512.6907979138196,2666.038458002731,0.0
1790154634,4,,Aggregated,0.000000,0.000000,0,0,0,0,0,0,0,0,0,0,0,24,0,1600,7769.693236377762,135.57508088259655,23636.254836106673,42.666666666666664
1790154635,4,POST,completion,0.000000,0.000000,0,0,0,0,0,0,0,0,0,0,0,8,0,22000,21367.708882607985,18798.862559022382,23636.254836106673,128.0
1790154635,4,TPOT,completion,0.000000,0.000000,0,0,0,0,0,0,0,0,0,0,0,8,0,160,154.1768407529792,135.57508088259655,173.28465565320428,0.0
1790154635,4,TTFT,completion,0.000000,0.000000,0,0,0,0,0,0,0,0,0,0,0,8,0,1600,1787.1939857723191,1512.6907979138196,2666.038458002731,0.0
1790154635,4,,Aggregated,0.000000,0.000000,0,0,0,0,0,0,0,0,0,0,0,24,0,1600,7769.693236377762,135.57508088259655,23636.254836106673,42.666666666666664
1790154636,4,POST,completion,0.000000,0.000000,0,0,0,0,0,0,0,0,0,0,0,8,0,22000,21367.708882607985,18798.862559022382,23636.254836106673,128.0
1790154636,4,TPOT,completion,0.000000,0.000000,0,0,0,0,0,0,0,0,0,0,0,8,0,160,154.1768407529792,135.57508088259655,173.28465565320428,0.0
1790154636,4,TTFT,completion,0.000000,0.000000,0,0,0,0,0,0,0,0,0,0,0,8,0,1600,1787.1939857723191,1512.6907979138196,2666.038458002731,0.0
1790154636,4,,Aggregated,0.000000,0.000000,0,0,0,0,0,0,0,0,0,0,0,24,0,1600,7769.693236377762,135.57508088259655,23636.254836106673,42.666666666666664
1790154637,4,POST,completion,0.000000,0.000000,0,0,0,0,0,0,0,0,0,0,0,8,0,22000,21367.708882607985,18798.862559022382,23636.254836106673,128.0
1790154637,4,TPOT,completion,0.000000,0.000000,0,0,0,0,0,0,0,0,0,0,0,8,0,160,154.1768407529792,135.57508088259655,173.28465565320428,0.0
1790154637,4,TTFT,completion,0.000000,0.000000,0,0,0,0,0,0,0,0,0,0,0,8,0,1600,1787.1939857723191,1512.6907979138196,2666.038458002731,0.0
1790154637,4,,Aggregated,0.000000,0.000000,0,0,0,0,0,0,0,0,0,0,0,24,0,1600,7769.693236377762,135.57508088259655,23636.254836106673,42.666666666666664
1790154638,4,POST,completion,0.000000,0.000000,0,0,0,0,0,0,0,0,0,0,0,8,0,22000,21367.708882607985,18798.862559022382,23636.254836106673,128.0
1790154638,4,TPOT,completion,0.000000,0.000000,0,0,0,0,0,0,0,0,0,0,0,8,0,160,154.1768407529792,135.57508088259655,173.28465565320428,0.0
1790154638,4,TTFT,completion,0.000000,0.000000,0,0,0,0,0,0,0,0,0,0,0,8,0,1600,1787.1939857723191,1512.6907979138196,2666.038458002731,0.0
1790154638,4,,Aggregated,0.000000,0.000000,0,0,0,0,0,0,0,0,0,0,0,24,0,1600,7769.693236377762,135.57508088259655,23636.254836106673,42.666666666666664
1790154639,4,POST,completion,0.000000,0.000000,0,0,0,0,0,0,0,0,0,0,0,8,0,22000,21367.708882607985,18798.862559022382,23636.254836106673,128.0
1790154639,4,TPOT,completion,0.000000,0.000000,0,0,0,0,0,0,0,0,0,0,0,8,0,160,154.1768407529792,135.57508088259655,173.28465565320428,0.0
1790154639,4,TTFT,completion,0.000000,0.000000,0,0,0,0,0,0,0,0,0,0,0,8,0,1600,1787.1939857723191,1512.6907979138196,2666.038458002731,0.0
1790154639,4,,Aggregated,0.000000,0.000000,0,0,0,0,0,0,0,0,0,0,0,24,0,1600,7769.693236377762,135.57508088259655,23636.254836106673,42.666666666666664
1790154640,4,POST,completion,0.000000,0.000000,0,0,0,0,0,0,0,0,0,0,0,8,0,22000,21367.708882607985,18798.862559022382,23636.254836106673,128.0
1790154640,4,TPOT,completion,0.000000,0.000000,0,0,0,0,0,0,0,0,0,0,0,8,0,160,154.1768407529792,135.57508088259655,173.28465565320428,0.0
1790154640,4,TTFT,completion,0.000000,0.000000,0,0,0,0,0,0,0,0,0,0,0,8,0,1600,1787.1939857723191,1512.6907979138196,2666.038458002731,0.0
1790154640,4,,Aggregated,0.000000,0.000000,0,0,0,0,0,0,0,0,0,0,0,24,0,1600,7769.693236377762,135.57508088259655,23636.254836106673,42.666666666666664
1790154641,4,POST,completion,0.000000,0.000000,0,0,0,0,0,0,0,0,0,0,0,10,0,23000,21701.648388779722,18798.862559022382,23636.254836106673,128.0
1790154641,4,TPOT,completion,0.000000,0.000000,0,0,0,0,0,0,0,0,0,0,0,10,0,160,156.83457068420623,135.57508088259655,173.28465565320428,0.0
1790154641,4,TTFT,completion,0.000000,0.000000,0,0,0,0,0,0,0,0,0,0,0,10,0,1600,1783.6027348181233,1512.6907979138196,2666.038458002731,0.0
1790154641,4,,Aggregated,0.000000,0.000000,0,0,0,0,0,0,0,0,0,0,0,30,0,1600,7880.695231427351,135.57508088259655,23636.254836106673,42.666666666666664
1790154642,4,POST,completion,0.000000,0.000000,23000,23000,23000,23000,23000,23000,23000,23000,23000,23000,23000,11,0,22000,21705.40391952223,18798.862559022382,23636.254836106673,128.0
1790154642,4,TPOT,completion,0.000000,0.000000,160,160,170,170,170,170,170,170,170,170,170,11,0,160,156.32435535004063,135.57508088259655,173.28465565320428,0.0
1790154642,4,TTFT,completion,0.000000,0.000000,2000,2000,2500,2500,2500,2500,2500,2500,2500,2500,2500,11,0,1600,1852.155549367043,1512.6907979138196,2666.038458002731,0.0
1790154642,4,,Aggregated,0.000000,0.000000,2000,2500,22000,23000,23000,23000,23000,23000,23000,23000,23000,33,0,1600,7904.627941413104,135.57508088259655,23636.254836106673,42.666666666666664
1790154643,4,POST,completion,0.000000,0.000000,23000,23000,23000,23000,23000,23000,23000,23000,23000,23000,23000,11,0,22000,21705.40391952223,18798.862559022382,23636.254836106673,128.0
1790154643,4,TPOT,completion,0.000000,0.000000,160,160,170,170,170,170,170,170,170,170,170,11,0,160,156.32435535004063,135.57508088259655,173.28465565320428,0.0
1790154643,4,TTFT,completion,0.000000,0.000000,2000,2000,2500,2500,2500,2500,2500,2500,2500,2500,2500,11,0,1600,1852.155549367043,1512.6907979138196,2666.038458002731,0.0
1790154643,4,,Aggregated,0.000000,0.000000,2000,2500,22000,23000,23000,23000,23000,23000,23000,23000,23000,33,0,1600,7904.627941413104,135.57508088259655,23636.254836106673,42.666666666666664
1790154644,4,POST,completion,0.000000,0.000000,23000,23000,23000,23000,23000,23000,23000,23000,23000,23000,23000,12,0,22000,21507.804095977917,18798.862559022382,23636.254836106673,128.0
1790154644,4,TPOT,completion,0.000000,0.000000,160,160,170,170,170,170,170,170,170,170,170,12,0,160,154.91737362673857,135.57508088259655,173.28465565320428,0.0
1790154644,4,TTFT,completion,0.000000,0.000000,2000,2000,2500,2500,2500,2500,2500,2500,2500,2500,2500,12,0,1600,1833.2417500011313,1512.6907979138196,2666.038458002731,0.0
1790154644,4,,Aggregated,0.000000,0.000000,2000,2500,22000,22000,23000,23000,23000,23000,23000,23000,23000,36,0,1600,7831.987739868598,135.57508088259655,23636.254836106673,42.666666666666664
1790154645,4,POST,completion,0.000000,0.000000,23000,23000,23000,23000,23000,23000,23000,23000,23000,23000,23000,12,0,22000,21507.804095977917,18798.862559022382,23636.254836106673,128.0
1790154645,4,TPOT,completion,0.000000,0.000000,160,160,170,170,170,170,170,170,170,170,170,12,0,160,154.91737362673857,135.57508088259655,173.28465565320428,0.0
1790154645,4,TTFT,completion,0.000000,0.000000,2000,2000,2500,2500,2500,2500,2500,2500,2500,2500,2500,12,0,1600,1833.2417500011313,1512.6907979138196,2666.038458002731,0.0
1790154645,4,,Aggregated,0.000000,0.000000,2000,2500,22000,22000,23000,23000,23000,23000,23000,23000,23000,36,0,1600,7831.987739868598,135.57508088259655,23636.254836106673,42.666666666666664
1790154646,4,POST,completion,0.000000,0.000000,23000,23000,23000,23000,23000,23000,23000,23000,23000,23000,23000,12,0,22000,21507.804095977917,18798.862559022382,23636.254836106673,128.0
1790154646,4,TPOT,completion,0.000000,0.000000,160,160,170,170,170,170,170,170,170,170,170,12,0,160,154.91737362673857,135.57508088259655,173.28465565320428,0.0
1790154646,4,TTFT,completion,0.000000,0.000000,2000,2000,2500,2500,2500,2500,2500,2500,2500,2500,2500,12,0,1600,1833.2417500011313,1512.6907979138196,2666.038458002731,0.0
1790154646,4,,Aggregated,0.000000,0.000000,2000,2500,22000,22000,23000,23000,23000,23000,23000,23000,23000,36,0,1600,7831.987739868598,135.57508088259655,23636.254836106673,42.666666666666664
1790154647,4,POST,completion,0.000000,0.000000,23000,23000,23000,23000,23000,23000,23000,23000,23000,23000,23000,12,0,22000,21507.804095977917,18798.862559022382,23636.254836106673,128.0
1790154647,4,TPOT,completion,0.000000,0.000000,160,160,170,170,170,170,170,170,170,170,170,12,0,160,154.91737362673857,135.57508088259655,173.28465565320428,0.0
1790154647,4,TTFT,completion,0.000000,0.000000,2000,2000,2500,2500,2500,2500,2500,2500,2500,2500,2500,12,0,1600,1833.2417500011313,1512.6907979138196,2666.038458002731,0.0
1790154647,4,,Aggregated,0.000000,0.000000,2000,2500,22000,22000,23000,23000,23000,23000,23000,23000,23000,36,0,1600,7831.987739868598,135.57508088259655,23636.254836106673,42.666666666666664
1790154648,4,POST,completion,0.000000,0.000000,23000,23000,23000,23000,23000,23000,23000,23000,23000,23000,23000,12,0,22000,21507.804095977917,18798.862559022382,23636.254836106673,128.0
1790154648,4,TPOT,completion,0.000000,0.000000,160,160,170,170,170,170,170,170,170,170,170,12,0,160,154.91737362673857,135.57508088259655,173.28465565320428,0.0
1790154648,4,TTFT,completion,0.000000,0.000000,2000,2000,2500,2500,2500,2500,2500,2500,2500,2500,2500,12,0,1600,1833.2417500011313,1512.6907979138196,2666.038458002731,0.0
1790154648,4,,Aggregated,0.000000,0.000000,2000,2500,22000,22000,23000,23000,23000,23000,23000,23000,23000,36,0,1600,7831.987739868598,135.57508088259655,23636.254836106673,42.666666666666664
1790154649,4,POST,completion,0.000000,0.000000,23000,23000,23000,23000,23000,23000,23000,23000,23000,23000,23000,12,0,22000,21507.804095977917,18798.862559022382,23636.254836106673,128.0
1790154649,4,TPOT,completion,0.000000,0.000000,160,160,170,170,170,170,170,170,170,170,170,12,0,160,154.91737362673857,135.57508088259655,173.28465565320428,0.0
1790154649,4,TTFT,completion,0.000000,0.000000,2000,2000,2500,2500,2500,2500,2500,2500,2500,2500,2500,12,0,1600,1833.2417500011313,1512.6907979138196,2666.038458002731,0.0
1790154649,4,,Aggregated,0.000000,0.000000,2000,2500,22000,22000,23000,23000,23000,23000,23000,23000,23000,36,0,1600,7831.987739868598,135.57508088259655,23636.254836106673,42.666666666666664
1790154650,4,POST,completion,0.000000,0.000000,23000,23000,23000,23000,23000,23000,23000,23000,23000,23000,23000,12,0,22000,21507.804095977917,18798.862559022382,23636.254836106673,128.0
1790154650,4,TPOT,completion,0.000000,0.000000,160,160,170,170,170,170,170,170,170,170,170,12,0,160,154.91737362673857,135.57508088259655,173.28465565320428,0.0
1790154650,4,TTFT,completion,0.000000,0.000000,2000,2000,2500,2500,2500,2500,2500,2500,2500,2500,2500,12,0,1600,1833.2417500011313,1512.6907979138196,2666.038458002731,0.0
1790154650,4,,Aggregated,0.000000,0.000000,2000,2500,22000,22000,23000,23000,23000,23000,23000,23000,23000,36,0,1600,7831.987739868598,135.57508088259655,23636.254836106673,42.666666666666664
1790154651,4,POST,completion,0.000000,0.000000,23000,23000,23000,23000,23000,23000,23000,23000,23000,23000,23000,12,0,22000,21507.804095977917,18798.862559022382,23636.254836106673,128.0
1790154651,4,TPOT,completion,0.000000,0.000000,160,160,170,170,170,170,170,170,170,170,170,12,0,160,154.91737362673857,135.57508088259655,173.28465565320428,0.0
1790154651,4,TTFT,completion,0.000000,0.000000,2000,2000,2500,2500,2500,2500,2500,2500,2500,2500,2500,12,0,1600,1833.2417500011313,1512.6907979138196,2666.038458002731,0.0
1790154651,4,,Aggregated,0.000000,0.000000,2000,2500,22000,22000,23000,23000,23000,23000,23000,23000,23000,36,0,1600,7831.987739868598,135.57508088259655,23636.254836106673,42.666666666666664
1790154652,4,POST,completion,0.000000,0.000000,19000,19000,19000,19000,19000,19000,19000,19000,19000,19000,19000,12,0,22000,21507.804095977917,18798.862559022382,23636.254836106673,128.0
1790154652,4,TPOT,completion,0.000000,0.000000,140,140,140,140,140,140,140,140,140,140,140,12,0,160,154.91737362673857,135.57508088259655,173.28465565320428,0.0
1790154652,4,TTFT,completion,0.000000,0.000000,1600,1600,1600,1600,1600,1600,1600,1600,1600,1600,1600,12,0,1600,1833.2417500011313,1512.6907979138196,2666.038458002731,0.0
1790154652,4,,Aggregated,0.000000,0.000000,1600,1600,19000,19000,19000,19000,19000,19000,19000,19000,19000,36,0,1600,7831.987739868598,135.57508088259655,23636.254836106673,42.666666666666664
1790154653,4,POST,completion,0.000000,0.000000,19000,19000,19000,19000,19000,19000,19000,19000,19000,19000,19000,12,0,22000,21507.804095977917,18798.862559022382,23636.254836106673,128.0
1790154653,4,TPOT,completion,0.000000,0.000000,140,140,140,140,140,140,140,140,140,140,140,12,0,160,154.91737362673857,135.57508088259655,173.28465565320428,0.0
1790154653,4,TTFT,completion,0.000000,0.000000,1600,1600,1600,1600,1600,1600,1600,1600,1600,1600,1600,12,0,1600,1833.2417500011313,1512.6907979138196,2666.038458002731,0.0
1790154653,4,,Aggregated,0.000000,0.000000,1600,1600,19000,19000,19000,19000,19000,19000,19000,19000,19000,36,0,1600,7831.987739868598,135.57508088259655,23636.254836106673,42.666666666666664
1790154654,4,POST,completion,0.000000,0.000000,19000,19000,19000,19000,19000,19000,19000,19000,19000,19000,19000,12,0,22000,21507.804095977917,18798.862559022382,23636.254836106673,128.0
1790154654,4,TPOT,completion,0.000000,0.000000,140,140,140,140,140,140,140,140,140,140,140,12,0,160,154.91737362673857,135.57508088259655,173.28465565320428,0.0
1790154654,4,TTFT,completion,0.000000,0.000000,1600,1600,1600,1600,1600,1600,1600,1600,1600,1600,1600,12,0,1600,1833.2417500011313,1512.6907979138196,2666.038458002731,0.0
1790154654,4,,Aggregated,0.000000,0.000000,1600,1600,19000,19000,19000,19000,19000,19000,19000,19000,19000,36,0,1600,7831.987739868598,135.57508088259655,23636.254836106673,42.666666666666664
1790154655,4,POST,completion,0.000000,0.000000,19000,19000,19000,19000,19000,19000,19000,19000,19000,19000,19000,12,0,22000,21507.804095977917,18798.862559022382,23636.254836106673,128.0
1790154655,4,TPOT,completion,0.000000,0.000000,140,140,140,140,140,140,140,140,140,140,140,12,0,160,154.91737362673857,135.57508088259655,173.28465565320428,0.0
1790154655,4,TTFT,completion,0.000000,0.000000,1600,1600,1600,1600,1600,1600,1600,1600,1600,1600,1600,12,0,1600,1833.2417500011313,1512.6907979138196,2666.038458002731,0.0
1790154655,4,,Aggregated,0.000000,0.000000,1600,1600,19000,19000,19000,19000,19000,19000,19000,19000,19000,36,0,1600,7831.987739868598,135.57508088259655,23636.254836106673,42.666666666666664
1790154656,4,POST,completion,0.000000,0.000000,19000,19000,19000,19000,19000,19000,19000,19000,19000,19000,19000,12,0,22000,21507.804095977917,18798.862559022382,23636.254836106673,128.0
1790154656,4,TPOT,completion,0.000000,0.000000,140,140,140,140,140,140,140,140,140,140,140,12,0,160,154.91737362673857,135.57508088259655,173.28465565320428,0.0
1790154656,4,TTFT,completion,0.000000,0.000000,1600,1600,1600,1600,1600,1600,1600,1600,1600,1600,1600,12,0,1600,1833.2417500011313,1512.6907979138196,2666.038458002731,0.0
1790154656,4,,Aggregated,0.000000,0.000000,1600,1600,19000,19000,19000,19000,19000,19000,19000,19000,19000,36,0,1600,7831.987739868598,135.57508088259655,23636.254836106673,42.666666666666664
1790154657,4,POST,completion,0.000000,0.000000,19000,19000,19000,19000,19000,19000,19000,19000,19000,19000,19000,12,0,22000,21507.804095977917,18798.862559022382,23636.254836106673,128.0
1790154657,4,TPOT,completion,0.000000,0.000000,140,140,140,140,140,140,140,140,140,140,140,12,0,160,154.91737362673857,135.57508088259655,173.28465565320428,0.0
1790154657,4,TTFT,completion,0.000000,0.000000,1600,1600,1600,1600,1600,1600,1600,1600,1600,1600,1600,12,0,1600,1833.2417500011313,1512.6907979138196,2666.038458002731,0.0
1790154657,4,,Aggregated,0.000000,0.000000,1600,1600,19000,19000,19000,19000,19000,19000,19000,19000,19000,36,0,1600,7831.987739868598,135.57508088259655,23636.254836106673,42.666666666666664
1790154658,4,POST,completion,0.000000,0.000000,19000,19000,19000,19000,19000,19000,19000,19000,19000,19000,19000,12,0,22000,21507.804095977917,18798.862559022382,23636.254836106673,128.0
1790154658,4,TPOT,completion,0.000000,0.000000,140,140,140,140,140,140,140,140,140,140,140,12,0,160,154.91737362673857,135.57508088259655,173.28465565320428,0.0
1790154658,4,TTFT,completion,0.000000,0.000000,1600,1600,1600,1600,1600,1600,1600,1600,1600,1600,1600,12,0,1600,1833.2417500011313,1512.6907979138196,2666.038458002731,0.0
1790154658,4,,Aggregated,0.000000,0.000000,1600,1600,19000,19000,19000,19000,19000,19000,19000,19000,19000,36,0,1600,7831.987739868598,135.57508088259655,23636.254836106673,42.666666666666664
1790154659,4,POST,completion,0.000000,0.000000,19000,19000,19000,19000,19000,19000,19000,19000,19000,19000,19000,12,0,22000,21507.804095977917,18798.862559022382,23636.254836106673,128.0
1790154659,4,TPOT,completion,0.000000,0.000000,140,140,140,140,140,140,140,140,140,140,140,12,0,160,154.91737362673857,135.57508088259655,173.28465565320428,0.0
1790154659,4,TTFT,completion,0.000000,0.000000,1600,1600,1600,1600,1600,1600,1600,1600,1600,1600,1600,12,0,1600,1833.2417500011313,1512.6907979138196,2666.038458002731,0.0
1790154659,4,,Aggregated,0.000000,0.000000,1600,1600,19000,19000,19000,19000,19000,19000,19000,19000,19000,36,0,1600,7831.987739868598,135.57508088259655,23636.254836106673,42.666666666666664
1790154660,4,POST,completion,0.000000,0.000000,19000,19000,19000,19000,19000,19000,19000,19000,19000,19000,19000,12,0,22000,21507.804095977917,18798.862559022382,23636.254836106673,128.0
1790154660,4,TPOT,completion,0.000000,0.000000,140,140,140,140,140,140,140,140,140,140,140,12,0,160,154.91737362673857,135.57508088259655,173.28465565320428,0.0
1790154660,4,TTFT,completion,0.000000,0.000000,1600,1600,1600,1600,1600,1600,1600,1600,1600,1600,1600,12,0,1600,1833.2417500011313,1512.6907979138196,2666.038458002731,0.0
1790154660,4,,Aggregated,0.000000,0.000000,1600,1600,19000,19000,19000,19000,19000,19000,19000,19000,19000,36,0,1600,7831.987739868598,135.57508088259655,23636.254836106673,42.666666666666664
1790154661,4,POST,completion,0.000000,0.000000,0,0,0,0,0,0,0,0,0,0,0,12,0,22000,21507.804095977917,18798.862559022382,23636.254836106673,128.0
1790154661,4,TPOT,completion,0.000000,0.000000,0,0,0,0,0,0,0,0,0,0,0,12,0,160,154.91737362673857,135.57508088259655,173.28465565320428,0.0
1790154661,4,TTFT,completion,0.000000,0.000000,0,0,0,0,0,0,0,0,0,0,0,12,0,1600,1833.2417500011313,1512.6907979138196,2666.038458002731,0.0
1790154661,4,,Aggregated,0.000000,0.000000,0,0,0,0,0,0,0,0,0,0,0,36,0,1600,7831.987739868598,135.57508088259655,23636.254836106673,42.666666666666664
1790154662,4,POST,completion,0.000000,0.000000,0,0,0,0,0,0,0,0,0,0,0,12,0,22000,21507.804095977917,18798.862559022382,23636.254836106673,128.0
1790154662,4,TPOT,completion,0.000000,0.000000,0,0,0,0,0,0,0,0,0,0,0,12,0,160,154.91737362673857,135.57508088259655,173.28465565320428,0.0
1790154662,4,TTFT,completion,0.000000,0.000000,0,0,0,0,0,0,0,0,0,0,0,12,0,1600,1833.2417500011313,1512.6907979138196,2666.038458002731,0.0
1790154662,4,,Aggregated,0.000000,0.000000,0,0,0,0,0,0,0,0,0,0,0,36,0,1600,7831.987739868598,135.57508088259655,23636.254836106673,42.666666666666664
1790154663,4,POST,completion,0.000000,0.000000,0,0,0,0,0,0,0,0,0,0,0,12,0,22000,21507.804095977917,18798.862559022382,23636.254836106673,128.0
1790154663,4,TPOT,completion,0.000000,0.000000,0,0,0,0,0,0,0,0,0,0,0,12,0,160,154.91737362673857,135.57508088259655,173.28465565320428,0.0
1790154663,4,TTFT,completion,0.000000,0.000000,0,0,0,0,0,0,0,0,0,0,0,12,0,1600,1833.2417500011313,1512.6907979138196,2666.038458002731,0.0
1790154663,4,,Aggregated,0.000000,0.000000,0,0,0,0,0,0,0,0,0,0,0,36,0,1600,7831.987739868598,135.57508088259655,23636.254836106673,42.666666666666664
1790154664,4,POST,completion,0.000000,0.000000,0,0,0,0,0,0,0,0,0,0,0,12,0,22000,21507.804095977917,18798.862559022382,23636.254836106673,128.0
1790154664,4,TPOT,completion,0.000000,0.000000,0,0,0,0,0,0,0,0,0,0,0,12,0,160,154.91737362673857,135.57508088259655,173.28465565320428,0.0
1790154664,4,TTFT,completion,0.000000,0.000000,0,0,0,0,0,0,0,0,0,0,0,12,0,1600,1833.2417500011313,1512.6907979138196,2666.038458002731,0.0
1790154664,4,,Aggregated,0.000000,0.000000,0,0,0,0,0,0,0,0,0,0,0,36,0,1600,7831.987739868598,135.57508088259655,23636.254836106673,42.666666666666664
1790154665,4,POST,completion,0.000000,0.000000,0,0,0,0,0,0,0,0,0,0,0,12,0,22000,21507.804095977917,18798.862559022382,23636.254836106673,128.0
1790154665,4,TPOT,completion,0.000000,0.000000,0,0,0,0,0,0,0,0,0,0,0,12,0,160,154.91737362673857,135.57508088259655,173.28465565320428,0.0
1790154665,4,TTFT,completion,0.000000,0.000000,0,0,0,0,0,0,0,0,0,0,0,12,0,1600,1833.2417500011313,1512.6907979138196,2666.038458002731,0.0
1790154665,4,,Aggregated,0.000000,0.000000,0,0,0,0,0,0,0,0,0,0,0,36,0,1600,7831.987739868598,135.57508088259655,23636.254836106673,42.666666666666664
1790154666,4,POST,completion,0.000000,0.000000,0,0,0,0,0,0,0,0,0,0,0,12,0,22000,21507.804095977917,18798.862559022382,23636.254836106673,128.0
1790154666,4,TPOT,completion,0.000000,0.000000,0,0,0,0,0,0,0,0,0,0,0,12,0,160,154.91737362673857,135.57508088259655,173.28465565320428,0.0
1790154666,4,TTFT,completion,0.000000,0.000000,0,0,0,0,0,0,0,0,0,0,0,12,0,1600,1833.2417500011313,1512.6907979138196,2666.038458002731,0.0
1790154666,4,,Aggregated,0.000000,0.000000,0,0,0,0,0,0,0,0,0,0,0,36,0,1600,7831.987739868598,135.57508088259655,23636.254836106673,42.666666666666664
1790154667,4,POST,completion,0.000000,0.000000,0,0,0,0,0,0,0,0,0,0,0,12,0,22000,21507.804095977917,18798.862559022382,23636.254836106673,128.0
1790154667,4,TPOT,completion,0.000000,0.000000,0,0,0,0,0,0,0,0,0,0,0,12,0,160,154.91737362673857,135.57508088259655,173.28465565320428,0.0
1790154667,4,TTFT,completion,0.000000,0.000000,0,0,0,0,0,0,0,0,0,0,0,12,0,1600,1833.2417500011313,1512.6907979138196,2666.038458002731,0.0
1790154667,4,,Aggregated,0.000000,0.000000,0,0,0,0,0,0,0,0,0,0,0,36,0,1600,7831.987739868598,135.57508088259655,23636.254836106673,42.666666666666664
1790154668,4,POST,completion,0.000000,0.000000,0,0,0,0,0,0,0,0,0,0,0,12,0,22000,21507.804095977917,18798.862559022382,23636.254836106673,128.0
1790154668,4,TPOT,completion,0.000000,0.000000,0,0,0,0,0,0,0,0,0,0,0,12,0,160,154.91737362673857,135.57508088259655,173.28465565320428,0.0
1790154668,4,TTFT,completion,0.000000,0.000000,0,0,0,0,0,0,0,0,0,0,0,12,0,1600,1833.2417500011313,1512.6907979138196,2666.038458002731,0.0
1790154668,4,,Aggregated,0.000000,0.000000,0,0,0,0,0,0,0,0,0,0,0,36,0,1600,7831.987739868598,135.57508088259655,23636.254836106673,42.666666666666664
1790154669,4,POST,completion,0.000000,0.000000,0,0,0,0,0,0,0,0,0,0,0,12,0,22000,21507.804095977917,18798.862559022382,23636.254836106673,128.0
1790154669,4,TPOT,completion,0.000000,0.000000,0,0,0,0,0,0,0,0,0,0,0,12,0,160,154.91737362673857,135.57508088259655,173.28465565320428,0.0
1790154669,4,TTFT,completion,0.000000,0.000000,0,0,0,0,0,0,0,0,0,0,0,12,0,1600,1833.2417500011313,1512.6907979138196,2666.038458002731,0.0
1790154669,4,,Aggregated,0.000000,0.000000,0,0,0,0,0,0,0,0,0,0,0,36,0,1600,7831.987739868598,135.57508088259655,23636.254836106673,42.666666666666664
1790154670,4,POST,completion,0.000000,0.000000,0,0,0,0,0,0,0,0,0,0,0,12,0,22000,21507.804095977917,18798.862559022382,23636.254836106673,128.0
1790154670,4,TPOT,completion,0.000000,0.000000,0,0,0,0,0,0,0,0,0,0,0,12,0,160,154.91737362673857,135.57508088259655,173.28465565320428,0.0
1790154670,4,TTFT,completion,0.000000,0.000000,0,0,0,0,0,0,0,0,0,0,0,12,0,1600,1833.2417500011313,1512.6907979138196,2666.038458002731,0.0
1790154670,4,,Aggregated,0.000000,0.000000,0,0,0,0,0,0,0,0,0,0,0,36,0,1600,7831.987739868598,135.57508088259655,23636.254836106673,42.666666666666664
1790154671,4,POST,completion,0.000000,0.000000,0,0,0,0,0,0,0,0,0,0,0,12,0,22000,21507.804095977917,18798.862559022382,23636.254836106673,128.0
1790154671,4,TPOT,completion,0.000000,0.000000,0,0,0,0,0,0,0,0,0,0,0,12,0,160,154.91737362673857,135.57508088259655,173.28465565320428,0.0
1790154671,4,TTFT,completion,0.000000,0.000000,0,0,0,0,0,0,0,0,0,0,0,12,0,1600,1833.2417500011313,1512.6907979138196,2666.038458002731,0.0
1790154671,4,,Aggregated,0.000000,0.000000,0,0,0,0,0,0,0,0,0,0,0,36,0,1600,7831.987739868598,135.57508088259655,23636.254836106673,42.666666666666664
1790154672,4,POST,completion,0.000000,0.000000,0,0,0,0,0,0,0,0,0,0,0,12,0,22000,21507.804095977917,18798.862559022382,23636.254836106673,128.0
1790154672,4,TPOT,completion,0.000000,0.000000,0,0,0,0,0,0,0,0,0,0,0,12,0,160,154.91737362673857,135.57508088259655,173.28465565320428,0.0
1790154672,4,TTFT,completion,0.000000,0.000000,0,0,0,0,0,0,0,0,0,0,0,12,0,1600,1833.2417500011313,1512.6907979138196,2666.038458002731,0.0
1790154672,4,,Aggregated,0.000000,0.000000,0,0,0,0,0,0,0,0,0,0,0,36,0,1600,7831.987739868598,135.57508088259655,23636.254836106673,42.666666666666664
1790154673,4,POST,completion,0.000000,0.000000,0,0,0,0,0,0,0,0,0,0,0,12,0,22000,21507.804095977917,18798.862559022382,23636.254836106673,128.0
1790154673,4,TPOT,completion,0.000000,0.000000,0,0,0,0,0,0,0,0,0,0,0,12,0,160,154.91737362673857,135.57508088259655,173.28465565320428,0.0
1790154673,4,TTFT,completion,0.000000,0.000000,0,0,0,0,0,0,0,0,0,0,0,12,0,1600,1833.2417500011313,1512.6907979138196,2666.038458002731,0.0
1790154673,4,,Aggregated,0.000000,0.000000,0,0,0,0,0,0,0,0,0,0,0,36,0,1600,7831.987739868598,135.57508088259655,23636.254836106673,42.666666666666664
1790154674,4,POST,completion,0.000000,0.000000,0,0,0,0,0,0,0,0,0,0,0,12,0,22000,21507.804095977917,18798.862559022382,23636.254836106673,128.0
1790154674,4,TPOT,completion,0.000000,0.000000,0,0,0,0,0,0,0,0,0,0,0,12,0,160,154.91737362673857,135.57508088259655,173.28465565320428,0.0
1790154674,4,TTFT,completion,0.000000,0.000000,0,0,0,0,0,0,0,0,0,0,0,12,0,1600,1833.2417500011313,1512.6907979138196,2666.038458002731,0.0
1790154674,4,,Aggregated,0.000000,0.000000,0,0,0,0,0,0,0,0,0,0,0,36,0,1600,7831.987739868598,135.57508088259655,23636.254836106673,42.666666666666664
1790154675,4,POST,completion,0.000000,0.000000,0,0,0,0,0,0,0,0,0,0,0,12,0,22000,21507.804095977917,18798.862559022382,23636.254836106673,128.0
1790154675,4,TPOT,completion,0.000000,0.000000,0,0,0,0,0,0,0,0,0,0,0,12,0,160,154.91737362673857,135.57508088259655,173.28465565320428,0.0
1790154675,4,TTFT,completion,0.000000,0.000000,0,0,0,0,0,0,0,0,0,0,0,12,0,1600,1833.2417500011313,1512.6907979138196,2666.038458002731,0.0
1790154675,4,,Aggregated,0.000000,0.000000,0,0,0,0,0,0,0,0,0,0,0,36,0,1600,7831.987739868598,135.57508088259655,23636.254836106673,42.666666666666664
1790154676,4,POST,completion,0.000000,0.000000,0,0,0,0,0,0,0,0,0,0,0,12,0,22000,21507.804095977917,18798.862559022382,23636.254836106673,128.0
1790154676,4,TPOT,completion,0.000000,0.000000,0,0,0,0,0,0,0,0,0,0,0,12,0,160,154.91737362673857,135.57508088259655,173.28465565320428,0.0
1790154676,4,TTFT,completion,0.000000,0.000000,0,0,0,0,0,0,0,0,0,0,0,12,0,1600,1833.2417500011313,1512.6907979138196,2666.038458002731,0.0
1790154676,4,,Aggregated,0.000000,0.000000,0,0,0,0,0,0,0,0,0,0,0,36,0,1600,7831.987739868598,135.57508088259655,23636.254836106673,42.666666666666664
1790154677,4,POST,completion,0.000000,0.000000,0,0,0,0,0,0,0,0,0,0,0,12,0,22000,21507.804095977917,18798.862559022382,23636.254836106673,128.0
1790154677,4,TPOT,completion,0.000000,0.000000,0,0,0,0,0,0,0,0,0,0,0,12,0,160,154.91737362673857,135.57508088259655,173.28465565320428,0.0
1790154677,4,TTFT,completion,0.000000,0.000000,0,0,0,0,0,0,0,0,0,0,0,12,0,1600,1833.2417500011313,1512.6907979138196,2666.038458002731,0.0
1790154677,4,,Aggregated,0.000000,0.000000,0,0,0,0,0,0,0,0,0,0,0,36,0,1600,7831.987739868598,135.57508088259655,23636.254836106673,42.666666666666664
1790154678,4,POST,completion,0.000000,0.000000,0,0,0,0,0,0,0,0,0,0,0,12,0,22000,21507.804095977917,18798.862559022382,23636.254836106673,128.0
1790154678,4,TPOT,completion,0.000000,0.000000,0,0,0,0,0,0,0,0,0,0,0,12,0,160,154.91737362673857,135.57508088259655,173.28465565320428,0.0
1790154678,4,TTFT,completion,0.000000,0.000000,0,0,0,0,0,0,0,0,0,0,0,12,0,1600,1833.2417500011313,1512.6907979138196,2666.038458002731,0.0
1790154678,4,,Aggregated,0.000000,0.000000,0,0,0,0,0,0,0,0,0,0,0,36,0,1600,7831.987739868598,135.57508088259655,23636.254836106673,42.666666666666664
1790154679,4,POST,completion,0.000000,0.000000,0,0,0,0,0,0,0,0,0,0,0,12,0,22000,21507.804095977917,18798.862559022382,23636.254836106673,128.0
1790154679,4,TPOT,completion,0.000000,0.000000,0,0,0,0,0,0,0,0,0,0,0,12,0,160,154.91737362673857,135.57508088259655,173.28465565320428,0.0
1790154679,4,TTFT,completion,0.000000,0.000000,0,0,0,0,0,0,0,0,0,0,0,12,0,1600,1833.2417500011313,1512.6907979138196,2666.038458002731,0.0
1790154679,4,,Aggregated,0.000000,0.000000,0,0,0,0,0,0,0,0,0,0,0,36,0,1600,7831.987739868598,135.57508088259655,23636.254836106673,42.666666666666664
1790154680,4,POST,completion,0.000000,0.000000,0,0,0,0,0,0,0,0,0,0,0,12,0,22000,21507.804095977917,18798.862559022382,23636.254836106673,128.0
1790154680,4,TPOT,completion,0.000000,0.000000,0,0,0,0,0,0,0,0,0,0,0,12,0,160,154.91737362673857,135.57508088259655,173.28465565320428,0.0
1790154680,4,TTFT,completion,0.000000,0.000000,0,0,0,0,0,0,0,0,0,0,0,12,0,1600,1833.2417500011313,1512.6907979138196,2666.038458002731,0.0
1790154680,4,,Aggregated,0.000000,0.000000,0,0,0,0,0,0,0,0,0,0,0,36,0,1600,7831.987739868598,135.57508088259655,23636.254836106673,42.666666666666664
1790154681,4,POST,completion,0.000000,0.000000,0,0,0,0,0,0,0,0,0,0,0,12,0,22000,21507.804095977917,18798.862559022382,23636.254836106673,128.0
1790154681,4,TPOT,completion,0.000000,0.000000,0,0,0,0,0,0,0,0,0,0,0,12,0,160,154.91737362673857,135.57508088259655,173.28465565320428,0.0
1790154681,4,TTFT,completion,0.000000,0.000000,0,0,0,0,0,0,0,0,0,0,0,12,0,1600,1833.2417500011313,1512.6907979138196,2666.038458002731,0.0
1790154681,4,,Aggregated,0.000000,0.000000,0,0,0,0,0,0,0,0,0,0,0,36,0,1600,7831.987739868598,135.57508088259655,23636.254836106673,42.666666666666664
1790154682,4,POST,completion,0.000000,0.000000,0,0,0,0,0,0,0,0,0,0,0,12,0,22000,21507.804095977917,18798.862559022382,23636.254836106673,128.0
1790154682,4,TPOT,completion,0.000000,0.000000,0,0,0,0,0,0,0,0,0,0,0,12,0,160,154.91737362673857,135.57508088259655,173.28465565320428,0.0
1790154682,4,TTFT,completion,0.000000,0.000000,0,0,0,0,0,0,0,0,0,0,0,12,0,1600,1833.2417500011313,1512.6907979138196,2666.038458002731,0.0
1790154682,4,,Aggregated,0.000000,0.000000,0,0,0,0,0,0,0,0,0,0,0,36,0,1600,7831.987739868598,135.57508088259655,23636.254836106673,42.666666666666664
1790154683,4,POST,completion,0.000000,0.000000,0,0,0,0,0,0,0,0,0,0,0,12,0,22000,21507.804095977917,18798.862559022382,23636.254836106673,128.0
1790154683,4,TPOT,completion,0.000000,0.000000,0,0,0,0,0,0,0,0,0,0,0,12,0,160,154.91737362673857,135.57508088259655,173.28465565320428,0.0
1790154683,4,TTFT,completion,0.000000,0.000000,0,0,0,0,0,0,0,0,0,0,0,12,0,1600,1833.2417500011313,1512.6907979138196,2666.038458002731,0.0
1790154683,4,,Aggregated,0.000000,0.000000,0,0,0,0,0,0,0,0,0,0,0,36,0,1600,7831.987739868598,135.57508088259655,23636.254836106673,42.666666666666664
1790154684,4,POST,completion,0.000000,0.000000,0,0,0,0,0,0,0,0,0,0,0,12,0,22000,21507.804095977917,18798.862559022382,23636.254836106673,128.0
1790154684,4,TPOT,completion,0.000000,0.000000,0,0,0,0,0,0,0,0,0,0,0,12,0,160,154.91737362673857,135.57508088259655,173.28465565320428,0.0
1790154684,4,TTFT,completion,0.000000,0.000000,0,0,0,0,0,0,0,0,0,0,0,12,0,1600,1833.2417500011313,1512.6907979138196,2666.038458002731,0.0
1790154684,4,,Aggregated,0.000000,0.000000,0,0,0,0,0,0,0,0,0,0,0,36,0,1600,7831.987739868598,135.57508088259655,23636.254836106673,42.666666666666664
1790154685,4,POST,completion,0.000000,0.000000,0,0,0,0,0,0,0,0,0,0,0,12,0,22000,21507.804095977917,18798.862559022382,23636.254836106673,128.0
1790154685,4,TPOT,completion,0.000000,0.000000,0,0,0,0,0,0,0,0,0,0,0,12,0,160,154.91737362673857,135.57508088259655,173.28465565320428,0.0
1790154685,4,TTFT,completion,0.000000,0.000000,0,0,0,0,0,0,0,0,0,0,0,12,0,1600,1833.2417500011313,1512.6907979138196,2666.038458002731,0.0
1790154685,4,,Aggregated,0.000000,0.000000,0,0,0,0,0,0,0,0,0,0,0,36,0,1600,7831.987739868598,135.57508088259655,23636.254836106673,42.666666666666664
1790154686,4,POST,completion,0.000000,0.000000,0,0,0,0,0,0,0,0,0,0,0,12,0,22000,21507.804095977917,18798.862559022382,23636.254836106673,128.0
1790154686,4,TPOT,completion,0.000000,0.000000,0,0,0,0,0,0,0,0,0,0,0,12,0,160,154.91737362673857,135.57508088259655,173.28465565320428,0.0
1790154686,4,TTFT,completion,0.000000,0.000000,0,0,0,0,0,0,0,0,0,0,0,12,0,1600,1833.2417500011313,1512.6907979138196,2666.038458002731,0.0
1790154686,4,,Aggregated,0.000000,0.000000,0,0,0,0,0,0,0,0,0,0,0,36,0,1600,7831.987739868598,135.57508088259655,23636.254836106673,42.666666666666664
1790154687,4,POST,completion,0.000000,0.000000,0,0,0,0,0,0,0,0,0,0,0,12,0,22000,21507.804095977917,18798.862559022382,23636.254836106673,128.0
1790154687,4,TPOT,completion,0.000000,0.000000,0,0,0,0,0,0,0,0,0,0,0,12,0,160,154.91737362673857,135.57508088259655,173.28465565320428,0.0
1790154687,4,TTFT,completion,0.000000,0.000000,0,0,0,0,0,0,0,0,0,0,0,12,0,1600,1833.2417500011313,1512.6907979138196,2666.038458002731,0.0
1790154687,4,,Aggregated,0.000000,0.000000,0,0,0,0,0,0,0,0,0,0,0,36,0,1600,7831.987739868598,135.57508088259655,23636.254836106673,42.666666666666664
1790154688,4,POST,completion,0.000000,0.000000,0,0,0,0,0,0,0,0,0,0,0,12,0,22000,21507.804095977917,18798.862559022382,23636.254836106673,128.0
1790154688,4,TPOT,completion,0.000000,0.000000,0,0,0,0,0,0,0,0,0,0,0,12,0,160,154.91737362673857,135.57508088259655,173.28465565320428,0.0
1790154688,4,TTFT,completion,0.000000,0.000000,0,0,0,0,0,0,0,0,0,0,0,12,0,1600,1833.2417500011313,1512.6907979138196,2666.038458002731,0.0
1790154688,4,,Aggregated,0.000000,0.000000,0,0,0,0,0,0,0,0,0,0,0,36,0,1600,7831.987739868598,135.57508088259655,23636.254836106673,42.666666666666664
1790154689,4,POST,completion,0.000000,0.000000,0,0,0,0,0,0,0,0,0,0,0,12,0,22000,21507.804095977917,18798.862559022382,23636.254836106673,128.0
1790154689,4,TPOT,completion,0.000000,0.000000,0,0,0,0,0,0,0,0,0,0,0,12,0,160,154.91737362673857,135.57508088259655,173.28465565320428,0.0
1790154689,4,TTFT,completion,0.000000,0.000000,0,0,0,0,0,0,0,0,0,0,0,12,0,1600,1833.2417500011313,1512.6907979138196,2666.038458002731,0.0
1790154689,4,,Aggregated,0.000000,0.000000,0,0,0,0,0,0,0,0,0,0,0,36,0,1600,7831.987739868598,135.57508088259655,23636.254836106673,42.666666666666664
1790154690,4,POST,completion,0.000000,0.000000,0,0,0,0,0,0,0,0,0,0,0,12,0,22000,21507.804095977917,18798.862559022382,23636.254836106673,128.0
1790154690,4,TPOT,completion,0.000000,0.000000,0,0,0,0,0,0,0,0,0,0,0,12,0,160,154.91737362673857,135.57508088259655,173.28465565320428,0.0
1790154690,4,TTFT,completion,0.000000,0.000000,0,0,0,0,0,0,0,0,0,0,0,12,0,1600,1833.2417500011313,1512.6907979138196,2666.038458002731,0.0
1790154690,4,,Aggregated,0.000000,0.000000,0,0,0,0,0,0,0,0,0,0,0,36,0,1600,7831.987739868598,135.57508088259655,23636.254836106673,42.666666666666664
1790154691,4,POST,completion,0.000000,0.000000,0,0,0,0,0,0,0,0,0,0,0,12,0,22000,21507.804095977917,18798.862559022382,23636.254836106673,128.0
1790154691,4,TPOT,completion,0.000000,0.000000,0,0,0,0,0,0,0,0,0,0,0,12,0,160,154.91737362673857,135.57508088259655,173.28465565320428,0.0
1790154691,4,TTFT,completion,0.000000,0.000000,0,0,0,0,0,0,0,0,0,0,0,12,0,1600,1833.2417500011313,1512.6907979138196,2666.038458002731,0.0
1790154691,4,,Aggregated,0.000000,0.000000,0,0,0,0,0,0,0,0,0,0,0,36,0,1600,7831.987739868598,135.57508088259655,23636.254836106673,42.666666666666664
1790154692,4,POST,completion,0.000000,0.000000,0,0,0,0,0,0,0,0,0,0,0,12,0,22000,21507.804095977917,18798.862559022382,23636.254836106673,128.0
1790154692,4,TPOT,completion,0.000000,0.000000,0,0,0,0,0,0,0,0,0,0,0,12,0,160,154.91737362673857,135.57508088259655,173.28465565320428,0.0
1790154692,4,TTFT,completion,0.000000,0.000000,0,0,0,0,0,0,0,0,0,0,0,12,0,1600,1833.2417500011313,1512.6907979138196,2666.038458002731,0.0
1790154692,4,,Aggregated,0.000000,0.000000,0,0,0,0,0,0,0,0,0,0,0,36,0,1600,7831.987739868598,135.57508088259655,23636.254836106673,42.666666666666664
1790154693,4,POST,completion,0.000000,0.000000,0,0,0,0,0,0,0,0,0,0,0,12,0,22000,21507.804095977917,18798.862559022382,23636.254836106673,128.0
1790154693,4,TPOT,completion,0.000000,0.000000,0,0,0,0,0,0,0,0,0,0,0,12,0,160,154.91737362673857,135.57508088259655,173.28465565320428,0.0
1790154693,4,TTFT,completion,0.000000,0.000000,0,0,0,0,0,0,0,0,0,0,0,12,0,1600,1833.2417500011313,1512.6907979138196,2666.038458002731,0.0
1790154693,4,,Aggregated,0.000000,0.000000,0,0,0,0,0,0,0,0,0,0,0,36,0,1600,7831.987739868598,135.57508088259655,23636.254836106673,42.666666666666664
1790154694,4,POST,completion,0.000000,0.000000,0,0,0,0,0,0,0,0,0,0,0,12,0,22000,21507.804095977917,18798.862559022382,23636.254836106673,128.0
1790154694,4,TPOT,completion,0.000000,0.000000,0,0,0,0,0,0,0,0,0,0,0,12,0,160,154.91737362673857,135.57508088259655,173.28465565320428,0.0
1790154694,4,TTFT,completion,0.000000,0.000000,0,0,0,0,0,0,0,0,0,0,0,12,0,1600,1833.2417500011313,1512.6907979138196,2666.038458002731,0.0
1790154694,4,,Aggregated,0.000000,0.000000,0,0,0,0,0,0,0,0,0,0,0,36,0,1600,7831.987739868598,135.57508088259655,23636.254836106673,42.666666666666664
1790154695,4,POST,completion,0.000000,0.000000,0,0,0,0,0,0,0,0,0,0,0,12,0,22000,21507.804095977917,18798.862559022382,23636.254836106673,128.0
1790154695,4,TPOT,completion,0.000000,0.000000,0,0,0,0,0,0,0,0,0,0,0,12,0,160,154.91737362673857,135.57508088259655,173.28465565320428,0.0
1790154695,4,TTFT,completion,0.000000,0.000000,0,0,0,0,0,0,0,0,0,0,0,12,0,1600,1833.2417500011313,1512.6907979138196,2666.038458002731,0.0
1790154695,4,,Aggregated,0.000000,0.000000,0,0,0,0,0,0,0,0,0,0,0,36,0,1600,7831.987739868598,135.57508088259655,23636.254836106673,42.666666666666664
1790154696,4,POST,completion,0.000000,0.000000,0,0,0,0,0,0,0,0,0,0,0,12,0,22000,21507.804095977917,18798.862559022382,23636.254836106673,128.0
1790154696,4,TPOT,completion,0.000000,0.000000,0,0,0,0,0,0,0,0,0,0,0,12,0,160,154.91737362673857,135.57508088259655,173.28465565320428,0.0
1790154696,4,TTFT,completion,0.000000,0.000000,0,0,0,0,0,0,0,0,0,0,0,12,0,1600,1833.2417500011313,1512.6907979138196,2666.038458002731,0.0
1790154696,4,,Aggregated,0.000000,0.000000,0,0,0,0,0,0,0,0,0,0,0,36,0,1600,7831.987739868598,135.57508088259655,23636.254836106673,42.666666666666664
1790154697,4,POST,completion,0.000000,0.000000,0,0,0,0,0,0,0,0,0,0,0,12,0,22000,21507.804095977917,18798.862559022382,23636.254836106673,128.0
1790154697,4,TPOT,completion,0.000000,0.000000,0,0,0,0,0,0,0,0,0,0,0,12,0,160,154.91737362673857,135.57508088259655,173.28465565320428,0.0
1790154697,4,TTFT,completion,0.000000,0.000000,0,0,0,0,0,0,0,0,0,0,0,12,0,1600,1833.2417500011313,1512.6907979138196,2666.038458002731,0.0
1790154697,4,,Aggregated,0.000000,0.000000,0,0,0,0,0,0,0,0,0,0,0,36,0,1600,7831.987739868598,135.57508088259655,23636.254836106673,42.666666666666664
1790154698,4,POST,completion,0.000000,0.000000,0,0,0,0,0,0,0,0,0,0,0,12,0,22000,21507.804095977917,18798.862559022382,23636.254836106673,128.0
1790154698,4,TPOT,completion,0.000000,0.000000,0,0,0,0,0,0,0,0,0,0,0,12,0,160,154.91737362673857,135.57508088259655,173.28465565320428,0.0
1790154698,4,TTFT,completion,0.000000,0.000000,0,0,0,0,0,0,0,0,0,0,0,12,0,1600,1833.2417500011313,1512.6907979138196,2666.038458002731,0.0
1790154698,4,,Aggregated,0.000000,0.000000,0,0,0,0,0,0,0,0,0,0,0,36,0,1600,7831.987739868598,135.57508088259655,23636.254836106673,42.666666666666664
1790154699,4,POST,completion,0.000000,0.000000,0,0,0,0,0,0,0,0,0,0,0,12,0,22000,21507.804095977917,18798.862559022382,23636.254836106673,128.0
1790154699,4,TPOT,completion,0.000000,0.000000,0,0,0,0,0,0,0,0,0,0,0,12,0,160,154.91737362673857,135.57508088259655,173.28465565320428,0.0
1790154699,4,TTFT,completion,0.000000,0.000000,0,0,0,0,0,0,0,0,0,0,0,12,0,1600,1833.2417500011313,1512.6907979138196,2666.038458002731,0.0
1790154699,4,,Aggregated,0.000000,0.000000,0,0,0,0,0,0,0,0,0,0,0,36,0,1600,7831.987739868598,135.57508088259655,23636.254836106673,42.666666666666664
1790154700,4,POST,completion,0.000000,0.000000,0,0,0,0,0,0,0,0,0,0,0,12,0,22000,21507.804095977917,18798.862559022382,23636.254836106673,128.0
1790154700,4,TPOT,completion,0.000000,0.000000,0,0,0,0,0,0,0,0,0,0,0,12,0,160,154.91737362673857,135.57508088259655,173.28465565320428,0.0
1790154700,4,TTFT,completion,0.000000,0.000000,0,0,0,0,0,0,0,0,0,0,0,12,0,1600,1833.2417500011313,1512.6907979138196,2666.038458002731,0.0
1790154700,4,,Aggregated,0.000000,0.000000,0,0,0,0,0,0,0,0,0,0,0,36,0,1600,7831.987739868598,135.57508088259655,23636.254836106673,42.666666666666664
1790154701,4,POST,completion,0.000000,0.000000,0,0,0,0,0,0,0,0,0,0,0,15,0,22000,21773.674500981968,18798.862559022382,23700.052397092804,128.0
1790154701,4,TPOT,completion,0.000000,0.000000,0,0,0,0,0,0,0,0,0,0,0,15,0,160,156.72434444314362,135.57508088259655,174.722884607494,0.0
1790154701,4,TTFT,completion,0.000000,0.000000,0,0,0,0,0,0,0,0,0,0,0,15,0,1600,1869.6280752619107,1510.188973043114,2666.038458002731,0.0
1790154701,4,,Aggregated,0.000000,0.000000,0,0,0,0,0,0,0,0,0,0,0,45,0,1600,7933.342306895675,135.57508088259655,23700.052397092804,42.666666666666664
1790154702,4,POST,completion,0.000000,0.000000,23000,23000,24000,24000,24000,24000,24000,24000,24000,24000,24000,15,0,22000,21773.674500981968,18798.862559022382,23700.052397092804,128.0
1790154702,4,TPOT,completion,0.000000,0.000000,160,160,170,170,170,170,170,170,170,170,170,15,0,160,156.72434444314362,135.57508088259655,174.722884607494,0.0
1790154702,4,TTFT,completion,0.000000,0.000000,2000,2000,2500,2500,2500,2500,2500,2500,2500,2500,2500,15,0,1600,1869.6280752619107,1510.188973043114,2666.038458002731,0.0
1790154702,4,,Aggregated,0.000000,0.000000,2000,2500,22000,23000,24000,24000,24000,24000,24000,24000,24000,45,0,1600,7933.342306895675,135.57508088259655,23700.052397092804,42.666666666666664
1790154703,4,POST,completion,0.000000,0.000000,23000,23000,24000,24000,24000,24000,24000,24000,24000,24000,24000,16,0,22000,21636.257077363553,18798.862559022382,23700.052397092804,128.0
1790154703,4,TPOT,completion,0.000000,0.000000,160,160,170,170,170,170,170,170,170,170,170,16,0,160,155.64586078314068,135.57508088259655,174.722884607494,0.0
1790154703,4,TTFT,completion,0.000000,0.000000,2000,2000,2500,2500,2500,2500,2500,2500,2500,2500,2500,16,0,1700,1869.1778508655261,1510.188973043114,2666.038458002731,0.0
1790154703,4,,Aggregated,0.000000,0.000000,2000,2500,22000,22000,23000,24000,24000,24000,24000,24000,24000,48,0,1700,7887.026929670741,135.57508088259655,23700.052397092804,42.666666666666664
1790154704,4,POST,completion,0.000000,0.000000,23000,23000,24000,24000,24000,24000,24000,24000,24000,24000,24000,16,0,22000,21636.257077363553,18798.862559022382,23700.052397092804,128.0
1790154704,4,TPOT,completion,0.000000,0.000000,160,160,170,170,170,170,170,170,170,170,170,16,0,160,155.64586078314068,135.57508088259655,174.722884607494,0.0
1790154704,4,TTFT,completion,0.000000,0.000000,2000,2000,2500,2500,2500,2500,2500,2500,2500,2500,2500,16,0,1700,1869.1778508655261,1510.188973043114,2666.038458002731,0.0
1790154704,4,,Aggregated,0.000000,0.000000,2000,2500,22000,22000,23000,24000,24000,24000,24000,24000,24000,48,0,1700,7887.026929670741,135.57508088259655,23700.052397092804,42.666666666666664
1790154705,4,POST,completion,0.000000,0.000000,23000,23000,24000,24000,24000,24000,24000,24000,24000,24000,24000,16,0,22000,21636.257077363553,18798.862559022382,23700.052397092804,128.0
1790154705,4,TPOT,completion,0.000000,0.000000,160,160,170,170,170,170,170,170,170,170,170,16,0,160,155.64586078314068,135.57508088259655,174.722884607494,0.0
1790154705,4,TTFT,completion,0.000000,0.000000,2000,2000,2500,2500,2500,2500,2500,2500,2500,2500,2500,16,0,1700,1869.1778508655261,1510.188973043114,2666.038458002731,0.0
1790154705,4,,Aggregated,0.000000,0.000000,2000,2500,22000,22000,23000,24000,24000,24000,24000,24000,24000,48,0,1700,7887.026929670741,135.57508088259655,23700.052397092804,42.666666666666664
1790154706,4,POST,completion,0.000000,0.000000,23000,23000,24000,24000,24000,24000,24000,24000,24000,24000,24000,16,0,22000,21636.257077363553,18798.862559022382,23700.052397092804,128.0
1790154706,4,TPOT,completion,0.000000,0.000000,160,160,170,170,170,170,170,170,170,170,170,16,0,160,155.64586078314068,135.57508088259655,174.722884607494,0.0
1790154706,4,TTFT,completion,0.000000,0.000000,2000,2000,2500,2500,2500,2500,2500,2500,2500,2500,2500,16,0,1700,1869.1778508655261,1510.188973043114,2666.038458002731,0.0
1790154706,4,,Aggregated,0.000000,0.000000,2000,2500,22000,22000,23000,24000,24000,24000,24000,24000,24000,48,0,1700,7887.026929670741,135.57508088259655,23700.052397092804,42.666666666666664
1790154707,4,POST,completion,0.000000,0.000000,23000,23000,24000,24000,24000,24000,24000,24000,24000,24000,24000,16,0,22000,21636.257077363553,18798.862559022382,23700.052397092804,128.0
1790154707,4,TPOT,completion,0.000000,0.000000,160,160,170,170,170,170,170,170,170,170,170,16,0,160,155.64586078314068,135.57508088259655,174.722884607494,0.0
1790154707,4,TTFT,completion,0.000000,0.000000,2000,2000,2500,2500,2500,2500,2500,2500,2500,2500,2500,16,0,1700,1869.1778508655261,1510.188973043114,2666.038458002731,0.0
1790154707,4,,Aggregated,0.000000,0.000000,2000,2500,22000,22000,23000,24000,24000,24000,24000,24000,24000,48,0,1700,7887.026929670741,135.57508088259655,23700.052397092804,42.666666666666664
1790154708,4,POST,completion,0.000000,0.000000,23000,23000,24000,24000,24000,24000,24000,24000,24000,24000,24000,16,0,22000,21636.257077363553,18798.862559022382,23700.052397092804,128.0
1790154708,4,TPOT,completion,0.000000,0.000000,160,160,170,170,170,170,170,170,170,170,170,16,0,160,155.64586078314068,135.57508088259655,174.722884607494,0.0
1790154708,4,TTFT,completion,0.000000,0.000000,2000,2000,2500,2500,2500,2500,2500,2500,2500,2500,2500,16,0,1700,1869.1778508655261,1510.188973043114,2666.038458002731,0.0
1790154708,4,,Aggregated,0.000000,0.000000,2000,2500,22000,22000,23000,24000,24000,24000,24000,24000,24000,48,0,1700,7887.026929670741,135.57508088259655,23700.052397092804,42.666666666666664
1790154709,4,POST,completion,0.000000,0.000000,23000,23000,24000,24000,24000,24000,24000,24000,24000,24000,24000,16,0,22000,21636.257077363553,18798.862559022382,23700.052397092804,128.0
1790154709,4,TPOT,completion,0.000000,0.000000,160,160,170,170,170,170,170,170,170,170,170,16,0,160,155.64586078314068,135.57508088259655,174.722884607494,0.0
1790154709,4,TTFT,completion,0.000000,0.000000,2000,2000,2500,2500,2500,2500,2500,2500,2500,2500,2500,16,0,1700,1869.1778508655261,1510.188973043114,2666.038458002731,0.0
1790154709,4,,Aggregated,0.000000,0.000000,2000,2500,22000,22000,23000,24000,24000,24000,24000,24000,24000,48,0,1700,7887.026929670741,135.57508088259655,23700.052397092804,42.666666666666664
1790154710,4,POST,completion,0.000000,0.000000,23000,23000,24000,24000,24000,24000,24000,24000,24000,24000,24000,16,0,22000,21636.257077363553,18798.862559022382,23700.052397092804,128.0
1790154710,4,TPOT,completion,0.000000,0.000000,160,160,170,170,170,170,170,170,170,170,170,16,0,160,155.64586078314068,135.57508088259655,174.722884607494,0.0
1790154710,4,TTFT,completion,0.000000,0.000000,2000,2000,2500,2500,2500,2500,2500,2500,2500,2500,2500,16,0,1700,1869.1778508655261,1510.188973043114,2666.038458002731,0.0
1790154710,4,,Aggregated,0.000000,0.000000,2000,2500,22000,22000,23000,24000,24000,24000,24000,24000,24000,48,0,1700,7887.026929670741,135.57508088259655,23700.052397092804,42.666666666666664
1790154711,4,POST,completion,0.000000,0.000000,23000,23000,24000,24000,24000,24000,24000,24000,24000,24000,24000,16,0,22000,21636.257077363553,18798.862559022382,23700.052397092804,128.0
1790154711,4,TPOT,completion,0.000000,0.000000,160,160,170,170,170,170,170,170,170,170,170,16,0,160,155.64586078314068,135.57508088259655,174.722884607494,0.0
1790154711,4,TTFT,completion,0.000000,0.000000,2000,2000,2500,2500,2500,2500,2500,2500,2500,2500,2500,16,0,1700,1869.1778508655261,1510.188973043114,2666.038458002731,0.0
1790154711,4,,Aggregated,0.000000,0.000000,2000,2500,22000,22000,23000,24000,24000,24000,24000,24000,24000,48,0,1700,7887.026929670741,135.57508088259655,23700.052397092804,42.666666666666664
1790154712,4,POST,completion,0.000000,0.000000,20000,20000,20000,20000,20000,20000,20000,20000,20000,20000,20000,16,0,22000,21636.257077363553,18798.862559022382,23700.052397092804,128.0
1790154712,4,TPOT,completion,0.000000,0.000000,140,140,140,140,140,140,140,140,140,140,140,16,0,160,155.64586078314068,135.57508088259655,174.722884607494,0.0
1790154712,4,TTFT,completion,0.000000,0.000000,1900,1900,1900,1900,1900,1900,1900,1900,1900,1900,1900,16,0,1700,1869.1778508655261,1510.188973043114,2666.038458002731,0.0
1790154712,4,,Aggregated,0.000000,0.000000,1900,1900,20000,20000,20000,20000,20000,20000,20000,20000,20000,48,0,1700,7887.026929670741,135.57508088259655,23700.052397092804,42.666666666666664
1790154713,4,POST,completion,0.000000,0.000000,20000,20000,20000,20000,20000,20000,20000,20000,20000,20000,20000,16,0,22000,21636.257077363553,18798.862559022382,23700.052397092804,128.0
1790154713,4,TPOT,completion,0.000000,0.000000,140,140,140,140,140,140,140,140,140,140,140,16,0,160,155.64586078314068,135.57508088259655,174.722884607494,0.0
1790154713,4,TTFT,completion,0.000000,0.000000,1900,1900,1900,1900,1900,1900,1900,1900,1900,1900,1900,16,0,1700,1869.1778508655261,1510.188973043114,2666.038458002731,0.0
1790154713,4,,Aggregated,0.000000,0.000000,1900,1900,20000,20000,20000,20000,20000,20000,20000,20000,20000,48,0,1700,7887.026929670741,135.57508088259655,23700.052397092804,42.666666666666664
1790154714,4,POST,completion,0.000000,0.000000,20000,20000,20000,20000,20000,20000,20000,20000,20000,20000,20000,16,0,22000,21636.257077363553,18798.862559022382,23700.052397092804,128.0
1790154714,4,TPOT,completion,0.000000,0.000000,140,140,140,140,140,140,140,140,140,140,140,16,0,160,155.64586078314068,135.57508088259655,174.722884607494,0.0
1790154714,4,TTFT,completion,0.000000,0.000000,1900,1900,1900,1900,1900,1900,1900,1900,1900,1900,1900,16,0,1700,1869.1778508655261,1510.188973043114,2666.038458002731,0.0
1790154714,4,,Aggregated,0.000000,0.000000,1900,1900,20000,20000,20000,20000,20000,20000,20000,20000,20000,48,0,1700,7887.026929670741,135.57508088259655,23700.052397092804,42.666666666666664
1790154715,4,POST,completion,0.000000,0.000000,20000,20000,20000,20000,20000,20000,20000,20000,20000,20000,20000,16,0,22000,21636.257077363553,18798.862559022382,23700.052397092804,128.0
1790154715,4,TPOT,completion,0.000000,0.000000,140,140,140,140,140,140,140,140,140,140,140,16,0,160,155.64586078314068,135.57508088259655,174.722884607494,0.0
1790154715,4,TTFT,completion,0.000000,0.000000,1900,1900,1900,1900,1900,1900,1900,1900,1900,1900,1900,16,0,1700,1869.1778508655261,1510.188973043114,2666.038458002731,0.0
1790154715,4,,Aggregated,0.000000,0.000000,1900,1900,20000,20000,20000,20000,20000,20000,20000,20000,20000,48,0,1700,7887.026929670741,135.57508088259655,23700.052397092804,42.666666666666664
1790154716,4,POST,completion,0.000000,0.000000,20000,20000,20000,20000,20000,20000,20000,20000,20000,20000,20000,16,0,22000,21636.257077363553,18798.862559022382,23700.052397092804,128.0
1790154716,4,TPOT,completion,0.000000,0.000000,140,140,140,140,140,140,140,140,140,140,140,16,0,160,155.64586078314068,135.57508088259655,174.722884607494,0.0
1790154716,4,TTFT,completion,0.000000,0.000000,1900,1900,1900,1900,1900,1900,1900,1900,1900,1900,1900,16,0,1700,1869.1778508655261,1510.188973043114,2666.038458002731,0.0
1790154716,4,,Aggregated,0.000000,0.000000,1900,1900,20000,20000,20000,20000,20000,20000,20000,20000,20000,48,0,1700,7887.026929670741,135.57508088259655,23700.052397092804,42.666666666666664
1790154717,4,POST,completion,0.000000,0.000000,20000,20000,20000,20000,20000,20000,20000,20000,20000,20000,20000,16,0,22000,21636.257077363553,18798.862559022382,23700.052397092804,128.0
1790154717,4,TPOT,completion,0.000000,0.000000,140,140,140,140,140,140,140,140,140,140,140,16,0,160,155.64586078314068,135.57508088259655,174.722884607494,0.0
1790154717,4,TTFT,completion,0.000000,0.000000,1900,1900,1900,1900,1900,1900,1900,1900,1900,1900,1900,16,0,1700,1869.1778508655261,1510.188973043114,2666.038458002731,0.0
1790154717,4,,Aggregated,0.000000,0.000000,1900,1900,20000,20000,20000,20000,20000,20000,20000,20000,20000,48,0,1700,7887.026929670741,135.57508088259655,23700.052397092804,42.666666666666664
1790154718,4,POST,completion,0.000000,0.000000,20000,20000,20000,20000,20000,20000,20000,20000,20000,20000,20000,16,0,22000,21636.257077363553,18798.862559022382,23700.052397092804,128.0
1790154718,4,TPOT,completion,0.000000,0.000000,140,140,140,140,140,140,140,140,140,140,140,16,0,160,155.64586078314068,135.57508088259655,174.722884607494,0.0
1790154718,4,TTFT,completion,0.000000,0.000000,1900,1900,1900,1900,1900,1900,1900,1900,1900,1900,1900,16,0,1700,1869.1778508655261,1510.188973043114,2666.038458002731,0.0
1790154718,4,,Aggregated,0.000000,0.000000,1900,1900,20000,20000,20000,20000,20000,20000,20000,20000,20000,48,0,1700,7887.026929670741,135.57508088259655,23700.052397092804,42.666666666666664
1790154719,4,POST,completion,0.000000,0.000000,20000,20000,20000,20000,20000,20000,20000,20000,20000,20000,20000,16,0,22000,21636.257077363553,18798.862559022382,23700.052397092804,128.0
1790154719,4,TPOT,completion,0.000000,0.000000,140,140,140,140,140,140,140,140,140,140,140,16,0,160,155.64586078314068,135.57508088259655,174.722884607494,0.0
1790154719,4,TTFT,completion,0.000000,0.000000,1900,1900,1900,1900,1900,1900,1900,1900,1900,1900,1900,16,0,1700,1869.1778508655261,1510.188973043114,2666.038458002731,0.0
1790154719,4,,Aggregated,0.000000,0.000000,1900,1900,20000,20000,20000,20000,20000,20000,20000,20000,20000,48,0,1700,7887.026929670741,135.57508088259655,23700.052397092804,42.666666666666664
1790154720,4,POST,completion,0.000000,0.000000,20000,20000,20000,20000,20000,20000,20000,20000,20000,20000,20000,16,0,22000,21636.257077363553,18798.862559022382,23700.052397092804,128.0
1790154720,4,TPOT,completion,0.000000,0.000000,140,140,140,140,140,140,140,140,140,140,140,16,0,160,155.64586078314068,135.57508088259655,174.722884607494,0.0
1790154720,4,TTFT,completion,0.000000,0.000000,1900,1900,1900,1900,1900,1900,1900,1900,1900,1900,1900,16,0,1700,1869.1778508655261,1510.188973043114,2666.038458002731,0.0
1790154720,4,,Aggregated,0.000000,0.000000,1900,1900,20000,20000,20000,20000,20000,20000,20000,20000,20000,48,0,1700,7887.026929670741,135.57508088259655,23700.052397092804,42.666666666666664
1790154721,4,POST,completion,0.000000,0.000000,0,0,0,0,0,0,0,0,0,0,0,16,0,22000,21636.257077363553,18798.862559022382,23700.052397092804,128.0
1790154721,4,TPOT,completion,0.000000,0.000000,0,0,0,0,0,0,0,0,0,0,0,16,0,160,155.64586078314068,135.57508088259655,174.722884607494,0.0
1790154721,4,TTFT,completion,0.000000,0.000000,0,0,0,0,0,0,0,0,0,0,0,16,0,1700,1869.1778508655261,1510.188973043114,2666.038458002731,0.0
1790154721,4,,Aggregated,0.000000,0.000000,0,0,0,0,0,0,0,0,0,0,0,48,0,1700,7887.026929670741,135.57508088259655,23700.052397092804,42.666666666666664
1790154722,4,POST,completion,0.000000,0.000000,0,0,0,0,0,0,0,0,0,0,0,16,0,22000,21636.257077363553,18798.862559022382,23700.052397092804,128.0
1790154722,4,TPOT,completion,0.000000,0.000000,0,0,0,0,0,0,0,0,0,0,0,16,0,160,155.64586078314068,135.57508088259655,174.722884607494,0.0
1790154722,4,TTFT,completion,0.000000,0.000000,0,0,0,0,0,0,0,0,0,0,0,16,0,1700,1869.1778508655261,1510.188973043114,2666.038458002731,0.0
1790154722,4,,Aggregated,0.000000,0.000000,0,0,0,0,0,0,0,0,0,0,0,48,0,1700,7887.026929670741,135.57508088259655,23700.052397092804,42.666666666666664
1790154723,4,POST,completion,0.000000,0.000000,0,0,0,0,0,0,0,0,0,0,0,16,0,22000,21636.257077363553,18798.862559022382,23700.052397092804,128.0
1790154723,4,TPOT,completion,0.000000,0.000000,0,0,0,0,0,0,0,0,0,0,0,16,0,160,155.64586078314068,135.57508088259655,174.722884607494,0.0
1790154723,4,TTFT,completion,0.000000,0.000000,0,0,0,0,0,0,0,0,0,0,0,16,0,1700,1869.1778508655261,1510.188973043114,2666.038458002731,0.0
1790154723,4,,Aggregated,0.000000,0.000000,0,0,0,0,0,0,0,0,0,0,0,48,0,1700,7887.026929670741,135.57508088259655,23700.052397092804,42.666666666666664
1790154724,4,POST,completion,0.000000,0.000000,0,0,0,0,0,0,0,0,0,0,0,16,0,22000,21636.257077363553,18798.862559022382,23700.052397092804,128.0
1790154724,4,TPOT,completion,0.000000,0.000000,0,0,0,0,0,0,0,0,0,0,0,16,0,160,155.64586078314068,135.57508088259655,174.722884607494,0.0
1790154724,4,TTFT,completion,0.000000,0.000000,0,0,0,0,0,0,0,0,0,0,0,16,0,1700,1869.1778508655261,1510.188973043114,2666.038458002731,0.0
1790154724,4,,Aggregated,0.000000,0.000000,0,0,0,0,0,0,0,0,0,0,0,48,0,1700,7887.026929670741,135.57508088259655,23700.052397092804,42.666666666666664
1790154725,4,POST,completion,0.000000,0.000000,0,0,0,0,0,0,0,0,0,0,0,16,0,22000,21636.257077363553,18798.862559022382,23700.052397092804,128.0
1790154725,4,TPOT,completion,0.000000,0.000000,0,0,0,0,0,0,0,0,0,0,0,16,0,160,155.64586078314068,135.57508088259655,174.722884607494,0.0
1790154725,4,TTFT,completion,0.000000,0.000000,0,0,0,0,0,0,0,0,0,0,0,16,0,1700,1869.1778508655261,1510.188973043114,2666.038458002731,0.0
1790154725,4,,Aggregated,0.000000,0.000000,0,0,0,0,0,0,0,0,0,0,0,48,0,1700,7887.026929670741,135.57508088259655,23700.052397092804,42.666666666666664
1790154726,4,POST,completion,0.000000,0.000000,0,0,0,0,0,0,0,0,0,0,0,16,0,22000,21636.257077363553,18798.862559022382,23700.052397092804,128.0
1790154726,4,TPOT,completion,0.000000,0.000000,0,0,0,0,0,0,0,0,0,0,0,16,0,160,155.64586078314068,135.57508088259655,174.722884607494,0.0
1790154726,4,TTFT,completion,0.000000,0.000000,0,0,0,0,0,0,0,0,0,0,0,16,0,1700,1869.1778508655261,1510.188973043114,2666.038458002731,0.0
1790154726,4,,Aggregated,0.000000,0.000000,0,0,0,0,0,0,0,0,0,0,0,48,0,1700,7887.026929670741,135.57508088259655,23700.052397092804,42.666666666666664
1790154727,4,POST,completion,0.000000,0.000000,0,0,0,0,0,0,0,0,0,0,0,16,0,22000,21636.257077363553,18798.862559022382,23700.052397092804,128.0
1790154727,4,TPOT,completion,0.000000,0.000000,0,0,0,0,0,0,0,0,0,0,0,16,0,160,155.64586078314068,135.57508088259655,174.722884607494,0.0
1790154727,4,TTFT,completion,0.000000,0.000000,0,0,0,0,0,0,0,0,0,0,0,16,0,1700,1869.1778508655261,1510.188973043114,2666.038458002731,0.0
1790154727,4,,Aggregated,0.000000,0.000000,0,0,0,0,0,0,0,0,0,0,0,48,0,1700,7887.026929670741,135.57508088259655,23700.052397092804,42.666666666666664
1790154728,4,POST,completion,0.000000,0.000000,0,0,0,0,0,0,0,0,0,0,0,16,0,22000,21636.257077363553,18798.862559022382,23700.052397092804,128.0
1790154728,4,TPOT,completion,0.000000,0.000000,0,0,0,0,0,0,0,0,0,0,0,16,0,160,155.64586078314068,135.57508088259655,174.722884607494,0.0
1790154728,4,TTFT,completion,0.000000,0.000000,0,0,0,0,0,0,0,0,0,0,0,16,0,1700,1869.1778508655261,1510.188973043114,2666.038458002731,0.0
1790154728,4,,Aggregated,0.000000,0.000000,0,0,0,0,0,0,0,0,0,0,0,48,0,1700,7887.026929670741,135.57508088259655,23700.052397092804,42.666666666666664
1790154729,4,POST,completion,0.000000,0.000000,0,0,0,0,0,0,0,0,0,0,0,16,0,22000,21636.257077363553,18798.862559022382,23700.052397092804,128.0
1790154729,4,TPOT,completion,0.000000,0.000000,0,0,0,0,0,0,0,0,0,0,0,16,0,160,155.64586078314068,135.57508088259655,174.722884607494,0.0
1790154729,4,TTFT,completion,0.000000,0.000000,0,0,0,0,0,0,0,0,0,0,0,16,0,1700,1869.1778508655261,1510.188973043114,2666.038458002731,0.0
1790154729,4,,Aggregated,0.000000,0.000000,0,0,0,0,0,0,0,0,0,0,0,48,0,1700,7887.026929670741,135.57508088259655,23700.052397092804,42.666666666666664
1790154730,4,POST,completion,0.000000,0.000000,0,0,0,0,0,0,0,0,0,0,0,16,0,22000,21636.257077363553,18798.862559022382,23700.052397092804,128.0
1790154730,4,TPOT,completion,0.000000,0.000000,0,0,0,0,0,0,0,0,0,0,0,16,0,160,155.64586078314068,135.57508088259655,174.722884607494,0.0
1790154730,4,TTFT,completion,0.000000,0.000000,0,0,0,0,0,0,0,0,0,0,0,16,0,1700,1869.1778508655261,1510.188973043114,2666.038458002731,0.0
1790154730,4,,Aggregated,0.000000,0.000000,0,0,0,0,0,0,0,0,0,0,0,48,0,1700,7887.026929670741,135.57508088259655,23700.052397092804,42.666666666666664
1790154731,4,POST,completion,0.000000,0.000000,0,0,0,0,0,0,0,0,0,0,0,16,0,22000,21636.257077363553,18798.862559022382,23700.052397092804,128.0
1790154731,4,TPOT,completion,0.000000,0.000000,0,0,0,0,0,0,0,0,0,0,0,16,0,160,155.64586078314068,135.57508088259655,174.722884607494,0.0
1790154731,4,TTFT,completion,0.000000,0.000000,0,0,0,0,0,0,0,0,0,0,0,16,0,1700,1869.1778508655261,1510.188973043114,2666.038458002731,0.0
1790154731,4,,Aggregated,0.000000,0.000000,0,0,0,0,0,0,0,0,0,0,0,48,0,1700,7887.026929670741,135.57508088259655,23700.052397092804,42.666666666666664
1790154732,4,POST,completion,0.000000,0.000000,0,0,0,0,0,0,0,0,0,0,0,16,0,22000,21636.257077363553,18798.862559022382,23700.052397092804,128.0
1790154732,4,TPOT,completion,0.000000,0.000000,0,0,0,0,0,0,0,0,0,0,0,16,0,160,155.64586078314068,135.57508088259655,174.722884607494,0.0
1790154732,4,TTFT,completion,0.000000,0.000000,0,0,0,0,0,0,0,0,0,0,0,16,0,1700,1869.1778508655261,1510.188973043114,2666.038458002731,0.0
1790154732,4,,Aggregated,0.000000,0.000000,0,0,0,0,0,0,0,0,0,0,0,48,0,1700,7887.026929670741,135.57508088259655,23700.052397092804,42.666666666666664
1790154733,4,POST,completion,0.000000,0.000000,0,0,0,0,0,0,0,0,0,0,0,16,0,22000,21636.257077363553,18798.862559022382,23700.052397092804,128.0
1790154733,4,TPOT,completion,0.000000,0.000000,0,0,0,0,0,0,0,0,0,0,0,16,0,160,155.64586078314068,135.57508088259655,174.722884607494,0.0
1790154733,4,TTFT,completion,0.000000,0.000000,0,0,0,0,0,0,0,0,0,0,0,16,0,1700,1869.1778508655261,1510.188973043114,2666.038458002731,0.0
1790154733,4,,Aggregated,0.000000,0.000000,0,0,0,0,0,0,0,0,0,0,0,48,0,1700,7887.026929670741,135.57508088259655,23700.052397092804,42.666666666666664
1790154734,4,POST,completion,0.000000,0.000000,0,0,0,0,0,0,0,0,0,0,0,16,0,22000,21636.257077363553,18798.862559022382,23700.052397092804,128.0
1790154734,4,TPOT,completion,0.000000,0.000000,0,0,0,0,0,0,0,0,0,0,0,16,0,160,155.64586078314068,135.57508088259655,174.722884607494,0.0
1790154734,4,TTFT,completion,0.000000,0.000000,0,0,0,0,0,0,0,0,0,0,0,16,0,1700,1869.1778508655261,1510.188973043114,2666.038458002731,0.0
1790154734,4,,Aggregated,0.000000,0.000000,0,0,0,0,0,0,0,0,0,0,0,48,0,1700,7887.026929670741,135.57508088259655,23700.052397092804,42.666666666666664
1790154735,4,POST,completion,0.000000,0.000000,0,0,0,0,0,0,0,0,0,0,0,16,0,22000,21636.257077363553,18798.862559022382,23700.052397092804,128.0
1790154735,4,TPOT,completion,0.000000,0.000000,0,0,0,0,0,0,0,0,0,0,0,16,0,160,155.64586078314068,135.57508088259655,174.722884607494,0.0
1790154735,4,TTFT,completion,0.000000,0.000000,0,0,0,0,0,0,0,0,0,0,0,16,0,1700,1869.1778508655261,1510.188973043114,2666.038458002731,0.0
1790154735,4,,Aggregated,0.000000,0.000000,0,0,0,0,0,0,0,0,0,0,0,48,0,1700,7887.026929670741,135.57508088259655,23700.052397092804,42.666666666666664
1790154736,4,POST,completion,0.000000,0.000000,0,0,0,0,0,0,0,0,0,0,0,16,0,22000,21636.257077363553,18798.862559022382,23700.052397092804,128.0
1790154736,4,TPOT,completion,0.000000,0.000000,0,0,0,0,0,0,0,0,0,0,0,16,0,160,155.64586078314068,135.57508088259655,174.722884607494,0.0
1790154736,4,TTFT,completion,0.000000,0.000000,0,0,0,0,0,0,0,0,0,0,0,16,0,1700,1869.1778508655261,1510.188973043114,2666.038458002731,0.0
1790154736,4,,Aggregated,0.000000,0.000000,0,0,0,0,0,0,0,0,0,0,0,48,0,1700,7887.026929670741,135.57508088259655,23700.052397092804,42.666666666666664
1790154737,4,POST,completion,0.000000,0.000000,0,0,0,0,0,0,0,0,0,0,0,16,0,22000,21636.257077363553,18798.862559022382,23700.052397092804,128.0
1790154737,4,TPOT,completion,0.000000,0.000000,0,0,0,0,0,0,0,0,0,0,0,16,0,160,155.64586078314068,135.57508088259655,174.722884607494,0.0
1790154737,4,TTFT,completion,0.000000,0.000000,0,0,0,0,0,0,0,0,0,0,0,16,0,1700,1869.1778508655261,1510.188973043114,2666.038458002731,0.0
1790154737,4,,Aggregated,0.000000,0.000000,0,0,0,0,0,0,0,0,0,0,0,48,0,1700,7887.026929670741,135.57508088259655,23700.052397092804,42.666666666666664
1790154738,4,POST,completion,0.000000,0.000000,0,0,0,0,0,0,0,0,0,0,0,16,0,22000,21636.257077363553,18798.862559022382,23700.052397092804,128.0
1790154738,4,TPOT,completion,0.000000,0.000000,0,0,0,0,0,0,0,0,0,0,0,16,0,160,155.64586078314068,135.57508088259655,174.722884607494,0.0
1790154738,4,TTFT,completion,0.000000,0.000000,0,0,0,0,0,0,0,0,0,0,0,16,0,1700,1869.1778508655261,1510.188973043114,2666.038458002731,0.0
1790154738,4,,Aggregated,0.000000,0.000000,0,0,0,0,0,0,0,0,0,0,0,48,0,1700,7887.026929670741,135.57508088259655,23700.052397092804,42.666666666666664
1790154739,4,POST,completion,0.000000,0.000000,0,0,0,0,0,0,0,0,0,0,0,16,0,22000,21636.257077363553,18798.862559022382,23700.052397092804,128.0
1790154739,4,TPOT,completion,0.000000,0.000000,0,0,0,0,0,0,0,0,0,0,0,16,0,160,155.64586078314068,135.57508088259655,174.722884607494,0.0
1790154739,4,TTFT,completion,0.000000,0.000000,0,0,0,0,0,0,0,0,0,0,0,16,0,1700,1869.1778508655261,1510.188973043114,2666.038458002731,0.0
1790154739,4,,Aggregated,0.000000,0.000000,0,0,0,0,0,0,0,0,0,0,0,48,0,1700,7887.026929670741,135.57508088259655,23700.052397092804,42.666666666666664
1790154740,4,POST,completion,0.000000,0.000000,0,0,0,0,0,0,0,0,0,0,0,16,0,22000,21636.257077363553,18798.862559022382,23700.052397092804,128.0
1790154740,4,TPOT,completion,0.000000,0.000000,0,0,0,0,0,0,0,0,0,0,0,16,0,160,155.64586078314068,135.57508088259655,174.722884607494,0.0
1790154740,4,TTFT,completion,0.000000,0.000000,0,0,0,0,0,0,0,0,0,0,0,16,0,1700,1869.1778508655261,1510.188973043114,2666.038458002731,0.0
1790154740,4,,Aggregated,0.000000,0.000000,0,0,0,0,0,0,0,0,0,0,0,48,0,1700,7887.026929670741,135.57508088259655,23700.052397092804,42.666666666666664
1790154741,4,POST,completion,0.000000,0.000000,0,0,0,0,0,0,0,0,0,0,0,16,0,22000,21636.257077363553,18798.862559022382,23700.052397092804,128.0
1790154741,4,TPOT,completion,0.000000,0.000000,0,0,0,0,0,0,0,0,0,0,0,16,0,160,155.64586078314068,135.57508088259655,174.722884607494,0.0
1790154741,4,TTFT,completion,0.000000,0.000000,0,0,0,0,0,0,0,0,0,0,0,16,0,1700,1869.1778508655261,1510.188973043114,2666.038458002731,0.0
1790154741,4,,Aggregated,0.000000,0.000000,0,0,0,0,0,0,0,0,0,0,0,48,0,1700,7887.026929670741,135.57508088259655,23700.052397092804,42.666666666666664
1790154743,4,POST,completion,0.000000,0.000000,0,0,0,0,0,0,0,0,0,0,0,16,0,22000,21636.257077363553,18798.862559022382,23700.052397092804,128.0
1790154743,4,TPOT,completion,0.000000,0.000000,0,0,0,0,0,0,0,0,0,0,0,16,0,160,155.64586078314068,135.57508088259655,174.722884607494,0.0
1790154743,4,TTFT,completion,0.000000,0.000000,0,0,0,0,0,0,0,0,0,0,0,16,0,1700,1869.1778508655261,1510.188973043114,2666.038458002731,0.0
1790154743,4,,Aggregated,0.000000,0.000000,0,0,0,0,0,0,0,0,0,0,0,48,0,1700,7887.026929670741,135.57508088259655,23700.052397092804,42.666666666666664
1790154744,4,POST,completion,0.000000,0.000000,0,0,0,0,0,0,0,0,0,0,0,16,0,22000,21636.257077363553,18798.862559022382,23700.052397092804,128.0
1790154744,4,TPOT,completion,0.000000,0.000000,0,0,0,0,0,0,0,0,0,0,0,16,0,160,155.64586078314068,135.57508088259655,174.722884607494,0.0
1790154744,4,TTFT,completion,0.000000,0.000000,0,0,0,0,0,0,0,0,0,0,0,16,0,1700,1869.1778508655261,1510.188973043114,2666.038458002731,0.0
1790154744,4,,Aggregated,0.000000,0.000000,0,0,0,0,0,0,0,0,0,0,0,48,0,1700,7887.026929670741,135.57508088259655,23700.052397092804,42.666666666666664
1790154745,4,POST,completion,0.000000,0.000000,0,0,0,0,0,0,0,0,0,0,0,16,0,22000,21636.257077363553,18798.862559022382,23700.052397092804,128.0
1790154745,4,TPOT,completion,0.000000,0.000000,0,0,0,0,0,0,0,0,0,0,0,16,0,160,155.64586078314068,135.57508088259655,174.722884607494,0.0
1790154745,4,TTFT,completion,0.000000,0.000000,0,0,0,0,0,0,0,0,0,0,0,16,0,1700,1869.1778508655261,1510.188973043114,2666.038458002731,0.0
1790154745,4,,Aggregated,0.000000,0.000000,0,0,0,0,0,0,0,0,0,0,0,48,0,1700,7887.026929670741,135.57508088259655,23700.052397092804,42.666666666666664
1790154746,4,POST,completion,0.000000,0.000000,0,0,0,0,0,0,0,0,0,0,0,16,0,22000,21636.257077363553,18798.862559022382,23700.052397092804,128.0
1790154746,4,TPOT,completion,0.000000,0.000000,0,0,0,0,0,0,0,0,0,0,0,16,0,160,155.64586078314068,135.57508088259655,174.722884607494,0.0
1790154746,4,TTFT,completion,0.000000,0.000000,0,0,0,0,0,0,0,0,0,0,0,16,0,1700,1869.1778508655261,1510.188973043114,2666.038458002731,0.0
1790154746,4,,Aggregated,0.000000,0.000000,0,0,0,0,0,0,0,0,0,0,0,48,0,1700,7887.026929670741,135.57508088259655,23700.052397092804,42.666666666666664
1790154747,4,POST,completion,0.000000,0.000000,0,0,0,0,0,0,0,0,0,0,0,16,0,22000,21636.257077363553,18798.862559022382,23700.052397092804,128.0
1790154747,4,TPOT,completion,0.000000,0.000000,0,0,0,0,0,0,0,0,0,0,0,16,0,160,155.64586078314068,135.57508088259655,174.722884607494,0.0
1790154747,4,TTFT,completion,0.000000,0.000000,0,0,0,0,0,0,0,0,0,0,0,16,0,1700,1869.1778508655261,1510.188973043114,2666.038458002731,0.0
1790154747,4,,Aggregated,0.000000,0.000000,0,0,0,0,0,0,0,0,0,0,0,48,0,1700,7887.026929670741,135.57508088259655,23700.052397092804,42.666666666666664
1790154748,4,POST,completion,0.000000,0.000000,0,0,0,0,0,0,0,0,0,0,0,16,0,22000,21636.257077363553,18798.862559022382,23700.052397092804,128.0
1790154748,4,TPOT,completion,0.000000,0.000000,0,0,0,0,0,0,0,0,0,0,0,16,0,160,155.64586078314068,135.57508088259655,174.722884607494,0.0
1790154748,4,TTFT,completion,0.000000,0.000000,0,0,0,0,0,0,0,0,0,0,0,16,0,1700,1869.1778508655261,1510.188973043114,2666.038458002731,0.0
1790154748,4,,Aggregated,0.000000,0.000000,0,0,0,0,0,0,0,0,0,0,0,48,0,1700,7887.026929670741,135.57508088259655,23700.052397092804,42.666666666666664
1790154749,4,POST,completion,0.000000,0.000000,0,0,0,0,0,0,0,0,0,0,0,16,0,22000,21636.257077363553,18798.862559022382,23700.052397092804,128.0
1790154749,4,TPOT,completion,0.000000,0.000000,0,0,0,0,0,0,0,0,0,0,0,16,0,160,155.64586078314068,135.57508088259655,174.722884607494,0.0
1790154749,4,TTFT,completion,0.000000,0.000000,0,0,0,0,0,0,0,0,0,0,0,16,0,1700,1869.1778508655261,1510.188973043114,2666.038458002731,0.0
1790154749,4,,Aggregated,0.000000,0.000000,0,0,0,0,0,0,0,0,0,0,0,48,0,1700,7887.026929670741,135.57508088259655,23700.052397092804,42.666666666666664
1790154750,4,POST,completion,0.000000,0.000000,0,0,0,0,0,0,0,0,0,0,0,16,0,22000,21636.257077363553,18798.862559022382,23700.052397092804,128.0
1790154750,4,TPOT,completion,0.000000,0.000000,0,0,0,0,0,0,0,0,0,0,0,16,0,160,155.64586078314068,135.57508088259655,174.722884607494,0.0
1790154750,4,TTFT,completion,0.000000,0.000000,0,0,0,0,0,0,0,0,0,0,0,16,0,1700,1869.1778508655261,1510.188973043114,2666.038458002731,0.0
1790154750,4,,Aggregated,0.000000,0.000000,0,0,0,0,0,0,0,0,0,0,0,48,0,1700,7887.026929670741,135.57508088259655,23700.052397092804,42.666666666666664
1790154751,4,POST,completion,0.000000,0.000000,0,0,0,0,0,0,0,0,0,0,0,16,0,22000,21636.257077363553,18798.862559022382,23700.052397092804,128.0
1790154751,4,TPOT,completion,0.000000,0.000000,0,0,0,0,0,0,0,0,0,0,0,16,0,160,155.64586078314068,135.57508088259655,174.722884607494,0.0
1790154751,4,TTFT,completion,0.000000,0.000000,0,0,0,0,0,0,0,0,0,0,0,16,0,1700,1869.1778508655261,1510.188973043114,2666.038458002731,0.0
1790154751,4,,Aggregated,0.000000,0.000000,0,0,0,0,0,0,0,0,0,0,0,48,0,1700,7887.026929670741,135.57508088259655,23700.052397092804,42.666666666666664
1790154752,4,POST,completion,0.000000,0.000000,0,0,0,0,0,0,0,0,0,0,0,16,0,22000,21636.257077363553,18798.862559022382,23700.052397092804,128.0
1790154752,4,TPOT,completion,0.000000,0.000000,0,0,0,0,0,0,0,0,0,0,0,16,0,160,155.64586078314068,135.57508088259655,174.722884607494,0.0
1790154752,4,TTFT,completion,0.000000,0.000000,0,0,0,0,0,0,0,0,0,0,0,16,0,1700,1869.1778508655261,1510.188973043114,2666.038458002731,0.0
1790154752,4,,Aggregated,0.000000,0.000000,0,0,0,0,0,0,0,0,0,0,0,48,0,1700,7887.026929670741,135.57508088259655,23700.052397092804,42.666666666666664
1790154753,4,POST,completion,0.000000,0.000000,0,0,0,0,0,0,0,0,0,0,0,16,0,22000,21636.257077363553,18798.862559022382,23700.052397092804,128.0
1790154753,4,TPOT,completion,0.000000,0.000000,0,0,0,0,0,0,0,0,0,0,0,16,0,160,155.64586078314068,135.57508088259655,174.722884607494,0.0
1790154753,4,TTFT,completion,0.000000,0.000000,0,0,0,0,0,0,0,0,0,0,0,16,0,1700,1869.1778508655261,1510.188973043114,2666.038458002731,0.0
1790154753,4,,Aggregated,0.000000,0.000000,0,0,0,0,0,0,0,0,0,0,0,48,0,1700,7887.026929670741,135.57508088259655,23700.052397092804,42.666666666666664
1790154754,4,POST,completion,0.000000,0.000000,0,0,0,0,0,0,0,0,0,0,0,16,0,22000,21636.257077363553,18798.862559022382,23700.052397092804,128.0
1790154754,4,TPOT,completion,0.000000,0.000000,0,0,0,0,0,0,0,0,0,0,0,16,0,160,155.64586078314068,135.57508088259655,174.722884607494,0.0
1790154754,4,TTFT,completion,0.000000,0.000000,0,0,0,0,0,0,0,0,0,0,0,16,0,1700,1869.1778508655261,1510.188973043114,2666.038458002731,0.0
1790154754,4,,Aggregated,0.000000,0.000000,0,0,0,0,0,0,0,0,0,0,0,48,0,1700,7887.026929670741,135.57508088259655,23700.052397092804,42.666666666666664
1790154755,4,POST,completion,0.000000,0.000000,0,0,0,0,0,0,0,0,0,0,0,16,0,22000,21636.257077363553,18798.862559022382,23700.052397092804,128.0
1790154755,4,TPOT,completion,0.000000,0.000000,0,0,0,0,0,0,0,0,0,0,0,16,0,160,155.64586078314068,135.57508088259655,174.722884607494,0.0
1790154755,4,TTFT,completion,0.000000,0.000000,0,0,0,0,0,0,0,0,0,0,0,16,0,1700,1869.1778508655261,1510.188973043114,2666.038458002731,0.0
1790154755,4,,Aggregated,0.000000,0.000000,0,0,0,0,0,0,0,0,0,0,0,48,0,1700,7887.026929670741,135.57508088259655,23700.052397092804,42.666666666666664
1790154756,4,POST,completion,0.000000,0.000000,0,0,0,0,0,0,0,0,0,0,0,16,0,22000,21636.257077363553,18798.862559022382,23700.052397092804,128.0
1790154756,4,TPOT,completion,0.000000,0.000000,0,0,0,0,0,0,0,0,0,0,0,16,0,160,155.64586078314068,135.57508088259655,174.722884607494,0.0
1790154756,4,TTFT,completion,0.000000,0.000000,0,0,0,0,0,0,0,0,0,0,0,16,0,1700,1869.1778508655261,1510.188973043114,2666.038458002731,0.0
1790154756,4,,Aggregated,0.000000,0.000000,0,0,0,0,0,0,0,0,0,0,0,48,0,1700,7887.026929670741,135.57508088259655,23700.052397092804,42.666666666666664
1790154757,4,POST,completion,0.000000,0.000000,0,0,0,0,0,0,0,0,0,0,0,16,0,22000,21636.257077363553,18798.862559022382,23700.052397092804,128.0
1790154757,4,TPOT,completion,0.000000,0.000000,0,0,0,0,0,0,0,0,0,0,0,16,0,160,155.64586078314068,135.57508088259655,174.722884607494,0.0
1790154757,4,TTFT,completion,0.000000,0.000000,0,0,0,0,0,0,0,0,0,0,0,16,0,1700,1869.1778508655261,1510.188973043114,2666.038458002731,0.0
1790154757,4,,Aggregated,0.000000,0.000000,0,0,0,0,0,0,0,0,0,0,0,48,0,1700,7887.026929670741,135.57508088259655,23700.052397092804,42.666666666666664
1790154758,4,POST,completion,0.000000,0.000000,0,0,0,0,0,0,0,0,0,0,0,16,0,22000,21636.257077363553,18798.862559022382,23700.052397092804,128.0
1790154758,4,TPOT,completion,0.000000,0.000000,0,0,0,0,0,0,0,0,0,0,0,16,0,160,155.64586078314068,135.57508088259655,174.722884607494,0.0
1790154758,4,TTFT,completion,0.000000,0.000000,0,0,0,0,0,0,0,0,0,0,0,16,0,1700,1869.1778508655261,1510.188973043114,2666.038458002731,0.0
1790154758,4,,Aggregated,0.000000,0.000000,0,0,0,0,0,0,0,0,0,0,0,48,0,1700,7887.026929670741,135.57508088259655,23700.052397092804,42.666666666666664
1790154759,4,POST,completion,0.000000,0.000000,0,0,0,0,0,0,0,0,0,0,0,16,0,22000,21636.257077363553,18798.862559022382,23700.052397092804,128.0
1790154759,4,TPOT,completion,0.000000,0.000000,0,0,0,0,0,0,0,0,0,0,0,16,0,160,155.64586078314068,135.57508088259655,174.722884607494,0.0
1790154759,4,TTFT,completion,0.000000,0.000000,0,0,0,0,0,0,0,0,0,0,0,16,0,1700,1869.1778508655261,1510.188973043114,2666.038458002731,0.0
1790154759,4,,Aggregated,0.000000,0.000000,0,0,0,0,0,0,0,0,0,0,0,48,0,1700,7887.026929670741,135.57508088259655,23700.052397092804,42.666666666666664
1790154760,4,POST,completion,0.000000,0.000000,0,0,0,0,0,0,0,0,0,0,0,16,0,22000,21636.257077363553,18798.862559022382,23700.052397092804,128.0
1790154760,4,TPOT,completion,0.000000,0.000000,0,0,0,0,0,0,0,0,0,0,0,16,0,160,155.64586078314068,135.57508088259655,174.722884607494,0.0
1790154760,4,TTFT,completion,0.000000,0.000000,0,0,0,0,0,0,0,0,0,0,0,16,0,1700,1869.1778508655261,1510.188973043114,2666.038458002731,0.0
1790154760,4,,Aggregated,0.000000,0.000000,0,0,0,0,0,0,0,0,0,0,0,48,0,1700,7887.026929670741,135.57508088259655,23700.052397092804,42.666666666666664
1790154761,4,POST,completion,0.000000,0.000000,23000,23000,23000,23000,23000,23000,23000,23000,23000,23000,23000,17,0,22000,21741.847297519118,18798.862559022382,23700.052397092804,128.0
1790154761,4,TPOT,completion,0.000000,0.000000,170,170,170,170,170,170,170,170,170,170,170,17,0,160,156.64437677697873,135.57508088259655,174.722884607494,0.0
1790154761,4,TTFT,completion,0.000000,0.000000,1500,1500,1500,1500,1500,1500,1500,1500,1500,1500,1500,17,0,1600,1847.9565522797843,1508.4157749079168,2666.038458002731,0.0
1790154761,4,,Aggregated,0.000000,0.000000,1500,1500,23000,23000,23000,23000,23000,23000,23000,23000,23000,51,0,1600,7915.482742191961,135.57508088259655,23700.052397092804,42.666666666666664
1790154762,4,POST,completion,0.000000,0.000000,23000,23000,23000,23000,23000,23000,23000,23000,23000,23000,23000,19,0,22000,21783.65248005445,18798.862559022382,23700.052397092804,128.0
1790154762,4,TPOT,completion,0.000000,0.000000,160,160,170,170,170,170,170,170,170,170,170,19,0,160,156.62755234586902,135.57508088259655,174.722884607494,0.0
1790154762,4,TTFT,completion,0.000000,0.000000,2000,2000,2500,2500,2500,2500,2500,2500,2500,2500,2500,19,0,1700,1891.898367835797,1508.4157749079168,2666.038458002731,0.0
1790154762,4,,Aggregated,0.000000,0.000000,2000,2500,22000,23000,23000,23000,23000,23000,23000,23000,23000,57,0,1700,7944.059466745373,135.57508088259655,23700.052397092804,42.666666666666664
1790154763,4,POST,completion,0.000000,0.000000,23000,23000,23000,23000,23000,23000,23000,23000,23000,23000,23000,19,0,22000,21783.65248005445,18798.862559022382,23700.052397092804,128.0
1790154763,4,TPOT,completion,0.000000,0.000000,160,160,170,170,170,170,170,170,170,170,170,19,0,160,156.62755234586902,135.57508088259655,174.722884607494,0.0
1790154763,4,TTFT,completion,0.000000,0.000000,2000,2000,2500,2500,2500,2500,2500,2500,2500,2500,2500,19,0,1700,1891.898367835797,1508.4157749079168,2666.038458002731,0.0
1790154763,4,,Aggregated,0.000000,0.000000,2000,2500,22000,23000,23000,23000,23000,23000,23000,23000,23000,57,0,1700,7944.059466745373,135.57508088259655,23700.052397092804,42.666666666666664
1790154764,4,POST,completion,0.100000,0.000000,23000,23000,23000,23000,23000,23000,23000,23000,23000,23000,23000,20,0,22000,21660.702965501696,18798.862559022382,23700.052397092804,128.0
1790154764,4,TPOT,completion,0.100000,0.000000,160,160,170,170,170,170,170,170,170,170,170,20,0,160,155.77980266915134,135.57508088259655,174.722884607494,0.0
1790154764,4,TTFT,completion,0.100000,0.000000,2000,2000,2500,2500,2500,2500,2500,2500,2500,2500,2500,20,0,1700,1876.612991548609,1508.4157749079168,2666.038458002731,0.0
1790154764,4,,Aggregated,0.300000,0.000000,2000,2500,22000,22000,23000,23000,23000,23000,23000,23000,23000,60,0,1700,7897.698586573153,135.57508088259655,23700.052397092804,42.666666666666664
1790154765,4,POST,completion,0.100000,0.000000,23000,23000,23000,23000,23000,23000,23000,23000,23000,23000,23000,20,0,22000,21660.702965501696,18798.862559022382,23700.052397092804,128.0
1790154765,4,TPOT,completion,0.100000,0.000000,160,160,170,170,170,170,170,170,170,170,170,20,0,160,155.77980266915134,135.57508088259655,174.722884607494,0.0
1790154765,4,TTFT,completion,0.100000,0.000000,2000,2000,2500,2500,2500,2500,2500,2500,2500,2500,2500,20,0,1700,1876.612991548609,1508.4157749079168,2666.038458002731,0.0
1790154765,4,,Aggregated,0.300000,0.000000,2000,2500,22000,22000,23000,23000,23000,23000,23000,23000,23000,60,0,1700,7897.698586573153,135.57508088259655,23700.052397092804,42.666666666666664
1790154766,4,POST,completion,0.100000,0.000000,23000,23000,23000,23000,23000,23000,23000,23000,23000,23000,23000,20,0,22000,21660.702965501696,18798.862559022382,23700.052397092804,128.0
1790154766,4,TPOT,completion,0.100000,0.000000,160,160,170,170,170,170,170,170,170,170,170,20,0,160,155.77980266915134,135.57508088259655,174.722884607494,0.0
1790154766,4,TTFT,completion,0.100000,0.000000,2000,2000,2500,2500,2500,2500,2500,2500,2500,2500,2500,20,0,1700,1876.612991548609,1508.4157749079168,2666.038458002731,0.0
1790154766,4,,Aggregated,0.300000,0.000000,2000,2500,22000,22000,23000,23000,23000,23000,23000,23000,23000,60,0,1700,7897.698586573153,135.57508088259655,23700.052397092804,42.666666666666664
1790154767,4,POST,completion,0.100000,0.000000,23000,23000,23000,23000,23000,23000,23000,23000,23000,23000,23000,20,0,22000,21660.702965501696,18798.862559022382,23700.052397092804,128.0
1790154767,4,TPOT,completion,0.100000,0.000000,160,160,170,170,170,170,170,170,170,170,170,20,0,160,155.77980266915134,135.57508088259655,174.722884607494,0.0
1790154767,4,TTFT,completion,0.100000,0.000000,2000,2000,2500,2500,2500,2500,2500,2500,2500,2500,2500,20,0,1700,1876.612991548609,1508.4157749079168,2666.038458002731,0.0
1790154767,4,,Aggregated,0.300000,0.000000,2000,2500,22000,22000,23000,23000,23000,23000,23000,23000,23000,60,0,1700,7897.698586573153,135.57508088259655,23700.052397092804,42.666666666666664
1790154768,4,POST,completion,0.100000,0.000000,23000,23000,23000,23000,23000,23000,23000,23000,23000,23000,23000,20,0,22000,21660.702965501696,18798.862559022382,23700.052397092804,128.0
1790154768,4,TPOT,completion,0.100000,0.000000,160,160,170,170,170,170,170,170,170,170,170,20,0,160,155.77980266915134,135.57508088259655,174.722884607494,0.0
1790154768,4,TTFT,completion,0.100000,0.000000,2000,2000,2500,2500,2500,2500,2500,2500,2500,2500,2500,20,0,1700,1876.612991548609,1508.4157749079168,2666.038458002731,0.0
1790154768,4,,Aggregated,0.300000,0.000000,2000,2500,22000,22000,23000,23000,23000,23000,23000,23000,23000,60,0,1700,7897.698586573153,135.57508088259655,23700.052397092804,42.666666666666664
1790154769,4,POST,completion,0.100000,0.000000,23000,23000,23000,23000,23000,23000,23000,23000,23000,23000,23000,20,0,22000,21660.702965501696,18798.862559022382,23700.052397092804,128.0
1790154769,4,TPOT,completion,0.100000,0.000000,160,160,170,170,170,170,170,170,170,170,170,20,0,160,155.77980266915134,135.57508088259655,174.722884607494,0.0
1790154769,4,TTFT,completion,0.100000,0.000000,2000,2000,2500,2500,2500,2500,2500,2500,2500,2500,2500,20,0,1700,1876.612991548609,1508.4157749079168,2666.038458002731,0.0
1790154769,4,,Aggregated,0.300000,0.000000,2000,2500,22000,22000,23000,23000,23000,23000,23000,23000,23000,60,0,1700,7897.698586573153,135.57508088259655,23700.052397092804,42.666666666666664
1790154770,4,POST,completion,0.100000,0.000000,22000,22000,23000,23000,23000,23000,23000,23000,23000,23000,23000,20,0,22000,21660.702965501696,18798.862559022382,23700.052397092804,128.0
1790154770,4,TPOT,completion,0.100000,0.000000,150,150,160,160,160,160,160,160,160,160,160,20,0,160,155.77980266915134,135.57508088259655,174.722884607494,0.0
1790154770,4,TTFT,completion,0.100000,0.000000,2000,2000,2500,2500,2500,2500,2500,2500,2500,2500,2500,20,0,1700,1876.612991548609,1508.4157749079168,2666.038458002731,0.0
1790154770,4,,Aggregated,0.300000,0.000000,2000,2500,19000,22000,23000,23000,23000,23000,23000,23000,23000,60,0,1700,7897.698586573153,135.57508088259655,23700.052397092804,42.666666666666664
1790154771,4,POST,completion,0.100000,0.000000,22000,22000,23000,23000,23000,23000,23000,23000,23000,23000,23000,20,0,22000,21660.702965501696,18798.862559022382,23700.052397092804,128.0
1790154771,4,TPOT,completion,0.100000,0.000000,150,150,160,160,160,160,160,160,160,160,160,20,0,160,155.77980266915134,135.57508088259655,174.722884607494,0.0
1790154771,4,TTFT,completion,0.100000,0.000000,2000,2000,2500,2500,2500,2500,2500,2500,2500,2500,2500,20,0,1700,1876.612991548609,1508.4157749079168,2666.038458002731,0.0
1790154771,4,,Aggregated,0.300000,0.000000,2000,2500,19000,22000,23000,23000,23000,23000,23000,23000,23000,60,0,1700,7897.698586573153,135.57508088259655,23700.052397092804,42.666666666666664
1790154772,4,POST,completion,0.100000,0.000000,19000,19000,19000,19000,19000,19000,19000,19000,19000,19000,19000,20,0,22000,21660.702965501696,18798.862559022382,23700.052397092804,128.0
1790154772,4,TPOT,completion,0.100000,0.000000,140,140,140,140,140,140,140,140,140,140,140,20,0,160,155.77980266915134,135.57508088259655,174.722884607494,0.0
1790154772,4,TTFT,completion,0.100000,0.000000,1600,1600,1600,1600,1600,1600,1600,1600,1600,1600,1600,20,0,1700,1876.612991548609,1508.4157749079168,2666.038458002731,0.0
1790154772,4,,Aggregated,0.300000,0.000000,1600,1600,19000,19000,19000,19000,19000,19000,19000,19000,19000,60,0,1700,7897.698586573153,135.57508088259655,23700.052397092804,42.666666666666664
1790154773,4,POST,completion,0.100000,0.000000,19000,19000,19000,19000,19000,19000,19000,19000,19000,19000,19000,20,0,22000,21660.702965501696,18798.862559022382,23700.052397092804,128.0
1790154773,4,TPOT,completion,0.100000,0.000000,140,140,140,140,140,140,140,140,140,140,140,20,0,160,155.77980266915134,135.57508088259655,174.722884607494,0.0
1790154773,4,TTFT,completion,0.100000,0.000000,1600,1600,1600,1600,1600,1600,1600,1600,1600,1600,1600,20,0,1700,1876.612991548609,1508.4157749079168,2666.038458002731,0.0
1790154773,4,,Aggregated,0.300000,0.000000,1600,1600,19000,19000,19000,19000,19000,19000,19000,19000,19000,60,0,1700,7897.698586573153,135.57508088259655,23700.052397092804,42.666666666666664
1790154774,4,POST,completion,0.100000,0.000000,19000,19000,19000,19000,19000,19000,19000,19000,19000,19000,19000,20,0,22000,21660.702965501696,18798.862559022382,23700.052397092804,128.0
1790154774,4,TPOT,completion,0.100000,0.000000,140,140,140,140,140,140,140,140,140,140,140,20,0,160,155.77980266915134,135.57508088259655,174.722884607494,0.0
1790154774,4,TTFT,completion,0.100000,0.000000,1600,1600,1600,1600,1600,1600,1600,1600,1600,1600,1600,20,0,1700,1876.612991548609,1508.4157749079168,2666.038458002731,0.0
1790154774,4,,Aggregated,0.300000,0.000000,1600,1600,19000,19000,19000,19000,19000,19000,19000,19000,19000,60,0,1700,7897.698586573153,135.57508088259655,23700.052397092804,42.666666666666664
1790154775,4,POST,completion,0.100000,0.000000,19000,19000,19000,19000,19000,19000,19000,19000,19000,19000,19000,20,0,22000,21660.702965501696,18798.862559022382,23700.052397092804,128.0
1790154775,4,TPOT,completion,0.100000,0.000000,140,140,140,140,140,140,140,140,140,140,140,20,0,160,155.77980266915134,135.57508088259655,174.722884607494,0.0
1790154775,4,TTFT,completion,0.100000,0.000000,1600,1600,1600,1600,1600,1600,1600,1600,1600,1600,1600,20,0,1700,1876.612991548609,1508.4157749079168,2666.038458002731,0.0
1790154775,4,,Aggregated,0.300000,0.000000,1600,1600,19000,19000,19000,19000,19000,19000,19000,19000,19000,60,0,1700,7897.698586573153,135.57508088259655,23700.052397092804,42.666666666666664
1790154776,4,POST,completion,0.100000,0.000000,19000,19000,19000,19000,19000,19000,19000,19000,19000,19000,19000,20,0,22000,21660.702965501696,18798.862559022382,23700.052397092804,128.0
1790154776,4,TPOT,completion,0.100000,0.000000,140,140,140,140,140,140,140,140,140,140,140,20,0,160,155.77980266915134,135.57508088259655,174.722884607494,0.0
1790154776,4,TTFT,completion,0.100000,0.000000,1600,1600,1600,1600,1600,1600,1600,1600,1600,1600,1600,20,0,1700,1876.612991548609,1508.4157749079168,2666.038458002731,0.0
1790154776,4,,Aggregated,0.300000,0.000000,1600,1600,19000,19000,19000,19000,19000,19000,19000,19000,19000,60,0,1700,7897.698586573153,135.57508088259655,23700.052397092804,42.666666666666664
1790154777,4,POST,completion,0.100000,0.000000,19000,19000,19000,19000,19000,19000,19000,19000,19000,19000,19000,20,0,22000,21660.702965501696,18798.862559022382,23700.052397092804,128.0
1790154777,4,TPOT,completion,0.100000,0.000000,140,140,140,140,140,140,140,140,140,140,140,20,0,160,155.77980266915134,135.57508088259655,174.722884607494,0.0
1790154777,4,TTFT,completion,0.100000,0.000000,1600,1600,1600,1600,1600,1600,1600,1600,1600,1600,1600,20,0,1700,1876.612991548609,1508.4157749079168,2666.038458002731,0.0
1790154777,4,,Aggregated,0.300000,0.000000,1600,1600,19000,19000,19000,19000,19000,19000,19000,19000,19000,60,0,1700,7897.698586573153,135.57508088259655,23700.052397092804,42.666666666666664
1790154778,4,POST,completion,0.100000,0.000000,19000,19000,19000,19000,19000,19000,19000,19000,19000,19000,19000,20,0,22000,21660.702965501696,18798.862559022382,23700.052397092804,128.0
1790154778,4,TPOT,completion,0.100000,0.000000,140,140,140,140,140,140,140,140,140,140,140,20,0,160,155.77980266915134,135.57508088259655,174.722884607494,0.0
1790154778,4,TTFT,completion,0.100000,0.000000,1600,1600,1600,1600,1600,1600,1600,1600,1600,1600,1600,20,0,1700,1876.612991548609,1508.4157749079168,2666.038458002731,0.0
1790154778,4,,Aggregated,0.300000,0.000000,1600,1600,19000,19000,19000,19000,19000,19000,19000,19000,19000,60,0,1700,7897.698586573153,135.57508088259655,23700.052397092804,42.666666666666664
1790154779,4,POST,completion,0.100000,0.000000,19000,19000,19000,19000,19000,19000,19000,19000,19000,19000,19000,20,0,22000,21660.702965501696,18798.862559022382,23700.052397092804,128.0
1790154779,4,TPOT,completion,0.100000,0.000000,140,140,140,140,140,140,140,140,140,140,140,20,0,160,155.77980266915134,135.57508088259655,174.722884607494,0.0
1790154779,4,TTFT,completion,0.100000,0.000000,1600,1600,1600,1600,1600,1600,1600,1600,1600,1600,1600,20,0,1700,1876.612991548609,1508.4157749079168,2666.038458002731,0.0
1790154779,4,,Aggregated,0.300000,0.000000,1600,1600,19000,19000,19000,19000,19000,19000,19000,19000,19000,60,0,1700,7897.698586573153,135.57508088259655,23700.052397092804,42.666666666666664
1790154780,4,POST,completion,0.100000,0.000000,19000,19000,19000,19000,19000,19000,19000,19000,19000,19000,19000,20,0,22000,21660.702965501696,18798.862559022382,23700.052397092804,128.0
1790154780,4,TPOT,completion,0.100000,0.000000,140,140,140,140,140,140,140,140,140,140,140,20,0,160,155.77980266915134,135.57508088259655,174.722884607494,0.0
1790154780,4,TTFT,completion,0.100000,0.000000,1600,1600,1600,1600,1600,1600,1600,1600,1600,1600,1600,20,0,1700,1876.612991548609,1508.4157749079168,2666.038458002731,0.0
1790154780,4,,Aggregated,0.300000,0.000000,1600,1600,19000,19000,19000,19000,19000,19000,19000,19000,19000,60,0,1700,7897.698586573153,135.57508088259655,23700.052397092804,42.666666666666664
1790154781,4,POST,completion,0.100000,0.000000,0,0,0,0,0,0,0,0,0,0,0,20,0,22000,21660.702965501696,18798.862559022382,23700.052397092804,128.0
1790154781,4,TPOT,completion,0.100000,0.000000,0,0,0,0,0,0,0,0,0,0,0,20,0,160,155.77980266915134,135.57508088259655,174.722884607494,0.0
1790154781,4,TTFT,completion,0.100000,0.000000,0,0,0,0,0,0,0,0,0,0,0,20,0,1700,1876.612991548609,1508.4157749079168,2666.038458002731,0.0
1790154781,4,,Aggregated,0.300000,0.000000,0,0,0,0,0,0,0,0,0,0,0,60,0,1700,7897.698586573153,135.57508088259655,23700.052397092804,42.666666666666664
1790154782,4,POST,completion,0.100000,0.000000,0,0,0,0,0,0,0,0,0,0,0,20,0,22000,21660.702965501696,18798.862559022382,23700.052397092804,128.0
1790154782,4,TPOT,completion,0.100000,0.000000,0,0,0,0,0,0,0,0,0,0,0,20,0,160,155.77980266915134,135.57508088259655,174.722884607494,0.0
1790154782,4,TTFT,completion,0.100000,0.000000,0,0,0,0,0,0,0,0,0,0,0,20,0,1700,1876.612991548609,1508.4157749079168,2666.038458002731,0.0
1790154782,4,,Aggregated,0.300000,0.000000,0,0,0,0,0,0,0,0,0,0,0,60,0,1700,7897.698586573153,135.57508088259655,23700.052397092804,42.666666666666664
1790154783,4,POST,completion,0.100000,0.000000,0,0,0,0,0,0,0,0,0,0,0,20,0,22000,21660.702965501696,18798.862559022382,23700.052397092804,128.0
1790154783,4,TPOT,completion,0.100000,0.000000,0,0,0,0,0,0,0,0,0,0,0,20,0,160,155.77980266915134,135.57508088259655,174.722884607494,0.0
1790154783,4,TTFT,completion,0.100000,0.000000,0,0,0,0,0,0,0,0,0,0,0,20,0,1700,1876.612991548609,1508.4157749079168,2666.038458002731,0.0
1790154783,4,,Aggregated,0.300000,0.000000,0,0,0,0,0,0,0,0,0,0,0,60,0,1700,7897.698586573153,135.57508088259655,23700.052397092804,42.666666666666664
1790154784,4,POST,completion,0.100000,0.000000,0,0,0,0,0,0,0,0,0,0,0,20,0,22000,21660.702965501696,18798.862559022382,23700.052397092804,128.0
1790154784,4,TPOT,completion,0.100000,0.000000,0,0,0,0,0,0,0,0,0,0,0,20,0,160,155.77980266915134,135.57508088259655,174.722884607494,0.0
1790154784,4,TTFT,completion,0.100000,0.000000,0,0,0,0,0,0,0,0,0,0,0,20,0,1700,1876.612991548609,1508.4157749079168,2666.038458002731,0.0
1790154784,4,,Aggregated,0.300000,0.000000,0,0,0,0,0,0,0,0,0,0,0,60,0,1700,7897.698586573153,135.57508088259655,23700.052397092804,42.666666666666664
1790154785,4,POST,completion,0.100000,0.000000,0,0,0,0,0,0,0,0,0,0,0,20,0,22000,21660.702965501696,18798.862559022382,23700.052397092804,128.0
1790154785,4,TPOT,completion,0.100000,0.000000,0,0,0,0,0,0,0,0,0,0,0,20,0,160,155.77980266915134,135.57508088259655,174.722884607494,0.0
1790154785,4,TTFT,completion,0.100000,0.000000,0,0,0,0,0,0,0,0,0,0,0,20,0,1700,1876.612991548609,1508.4157749079168,2666.038458002731,0.0
1790154785,4,,Aggregated,0.300000,0.000000,0,0,0,0,0,0,0,0,0,0,0,60,0,1700,7897.698586573153,135.57508088259655,23700.052397092804,42.666666666666664
1790154786,4,POST,completion,0.100000,0.000000,0,0,0,0,0,0,0,0,0,0,0,20,0,22000,21660.702965501696,18798.862559022382,23700.052397092804,128.0
1790154786,4,TPOT,completion,0.100000,0.000000,0,0,0,0,0,0,0,0,0,0,0,20,0,160,155.77980266915134,135.57508088259655,174.722884607494,0.0
1790154786,4,TTFT,completion,0.100000,0.000000,0,0,0,0,0,0,0,0,0,0,0,20,0,1700,1876.612991548609,1508.4157749079168,2666.038458002731,0.0
1790154786,4,,Aggregated,0.300000,0.000000,0,0,0,0,0,0,0,0,0,0,0,60,0,1700,7897.698586573153,135.57508088259655,23700.052397092804,42.666666666666664
1790154787,4,POST,completion,0.100000,0.000000,0,0,0,0,0,0,0,0,0,0,0,20,0,22000,21660.702965501696,18798.862559022382,23700.052397092804,128.0
1790154787,4,TPOT,completion,0.100000,0.000000,0,0,0,0,0,0,0,0,0,0,0,20,0,160,155.77980266915134,135.57508088259655,174.722884607494,0.0
1790154787,4,TTFT,completion,0.100000,0.000000,0,0,0,0,0,0,0,0,0,0,0,20,0,1700,1876.612991548609,1508.4157749079168,2666.038458002731,0.0
1790154787,4,,Aggregated,0.300000,0.000000,0,0,0,0,0,0,0,0,0,0,0,60,0,1700,7897.698586573153,135.57508088259655,23700.052397092804,42.666666666666664
1790154788,4,POST,completion,0.100000,0.000000,0,0,0,0,0,0,0,0,0,0,0,20,0,22000,21660.702965501696,18798.862559022382,23700.052397092804,128.0
1790154788,4,TPOT,completion,0.100000,0.000000,0,0,0,0,0,0,0,0,0,0,0,20,0,160,155.77980266915134,135.57508088259655,174.722884607494,0.0
1790154788,4,TTFT,completion,0.100000,0.000000,0,0,0,0,0,0,0,0,0,0,0,20,0,1700,1876.612991548609,1508.4157749079168,2666.038458002731,0.0
1790154788,4,,Aggregated,0.300000,0.000000,0,0,0,0,0,0,0,0,0,0,0,60,0,1700,7897.698586573153,135.57508088259655,23700.052397092804,42.666666666666664
1790154789,4,POST,completion,0.100000,0.000000,0,0,0,0,0,0,0,0,0,0,0,20,0,22000,21660.702965501696,18798.862559022382,23700.052397092804,128.0
1790154789,4,TPOT,completion,0.100000,0.000000,0,0,0,0,0,0,0,0,0,0,0,20,0,160,155.77980266915134,135.57508088259655,174.722884607494,0.0
1790154789,4,TTFT,completion,0.100000,0.000000,0,0,0,0,0,0,0,0,0,0,0,20,0,1700,1876.612991548609,1508.4157749079168,2666.038458002731,0.0
1790154789,4,,Aggregated,0.300000,0.000000,0,0,0,0,0,0,0,0,0,0,0,60,0,1700,7897.698586573153,135.57508088259655,23700.052397092804,42.666666666666664
1790154790,4,POST,completion,0.100000,0.000000,0,0,0,0,0,0,0,0,0,0,0,20,0,22000,21660.702965501696,18798.862559022382,23700.052397092804,128.0
1790154790,4,TPOT,completion,0.100000,0.000000,0,0,0,0,0,0,0,0,0,0,0,20,0,160,155.77980266915134,135.57508088259655,174.722884607494,0.0
1790154790,4,TTFT,completion,0.100000,0.000000,0,0,0,0,0,0,0,0,0,0,0,20,0,1700,1876.612991548609,1508.4157749079168,2666.038458002731,0.0
1790154790,4,,Aggregated,0.300000,0.000000,0,0,0,0,0,0,0,0,0,0,0,60,0,1700,7897.698586573153,135.57508088259655,23700.052397092804,42.666666666666664
1790154791,4,POST,completion,0.100000,0.000000,0,0,0,0,0,0,0,0,0,0,0,20,0,22000,21660.702965501696,18798.862559022382,23700.052397092804,128.0
1790154791,4,TPOT,completion,0.100000,0.000000,0,0,0,0,0,0,0,0,0,0,0,20,0,160,155.77980266915134,135.57508088259655,174.722884607494,0.0
1790154791,4,TTFT,completion,0.100000,0.000000,0,0,0,0,0,0,0,0,0,0,0,20,0,1700,1876.612991548609,1508.4157749079168,2666.038458002731,0.0
1790154791,4,,Aggregated,0.300000,0.000000,0,0,0,0,0,0,0,0,0,0,0,60,0,1700,7897.698586573153,135.57508088259655,23700.052397092804,42.666666666666664
1790154792,4,POST,completion,0.100000,0.000000,0,0,0,0,0,0,0,0,0,0,0,20,0,22000,21660.702965501696,18798.862559022382,23700.052397092804,128.0
1790154792,4,TPOT,completion,0.100000,0.000000,0,0,0,0,0,0,0,0,0,0,0,20,0,160,155.77980266915134,135.57508088259655,174.722884607494,0.0
1790154792,4,TTFT,completion,0.100000,0.000000,0,0,0,0,0,0,0,0,0,0,0,20,0,1700,1876.612991548609,1508.4157749079168,2666.038458002731,0.0
1790154792,4,,Aggregated,0.300000,0.000000,0,0,0,0,0,0,0,0,0,0,0,60,0,1700,7897.698586573153,135.57508088259655,23700.052397092804,42.666666666666664
1790154793,4,POST,completion,0.100000,0.000000,0,0,0,0,0,0,0,0,0,0,0,20,0,22000,21660.702965501696,18798.862559022382,23700.052397092804,128.0
1790154793,4,TPOT,completion,0.100000,0.000000,0,0,0,0,0,0,0,0,0,0,0,20,0,160,155.77980266915134,135.57508088259655,174.722884607494,0.0
1790154793,4,TTFT,completion,0.100000,0.000000,0,0,0,0,0,0,0,0,0,0,0,20,0,1700,1876.612991548609,1508.4157749079168,2666.038458002731,0.0
1790154793,4,,Aggregated,0.300000,0.000000,0,0,0,0,0,0,0,0,0,0,0,60,0,1700,7897.698586573153,135.57508088259655,23700.052397092804,42.666666666666664
1790154794,4,POST,completion,0.100000,0.000000,0,0,0,0,0,0,0,0,0,0,0,20,0,22000,21660.702965501696,18798.862559022382,23700.052397092804,128.0
1790154794,4,TPOT,completion,0.100000,0.000000,0,0,0,0,0,0,0,0,0,0,0,20,0,160,155.77980266915134,135.57508088259655,174.722884607494,0.0
1790154794,4,TTFT,completion,0.100000,0.000000,0,0,0,0,0,0,0,0,0,0,0,20,0,1700,1876.612991548609,1508.4157749079168,2666.038458002731,0.0
1790154794,4,,Aggregated,0.300000,0.000000,0,0,0,0,0,0,0,0,0,0,0,60,0,1700,7897.698586573153,135.57508088259655,23700.052397092804,42.666666666666664
1790154795,4,POST,completion,0.100000,0.000000,0,0,0,0,0,0,0,0,0,0,0,20,0,22000,21660.702965501696,18798.862559022382,23700.052397092804,128.0
1790154795,4,TPOT,completion,0.100000,0.000000,0,0,0,0,0,0,0,0,0,0,0,20,0,160,155.77980266915134,135.57508088259655,174.722884607494,0.0
1790154795,4,TTFT,completion,0.100000,0.000000,0,0,0,0,0,0,0,0,0,0,0,20,0,1700,1876.612991548609,1508.4157749079168,2666.038458002731,0.0
1790154795,4,,Aggregated,0.300000,0.000000,0,0,0,0,0,0,0,0,0,0,0,60,0,1700,7897.698586573153,135.57508088259655,23700.052397092804,42.666666666666664
1790154796,4,POST,completion,0.100000,0.000000,0,0,0,0,0,0,0,0,0,0,0,20,0,22000,21660.702965501696,18798.862559022382,23700.052397092804,128.0
1790154796,4,TPOT,completion,0.100000,0.000000,0,0,0,0,0,0,0,0,0,0,0,20,0,160,155.77980266915134,135.57508088259655,174.722884607494,0.0
1790154796,4,TTFT,completion,0.100000,0.000000,0,0,0,0,0,0,0,0,0,0,0,20,0,1700,1876.612991548609,1508.4157749079168,2666.038458002731,0.0
1790154796,4,,Aggregated,0.300000,0.000000,0,0,0,0,0,0,0,0,0,0,0,60,0,1700,7897.698586573153,135.57508088259655,23700.052397092804,42.666666666666664
1790154797,4,POST,completion,0.100000,0.000000,0,0,0,0,0,0,0,0,0,0,0,20,0,22000,21660.702965501696,18798.862559022382,23700.052397092804,128.0
1790154797,4,TPOT,completion,0.100000,0.000000,0,0,0,0,0,0,0,0,0,0,0,20,0,160,155.77980266915134,135.57508088259655,174.722884607494,0.0
1790154797,4,TTFT,completion,0.100000,0.000000,0,0,0,0,0,0,0,0,0,0,0,20,0,1700,1876.612991548609,1508.4157749079168,2666.038458002731,0.0
1790154797,4,,Aggregated,0.300000,0.000000,0,0,0,0,0,0,0,0,0,0,0,60,0,1700,7897.698586573153,135.57508088259655,23700.052397092804,42.666666666666664
