Timestamp,User Count,Type,Name,Requests/s,Failures/s,50%,66%,75%,80%,90%,95%,98%,99%,99.9%,99.99%,100%,Total Request Count,Total Failure Count,Total Median Response Time,Total Average Response Time,Total Min Response Time,Total Max Response Time,Total Average Content Size
1790234864,0,,Aggregated,0.000000,0.000000,N/A,N/A,N/A,N/A,N/A,N/A,N/A,N/A,N/A,N/A,N/A,0,0,0,0.0,0,0,0
1790234865,1,,Aggregated,0.000000,0.000000,N/A,N/A,N/A,N/A,N/A,N/A,N/A,N/A,N/A,N/A,N/A,0,0,0,0.0,0,0,0
1790234866,2,,Aggregated,0.000000,0.000000,N/A,N/A,N/A,N/A,N/A,N/A,N/A,N/A,N/A,N/A,N/A,0,0,0,0.0,0,0,0
1790234867,3,,Aggregated,0.000000,0.000000,N/A,N/A,N/A,N/A,N/A,N/A,N/A,N/A,N/A,N/A,N/A,0,0,0,0.0,0,0,0
1790234868,4,,Aggregated,0.000000,0.000000,N/A,N/A,N/A,N/A,N/A,N/A,N/A,N/A,N/A,N/A,N/A,0,0,0,0.0,0,0,0
1790234869,5,,Aggregated,0.000000,0.000000,N/A,N/A,N/A,N/A,N/A,N/A,N/A,N/A,N/A,N/A,N/A,0,0,0,0.0,0,0,0
1790234870,6,,Aggregated,0.000000,0.000000,N/A,N/A,N/A,N/A,N/A,N/A,N/A,N/A,N/A,N/A,N/A,0,0,0,0.0,0,0,0
1790234871,7,,Aggregated,0.000000,0.000000,N/A,N/A,N/A,N/A,N/A,N/A,N/A,N/A,N/A,N/A,N/A,0,0,0,0.0,0,0,0
1790234872,8,,Aggregated,0.000000,0.000000,N/A,N/A,N/A,N/A,N/A,N/A,N/A,N/A,N/A,N/A,N/A,0,0,0,0.0,0,0,0
1790234873,8,,Aggregated,0.000000,0.000000,N/A,N/A,N/A,N/A,N/A,N/A,N/A,N/A,N/A,N/A,N/A,0,0,0,0.0,0,0,0
1790234874,8,,Aggregated,0.000000,0.000000,N/A,N/A,N/A,N/A,N/A,N/A,N/A,N/A,N/A,N/A,N/A,0,0,0,0.0,0,0,0
1790234875,8,,Aggregated,0.000000,0.000000,N/A,N/A,N/A,N/A,N/A,N/A,N/A,N/A,N/A,N/A,N/A,0,0,0,0.0,0,0,0
1790234876,8,,Aggregated,0.000000,0.000000,N/A,N/A,N/A,N/A,N/A,N/A,N/A,N/A,N/A,N/A,N/A,0,0,0,0.0,0,0,0
1790234877,8,,Aggregated,0.000000,0.000000,N/A,N/A,N/A,N/A,N/A,N/A,N/A,N/A,N/A,N/A,N/A,0,0,0,0.0,0,0,0
1790234878,8,,Aggregated,0.000000,0.000000,N/A,N/A,N/A,N/A,N/A,N/A,N/A,N/A,N/A,N/A,N/A,0,0,0,0.0,0,0,0
1790234879,8,,Aggregated,0.000000,0.000000,N/A,N/A,N/A,N/A,N/A,N/A,N/A,N/A,N/A,N/A,N/A,0,0,0,0.0,0,0,0
1790234880,8,,Aggregated,0.000000,0.000000,N/A,N/A,N/A,N/A,N/A,N/A,N/A,N/A,N/A,N/A,N/A,0,0,0,0.0,0,0,0
1790234881,8,,Aggregated,0.000000,0.000000,N/A,N/A,N/A,N/A,N/A,N/A,N/A,N/A,N/A,N/A,N/A,0,0,0,0.0,0,0,0
1790234882,8,,Aggregated,0.000000,0.000000,N/A,N/A,N/A,N/A,N/A,N/A,N/A,N/A,N/A,N/A,N/A,0,0,0,0.0,0,0,0
1790234883,8,,Aggregated,0.000000,0.000000,N/A,N/A,N/A,N/A,N/A,N/A,N/A,N/A,N/A,N/A,N/A,0,0,0,0.0,0,0,0
1790234884,8,,Aggregated,0.000000,0.000000,N/A,N/A,N/A,N/A,N/A,N/A,N/A,N/A,N/A,N/A,N/A,0,0,0,0.0,0,0,0
1790234885,8,,Aggregated,0.000000,0.000000,N/A,N/A,N/A,N/A,N/A,N/A,N/A,N/A,N/A,N/A,N/A,0,0,0,0.0,0,0,0
1790234886,8,,Aggregated,0.000000,0.000000,N/A,N/A,N/A,N/A,N/A,N/A,N/A,N/A,N/A,N/A,N/A,0,0,0,0.0,0,0,0
1790234887,8,,Aggregated,0.000000,0.000000,N/A,N/A,N/A,N/A,N/A,N/A,N/A,N/A,N/A,N/A,N/A,0,0,0,0.0,0,0,0
1790234888,8,,Aggregated,0.000000,0.000000,N/A,N/A,N/A,N/A,N/A,N/A,N/A,N/A,N/A,N/A,N/A,0,0,0,0.0,0,0,0
1790234889,8,,Aggregated,0.000000,0.000000,N/A,N/A,N/A,N/A,N/A,N/A,N/A,N/A,N/A,N/A,N/A,0,0,0,0.0,0,0,0
1790234890,8,,Aggregated,0.000000,0.000000,N/A,N/A,N/A,N/A,N/A,N/A,N/A,N/A,N/A,N/A,N/A,0,0,0,0.0,0,0,0
1790234891,8,,Aggregated,0.000000,0.000000,N/A,N/A,N/A,N/A,N/A,N/A,N/A,N/A,N/A,N/A,N/A,0,0,0,0.0,0,0,0
1790234892,8,,Aggregated,0.000000,0.000000,N/A,N/A,N/A,N/A,N/A,N/A,N/A,N/A,N/A,N/A,N/A,0,0,0,0.0,0,0,0
1790234893,8,,Aggregated,0.000000,0.000000,N/A,N/A,N/A,N/A,N/A,N/A,N/A,N/A,N/A,N/A,N/A,0,0,0,0.0,0,0,0
1790234894,8,,Aggregated,0.000000,0.000000,N/A,N/A,N/A,N/A,N/A,N/A,N/A,N/A,N/A,N/A,N/A,0,0,0,0.0,0,0,0
1790234895,8,,Aggregated,0.000000,0.000000,N/A,N/A,N/A,N/A,N/A,N/A,N/A,N/A,N/A,N/A,N/A,0,0,0,0.0,0,0,0
1790234896,8,,Aggregated,0.000000,0.000000,N/A,N/A,N/A,N/A,N/A,N/A,N/A,N/A,N/A,N/A,N/A,0,0,0,0.0,0,0,0
1790234897,8,,Aggregated,0.000000,0.000000,N/A,N/A,N/A,N/A,N/A,N/A,N/A,N/A,N/A,N/A,N/A,0,0,0,0.0,0,0,0
1790234898,8,,Aggregated,0.000000,0.000000,N/A,N/A,N/A,N/A,N/A,N/A,N/A,N/A,N/A,N/A,N/A,0,0,0,0.0,0,0,0
1790234899,8,,Aggregated,0.000000,0.000000,N/A,N/A,N/A,N/A,N/A,N/A,N/A,N/A,N/A,N/A,N/A,0,0,0,0.0,0,0,0
1790234900,8,,Aggregated,0.000000,0.000000,N/A,N/A,N/A,N/A,N/A,N/A,N/A,N/A,N/A,N/A,N/A,0,0,0,0.0,0,0,0
1790234901,8,,Aggregated,0.000000,0.000000,N/A,N/A,N/A,N/A,N/A,N/A,N/A,N/A,N/A,N/A,N/A,0,0,0,0.0,0,0,0
1790234902,8,,Aggregated,0.000000,0.000000,N/A,N/A,N/A,N/A,N/A,N/A,N/A,N/A,N/A,N/A,N/A,0,0,0,0.0,0,0,0
1790234903,8,,Aggregated,0.000000,0.000000,N/A,N/A,N/A,N/A,N/A,N/A,N/A,N/A,N/A,N/A,N/A,0,0,0,0.0,0,0,0
1790234904,8,,Aggregated,0.000000,0.000000,N/A,N/A,N/A,N/A,N/A,N/A,N/A,N/A,N/A,N/A,N/A,0,0,0,0.0,0,0,0
1790234905,8,,Aggregated,0.000000,0.000000,N/A,N/A,N/A,N/A,N/A,N/A,N/A,N/A,N/A,N/A,N/A,0,0,0,0.0,0,0,0
1790234906,8,,Aggregated,0.000000,0.000000,N/A,N/A,N/A,N/A,N/A,N/A,N/A,N/A,N/A,N/A,N/A,0,0,0,0.0,0,0,0
1790234907,8,,Aggregated,0.000000,0.000000,N/A,N/A,N/A,N/A,N/A,N/A,N/A,N/A,N/A,N/A,N/A,0,0,0,0.0,0,0,0
1790234908,8,,Aggregated,0.000000,0.000000,N/A,N/A,N/A,N/A,N/A,N/A,N/A,N/A,N/A,N/A,N/A,0,0,0,0.0,0,0,0
1790234909,8,,Aggregated,0.000000,0.000000,N/A,N/A,N/A,N/A,N/A,N/A,N/A,N/A,N/A,N/A,N/A,0,0,0,0.0,0,0,0
1790234910,8,,Aggregated,0.000000,0.000000,N/A,N/A,N/A,N/A,N/A,N/A,N/A,N/A,N/A,N/A,N/A,0,0,0,0.0,0,0,0
1790234911,8,,Aggregated,0.000000,0.000000,N/A,N/A,N/A,N/A,N/A,N/A,N/A,N/A,N/A,N/A,N/A,0,0,0,0.0,0,0,0
1790234912,8,POST,completion,0.000000,0.000000,0,0,0,0,0,0,0,0,0,0,0,1,0,39337.07149885595,39337.07149885595,39337.07149885595,39337.07149885595,128.0
1790234912,8,TPOT,completion,0.000000,0.000000,0,0,0,0,0,0,0,0,0,0,0,1,0,289.99800843326005,289.99800843326005,289.99800843326005,289.99800843326005,0.0
1790234912,8,TTFT,completion,0.000000,0.000000,0,0,0,0,0,0,0,0,0,0,0,1,0,2507.2564338333905,2507.2564338333905,2507.2564338333905,2507.2564338333905,0.0
1790234912,8,,Aggregated,0.000000,0.000000,0,0,0,0,0,0,0,0,0,0,0,3,0,2500,14044.775313707532,289.99800843326005,39337.07149885595,42.666666666666664
1790234913,8,POST,completion,0.000000,0.000000,0,0,0,0,0,0,0,0,0,0,0,1,0,39337.07149885595,39337.07149885595,39337.07149885595,39337.07149885595,128.0
1790234913,8,TPOT,completion,0.000000,0.000000,0,0,0,0,0,0,0,0,0,0,0,1,0,289.99800843326005,289.99800843326005,289.99800843326005,289.99800843326005,0.0
1790234913,8,TTFT,completion,0.000000,0.000000,0,0,0,0,0,0,0,0,0,0,0,1,0,2507.2564338333905,2507.2564338333905,2507.2564338333905,2507.2564338333905,0.0
1790234913,8,,Aggregated,0.000000,0.000000,0,0,0,0,0,0,0,0,0,0,0,3,0,2500,14044.775313707532,289.99800843326005,39337.07149885595,42.666666666666664
1790234914,8,POST,completion,0.000000,0.000000,40000,40000,40000,40000,40000,40000,40000,40000,40000,40000,40000,2,0,40000,39821.72612147406,39337.07149885595,40306.38074409217,128.0
1790234914,8,TPOT,completion,0.000000,0.000000,300,300,300,300,300,300,300,300,300,300,300,2,0,296.1592821965331,293.07864531489656,289.99800843326005,296.1592821965331,0.0
1790234914,8,TTFT,completion,0.000000,0.000000,2700,2700,2700,2700,2700,2700,2700,2700,2700,2700,2700,2,0,2694.094154983759,2600.6752944085747,2507.2564338333905,2694.094154983759,0.0
1790234914,8,,Aggregated,0.000000,0.000000,0,0,0,0,0,0,0,0,0,0,0,6,0,2700,14238.49335373251,289.99800843326005,40306.38074409217,42.666666666666664
1790234915,8,POST,completion,0.000000,0.000000,40000,40000,40000,40000,40000,40000,40000,40000,40000,40000,40000,2,0,40000,39821.72612147406,39337.07149885595,40306.38074409217,128.0
1790234915,8,TPOT,completion,0.000000,0.000000,300,300,300,300,300,300,300,300,300,300,300,2,0,296.1592821965331,293.07864531489656,289.99800843326005,296.1592821965331,0.0
1790234915,8,TTFT,completion,0.000000,0.000000,2700,2700,2700,2700,2700,2700,2700,2700,2700,2700,2700,2,0,2694.094154983759,2600.6752944085747,2507.2564338333905,2694.094154983759,0.0
1790234915,8,,Aggregated,0.000000,0.000000,2700,2700,40000,40000,40000,40000,40000,40000,40000,40000,40000,6,0,2700,14238.49335373251,289.99800843326005,40306.38074409217,42.666666666666664
1790234916,8,POST,completion,0.000000,0.000000,40000,40000,40000,40000,40000,40000,40000,40000,40000,40000,40000,2,0,40000,39821.72612147406,39337.07149885595,40306.38074409217,128.0
1790234916,8,TPOT,completion,0.000000,0.000000,300,300,300,300,300,300,300,300,300,300,300,2,0,296.1592821965331,293.07864531489656,289.99800843326005,296.1592821965331,0.0
1790234916,8,TTFT,completion,0.000000,0.000000,2700,2700,2700,2700,2700,2700,2700,2700,2700,2700,2700,2,0,2694.094154983759,2600.6752944085747,2507.2564338333905,2694.094154983759,0.0
1790234916,8,,Aggregated,0.000000,0.000000,2700,2700,40000,40000,40000,40000,40000,40000,40000,40000,40000,6,0,2700,14238.49335373251,289.99800843326005,40306.38074409217,42.666666666666664
1790234917,8,POST,completion,0.200000,0.000000,40000,40000,40000,40000,40000,40000,40000,40000,40000,40000,40000,3,0,40000,39717.711784256004,39337.07149885595,40306.38074409217,128.0
1790234917,8,TPOT,completion,0.200000,0.000000,290,290,300,300,300,300,300,300,300,300,300,3,0,290,292.2754509287722,289.99800843326005,296.1592821965331,0.0
1790234917,8,TTFT,completion,0.200000,0.000000,2600,2600,2700,2700,2700,2700,2700,2700,2700,2700,2700,3,0,2600,2598.665611275161,2507.2564338333905,2694.094154983759,0.0
1790234917,8,,Aggregated,0.600000,0.000000,2700,2700,40000,40000,40000,40000,40000,40000,40000,40000,40000,9,0,2600,14202.88428215331,289.99800843326005,40306.38074409217,42.666666666666664
1790234918,8,POST,completion,0.200000,0.000000,40000,40000,40000,40000,40000,40000,40000,40000,40000,40000,40000,3,0,40000,39717.711784256004,39337.07149885595,40306.38074409217,128.0
1790234918,8,TPOT,completion,0.200000,0.000000,290,290,300,300,300,300,300,300,300,300,300,3,0,290,292.2754509287722,289.99800843326005,296.1592821965331,0.0
1790234918,8,TTFT,completion,0.200000,0.000000,2600,2600,2700,2700,2700,2700,2700,2700,2700,2700,2700,3,0,2600,2598.665611275161,2507.2564338333905,2694.094154983759,0.0
1790234918,8,,Aggregated,0.600000,0.000000,2700,2700,40000,40000,40000,40000,40000,40000,40000,40000,40000,9,0,2600,14202.88428215331,289.99800843326005,40306.38074409217,42.666666666666664
1790234919,8,POST,completion,0.200000,0.000000,40000,40000,40000,40000,40000,40000,40000,40000,40000,40000,40000,3,0,40000,39717.711784256004,39337.07149885595,40306.38074409217,128.0
1790234919,8,TPOT,completion,0.200000,0.000000,290,290,300,300,300,300,300,300,300,300,300,3,0,290,292.2754509287722,289.99800843326005,296.1592821965331,0.0
1790234919,8,TTFT,completion,0.200000,0.000000,2600,2600,2700,2700,2700,2700,2700,2700,2700,2700,2700,3,0,2600,2598.665611275161,2507.2564338333905,2694.094154983759,0.0
1790234919,8,,Aggregated,0.600000,0.000000,2700,2700,40000,40000,40000,40000,40000,40000,40000,40000,40000,9,0,2600,14202.88428215331,289.99800843326005,40306.38074409217,42.666666666666664
1790234920,8,POST,completion,0.200000,0.000000,40000,40000,40000,40000,40000,40000,40000,40000,40000,40000,40000,3,0,40000,39717.711784256004,39337.07149885595,40306.38074409217,128.0
1790234920,8,TPOT,completion,0.200000,0.000000,290,290,300,300,300,300,300,300,300,300,300,3,0,290,292.2754509287722,289.99800843326005,296.1592821965331,0.0
1790234920,8,TTFT,completion,0.200000,0.000000,2600,2600,2700,2700,2700,2700,2700,2700,2700,2700,2700,3,0,2600,2598.665611275161,2507.2564338333905,2694.094154983759,0.0
1790234920,8,,Aggregated,0.600000,0.000000,2700,2700,40000,40000,40000,40000,40000,40000,40000,40000,40000,9,0,2600,14202.88428215331,289.99800843326005,40306.38074409217,42.666666666666664
1790234921,8,POST,completion,0.200000,0.000000,40000,40000,40000,40000,40000,40000,40000,40000,40000,40000,40000,3,0,40000,39717.711784256004,39337.07149885595,40306.38074409217,128.0
1790234921,8,TPOT,completion,0.200000,0.000000,290,290,300,300,300,300,300,300,300,300,300,3,0,290,292.2754509287722,289.99800843326005,296.1592821965331,0.0
1790234921,8,TTFT,completion,0.200000,0.000000,2600,2600,2700,2700,2700,2700,2700,2700,2700,2700,2700,3,0,2600,2598.665611275161,2507.2564338333905,2694.094154983759,0.0
1790234921,8,,Aggregated,0.600000,0.000000,2700,2700,40000,40000,40000,40000,40000,40000,40000,40000,40000,9,0,2600,14202.88428215331,289.99800843326005,40306.38074409217,42.666666666666664
1790234922,8,POST,completion,0.200000,0.000000,40000,40000,40000,40000,40000,40000,40000,40000,40000,40000,40000,3,0,40000,39717.711784256004,39337.07149885595,40306.38074409217,128.0
1790234922,8,TPOT,completion,0.200000,0.000000,290,290,300,300,300,300,300,300,300,300,300,3,0,290,292.2754509287722,289.99800843326005,296.1592821965331,0.0
1790234922,8,TTFT,completion,0.200000,0.000000,2600,2600,2700,2700,2700,2700,2700,2700,2700,2700,2700,3,0,2600,2598.665611275161,2507.2564338333905,2694.094154983759,0.0
1790234922,8,,Aggregated,0.600000,0.000000,2700,2700,40000,40000,40000,40000,40000,40000,40000,40000,40000,9,0,2600,14202.88428215331,289.99800843326005,40306.38074409217,42.666666666666664
1790234923,8,POST,completion,0.200000,0.000000,40000,40000,40000,40000,40000,40000,40000,40000,40000,40000,40000,3,0,40000,39717.711784256004,39337.07149885595,40306.38074409217,128.0
1790234923,8,TPOT,completion,0.200000,0.000000,300,300,300,300,300,300,300,300,300,300,300,3,0,290,292.2754509287722,289.99800843326005,296.1592821965331,0.0
1790234923,8,TTFT,completion,0.200000,0.000000,2700,2700,2700,2700,2700,2700,2700,2700,2700,2700,2700,3,0,2600,2598.665611275161,2507.2564338333905,2694.094154983759,0.0
1790234923,8,,Aggregated,0.600000,0.000000,2700,2700,40000,40000,40000,40000,40000,40000,40000,40000,40000,9,0,2600,14202.88428215331,289.99800843326005,40306.38074409217,42.666666666666664
1790234924,8,POST,completion,0.200000,0.000000,40000,40000,40000,40000,40000,40000,40000,40000,40000,40000,40000,3,0,40000,39717.711784256004,39337.07149885595,40306.38074409217,128.0
1790234924,8,TPOT,completion,0.200000,0.000000,300,300,300,300,300,300,300,300,300,300,300,3,0,290,292.2754509287722,289.99800843326005,296.1592821965331,0.0
1790234924,8,TTFT,completion,0.200000,0.000000,2700,2700,2700,2700,2700,2700,2700,2700,2700,2700,2700,3,0,2600,2598.665611275161,2507.2564338333905,2694.094154983759,0.0
1790234924,8,,Aggregated,0.600000,0.000000,2700,2700,40000,40000,40000,40000,40000,40000,40000,40000,40000,9,0,2600,14202.88428215331,289.99800843326005,40306.38074409217,42.666666666666664
1790234925,8,POST,completion,0.300000,0.000000,40000,40000,41000,41000,41000,41000,41000,41000,41000,41000,41000,5,0,40000,40000.958842784166,39337.07149885595,40968.2015220169,128.0
1790234925,8,TPOT,completion,0.300000,0.000000,290,290,300,300,300,300,300,300,300,300,300,5,0,290,293.99958365032165,289.99800843326005,299.9818618354336,0.0
1790234925,8,TTFT,completion,0.300000,0.000000,2600,2600,2900,2900,2900,2900,2900,2900,2900,2900,2900,5,0,2600,2662.95101121068,2507.2564338333905,2870.45579100959,0.0
1790234925,8,,Aggregated,0.900000,0.000000,2600,2900,40000,40000,41000,41000,41000,41000,41000,41000,41000,15,0,2600,14319.303145881722,289.99800843326005,40968.2015220169,42.666666666666664
1790234926,8,POST,completion,0.300000,0.000000,40000,40000,41000,41000,41000,41000,41000,41000,41000,41000,41000,5,0,40000,40000.958842784166,39337.07149885595,40968.2015220169,128.0
1790234926,8,TPOT,completion,0.300000,0.000000,290,290,300,300,300,300,300,300,300,300,300,5,0,290,293.99958365032165,289.99800843326005,299.9818618354336,0.0
1790234926,8,TTFT,completion,0.300000,0.000000,2600,2600,2900,2900,2900,2900,2900,2900,2900,2900,2900,5,0,2600,2662.95101121068,2507.2564338333905,2870.45579100959,0.0
1790234926,8,,Aggregated,0.900000,0.000000,2600,2900,40000,40000,41000,41000,41000,41000,41000,41000,41000,15,0,2600,14319.303145881722,289.99800843326005,40968.2015220169,42.666666666666664
1790234927,8,POST,completion,0.300000,0.000000,40000,40000,41000,41000,41000,41000,41000,41000,41000,41000,41000,5,0,40000,40000.958842784166,39337.07149885595,40968.2015220169,128.0
1790234927,8,TPOT,completion,0.300000,0.000000,290,290,300,300,300,300,300,300,300,300,300,5,0,290,293.99958365032165,289.99800843326005,299.9818618354336,0.0
1790234927,8,TTFT,completion,0.300000,0.000000,2600,2600,2900,2900,2900,2900,2900,2900,2900,2900,2900,5,0,2600,2662.95101121068,2507.2564338333905,2870.45579100959,0.0
1790234927,8,,Aggregated,0.900000,0.000000,2600,2900,40000,40000,41000,41000,41000,41000,41000,41000,41000,15,0,2600,14319.303145881722,289.99800843326005,40968.2015220169,42.666666666666664
1790234928,8,POST,completion,0.300000,0.000000,40000,40000,41000,41000,41000,41000,41000,41000,41000,41000,41000,5,0,40000,40000.958842784166,39337.07149885595,40968.2015220169,128.0
1790234928,8,TPOT,completion,0.300000,0.000000,290,290,300,300,300,300,300,300,300,300,300,5,0,290,293.99958365032165,289.99800843326005,299.9818618354336,0.0
1790234928,8,TTFT,completion,0.300000,0.000000,2600,2600,2900,2900,2900,2900,2900,2900,2900,2900,2900,5,0,2600,2662.95101121068,2507.2564338333905,2870.45579100959,0.0
1790234928,8,,Aggregated,0.900000,0.000000,2600,2900,40000,40000,41000,41000,41000,41000,41000,41000,41000,15,0,2600,14319.303145881722,289.99800843326005,40968.2015220169,42.666666666666664
1790234929,8,POST,completion,0.300000,0.000000,40000,40000,41000,41000,41000,41000,41000,41000,41000,41000,41000,5,0,40000,40000.958842784166,39337.07149885595,40968.2015220169,128.0
1790234929,8,TPOT,completion,0.300000,0.000000,290,290,300,300,300,300,300,300,300,300,300,5,0,290,293.99958365032165,289.99800843326005,299.9818618354336,0.0
1790234929,8,TTFT,completion,0.300000,0.000000,2600,2600,2900,2900,2900,2900,2900,2900,2900,2900,2900,5,0,2600,2662.95101121068,2507.2564338333905,2870.45579100959,0.0
1790234929,8,,Aggregated,0.900000,0.000000,2600,2900,40000,40000,41000,41000,41000,41000,41000,41000,41000,15,0,2600,14319.303145881722,289.99800843326005,40968.2015220169,42.666666666666664
1790234930,8,POST,completion,0.300000,0.000000,41000,41000,41000,41000,41000,41000,41000,41000,41000,41000,41000,5,0,40000,40000.958842784166,39337.07149885595,40968.2015220169,128.0
1790234930,8,TPOT,completion,0.300000,0.000000,300,300,300,300,300,300,300,300,300,300,300,5,0,290,293.99958365032165,289.99800843326005,299.9818618354336,0.0
1790234930,8,TTFT,completion,0.300000,0.000000,2900,2900,2900,2900,2900,2900,2900,2900,2900,2900,2900,5,0,2600,2662.95101121068,2507.2564338333905,2870.45579100959,0.0
1790234930,8,,Aggregated,0.900000,0.000000,2900,2900,40000,40000,41000,41000,41000,41000,41000,41000,41000,15,0,2600,14319.303145881722,289.99800843326005,40968.2015220169,42.666666666666664
1790234931,8,POST,completion,0.200000,0.000000,41000,41000,41000,41000,41000,41000,41000,41000,41000,41000,41000,7,0,40000,40223.51812584592,39337.07149885595,41266.54662215151,128.0
1790234931,8,TPOT,completion,0.200000,0.000000,300,300,300,300,300,300,300,300,300,300,300,7,0,300,295.7520464734311,289.99800843326005,303.7794458030862,0.0
1790234931,8,TTFT,completion,0.200000,0.000000,2700,2700,2900,2900,2900,2900,2900,2900,2900,2900,2900,7,0,2600,2662.9509217371897,2507.2564338333905,2870.45579100959,0.0
1790234931,8,,Aggregated,0.600000,0.000000,2700,2900,40000,40000,41000,41000,41000,41000,41000,41000,41000,21,0,2600,14394.073698018847,289.99800843326005,41266.54662215151,42.666666666666664
1790234932,8,POST,completion,0.200000,0.000000,41000,41000,41000,41000,41000,41000,41000,41000,41000,41000,41000,7,0,40000,40223.51812584592,39337.07149885595,41266.54662215151,128.0
1790234932,8,TPOT,completion,0.200000,0.000000,300,300,300,300,300,300,300,300,300,300,300,7,0,300,295.7520464734311,289.99800843326005,303.7794458030862,0.0
1790234932,8,TTFT,completion,0.200000,0.000000,2700,2700,2900,2900,2900,2900,2900,2900,2900,2900,2900,7,0,2600,2662.9509217371897,2507.2564338333905,2870.45579100959,0.0
1790234932,8,,Aggregated,0.600000,0.000000,2700,2900,40000,40000,41000,41000,41000,41000,41000,41000,41000,21,0,2600,14394.073698018847,289.99800843326005,41266.54662215151,42.666666666666664
1790234933,8,POST,completion,0.200000,0.000000,41000,41000,41000,41000,41000,41000,41000,41000,41000,41000,41000,7,0,40000,40223.51812584592,39337.07149885595,41266.54662215151,128.0
1790234933,8,TPOT,completion,0.200000,0.000000,300,300,300,300,300,300,300,300,300,300,300,7,0,300,295.7520464734311,289.99800843326005,303.7794458030862,0.0
1790234933,8,TTFT,completion,0.200000,0.000000,2700,2700,2900,2900,2900,2900,2900,2900,2900,2900,2900,7,0,2600,2662.9509217371897,2507.2564338333905,2870.45579100959,0.0
1790234933,8,,Aggregated,0.600000,0.000000,2700,2900,40000,40000,41000,41000,41000,41000,41000,41000,41000,21,0,2600,14394.073698018847,289.99800843326005,41266.54662215151,42.666666666666664
1790234934,8,POST,completion,0.200000,0.000000,41000,41000,41000,41000,41000,41000,41000,41000,41000,41000,41000,7,0,40000,40223.51812584592,39337.07149885595,41266.54662215151,128.0
1790234934,8,TPOT,completion,0.200000,0.000000,300,300,300,300,300,300,300,300,300,300,300,7,0,300,295.7520464734311,289.99800843326005,303.7794458030862,0.0
1790234934,8,TTFT,completion,0.200000,0.000000,2700,2700,2900,2900,2900,2900,2900,2900,2900,2900,2900,7,0,2600,2662.9509217371897,2507.2564338333905,2870.45579100959,0.0
1790234934,8,,Aggregated,0.600000,0.000000,2700,2900,40000,40000,41000,41000,41000,41000,41000,41000,41000,21,0,2600,14394.073698018847,289.99800843326005,41266.54662215151,42.666666666666664
1790234935,8,POST,completion,0.200000,0.000000,41000,41000,41000,41000,41000,41000,41000,41000,41000,41000,41000,7,0,40000,40223.51812584592,39337.07149885595,41266.54662215151,128.0
1790234935,8,TPOT,completion,0.200000,0.000000,300,300,300,300,300,300,300,300,300,300,300,7,0,300,295.7520464734311,289.99800843326005,303.7794458030862,0.0
1790234935,8,TTFT,completion,0.200000,0.000000,2700,2700,2900,2900,2900,2900,2900,2900,2900,2900,2900,7,0,2600,2662.9509217371897,2507.2564338333905,2870.45579100959,0.0
1790234935,8,,Aggregated,0.600000,0.000000,2700,2900,40000,40000,41000,41000,41000,41000,41000,41000,41000,21,0,2600,14394.073698018847,289.99800843326005,41266.54662215151,42.666666666666664
1790234936,8,POST,completion,0.200000,0.000000,41000,41000,41000,41000,41000,41000,41000,41000,41000,41000,41000,7,0,40000,40223.51812584592,39337.07149885595,41266.54662215151,128.0
1790234936,8,TPOT,completion,0.200000,0.000000,300,300,300,300,300,300,300,300,300,300,300,7,0,300,295.7520464734311,289.99800843326005,303.7794458030862,0.0
1790234936,8,TTFT,completion,0.200000,0.000000,2700,2700,2900,2900,2900,2900,2900,2900,2900,2900,2900,7,0,2600,2662.9509217371897,2507.2564338333905,2870.45579100959,0.0
1790234936,8,,Aggregated,0.600000,0.000000,2700,2900,40000,40000,41000,41000,41000,41000,41000,41000,41000,21,0,2600,14394.073698018847,289.99800843326005,41266.54662215151,42.666666666666664
1790234937,8,POST,completion,0.200000,0.000000,41000,41000,41000,41000,41000,41000,41000,41000,41000,41000,41000,7,0,40000,40223.51812584592,39337.07149885595,41266.54662215151,128.0
1790234937,8,TPOT,completion,0.200000,0.000000,300,300,300,300,300,300,300,300,300,300,300,7,0,300,295.7520464734311,289.99800843326005,303.7794458030862,0.0
1790234937,8,TTFT,completion,0.200000,0.000000,2700,2700,2700,2700,2700,2700,2700,2700,2700,2700,2700,7,0,2600,2662.9509217371897,2507.2564338333905,2870.45579100959,0.0
1790234937,8,,Aggregated,0.600000,0.000000,2700,2700,40000,40000,41000,41000,41000,41000,41000,41000,41000,21,0,2600,14394.073698018847,289.99800843326005,41266.54662215151,42.666666666666664
1790234938,8,POST,completion,0.200000,0.000000,41000,41000,41000,41000,41000,41000,41000,41000,41000,41000,41000,7,0,40000,40223.51812584592,39337.07149885595,41266.54662215151,128.0
1790234938,8,TPOT,completion,0.200000,0.000000,300,300,300,300,300,300,300,300,300,300,300,7,0,300,295.7520464734311,289.99800843326005,303.7794458030862,0.0
1790234938,8,TTFT,completion,0.200000,0.000000,2700,2700,2700,2700,2700,2700,2700,2700,2700,2700,2700,7,0,2600,2662.9509217371897,2507.2564338333905,2870.45579100959,0.0
1790234938,8,,Aggregated,0.600000,0.000000,2700,2700,40000,40000,41000,41000,41000,41000,41000,41000,41000,21,0,2600,14394.073698018847,289.99800843326005,41266.54662215151,42.666666666666664
1790234939,8,POST,completion,0.200000,0.000000,41000,41000,41000,41000,41000,41000,41000,41000,41000,41000,41000,7,0,40000,40223.51812584592,39337.07149885595,41266.54662215151,128.0
1790234939,8,TPOT,completion,0.200000,0.000000,300,300,300,300,300,300,300,300,300,300,300,7,0,300,295.7520464734311,289.99800843326005,303.7794458030862,0.0
1790234939,8,TTFT,completion,0.200000,0.000000,2700,2700,2700,2700,2700,2700,2700,2700,2700,2700,2700,7,0,2600,2662.9509217371897,2507.2564338333905,2870.45579100959,0.0
1790234939,8,,Aggregated,0.600000,0.000000,2700,2700,40000,40000,41000,41000,41000,41000,41000,41000,41000,21,0,2600,14394.073698018847,289.99800843326005,41266.54662215151,42.666666666666664
1790234940,8,POST,completion,0.200000,0.000000,41000,41000,42000,42000,42000,42000,42000,42000,42000,42000,42000,8,0,40000,40423.5590477183,39337.07149885595,41823.84550082497,128.0
1790234940,8,TPOT,completion,0.200000,0.000000,300,300,310,310,310,310,310,310,310,310,310,8,0,300,297.3910510580341,289.99800843326005,308.86408315025506,0.0
1790234940,8,TTFT,completion,0.200000,0.000000,2600,2600,2700,2700,2700,2700,2700,2700,2700,2700,2700,8,0,2600,2654.838905116776,2507.2564338333905,2870.45579100959,0.0
1790234940,8,,Aggregated,0.600000,0.000000,2600,2700,40000,41000,42000,42000,42000,42000,42000,42000,42000,24,0,2600,14458.596334631036,289.99800843326005,41823.84550082497,42.666666666666664
1790234941,8,POST,completion,0.200000,0.000000,41000,41000,42000,42000,42000,42000,42000,42000,42000,42000,42000,8,0,40000,40423.5590477183,39337.07149885595,41823.84550082497,128.0
1790234941,8,TPOT,completion,0.200000,0.000000,300,300,310,310,310,310,310,310,310,310,310,8,0,300,297.3910510580341,289.99800843326005,308.86408315025506,0.0
1790234941,8,TTFT,completion,0.200000,0.000000,2600,2600,2700,2700,2700,2700,2700,2700,2700,2700,2700,8,0,2600,2654.838905116776,2507.2564338333905,2870.45579100959,0.0
1790234941,8,,Aggregated,0.600000,0.000000,2600,2700,40000,41000,42000,42000,42000,42000,42000,42000,42000,24,0,2600,14458.596334631036,289.99800843326005,41823.84550082497,42.666666666666664
1790234942,8,POST,completion,0.200000,0.000000,41000,41000,42000,42000,42000,42000,42000,42000,42000,42000,42000,8,0,40000,40423.5590477183,39337.07149885595,41823.84550082497,128.0
1790234942,8,TPOT,completion,0.200000,0.000000,300,300,310,310,310,310,310,310,310,310,310,8,0,300,297.3910510580341,289.99800843326005,308.86408315025506,0.0
1790234942,8,TTFT,completion,0.200000,0.000000,2600,2600,2700,2700,2700,2700,2700,2700,2700,2700,2700,8,0,2600,2654.838905116776,2507.2564338333905,2870.45579100959,0.0
1790234942,8,,Aggregated,0.600000,0.000000,2600,2700,40000,41000,42000,42000,42000,42000,42000,42000,42000,24,0,2600,14458.596334631036,289.99800843326005,41823.84550082497,42.666666666666664
1790234943,8,POST,completion,0.200000,0.000000,41000,41000,42000,42000,42000,42000,42000,42000,42000,42000,42000,8,0,40000,40423.5590477183,39337.07149885595,41823.84550082497,128.0
1790234943,8,TPOT,completion,0.200000,0.000000,300,300,310,310,310,310,310,310,310,310,310,8,0,300,297.3910510580341,289.99800843326005,308.86408315025506,0.0
1790234943,8,TTFT,completion,0.200000,0.000000,2600,2600,2700,2700,2700,2700,2700,2700,2700,2700,2700,8,0,2600,2654.838905116776,2507.2564338333905,2870.45579100959,0.0
1790234943,8,,Aggregated,0.600000,0.000000,2600,2700,40000,41000,42000,42000,42000,42000,42000,42000,42000,24,0,2600,14458.596334631036,289.99800843326005,41823.84550082497,42.666666666666664
1790234944,8,POST,completion,0.200000,0.000000,41000,41000,42000,42000,42000,42000,42000,42000,42000,42000,42000,8,0,40000,40423.5590477183,39337.07149885595,41823.84550082497,128.0
1790234944,8,TPOT,completion,0.200000,0.000000,300,300,310,310,310,310,310,310,310,310,310,8,0,300,297.3910510580341,289.99800843326005,308.86408315025506,0.0
1790234944,8,TTFT,completion,0.200000,0.000000,2600,2600,2700,2700,2700,2700,2700,2700,2700,2700,2700,8,0,2600,2654.838905116776,2507.2564338333905,2870.45579100959,0.0
1790234944,8,,Aggregated,0.600000,0.000000,2600,2700,40000,41000,42000,42000,42000,42000,42000,42000,42000,24,0,2600,14458.596334631036,289.99800843326005,41823.84550082497,42.666666666666664
1790234945,8,POST,completion,0.200000,0.000000,42000,42000,42000,42000,42000,42000,42000,42000,42000,42000,42000,8,0,40000,40423.5590477183,39337.07149885595,41823.84550082497,128.0
1790234945,8,TPOT,completion,0.200000,0.000000,310,310,310,310,310,310,310,310,310,310,310,8,0,300,297.3910510580341,289.99800843326005,308.86408315025506,0.0
1790234945,8,TTFT,completion,0.200000,0.000000,2600,2600,2600,2600,2600,2600,2600,2600,2600,2600,2600,8,0,2600,2654.838905116776,2507.2564338333905,2870.45579100959,0.0
1790234945,8,,Aggregated,0.600000,0.000000,2600,2600,42000,42000,42000,42000,42000,42000,42000,42000,42000,24,0,2600,14458.596334631036,289.99800843326005,41823.84550082497,42.666666666666664
1790234946,8,POST,completion,0.200000,0.000000,42000,42000,42000,42000,42000,42000,42000,42000,42000,42000,42000,8,0,40000,40423.5590477183,39337.07149885595,41823.84550082497,128.0
1790234946,8,TPOT,completion,0.200000,0.000000,310,310,310,310,310,310,310,310,310,310,310,8,0,300,297.3910510580341,289.99800843326005,308.86408315025506,0.0
1790234946,8,TTFT,completion,0.200000,0.000000,2600,2600,2600,2600,2600,2600,2600,2600,2600,2600,2600,8,0,2600,2654.838905116776,2507.2564338333905,2870.45579100959,0.0
1790234946,8,,Aggregated,0.600000,0.000000,2600,2600,42000,42000,42000,42000,42000,42000,42000,42000,42000,24,0,2600,14458.596334631036,289.99800843326005,41823.84550082497,42.666666666666664
1790234947,8,POST,completion,0.200000,0.000000,42000,42000,42000,42000,42000,42000,42000,42000,42000,42000,42000,8,0,40000,40423.5590477183,39337.07149885595,41823.84550082497,128.0
1790234947,8,TPOT,completion,0.200000,0.000000,310,310,310,310,310,310,310,310,310,310,310,8,0,300,297.3910510580341,289.99800843326005,308.86408315025506,0.0
1790234947,8,TTFT,completion,0.200000,0.000000,2600,2600,2600,2600,2600,2600,2600,2600,2600,2600,2600,8,0,2600,2654.838905116776,2507.2564338333905,2870.45579100959,0.0
1790234947,8,,Aggregated,0.600000,0.000000,2600,2600,42000,42000,42000,42000,42000,42000,42000,42000,42000,24,0,2600,14458.596334631036,289.99800843326005,41823.84550082497,42.666666666666664
1790234948,8,POST,completion,0.200000,0.000000,42000,42000,42000,42000,42000,42000,42000,42000,42000,42000,42000,8,0,40000,40423.5590477183,39337.07149885595,41823.84550082497,128.0
1790234948,8,TPOT,completion,0.200000,0.000000,310,310,310,310,310,310,310,310,310,310,310,8,0,300,297.3910510580341,289.99800843326005,308.86408315025506,0.0
1790234948,8,TTFT,completion,0.200000,0.000000,2600,2600,2600,2600,2600,2600,2600,2600,2600,2600,2600,8,0,2600,2654.838905116776,2507.2564338333905,2870.45579100959,0.0
1790234948,8,,Aggregated,0.600000,0.000000,2600,2600,42000,42000,42000,42000,42000,42000,42000,42000,42000,24,0,2600,14458.596334631036,289.99800843326005,41823.84550082497,42.666666666666664
1790234949,8,POST,completion,0.200000,0.000000,42000,42000,42000,42000,42000,42000,42000,42000,42000,42000,42000,8,0,40000,40423.5590477183,39337.07149885595,41823.84550082497,128.0
1790234949,8,TPOT,completion,0.200000,0.000000,310,310,310,310,310,310,310,310,310,310,310,8,0,300,297.3910510580341,289.99800843326005,308.86408315025506,0.0
1790234949,8,TTFT,completion,0.200000,0.000000,2600,2600,2600,2600,2600,2600,2600,2600,2600,2600,2600,8,0,2600,2654.838905116776,2507.2564338333905,2870.45579100959,0.0
1790234949,8,,Aggregated,0.600000,0.000000,2600,2600,42000,42000,42000,42000,42000,42000,42000,42000,42000,24,0,2600,14458.596334631036,289.99800843326005,41823.84550082497,42.666666666666664
1790234950,8,POST,completion,0.200000,0.000000,42000,42000,42000,42000,42000,42000,42000,42000,42000,42000,42000,8,0,40000,40423.5590477183,39337.07149885595,41823.84550082497,128.0
1790234950,8,TPOT,completion,0.200000,0.000000,310,310,310,310,310,310,310,310,310,310,310,8,0,300,297.3910510580341,289.99800843326005,308.86408315025506,0.0
1790234950,8,TTFT,completion,0.200000,0.000000,2600,2600,2600,2600,2600,2600,2600,2600,2600,2600,2600,8,0,2600,2654.838905116776,2507.2564338333905,2870.45579100959,0.0
1790234950,8,,Aggregated,0.600000,0.000000,2600,2600,42000,42000,42000,42000,42000,42000,42000,42000,42000,24,0,2600,14458.596334631036,289.99800843326005,41823.84550082497,42.666666666666664
1790234951,8,POST,completion,0.200000,0.000000,42000,42000,42000,42000,42000,42000,42000,42000,42000,42000,42000,8,0,40000,40423.5590477183,39337.07149885595,41823.84550082497,128.0
1790234951,8,TPOT,completion,0.200000,0.000000,310,310,310,310,310,310,310,310,310,310,310,8,0,300,297.3910510580341,289.99800843326005,308.86408315025506,0.0
1790234951,8,TTFT,completion,0.200000,0.000000,2600,2600,2600,2600,2600,2600,2600,2600,2600,2600,2600,8,0,2600,2654.838905116776,2507.2564338333905,2870.45579100959,0.0
1790234951,8,,Aggregated,0.600000,0.000000,2600,2600,42000,42000,42000,42000,42000,42000,42000,42000,42000,24,0,2600,14458.596334631036,289.99800843326005,41823.84550082497,42.666666666666664
1790234952,8,POST,completion,0.200000,0.000000,42000,42000,42000,42000,42000,42000,42000,42000,42000,42000,42000,8,0,40000,40423.5590477183,39337.07149885595,41823.84550082497,128.0
1790234952,8,TPOT,completion,0.200000,0.000000,310,310,310,310,310,310,310,310,310,310,310,8,0,300,297.3910510580341,289.99800843326005,308.86408315025506,0.0
1790234952,8,TTFT,completion,0.200000,0.000000,2600,2600,2600,2600,2600,2600,2600,2600,2600,2600,2600,8,0,2600,2654.838905116776,2507.2564338333905,2870.45579100959,0.0
1790234952,8,,Aggregated,0.600000,0.000000,2600,2600,42000,42000,42000,42000,42000,42000,42000,42000,42000,24,0,2600,14458.596334631036,289.99800843326005,41823.84550082497,42.666666666666664
1790234953,8,POST,completion,0.100000,0.000000,42000,42000,42000,42000,42000,42000,42000,42000,42000,42000,42000,9,0,40000,40442.68512919856,39337.07149885595,41823.84550082497,128.0
1790234953,8,TPOT,completion,0.100000,0.000000,310,310,310,310,310,310,310,310,310,310,310,9,0,300,297.2966533656169,289.99800843326005,308.86408315025506,0.0
1790234953,8,TTFT,completion,0.100000,0.000000,2900,2900,2900,2900,2900,2900,2900,2900,2900,2900,2900,9,0,2600,2685.9540219884366,2507.2564338333905,2934.874956961721,0.0
1790234953,8,,Aggregated,0.300000,0.000000,2900,2900,41000,41000,42000,42000,42000,42000,42000,42000,42000,27,0,2600,14475.311934850868,289.99800843326005,41823.84550082497,42.666666666666664
1790234954,8,POST,completion,0.100000,0.000000,42000,42000,42000,42000,42000,42000,42000,42000,42000,42000,42000,9,0,40000,40442.68512919856,39337.07149885595,41823.84550082497,128.0
1790234954,8,TPOT,completion,0.100000,0.000000,310,310,310,310,310,310,310,310,310,310,310,9,0,300,297.2966533656169,289.99800843326005,308.86408315025506,0.0
1790234954,8,TTFT,completion,0.100000,0.000000,2900,2900,2900,2900,2900,2900,2900,2900,2900,2900,2900,9,0,2600,2685.9540219884366,2507.2564338333905,2934.874956961721,0.0
1790234954,8,,Aggregated,0.300000,0.000000,2900,2900,41000,41000,42000,42000,42000,42000,42000,42000,42000,27,0,2600,14475.311934850868,289.99800843326005,41823.84550082497,42.666666666666664
1790234955,8,POST,completion,0.100000,0.000000,42000,42000,42000,42000,42000,42000,42000,42000,42000,42000,42000,9,0,40000,40442.68512919856,39337.07149885595,41823.84550082497,128.0
1790234955,8,TPOT,completion,0.100000,0.000000,310,310,310,310,310,310,310,310,310,310,310,9,0,300,297.2966533656169,289.99800843326005,308.86408315025506,0.0
1790234955,8,TTFT,completion,0.100000,0.000000,2900,2900,2900,2900,2900,2900,2900,2900,2900,2900,2900,9,0,2600,2685.9540219884366,2507.2564338333905,2934.874956961721,0.0
1790234955,8,,Aggregated,0.300000,0.000000,2900,2900,41000,41000,42000,42000,42000,42000,42000,42000,42000,27,0,2600,14475.311934850868,289.99800843326005,41823.84550082497,42.666666666666664
1790234956,8,POST,completion,0.100000,0.000000,42000,42000,42000,42000,42000,42000,42000,42000,42000,42000,42000,10,0,41000,40604.68437168747,39337.07149885595,42062.67755408771,128.0
1790234956,8,TPOT,completion,0.100000,0.000000,310,310,310,310,310,310,310,310,310,310,310,10,0,300,298.3289992895094,289.99800843326005,308.86408315025506,0.0
1790234956,8,TTFT,completion,0.100000,0.000000,3000,3000,3000,3000,3000,3000,3000,3000,3000,3000,3000,10,0,2700,2716.8450870085508,2507.2564338333905,2994.8646721895784,0.0
1790234956,8,,Aggregated,0.300000,0.000000,3000,3000,41000,41000,42000,42000,42000,42000,42000,42000,42000,30,0,2700,14539.95281932851,289.99800843326005,42062.67755408771,42.666666666666664
1790234957,8,POST,completion,0.100000,0.000000,42000,42000,42000,42000,42000,42000,42000,42000,42000,42000,42000,10,0,41000,40604.68437168747,39337.07149885595,42062.67755408771,128.0
1790234957,8,TPOT,completion,0.100000,0.000000,310,310,310,310,310,310,310,310,310,310,310,10,0,300,298.3289992895094,289.99800843326005,308.86408315025506,0.0
1790234957,8,TTFT,completion,0.100000,0.000000,3000,3000,3000,3000,3000,3000,3000,3000,3000,3000,3000,10,0,2700,2716.8450870085508,2507.2564338333905,2994.8646721895784,0.0
1790234957,8,,Aggregated,0.300000,0.000000,3000,3000,41000,41000,42000,42000,42000,42000,42000,42000,42000,30,0,2700,14539.95281932851,289.99800843326005,42062.67755408771,42.666666666666664
1790234958,8,POST,completion,0.100000,0.000000,41000,41000,42000,42000,42000,42000,42000,42000,42000,42000,42000,11,0,41000,40618.87279307385,39337.07149885595,42062.67755408771,128.0
1790234958,8,TPOT,completion,0.100000,0.000000,300,300,310,310,310,310,310,310,310,310,310,11,0,300,298.29265611578217,289.99800843326005,308.86408315025506,0.0
1790234958,8,TTFT,completion,0.100000,0.000000,2900,2900,3000,3000,3000,3000,3000,3000,3000,3000,3000,11,0,2700,2735.649604646658,2507.2564338333905,2994.8646721895784,0.0
1790234958,8,,Aggregated,0.300000,0.000000,2900,3000,41000,41000,42000,42000,42000,42000,42000,42000,42000,33,0,2700,14550.93835127876,289.99800843326005,42062.67755408771,42.666666666666664
1790234959,8,POST,completion,0.100000,0.000000,41000,41000,42000,42000,42000,42000,42000,42000,42000,42000,42000,11,0,41000,40618.87279307385,39337.07149885595,42062.67755408771,128.0
1790234959,8,TPOT,completion,0.100000,0.000000,300,300,310,310,310,310,310,310,310,310,310,11,0,300,298.29265611578217,289.99800843326005,308.86408315025506,0.0
1790234959,8,TTFT,completion,0.100000,0.000000,2900,2900,3000,3000,3000,3000,3000,3000,3000,3000,3000,11,0,2700,2735.649604646658,2507.2564338333905,2994.8646721895784,0.0
1790234959,8,,Aggregated,0.300000,0.000000,2900,3000,41000,41000,42000,42000,42000,42000,42000,42000,42000,33,0,2700,14550.93835127876,289.99800843326005,42062.67755408771,42.666666666666664
1790234960,8,POST,completion,0.100000,0.000000,41000,41000,42000,42000,42000,42000,42000,42000,42000,42000,42000,11,0,41000,40618.87279307385,39337.07149885595,42062.67755408771,128.0
1790234960,8,TPOT,completion,0.100000,0.000000,300,300,310,310,310,310,310,310,310,310,310,11,0,300,298.29265611578217,289.99800843326005,308.86408315025506,0.0
1790234960,8,TTFT,completion,0.100000,0.000000,2900,2900,3000,3000,3000,3000,3000,3000,3000,3000,3000,11,0,2700,2735.649604646658,2507.2564338333905,2994.8646721895784,0.0
1790234960,8,,Aggregated,0.300000,0.000000,2900,3000,41000,41000,42000,42000,42000,42000,42000,42000,42000,33,0,2700,14550.93835127876,289.99800843326005,42062.67755408771,42.666666666666664
1790234961,8,POST,completion,0.100000,0.000000,41000,41000,42000,42000,42000,42000,42000,42000,42000,42000,42000,11,0,41000,40618.87279307385,39337.07149885595,42062.67755408771,128.0
1790234961,8,TPOT,completion,0.100000,0.000000,300,300,310,310,310,310,310,310,310,310,310,11,0,300,298.29265611578217,289.99800843326005,308.86408315025506,0.0
1790234961,8,TTFT,completion,0.100000,0.000000,2900,2900,3000,3000,3000,3000,3000,3000,3000,3000,3000,11,0,2700,2735.649604646658,2507.2564338333905,2994.8646721895784,0.0
1790234961,8,,Aggregated,0.300000,0.000000,2900,3000,41000,41000,42000,42000,42000,42000,42000,42000,42000,33,0,2700,14550.93835127876,289.99800843326005,42062.67755408771,42.666666666666664
1790234962,8,POST,completion,0.100000,0.000000,41000,41000,42000,42000,42000,42000,42000,42000,42000,42000,42000,11,0,41000,40618.87279307385,39337.07149885595,42062.67755408771,128.0
1790234962,8,TPOT,completion,0.100000,0.000000,300,300,310,310,310,310,310,310,310,310,310,11,0,300,298.29265611578217,289.99800843326005,308.86408315025506,0.0
1790234962,8,TTFT,completion,0.100000,0.000000,2900,2900,3000,3000,3000,3000,3000,3000,3000,3000,3000,11,0,2700,2735.649604646658,2507.2564338333905,2994.8646721895784,0.0
1790234962,8,,Aggregated,0.300000,0.000000,2900,3000,41000,41000,42000,42000,42000,42000,42000,42000,42000,33,0,2700,14550.93835127876,289.99800843326005,42062.67755408771,42.666666666666664
1790234963,8,POST,completion,0.100000,0.000000,41000,41000,42000,42000,42000,42000,42000,42000,42000,42000,42000,11,0,41000,40618.87279307385,39337.07149885595,42062.67755408771,128.0
1790234963,8,TPOT,completion,0.100000,0.000000,300,300,310,310,310,310,310,310,310,310,310,11,0,300,298.29265611578217,289.99800843326005,308.86408315025506,0.0
1790234963,8,TTFT,completion,0.100000,0.000000,2900,2900,3000,3000,3000,3000,3000,3000,3000,3000,3000,11,0,2700,2735.649604646658,2507.2564338333905,2994.8646721895784,0.0
1790234963,8,,Aggregated,0.300000,0.000000,2900,3000,41000,41000,42000,42000,42000,42000,42000,42000,42000,33,0,2700,14550.93835127876,289.99800843326005,42062.67755408771,42.666666666666664
1790234964,8,POST,completion,0.100000,0.000000,42000,42000,42000,42000,42000,42000,42000,42000,42000,42000,42000,11,0,41000,40618.87279307385,39337.07149885595,42062.67755408771,128.0
1790234964,8,TPOT,completion,0.100000,0.000000,310,310,310,310,310,310,310,310,310,310,310,11,0,300,298.29265611578217,289.99800843326005,308.86408315025506,0.0
1790234964,8,TTFT,completion,0.100000,0.000000,3000,3000,3000,3000,3000,3000,3000,3000,3000,3000,3000,11,0,2700,2735.649604646658,2507.2564338333905,2994.8646721895784,0.0
1790234964,8,,Aggregated,0.300000,0.000000,3000,3000,41000,41000,42000,42000,42000,42000,42000,42000,42000,33,0,2700,14550.93835127876,289.99800843326005,42062.67755408771,42.666666666666664
1790234965,8,POST,completion,0.200000,0.000000,41000,41000,42000,42000,42000,42000,42000,42000,42000,42000,42000,12,0,41000,40626.46161099352,39337.07149885595,42062.67755408771,128.0
1790234965,8,TPOT,completion,0.200000,0.000000,300,300,310,310,310,310,310,310,310,310,310,12,0,300,298.2237285916361,289.99800843326005,308.86408315025506,0.0
1790234965,8,TTFT,completion,0.200000,0.000000,2900,2900,3000,3000,3000,3000,3000,3000,3000,3000,3000,12,0,2700,2751.9922151889964,2507.2564338333905,2994.8646721895784,0.0
1790234965,8,,Aggregated,0.600000,0.000000,2900,3000,41000,41000,42000,42000,42000,42000,42000,42000,42000,36,0,2700,14558.89251825805,289.99800843326005,42062.67755408771,42.666666666666664
1790234966,8,POST,completion,0.200000,0.000000,41000,41000,42000,42000,42000,42000,42000,42000,42000,42000,42000,12,0,41000,40626.46161099352,39337.07149885595,42062.67755408771,128.0
1790234966,8,TPOT,completion,0.200000,0.000000,300,300,310,310,310,310,310,310,310,310,310,12,0,300,298.2237285916361,289.99800843326005,308.86408315025506,0.0
1790234966,8,TTFT,completion,0.200000,0.000000,2900,2900,3000,3000,3000,3000,3000,3000,3000,3000,3000,12,0,2700,2751.9922151889964,2507.2564338333905,2994.8646721895784,0.0
1790234966,8,,Aggregated,0.600000,0.000000,2900,3000,41000,41000,42000,42000,42000,42000,42000,42000,42000,36,0,2700,14558.89251825805,289.99800843326005,42062.67755408771,42.666666666666664
1790234967,8,POST,completion,0.200000,0.000000,41000,41000,41000,41000,41000,41000,41000,41000,41000,41000,41000,12,0,41000,40626.46161099352,39337.07149885595,42062.67755408771,128.0
1790234967,8,TPOT,completion,0.200000,0.000000,300,300,300,300,300,300,300,300,300,300,300,12,0,300,298.2237285916361,289.99800843326005,308.86408315025506,0.0
1790234967,8,TTFT,completion,0.200000,0.000000,2900,2900,2900,2900,2900,2900,2900,2900,2900,2900,2900,12,0,2700,2751.9922151889964,2507.2564338333905,2994.8646721895784,0.0
1790234967,8,,Aggregated,0.600000,0.000000,2900,2900,41000,41000,41000,41000,41000,41000,41000,41000,41000,36,0,2700,14558.89251825805,289.99800843326005,42062.67755408771,42.666666666666664
1790234968,8,POST,completion,0.200000,0.000000,41000,41000,41000,41000,41000,41000,41000,41000,41000,41000,41000,12,0,41000,40626.46161099352,39337.07149885595,42062.67755408771,128.0
1790234968,8,TPOT,completion,0.200000,0.000000,300,300,300,300,300,300,300,300,300,300,300,12,0,300,298.2237285916361,289.99800843326005,308.86408315025506,0.0
1790234968,8,TTFT,completion,0.200000,0.000000,2900,2900,2900,2900,2900,2900,2900,2900,2900,2900,2900,12,0,2700,2751.9922151889964,2507.2564338333905,2994.8646721895784,0.0
1790234968,8,,Aggregated,0.600000,0.000000,2900,2900,41000,41000,41000,41000,41000,41000,41000,41000,41000,36,0,2700,14558.89251825805,289.99800843326005,42062.67755408771,42.666666666666664
1790234969,8,POST,completion,0.200000,0.000000,41000,41000,45000,45000,45000,45000,45000,45000,45000,45000,45000,14,0,41000,40690.641968511045,37404.37670215033,44747.07152508199,128.0
1790234969,8,TPOT,completion,0.200000,0.000000,300,300,330,330,330,330,330,330,330,330,330,14,0,300,298.44518884279444,270.7078668424552,328.84003385703454,0.0
1790234969,8,TTFT,completion,0.200000,0.000000,3000,3000,3000,3000,3000,3000,3000,3000,3000,3000,3000,14,0,2900,2788.0454674595967,2507.2564338333905,3024.3994949851185,0.0
1790234969,8,,Aggregated,0.600000,0.000000,3000,3000,41000,41000,41000,45000,45000,45000,45000,45000,45000,42,0,2900,14592.37754160448,270.7078668424552,44747.07152508199,42.666666666666664
1790234970,8,POST,completion,0.200000,0.000000,41000,41000,45000,45000,45000,45000,45000,45000,45000,45000,45000,14,0,41000,40690.641968511045,37404.37670215033,44747.07152508199,128.0
1790234970,8,TPOT,completion,0.200000,0.000000,300,300,330,330,330,330,330,330,330,330,330,14,0,300,298.44518884279444,270.7078668424552,328.84003385703454,0.0
1790234970,8,TTFT,completion,0.200000,0.000000,3000,3000,3000,3000,3000,3000,3000,3000,3000,3000,3000,14,0,2900,2788.0454674595967,2507.2564338333905,3024.3994949851185,0.0
1790234970,8,,Aggregated,0.600000,0.000000,3000,3000,41000,41000,41000,45000,45000,45000,45000,45000,45000,42,0,2900,14592.37754160448,270.7078668424552,44747.07152508199,42.666666666666664
1790234971,8,POST,completion,0.200000,0.000000,41000,41000,45000,45000,45000,45000,45000,45000,45000,45000,45000,14,0,41000,40690.641968511045,37404.37670215033,44747.07152508199,128.0
1790234971,8,TPOT,completion,0.200000,0.000000,300,300,330,330,330,330,330,330,330,330,330,14,0,300,298.44518884279444,270.7078668424552,328.84003385703454,0.0
1790234971,8,TTFT,completion,0.200000,0.000000,3000,3000,3000,3000,3000,3000,3000,3000,3000,3000,3000,14,0,2900,2788.0454674595967,2507.2564338333905,3024.3994949851185,0.0
1790234971,8,,Aggregated,0.600000,0.000000,3000,3000,37000,41000,45000,45000,45000,45000,45000,45000,45000,42,0,2900,14592.37754160448,270.7078668424552,44747.07152508199,42.666666666666664
1790234972,8,POST,completion,0.200000,0.000000,41000,41000,45000,45000,45000,45000,45000,45000,45000,45000,45000,14,0,41000,40690.641968511045,37404.37670215033,44747.07152508199,128.0
1790234972,8,TPOT,completion,0.200000,0.000000,300,300,330,330,330,330,330,330,330,330,330,14,0,300,298.44518884279444,270.7078668424552,328.84003385703454,0.0
1790234972,8,TTFT,completion,0.200000,0.000000,3000,3000,3000,3000,3000,3000,3000,3000,3000,3000,3000,14,0,2900,2788.0454674595967,2507.2564338333905,3024.3994949851185,0.0
1790234972,8,,Aggregated,0.600000,0.000000,3000,3000,37000,41000,45000,45000,45000,45000,45000,45000,45000,42,0,2900,14592.37754160448,270.7078668424552,44747.07152508199,42.666666666666664
1790234973,8,POST,completion,0.200000,0.000000,41000,41000,45000,45000,45000,45000,45000,45000,45000,45000,45000,14,0,41000,40690.641968511045,37404.37670215033,44747.07152508199,128.0
1790234973,8,TPOT,completion,0.200000,0.000000,300,300,330,330,330,330,330,330,330,330,330,14,0,300,298.44518884279444,270.7078668424552,328.84003385703454,0.0
1790234973,8,TTFT,completion,0.200000,0.000000,3000,3000,3000,3000,3000,3000,3000,3000,3000,3000,3000,14,0,2900,2788.0454674595967,2507.2564338333905,3024.3994949851185,0.0
1790234973,8,,Aggregated,0.600000,0.000000,3000,3000,37000,41000,45000,45000,45000,45000,45000,45000,45000,42,0,2900,14592.37754160448,270.7078668424552,44747.07152508199,42.666666666666664
1790234974,8,POST,completion,0.200000,0.000000,41000,41000,45000,45000,45000,45000,45000,45000,45000,45000,45000,14,0,41000,40690.641968511045,37404.37670215033,44747.07152508199,128.0
1790234974,8,TPOT,completion,0.200000,0.000000,300,300,330,330,330,330,330,330,330,330,330,14,0,300,298.44518884279444,270.7078668424552,328.84003385703454,0.0
1790234974,8,TTFT,completion,0.200000,0.000000,3000,3000,3000,3000,3000,3000,3000,3000,3000,3000,3000,14,0,2900,2788.0454674595967,2507.2564338333905,3024.3994949851185,0.0
1790234974,8,,Aggregated,0.600000,0.000000,3000,3000,37000,41000,45000,45000,45000,45000,45000,45000,45000,42,0,2900,14592.37754160448,270.7078668424552,44747.07152508199,42.666666666666664
1790234975,8,POST,completion,0.200000,0.000000,41000,41000,45000,45000,45000,45000,45000,45000,45000,45000,45000,14,0,41000,40690.641968511045,37404.37670215033,44747.07152508199,128.0
1790234975,8,TPOT,completion,0.200000,0.000000,300,300,330,330,330,330,330,330,330,330,330,14,0,300,298.44518884279444,270.7078668424552,328.84003385703454,0.0
1790234975,8,TTFT,completion,0.200000,0.000000,3000,3000,3000,3000,3000,3000,3000,3000,3000,3000,3000,14,0,2900,2788.0454674595967,2507.2564338333905,3024.3994949851185,0.0
1790234975,8,,Aggregated,0.600000,0.000000,3000,3000,37000,41000,45000,45000,45000,45000,45000,45000,45000,42,0,2900,14592.37754160448,270.7078668424552,44747.07152508199,42.666666666666664
1790234976,8,POST,completion,0.300000,0.000000,45000,45000,45000,45000,45000,45000,45000,45000,45000,45000,45000,15,0,41000,40958.45547514036,37404.37670215033,44747.07152508199,128.0
1790234976,8,TPOT,completion,0.300000,0.000000,330,330,330,330,330,330,330,330,330,330,330,15,0,300,300.4395643288264,270.7078668424552,328.84003385703454,0.0
1790234976,8,TTFT,completion,0.300000,0.000000,3000,3000,3000,3000,3000,3000,3000,3000,3000,3000,3000,15,0,2900,2802.572806629663,2507.2564338333905,3024.3994949851185,0.0
1790234976,8,,Aggregated,0.900000,0.000000,3000,3000,37000,45000,45000,45000,45000,45000,45000,45000,45000,45,0,2900,14687.155948699618,270.7078668424552,44747.07152508199,42.666666666666664
1790234977,8,POST,completion,0.300000,0.000000,45000,45000,45000,45000,45000,45000,45000,45000,45000,45000,45000,15,0,41000,40958.45547514036,37404.37670215033,44747.07152508199,128.0
1790234977,8,TPOT,completion,0.300000,0.000000,330,330,330,330,330,330,330,330,330,330,330,15,0,300,300.4395643288264,270.7078668424552,328.84003385703454,0.0
1790234977,8,TTFT,completion,0.300000,0.000000,3000,3000,3000,3000,3000,3000,3000,3000,3000,3000,3000,15,0,2900,2802.572806629663,2507.2564338333905,3024.3994949851185,0.0
1790234977,8,,Aggregated,0.900000,0.000000,3000,3000,37000,45000,45000,45000,45000,45000,45000,45000,45000,45,0,2900,14687.155948699618,270.7078668424552,44747.07152508199,42.666666666666664
1790234978,8,POST,completion,0.300000,0.000000,45000,45000,45000,45000,45000,45000,45000,45000,45000,45000,45000,15,0,41000,40958.45547514036,37404.37670215033,44747.07152508199,128.0
1790234978,8,TPOT,completion,0.300000,0.000000,330,330,330,330,330,330,330,330,330,330,330,15,0,300,300.4395643288264,270.7078668424552,328.84003385703454,0.0
1790234978,8,TTFT,completion,0.300000,0.000000,3000,3000,3000,3000,3000,3000,3000,3000,3000,3000,3000,15,0,2900,2802.572806629663,2507.2564338333905,3024.3994949851185,0.0
1790234978,8,,Aggregated,0.900000,0.000000,3000,3000,45000,45000,45000,45000,45000,45000,45000,45000,45000,45,0,2900,14687.155948699618,270.7078668424552,44747.07152508199,42.666666666666664
1790234979,8,POST,completion,0.300000,0.000000,45000,45000,45000,45000,45000,45000,45000,45000,45000,45000,45000,15,0,41000,40958.45547514036,37404.37670215033,44747.07152508199,128.0
1790234979,8,TPOT,completion,0.300000,0.000000,330,330,330,330,330,330,330,330,330,330,330,15,0,300,300.4395643288264,270.7078668424552,328.84003385703454,0.0
1790234979,8,TTFT,completion,0.300000,0.000000,3000,3000,3000,3000,3000,3000,3000,3000,3000,3000,3000,15,0,2900,2802.572806629663,2507.2564338333905,3024.3994949851185,0.0
1790234979,8,,Aggregated,0.900000,0.000000,3000,3000,45000,45000,45000,45000,45000,45000,45000,45000,45000,45,0,2900,14687.155948699618,270.7078668424552,44747.07152508199,42.666666666666664
1790234980,8,POST,completion,0.300000,0.000000,45000,45000,45000,45000,45000,45000,45000,45000,45000,45000,45000,15,0,41000,40958.45547514036,37404.37670215033,44747.07152508199,128.0
1790234980,8,TPOT,completion,0.300000,0.000000,330,330,330,330,330,330,330,330,330,330,330,15,0,300,300.4395643288264,270.7078668424552,328.84003385703454,0.0
1790234980,8,TTFT,completion,0.300000,0.000000,3000,3000,3000,3000,3000,3000,3000,3000,3000,3000,3000,15,0,2900,2802.572806629663,2507.2564338333905,3024.3994949851185,0.0
1790234980,8,,Aggregated,0.900000,0.000000,3000,3000,45000,45000,45000,45000,45000,45000,45000,45000,45000,45,0,2900,14687.155948699618,270.7078668424552,44747.07152508199,42.666666666666664
1790234981,8,POST,completion,0.200000,0.000000,45000,45000,45000,45000,45000,45000,45000,45000,45000,45000,45000,16,0,41000,40995.60307437787,37404.37670215033,44747.07152508199,128.0
1790234981,8,TPOT,completion,0.200000,0.000000,330,330,330,330,330,330,330,330,330,330,330,16,0,300,300.6163895543569,270.7078668424552,328.84003385703454,0.0
1790234981,8,TTFT,completion,0.200000,0.000000,3000,3000,3000,3000,3000,3000,3000,3000,3000,3000,3000,16,0,2900,2817.2640702832723,2507.2564338333905,3037.633025087416,0.0
1790234981,8,,Aggregated,0.600000,0.000000,3000,3000,42000,45000,45000,45000,45000,45000,45000,45000,45000,48,0,2900,14704.494511405166,270.7078668424552,44747.07152508199,42.666666666666664
1790234982,8,POST,completion,0.200000,0.000000,45000,45000,45000,45000,45000,45000,45000,45000,45000,45000,45000,16,0,41000,40995.60307437787,37404.37670215033,44747.07152508199,128.0
1790234982,8,TPOT,completion,0.200000,0.000000,330,330,330,330,330,330,330,330,330,330,330,16,0,300,300.6163895543569,270.7078668424552,328.84003385703454,0.0
1790234982,8,TTFT,completion,0.200000,0.000000,3000,3000,3000,3000,3000,3000,3000,3000,3000,3000,3000,16,0,2900,2817.2640702832723,2507.2564338333905,3037.633025087416,0.0
1790234982,8,,Aggregated,0.600000,0.000000,3000,3000,42000,42000,45000,45000,45000,45000,45000,45000,45000,48,0,2900,14704.494511405166,270.7078668424552,44747.07152508199,42.666666666666664
1790234983,8,POST,completion,0.200000,0.000000,45000,45000,45000,45000,45000,45000,45000,45000,45000,45000,45000,16,0,41000,40995.60307437787,37404.37670215033,44747.07152508199,128.0
1790234983,8,TPOT,completion,0.200000,0.000000,330,330,330,330,330,330,330,330,330,330,330,16,0,300,300.6163895543569,270.7078668424552,328.84003385703454,0.0
1790234983,8,TTFT,completion,0.200000,0.000000,3000,3000,3000,3000,3000,3000,3000,3000,3000,3000,3000,16,0,2900,2817.2640702832723,2507.2564338333905,3037.633025087416,0.0
1790234983,8,,Aggregated,0.600000,0.000000,3000,3000,42000,42000,45000,45000,45000,45000,45000,45000,45000,48,0,2900,14704.494511405166,270.7078668424552,44747.07152508199,42.666666666666664
1790234984,8,POST,completion,0.200000,0.000000,45000,45000,45000,45000,45000,45000,45000,45000,45000,45000,45000,16,0,41000,40995.60307437787,37404.37670215033,44747.07152508199,128.0
1790234984,8,TPOT,completion,0.200000,0.000000,330,330,330,330,330,330,330,330,330,330,330,16,0,300,300.6163895543569,270.7078668424552,328.84003385703454,0.0
1790234984,8,TTFT,completion,0.200000,0.000000,3000,3000,3000,3000,3000,3000,3000,3000,3000,3000,3000,16,0,2900,2817.2640702832723,2507.2564338333905,3037.633025087416,0.0
1790234984,8,,Aggregated,0.600000,0.000000,3000,3000,42000,42000,45000,45000,45000,45000,45000,45000,45000,48,0,2900,14704.494511405166,270.7078668424552,44747.07152508199,42.666666666666664
1790234985,8,POST,completion,0.200000,0.000000,45000,45000,45000,45000,45000,45000,45000,45000,45000,45000,45000,16,0,41000,40995.60307437787,37404.37670215033,44747.07152508199,128.0
1790234985,8,TPOT,completion,0.200000,0.000000,330,330,330,330,330,330,330,330,330,330,330,16,0,300,300.6163895543569,270.7078668424552,328.84003385703454,0.0
1790234985,8,TTFT,completion,0.200000,0.000000,3000,3000,3000,3000,3000,3000,3000,3000,3000,3000,3000,16,0,2900,2817.2640702832723,2507.2564338333905,3037.633025087416,0.0
1790234985,8,,Aggregated,0.600000,0.000000,3000,3000,42000,42000,45000,45000,45000,45000,45000,45000,45000,48,0,2900,14704.494511405166,270.7078668424552,44747.07152508199,42.666666666666664
1790234986,8,POST,completion,0.200000,0.000000,45000,45000,45000,45000,45000,45000,45000,45000,45000,45000,45000,16,0,41000,40995.60307437787,37404.37670215033,44747.07152508199,128.0
1790234986,8,TPOT,completion,0.200000,0.000000,330,330,330,330,330,330,330,330,330,330,330,16,0,300,300.6163895543569,270.7078668424552,328.84003385703454,0.0
1790234986,8,TTFT,completion,0.200000,0.000000,3000,3000,3000,3000,3000,3000,3000,3000,3000,3000,3000,16,0,2900,2817.2640702832723,2507.2564338333905,3037.633025087416,0.0
1790234986,8,,Aggregated,0.600000,0.000000,3000,3000,42000,42000,45000,45000,45000,45000,45000,45000,45000,48,0,2900,14704.494511405166,270.7078668424552,44747.07152508199,42.666666666666664
1790234987,8,POST,completion,0.200000,0.000000,45000,45000,45000,45000,45000,45000,45000,45000,45000,45000,45000,16,0,41000,40995.60307437787,37404.37670215033,44747.07152508199,128.0
1790234987,8,TPOT,completion,0.200000,0.000000,330,330,330,330,330,330,330,330,330,330,330,16,0,300,300.6163895543569,270.7078668424552,328.84003385703454,0.0
1790234987,8,TTFT,completion,0.200000,0.000000,3000,3000,3000,3000,3000,3000,3000,3000,3000,3000,3000,16,0,2900,2817.2640702832723,2507.2564338333905,3037.633025087416,0.0
1790234987,8,,Aggregated,0.600000,0.000000,3000,3000,42000,42000,45000,45000,45000,45000,45000,45000,45000,48,0,2900,14704.494511405166,270.7078668424552,44747.07152508199,42.666666666666664
1790234988,8,POST,completion,0.200000,0.000000,42000,42000,42000,42000,42000,42000,42000,42000,42000,42000,42000,16,0,41000,40995.60307437787,37404.37670215033,44747.07152508199,128.0
1790234988,8,TPOT,completion,0.200000,0.000000,300,300,300,300,300,300,300,300,300,300,300,16,0,300,300.6163895543569,270.7078668424552,328.84003385703454,0.0
1790234988,8,TTFT,completion,0.200000,0.000000,3000,3000,3000,3000,3000,3000,3000,3000,3000,3000,3000,16,0,2900,2817.2640702832723,2507.2564338333905,3037.633025087416,0.0
1790234988,8,,Aggregated,0.600000,0.000000,3000,3000,42000,42000,42000,42000,42000,42000,42000,42000,42000,48,0,2900,14704.494511405166,270.7078668424552,44747.07152508199,42.666666666666664
1790234989,8,POST,completion,0.200000,0.000000,42000,42000,42000,42000,42000,42000,42000,42000,42000,42000,42000,16,0,41000,40995.60307437787,37404.37670215033,44747.07152508199,128.0
1790234989,8,TPOT,completion,0.200000,0.000000,300,300,300,300,300,300,300,300,300,300,300,16,0,300,300.6163895543569,270.7078668424552,328.84003385703454,0.0
1790234989,8,TTFT,completion,0.200000,0.000000,3000,3000,3000,3000,3000,3000,3000,3000,3000,3000,3000,16,0,2900,2817.2640702832723,2507.2564338333905,3037.633025087416,0.0
1790234989,8,,Aggregated,0.600000,0.000000,3000,3000,42000,42000,42000,42000,42000,42000,42000,42000,42000,48,0,2900,14704.494511405166,270.7078668424552,44747.07152508199,42.666666666666664
1790234990,8,POST,completion,0.200000,0.000000,42000,42000,42000,42000,42000,42000,42000,42000,42000,42000,42000,16,0,41000,40995.60307437787,37404.37670215033,44747.07152508199,128.0
1790234990,8,TPOT,completion,0.200000,0.000000,300,300,300,300,300,300,300,300,300,300,300,16,0,300,300.6163895543569,270.7078668424552,328.84003385703454,0.0
1790234990,8,TTFT,completion,0.200000,0.000000,3000,3000,3000,3000,3000,3000,3000,3000,3000,3000,3000,16,0,2900,2817.2640702832723,2507.2564338333905,3037.633025087416,0.0
1790234990,8,,Aggregated,0.600000,0.000000,3000,3000,42000,42000,42000,42000,42000,42000,42000,42000,42000,48,0,2900,14704.494511405166,270.7078668424552,44747.07152508199,42.666666666666664
1790234991,8,POST,completion,0.200000,0.000000,42000,42000,42000,42000,42000,42000,42000,42000,42000,42000,42000,16,0,41000,40995.60307437787,37404.37670215033,44747.07152508199,128.0
1790234991,8,TPOT,completion,0.200000,0.000000,300,300,300,300,300,300,300,300,300,300,300,16,0,300,300.6163895543569,270.7078668424552,328.84003385703454,0.0
1790234991,8,TTFT,completion,0.200000,0.000000,3000,3000,3000,3000,3000,3000,3000,3000,3000,3000,3000,16,0,2900,2817.2640702832723,2507.2564338333905,3037.633025087416,0.0
1790234991,8,,Aggregated,0.600000,0.000000,3000,3000,42000,42000,42000,42000,42000,42000,42000,42000,42000,48,0,2900,14704.494511405166,270.7078668424552,44747.07152508199,42.666666666666664
1790234992,8,POST,completion,0.100000,0.000000,42000,42000,42000,42000,42000,42000,42000,42000,42000,42000,42000,17,0,41000,40911.65004652815,37404.37670215033,44747.07152508199,128.0
1790234992,8,TPOT,completion,0.100000,0.000000,300,300,300,300,300,300,300,300,300,300,300,17,0,300,299.89266542589695,270.7078668424552,328.84003385703454,0.0
1790234992,8,TTFT,completion,0.100000,0.000000,3000,3000,3000,3000,3000,3000,3000,3000,3000,3000,3000,17,0,2900,2825.2236103803357,2507.2564338333905,3037.633025087416,0.0
1790234992,8,,Aggregated,0.300000,0.000000,3000,3000,40000,40000,42000,42000,42000,42000,42000,42000,42000,51,0,2900,14678.922107444796,270.7078668424552,44747.07152508199,42.666666666666664
1790234993,8,POST,completion,0.100000,0.000000,42000,42000,42000,42000,42000,42000,42000,42000,42000,42000,42000,17,0,41000,40911.65004652815,37404.37670215033,44747.07152508199,128.0
1790234993,8,TPOT,completion,0.100000,0.000000,300,300,300,300,300,300,300,300,300,300,300,17,0,300,299.89266542589695,270.7078668424552,328.84003385703454,0.0
1790234993,8,TTFT,completion,0.100000,0.000000,3000,3000,3000,3000,3000,3000,3000,3000,3000,3000,3000,17,0,2900,2825.2236103803357,2507.2564338333905,3037.633025087416,0.0
1790234993,8,,Aggregated,0.300000,0.000000,3000,3000,40000,40000,42000,42000,42000,42000,42000,42000,42000,51,0,2900,14678.922107444796,270.7078668424552,44747.07152508199,42.666666666666664
1790234994,8,POST,completion,0.100000,0.000000,42000,42000,42000,42000,42000,42000,42000,42000,42000,42000,42000,17,0,41000,40911.65004652815,37404.37670215033,44747.07152508199,128.0
1790234994,8,TPOT,completion,0.100000,0.000000,300,300,300,300,300,300,300,300,300,300,300,17,0,300,299.89266542589695,270.7078668424552,328.84003385703454,0.0
1790234994,8,TTFT,completion,0.100000,0.000000,3000,3000,3000,3000,3000,3000,3000,3000,3000,3000,3000,17,0,2900,2825.2236103803357,2507.2564338333905,3037.633025087416,0.0
1790234994,8,,Aggregated,0.300000,0.000000,3000,3000,40000,40000,42000,42000,42000,42000,42000,42000,42000,51,0,2900,14678.922107444796,270.7078668424552,44747.07152508199,42.666666666666664
1790234995,8,POST,completion,0.100000,0.000000,42000,42000,42000,42000,42000,42000,42000,42000,42000,42000,42000,17,0,41000,40911.65004652815,37404.37670215033,44747.07152508199,128.0
1790234995,8,TPOT,completion,0.100000,0.000000,300,300,300,300,300,300,300,300,300,300,300,17,0,300,299.89266542589695,270.7078668424552,328.84003385703454,0.0
1790234995,8,TTFT,completion,0.100000,0.000000,3000,3000,3000,3000,3000,3000,3000,3000,3000,3000,3000,17,0,2900,2825.2236103803357,2507.2564338333905,3037.633025087416,0.0
1790234995,8,,Aggregated,0.300000,0.000000,3000,3000,40000,40000,42000,42000,42000,42000,42000,42000,42000,51,0,2900,14678.922107444796,270.7078668424552,44747.07152508199,42.666666666666664
1790234996,8,POST,completion,0.100000,0.000000,40000,40000,40000,40000,40000,40000,40000,40000,40000,40000,40000,17,0,41000,40911.65004652815,37404.37670215033,44747.07152508199,128.0
1790234996,8,TPOT,completion,0.100000,0.000000,290,290,290,290,290,290,290,290,290,290,290,17,0,300,299.89266542589695,270.7078668424552,328.84003385703454,0.0
1790234996,8,TTFT,completion,0.100000,0.000000,3000,3000,3000,3000,3000,3000,3000,3000,3000,3000,3000,17,0,2900,2825.2236103803357,2507.2564338333905,3037.633025087416,0.0
1790234996,8,,Aggregated,0.300000,0.000000,3000,3000,40000,40000,40000,40000,40000,40000,40000,40000,40000,51,0,2900,14678.922107444796,270.7078668424552,44747.07152508199,42.666666666666664
1790234997,8,POST,completion,0.100000,0.000000,42000,42000,42000,42000,42000,42000,42000,42000,42000,42000,42000,18,0,41000,40947.681578600575,37404.37670215033,44747.07152508199,128.0
1790234997,8,TPOT,completion,0.100000,0.000000,300,300,300,300,300,300,300,300,300,300,300,18,0,300,300.05984449804345,270.7078668424552,328.84003385703454,0.0
1790234997,8,TTFT,completion,0.100000,0.000000,3100,3100,3100,3100,3100,3100,3100,3100,3100,3100,3100,18,0,2900,2840.023647683362,2507.2564338333905,3091.624281834811,0.0
1790234997,8,,Aggregated,0.300000,0.000000,3100,3100,40000,40000,42000,42000,42000,42000,42000,42000,42000,54,0,2900,14695.921690260659,270.7078668424552,44747.07152508199,42.666666666666664
1790234998,8,POST,completion,0.100000,0.000000,40000,40000,42000,42000,42000,42000,42000,42000,42000,42000,42000,19,0,41000,40895.1223994066,37404.37670215033,44747.07152508199,128.0
1790234998,8,TPOT,completion,0.100000,0.000000,290,290,300,300,300,300,300,300,300,300,300,19,0,300,299.595505864677,270.7078668424552,328.84003385703454,0.0
1790234998,8,TTFT,completion,0.100000,0.000000,3000,3000,3100,3100,3100,3100,3100,3100,3100,3100,3100,19,0,2900,2846.435115488834,2507.2564338333905,3091.624281834811,0.0
1790234998,8,,Aggregated,0.300000,0.000000,3000,3100,40000,40000,42000,42000,42000,42000,42000,42000,42000,57,0,2900,14680.384340253373,270.7078668424552,44747.07152508199,42.666666666666664
1790234999,8,POST,completion,0.100000,0.000000,40000,40000,42000,42000,42000,42000,42000,42000,42000,42000,42000,19,0,41000,40895.1223994066,37404.37670215033,44747.07152508199,128.0
1790234999,8,TPOT,completion,0.100000,0.000000,290,290,300,300,300,300,300,300,300,300,300,19,0,300,299.595505864677,270.7078668424552,328.84003385703454,0.0
1790234999,8,TTFT,completion,0.100000,0.000000,3000,3000,3100,3100,3100,3100,3100,3100,3100,3100,3100,19,0,2900,2846.435115488834,2507.2564338333905,3091.624281834811,0.0
1790234999,8,,Aggregated,0.300000,0.000000,3000,3100,40000,40000,42000,42000,42000,42000,42000,42000,42000,57,0,2900,14680.384340253373,270.7078668424552,44747.07152508199,42.666666666666664
1790235000,8,POST,completion,0.100000,0.000000,40000,40000,42000,42000,42000,42000,42000,42000,42000,42000,42000,19,0,41000,40895.1223994066,37404.37670215033,44747.07152508199,128.0
1790235000,8,TPOT,completion,0.100000,0.000000,290,290,300,300,300,300,300,300,300,300,300,19,0,300,299.595505864677,270.7078668424552,328.84003385703454,0.0
1790235000,8,TTFT,completion,0.100000,0.000000,3000,3000,3100,3100,3100,3100,3100,3100,3100,3100,3100,19,0,2900,2846.435115488834,2507.2564338333905,3091.624281834811,0.0
1790235000,8,,Aggregated,0.300000,0.000000,3000,3100,40000,40000,42000,42000,42000,42000,42000,42000,42000,57,0,2900,14680.384340253373,270.7078668424552,44747.07152508199,42.666666666666664
1790235001,8,POST,completion,0.100000,0.000000,40000,40000,42000,42000,42000,42000,42000,42000,42000,42000,42000,19,0,41000,40895.1223994066,37404.37670215033,44747.07152508199,128.0
1790235001,8,TPOT,completion,0.100000,0.000000,290,290,300,300,300,300,300,300,300,300,300,19,0,300,299.595505864677,270.7078668424552,328.84003385703454,0.0
1790235001,8,TTFT,completion,0.100000,0.000000,3000,3000,3100,3100,3100,3100,3100,3100,3100,3100,3100,19,0,2900,2846.435115488834,2507.2564338333905,3091.624281834811,0.0
1790235001,8,,Aggregated,0.300000,0.000000,3000,3100,40000,40000,42000,42000,42000,42000,42000,42000,42000,57,0,2900,14680.384340253373,270.7078668424552,44747.07152508199,42.666666666666664
1790235002,8,POST,completion,0.100000,0.000000,40000,40000,42000,42000,42000,42000,42000,42000,42000,42000,42000,19,0,41000,40895.1223994066,37404.37670215033,44747.07152508199,128.0
1790235002,8,TPOT,completion,0.100000,0.000000,290,290,300,300,300,300,300,300,300,300,300,19,0,300,299.595505864677,270.7078668424552,328.84003385703454,0.0
1790235002,8,TTFT,completion,0.100000,0.000000,3000,3000,3100,3100,3100,3100,3100,3100,3100,3100,3100,19,0,2900,2846.435115488834,2507.2564338333905,3091.624281834811,0.0
1790235002,8,,Aggregated,0.300000,0.000000,3000,3100,40000,40000,42000,42000,42000,42000,42000,42000,42000,57,0,2900,14680.384340253373,270.7078668424552,44747.07152508199,42.666666666666664
1790235003,8,POST,completion,0.100000,0.000000,40000,40000,42000,42000,42000,42000,42000,42000,42000,42000,42000,19,0,41000,40895.1223994066,37404.37670215033,44747.07152508199,128.0
1790235003,8,TPOT,completion,0.100000,0.000000,290,290,300,300,300,300,300,300,300,300,300,19,0,300,299.595505864677,270.7078668424552,328.84003385703454,0.0
1790235003,8,TTFT,completion,0.100000,0.000000,3000,3000,3100,3100,3100,3100,3100,3100,3100,3100,3100,19,0,2900,2846.435115488834,2507.2564338333905,3091.624281834811,0.0
1790235003,8,,Aggregated,0.300000,0.000000,3000,3100,40000,40000,42000,42000,42000,42000,42000,42000,42000,57,0,2900,14680.384340253373,270.7078668424552,44747.07152508199,42.666666666666664
1790235004,8,POST,completion,0.100000,0.000000,42000,42000,42000,42000,42000,42000,42000,42000,42000,42000,42000,19,0,41000,40895.1223994066,37404.37670215033,44747.07152508199,128.0
1790235004,8,TPOT,completion,0.100000,0.000000,300,300,300,300,300,300,300,300,300,300,300,19,0,300,299.595505864677,270.7078668424552,328.84003385703454,0.0
1790235004,8,TTFT,completion,0.100000,0.000000,3100,3100,3100,3100,3100,3100,3100,3100,3100,3100,3100,19,0,2900,2846.435115488834,2507.2564338333905,3091.624281834811,0.0
1790235004,8,,Aggregated,0.300000,0.000000,3100,3100,40000,40000,42000,42000,42000,42000,42000,42000,42000,57,0,2900,14680.384340253373,270.7078668424552,44747.07152508199,42.666666666666664
1790235005,8,POST,completion,0.100000,0.000000,42000,42000,42000,42000,42000,42000,42000,42000,42000,42000,42000,19,0,41000,40895.1223994066,37404.37670215033,44747.07152508199,128.0
1790235005,8,TPOT,completion,0.100000,0.000000,300,300,300,300,300,300,300,300,300,300,300,19,0,300,299.595505864677,270.7078668424552,328.84003385703454,0.0
1790235005,8,TTFT,completion,0.100000,0.000000,3100,3100,3100,3100,3100,3100,3100,3100,3100,3100,3100,19,0,2900,2846.435115488834,2507.2564338333905,3091.624281834811,0.0
1790235005,8,,Aggregated,0.300000,0.000000,3100,3100,40000,40000,42000,42000,42000,42000,42000,42000,42000,57,0,2900,14680.384340253373,270.7078668424552,44747.07152508199,42.666666666666664
1790235006,8,POST,completion,0.100000,0.000000,42000,42000,42000,42000,42000,42000,42000,42000,42000,42000,42000,19,0,41000,40895.1223994066,37404.37670215033,44747.07152508199,128.0
1790235006,8,TPOT,completion,0.100000,0.000000,300,300,300,300,300,300,300,300,300,300,300,19,0,300,299.595505864677,270.7078668424552,328.84003385703454,0.0
1790235006,8,TTFT,completion,0.100000,0.000000,3100,3100,3100,3100,3100,3100,3100,3100,3100,3100,3100,19,0,2900,2846.435115488834,2507.2564338333905,3091.624281834811,0.0
1790235006,8,,Aggregated,0.300000,0.000000,3100,3100,40000,40000,42000,42000,42000,42000,42000,42000,42000,57,0,2900,14680.384340253373,270.7078668424552,44747.07152508199,42.666666666666664
1790235007,8,POST,completion,0.100000,0.000000,40000,40000,40000,40000,40000,40000,40000,40000,40000,40000,40000,19,0,41000,40895.1223994066,37404.37670215033,44747.07152508199,128.0
1790235007,8,TPOT,completion,0.100000,0.000000,290,290,290,290,290,290,290,290,290,290,290,19,0,300,299.595505864677,270.7078668424552,328.84003385703454,0.0
1790235007,8,TTFT,completion,0.100000,0.000000,3000,3000,3000,3000,3000,3000,3000,3000,3000,3000,3000,19,0,2900,2846.435115488834,2507.2564338333905,3091.624281834811,0.0
1790235007,8,,Aggregated,0.300000,0.000000,3000,3000,40000,40000,40000,40000,40000,40000,40000,40000,40000,57,0,2900,14680.384340253373,270.7078668424552,44747.07152508199,42.666666666666664
1790235008,8,POST,completion,0.200000,0.000000,42000,42000,42000,42000,42000,42000,42000,42000,42000,42000,42000,20,0,41000,40974.914311338216,37404.37670215033,44747.07152508199,128.0
1790235008,8,TPOT,completion,0.200000,0.000000,310,310,310,310,310,310,310,310,310,310,310,20,0,300,300.17432932298277,270.7078668424552,328.84003385703454,0.0
1790235008,8,TTFT,completion,0.200000,0.000000,3000,3000,3000,3000,3000,3000,3000,3000,3000,3000,3000,20,0,2900,2852.7166269137524,2507.2564338333905,3091.624281834811,0.0
1790235008,8,,Aggregated,0.600000,0.000000,3000,3000,40000,40000,42000,42000,42000,42000,42000,42000,42000,60,0,2900,14709.268422524985,270.7078668424552,44747.07152508199,42.666666666666664
1790235009,8,POST,completion,0.200000,0.000000,41000,41000,42000,42000,42000,42000,42000,42000,42000,42000,42000,21,0,41000,40967.19731751918,37404.37670215033,44747.07152508199,128.0
1790235009,8,TPOT,completion,0.200000,0.000000,300,300,310,310,310,310,310,310,310,310,310,21,0,300,300.05474986067094,270.7078668424552,328.84003385703454,0.0
1790235009,8,TTFT,completion,0.200000,0.000000,3000,3000,3000,3000,3000,3000,3000,3000,3000,3000,3000,21,0,2900,2860.1857260579154,2507.2564338333905,3091.624281834811,0.0
1790235009,8,,Aggregated,0.600000,0.000000,3000,3000,40000,41000,42000,42000,42000,42000,42000,42000,42000,63,0,2900,14709.145931145922,270.7078668424552,44747.07152508199,42.666666666666664
1790235010,8,POST,completion,0.200000,0.000000,41000,41000,42000,42000,42000,42000,42000,42000,42000,42000,42000,21,0,41000,40967.19731751918,37404.37670215033,44747.07152508199,128.0
1790235010,8,TPOT,completion,0.200000,0.000000,300,300,310,310,310,310,310,310,310,310,310,21,0,300,300.05474986067094,270.7078668424552,328.84003385703454,0.0
1790235010,8,TTFT,completion,0.200000,0.000000,3000,3000,3000,3000,3000,3000,3000,3000,3000,3000,3000,21,0,2900,2860.1857260579154,2507.2564338333905,3091.624281834811,0.0
1790235010,8,,Aggregated,0.600000,0.000000,3000,3000,40000,41000,42000,42000,42000,42000,42000,42000,42000,63,0,2900,14709.145931145922,270.7078668424552,44747.07152508199,42.666666666666664
1790235011,8,POST,completion,0.200000,0.000000,41000,41000,42000,42000,42000,42000,42000,42000,42000,42000,42000,21,0,41000,40967.19731751918,37404.37670215033,44747.07152508199,128.0
1790235011,8,TPOT,completion,0.200000,0.000000,300,300,310,310,310,310,310,310,310,310,310,21,0,300,300.05474986067094,270.7078668424552,328.84003385703454,0.0
1790235011,8,TTFT,completion,0.200000,0.000000,3000,3000,3000,3000,3000,3000,3000,3000,3000,3000,3000,21,0,2900,2860.1857260579154,2507.2564338333905,3091.624281834811,0.0
1790235011,8,,Aggregated,0.600000,0.000000,3000,3000,40000,41000,42000,42000,42000,42000,42000,42000,42000,63,0,2900,14709.145931145922,270.7078668424552,44747.07152508199,42.666666666666664
1790235012,8,POST,completion,0.200000,0.000000,42000,42000,43000,43000,43000,43000,43000,43000,43000,43000,43000,22,0,41000,41067.2368634471,37404.37670215033,44747.07152508199,128.0
1790235012,8,TPOT,completion,0.200000,0.000000,310,310,320,320,320,320,320,320,320,320,320,22,0,300,300.75666945403987,270.7078668424552,328.84003385703454,0.0
1790235012,8,TTFT,completion,0.200000,0.000000,3000,3000,3100,3100,3100,3100,3100,3100,3100,3100,3100,22,0,3000,2871.0810725513675,2507.2564338333905,3099.8833489138633,0.0
1790235012,8,,Aggregated,0.600000,0.000000,3000,3100,41000,42000,43000,43000,43000,43000,43000,43000,43000,66,0,3000,14746.358201817502,270.7078668424552,44747.07152508199,42.666666666666664
1790235013,8,POST,completion,0.200000,0.000000,42000,42000,43000,43000,43000,43000,43000,43000,43000,43000,43000,22,0,41000,41067.2368634471,37404.37670215033,44747.07152508199,128.0
1790235013,8,TPOT,completion,0.200000,0.000000,310,310,320,320,320,320,320,320,320,320,320,22,0,300,300.75666945403987,270.7078668424552,328.84003385703454,0.0
1790235013,8,TTFT,completion,0.200000,0.000000,3000,3000,3100,3100,3100,3100,3100,3100,3100,3100,3100,22,0,3000,2871.0810725513675,2507.2564338333905,3099.8833489138633,0.0
1790235013,8,,Aggregated,0.600000,0.000000,3000,3100,41000,42000,43000,43000,43000,43000,43000,43000,43000,66,0,3000,14746.358201817502,270.7078668424552,44747.07152508199,42.666666666666664
1790235014,8,POST,completion,0.200000,0.000000,42000,42000,43000,43000,43000,43000,43000,43000,43000,43000,43000,22,0,41000,41067.2368634471,37404.37670215033,44747.07152508199,128.0
1790235014,8,TPOT,completion,0.200000,0.000000,310,310,320,320,320,320,320,320,320,320,320,22,0,300,300.75666945403987,270.7078668424552,328.84003385703454,0.0
1790235014,8,TTFT,completion,0.200000,0.000000,3000,3000,3100,3100,3100,3100,3100,3100,3100,3100,3100,22,0,3000,2871.0810725513675,2507.2564338333905,3099.8833489138633,0.0
1790235014,8,,Aggregated,0.600000,0.000000,3000,3100,41000,42000,43000,43000,43000,43000,43000,43000,43000,66,0,3000,14746.358201817502,270.7078668424552,44747.07152508199,42.666666666666664
1790235015,8,POST,completion,0.200000,0.000000,42000,42000,43000,43000,43000,43000,43000,43000,43000,43000,43000,22,0,41000,41067.2368634471,37404.37670215033,44747.07152508199,128.0
1790235015,8,TPOT,completion,0.200000,0.000000,310,310,320,320,320,320,320,320,320,320,320,22,0,300,300.75666945403987,270.7078668424552,328.84003385703454,0.0
1790235015,8,TTFT,completion,0.200000,0.000000,3000,3000,3100,3100,3100,3100,3100,3100,3100,3100,3100,22,0,3000,2871.0810725513675,2507.2564338333905,3099.8833489138633,0.0
1790235015,8,,Aggregated,0.600000,0.000000,3000,3100,41000,42000,43000,43000,43000,43000,43000,43000,43000,66,0,3000,14746.358201817502,270.7078668424552,44747.07152508199,42.666666666666664
1790235016,8,POST,completion,0.300000,0.000000,42000,42000,43000,43000,43000,43000,43000,43000,43000,43000,43000,23,0,41000,41053.497648119686,37404.37670215033,44747.07152508199,128.0
1790235016,8,TPOT,completion,0.300000,0.000000,310,310,320,320,320,320,320,320,320,320,320,23,0,300,300.64101651917025,270.7078668424552,328.84003385703454,0.0
1790235016,8,TTFT,completion,0.300000,0.000000,3000,3000,3100,3100,3100,3100,3100,3100,3100,3100,3100,23,0,2900,2872.029353702522,2507.2564338333905,3099.8833489138633,0.0
1790235016,8,,Aggregated,0.900000,0.000000,3000,3100,41000,41000,42000,43000,43000,43000,43000,43000,43000,69,0,2900,14742.056006113791,270.7078668424552,44747.07152508199,42.666666666666664
1790235017,8,POST,completion,0.300000,0.000000,42000,42000,43000,43000,43000,43000,43000,43000,43000,43000,43000,23,0,41000,41053.497648119686,37404.37670215033,44747.07152508199,128.0
1790235017,8,TPOT,completion,0.300000,0.000000,310,310,320,320,320,320,320,320,320,320,320,23,0,300,300.64101651917025,270.7078668424552,328.84003385703454,0.0
1790235017,8,TTFT,completion,0.300000,0.000000,3000,3000,3100,3100,3100,3100,3100,3100,3100,3100,3100,23,0,2900,2872.029353702522,2507.2564338333905,3099.8833489138633,0.0
1790235017,8,,Aggregated,0.900000,0.000000,3000,3100,41000,41000,42000,43000,43000,43000,43000,43000,43000,69,0,2900,14742.056006113791,270.7078668424552,44747.07152508199,42.666666666666664
1790235018,8,POST,completion,0.300000,0.000000,41000,41000,43000,43000,43000,43000,43000,43000,43000,43000,43000,23,0,41000,41053.497648119686,37404.37670215033,44747.07152508199,128.0
1790235018,8,TPOT,completion,0.300000,0.000000,300,300,320,320,320,320,320,320,320,320,320,23,0,300,300.64101651917025,270.7078668424552,328.84003385703454,0.0
1790235018,8,TTFT,completion,0.300000,0.000000,3000,3000,3100,3100,3100,3100,3100,3100,3100,3100,3100,23,0,2900,2872.029353702522,2507.2564338333905,3099.8833489138633,0.0
1790235018,8,,Aggregated,0.900000,0.000000,3000,3100,41000,41000,43000,43000,43000,43000,43000,43000,43000,69,0,2900,14742.056006113791,270.7078668424552,44747.07152508199,42.666666666666664
1790235019,8,POST,completion,0.300000,0.000000,41000,41000,43000,43000,43000,43000,43000,43000,43000,43000,43000,23,0,41000,41053.497648119686,37404.37670215033,44747.07152508199,128.0
1790235019,8,TPOT,completion,0.300000,0.000000,300,300,320,320,320,320,320,320,320,320,320,23,0,300,300.64101651917025,270.7078668424552,328.84003385703454,0.0
1790235019,8,TTFT,completion,0.300000,0.000000,3000,3000,3100,3100,3100,3100,3100,3100,3100,3100,3100,23,0,2900,2872.029353702522,2507.2564338333905,3099.8833489138633,0.0
1790235019,8,,Aggregated,0.900000,0.000000,3000,3100,41000,41000,43000,43000,43000,43000,43000,43000,43000,69,0,2900,14742.056006113791,270.7078668424552,44747.07152508199,42.666666666666664
1790235020,8,POST,completion,0.300000,0.000000,43000,43000,43000,43000,43000,43000,43000,43000,43000,43000,43000,23,0,41000,41053.497648119686,37404.37670215033,44747.07152508199,128.0
1790235020,8,TPOT,completion,0.300000,0.000000,320,320,320,320,320,320,320,320,320,320,320,23,0,300,300.64101651917025,270.7078668424552,328.84003385703454,0.0
1790235020,8,TTFT,completion,0.300000,0.000000,3100,3100,3100,3100,3100,3100,3100,3100,3100,3100,3100,23,0,2900,2872.029353702522,2507.2564338333905,3099.8833489138633,0.0
1790235020,8,,Aggregated,0.900000,0.000000,3100,3100,41000,41000,43000,43000,43000,43000,43000,43000,43000,69,0,2900,14742.056006113791,270.7078668424552,44747.07152508199,42.666666666666664
1790235021,8,POST,completion,0.300000,0.000000,43000,43000,43000,43000,43000,43000,43000,43000,43000,43000,43000,23,0,41000,41053.497648119686,37404.37670215033,44747.07152508199,128.0
1790235021,8,TPOT,completion,0.300000,0.000000,320,320,320,320,320,320,320,320,320,320,320,23,0,300,300.64101651917025,270.7078668424552,328.84003385703454,0.0
1790235021,8,TTFT,completion,0.300000,0.000000,3100,3100,3100,3100,3100,3100,3100,3100,3100,3100,3100,23,0,2900,2872.029353702522,2507.2564338333905,3099.8833489138633,0.0
1790235021,8,,Aggregated,0.900000,0.000000,3100,3100,41000,41000,43000,43000,43000,43000,43000,43000,43000,69,0,2900,14742.056006113791,270.7078668424552,44747.07152508199,42.666666666666664
1790235022,8,POST,completion,0.300000,0.000000,43000,43000,43000,43000,43000,43000,43000,43000,43000,43000,43000,23,0,41000,41053.497648119686,37404.37670215033,44747.07152508199,128.0
1790235022,8,TPOT,completion,0.300000,0.000000,320,320,320,320,320,320,320,320,320,320,320,23,0,300,300.64101651917025,270.7078668424552,328.84003385703454,0.0
1790235022,8,TTFT,completion,0.300000,0.000000,3100,3100,3100,3100,3100,3100,3100,3100,3100,3100,3100,23,0,2900,2872.029353702522,2507.2564338333905,3099.8833489138633,0.0
1790235022,8,,Aggregated,0.900000,0.000000,3100,3100,41000,41000,43000,43000,43000,43000,43000,43000,43000,69,0,2900,14742.056006113791,270.7078668424552,44747.07152508199,42.666666666666664
1790235023,8,POST,completion,0.300000,0.000000,43000,43000,43000,43000,43000,43000,43000,43000,43000,43000,43000,23,0,41000,41053.497648119686,37404.37670215033,44747.07152508199,128.0
1790235023,8,TPOT,completion,0.300000,0.000000,320,320,320,320,320,320,320,320,320,320,320,23,0,300,300.64101651917025,270.7078668424552,328.84003385703454,0.0
1790235023,8,TTFT,completion,0.300000,0.000000,3100,3100,3100,3100,3100,3100,3100,3100,3100,3100,3100,23,0,2900,2872.029353702522,2507.2564338333905,3099.8833489138633,0.0
1790235023,8,,Aggregated,0.900000,0.000000,3100,3100,41000,41000,43000,43000,43000,43000,43000,43000,43000,69,0,2900,14742.056006113791,270.7078668424552,44747.07152508199,42.666666666666664
1790235024,8,POST,completion,0.300000,0.000000,41000,41000,41000,41000,41000,41000,41000,41000,41000,41000,41000,23,0,41000,41053.497648119686,37404.37670215033,44747.07152508199,128.0
1790235024,8,TPOT,completion,0.300000,0.000000,300,300,300,300,300,300,300,300,300,300,300,23,0,300,300.64101651917025,270.7078668424552,328.84003385703454,0.0
1790235024,8,TTFT,completion,0.300000,0.000000,2900,2900,2900,2900,2900,2900,2900,2900,2900,2900,2900,23,0,2900,2872.029353702522,2507.2564338333905,3099.8833489138633,0.0
1790235024,8,,Aggregated,0.900000,0.000000,2900,2900,41000,41000,41000,41000,41000,41000,41000,41000,41000,69,0,2900,14742.056006113791,270.7078668424552,44747.07152508199,42.666666666666664
1790235025,8,POST,completion,0.100000,0.000000,43000,43000,43000,43000,43000,43000,43000,43000,43000,43000,43000,24,0,41000,41152.31559961103,37404.37670215033,44747.07152508199,128.0
1790235025,8,TPOT,completion,0.100000,0.000000,320,320,320,320,320,320,320,320,320,320,320,24,0,300,301.3612562419267,270.7078668424552,328.84003385703454,0.0
1790235025,8,TTFT,completion,0.100000,0.000000,3000,3000,3000,3000,3000,3000,3000,3000,3000,3000,3000,24,0,3000,2879.3763995539243,2507.2564338333905,3099.8833489138633,0.0
1790235025,8,,Aggregated,0.300000,0.000000,3000,3000,41000,41000,43000,43000,43000,43000,43000,43000,43000,72,0,3000,14777.684418468956,270.7078668424552,44747.07152508199,42.666666666666664
1790235026,8,POST,completion,0.100000,0.000000,43000,43000,43000,43000,43000,43000,43000,43000,43000,43000,43000,24,0,41000,41152.31559961103,37404.37670215033,44747.07152508199,128.0
1790235026,8,TPOT,completion,0.100000,0.000000,320,320,320,320,320,320,320,320,320,320,320,24,0,300,301.3612562419267,270.7078668424552,328.84003385703454,0.0
1790235026,8,TTFT,completion,0.100000,0.000000,3000,3000,3000,3000,3000,3000,3000,3000,3000,3000,3000,24,0,3000,2879.3763995539243,2507.2564338333905,3099.8833489138633,0.0
1790235026,8,,Aggregated,0.300000,0.000000,3000,3000,41000,41000,43000,43000,43000,43000,43000,43000,43000,72,0,3000,14777.684418468956,270.7078668424552,44747.07152508199,42.666666666666664
1790235027,8,POST,completion,0.100000,0.000000,43000,43000,43000,43000,43000,43000,43000,43000,43000,43000,43000,24,0,41000,41152.31559961103,37404.37670215033,44747.07152508199,128.0
1790235027,8,TPOT,completion,0.100000,0.000000,320,320,320,320,320,320,320,320,320,320,320,24,0,300,301.3612562419267,270.7078668424552,328.84003385703454,0.0
1790235027,8,TTFT,completion,0.100000,0.000000,3000,3000,3000,3000,3000,3000,3000,3000,3000,3000,3000,24,0,3000,2879.3763995539243,2507.2564338333905,3099.8833489138633,0.0
1790235027,8,,Aggregated,0.300000,0.000000,3000,3000,41000,41000,43000,43000,43000,43000,43000,43000,43000,72,0,3000,14777.684418468956,270.7078668424552,44747.07152508199,42.666666666666664
1790235029,8,POST,completion,0.100000,0.000000,43000,43000,43000,43000,43000,43000,43000,43000,43000,43000,43000,24,0,41000,41152.31559961103,37404.37670215033,44747.07152508199,128.0
1790235029,8,TPOT,completion,0.100000,0.000000,320,320,320,320,320,320,320,320,320,320,320,24,0,300,301.3612562419267,270.7078668424552,328.84003385703454,0.0
1790235029,8,TTFT,completion,0.100000,0.000000,3000,3000,3000,3000,3000,3000,3000,3000,3000,3000,3000,24,0,3000,2879.3763995539243,2507.2564338333905,3099.8833489138633,0.0
1790235029,8,,Aggregated,0.300000,0.000000,3000,3000,41000,41000,43000,43000,43000,43000,43000,43000,43000,72,0,3000,14777.684418468956,270.7078668424552,44747.07152508199,42.666666666666664
1790235030,8,POST,completion,0.100000,0.000000,43000,43000,43000,43000,43000,43000,43000,43000,43000,43000,43000,24,0,41000,41152.31559961103,37404.37670215033,44747.07152508199,128.0
1790235030,8,TPOT,completion,0.100000,0.000000,320,320,320,320,320,320,320,320,320,320,320,24,0,300,301.3612562419267,270.7078668424552,328.84003385703454,0.0
1790235030,8,TTFT,completion,0.100000,0.000000,3000,3000,3000,3000,3000,3000,3000,3000,3000,3000,3000,24,0,3000,2879.3763995539243,2507.2564338333905,3099.8833489138633,0.0
1790235030,8,,Aggregated,0.300000,0.000000,3000,3000,43000,43000,43000,43000,43000,43000,43000,43000,43000,72,0,3000,14777.684418468956,270.7078668424552,44747.07152508199,42.666666666666664
1790235031,8,POST,completion,0.100000,0.000000,43000,43000,43000,43000,43000,43000,43000,43000,43000,43000,43000,24,0,41000,41152.31559961103,37404.37670215033,44747.07152508199,128.0
1790235031,8,TPOT,completion,0.100000,0.000000,320,320,320,320,320,320,320,320,320,320,320,24,0,300,301.3612562419267,270.7078668424552,328.84003385703454,0.0
1790235031,8,TTFT,completion,0.100000,0.000000,3000,3000,3000,3000,3000,3000,3000,3000,3000,3000,3000,24,0,3000,2879.3763995539243,2507.2564338333905,3099.8833489138633,0.0
1790235031,8,,Aggregated,0.300000,0.000000,3000,3000,43000,43000,43000,43000,43000,43000,43000,43000,43000,72,0,3000,14777.684418468956,270.7078668424552,44747.07152508199,42.666666666666664
1790235032,8,POST,completion,0.100000,0.000000,43000,43000,43000,43000,43000,43000,43000,43000,43000,43000,43000,24,0,41000,41152.31559961103,37404.37670215033,44747.07152508199,128.0
1790235032,8,TPOT,completion,0.100000,0.000000,320,320,320,320,320,320,320,320,320,320,320,24,0,300,301.3612562419267,270.7078668424552,328.84003385703454,0.0
1790235032,8,TTFT,completion,0.100000,0.000000,3000,3000,3000,3000,3000,3000,3000,3000,3000,3000,3000,24,0,3000,2879.3763995539243,2507.2564338333905,3099.8833489138633,0.0
1790235032,8,,Aggregated,0.300000,0.000000,3000,3000,43000,43000,43000,43000,43000,43000,43000,43000,43000,72,0,3000,14777.684418468956,270.7078668424552,44747.07152508199,42.666666666666664
1790235033,8,POST,completion,0.100000,0.000000,43000,43000,43000,43000,43000,43000,43000,43000,43000,43000,43000,24,0,41000,41152.31559961103,37404.37670215033,44747.07152508199,128.0
1790235033,8,TPOT,completion,0.100000,0.000000,320,320,320,320,320,320,320,320,320,320,320,24,0,300,301.3612562419267,270.7078668424552,328.84003385703454,0.0
1790235033,8,TTFT,completion,0.100000,0.000000,3000,3000,3000,3000,3000,3000,3000,3000,3000,3000,3000,24,0,3000,2879.3763995539243,2507.2564338333905,3099.8833489138633,0.0
1790235033,8,,Aggregated,0.300000,0.000000,3000,3000,43000,43000,43000,43000,43000,43000,43000,43000,43000,72,0,3000,14777.684418468956,270.7078668424552,44747.07152508199,42.666666666666664
1790235034,8,POST,completion,0.100000,0.000000,43000,43000,43000,43000,43000,43000,43000,43000,43000,43000,43000,25,0,41000,41161.995024662465,37404.37670215033,44747.07152508199,128.0
1790235034,8,TPOT,completion,0.100000,0.000000,320,320,320,320,320,320,320,320,320,320,320,25,0,300,301.41841588197195,270.7078668424552,328.84003385703454,0.0
1790235034,8,TTFT,completion,0.100000,0.000000,3000,3000,3000,3000,3000,3000,3000,3000,3000,3000,3000,25,0,2900,2881.7967131733894,2507.2564338333905,3099.8833489138633,0.0
1790235034,8,,Aggregated,0.300000,0.000000,3000,3000,41000,41000,43000,43000,43000,43000,43000,43000,43000,75,0,2900,14781.736717905938,270.7078668424552,44747.07152508199,42.666666666666664
1790235035,8,POST,completion,0.100000,0.000000,43000,43000,43000,43000,43000,43000,43000,43000,43000,43000,43000,25,0,41000,41161.995024662465,37404.37670215033,44747.07152508199,128.0
1790235035,8,TPOT,completion,0.100000,0.000000,320,320,320,320,320,320,320,320,320,320,320,25,0,300,301.41841588197195,270.7078668424552,328.84003385703454,0.0
1790235035,8,TTFT,completion,0.100000,0.000000,3000,3000,3000,3000,3000,3000,3000,3000,3000,3000,3000,25,0,2900,2881.7967131733894,2507.2564338333905,3099.8833489138633,0.0
1790235035,8,,Aggregated,0.300000,0.000000,3000,3000,41000,41000,43000,43000,43000,43000,43000,43000,43000,75,0,2900,14781.736717905938,270.7078668424552,44747.07152508199,42.666666666666664
1790235036,8,POST,completion,0.100000,0.000000,43000,43000,43000,43000,43000,43000,43000,43000,43000,43000,43000,25,0,41000,41161.995024662465,37404.37670215033,44747.07152508199,128.0
1790235036,8,TPOT,completion,0.100000,0.000000,320,320,320,320,320,320,320,320,320,320,320,25,0,300,301.41841588197195,270.7078668424552,328.84003385703454,0.0
1790235036,8,TTFT,completion,0.100000,0.000000,3000,3000,3000,3000,3000,3000,3000,3000,3000,3000,3000,25,0,2900,2881.7967131733894,2507.2564338333905,3099.8833489138633,0.0
1790235036,8,,Aggregated,0.300000,0.000000,3000,3000,41000,41000,43000,43000,43000,43000,43000,43000,43000,75,0,2900,14781.736717905938,270.7078668424552,44747.07152508199,42.666666666666664
1790235037,8,POST,completion,0.100000,0.000000,43000,43000,43000,43000,43000,43000,43000,43000,43000,43000,43000,25,0,41000,41161.995024662465,37404.37670215033,44747.07152508199,128.0
1790235037,8,TPOT,completion,0.100000,0.000000,320,320,320,320,320,320,320,320,320,320,320,25,0,300,301.41841588197195,270.7078668424552,328.84003385703454,0.0
1790235037,8,TTFT,completion,0.100000,0.000000,3000,3000,3000,3000,3000,3000,3000,3000,3000,3000,3000,25,0,2900,2881.7967131733894,2507.2564338333905,3099.8833489138633,0.0
1790235037,8,,Aggregated,0.300000,0.000000,3000,3000,41000,41000,43000,43000,43000,43000,43000,43000,43000,75,0,2900,14781.736717905938,270.7078668424552,44747.07152508199,42.666666666666664
1790235038,8,POST,completion,0.100000,0.000000,43000,43000,43000,43000,43000,43000,43000,43000,43000,43000,43000,25,0,41000,41161.995024662465,37404.37670215033,44747.07152508199,128.0
1790235038,8,TPOT,completion,0.100000,0.000000,320,320,320,320,320,320,320,320,320,320,320,25,0,300,301.41841588197195,270.7078668424552,328.84003385703454,0.0
1790235038,8,TTFT,completion,0.100000,0.000000,3000,3000,3000,3000,3000,3000,3000,3000,3000,3000,3000,25,0,2900,2881.7967131733894,2507.2564338333905,3099.8833489138633,0.0
1790235038,8,,Aggregated,0.300000,0.000000,3000,3000,41000,41000,43000,43000,43000,43000,43000,43000,43000,75,0,2900,14781.736717905938,270.7078668424552,44747.07152508199,42.666666666666664
1790235039,8,POST,completion,0.100000,0.000000,41000,41000,41000,41000,41000,41000,41000,41000,41000,41000,41000,25,0,41000,41161.995024662465,37404.37670215033,44747.07152508199,128.0
1790235039,8,TPOT,completion,0.100000,0.000000,300,300,300,300,300,300,300,300,300,300,300,25,0,300,301.41841588197195,270.7078668424552,328.84003385703454,0.0
1790235039,8,TTFT,completion,0.100000,0.000000,2900,2900,2900,2900,2900,2900,2900,2900,2900,2900,2900,25,0,2900,2881.7967131733894,2507.2564338333905,3099.8833489138633,0.0
1790235039,8,,Aggregated,0.300000,0.000000,2900,2900,41000,41000,41000,41000,41000,41000,41000,41000,41000,75,0,2900,14781.736717905938,270.7078668424552,44747.07152508199,42.666666666666664
1790235040,8,POST,completion,0.100000,0.000000,41000,41000,41000,41000,41000,41000,41000,41000,41000,41000,41000,26,0,41000,41165.01987132674,37404.37670215033,44747.07152508199,128.0
1790235040,8,TPOT,completion,0.100000,0.000000,300,300,300,300,300,300,300,300,300,300,300,26,0,300,301.2602983934151,270.7078668424552,328.84003385703454,0.0
1790235040,8,TTFT,completion,0.100000,0.000000,3500,3500,3500,3500,3500,3500,3500,3500,3500,3500,3500,26,0,3000,2904.9027259372033,2507.2564338333905,3482.553045032546,0.0
1790235040,8,,Aggregated,0.300000,0.000000,3500,3500,41000,41000,41000,41000,41000,41000,41000,41000,41000,78,0,3000,14790.394298552448,270.7078668424552,44747.07152508199,42.666666666666664
1790235041,8,POST,completion,0.100000,0.000000,41000,41000,41000,41000,41000,41000,41000,41000,41000,41000,41000,26,0,41000,41165.01987132674,37404.37670215033,44747.07152508199,128.0
1790235041,8,TPOT,completion,0.100000,0.000000,300,300,300,300,300,300,300,300,300,300,300,26,0,300,301.2602983934151,270.7078668424552,328.84003385703454,0.0
1790235041,8,TTFT,completion,0.100000,0.000000,3500,3500,3500,3500,3500,3500,3500,3500,3500,3500,3500,26,0,3000,2904.9027259372033,2507.2564338333905,3482.553045032546,0.0
1790235041,8,,Aggregated,0.300000,0.000000,3500,3500,41000,41000,41000,41000,41000,41000,41000,41000,41000,78,0,3000,14790.394298552448,270.7078668424552,44747.07152508199,42.666666666666664
1790235042,8,POST,completion,0.100000,0.000000,41000,41000,41000,41000,41000,41000,41000,41000,41000,41000,41000,26,0,41000,41165.01987132674,37404.37670215033,44747.07152508199,128.0
1790235042,8,TPOT,completion,0.100000,0.000000,300,300,300,300,300,300,300,300,300,300,300,26,0,300,301.2602983934151,270.7078668424552,328.84003385703454,0.0
1790235042,8,TTFT,completion,0.100000,0.000000,3500,3500,3500,3500,3500,3500,3500,3500,3500,3500,3500,26,0,3000,2904.9027259372033,2507.2564338333905,3482.553045032546,0.0
1790235042,8,,Aggregated,0.300000,0.000000,3500,3500,41000,41000,41000,41000,41000,41000,41000,41000,41000,78,0,3000,14790.394298552448,270.7078668424552,44747.07152508199,42.666666666666664
1790235043,8,POST,completion,0.100000,0.000000,41000,41000,41000,41000,41000,41000,41000,41000,41000,41000,41000,26,0,41000,41165.01987132674,37404.37670215033,44747.07152508199,128.0
1790235043,8,TPOT,completion,0.100000,0.000000,300,300,300,300,300,300,300,300,300,300,300,26,0,300,301.2602983934151,270.7078668424552,328.84003385703454,0.0
1790235043,8,TTFT,completion,0.100000,0.000000,3500,3500,3500,3500,3500,3500,3500,3500,3500,3500,3500,26,0,3000,2904.9027259372033,2507.2564338333905,3482.553045032546,0.0
1790235043,8,,Aggregated,0.300000,0.000000,3500,3500,41000,41000,41000,41000,41000,41000,41000,41000,41000,78,0,3000,14790.394298552448,270.7078668424552,44747.07152508199,42.666666666666664
1790235044,8,POST,completion,0.200000,0.000000,41000,41000,46000,46000,46000,46000,46000,46000,46000,46000,46000,27,0,41000,41332.56164735562,37404.37670215033,45688.64782410674,128.0
1790235044,8,TPOT,completion,0.200000,0.000000,300,300,330,330,330,330,330,330,330,330,330,27,0,300,302.35224075943495,270.7078668424552,330.7427422759512,0.0
1790235044,8,TTFT,completion,0.200000,0.000000,3500,3500,3700,3700,3700,3700,3700,3700,3700,3700,3700,27,0,3000,2933.7674649777236,2507.2564338333905,3684.250680031255,0.0
1790235044,8,,Aggregated,0.600000,0.000000,3500,3700,41000,41000,46000,46000,46000,46000,46000,46000,46000,81,0,3000,14856.227117697594,270.7078668424552,45688.64782410674,42.666666666666664
1790235045,8,POST,completion,0.200000,0.000000,41000,41000,46000,46000,46000,46000,46000,46000,46000,46000,46000,27,0,41000,41332.56164735562,37404.37670215033,45688.64782410674,128.0
1790235045,8,TPOT,completion,0.200000,0.000000,300,300,330,330,330,330,330,330,330,330,330,27,0,300,302.35224075943495,270.7078668424552,330.7427422759512,0.0
1790235045,8,TTFT,completion,0.200000,0.000000,3500,3500,3700,3700,3700,3700,3700,3700,3700,3700,3700,27,0,3000,2933.7674649777236,2507.2564338333905,3684.250680031255,0.0
1790235045,8,,Aggregated,0.600000,0.000000,3500,3700,41000,41000,46000,46000,46000,46000,46000,46000,46000,81,0,3000,14856.227117697594,270.7078668424552,45688.64782410674,42.666666666666664
1790235046,8,POST,completion,0.200000,0.000000,46000,46000,46000,46000,46000,46000,46000,46000,46000,46000,46000,27,0,41000,41332.56164735562,37404.37670215033,45688.64782410674,128.0
1790235046,8,TPOT,completion,0.200000,0.000000,330,330,330,330,330,330,330,330,330,330,330,27,0,300,302.35224075943495,270.7078668424552,330.7427422759512,0.0
1790235046,8,TTFT,completion,0.200000,0.000000,3700,3700,3700,3700,3700,3700,3700,3700,3700,3700,3700,27,0,3000,2933.7674649777236,2507.2564338333905,3684.250680031255,0.0
1790235046,8,,Aggregated,0.600000,0.000000,3700,3700,41000,41000,46000,46000,46000,46000,46000,46000,46000,81,0,3000,14856.227117697594,270.7078668424552,45688.64782410674,42.666666666666664
1790235047,8,POST,completion,0.200000,0.000000,46000,46000,46000,46000,46000,46000,46000,46000,46000,46000,46000,27,0,41000,41332.56164735562,37404.37670215033,45688.64782410674,128.0
1790235047,8,TPOT,completion,0.200000,0.000000,330,330,330,330,330,330,330,330,330,330,330,27,0,300,302.35224075943495,270.7078668424552,330.7427422759512,0.0
1790235047,8,TTFT,completion,0.200000,0.000000,3700,3700,3700,3700,3700,3700,3700,3700,3700,3700,3700,27,0,3000,2933.7674649777236,2507.2564338333905,3684.250680031255,0.0
1790235047,8,,Aggregated,0.600000,0.000000,3700,3700,41000,41000,46000,46000,46000,46000,46000,46000,46000,81,0,3000,14856.227117697594,270.7078668424552,45688.64782410674,42.666666666666664
1790235048,8,POST,completion,0.200000,0.000000,46000,46000,46000,46000,46000,46000,46000,46000,46000,46000,46000,27,0,41000,41332.56164735562,37404.37670215033,45688.64782410674,128.0
1790235048,8,TPOT,completion,0.200000,0.000000,330,330,330,330,330,330,330,330,330,330,330,27,0,300,302.35224075943495,270.7078668424552,330.7427422759512,0.0
1790235048,8,TTFT,completion,0.200000,0.000000,3700,3700,3700,3700,3700,3700,3700,3700,3700,3700,3700,27,0,3000,2933.7674649777236,2507.2564338333905,3684.250680031255,0.0
1790235048,8,,Aggregated,0.600000,0.000000,3700,3700,41000,41000,46000,46000,46000,46000,46000,46000,46000,81,0,3000,14856.227117697594,270.7078668424552,45688.64782410674,42.666666666666664
1790235049,8,POST,completion,0.200000,0.000000,46000,46000,46000,46000,46000,46000,46000,46000,46000,46000,46000,27,0,41000,41332.56164735562,37404.37670215033,45688.64782410674,128.0
1790235049,8,TPOT,completion,0.200000,0.000000,330,330,330,330,330,330,330,330,330,330,330,27,0,300,302.35224075943495,270.7078668424552,330.7427422759512,0.0
1790235049,8,TTFT,completion,0.200000,0.000000,3700,3700,3700,3700,3700,3700,3700,3700,3700,3700,3700,27,0,3000,2933.7674649777236,2507.2564338333905,3684.250680031255,0.0
1790235049,8,,Aggregated,0.600000,0.000000,3700,3700,41000,41000,46000,46000,46000,46000,46000,46000,46000,81,0,3000,14856.227117697594,270.7078668424552,45688.64782410674,42.666666666666664
1790235050,8,POST,completion,0.200000,0.000000,42000,42000,46000,46000,46000,46000,46000,46000,46000,46000,46000,29,0,41000,41316.142386676554,37404.37670215033,45688.64782410674,128.0
1790235050,8,TPOT,completion,0.200000,0.000000,300,300,330,330,330,330,330,330,330,330,330,29,0,300,301.8043913730318,270.7078668424552,330.7427422759512,0.0
1790235050,8,TTFT,completion,0.200000,0.000000,3700,3700,3900,3900,3900,3900,3900,3900,3900,3900,3900,29,0,3000,2986.9252448050497,2507.2564338333905,3853.9642200339586,0.0
1790235050,8,,Aggregated,0.600000,0.000000,3700,3900,41000,41000,42000,46000,46000,46000,46000,46000,46000,87,0,3000,14868.290674284877,270.7078668424552,45688.64782410674,42.666666666666664
1790235051,8,POST,completion,0.200000,0.000000,42000,42000,46000,46000,46000,46000,46000,46000,46000,46000,46000,29,0,41000,41316.142386676554,37404.37670215033,45688.64782410674,128.0
1790235051,8,TPOT,completion,0.200000,0.000000,300,300,330,330,330,330,330,330,330,330,330,29,0,300,301.8043913730318,270.7078668424552,330.7427422759512,0.0
1790235051,8,TTFT,completion,0.200000,0.000000,3700,3700,3900,3900,3900,3900,3900,3900,3900,3900,3900,29,0,3000,2986.9252448050497,2507.2564338333905,3853.9642200339586,0.0
1790235051,8,,Aggregated,0.600000,0.000000,3700,3900,40000,42000,46000,46000,46000,46000,46000,46000,46000,87,0,3000,14868.290674284877,270.7078668424552,45688.64782410674,42.666666666666664
1790235052,8,POST,completion,0.200000,0.000000,42000,42000,46000,46000,46000,46000,46000,46000,46000,46000,46000,29,0,41000,41316.142386676554,37404.37670215033,45688.64782410674,128.0
1790235052,8,TPOT,completion,0.200000,0.000000,300,300,330,330,330,330,330,330,330,330,330,29,0,300,301.8043913730318,270.7078668424552,330.7427422759512,0.0
1790235052,8,TTFT,completion,0.200000,0.000000,3700,3700,3900,3900,3900,3900,3900,3900,3900,3900,3900,29,0,3000,2986.9252448050497,2507.2564338333905,3853.9642200339586,0.0
1790235052,8,,Aggregated,0.600000,0.000000,3700,3900,40000,42000,46000,46000,46000,46000,46000,46000,46000,87,0,3000,14868.290674284877,270.7078668424552,45688.64782410674,42.666666666666664
1790235053,8,POST,completion,0.200000,0.000000,42000,42000,46000,46000,46000,46000,46000,46000,46000,46000,46000,29,0,41000,41316.142386676554,37404.37670215033,45688.64782410674,128.0
1790235053,8,TPOT,completion,0.200000,0.000000,300,300,330,330,330,330,330,330,330,330,330,29,0,300,301.8043913730318,270.7078668424552,330.7427422759512,0.0
1790235053,8,TTFT,completion,0.200000,0.000000,3700,3700,3900,3900,3900,3900,3900,3900,3900,3900,3900,29,0,3000,2986.9252448050497,2507.2564338333905,3853.9642200339586,0.0
1790235053,8,,Aggregated,0.600000,0.000000,3700,3900,40000,42000,46000,46000,46000,46000,46000,46000,46000,87,0,3000,14868.290674284877,270.7078668424552,45688.64782410674,42.666666666666664
1790235054,8,POST,completion,0.300000,0.000000,42000,42000,46000,46000,46000,46000,46000,46000,46000,46000,46000,30,0,41000,41315.50195748763,37404.37670215033,45688.64782410674,128.0
1790235054,8,TPOT,completion,0.300000,0.000000,300,300,330,330,330,330,330,330,330,330,330,30,0,300,301.6501936243279,270.7078668424552,330.7427422759512,0.0
1790235054,8,TTFT,completion,0.300000,0.000000,3700,3700,3900,3900,3900,3900,3900,3900,3900,3900,3900,30,0,3000,3005.8679292133697,2507.2564338333905,3853.9642200339586,0.0
1790235054,8,,Aggregated,0.900000,0.000000,3700,3900,41000,41000,42000,46000,46000,46000,46000,46000,46000,90,0,3000,14874.340026775106,270.7078668424552,45688.64782410674,42.666666666666664
1790235055,8,POST,completion,0.300000,0.000000,42000,42000,46000,46000,46000,46000,46000,46000,46000,46000,46000,30,0,41000,41315.50195748763,37404.37670215033,45688.64782410674,128.0
1790235055,8,TPOT,completion,0.300000,0.000000,300,300,330,330,330,330,330,330,330,330,330,30,0,300,301.6501936243279,270.7078668424552,330.7427422759512,0.0
1790235055,8,TTFT,completion,0.300000,0.000000,3700,3700,3900,3900,3900,3900,3900,3900,3900,3900,3900,30,0,3000,3005.8679292133697,2507.2564338333905,3853.9642200339586,0.0
1790235055,8,,Aggregated,0.900000,0.000000,3700,3900,41000,41000,42000,46000,46000,46000,46000,46000,46000,90,0,3000,14874.340026775106,270.7078668424552,45688.64782410674,42.666666666666664
1790235056,8,POST,completion,0.300000,0.000000,41000,41000,42000,42000,42000,42000,42000,42000,42000,42000,42000,30,0,41000,41315.50195748763,37404.37670215033,45688.64782410674,128.0
1790235056,8,TPOT,completion,0.300000,0.000000,300,300,300,300,300,300,300,300,300,300,300,30,0,300,301.6501936243279,270.7078668424552,330.7427422759512,0.0
1790235056,8,TTFT,completion,0.300000,0.000000,3600,3600,3900,3900,3900,3900,3900,3900,3900,3900,3900,30,0,3000,3005.8679292133697,2507.2564338333905,3853.9642200339586,0.0
1790235056,8,,Aggregated,0.900000,0.000000,3600,3900,40000,41000,42000,42000,42000,42000,42000,42000,42000,90,0,3000,14874.340026775106,270.7078668424552,45688.64782410674,42.666666666666664
1790235057,8,POST,completion,0.300000,0.000000,41000,41000,42000,42000,42000,42000,42000,42000,42000,42000,42000,31,0,41000,41267.85532734357,37404.37670215033,45688.64782410674,128.0
1790235057,8,TPOT,completion,0.300000,0.000000,300,300,300,300,300,300,300,300,300,300,300,31,0,300,301.174291257742,270.7078668424552,330.7427422759512,0.0
1790235057,8,TTFT,completion,0.300000,0.000000,3600,3600,3900,3900,3900,3900,3900,3900,3900,3900,3900,31,0,3000,3018.6604795631984,2507.2564338333905,3853.9642200339586,0.0
1790235057,8,,Aggregated,0.900000,0.000000,3600,3900,40000,40000,41000,42000,42000,42000,42000,42000,42000,93,0,3000,14862.563366054836,270.7078668424552,45688.64782410674,42.666666666666664
1790235058,8,POST,completion,0.300000,0.000000,41000,41000,42000,42000,42000,42000,42000,42000,42000,42000,42000,31,0,41000,41267.85532734357,37404.37670215033,45688.64782410674,128.0
1790235058,8,TPOT,completion,0.300000,0.000000,300,300,300,300,300,300,300,300,300,300,300,31,0,300,301.174291257742,270.7078668424552,330.7427422759512,0.0
1790235058,8,TTFT,completion,0.300000,0.000000,3600,3600,3900,3900,3900,3900,3900,3900,3900,3900,3900,31,0,3000,3018.6604795631984,2507.2564338333905,3853.9642200339586,0.0
1790235058,8,,Aggregated,0.900000,0.000000,3600,3900,40000,40000,41000,42000,42000,42000,42000,42000,42000,93,0,3000,14862.563366054836,270.7078668424552,45688.64782410674,42.666666666666664
1790235059,8,POST,completion,0.300000,0.000000,40000,40000,41000,41000,41000,41000,41000,41000,41000,41000,41000,31,0,41000,41267.85532734357,37404.37670215033,45688.64782410674,128.0
1790235059,8,TPOT,completion,0.300000,0.000000,290,290,300,300,300,300,300,300,300,300,300,31,0,300,301.174291257742,270.7078668424552,330.7427422759512,0.0
1790235059,8,TTFT,completion,0.300000,0.000000,3600,3600,3600,3600,3600,3600,3600,3600,3600,3600,3600,31,0,3000,3018.6604795631984,2507.2564338333905,3853.9642200339586,0.0
1790235059,8,,Aggregated,0.900000,0.000000,3600,3600,40000,40000,41000,41000,41000,41000,41000,41000,41000,93,0,3000,14862.563366054836,270.7078668424552,45688.64782410674,42.666666666666664
1790235060,8,POST,completion,0.300000,0.000000,40000,40000,41000,41000,41000,41000,41000,41000,41000,41000,41000,31,0,41000,41267.85532734357,37404.37670215033,45688.64782410674,128.0
1790235060,8,TPOT,completion,0.300000,0.000000,290,290,300,300,300,300,300,300,300,300,300,31,0,300,301.174291257742,270.7078668424552,330.7427422759512,0.0
1790235060,8,TTFT,completion,0.300000,0.000000,3600,3600,3600,3600,3600,3600,3600,3600,3600,3600,3600,31,0,3000,3018.6604795631984,2507.2564338333905,3853.9642200339586,0.0
1790235060,8,,Aggregated,0.900000,0.000000,3600,3600,40000,40000,41000,41000,41000,41000,41000,41000,41000,93,0,3000,14862.563366054836,270.7078668424552,45688.64782410674,42.666666666666664
1790235061,8,POST,completion,0.300000,0.000000,41000,41000,41000,41000,41000,41000,41000,41000,41000,41000,41000,31,0,41000,41267.85532734357,37404.37670215033,45688.64782410674,128.0
1790235061,8,TPOT,completion,0.300000,0.000000,300,300,300,300,300,300,300,300,300,300,300,31,0,300,301.174291257742,270.7078668424552,330.7427422759512,0.0
1790235061,8,TTFT,completion,0.300000,0.000000,3600,3600,3600,3600,3600,3600,3600,3600,3600,3600,3600,31,0,3000,3018.6604795631984,2507.2564338333905,3853.9642200339586,0.0
1790235061,8,,Aggregated,0.900000,0.000000,3600,3600,40000,40000,41000,41000,41000,41000,41000,41000,41000,93,0,3000,14862.563366054836,270.7078668424552,45688.64782410674,42.666666666666664
1790235062,8,POST,completion,0.300000,0.000000,41000,41000,41000,41000,41000,41000,41000,41000,41000,41000,41000,31,0,41000,41267.85532734357,37404.37670215033,45688.64782410674,128.0
1790235062,8,TPOT,completion,0.300000,0.000000,300,300,300,300,300,300,300,300,300,300,300,31,0,300,301.174291257742,270.7078668424552,330.7427422759512,0.0
1790235062,8,TTFT,completion,0.300000,0.000000,3600,3600,3600,3600,3600,3600,3600,3600,3600,3600,3600,31,0,3000,3018.6604795631984,2507.2564338333905,3853.9642200339586,0.0
1790235062,8,,Aggregated,0.900000,0.000000,3600,3600,40000,40000,41000,41000,41000,41000,41000,41000,41000,93,0,3000,14862.563366054836,270.7078668424552,45688.64782410674,42.666666666666664
1790235063,8,POST,completion,0.300000,0.000000,41000,41000,41000,41000,41000,41000,41000,41000,41000,41000,41000,31,0,41000,41267.85532734357,37404.37670215033,45688.64782410674,128.0
1790235063,8,TPOT,completion,0.300000,0.000000,300,300,300,300,300,300,300,300,300,300,300,31,0,300,301.174291257742,270.7078668424552,330.7427422759512,0.0
1790235063,8,TTFT,completion,0.300000,0.000000,3600,3600,3600,3600,3600,3600,3600,3600,3600,3600,3600,31,0,3000,3018.6604795631984,2507.2564338333905,3853.9642200339586,0.0
1790235063,8,,Aggregated,0.900000,0.000000,3600,3600,40000,40000,41000,41000,41000,41000,41000,41000,41000,93,0,3000,14862.563366054836,270.7078668424552,45688.64782410674,42.666666666666664
1790235064,8,POST,completion,0.300000,0.000000,40000,40000,40000,40000,40000,40000,40000,40000,40000,40000,40000,31,0,41000,41267.85532734357,37404.37670215033,45688.64782410674,128.0
1790235064,8,TPOT,completion,0.300000,0.000000,290,290,290,290,290,290,290,290,290,290,290,31,0,300,301.174291257742,270.7078668424552,330.7427422759512,0.0
1790235064,8,TTFT,completion,0.300000,0.000000,3400,3400,3400,3400,3400,3400,3400,3400,3400,3400,3400,31,0,3000,3018.6604795631984,2507.2564338333905,3853.9642200339586,0.0
1790235064,8,,Aggregated,0.900000,0.000000,3400,3400,40000,40000,40000,40000,40000,40000,40000,40000,40000,93,0,3000,14862.563366054836,270.7078668424552,45688.64782410674,42.666666666666664
1790235065,8,POST,completion,0.300000,0.000000,40000,40000,40000,40000,40000,40000,40000,40000,40000,40000,40000,31,0,41000,41267.85532734357,37404.37670215033,45688.64782410674,128.0
1790235065,8,TPOT,completion,0.300000,0.000000,290,290,290,290,290,290,290,290,290,290,290,31,0,300,301.174291257742,270.7078668424552,330.7427422759512,0.0
1790235065,8,TTFT,completion,0.300000,0.000000,3400,3400,3400,3400,3400,3400,3400,3400,3400,3400,3400,31,0,3000,3018.6604795631984,2507.2564338333905,3853.9642200339586,0.0
1790235065,8,,Aggregated,0.900000,0.000000,3400,3400,40000,40000,40000,40000,40000,40000,40000,40000,40000,93,0,3000,14862.563366054836,270.7078668424552,45688.64782410674,42.666666666666664
1790235066,8,POST,completion,0.200000,0.000000,41000,41000,41000,41000,41000,41000,41000,41000,41000,41000,41000,32,0,41000,41256.807938923885,37404.37670215033,45688.64782410674,128.0
1790235066,8,TPOT,completion,0.200000,0.000000,300,300,300,300,300,300,300,300,300,300,300,32,0,300,301.1246765210929,270.7078668424552,330.7427422759512,0.0
1790235066,8,TTFT,completion,0.200000,0.000000,3400,3400,3400,3400,3400,3400,3400,3400,3400,3400,3400,32,0,3000,3013.914512732299,2507.2564338333905,3853.9642200339586,0.0
1790235066,8,,Aggregated,0.600000,0.000000,3400,3400,40000,40000,41000,41000,41000,41000,41000,41000,41000,96,0,3000,14857.28237605909,270.7078668424552,45688.64782410674,42.666666666666664
1790235067,8,POST,completion,0.200000,0.000000,41000,41000,41000,41000,41000,41000,41000,41000,41000,41000,41000,32,0,41000,41256.807938923885,37404.37670215033,45688.64782410674,128.0
1790235067,8,TPOT,completion,0.200000,0.000000,300,300,300,300,300,300,300,300,300,300,300,32,0,300,301.1246765210929,270.7078668424552,330.7427422759512,0.0
1790235067,8,TTFT,completion,0.200000,0.000000,3400,3400,3400,3400,3400,3400,3400,3400,3400,3400,3400,32,0,3000,3013.914512732299,2507.2564338333905,3853.9642200339586,0.0
1790235067,8,,Aggregated,0.600000,0.000000,3400,3400,40000,40000,41000,41000,41000,41000,41000,41000,41000,96,0,3000,14857.28237605909,270.7078668424552,45688.64782410674,42.666666666666664
1790235068,8,POST,completion,0.200000,0.000000,41000,41000,41000,41000,41000,41000,41000,41000,41000,41000,41000,32,0,41000,41256.807938923885,37404.37670215033,45688.64782410674,128.0
1790235068,8,TPOT,completion,0.200000,0.000000,300,300,300,300,300,300,300,300,300,300,300,32,0,300,301.1246765210929,270.7078668424552,330.7427422759512,0.0
1790235068,8,TTFT,completion,0.200000,0.000000,3400,3400,3400,3400,3400,3400,3400,3400,3400,3400,3400,32,0,3000,3013.914512732299,2507.2564338333905,3853.9642200339586,0.0
1790235068,8,,Aggregated,0.600000,0.000000,3400,3400,40000,40000,41000,41000,41000,41000,41000,41000,41000,96,0,3000,14857.28237605909,270.7078668424552,45688.64782410674,42.666666666666664
1790235069,8,POST,completion,0.200000,0.000000,41000,41000,41000,41000,41000,41000,41000,41000,41000,41000,41000,32,0,41000,41256.807938923885,37404.37670215033,45688.64782410674,128.0
1790235069,8,TPOT,completion,0.200000,0.000000,300,300,300,300,300,300,300,300,300,300,300,32,0,300,301.1246765210929,270.7078668424552,330.7427422759512,0.0
1790235069,8,TTFT,completion,0.200000,0.000000,3400,3400,3400,3400,3400,3400,3400,3400,3400,3400,3400,32,0,3000,3013.914512732299,2507.2564338333905,3853.9642200339586,0.0
1790235069,8,,Aggregated,0.600000,0.000000,3400,3400,40000,40000,41000,41000,41000,41000,41000,41000,41000,96,0,3000,14857.28237605909,270.7078668424552,45688.64782410674,42.666666666666664
1790235070,8,POST,completion,0.200000,0.000000,41000,41000,41000,41000,41000,41000,41000,41000,41000,41000,41000,32,0,41000,41256.807938923885,37404.37670215033,45688.64782410674,128.0
1790235070,8,TPOT,completion,0.200000,0.000000,300,300,300,300,300,300,300,300,300,300,300,32,0,300,301.1246765210929,270.7078668424552,330.7427422759512,0.0
1790235070,8,TTFT,completion,0.200000,0.000000,2900,2900,2900,2900,2900,2900,2900,2900,2900,2900,2900,32,0,3000,3013.914512732299,2507.2564338333905,3853.9642200339586,0.0
1790235070,8,,Aggregated,0.600000,0.000000,2900,2900,41000,41000,41000,41000,41000,41000,41000,41000,41000,96,0,3000,14857.28237605909,270.7078668424552,45688.64782410674,42.666666666666664
1790235071,8,POST,completion,0.200000,0.000000,41000,41000,41000,41000,41000,41000,41000,41000,41000,41000,41000,32,0,41000,41256.807938923885,37404.37670215033,45688.64782410674,128.0
1790235071,8,TPOT,completion,0.200000,0.000000,300,300,300,300,300,300,300,300,300,300,300,32,0,300,301.1246765210929,270.7078668424552,330.7427422759512,0.0
1790235071,8,TTFT,completion,0.200000,0.000000,2900,2900,2900,2900,2900,2900,2900,2900,2900,2900,2900,32,0,3000,3013.914512732299,2507.2564338333905,3853.9642200339586,0.0
1790235071,8,,Aggregated,0.600000,0.000000,2900,2900,41000,41000,41000,41000,41000,41000,41000,41000,41000,96,0,3000,14857.28237605909,270.7078668424552,45688.64782410674,42.666666666666664
1790235072,8,POST,completion,0.200000,0.000000,41000,41000,41000,41000,41000,41000,41000,41000,41000,41000,41000,32,0,41000,41256.807938923885,37404.37670215033,45688.64782410674,128.0
1790235072,8,TPOT,completion,0.200000,0.000000,300,300,300,300,300,300,300,300,300,300,300,32,0,300,301.1246765210929,270.7078668424552,330.7427422759512,0.0
1790235072,8,TTFT,completion,0.200000,0.000000,2900,2900,2900,2900,2900,2900,2900,2900,2900,2900,2900,32,0,3000,3013.914512732299,2507.2564338333905,3853.9642200339586,0.0
1790235072,8,,Aggregated,0.600000,0.000000,2900,2900,41000,41000,41000,41000,41000,41000,41000,41000,41000,96,0,3000,14857.28237605909,270.7078668424552,45688.64782410674,42.666666666666664
1790235073,8,POST,completion,0.100000,0.000000,41000,41000,41000,41000,41000,41000,41000,41000,41000,41000,41000,33,0,41000,41195.90021010883,37404.37670215033,45688.64782410674,128.0
1790235073,8,TPOT,completion,0.100000,0.000000,300,300,300,300,300,300,300,300,300,300,300,33,0,300,300.6985675947653,270.7078668424552,330.7427422759512,0.0
1790235073,8,TTFT,completion,0.100000,0.000000,2900,2900,2900,2900,2900,2900,2900,2900,2900,2900,2900,33,0,3000,3007.122865645215,2507.2564338333905,3853.9642200339586,0.0
1790235073,8,,Aggregated,0.300000,0.000000,2900,2900,39000,39000,41000,41000,41000,41000,41000,41000,41000,99,0,3000,14834.57388111627,270.7078668424552,45688.64782410674,42.666666666666664
1790235074,8,POST,completion,0.100000,0.000000,41000,41000,41000,41000,41000,41000,41000,41000,41000,41000,41000,33,0,41000,41195.90021010883,37404.37670215033,45688.64782410674,128.0
1790235074,8,TPOT,completion,0.100000,0.000000,300,300,300,300,300,300,300,300,300,300,300,33,0,300,300.6985675947653,270.7078668424552,330.7427422759512,0.0
1790235074,8,TTFT,completion,0.100000,0.000000,2900,2900,2900,2900,2900,2900,2900,2900,2900,2900,2900,33,0,3000,3007.122865645215,2507.2564338333905,3853.9642200339586,0.0
1790235074,8,,Aggregated,0.300000,0.000000,2900,2900,39000,39000,41000,41000,41000,41000,41000,41000,41000,99,0,3000,14834.57388111627,270.7078668424552,45688.64782410674,42.666666666666664
1790235075,8,POST,completion,0.100000,0.000000,41000,41000,41000,41000,41000,41000,41000,41000,41000,41000,41000,33,0,41000,41195.90021010883,37404.37670215033,45688.64782410674,128.0
1790235075,8,TPOT,completion,0.100000,0.000000,300,300,300,300,300,300,300,300,300,300,300,33,0,300,300.6985675947653,270.7078668424552,330.7427422759512,0.0
1790235075,8,TTFT,completion,0.100000,0.000000,2900,2900,2900,2900,2900,2900,2900,2900,2900,2900,2900,33,0,3000,3007.122865645215,2507.2564338333905,3853.9642200339586,0.0
1790235075,8,,Aggregated,0.300000,0.000000,2900,2900,39000,39000,41000,41000,41000,41000,41000,41000,41000,99,0,3000,14834.57388111627,270.7078668424552,45688.64782410674,42.666666666666664
1790235076,8,POST,completion,0.100000,0.000000,41000,41000,41000,41000,41000,41000,41000,41000,41000,41000,41000,33,0,41000,41195.90021010883,37404.37670215033,45688.64782410674,128.0
1790235076,8,TPOT,completion,0.100000,0.000000,300,300,300,300,300,300,300,300,300,300,300,33,0,300,300.6985675947653,270.7078668424552,330.7427422759512,0.0
1790235076,8,TTFT,completion,0.100000,0.000000,2900,2900,2900,2900,2900,2900,2900,2900,2900,2900,2900,33,0,3000,3007.122865645215,2507.2564338333905,3853.9642200339586,0.0
1790235076,8,,Aggregated,0.300000,0.000000,2900,2900,39000,39000,41000,41000,41000,41000,41000,41000,41000,99,0,3000,14834.57388111627,270.7078668424552,45688.64782410674,42.666666666666664
1790235077,8,POST,completion,0.100000,0.000000,41000,41000,41000,41000,41000,41000,41000,41000,41000,41000,41000,33,0,41000,41195.90021010883,37404.37670215033,45688.64782410674,128.0
1790235077,8,TPOT,completion,0.100000,0.000000,300,300,300,300,300,300,300,300,300,300,300,33,0,300,300.6985675947653,270.7078668424552,330.7427422759512,0.0
1790235077,8,TTFT,completion,0.100000,0.000000,2900,2900,2900,2900,2900,2900,2900,2900,2900,2900,2900,33,0,3000,3007.122865645215,2507.2564338333905,3853.9642200339586,0.0
1790235077,8,,Aggregated,0.300000,0.000000,2900,2900,39000,39000,41000,41000,41000,41000,41000,41000,41000,99,0,3000,14834.57388111627,270.7078668424552,45688.64782410674,42.666666666666664
1790235078,8,POST,completion,0.100000,0.000000,41000,41000,41000,41000,41000,41000,41000,41000,41000,41000,41000,33,0,41000,41195.90021010883,37404.37670215033,45688.64782410674,128.0
1790235078,8,TPOT,completion,0.100000,0.000000,300,300,300,300,300,300,300,300,300,300,300,33,0,300,300.6985675947653,270.7078668424552,330.7427422759512,0.0
1790235078,8,TTFT,completion,0.100000,0.000000,2900,2900,2900,2900,2900,2900,2900,2900,2900,2900,2900,33,0,3000,3007.122865645215,2507.2564338333905,3853.9642200339586,0.0
1790235078,8,,Aggregated,0.300000,0.000000,2900,2900,39000,39000,41000,41000,41000,41000,41000,41000,41000,99,0,3000,14834.57388111627,270.7078668424552,45688.64782410674,42.666666666666664
1790235079,8,POST,completion,0.100000,0.000000,39000,39000,39000,39000,39000,39000,39000,39000,39000,39000,39000,33,0,41000,41195.90021010883,37404.37670215033,45688.64782410674,128.0
1790235079,8,TPOT,completion,0.100000,0.000000,290,290,290,290,290,290,290,290,290,290,290,33,0,300,300.6985675947653,270.7078668424552,330.7427422759512,0.0
1790235079,8,TTFT,completion,0.100000,0.000000,2800,2800,2800,2800,2800,2800,2800,2800,2800,2800,2800,33,0,3000,3007.122865645215,2507.2564338333905,3853.9642200339586,0.0
1790235079,8,,Aggregated,0.300000,0.000000,2800,2800,39000,39000,39000,39000,39000,39000,39000,39000,39000,99,0,3000,14834.57388111627,270.7078668424552,45688.64782410674,42.666666666666664
1790235080,8,POST,completion,0.100000,0.000000,41000,41000,41000,41000,41000,41000,41000,41000,41000,41000,41000,34,0,41000,41182.72931687534,37404.37670215033,45688.64782410674,128.0
1790235080,8,TPOT,completion,0.100000,0.000000,300,300,300,300,300,300,300,300,300,300,300,34,0,300,300.65982823590986,270.7078668424552,330.7427422759512,0.0
1790235080,8,TTFT,completion,0.100000,0.000000,2800,2800,2800,2800,2800,2800,2800,2800,2800,2800,2800,34,0,3000,2998.872037333272,2507.2564338333905,3853.9642200339586,0.0
1790235080,8,,Aggregated,0.300000,0.000000,2800,2800,39000,39000,41000,41000,41000,41000,41000,41000,41000,102,0,3000,14827.420394148174,270.7078668424552,45688.64782410674,42.666666666666664
1790235081,8,POST,completion,0.100000,0.000000,41000,41000,41000,41000,41000,41000,41000,41000,41000,41000,41000,34,0,41000,41182.72931687534,37404.37670215033,45688.64782410674,128.0
1790235081,8,TPOT,completion,0.100000,0.000000,300,300,300,300,300,300,300,300,300,300,300,34,0,300,300.65982823590986,270.7078668424552,330.7427422759512,0.0
1790235081,8,TTFT,completion,0.100000,0.000000,2800,2800,2800,2800,2800,2800,2800,2800,2800,2800,2800,34,0,3000,2998.872037333272,2507.2564338333905,3853.9642200339586,0.0
1790235081,8,,Aggregated,0.300000,0.000000,2800,2800,39000,39000,41000,41000,41000,41000,41000,41000,41000,102,0,3000,14827.420394148174,270.7078668424552,45688.64782410674,42.666666666666664
1790235082,8,POST,completion,0.100000,0.000000,41000,41000,41000,41000,41000,41000,41000,41000,41000,41000,41000,34,0,41000,41182.72931687534,37404.37670215033,45688.64782410674,128.0
1790235082,8,TPOT,completion,0.100000,0.000000,300,300,300,300,300,300,300,300,300,300,300,34,0,300,300.65982823590986,270.7078668424552,330.7427422759512,0.0
1790235082,8,TTFT,completion,0.100000,0.000000,2800,2800,2800,2800,2800,2800,2800,2800,2800,2800,2800,34,0,3000,2998.872037333272,2507.2564338333905,3853.9642200339586,0.0
1790235082,8,,Aggregated,0.300000,0.000000,2800,2800,39000,39000,41000,41000,41000,41000,41000,41000,41000,102,0,3000,14827.420394148174,270.7078668424552,45688.64782410674,42.666666666666664
1790235083,8,POST,completion,0.100000,0.000000,39000,39000,41000,41000,41000,41000,41000,41000,41000,41000,41000,35,0,41000,41128.4921771115,37404.37670215033,45688.64782410674,128.0
1790235083,8,TPOT,completion,0.100000,0.000000,290,290,300,300,300,300,300,300,300,300,300,35,0,300,300.29259965544475,270.7078668424552,330.7427422759512,0.0
1790235083,8,TTFT,completion,0.100000,0.000000,2700,2700,2800,2800,2800,2800,2800,2800,2800,2800,2800,35,0,3000,2991.272576585678,2507.2564338333905,3853.9642200339586,0.0
1790235083,8,,Aggregated,0.300000,0.000000,2700,2800,39000,39000,41000,41000,41000,41000,41000,41000,41000,105,0,3000,14806.685784450872,270.7078668424552,45688.64782410674,42.666666666666664
1790235084,8,POST,completion,0.100000,0.000000,39000,39000,41000,41000,41000,41000,41000,41000,41000,41000,41000,35,0,41000,41128.4921771115,37404.37670215033,45688.64782410674,128.0
1790235084,8,TPOT,completion,0.100000,0.000000,290,290,300,300,300,300,300,300,300,300,300,35,0,300,300.29259965544475,270.7078668424552,330.7427422759512,0.0
1790235084,8,TTFT,completion,0.100000,0.000000,2700,2700,2800,2800,2800,2800,2800,2800,2800,2800,2800,35,0,3000,2991.272576585678,2507.2564338333905,3853.9642200339586,0.0
1790235084,8,,Aggregated,0.300000,0.000000,2700,2800,39000,39000,41000,41000,41000,41000,41000,41000,41000,105,0,3000,14806.685784450872,270.7078668424552,45688.64782410674,42.666666666666664
1790235085,8,POST,completion,0.100000,0.000000,39000,39000,41000,41000,41000,41000,41000,41000,41000,41000,41000,35,0,41000,41128.4921771115,37404.37670215033,45688.64782410674,128.0
1790235085,8,TPOT,completion,0.100000,0.000000,290,290,300,300,300,300,300,300,300,300,300,35,0,300,300.29259965544475,270.7078668424552,330.7427422759512,0.0
1790235085,8,TTFT,completion,0.100000,0.000000,2700,2700,2800,2800,2800,2800,2800,2800,2800,2800,2800,35,0,3000,2991.272576585678,2507.2564338333905,3853.9642200339586,0.0
1790235085,8,,Aggregated,0.300000,0.000000,2700,2800,39000,39000,41000,41000,41000,41000,41000,41000,41000,105,0,3000,14806.685784450872,270.7078668424552,45688.64782410674,42.666666666666664
1790235086,8,POST,completion,0.100000,0.000000,41000,41000,41000,41000,41000,41000,41000,41000,41000,41000,41000,35,0,41000,41128.4921771115,37404.37670215033,45688.64782410674,128.0
1790235086,8,TPOT,completion,0.100000,0.000000,300,300,300,300,300,300,300,300,300,300,300,35,0,300,300.29259965544475,270.7078668424552,330.7427422759512,0.0
1790235086,8,TTFT,completion,0.100000,0.000000,2700,2700,2700,2700,2700,2700,2700,2700,2700,2700,2700,35,0,3000,2991.272576585678,2507.2564338333905,3853.9642200339586,0.0
1790235086,8,,Aggregated,0.300000,0.000000,2700,2700,39000,39000,41000,41000,41000,41000,41000,41000,41000,105,0,3000,14806.685784450872,270.7078668424552,45688.64782410674,42.666666666666664
1790235087,8,POST,completion,0.100000,0.000000,41000,41000,41000,41000,41000,41000,41000,41000,41000,41000,41000,35,0,41000,41128.4921771115,37404.37670215033,45688.64782410674,128.0
1790235087,8,TPOT,completion,0.100000,0.000000,300,300,300,300,300,300,300,300,300,300,300,35,0,300,300.29259965544475,270.7078668424552,330.7427422759512,0.0
1790235087,8,TTFT,completion,0.100000,0.000000,2700,2700,2700,2700,2700,2700,2700,2700,2700,2700,2700,35,0,3000,2991.272576585678,2507.2564338333905,3853.9642200339586,0.0
1790235087,8,,Aggregated,0.300000,0.000000,2700,2700,39000,39000,41000,41000,41000,41000,41000,41000,41000,105,0,3000,14806.685784450872,270.7078668424552,45688.64782410674,42.666666666666664
1790235088,8,POST,completion,0.100000,0.000000,41000,41000,41000,41000,41000,41000,41000,41000,41000,41000,41000,35,0,41000,41128.4921771115,37404.37670215033,45688.64782410674,128.0
1790235088,8,TPOT,completion,0.100000,0.000000,300,300,300,300,300,300,300,300,300,300,300,35,0,300,300.29259965544475,270.7078668424552,330.7427422759512,0.0
1790235088,8,TTFT,completion,0.100000,0.000000,2700,2700,2700,2700,2700,2700,2700,2700,2700,2700,2700,35,0,3000,2991.272576585678,2507.2564338333905,3853.9642200339586,0.0
1790235088,8,,Aggregated,0.300000,0.000000,2700,2700,39000,39000,41000,41000,41000,41000,41000,41000,41000,105,0,3000,14806.685784450872,270.7078668424552,45688.64782410674,42.666666666666664
1790235089,8,POST,completion,0.100000,0.000000,41000,41000,41000,41000,41000,41000,41000,41000,41000,41000,41000,35,0,41000,41128.4921771115,37404.37670215033,45688.64782410674,128.0
1790235089,8,TPOT,completion,0.100000,0.000000,300,300,300,300,300,300,300,300,300,300,300,35,0,300,300.29259965544475,270.7078668424552,330.7427422759512,0.0
1790235089,8,TTFT,completion,0.100000,0.000000,2700,2700,2700,2700,2700,2700,2700,2700,2700,2700,2700,35,0,3000,2991.272576585678,2507.2564338333905,3853.9642200339586,0.0
1790235089,8,,Aggregated,0.300000,0.000000,2700,2700,39000,39000,41000,41000,41000,41000,41000,41000,41000,105,0,3000,14806.685784450872,270.7078668424552,45688.64782410674,42.666666666666664
1790235090,8,POST,completion,0.200000,0.000000,39000,39000,41000,41000,41000,41000,41000,41000,41000,41000,41000,36,0,41000,41079.36373896923,37404.37670215033,45688.64782410674,128.0
1790235090,8,TPOT,completion,0.200000,0.000000,290,290,300,300,300,300,300,300,300,300,300,36,0,300,299.9231970140976,270.7078668424552,330.7427422759512,0.0
1790235090,8,TTFT,completion,0.200000,0.000000,2700,2700,2900,2900,2900,2900,2900,2900,2900,2900,2900,36,0,3000,2989.0585165186267,2507.2564338333905,3853.9642200339586,0.0
1790235090,8,,Aggregated,0.600000,0.000000,2700,2900,39000,39000,41000,41000,41000,41000,41000,41000,41000,108,0,3000,14789.448484167317,270.7078668424552,45688.64782410674,42.666666666666664
1790235091,8,POST,completion,0.200000,0.000000,39000,39000,39000,39000,39000,39000,39000,39000,39000,39000,39000,36,0,41000,41079.36373896923,37404.37670215033,45688.64782410674,128.0
1790235091,8,TPOT,completion,0.200000,0.000000,290,290,290,290,290,290,290,290,290,290,290,36,0,300,299.9231970140976,270.7078668424552,330.7427422759512,0.0
1790235091,8,TTFT,completion,0.200000,0.000000,2900,2900,2900,2900,2900,2900,2900,2900,2900,2900,2900,36,0,3000,2989.0585165186267,2507.2564338333905,3853.9642200339586,0.0
1790235091,8,,Aggregated,0.600000,0.000000,2900,2900,39000,39000,39000,39000,39000,39000,39000,39000,39000,108,0,3000,14789.448484167317,270.7078668424552,45688.64782410674,42.666666666666664
1790235092,8,POST,completion,0.200000,0.000000,39000,39000,39000,39000,39000,39000,39000,39000,39000,39000,39000,36,0,41000,41079.36373896923,37404.37670215033,45688.64782410674,128.0
1790235092,8,TPOT,completion,0.200000,0.000000,290,290,290,290,290,290,290,290,290,290,290,36,0,300,299.9231970140976,270.7078668424552,330.7427422759512,0.0
1790235092,8,TTFT,completion,0.200000,0.000000,2900,2900,2900,2900,2900,2900,2900,2900,2900,2900,2900,36,0,3000,2989.0585165186267,2507.2564338333905,3853.9642200339586,0.0
1790235092,8,,Aggregated,0.600000,0.000000,2900,2900,39000,39000,39000,39000,39000,39000,39000,39000,39000,108,0,3000,14789.448484167317,270.7078668424552,45688.64782410674,42.666666666666664
1790235093,8,POST,completion,0.200000,0.000000,39000,39000,43000,43000,43000,43000,43000,43000,43000,43000,43000,37,0,41000,41139.73569840419,37404.37670215033,45688.64782410674,128.0
1790235093,8,TPOT,completion,0.200000,0.000000,290,290,320,320,320,320,320,320,320,320,320,37,0,300,300.39269154614686,270.7078668424552,330.7427422759512,0.0
1790235093,8,TTFT,completion,0.200000,0.000000,2900,2900,3000,3000,3000,3000,3000,3000,3000,3000,3000,37,0,3000,2989.8049853981247,2507.2564338333905,3853.9642200339586,0.0
1790235093,8,,Aggregated,0.600000,0.000000,2900,3000,39000,39000,43000,43000,43000,43000,43000,43000,43000,111,0,3000,14809.977791782821,270.7078668424552,45688.64782410674,42.666666666666664
1790235094,8,POST,completion,0.200000,0.000000,39000,39000,43000,43000,43000,43000,43000,43000,43000,43000,43000,37,0,41000,41139.73569840419,37404.37670215033,45688.64782410674,128.0
1790235094,8,TPOT,completion,0.200000,0.000000,290,290,320,320,320,320,320,320,320,320,320,37,0,300,300.39269154614686,270.7078668424552,330.7427422759512,0.0
1790235094,8,TTFT,completion,0.200000,0.000000,2900,2900,3000,3000,3000,3000,3000,3000,3000,3000,3000,37,0,3000,2989.8049853981247,2507.2564338333905,3853.9642200339586,0.0
1790235094,8,,Aggregated,0.600000,0.000000,2900,3000,39000,39000,43000,43000,43000,43000,43000,43000,43000,111,0,3000,14809.977791782821,270.7078668424552,45688.64782410674,42.666666666666664
1790235095,8,POST,completion,0.200000,0.000000,41000,41000,43000,43000,43000,43000,43000,43000,43000,43000,43000,38,0,41000,41124.02733028744,37404.37670215033,45688.64782410674,128.0
1790235095,8,TPOT,completion,0.200000,0.000000,300,300,320,320,320,320,320,320,320,320,320,38,0,300,300.2918534418622,270.7078668424552,330.7427422759512,0.0
1790235095,8,TTFT,completion,0.200000,0.000000,2900,2900,3000,3000,3000,3000,3000,3000,3000,3000,3000,38,0,3000,2986.9032511487603,2507.2564338333905,3853.9642200339586,0.0
1790235095,8,,Aggregated,0.600000,0.000000,2900,3000,39000,41000,43000,43000,43000,43000,43000,43000,43000,114,0,3000,14803.740811626021,270.7078668424552,45688.64782410674,42.666666666666664
1790235096,8,POST,completion,0.200000,0.000000,41000,41000,43000,43000,43000,43000,43000,43000,43000,43000,43000,39,0,41000,41076.65748017816,37404.37670215033,45688.64782410674,128.0
1790235096,8,TPOT,completion,0.200000,0.000000,300,300,320,320,320,320,320,320,320,320,320,39,0,300,299.95485345820595,270.7078668424552,330.7427422759512,0.0
1790235096,8,TTFT,completion,0.200000,0.000000,2900,2900,3000,3000,3000,3000,3000,3000,3000,3000,3000,39,0,2900,2982.3321270911642,2507.2564338333905,3853.9642200339586,0.0
1790235096,8,,Aggregated,0.600000,0.000000,2900,3000,39000,39000,41000,43000,43000,43000,43000,43000,43000,117,0,2900,14786.31482024251,270.7078668424552,45688.64782410674,42.666666666666664
1790235097,8,POST,completion,0.200000,0.000000,41000,41000,43000,43000,43000,43000,43000,43000,43000,43000,43000,39,0,41000,41076.65748017816,37404.37670215033,45688.64782410674,128.0
1790235097,8,TPOT,completion,0.200000,0.000000,300,300,320,320,320,320,320,320,320,320,320,39,0,300,299.95485345820595,270.7078668424552,330.7427422759512,0.0
1790235097,8,TTFT,completion,0.200000,0.000000,2900,2900,3000,3000,3000,3000,3000,3000,3000,3000,3000,39,0,2900,2982.3321270911642,2507.2564338333905,3853.9642200339586,0.0
1790235097,8,,Aggregated,0.600000,0.000000,2900,3000,39000,39000,41000,43000,43000,43000,43000,43000,43000,117,0,2900,14786.31482024251,270.7078668424552,45688.64782410674,42.666666666666664
1790235098,8,POST,completion,0.200000,0.000000,41000,41000,43000,43000,43000,43000,43000,43000,43000,43000,43000,39,0,41000,41076.65748017816,37404.37670215033,45688.64782410674,128.0
1790235098,8,TPOT,completion,0.200000,0.000000,300,300,320,320,320,320,320,320,320,320,320,39,0,300,299.95485345820595,270.7078668424552,330.7427422759512,0.0
1790235098,8,TTFT,completion,0.200000,0.000000,2900,2900,3000,3000,3000,3000,3000,3000,3000,3000,3000,39,0,2900,2982.3321270911642,2507.2564338333905,3853.9642200339586,0.0
1790235098,8,,Aggregated,0.600000,0.000000,2900,3000,39000,39000,41000,43000,43000,43000,43000,43000,43000,117,0,2900,14786.31482024251,270.7078668424552,45688.64782410674,42.666666666666664
1790235099,8,POST,completion,0.200000,0.000000,41000,41000,43000,43000,43000,43000,43000,43000,43000,43000,43000,39,0,41000,41076.65748017816,37404.37670215033,45688.64782410674,128.0
1790235099,8,TPOT,completion,0.200000,0.000000,300,300,320,320,320,320,320,320,320,320,320,39,0,300,299.95485345820595,270.7078668424552,330.7427422759512,0.0
1790235099,8,TTFT,completion,0.200000,0.000000,2900,2900,3000,3000,3000,3000,3000,3000,3000,3000,3000,39,0,2900,2982.3321270911642,2507.2564338333905,3853.9642200339586,0.0
1790235099,8,,Aggregated,0.600000,0.000000,2900,3000,39000,39000,41000,43000,43000,43000,43000,43000,43000,117,0,2900,14786.31482024251,270.7078668424552,45688.64782410674,42.666666666666664
1790235100,8,POST,completion,0.200000,0.000000,41000,41000,43000,43000,43000,43000,43000,43000,43000,43000,43000,39,0,41000,41076.65748017816,37404.37670215033,45688.64782410674,128.0
1790235100,8,TPOT,completion,0.200000,0.000000,300,300,320,320,320,320,320,320,320,320,320,39,0,300,299.95485345820595,270.7078668424552,330.7427422759512,0.0
1790235100,8,TTFT,completion,0.200000,0.000000,2900,2900,3000,3000,3000,3000,3000,3000,3000,3000,3000,39,0,2900,2982.3321270911642,2507.2564338333905,3853.9642200339586,0.0
1790235100,8,,Aggregated,0.600000,0.000000,2900,3000,39000,39000,41000,43000,43000,43000,43000,43000,43000,117,0,2900,14786.31482024251,270.7078668424552,45688.64782410674,42.666666666666664
1790235101,8,POST,completion,0.200000,0.000000,41000,41000,43000,43000,43000,43000,43000,43000,43000,43000,43000,39,0,41000,41076.65748017816,37404.37670215033,45688.64782410674,128.0
1790235101,8,TPOT,completion,0.200000,0.000000,300,300,320,320,320,320,320,320,320,320,320,39,0,300,299.95485345820595,270.7078668424552,330.7427422759512,0.0
1790235101,8,TTFT,completion,0.200000,0.000000,2900,2900,3000,3000,3000,3000,3000,3000,3000,3000,3000,39,0,2900,2982.3321270911642,2507.2564338333905,3853.9642200339586,0.0
1790235101,8,,Aggregated,0.600000,0.000000,2900,3000,39000,41000,43000,43000,43000,43000,43000,43000,43000,117,0,2900,14786.31482024251,270.7078668424552,45688.64782410674,42.666666666666664
1790235102,8,POST,completion,0.200000,0.000000,41000,41000,43000,43000,43000,43000,43000,43000,43000,43000,43000,39,0,41000,41076.65748017816,37404.37670215033,45688.64782410674,128.0
1790235102,8,TPOT,completion,0.200000,0.000000,300,300,320,320,320,320,320,320,320,320,320,39,0,300,299.95485345820595,270.7078668424552,330.7427422759512,0.0
1790235102,8,TTFT,completion,0.200000,0.000000,2900,2900,3000,3000,3000,3000,3000,3000,3000,3000,3000,39,0,2900,2982.3321270911642,2507.2564338333905,3853.9642200339586,0.0
1790235102,8,,Aggregated,0.600000,0.000000,2900,3000,39000,41000,43000,43000,43000,43000,43000,43000,43000,117,0,2900,14786.31482024251,270.7078668424552,45688.64782410674,42.666666666666664
1790235103,8,POST,completion,0.200000,0.000000,41000,41000,41000,41000,41000,41000,41000,41000,41000,41000,41000,39,0,41000,41076.65748017816,37404.37670215033,45688.64782410674,128.0
1790235103,8,TPOT,completion,0.200000,0.000000,300,300,300,300,300,300,300,300,300,300,300,39,0,300,299.95485345820595,270.7078668424552,330.7427422759512,0.0
1790235103,8,TTFT,completion,0.200000,0.000000,2900,2900,2900,2900,2900,2900,2900,2900,2900,2900,2900,39,0,2900,2982.3321270911642,2507.2564338333905,3853.9642200339586,0.0
1790235103,8,,Aggregated,0.600000,0.000000,2900,2900,39000,39000,41000,41000,41000,41000,41000,41000,41000,117,0,2900,14786.31482024251,270.7078668424552,45688.64782410674,42.666666666666664
1790235104,8,POST,completion,0.200000,0.000000,41000,41000,41000,41000,41000,41000,41000,41000,41000,41000,41000,39,0,41000,41076.65748017816,37404.37670215033,45688.64782410674,128.0
1790235104,8,TPOT,completion,0.200000,0.000000,300,300,300,300,300,300,300,300,300,300,300,39,0,300,299.95485345820595,270.7078668424552,330.7427422759512,0.0
1790235104,8,TTFT,completion,0.200000,0.000000,2900,2900,2900,2900,2900,2900,2900,2900,2900,2900,2900,39,0,2900,2982.3321270911642,2507.2564338333905,3853.9642200339586,0.0
1790235104,8,,Aggregated,0.600000,0.000000,2900,2900,39000,39000,41000,41000,41000,41000,41000,41000,41000,117,0,2900,14786.31482024251,270.7078668424552,45688.64782410674,42.666666666666664
1790235105,8,POST,completion,0.200000,0.000000,39000,39000,39000,39000,39000,39000,39000,39000,39000,39000,39000,39,0,41000,41076.65748017816,37404.37670215033,45688.64782410674,128.0
1790235105,8,TPOT,completion,0.200000,0.000000,290,290,290,290,290,290,290,290,290,290,290,39,0,300,299.95485345820595,270.7078668424552,330.7427422759512,0.0
1790235105,8,TTFT,completion,0.200000,0.000000,2800,2800,2800,2800,2800,2800,2800,2800,2800,2800,2800,39,0,2900,2982.3321270911642,2507.2564338333905,3853.9642200339586,0.0
1790235105,8,,Aggregated,0.600000,0.000000,2800,2800,39000,39000,39000,39000,39000,39000,39000,39000,39000,117,0,2900,14786.31482024251,270.7078668424552,45688.64782410674,42.666666666666664
1790235106,8,POST,completion,0.200000,0.000000,39000,39000,39000,39000,39000,39000,39000,39000,39000,39000,39000,39,0,41000,41076.65748017816,37404.37670215033,45688.64782410674,128.0
1790235106,8,TPOT,completion,0.200000,0.000000,290,290,290,290,290,290,290,290,290,290,290,39,0,300,299.95485345820595,270.7078668424552,330.7427422759512,0.0
1790235106,8,TTFT,completion,0.200000,0.000000,2800,2800,2800,2800,2800,2800,2800,2800,2800,2800,2800,39,0,2900,2982.3321270911642,2507.2564338333905,3853.9642200339586,0.0
1790235106,8,,Aggregated,0.600000,0.000000,2800,2800,39000,39000,39000,39000,39000,39000,39000,39000,39000,117,0,2900,14786.31482024251,270.7078668424552,45688.64782410674,42.666666666666664
1790235107,8,POST,completion,0.200000,0.000000,41000,41000,41000,41000,41000,41000,41000,41000,41000,41000,41000,40,0,41000,41072.3034721741,37404.37670215033,45688.64782410674,128.0
1790235107,8,TPOT,completion,0.200000,0.000000,300,300,300,300,300,300,300,300,300,300,300,40,0,300,299.943033057562,270.7078668424552,330.7427422759512,0.0
1790235107,8,TTFT,completion,0.200000,0.000000,2900,2900,2900,2900,2900,2900,2900,2900,2900,2900,2900,40,0,2900,2979.4793906388804,2507.2564338333905,3853.9642200339586,0.0
1790235107,8,,Aggregated,0.600000,0.000000,2900,2900,39000,39000,41000,41000,41000,41000,41000,41000,41000,120,0,2900,14783.908631956847,270.7078668424552,45688.64782410674,42.666666666666664
1790235108,8,POST,completion,0.200000,0.000000,41000,41000,41000,41000,41000,41000,41000,41000,41000,41000,41000,40,0,41000,41072.3034721741,37404.37670215033,45688.64782410674,128.0
1790235108,8,TPOT,completion,0.200000,0.000000,300,300,300,300,300,300,300,300,300,300,300,40,0,300,299.943033057562,270.7078668424552,330.7427422759512,0.0
1790235108,8,TTFT,completion,0.200000,0.000000,2900,2900,2900,2900,2900,2900,2900,2900,2900,2900,2900,40,0,2900,2979.4793906388804,2507.2564338333905,3853.9642200339586,0.0
1790235108,8,,Aggregated,0.600000,0.000000,2900,2900,39000,39000,41000,41000,41000,41000,41000,41000,41000,120,0,2900,14783.908631956847,270.7078668424552,45688.64782410674,42.666666666666664
1790235109,8,POST,completion,0.200000,0.000000,41000,41000,41000,41000,41000,41000,41000,41000,41000,41000,41000,40,0,41000,41072.3034721741,37404.37670215033,45688.64782410674,128.0
1790235109,8,TPOT,completion,0.200000,0.000000,300,300,300,300,300,300,300,300,300,300,300,40,0,300,299.943033057562,270.7078668424552,330.7427422759512,0.0
1790235109,8,TTFT,completion,0.200000,0.000000,2900,2900,2900,2900,2900,2900,2900,2900,2900,2900,2900,40,0,2900,2979.4793906388804,2507.2564338333905,3853.9642200339586,0.0
1790235109,8,,Aggregated,0.600000,0.000000,2900,2900,39000,39000,41000,41000,41000,41000,41000,41000,41000,120,0,2900,14783.908631956847,270.7078668424552,45688.64782410674,42.666666666666664
1790235110,8,POST,completion,0.200000,0.000000,41000,41000,41000,41000,41000,41000,41000,41000,41000,41000,41000,40,0,41000,41072.3034721741,37404.37670215033,45688.64782410674,128.0
1790235110,8,TPOT,completion,0.200000,0.000000,300,300,300,300,300,300,300,300,300,300,300,40,0,300,299.943033057562,270.7078668424552,330.7427422759512,0.0
1790235110,8,TTFT,completion,0.200000,0.000000,2900,2900,2900,2900,2900,2900,2900,2900,2900,2900,2900,40,0,2900,2979.4793906388804,2507.2564338333905,3853.9642200339586,0.0
1790235110,8,,Aggregated,0.600000,0.000000,2900,2900,39000,39000,41000,41000,41000,41000,41000,41000,41000,120,0,2900,14783.908631956847,270.7078668424552,45688.64782410674,42.666666666666664
1790235111,8,POST,completion,0.200000,0.000000,41000,41000,41000,41000,41000,41000,41000,41000,41000,41000,41000,40,0,41000,41072.3034721741,37404.37670215033,45688.64782410674,128.0
1790235111,8,TPOT,completion,0.200000,0.000000,300,300,300,300,300,300,300,300,300,300,300,40,0,300,299.943033057562,270.7078668424552,330.7427422759512,0.0
1790235111,8,TTFT,completion,0.200000,0.000000,2900,2900,2900,2900,2900,2900,2900,2900,2900,2900,2900,40,0,2900,2979.4793906388804,2507.2564338333905,3853.9642200339586,0.0
1790235111,8,,Aggregated,0.600000,0.000000,2900,2900,41000,41000,41000,41000,41000,41000,41000,41000,41000,120,0,2900,14783.908631956847,270.7078668424552,45688.64782410674,42.666666666666664
1790235112,8,POST,completion,0.100000,0.000000,41000,41000,41000,41000,41000,41000,41000,41000,41000,41000,41000,41,0,41000,41026.77591965625,37404.37670215033,45688.64782410674,128.0
1790235112,8,TPOT,completion,0.100000,0.000000,300,300,300,300,300,300,300,300,300,300,300,41,0,300,299.6208384210598,270.7078668424552,330.7427422759512,0.0
1790235112,8,TTFT,completion,0.100000,0.000000,2900,2900,2900,2900,2900,2900,2900,2900,2900,2900,2900,41,0,2900,2974.87071674408,2507.2564338333905,3853.9642200339586,0.0
1790235112,8,,Aggregated,0.300000,0.000000,2900,2900,39000,39000,41000,41000,41000,41000,41000,41000,41000,123,0,2900,14767.089158273797,270.7078668424552,45688.64782410674,42.666666666666664
1790235113,8,POST,completion,0.100000,0.000000,41000,41000,41000,41000,41000,41000,41000,41000,41000,41000,41000,41,0,41000,41026.77591965625,37404.37670215033,45688.64782410674,128.0
1790235113,8,TPOT,completion,0.100000,0.000000,300,300,300,300,300,300,300,300,300,300,300,41,0,300,299.6208384210598,270.7078668424552,330.7427422759512,0.0
1790235113,8,TTFT,completion,0.100000,0.000000,2900,2900,2900,2900,2900,2900,2900,2900,2900,2900,2900,41,0,2900,2974.87071674408,2507.2564338333905,3853.9642200339586,0.0
1790235113,8,,Aggregated,0.300000,0.000000,2900,2900,39000,39000,41000,41000,41000,41000,41000,41000,41000,123,0,2900,14767.089158273797,270.7078668424552,45688.64782410674,42.666666666666664
1790235114,8,POST,completion,0.100000,0.000000,41000,41000,41000,41000,41000,41000,41000,41000,41000,41000,41000,41,0,41000,41026.77591965625,37404.37670215033,45688.64782410674,128.0
1790235114,8,TPOT,completion,0.100000,0.000000,300,300,300,300,300,300,300,300,300,300,300,41,0,300,299.6208384210598,270.7078668424552,330.7427422759512,0.0
1790235114,8,TTFT,completion,0.100000,0.000000,2900,2900,2900,2900,2900,2900,2900,2900,2900,2900,2900,41,0,2900,2974.87071674408,2507.2564338333905,3853.9642200339586,0.0
1790235114,8,,Aggregated,0.300000,0.000000,2900,2900,39000,39000,41000,41000,41000,41000,41000,41000,41000,123,0,2900,14767.089158273797,270.7078668424552,45688.64782410674,42.666666666666664
1790235115,8,POST,completion,0.100000,0.000000,41000,41000,41000,41000,41000,41000,41000,41000,41000,41000,41000,41,0,41000,41026.77591965625,37404.37670215033,45688.64782410674,128.0
1790235115,8,TPOT,completion,0.100000,0.000000,300,300,300,300,300,300,300,300,300,300,300,41,0,300,299.6208384210598,270.7078668424552,330.7427422759512,0.0
1790235115,8,TTFT,completion,0.100000,0.000000,2900,2900,2900,2900,2900,2900,2900,2900,2900,2900,2900,41,0,2900,2974.87071674408,2507.2564338333905,3853.9642200339586,0.0
1790235115,8,,Aggregated,0.300000,0.000000,2900,2900,39000,39000,41000,41000,41000,41000,41000,41000,41000,123,0,2900,14767.089158273797,270.7078668424552,45688.64782410674,42.666666666666664
1790235116,8,POST,completion,0.100000,0.000000,41000,41000,41000,41000,41000,41000,41000,41000,41000,41000,41000,41,0,41000,41026.77591965625,37404.37670215033,45688.64782410674,128.0
1790235116,8,TPOT,completion,0.100000,0.000000,300,300,300,300,300,300,300,300,300,300,300,41,0,300,299.6208384210598,270.7078668424552,330.7427422759512,0.0
1790235116,8,TTFT,completion,0.100000,0.000000,2900,2900,2900,2900,2900,2900,2900,2900,2900,2900,2900,41,0,2900,2974.87071674408,2507.2564338333905,3853.9642200339586,0.0
1790235116,8,,Aggregated,0.300000,0.000000,2900,2900,39000,39000,41000,41000,41000,41000,41000,41000,41000,123,0,2900,14767.089158273797,270.7078668424552,45688.64782410674,42.666666666666664
1790235117,8,POST,completion,0.100000,0.000000,41000,41000,41000,41000,41000,41000,41000,41000,41000,41000,41000,41,0,41000,41026.77591965625,37404.37670215033,45688.64782410674,128.0
1790235117,8,TPOT,completion,0.100000,0.000000,300,300,300,300,300,300,300,300,300,300,300,41,0,300,299.6208384210598,270.7078668424552,330.7427422759512,0.0
1790235117,8,TTFT,completion,0.100000,0.000000,2900,2900,2900,2900,2900,2900,2900,2900,2900,2900,2900,41,0,2900,2974.87071674408,2507.2564338333905,3853.9642200339586,0.0
1790235117,8,,Aggregated,0.300000,0.000000,2900,2900,39000,39000,41000,41000,41000,41000,41000,41000,41000,123,0,2900,14767.089158273797,270.7078668424552,45688.64782410674,42.666666666666664
1790235118,8,POST,completion,0.100000,0.000000,41000,41000,41000,41000,41000,41000,41000,41000,41000,41000,41000,41,0,41000,41026.77591965625,37404.37670215033,45688.64782410674,128.0
1790235118,8,TPOT,completion,0.100000,0.000000,300,300,300,300,300,300,300,300,300,300,300,41,0,300,299.6208384210598,270.7078668424552,330.7427422759512,0.0
1790235118,8,TTFT,completion,0.100000,0.000000,2900,2900,2900,2900,2900,2900,2900,2900,2900,2900,2900,41,0,2900,2974.87071674408,2507.2564338333905,3853.9642200339586,0.0
1790235118,8,,Aggregated,0.300000,0.000000,2900,2900,39000,39000,41000,41000,41000,41000,41000,41000,41000,123,0,2900,14767.089158273797,270.7078668424552,45688.64782410674,42.666666666666664
1790235119,8,POST,completion,0.100000,0.000000,39000,39000,39000,39000,39000,39000,39000,39000,39000,39000,39000,41,0,41000,41026.77591965625,37404.37670215033,45688.64782410674,128.0
1790235119,8,TPOT,completion,0.100000,0.000000,290,290,290,290,290,290,290,290,290,290,290,41,0,300,299.6208384210598,270.7078668424552,330.7427422759512,0.0
1790235119,8,TTFT,completion,0.100000,0.000000,2800,2800,2800,2800,2800,2800,2800,2800,2800,2800,2800,41,0,2900,2974.87071674408,2507.2564338333905,3853.9642200339586,0.0
1790235119,8,,Aggregated,0.300000,0.000000,2800,2800,39000,39000,39000,39000,39000,39000,39000,39000,39000,123,0,2900,14767.089158273797,270.7078668424552,45688.64782410674,42.666666666666664
1790235120,8,POST,completion,0.100000,0.000000,39000,39000,39000,39000,39000,39000,39000,39000,39000,39000,39000,41,0,41000,41026.77591965625,37404.37670215033,45688.64782410674,128.0
1790235120,8,TPOT,completion,0.100000,0.000000,290,290,290,290,290,290,290,290,290,290,290,41,0,300,299.6208384210598,270.7078668424552,330.7427422759512,0.0
1790235120,8,TTFT,completion,0.100000,0.000000,2800,2800,2800,2800,2800,2800,2800,2800,2800,2800,2800,41,0,2900,2974.87071674408,2507.2564338333905,3853.9642200339586,0.0
1790235120,8,,Aggregated,0.300000,0.000000,2800,2800,39000,39000,39000,39000,39000,39000,39000,39000,39000,123,0,2900,14767.089158273797,270.7078668424552,45688.64782410674,42.666666666666664
1790235121,8,POST,completion,0.100000,0.000000,41000,41000,41000,41000,41000,41000,41000,41000,41000,41000,41000,42,0,41000,41025.893302972516,37404.37670215033,45688.64782410674,128.0
1790235121,8,TPOT,completion,0.100000,0.000000,300,300,300,300,300,300,300,300,300,300,300,42,0,300,299.6325448688723,270.7078668424552,330.7427422759512,0.0
1790235121,8,TTFT,completion,0.100000,0.000000,2900,2900,2900,2900,2900,2900,2900,2900,2900,2900,2900,42,0,2900,2972.5014491760658,2507.2564338333905,3853.9642200339586,0.0
1790235121,8,,Aggregated,0.300000,0.000000,2900,2900,39000,39000,41000,41000,41000,41000,41000,41000,41000,126,0,2900,14766.00909900582,270.7078668424552,45688.64782410674,42.666666666666664
1790235122,8,POST,completion,0.100000,0.000000,41000,41000,41000,41000,41000,41000,41000,41000,41000,41000,41000,42,0,41000,41025.893302972516,37404.37670215033,45688.64782410674,128.0
1790235122,8,TPOT,completion,0.100000,0.000000,300,300,300,300,300,300,300,300,300,300,300,42,0,300,299.6325448688723,270.7078668424552,330.7427422759512,0.0
1790235122,8,TTFT,completion,0.100000,0.000000,2900,2900,2900,2900,2900,2900,2900,2900,2900,2900,2900,42,0,2900,2972.5014491760658,2507.2564338333905,3853.9642200339586,0.0
1790235122,8,,Aggregated,0.300000,0.000000,2900,2900,39000,39000,41000,41000,41000,41000,41000,41000,41000,126,0,2900,14766.00909900582,270.7078668424552,45688.64782410674,42.666666666666664
1790235123,8,POST,completion,0.100000,0.000000,40000,40000,41000,41000,41000,41000,41000,41000,41000,41000,41000,43,0,41000,40992.439035532,37404.37670215033,45688.64782410674,128.0
1790235123,8,TPOT,completion,0.100000,0.000000,290,290,300,300,300,300,300,300,300,300,300,43,0,300,299.39963037656844,270.7078668424552,330.7427422759512,0.0
1790235123,8,TTFT,completion,0.100000,0.000000,2800,2800,2900,2900,2900,2900,2900,2900,2900,2900,2900,43,0,2900,2968.627232246014,2507.2564338333905,3853.9642200339586,0.0
1790235123,8,,Aggregated,0.300000,0.000000,2800,2900,39000,40000,41000,41000,41000,41000,41000,41000,41000,129,0,2900,14753.488632718196,270.7078668424552,45688.64782410674,42.666666666666664
1790235124,8,POST,completion,0.100000,0.000000,40000,40000,41000,41000,41000,41000,41000,41000,41000,41000,41000,43,0,41000,40992.439035532,37404.37670215033,45688.64782410674,128.0
1790235124,8,TPOT,completion,0.100000,0.000000,290,290,300,300,300,300,300,300,300,300,300,43,0,300,299.39963037656844,270.7078668424552,330.7427422759512,0.0
1790235124,8,TTFT,completion,0.100000,0.000000,2800,2800,2900,2900,2900,2900,2900,2900,2900,2900,2900,43,0,2900,2968.627232246014,2507.2564338333905,3853.9642200339586,0.0
1790235124,8,,Aggregated,0.300000,0.000000,2800,2900,39000,40000,41000,41000,41000,41000,41000,41000,41000,129,0,2900,14753.488632718196,270.7078668424552,45688.64782410674,42.666666666666664
1790235125,8,POST,completion,0.100000,0.000000,40000,40000,41000,41000,41000,41000,41000,41000,41000,41000,41000,43,0,41000,40992.439035532,37404.37670215033,45688.64782410674,128.0
1790235125,8,TPOT,completion,0.100000,0.000000,290,290,300,300,300,300,300,300,300,300,300,43,0,300,299.39963037656844,270.7078668424552,330.7427422759512,0.0
1790235125,8,TTFT,completion,0.100000,0.000000,2800,2800,2900,2900,2900,2900,2900,2900,2900,2900,2900,43,0,2900,2968.627232246014,2507.2564338333905,3853.9642200339586,0.0
1790235125,8,,Aggregated,0.300000,0.000000,2800,2900,39000,40000,41000,41000,41000,41000,41000,41000,41000,129,0,2900,14753.488632718196,270.7078668424552,45688.64782410674,42.666666666666664
1790235126,8,POST,completion,0.100000,0.000000,41000,41000,41000,41000,41000,41000,41000,41000,41000,41000,41000,43,0,41000,40992.439035532,37404.37670215033,45688.64782410674,128.0
1790235126,8,TPOT,completion,0.100000,0.000000,300,300,300,300,300,300,300,300,300,300,300,43,0,300,299.39963037656844,270.7078668424552,330.7427422759512,0.0
1790235126,8,TTFT,completion,0.100000,0.000000,2900,2900,2900,2900,2900,2900,2900,2900,2900,2900,2900,43,0,2900,2968.627232246014,2507.2564338333905,3853.9642200339586,0.0
1790235126,8,,Aggregated,0.300000,0.000000,2900,2900,40000,40000,41000,41000,41000,41000,41000,41000,41000,129,0,2900,14753.488632718196,270.7078668424552,45688.64782410674,42.666666666666664
1790235127,8,POST,completion,0.100000,0.000000,41000,41000,41000,41000,41000,41000,41000,41000,41000,41000,41000,43,0,41000,40992.439035532,37404.37670215033,45688.64782410674,128.0
1790235127,8,TPOT,completion,0.100000,0.000000,300,300,300,300,300,300,300,300,300,300,300,43,0,300,299.39963037656844,270.7078668424552,330.7427422759512,0.0
1790235127,8,TTFT,completion,0.100000,0.000000,2900,2900,2900,2900,2900,2900,2900,2900,2900,2900,2900,43,0,2900,2968.627232246014,2507.2564338333905,3853.9642200339586,0.0
1790235127,8,,Aggregated,0.300000,0.000000,2900,2900,40000,40000,41000,41000,41000,41000,41000,41000,41000,129,0,2900,14753.488632718196,270.7078668424552,45688.64782410674,42.666666666666664
1790235128,8,POST,completion,0.100000,0.000000,41000,41000,41000,41000,41000,41000,41000,41000,41000,41000,41000,43,0,41000,40992.439035532,37404.37670215033,45688.64782410674,128.0
1790235128,8,TPOT,completion,0.100000,0.000000,300,300,300,300,300,300,300,300,300,300,300,43,0,300,299.39963037656844,270.7078668424552,330.7427422759512,0.0
1790235128,8,TTFT,completion,0.100000,0.000000,2900,2900,2900,2900,2900,2900,2900,2900,2900,2900,2900,43,0,2900,2968.627232246014,2507.2564338333905,3853.9642200339586,0.0
1790235128,8,,Aggregated,0.300000,0.000000,2900,2900,40000,40000,41000,41000,41000,41000,41000,41000,41000,129,0,2900,14753.488632718196,270.7078668424552,45688.64782410674,42.666666666666664
1790235129,8,POST,completion,0.100000,0.000000,41000,41000,41000,41000,41000,41000,41000,41000,41000,41000,41000,43,0,41000,40992.439035532,37404.37670215033,45688.64782410674,128.0
1790235129,8,TPOT,completion,0.100000,0.000000,300,300,300,300,300,300,300,300,300,300,300,43,0,300,299.39963037656844,270.7078668424552,330.7427422759512,0.0
1790235129,8,TTFT,completion,0.100000,0.000000,2900,2900,2900,2900,2900,2900,2900,2900,2900,2900,2900,43,0,2900,2968.627232246014,2507.2564338333905,3853.9642200339586,0.0
1790235129,8,,Aggregated,0.300000,0.000000,2900,2900,40000,40000,41000,41000,41000,41000,41000,41000,41000,129,0,2900,14753.488632718196,270.7078668424552,45688.64782410674,42.666666666666664
1790235130,8,POST,completion,0.100000,0.000000,41000,41000,41000,41000,41000,41000,41000,41000,41000,41000,41000,43,0,41000,40992.439035532,37404.37670215033,45688.64782410674,128.0
1790235130,8,TPOT,completion,0.100000,0.000000,300,300,300,300,300,300,300,300,300,300,300,43,0,300,299.39963037656844,270.7078668424552,330.7427422759512,0.0
1790235130,8,TTFT,completion,0.100000,0.000000,2900,2900,2900,2900,2900,2900,2900,2900,2900,2900,2900,43,0,2900,2968.627232246014,2507.2564338333905,3853.9642200339586,0.0
1790235130,8,,Aggregated,0.300000,0.000000,2900,2900,40000,40000,41000,41000,41000,41000,41000,41000,41000,129,0,2900,14753.488632718196,270.7078668424552,45688.64782410674,42.666666666666664
1790235131,8,POST,completion,0.200000,0.000000,41000,41000,41000,41000,41000,41000,41000,41000,41000,41000,41000,44,0,41000,40998.43728790504,37404.37670215033,45688.64782410674,128.0
1790235131,8,TPOT,completion,0.200000,0.000000,300,300,300,300,300,300,300,300,300,300,300,44,0,300,299.47825312499776,270.7078668424552,330.7427422759512,0.0
1790235131,8,TTFT,completion,0.200000,0.000000,2800,2800,2800,2800,2800,2800,2800,2800,2800,2800,2800,44,0,2900,2964.6404835141516,2507.2564338333905,3853.9642200339586,0.0
1790235131,8,,Aggregated,0.600000,0.000000,2800,2800,40000,40000,41000,41000,41000,41000,41000,41000,41000,132,0,2900,14754.185341514732,270.7078668424552,45688.64782410674,42.666666666666664
1790235132,8,POST,completion,0.200000,0.000000,41000,41000,41000,41000,41000,41000,41000,41000,41000,41000,41000,44,0,41000,40998.43728790504,37404.37670215033,45688.64782410674,128.0
1790235132,8,TPOT,completion,0.200000,0.000000,300,300,300,300,300,300,300,300,300,300,300,44,0,300,299.47825312499776,270.7078668424552,330.7427422759512,0.0
1790235132,8,TTFT,completion,0.200000,0.000000,2800,2800,2800,2800,2800,2800,2800,2800,2800,2800,2800,44,0,2900,2964.6404835141516,2507.2564338333905,3853.9642200339586,0.0
1790235132,8,,Aggregated,0.600000,0.000000,2800,2800,40000,40000,41000,41000,41000,41000,41000,41000,41000,132,0,2900,14754.185341514732,270.7078668424552,45688.64782410674,42.666666666666664
1790235133,8,POST,completion,0.200000,0.000000,40000,40000,41000,41000,41000,41000,41000,41000,41000,41000,41000,45,0,41000,40971.243097974606,37404.37670215033,45688.64782410674,128.0
1790235133,8,TPOT,completion,0.200000,0.000000,290,290,300,300,300,300,300,300,300,300,300,45,0,300,299.28719076578125,270.7078668424552,330.7427422759512,0.0
1790235133,8,TTFT,completion,0.200000,0.000000,2800,2800,2800,2800,2800,2800,2800,2800,2800,2800,2800,45,0,2900,2961.7115718364303,2507.2564338333905,3853.9642200339586,0.0
1790235133,8,,Aggregated,0.600000,0.000000,2800,2800,40000,40000,41000,41000,41000,41000,41000,41000,41000,135,0,2900,14744.080620192273,270.7078668424552,45688.64782410674,42.666666666666664
1790235134,8,POST,completion,0.200000,0.000000,40000,40000,41000,41000,41000,41000,41000,41000,41000,41000,41000,45,0,41000,40971.243097974606,37404.37670215033,45688.64782410674,128.0
1790235134,8,TPOT,completion,0.200000,0.000000,290,290,300,300,300,300,300,300,300,300,300,45,0,300,299.28719076578125,270.7078668424552,330.7427422759512,0.0
1790235134,8,TTFT,completion,0.200000,0.000000,2800,2800,2800,2800,2800,2800,2800,2800,2800,2800,2800,45,0,2900,2961.7115718364303,2507.2564338333905,3853.9642200339586,0.0
1790235134,8,,Aggregated,0.600000,0.000000,2800,2800,40000,40000,41000,41000,41000,41000,41000,41000,41000,135,0,2900,14744.080620192273,270.7078668424552,45688.64782410674,42.666666666666664
1790235135,8,POST,completion,0.200000,0.000000,40000,40000,41000,41000,41000,41000,41000,41000,41000,41000,41000,45,0,41000,40971.243097974606,37404.37670215033,45688.64782410674,128.0
1790235135,8,TPOT,completion,0.200000,0.000000,290,290,300,300,300,300,300,300,300,300,300,45,0,300,299.28719076578125,270.7078668424552,330.7427422759512,0.0
1790235135,8,TTFT,completion,0.200000,0.000000,2800,2800,2800,2800,2800,2800,2800,2800,2800,2800,2800,45,0,2900,2961.7115718364303,2507.2564338333905,3853.9642200339586,0.0
1790235135,8,,Aggregated,0.600000,0.000000,2800,2800,40000,40000,41000,41000,41000,41000,41000,41000,41000,135,0,2900,14744.080620192273,270.7078668424552,45688.64782410674,42.666666666666664
1790235136,8,POST,completion,0.200000,0.000000,41000,41000,41000,41000,41000,41000,41000,41000,41000,41000,41000,47,0,41000,40950.62984133813,37404.37670215033,45688.64782410674,128.0
1790235136,8,TPOT,completion,0.200000,0.000000,300,300,300,300,300,300,300,300,300,300,300,47,0,300,299.13379936476696,270.7078668424552,330.7427422759512,0.0
1790235136,8,TTFT,completion,0.200000,0.000000,2900,2900,3000,3000,3000,3000,3000,3000,3000,3000,3000,47,0,2900,2960.5788132076727,2507.2564338333905,3853.9642200339586,0.0
1790235136,8,,Aggregated,0.600000,0.000000,2900,3000,40000,40000,41000,41000,41000,41000,41000,41000,41000,141,0,2900,14736.780817970191,270.7078668424552,45688.64782410674,42.666666666666664
1790235137,8,POST,completion,0.200000,0.000000,41000,41000,41000,41000,41000,41000,41000,41000,41000,41000,41000,47,0,41000,40950.62984133813,37404.37670215033,45688.64782410674,128.0
1790235137,8,TPOT,completion,0.200000,0.000000,300,300,300,300,300,300,300,300,300,300,300,47,0,300,299.13379936476696,270.7078668424552,330.7427422759512,0.0
1790235137,8,TTFT,completion,0.200000,0.000000,2900,2900,3000,3000,3000,3000,3000,3000,3000,3000,3000,47,0,2900,2960.5788132076727,2507.2564338333905,3853.9642200339586,0.0
1790235137,8,,Aggregated,0.600000,0.000000,2900,3000,40000,40000,41000,41000,41000,41000,41000,41000,41000,141,0,2900,14736.780817970191,270.7078668424552,45688.64782410674,42.666666666666664
1790235138,8,POST,completion,0.200000,0.000000,41000,41000,41000,41000,41000,41000,41000,41000,41000,41000,41000,47,0,41000,40950.62984133813,37404.37670215033,45688.64782410674,128.0
1790235138,8,TPOT,completion,0.200000,0.000000,300,300,300,300,300,300,300,300,300,300,300,47,0,300,299.13379936476696,270.7078668424552,330.7427422759512,0.0
1790235138,8,TTFT,completion,0.200000,0.000000,2900,2900,3000,3000,3000,3000,3000,3000,3000,3000,3000,47,0,2900,2960.5788132076727,2507.2564338333905,3853.9642200339586,0.0
1790235138,8,,Aggregated,0.600000,0.000000,2900,3000,40000,40000,41000,41000,41000,41000,41000,41000,41000,141,0,2900,14736.780817970191,270.7078668424552,45688.64782410674,42.666666666666664
1790235139,8,POST,completion,0.200000,0.000000,41000,41000,41000,41000,41000,41000,41000,41000,41000,41000,41000,47,0,41000,40950.62984133813,37404.37670215033,45688.64782410674,128.0
1790235139,8,TPOT,completion,0.200000,0.000000,300,300,300,300,300,300,300,300,300,300,300,47,0,300,299.13379936476696,270.7078668424552,330.7427422759512,0.0
1790235139,8,TTFT,completion,0.200000,0.000000,2900,2900,3000,3000,3000,3000,3000,3000,3000,3000,3000,47,0,2900,2960.5788132076727,2507.2564338333905,3853.9642200339586,0.0
1790235139,8,,Aggregated,0.600000,0.000000,2900,3000,40000,40000,41000,41000,41000,41000,41000,41000,41000,141,0,2900,14736.780817970191,270.7078668424552,45688.64782410674,42.666666666666664
1790235140,8,POST,completion,0.200000,0.000000,41000,41000,41000,41000,41000,41000,41000,41000,41000,41000,41000,47,0,41000,40950.62984133813,37404.37670215033,45688.64782410674,128.0
1790235140,8,TPOT,completion,0.200000,0.000000,300,300,300,300,300,300,300,300,300,300,300,47,0,300,299.13379936476696,270.7078668424552,330.7427422759512,0.0
1790235140,8,TTFT,completion,0.200000,0.000000,2900,2900,3000,3000,3000,3000,3000,3000,3000,3000,3000,47,0,2900,2960.5788132076727,2507.2564338333905,3853.9642200339586,0.0
1790235140,8,,Aggregated,0.600000,0.000000,2900,3000,40000,40000,41000,41000,41000,41000,41000,41000,41000,141,0,2900,14736.780817970191,270.7078668424552,45688.64782410674,42.666666666666664
1790235141,8,POST,completion,0.200000,0.000000,40000,40000,41000,41000,41000,41000,41000,41000,41000,41000,41000,47,0,41000,40950.62984133813,37404.37670215033,45688.64782410674,128.0
1790235141,8,TPOT,completion,0.200000,0.000000,290,290,300,300,300,300,300,300,300,300,300,47,0,300,299.13379936476696,270.7078668424552,330.7427422759512,0.0
1790235141,8,TTFT,completion,0.200000,0.000000,2900,2900,3000,3000,3000,3000,3000,3000,3000,3000,3000,47,0,2900,2960.5788132076727,2507.2564338333905,3853.9642200339586,0.0
1790235141,8,,Aggregated,0.600000,0.000000,2900,3000,40000,40000,41000,41000,41000,41000,41000,41000,41000,141,0,2900,14736.780817970191,270.7078668424552,45688.64782410674,42.666666666666664
1790235142,8,POST,completion,0.200000,0.000000,40000,40000,41000,41000,41000,41000,41000,41000,41000,41000,41000,47,0,41000,40950.62984133813,37404.37670215033,45688.64782410674,128.0
1790235142,8,TPOT,completion,0.200000,0.000000,290,290,300,300,300,300,300,300,300,300,300,47,0,300,299.13379936476696,270.7078668424552,330.7427422759512,0.0
1790235142,8,TTFT,completion,0.200000,0.000000,2900,2900,3000,3000,3000,3000,3000,3000,3000,3000,3000,47,0,2900,2960.5788132076727,2507.2564338333905,3853.9642200339586,0.0
1790235142,8,,Aggregated,0.600000,0.000000,2900,3000,40000,40000,41000,41000,41000,41000,41000,41000,41000,141,0,2900,14736.780817970191,270.7078668424552,45688.64782410674,42.666666666666664
1790235143,8,POST,completion,0.200000,0.000000,41000,41000,41000,41000,41000,41000,41000,41000,41000,41000,41000,47,0,41000,40950.62984133813,37404.37670215033,45688.64782410674,128.0
1790235143,8,TPOT,completion,0.200000,0.000000,300,300,300,300,300,300,300,300,300,300,300,47,0,300,299.13379936476696,270.7078668424552,330.7427422759512,0.0
1790235143,8,TTFT,completion,0.200000,0.000000,3000,3000,3000,3000,3000,3000,3000,3000,3000,3000,3000,47,0,2900,2960.5788132076727,2507.2564338333905,3853.9642200339586,0.0
1790235143,8,,Aggregated,0.600000,0.000000,3000,3000,40000,40000,41000,41000,41000,41000,41000,41000,41000,141,0,2900,14736.780817970191,270.7078668424552,45688.64782410674,42.666666666666664
1790235144,8,POST,completion,0.200000,0.000000,41000,41000,41000,41000,41000,41000,41000,41000,41000,41000,41000,47,0,41000,40950.62984133813,37404.37670215033,45688.64782410674,128.0
1790235144,8,TPOT,completion,0.200000,0.000000,300,300,300,300,300,300,300,300,300,300,300,47,0,300,299.13379936476696,270.7078668424552,330.7427422759512,0.0
1790235144,8,TTFT,completion,0.200000,0.000000,3000,3000,3000,3000,3000,3000,3000,3000,3000,3000,3000,47,0,2900,2960.5788132076727,2507.2564338333905,3853.9642200339586,0.0
1790235144,8,,Aggregated,0.600000,0.000000,3000,3000,40000,40000,41000,41000,41000,41000,41000,41000,41000,141,0,2900,14736.780817970191,270.7078668424552,45688.64782410674,42.666666666666664
1790235145,8,POST,completion,0.200000,0.000000,41000,41000,41000,41000,41000,41000,41000,41000,41000,41000,41000,47,0,41000,40950.62984133813,37404.37670215033,45688.64782410674,128.0
1790235145,8,TPOT,completion,0.200000,0.000000,300,300,300,300,300,300,300,300,300,300,300,47,0,300,299.13379936476696,270.7078668424552,330.7427422759512,0.0
1790235145,8,TTFT,completion,0.200000,0.000000,3000,3000,3000,3000,3000,3000,3000,3000,3000,3000,3000,47,0,2900,2960.5788132076727,2507.2564338333905,3853.9642200339586,0.0
1790235145,8,,Aggregated,0.600000,0.000000,3000,3000,40000,40000,41000,41000,41000,41000,41000,41000,41000,141,0,2900,14736.780817970191,270.7078668424552,45688.64782410674,42.666666666666664
1790235146,8,POST,completion,0.200000,0.000000,41000,41000,41000,41000,41000,41000,41000,41000,41000,41000,41000,47,0,41000,40950.62984133813,37404.37670215033,45688.64782410674,128.0
1790235146,8,TPOT,completion,0.200000,0.000000,300,300,300,300,300,300,300,300,300,300,300,47,0,300,299.13379936476696,270.7078668424552,330.7427422759512,0.0
1790235146,8,TTFT,completion,0.200000,0.000000,3000,3000,3000,3000,3000,3000,3000,3000,3000,3000,3000,47,0,2900,2960.5788132076727,2507.2564338333905,3853.9642200339586,0.0
1790235146,8,,Aggregated,0.600000,0.000000,3000,3000,40000,40000,41000,41000,41000,41000,41000,41000,41000,141,0,2900,14736.780817970191,270.7078668424552,45688.64782410674,42.666666666666664
1790235147,8,POST,completion,0.200000,0.000000,41000,41000,41000,41000,41000,41000,41000,41000,41000,41000,41000,47,0,41000,40950.62984133813,37404.37670215033,45688.64782410674,128.0
1790235147,8,TPOT,completion,0.200000,0.000000,300,300,300,300,300,300,300,300,300,300,300,47,0,300,299.13379936476696,270.7078668424552,330.7427422759512,0.0
1790235147,8,TTFT,completion,0.200000,0.000000,3000,3000,3000,3000,3000,3000,3000,3000,3000,3000,3000,47,0,2900,2960.5788132076727,2507.2564338333905,3853.9642200339586,0.0
1790235147,8,,Aggregated,0.600000,0.000000,3000,3000,40000,40000,41000,41000,41000,41000,41000,41000,41000,141,0,2900,14736.780817970191,270.7078668424552,45688.64782410674,42.666666666666664
1790235148,8,POST,completion,0.200000,0.000000,41000,41000,41000,41000,41000,41000,41000,41000,41000,41000,41000,47,0,41000,40950.62984133813,37404.37670215033,45688.64782410674,128.0
1790235148,8,TPOT,completion,0.200000,0.000000,300,300,300,300,300,300,300,300,300,300,300,47,0,300,299.13379936476696,270.7078668424552,330.7427422759512,0.0
1790235148,8,TTFT,completion,0.200000,0.000000,3000,3000,3000,3000,3000,3000,3000,3000,3000,3000,3000,47,0,2900,2960.5788132076727,2507.2564338333905,3853.9642200339586,0.0
1790235148,8,,Aggregated,0.600000,0.000000,3000,3000,40000,40000,41000,41000,41000,41000,41000,41000,41000,141,0,2900,14736.780817970191,270.7078668424552,45688.64782410674,42.666666666666664
1790235149,8,POST,completion,0.000000,0.000000,41000,41000,42000,42000,42000,42000,42000,42000,42000,42000,42000,48,0,41000,40962.54853818876,37404.37670215033,45688.64782410674,128.0
1790235149,8,TPOT,completion,0.000000,0.000000,300,300,300,300,300,300,300,300,300,300,300,48,0,300,299.22887413639376,270.7078668424552,330.7427422759512,0.0
1790235149,8,TTFT,completion,0.000000,0.000000,3000,3000,3000,3000,3000,3000,3000,3000,3000,3000,3000,48,0,2900,2960.4229885784057,2507.2564338333905,3853.9642200339586,0.0
1790235149,8,,Aggregated,0.000000,0.000000,3000,3000,40000,41000,42000,42000,42000,42000,42000,42000,42000,144,0,2900,14740.733466967853,270.7078668424552,45688.64782410674,42.666666666666664
1790235150,8,POST,completion,0.000000,0.000000,41000,41000,42000,42000,42000,42000,42000,42000,42000,42000,42000,48,0,41000,40962.54853818876,37404.37670215033,45688.64782410674,128.0
1790235150,8,TPOT,completion,0.000000,0.000000,300,300,300,300,300,300,300,300,300,300,300,48,0,300,299.22887413639376,270.7078668424552,330.7427422759512,0.0
1790235150,8,TTFT,completion,0.000000,0.000000,3000,3000,3000,3000,3000,3000,3000,3000,3000,3000,3000,48,0,2900,2960.4229885784057,2507.2564338333905,3853.9642200339586,0.0
1790235150,8,,Aggregated,0.000000,0.000000,3000,3000,40000,41000,42000,42000,42000,42000,42000,42000,42000,144,0,2900,14740.733466967853,270.7078668424552,45688.64782410674,42.666666666666664
1790235151,8,POST,completion,0.000000,0.000000,42000,42000,42000,42000,42000,42000,42000,42000,42000,42000,42000,48,0,41000,40962.54853818876,37404.37670215033,45688.64782410674,128.0
1790235151,8,TPOT,completion,0.000000,0.000000,300,300,300,300,300,300,300,300,300,300,300,48,0,300,299.22887413639376,270.7078668424552,330.7427422759512,0.0
1790235151,8,TTFT,completion,0.000000,0.000000,3000,3000,3000,3000,3000,3000,3000,3000,3000,3000,3000,48,0,2900,2960.4229885784057,2507.2564338333905,3853.9642200339586,0.0
1790235151,8,,Aggregated,0.000000,0.000000,3000,3000,42000,42000,42000,42000,42000,42000,42000,42000,42000,144,0,2900,14740.733466967853,270.7078668424552,45688.64782410674,42.666666666666664
1790235152,8,POST,completion,0.100000,0.000000,42000,42000,42000,42000,42000,42000,42000,42000,42000,42000,42000,49,0,41000,40941.989330270764,37404.37670215033,45688.64782410674,128.0
1790235152,8,TPOT,completion,0.100000,0.000000,300,300,300,300,300,300,300,300,300,300,300,49,0,300,299.08744859223776,270.7078668424552,330.7427422759512,0.0
1790235152,8,TTFT,completion,0.100000,0.000000,3000,3000,3000,3000,3000,3000,3000,3000,3000,3000,3000,49,0,2900,2957.8248056279003,2507.2564338333905,3853.9642200339586,0.0
1790235152,8,,Aggregated,0.300000,0.000000,3000,3000,40000,40000,42000,42000,42000,42000,42000,42000,42000,147,0,2900,14732.967194830302,270.7078668424552,45688.64782410674,42.666666666666664
1790235153,8,POST,completion,0.100000,0.000000,42000,42000,42000,42000,42000,42000,42000,42000,42000,42000,42000,49,0,41000,40941.989330270764,37404.37670215033,45688.64782410674,128.0
1790235153,8,TPOT,completion,0.100000,0.000000,300,300,300,300,300,300,300,300,300,300,300,49,0,300,299.08744859223776,270.7078668424552,330.7427422759512,0.0
1790235153,8,TTFT,completion,0.100000,0.000000,3000,3000,3000,3000,3000,3000,3000,3000,3000,3000,3000,49,0,2900,2957.8248056279003,2507.2564338333905,3853.9642200339586,0.0
1790235153,8,,Aggregated,0.300000,0.000000,3000,3000,40000,40000,42000,42000,42000,42000,42000,42000,42000,147,0,2900,14732.967194830302,270.7078668424552,45688.64782410674,42.666666666666664
1790235154,8,POST,completion,0.100000,0.000000,42000,42000,42000,42000,42000,42000,42000,42000,42000,42000,42000,49,0,41000,40941.989330270764,37404.37670215033,45688.64782410674,128.0
1790235154,8,TPOT,completion,0.100000,0.000000,300,300,300,300,300,300,300,300,300,300,300,49,0,300,299.08744859223776,270.7078668424552,330.7427422759512,0.0
1790235154,8,TTFT,completion,0.100000,0.000000,3000,3000,3000,3000,3000,3000,3000,3000,3000,3000,3000,49,0,2900,2957.8248056279003,2507.2564338333905,3853.9642200339586,0.0
1790235154,8,,Aggregated,0.300000,0.000000,3000,3000,40000,40000,42000,42000,42000,42000,42000,42000,42000,147,0,2900,14732.967194830302,270.7078668424552,45688.64782410674,42.666666666666664
1790235155,8,POST,completion,0.100000,0.000000,42000,42000,42000,42000,42000,42000,42000,42000,42000,42000,42000,49,0,41000,40941.989330270764,37404.37670215033,45688.64782410674,128.0
1790235155,8,TPOT,completion,0.100000,0.000000,300,300,300,300,300,300,300,300,300,300,300,49,0,300,299.08744859223776,270.7078668424552,330.7427422759512,0.0
1790235155,8,TTFT,completion,0.100000,0.000000,3000,3000,3000,3000,3000,3000,3000,3000,3000,3000,3000,49,0,2900,2957.8248056279003,2507.2564338333905,3853.9642200339586,0.0
1790235155,8,,Aggregated,0.300000,0.000000,3000,3000,40000,40000,42000,42000,42000,42000,42000,42000,42000,147,0,2900,14732.967194830302,270.7078668424552,45688.64782410674,42.666666666666664
1790235156,8,POST,completion,0.100000,0.000000,42000,42000,42000,42000,42000,42000,42000,42000,42000,42000,42000,49,0,41000,40941.989330270764,37404.37670215033,45688.64782410674,128.0
1790235156,8,TPOT,completion,0.100000,0.000000,300,300,300,300,300,300,300,300,300,300,300,49,0,300,299.08744859223776,270.7078668424552,330.7427422759512,0.0
1790235156,8,TTFT,completion,0.100000,0.000000,3000,3000,3000,3000,3000,3000,3000,3000,3000,3000,3000,49,0,2900,2957.8248056279003,2507.2564338333905,3853.9642200339586,0.0
1790235156,8,,Aggregated,0.300000,0.000000,3000,3000,40000,40000,42000,42000,42000,42000,42000,42000,42000,147,0,2900,14732.967194830302,270.7078668424552,45688.64782410674,42.666666666666664
1790235157,8,POST,completion,0.100000,0.000000,42000,42000,42000,42000,42000,42000,42000,42000,42000,42000,42000,49,0,41000,40941.989330270764,37404.37670215033,45688.64782410674,128.0
1790235157,8,TPOT,completion,0.100000,0.000000,300,300,300,300,300,300,300,300,300,300,300,49,0,300,299.08744859223776,270.7078668424552,330.7427422759512,0.0
1790235157,8,TTFT,completion,0.100000,0.000000,3000,3000,3000,3000,3000,3000,3000,3000,3000,3000,3000,49,0,2900,2957.8248056279003,2507.2564338333905,3853.9642200339586,0.0
1790235157,8,,Aggregated,0.300000,0.000000,3000,3000,40000,40000,42000,42000,42000,42000,42000,42000,42000,147,0,2900,14732.967194830302,270.7078668424552,45688.64782410674,42.666666666666664
1790235158,8,POST,completion,0.100000,0.000000,42000,42000,42000,42000,42000,42000,42000,42000,42000,42000,42000,49,0,41000,40941.989330270764,37404.37670215033,45688.64782410674,128.0
1790235158,8,TPOT,completion,0.100000,0.000000,300,300,300,300,300,300,300,300,300,300,300,49,0,300,299.08744859223776,270.7078668424552,330.7427422759512,0.0
1790235158,8,TTFT,completion,0.100000,0.000000,3000,3000,3000,3000,3000,3000,3000,3000,3000,3000,3000,49,0,2900,2957.8248056279003,2507.2564338333905,3853.9642200339586,0.0
1790235158,8,,Aggregated,0.300000,0.000000,3000,3000,40000,40000,42000,42000,42000,42000,42000,42000,42000,147,0,2900,14732.967194830302,270.7078668424552,45688.64782410674,42.666666666666664
1790235159,8,POST,completion,0.100000,0.000000,42000,42000,42000,42000,42000,42000,42000,42000,42000,42000,42000,49,0,41000,40941.989330270764,37404.37670215033,45688.64782410674,128.0
1790235159,8,TPOT,completion,0.100000,0.000000,300,300,300,300,300,300,300,300,300,300,300,49,0,300,299.08744859223776,270.7078668424552,330.7427422759512,0.0
1790235159,8,TTFT,completion,0.100000,0.000000,3000,3000,3000,3000,3000,3000,3000,3000,3000,3000,3000,49,0,2900,2957.8248056279003,2507.2564338333905,3853.9642200339586,0.0
1790235159,8,,Aggregated,0.300000,0.000000,3000,3000,40000,40000,42000,42000,42000,42000,42000,42000,42000,147,0,2900,14732.967194830302,270.7078668424552,45688.64782410674,42.666666666666664
1790235160,8,POST,completion,0.100000,0.000000,40000,40000,40000,40000,40000,40000,40000,40000,40000,40000,40000,49,0,41000,40941.989330270764,37404.37670215033,45688.64782410674,128.0
1790235160,8,TPOT,completion,0.100000,0.000000,290,290,290,290,290,290,290,290,290,290,290,49,0,300,299.08744859223776,270.7078668424552,330.7427422759512,0.0
1790235160,8,TTFT,completion,0.100000,0.000000,2800,2800,2800,2800,2800,2800,2800,2800,2800,2800,2800,49,0,2900,2957.8248056279003,2507.2564338333905,3853.9642200339586,0.0
1790235160,8,,Aggregated,0.300000,0.000000,2800,2800,40000,40000,40000,40000,40000,40000,40000,40000,40000,147,0,2900,14732.967194830302,270.7078668424552,45688.64782410674,42.666666666666664
1790235161,8,POST,completion,0.100000,0.000000,40000,40000,40000,40000,40000,40000,40000,40000,40000,40000,40000,49,0,41000,40941.989330270764,37404.37670215033,45688.64782410674,128.0
1790235161,8,TPOT,completion,0.100000,0.000000,290,290,290,290,290,290,290,290,290,290,290,49,0,300,299.08744859223776,270.7078668424552,330.7427422759512,0.0
1790235161,8,TTFT,completion,0.100000,0.000000,2800,2800,2800,2800,2800,2800,2800,2800,2800,2800,2800,49,0,2900,2957.8248056279003,2507.2564338333905,3853.9642200339586,0.0
1790235161,8,,Aggregated,0.300000,0.000000,2800,2800,40000,40000,40000,40000,40000,40000,40000,40000,40000,147,0,2900,14732.967194830302,270.7078668424552,45688.64782410674,42.666666666666664
1790235162,8,POST,completion,0.100000,0.000000,40000,40000,40000,40000,40000,40000,40000,40000,40000,40000,40000,49,0,41000,40941.989330270764,37404.37670215033,45688.64782410674,128.0
1790235162,8,TPOT,completion,0.100000,0.000000,290,290,290,290,290,290,290,290,290,290,290,49,0,300,299.08744859223776,270.7078668424552,330.7427422759512,0.0
1790235162,8,TTFT,completion,0.100000,0.000000,2800,2800,2800,2800,2800,2800,2800,2800,2800,2800,2800,49,0,2900,2957.8248056279003,2507.2564338333905,3853.9642200339586,0.0
1790235162,8,,Aggregated,0.300000,0.000000,2800,2800,40000,40000,40000,40000,40000,40000,40000,40000,40000,147,0,2900,14732.967194830302,270.7078668424552,45688.64782410674,42.666666666666664
1790235163,8,POST,completion,0.100000,0.000000,40000,40000,41000,41000,41000,41000,41000,41000,41000,41000,41000,51,0,41000,40937.68530823381,37404.37670215033,45688.64782410674,128.0
1790235163,8,TPOT,completion,0.100000,0.000000,290,290,300,300,300,300,300,300,300,300,300,51,0,300,299.0610336706414,270.7078668424552,330.7427422759512,0.0
1790235163,8,TTFT,completion,0.100000,0.000000,2900,2900,3000,3000,3000,3000,3000,3000,3000,3000,3000,51,0,2900,2956.875515047132,2507.2564338333905,3853.9642200339586,0.0
1790235163,8,,Aggregated,0.300000,0.000000,2900,3000,40000,40000,41000,41000,41000,41000,41000,41000,41000,153,0,2900,14731.207285650531,270.7078668424552,45688.64782410674,42.666666666666664
1790235164,8,POST,completion,0.100000,0.000000,40000,40000,41000,41000,41000,41000,41000,41000,41000,41000,41000,51,0,41000,40937.68530823381,37404.37670215033,45688.64782410674,128.0
1790235164,8,TPOT,completion,0.100000,0.000000,290,290,300,300,300,300,300,300,300,300,300,51,0,300,299.0610336706414,270.7078668424552,330.7427422759512,0.0
1790235164,8,TTFT,completion,0.100000,0.000000,2900,2900,3000,3000,3000,3000,3000,3000,3000,3000,3000,51,0,2900,2956.875515047132,2507.2564338333905,3853.9642200339586,0.0
1790235164,8,,Aggregated,0.300000,0.000000,2900,3000,40000,40000,41000,41000,41000,41000,41000,41000,41000,153,0,2900,14731.207285650531,270.7078668424552,45688.64782410674,42.666666666666664
