Timestamp,User Count,Type,Name,Requests/s,Failures/s,50%,66%,75%,80%,90%,95%,98%,99%,99.9%,99.99%,100%,Total Request Count,Total Failure Count,Total Median Response Time,Total Average Response Time,Total Min Response Time,Total Max Response Time,Total Average Content Size
1790319302,0,,Aggregated,0.000000,0.000000,N/A,N/A,N/A,N/A,N/A,N/A,N/A,N/A,N/A,N/A,N/A,0,0,0,0.0,0,0,0
1790319303,1,,Aggregated,0.000000,0.000000,N/A,N/A,N/A,N/A,N/A,N/A,N/A,N/A,N/A,N/A,N/A,0,0,0,0.0,0,0,0
1790319304,2,,Aggregated,0.000000,0.000000,N/A,N/A,N/A,N/A,N/A,N/A,N/A,N/A,N/A,N/A,N/A,0,0,0,0.0,0,0,0
1790319305,3,,Aggregated,0.000000,0.000000,N/A,N/A,N/A,N/A,N/A,N/A,N/A,N/A,N/A,N/A,N/A,0,0,0,0.0,0,0,0
1790319306,4,,Aggregated,0.000000,0.000000,N/A,N/A,N/A,N/A,N/A,N/A,N/A,N/A,N/A,N/A,N/A,0,0,0,0.0,0,0,0
1790319307,5,,Aggregated,0.000000,0.000000,N/A,N/A,N/A,N/A,N/A,N/A,N/A,N/A,N/A,N/A,N/A,0,0,0,0.0,0,0,0
1790319308,6,,Aggregated,0.000000,0.000000,N/A,N/A,N/A,N/A,N/A,N/A,N/A,N/A,N/A,N/A,N/A,0,0,0,0.0,0,0,0
1790319309,7,,Aggregated,0.000000,0.000000,N/A,N/A,N/A,N/A,N/A,N/A,N/A,N/A,N/A,N/A,N/A,0,0,0,0.0,0,0,0
1790319310,8,,Aggregated,0.000000,0.000000,N/A,N/A,N/A,N/A,N/A,N/A,N/A,N/A,N/A,N/A,N/A,0,0,0,0.0,0,0,0
1790319311,9,,Aggregated,0.000000,0.000000,N/A,N/A,N/A,N/A,N/A,N/A,N/A,N/A,N/A,N/A,N/A,0,0,0,0.0,0,0,0
1790319312,10,,Aggregated,0.000000,0.000000,N/A,N/A,N/A,N/A,N/A,N/A,N/A,N/A,N/A,N/A,N/A,0,0,0,0.0,0,0,0
1790319313,11,,Aggregated,0.000000,0.000000,N/A,N/A,N/A,N/A,N/A,N/A,N/A,N/A,N/A,N/A,N/A,0,0,0,0.0,0,0,0
1790319314,12,,Aggregated,0.000000,0.000000,N/A,N/A,N/A,N/A,N/A,N/A,N/A,N/A,N/A,N/A,N/A,0,0,0,0.0,0,0,0
1790319315,12,,Aggregated,0.000000,0.000000,N/A,N/A,N/A,N/A,N/A,N/A,N/A,N/A,N/A,N/A,N/A,0,0,0,0.0,0,0,0
1790319316,12,,Aggregated,0.000000,0.000000,N/A,N/A,N/A,N/A,N/A,N/A,N/A,N/A,N/A,N/A,N/A,0,0,0,0.0,0,0,0
1790319317,12,,Aggregated,0.000000,0.000000,N/A,N/A,N/A,N/A,N/A,N/A,N/A,N/A,N/A,N/A,N/A,0,0,0,0.0,0,0,0
1790319318,12,,Aggregated,0.000000,0.000000,N/A,N/A,N/A,N/A,N/A,N/A,N/A,N/A,N/A,N/A,N/A,0,0,0,0.0,0,0,0
1790319319,12,,Aggregated,0.000000,0.000000,N/A,N/A,N/A,N/A,N/A,N/A,N/A,N/A,N/A,N/A,N/A,0,0,0,0.0,0,0,0
1790319320,12,,Aggregated,0.000000,0.000000,N/A,N/A,N/A,N/A,N/A,N/A,N/A,N/A,N/A,N/A,N/A,0,0,0,0.0,0,0,0
1790319321,12,,Aggregated,0.000000,0.000000,N/A,N/A,N/A,N/A,N/A,N/A,N/A,N/A,N/A,N/A,N/A,0,0,0,0.0,0,0,0
1790319322,12,,Aggregated,0.000000,0.000000,N/A,N/A,N/A,N/A,N/A,N/A,N/A,N/A,N/A,N/A,N/A,0,0,0,0.0,0,0,0
1790319323,12,,Aggregated,0.000000,0.000000,N/A,N/A,N/A,N/A,N/A,N/A,N/A,N/A,N/A,N/A,N/A,0,0,0,0.0,0,0,0
1790319324,12,,Aggregated,0.000000,0.000000,N/A,N/A,N/A,N/A,N/A,N/A,N/A,N/A,N/A,N/A,N/A,0,0,0,0.0,0,0,0
1790319325,12,,Aggregated,0.000000,0.000000,N/A,N/A,N/A,N/A,N/A,N/A,N/A,N/A,N/A,N/A,N/A,0,0,0,0.0,0,0,0
1790319326,12,,Aggregated,0.000000,0.000000,N/A,N/A,N/A,N/A,N/A,N/A,N/A,N/A,N/A,N/A,N/A,0,0,0,0.0,0,0,0
1790319327,12,,Aggregated,0.000000,0.000000,N/A,N/A,N/A,N/A,N/A,N/A,N/A,N/A,N/A,N/A,N/A,0,0,0,0.0,0,0,0
1790319328,12,,Aggregated,0.000000,0.000000,N/A,N/A,N/A,N/A,N/A,N/A,N/A,N/A,N/A,N/A,N/A,0,0,0,0.0,0,0,0
1790319329,12,,Aggregated,0.000000,0.000000,N/A,N/A,N/A,N/A,N/A,N/A,N/A,N/A,N/A,N/A,N/A,0,0,0,0.0,0,0,0
1790319330,12,,Aggregated,0.000000,0.000000,N/A,N/A,N/A,N/A,N/A,N/A,N/A,N/A,N/A,N/A,N/A,0,0,0,0.0,0,0,0
1790319331,12,,Aggregated,0.000000,0.000000,N/A,N/A,N/A,N/A,N/A,N/A,N/A,N/A,N/A,N/A,N/A,0,0,0,0.0,0,0,0
1790319332,12,,Aggregated,0.000000,0.000000,N/A,N/A,N/A,N/A,N/A,N/A,N/A,N/A,N/A,N/A,N/A,0,0,0,0.0,0,0,0
1790319333,12,,Aggregated,0.000000,0.000000,N/A,N/A,N/A,N/A,N/A,N/A,N/A,N/A,N/A,N/A,N/A,0,0,0,0.0,0,0,0
1790319334,12,,Aggregated,0.000000,0.000000,N/A,N/A,N/A,N/A,N/A,N/A,N/A,N/A,N/A,N/A,N/A,0,0,0,0.0,0,0,0
1790319335,12,,Aggregated,0.000000,0.000000,N/A,N/A,N/A,N/A,N/A,N/A,N/A,N/A,N/A,N/A,N/A,0,0,0,0.0,0,0,0
1790319336,12,,Aggregated,0.000000,0.000000,N/A,N/A,N/A,N/A,N/A,N/A,N/A,N/A,N/A,N/A,N/A,0,0,0,0.0,0,0,0
1790319337,12,,Aggregated,0.000000,0.000000,N/A,N/A,N/A,N/A,N/A,N/A,N/A,N/A,N/A,N/A,N/A,0,0,0,0.0,0,0,0
1790319338,12,,Aggregated,0.000000,0.000000,N/A,N/A,N/A,N/A,N/A,N/A,N/A,N/A,N/A,N/A,N/A,0,0,0,0.0,0,0,0
1790319339,12,,Aggregated,0.000000,0.000000,N/A,N/A,N/A,N/A,N/A,N/A,N/A,N/A,N/A,N/A,N/A,0,0,0,0.0,0,0,0
1790319340,12,,Aggregated,0.000000,0.000000,N/A,N/A,N/A,N/A,N/A,N/A,N/A,N/A,N/A,N/A,N/A,0,0,0,0.0,0,0,0
1790319341,12,,Aggregated,0.000000,0.000000,N/A,N/A,N/A,N/A,N/A,N/A,N/A,N/A,N/A,N/A,N/A,0,0,0,0.0,0,0,0
1790319342,12,,Aggregated,0.000000,0.000000,N/A,N/A,N/A,N/A,N/A,N/A,N/A,N/A,N/A,N/A,N/A,0,0,0,0.0,0,0,0
1790319343,12,,Aggregated,0.000000,0.000000,N/A,N/A,N/A,N/A,N/A,N/A,N/A,N/A,N/A,N/A,N/A,0,0,0,0.0,0,0,0
1790319344,12,,Aggregated,0.000000,0.000000,N/A,N/A,N/A,N/A,N/A,N/A,N/A,N/A,N/A,N/A,N/A,0,0,0,0.0,0,0,0
1790319345,12,,Aggregated,0.000000,0.000000,N/A,N/A,N/A,N/A,N/A,N/A,N/A,N/A,N/A,N/A,N/A,0,0,0,0.0,0,0,0
1790319346,12,,Aggregated,0.000000,0.000000,N/A,N/A,N/A,N/A,N/A,N/A,N/A,N/A,N/A,N/A,N/A,0,0,0,0.0,0,0,0
1790319348,12,,Aggregated,0.000000,0.000000,N/A,N/A,N/A,N/A,N/A,N/A,N/A,N/A,N/A,N/A,N/A,0,0,0,0.0,0,0,0
1790319349,12,,Aggregated,0.000000,0.000000,N/A,N/A,N/A,N/A,N/A,N/A,N/A,N/A,N/A,N/A,N/A,0,0,0,0.0,0,0,0
1790319350,12,,Aggregated,0.000000,0.000000,N/A,N/A,N/A,N/A,N/A,N/A,N/A,N/A,N/A,N/A,N/A,0,0,0,0.0,0,0,0
1790319351,12,,Aggregated,0.000000,0.000000,N/A,N/A,N/A,N/A,N/A,N/A,N/A,N/A,N/A,N/A,N/A,0,0,0,0.0,0,0,0
1790319352,12,,Aggregated,0.000000,0.000000,N/A,N/A,N/A,N/A,N/A,N/A,N/A,N/A,N/A,N/A,N/A,0,0,0,0.0,0,0,0
1790319353,12,,Aggregated,0.000000,0.000000,N/A,N/A,N/A,N/A,N/A,N/A,N/A,N/A,N/A,N/A,N/A,0,0,0,0.0,0,0,0
1790319354,12,,Aggregated,0.000000,0.000000,N/A,N/A,N/A,N/A,N/A,N/A,N/A,N/A,N/A,N/A,N/A,0,0,0,0.0,0,0,0
1790319355,12,,Aggregated,0.000000,0.000000,N/A,N/A,N/A,N/A,N/A,N/A,N/A,N/A,N/A,N/A,N/A,0,0,0,0.0,0,0,0
1790319356,12,,Aggregated,0.000000,0.000000,N/A,N/A,N/A,N/A,N/A,N/A,N/A,N/A,N/A,N/A,N/A,0,0,0,0.0,0,0,0
1790319357,12,,Aggregated,0.000000,0.000000,N/A,N/A,N/A,N/A,N/A,N/A,N/A,N/A,N/A,N/A,N/A,0,0,0,0.0,0,0,0
1790319358,12,,Aggregated,0.000000,0.000000,N/A,N/A,N/A,N/A,N/A,N/A,N/A,N/A,N/A,N/A,N/A,0,0,0,0.0,0,0,0
1790319359,12,,Aggregated,0.000000,0.000000,N/A,N/A,N/A,N/A,N/A,N/A,N/A,N/A,N/A,N/A,N/A,0,0,0,0.0,0,0,0
1790319360,12,,Aggregated,0.000000,0.000000,N/A,N/A,N/A,N/A,N/A,N/A,N/A,N/A,N/A,N/A,N/A,0,0,0,0.0,0,0,0
1790319361,12,,Aggregated,0.000000,0.000000,N/A,N/A,N/A,N/A,N/A,N/A,N/A,N/A,N/A,N/A,N/A,0,0,0,0.0,0,0,0
1790319362,12,,Aggregated,0.000000,0.000000,N/A,N/A,N/A,N/A,N/A,N/A,N/A,N/A,N/A,N/A,N/A,0,0,0,0.0,0,0,0
1790319363,12,,Aggregated,0.000000,0.000000,N/A,N/A,N/A,N/A,N/A,N/A,N/A,N/A,N/A,N/A,N/A,0,0,0,0.0,0,0,0
1790319364,12,,Aggregated,0.000000,0.000000,N/A,N/A,N/A,N/A,N/A,N/A,N/A,N/A,N/A,N/A,N/A,0,0,0,0.0,0,0,0
1790319365,12,,Aggregated,0.000000,0.000000,N/A,N/A,N/A,N/A,N/A,N/A,N/A,N/A,N/A,N/A,N/A,0,0,0,0.0,0,0,0
1790319366,12,,Aggregated,0.000000,0.000000,N/A,N/A,N/A,N/A,N/A,N/A,N/A,N/A,N/A,N/A,N/A,0,0,0,0.0,0,0,0
1790319367,12,,Aggregated,0.000000,0.000000,N/A,N/A,N/A,N/A,N/A,N/A,N/A,N/A,N/A,N/A,N/A,0,0,0,0.0,0,0,0
1790319368,12,,Aggregated,0.000000,0.000000,N/A,N/A,N/A,N/A,N/A,N/A,N/A,N/A,N/A,N/A,N/A,0,0,0,0.0,0,0,0
1790319369,12,,Aggregated,0.000000,0.000000,N/A,N/A,N/A,N/A,N/A,N/A,N/A,N/A,N/A,N/A,N/A,0,0,0,0.0,0,0,0
1790319370,12,,Aggregated,0.000000,0.000000,N/A,N/A,N/A,N/A,N/A,N/A,N/A,N/A,N/A,N/A,N/A,0,0,0,0.0,0,0,0
1790319371,12,,Aggregated,0.000000,0.000000,N/A,N/A,N/A,N/A,N/A,N/A,N/A,N/A,N/A,N/A,N/A,0,0,0,0.0,0,0,0
1790319372,12,,Aggregated,0.000000,0.000000,N/A,N/A,N/A,N/A,N/A,N/A,N/A,N/A,N/A,N/A,N/A,0,0,0,0.0,0,0,0
1790319373,12,,Aggregated,0.000000,0.000000,N/A,N/A,N/A,N/A,N/A,N/A,N/A,N/A,N/A,N/A,N/A,0,0,0,0.0,0,0,0
1790319374,12,,Aggregated,0.000000,0.000000,N/A,N/A,N/A,N/A,N/A,N/A,N/A,N/A,N/A,N/A,N/A,0,0,0,0.0,0,0,0
1790319375,12,,Aggregated,0.000000,0.000000,N/A,N/A,N/A,N/A,N/A,N/A,N/A,N/A,N/A,N/A,N/A,0,0,0,0.0,0,0,0
1790319376,12,,Aggregated,0.000000,0.000000,N/A,N/A,N/A,N/A,N/A,N/A,N/A,N/A,N/A,N/A,N/A,0,0,0,0.0,0,0,0
1790319377,12,,Aggregated,0.000000,0.000000,N/A,N/A,N/A,N/A,N/A,N/A,N/A,N/A,N/A,N/A,N/A,0,0,0,0.0,0,0,0
1790319378,12,,Aggregated,0.000000,0.000000,N/A,N/A,N/A,N/A,N/A,N/A,N/A,N/A,N/A,N/A,N/A,0,0,0,0.0,0,0,0
1790319379,12,,Aggregated,0.000000,0.000000,N/A,N/A,N/A,N/A,N/A,N/A,N/A,N/A,N/A,N/A,N/A,0,0,0,0.0,0,0,0
1790319380,12,,Aggregated,0.000000,0.000000,N/A,N/A,N/A,N/A,N/A,N/A,N/A,N/A,N/A,N/A,N/A,0,0,0,0.0,0,0,0
1790319381,12,,Aggregated,0.000000,0.000000,N/A,N/A,N/A,N/A,N/A,N/A,N/A,N/A,N/A,N/A,N/A,0,0,0,0.0,0,0,0
1790319382,12,,Aggregated,0.000000,0.000000,N/A,N/A,N/A,N/A,N/A,N/A,N/A,N/A,N/A,N/A,N/A,0,0,0,0.0,0,0,0
1790319383,12,,Aggregated,0.000000,0.000000,N/A,N/A,N/A,N/A,N/A,N/A,N/A,N/A,N/A,N/A,N/A,0,0,0,0.0,0,0,0
1790319384,12,,Aggregated,0.000000,0.000000,N/A,N/A,N/A,N/A,N/A,N/A,N/A,N/A,N/A,N/A,N/A,0,0,0,0.0,0,0,0
1790319385,12,,Aggregated,0.000000,0.000000,N/A,N/A,N/A,N/A,N/A,N/A,N/A,N/A,N/A,N/A,N/A,0,0,0,0.0,0,0,0
1790319386,12,,Aggregated,0.000000,0.000000,N/A,N/A,N/A,N/A,N/A,N/A,N/A,N/A,N/A,N/A,N/A,0,0,0,0.0,0,0,0
1790319387,12,,Aggregated,0.000000,0.000000,N/A,N/A,N/A,N/A,N/A,N/A,N/A,N/A,N/A,N/A,N/A,0,0,0,0.0,0,0,0
1790319388,12,,Aggregated,0.000000,0.000000,N/A,N/A,N/A,N/A,N/A,N/A,N/A,N/A,N/A,N/A,N/A,0,0,0,0.0,0,0,0
1790319389,12,,Aggregated,0.000000,0.000000,N/A,N/A,N/A,N/A,N/A,N/A,N/A,N/A,N/A,N/A,N/A,0,0,0,0.0,0,0,0
1790319390,12,,Aggregated,0.000000,0.000000,N/A,N/A,N/A,N/A,N/A,N/A,N/A,N/A,N/A,N/A,N/A,0,0,0,0.0,0,0,0
1790319391,12,POST,completion,0.000000,0.000000,0,0,0,0,0,0,0,0,0,0,0,1,0,80198.88193206862,80198.88193206862,80198.88193206862,80198.88193206862,128.0
1790319391,12,TPOT,completion,0.000000,0.000000,0,0,0,0,0,0,0,0,0,0,0,1,0,584.3635019772928,584.3635019772928,584.3635019772928,584.3635019772928,0.0
1790319391,12,TTFT,completion,0.000000,0.000000,0,0,0,0,0,0,0,0,0,0,0,1,0,5983.92756190151,5983.92756190151,5983.92756190151,5983.92756190151,0.0
1790319391,12,,Aggregated,0.000000,0.000000,0,0,0,0,0,0,0,0,0,0,0,3,0,6000,28922.390998649138,584.3635019772928,80198.88193206862,42.666666666666664
1790319392,12,POST,completion,0.000000,0.000000,0,0,0,0,0,0,0,0,0,0,0,1,0,80198.88193206862,80198.88193206862,80198.88193206862,80198.88193206862,128.0
1790319392,12,TPOT,completion,0.000000,0.000000,0,0,0,0,0,0,0,0,0,0,0,1,0,584.3635019772928,584.3635019772928,584.3635019772928,584.3635019772928,0.0
1790319392,12,TTFT,completion,0.000000,0.000000,0,0,0,0,0,0,0,0,0,0,0,1,0,5983.92756190151,5983.92756190151,5983.92756190151,5983.92756190151,0.0
1790319392,12,,Aggregated,0.000000,0.000000,0,0,0,0,0,0,0,0,0,0,0,3,0,6000,28922.390998649138,584.3635019772928,80198.88193206862,42.666666666666664
1790319393,12,POST,completion,0.000000,0.000000,80000,80000,80000,80000,80000,80000,80000,80000,80000,80000,80000,1,0,80198.88193206862,80198.88193206862,80198.88193206862,80198.88193206862,128.0
1790319393,12,TPOT,completion,0.000000,0.000000,580,580,580,580,580,580,580,580,580,580,580,1,0,584.3635019772928,584.3635019772928,584.3635019772928,584.3635019772928,0.0
1790319393,12,TTFT,completion,0.000000,0.000000,6000,6000,6000,6000,6000,6000,6000,6000,6000,6000,6000,1,0,5983.92756190151,5983.92756190151,5983.92756190151,5983.92756190151,0.0
1790319393,12,,Aggregated,0.000000,0.000000,0,0,0,0,0,0,0,0,0,0,0,3,0,6000,28922.390998649138,584.3635019772928,80198.88193206862,42.666666666666664
1790319394,12,POST,completion,0.100000,0.000000,81000,81000,81000,81000,81000,81000,81000,81000,81000,81000,81000,2,0,80983.13929396681,80591.01061301772,80198.88193206862,80983.13929396681,128.0
1790319394,12,TPOT,completion,0.100000,0.000000,590,590,590,590,590,590,590,590,590,590,590,2,0,589.6423707723501,587.0029363748215,584.3635019772928,589.6423707723501,0.0
1790319394,12,TTFT,completion,0.100000,0.000000,6100,6100,6100,6100,6100,6100,6100,6100,6100,6100,6100,2,0,6097.769947955385,6040.848754928447,5983.92756190151,6097.769947955385,0.0
1790319394,12,,Aggregated,0.300000,0.000000,0,0,0,0,0,0,0,0,0,0,0,6,0,6100,29072.954101440326,584.3635019772928,80983.13929396681,42.666666666666664
1790319395,12,POST,completion,0.100000,0.000000,81000,81000,81000,81000,81000,81000,81000,81000,81000,81000,81000,2,0,80983.13929396681,80591.01061301772,80198.88193206862,80983.13929396681,128.0
1790319395,12,TPOT,completion,0.100000,0.000000,590,590,590,590,590,590,590,590,590,590,590,2,0,589.6423707723501,587.0029363748215,584.3635019772928,589.6423707723501,0.0
1790319395,12,TTFT,completion,0.100000,0.000000,6100,6100,6100,6100,6100,6100,6100,6100,6100,6100,6100,2,0,6097.769947955385,6040.848754928447,5983.92756190151,6097.769947955385,0.0
1790319395,12,,Aggregated,0.300000,0.000000,6100,6100,81000,81000,81000,81000,81000,81000,81000,81000,81000,6,0,6100,29072.954101440326,584.3635019772928,80983.13929396681,42.666666666666664
1790319396,12,POST,completion,0.100000,0.000000,81000,81000,81000,81000,81000,81000,81000,81000,81000,81000,81000,3,0,80983.13929396681,80716.79886127822,80198.88193206862,80983.13929396681,128.0
1790319396,12,TPOT,completion,0.100000,0.000000,590,590,590,590,590,590,590,590,590,590,590,3,0,589.7052920383115,587.9037215959848,584.3635019772928,589.7052920383115,0.0
1790319396,12,TTFT,completion,0.100000,0.000000,6100,6100,6100,6100,6100,6100,6100,6100,6100,6100,6100,3,0,6097.769947955385,6052.25544826438,5983.92756190151,6097.769947955385,0.0
1790319396,12,,Aggregated,0.300000,0.000000,6100,6100,81000,81000,81000,81000,81000,81000,81000,81000,81000,9,0,6100,29118.986010379525,584.3635019772928,80983.13929396681,42.666666666666664
1790319397,12,POST,completion,0.100000,0.000000,81000,81000,81000,81000,81000,81000,81000,81000,81000,81000,81000,3,0,80983.13929396681,80716.79886127822,80198.88193206862,80983.13929396681,128.0
1790319397,12,TPOT,completion,0.100000,0.000000,590,590,590,590,590,590,590,590,590,590,590,3,0,589.7052920383115,587.9037215959848,584.3635019772928,589.7052920383115,0.0
1790319397,12,TTFT,completion,0.100000,0.000000,6100,6100,6100,6100,6100,6100,6100,6100,6100,6100,6100,3,0,6097.769947955385,6052.25544826438,5983.92756190151,6097.769947955385,0.0
1790319397,12,,Aggregated,0.300000,0.000000,6100,6100,81000,81000,81000,81000,81000,81000,81000,81000,81000,9,0,6100,29118.986010379525,584.3635019772928,80983.13929396681,42.666666666666664
1790319398,12,POST,completion,0.100000,0.000000,81000,81000,81000,81000,81000,81000,81000,81000,81000,81000,81000,3,0,80983.13929396681,80716.79886127822,80198.88193206862,80983.13929396681,128.0
1790319398,12,TPOT,completion,0.100000,0.000000,590,590,590,590,590,590,590,590,590,590,590,3,0,589.7052920383115,587.9037215959848,584.3635019772928,589.7052920383115,0.0
1790319398,12,TTFT,completion,0.100000,0.000000,6100,6100,6100,6100,6100,6100,6100,6100,6100,6100,6100,3,0,6097.769947955385,6052.25544826438,5983.92756190151,6097.769947955385,0.0
1790319398,12,,Aggregated,0.300000,0.000000,6100,6100,81000,81000,81000,81000,81000,81000,81000,81000,81000,9,0,6100,29118.986010379525,584.3635019772928,80983.13929396681,42.666666666666664
1790319399,12,POST,completion,0.100000,0.000000,81000,81000,81000,81000,81000,81000,81000,81000,81000,81000,81000,3,0,80983.13929396681,80716.79886127822,80198.88193206862,80983.13929396681,128.0
1790319399,12,TPOT,completion,0.100000,0.000000,590,590,590,590,590,590,590,590,590,590,590,3,0,589.7052920383115,587.9037215959848,584.3635019772928,589.7052920383115,0.0
1790319399,12,TTFT,completion,0.100000,0.000000,6100,6100,6100,6100,6100,6100,6100,6100,6100,6100,6100,3,0,6097.769947955385,6052.25544826438,5983.92756190151,6097.769947955385,0.0
1790319399,12,,Aggregated,0.300000,0.000000,6100,6100,81000,81000,81000,81000,81000,81000,81000,81000,81000,9,0,6100,29118.986010379525,584.3635019772928,80983.13929396681,42.666666666666664
1790319400,12,POST,completion,0.100000,0.000000,81000,81000,81000,81000,81000,81000,81000,81000,81000,81000,81000,3,0,80983.13929396681,80716.79886127822,80198.88193206862,80983.13929396681,128.0
1790319400,12,TPOT,completion,0.100000,0.000000,590,590,590,590,590,590,590,590,590,590,590,3,0,589.7052920383115,587.9037215959848,584.3635019772928,589.7052920383115,0.0
1790319400,12,TTFT,completion,0.100000,0.000000,6100,6100,6100,6100,6100,6100,6100,6100,6100,6100,6100,3,0,6097.769947955385,6052.25544826438,5983.92756190151,6097.769947955385,0.0
1790319400,12,,Aggregated,0.300000,0.000000,6100,6100,81000,81000,81000,81000,81000,81000,81000,81000,81000,9,0,6100,29118.986010379525,584.3635019772928,80983.13929396681,42.666666666666664
1790319401,12,POST,completion,0.100000,0.000000,81000,81000,81000,81000,81000,81000,81000,81000,81000,81000,81000,3,0,80983.13929396681,80716.79886127822,80198.88193206862,80983.13929396681,128.0
1790319401,12,TPOT,completion,0.100000,0.000000,590,590,590,590,590,590,590,590,590,590,590,3,0,589.7052920383115,587.9037215959848,584.3635019772928,589.7052920383115,0.0
1790319401,12,TTFT,completion,0.100000,0.000000,6100,6100,6100,6100,6100,6100,6100,6100,6100,6100,6100,3,0,6097.769947955385,6052.25544826438,5983.92756190151,6097.769947955385,0.0
1790319401,12,,Aggregated,0.300000,0.000000,6100,6100,81000,81000,81000,81000,81000,81000,81000,81000,81000,9,0,6100,29118.986010379525,584.3635019772928,80983.13929396681,42.666666666666664
1790319402,12,POST,completion,0.100000,0.000000,81000,81000,81000,81000,81000,81000,81000,81000,81000,81000,81000,3,0,80983.13929396681,80716.79886127822,80198.88193206862,80983.13929396681,128.0
1790319402,12,TPOT,completion,0.100000,0.000000,590,590,590,590,590,590,590,590,590,590,590,3,0,589.7052920383115,587.9037215959848,584.3635019772928,589.7052920383115,0.0
1790319402,12,TTFT,completion,0.100000,0.000000,6100,6100,6100,6100,6100,6100,6100,6100,6100,6100,6100,3,0,6097.769947955385,6052.25544826438,5983.92756190151,6097.769947955385,0.0
1790319402,12,,Aggregated,0.300000,0.000000,6100,6100,81000,81000,81000,81000,81000,81000,81000,81000,81000,9,0,6100,29118.986010379525,584.3635019772928,80983.13929396681,42.666666666666664
1790319403,12,POST,completion,0.300000,0.000000,81000,81000,82000,82000,82000,82000,82000,82000,82000,82000,82000,4,0,81000,81113.8238782296,80198.88193206862,82304.89892908372,128.0
1790319403,12,TPOT,completion,0.300000,0.000000,590,590,600,600,600,600,600,600,600,600,600,4,0,590,589.7060256221289,584.3635019772928,595.1129377005607,0.0
1790319403,12,TTFT,completion,0.300000,0.000000,6100,6100,6700,6700,6700,6700,6700,6700,6700,6700,6700,4,0,6100,6220.399216224905,5983.92756190151,6724.8305201064795,0.0
1790319403,12,,Aggregated,0.900000,0.000000,6100,6700,81000,81000,82000,82000,82000,82000,82000,82000,82000,12,0,6100,29307.976373358877,584.3635019772928,82304.89892908372,42.666666666666664
1790319404,12,POST,completion,0.300000,0.000000,81000,81000,82000,82000,82000,82000,82000,82000,82000,82000,82000,5,0,81000,80697.33664100058,79031.38769208454,82304.89892908372,128.0
1790319404,12,TPOT,completion,0.300000,0.000000,590,590,600,600,600,600,600,600,600,600,600,5,0,590,580.1016968770291,541.6843818966299,595.1129377005607,0.0
1790319404,12,TTFT,completion,0.300000,0.000000,6700,6700,10000,10000,10000,10000,10000,10000,10000,10000,10000,5,0,6100,7023.665312398225,5983.92756190151,10236.729697091505,0.0
1790319404,12,,Aggregated,0.900000,0.000000,6700,10000,79000,81000,82000,82000,82000,82000,82000,82000,82000,15,0,6100,29433.701216758614,541.6843818966299,82304.89892908372,42.666666666666664
1790319405,12,POST,completion,0.300000,0.000000,81000,81000,82000,82000,82000,82000,82000,82000,82000,82000,82000,5,0,81000,80697.33664100058,79031.38769208454,82304.89892908372,128.0
1790319405,12,TPOT,completion,0.300000,0.000000,590,590,600,600,600,600,600,600,600,600,600,5,0,590,580.1016968770291,541.6843818966299,595.1129377005607,0.0
1790319405,12,TTFT,completion,0.300000,0.000000,6700,6700,10000,10000,10000,10000,10000,10000,10000,10000,10000,5,0,6100,7023.665312398225,5983.92756190151,10236.729697091505,0.0
1790319405,12,,Aggregated,0.900000,0.000000,6700,10000,79000,81000,82000,82000,82000,82000,82000,82000,82000,15,0,6100,29433.701216758614,541.6843818966299,82304.89892908372,42.666666666666664
1790319406,12,POST,completion,0.400000,0.000000,81000,82000,82000,83000,83000,83000,83000,83000,83000,83000,83000,7,0,81000,80509.93033774596,77183.06000204757,82899.76915717125,128.0
1790319406,12,TPOT,completion,0.400000,0.000000,590,600,600,600,600,600,600,600,600,600,600,7,0,590,576.8190672405325,541.6843818966299,595.4171168731569,0.0
1790319406,12,TTFT,completion,0.400000,0.000000,7300,8400,8400,10000,10000,10000,10000,10000,10000,10000,10000,7,0,6700,7253.16680558691,5983.92756190151,10236.729697091505,0.0
1790319406,12,,Aggregated,1.200000,0.000000,7300,10000,79000,81000,82000,83000,83000,83000,83000,83000,83000,21,0,6700,29446.638736857807,541.6843818966299,82899.76915717125,42.666666666666664
1790319407,12,POST,completion,0.400000,0.000000,82000,82000,83000,83000,83000,83000,83000,83000,83000,83000,83000,8,0,81000,80777.56047641742,77183.06000204757,82899.76915717125,128.0
1790319407,12,TPOT,completion,0.400000,0.000000,590,590,600,600,600,600,600,600,600,600,600,8,0,590,578.6770043963857,541.6843818966299,595.4171168731569,0.0
1790319407,12,TTFT,completion,0.400000,0.000000,7500,7500,8400,8400,10000,10000,10000,10000,10000,10000,10000,8,0,7300,7284.840050648199,5983.92756190151,10236.729697091505,0.0
1790319407,12,,Aggregated,1.200000,0.000000,7500,10000,79000,81000,83000,83000,83000,83000,83000,83000,83000,24,0,7300,29547.02584382067,541.6843818966299,82899.76915717125,42.666666666666664
1790319408,12,POST,completion,0.400000,0.000000,82000,82000,83000,83000,83000,83000,83000,83000,83000,83000,83000,8,0,81000,80777.56047641742,77183.06000204757,82899.76915717125,128.0
1790319408,12,TPOT,completion,0.400000,0.000000,590,590,600,600,600,600,600,600,600,600,600,8,0,590,578.6770043963857,541.6843818966299,595.4171168731569,0.0
1790319408,12,TTFT,completion,0.400000,0.000000,7500,7500,8400,8400,10000,10000,10000,10000,10000,10000,10000,8,0,7300,7284.840050648199,5983.92756190151,10236.729697091505,0.0
1790319408,12,,Aggregated,1.200000,0.000000,7500,10000,79000,81000,83000,83000,83000,83000,83000,83000,83000,24,0,7300,29547.02584382067,541.6843818966299,82899.76915717125,42.666666666666664
1790319409,12,POST,completion,0.400000,0.000000,82000,83000,83000,83000,83000,83000,83000,83000,83000,83000,83000,8,0,81000,80777.56047641742,77183.06000204757,82899.76915717125,128.0
1790319409,12,TPOT,completion,0.400000,0.000000,590,600,600,600,600,600,600,600,600,600,600,8,0,590,578.6770043963857,541.6843818966299,595.4171168731569,0.0
1790319409,12,TTFT,completion,0.400000,0.000000,7500,8400,8400,10000,10000,10000,10000,10000,10000,10000,10000,8,0,7300,7284.840050648199,5983.92756190151,10236.729697091505,0.0
1790319409,12,,Aggregated,1.200000,0.000000,7500,10000,79000,82000,83000,83000,83000,83000,83000,83000,83000,24,0,7300,29547.02584382067,541.6843818966299,82899.76915717125,42.666666666666664
1790319410,12,POST,completion,0.400000,0.000000,82000,83000,83000,83000,83000,83000,83000,83000,83000,83000,83000,8,0,81000,80777.56047641742,77183.06000204757,82899.76915717125,128.0
1790319410,12,TPOT,completion,0.400000,0.000000,590,600,600,600,600,600,600,600,600,600,600,8,0,590,578.6770043963857,541.6843818966299,595.4171168731569,0.0
1790319410,12,TTFT,completion,0.400000,0.000000,7500,8400,8400,10000,10000,10000,10000,10000,10000,10000,10000,8,0,7300,7284.840050648199,5983.92756190151,10236.729697091505,0.0
1790319410,12,,Aggregated,1.200000,0.000000,7500,10000,79000,82000,83000,83000,83000,83000,83000,83000,83000,24,0,7300,29547.02584382067,541.6843818966299,82899.76915717125,42.666666666666664
1790319411,12,POST,completion,0.500000,0.000000,82000,82000,83000,83000,83000,83000,83000,83000,83000,83000,83000,9,0,81000,80696.39902680906,77183.06000204757,82899.76915717125,128.0
1790319411,12,TPOT,completion,0.500000,0.000000,590,590,600,600,600,600,600,600,600,600,600,9,0,590,574.7359386272077,541.6843818966299,595.4171168731569,0.0
1790319411,12,TTFT,completion,0.500000,0.000000,8400,8400,10000,10000,11000,11000,11000,11000,11000,11000,11000,9,0,7300,7704.189729566376,5983.92756190151,11058.987160911784,0.0
1790319411,12,,Aggregated,1.500000,0.000000,8400,11000,79000,80000,83000,83000,83000,83000,83000,83000,83000,27,0,7300,29658.441565000878,541.6843818966299,82899.76915717125,42.666666666666664
1790319412,12,POST,completion,0.500000,0.000000,82000,82000,83000,83000,83000,83000,83000,83000,83000,83000,83000,9,0,81000,80696.39902680906,77183.06000204757,82899.76915717125,128.0
1790319412,12,TPOT,completion,0.500000,0.000000,590,590,600,600,600,600,600,600,600,600,600,9,0,590,574.7359386272077,541.6843818966299,595.4171168731569,0.0
1790319412,12,TTFT,completion,0.500000,0.000000,8400,8400,10000,10000,11000,11000,11000,11000,11000,11000,11000,9,0,7300,7704.189729566376,5983.92756190151,11058.987160911784,0.0
1790319412,12,,Aggregated,1.500000,0.000000,8400,11000,79000,80000,83000,83000,83000,83000,83000,83000,83000,27,0,7300,29658.441565000878,541.6843818966299,82899.76915717125,42.666666666666664
1790319413,12,POST,completion,0.500000,0.000000,82000,82000,83000,83000,83000,83000,83000,83000,83000,83000,83000,9,0,81000,80696.39902680906,77183.06000204757,82899.76915717125,128.0
1790319413,12,TPOT,completion,0.500000,0.000000,590,590,600,600,600,600,600,600,600,600,600,9,0,590,574.7359386272077,541.6843818966299,595.4171168731569,0.0
1790319413,12,TTFT,completion,0.500000,0.000000,8400,8400,10000,10000,11000,11000,11000,11000,11000,11000,11000,9,0,7300,7704.189729566376,5983.92756190151,11058.987160911784,0.0
1790319413,12,,Aggregated,1.500000,0.000000,8400,11000,79000,80000,83000,83000,83000,83000,83000,83000,83000,27,0,7300,29658.441565000878,541.6843818966299,82899.76915717125,42.666666666666664
1790319414,12,POST,completion,0.600000,0.000000,83000,83000,83000,83000,83000,83000,83000,83000,83000,83000,83000,10,0,81000,80964.64127842337,77183.06000204757,83378.82154295221,128.0
1790319414,12,TPOT,completion,0.600000,0.000000,590,590,590,600,600,600,600,600,600,600,600,10,0,590,576.5618340297434,541.6843818966299,595.4171168731569,0.0
1790319414,12,TTFT,completion,0.600000,0.000000,8100,8400,8400,11000,11000,11000,11000,11000,11000,11000,11000,10,0,7500,7740.545977209695,5983.92756190151,11058.987160911784,0.0
1790319414,12,,Aggregated,1.800000,0.000000,8100,11000,80000,83000,83000,83000,83000,83000,83000,83000,83000,30,0,7500,29760.583029887603,541.6843818966299,83378.82154295221,42.666666666666664
1790319415,12,POST,completion,0.600000,0.000000,83000,83000,83000,83000,83000,83000,83000,83000,83000,83000,83000,10,0,81000,80964.64127842337,77183.06000204757,83378.82154295221,128.0
1790319415,12,TPOT,completion,0.600000,0.000000,590,590,590,590,590,590,590,590,590,590,590,10,0,590,576.5618340297434,541.6843818966299,595.4171168731569,0.0
1790319415,12,TTFT,completion,0.600000,0.000000,8400,8400,11000,11000,11000,11000,11000,11000,11000,11000,11000,10,0,7500,7740.545977209695,5983.92756190151,11058.987160911784,0.0
1790319415,12,,Aggregated,1.800000,0.000000,8400,11000,80000,80000,83000,83000,83000,83000,83000,83000,83000,30,0,7500,29760.583029887603,541.6843818966299,83378.82154295221,42.666666666666664
1790319416,12,POST,completion,0.600000,0.000000,83000,83000,83000,83000,83000,83000,83000,83000,83000,83000,83000,10,0,81000,80964.64127842337,77183.06000204757,83378.82154295221,128.0
1790319416,12,TPOT,completion,0.600000,0.000000,590,590,590,590,590,590,590,590,590,590,590,10,0,590,576.5618340297434,541.6843818966299,595.4171168731569,0.0
1790319416,12,TTFT,completion,0.600000,0.000000,8400,8400,11000,11000,11000,11000,11000,11000,11000,11000,11000,10,0,7500,7740.545977209695,5983.92756190151,11058.987160911784,0.0
1790319416,12,,Aggregated,1.800000,0.000000,8400,11000,80000,80000,83000,83000,83000,83000,83000,83000,83000,30,0,7500,29760.583029887603,541.6843818966299,83378.82154295221,42.666666666666664
1790319417,12,POST,completion,0.600000,0.000000,83000,83000,83000,83000,83000,83000,83000,83000,83000,83000,83000,10,0,81000,80964.64127842337,77183.06000204757,83378.82154295221,128.0
1790319417,12,TPOT,completion,0.600000,0.000000,590,590,590,590,590,590,590,590,590,590,590,10,0,590,576.5618340297434,541.6843818966299,595.4171168731569,0.0
1790319417,12,TTFT,completion,0.600000,0.000000,8400,8400,11000,11000,11000,11000,11000,11000,11000,11000,11000,10,0,7500,7740.545977209695,5983.92756190151,11058.987160911784,0.0
1790319417,12,,Aggregated,1.800000,0.000000,8400,11000,80000,80000,83000,83000,83000,83000,83000,83000,83000,30,0,7500,29760.583029887603,541.6843818966299,83378.82154295221,42.666666666666664
1790319418,12,POST,completion,0.600000,0.000000,83000,83000,83000,83000,83000,83000,83000,83000,83000,83000,83000,10,0,81000,80964.64127842337,77183.06000204757,83378.82154295221,128.0
1790319418,12,TPOT,completion,0.600000,0.000000,590,590,590,590,590,590,590,590,590,590,590,10,0,590,576.5618340297434,541.6843818966299,595.4171168731569,0.0
1790319418,12,TTFT,completion,0.600000,0.000000,11000,11000,11000,11000,11000,11000,11000,11000,11000,11000,11000,10,0,7500,7740.545977209695,5983.92756190151,11058.987160911784,0.0
1790319418,12,,Aggregated,1.800000,0.000000,11000,11000,80000,80000,83000,83000,83000,83000,83000,83000,83000,30,0,7500,29760.583029887603,541.6843818966299,83378.82154295221,42.666666666666664
1790319419,12,POST,completion,0.200000,0.000000,83000,83000,97000,97000,97000,97000,97000,97000,97000,97000,97000,11,0,81000,82422.20012428747,77183.06000204757,96997.78858292848,128.0
1790319419,12,TPOT,completion,0.200000,0.000000,590,590,700,700,700,700,700,700,700,700,700,11,0,590,588.1435742754085,541.6843818966299,703.9609767320588,0.0
1790319419,12,TTFT,completion,0.200000,0.000000,8100,8100,11000,11000,11000,11000,11000,11000,11000,11000,11000,11,0,7500,7727.222456829622,5983.92756190151,11058.987160911784,0.0
1790319419,12,,Aggregated,0.600000,0.000000,8100,11000,80000,83000,97000,97000,97000,97000,97000,97000,97000,33,0,7500,30245.855385130835,541.6843818966299,96997.78858292848,42.666666666666664
1790319420,12,POST,completion,0.200000,0.000000,93000,93000,97000,97000,97000,97000,97000,97000,97000,97000,97000,12,0,82000,83318.96192359272,77183.06000204757,96997.78858292848,128.0
1790319420,12,TPOT,completion,0.200000,0.000000,650,650,700,700,700,700,700,700,700,700,700,12,0,590,593.3644941074804,541.6843818966299,703.9609767320588,0.0
1790319420,12,TTFT,completion,0.200000,0.000000,11000,11000,11000,11000,11000,11000,11000,11000,11000,11000,11000,12,0,7600,7960.926061263308,5983.92756190151,11058.987160911784,0.0
1790319420,12,,Aggregated,0.600000,0.000000,11000,11000,83000,83000,93000,97000,97000,97000,97000,97000,97000,36,0,7600,30624.41749298784,541.6843818966299,96997.78858292848,42.666666666666664
1790319421,12,POST,completion,0.200000,0.000000,93000,93000,97000,97000,97000,97000,97000,97000,97000,97000,97000,12,0,82000,83318.96192359272,77183.06000204757,96997.78858292848,128.0
1790319421,12,TPOT,completion,0.200000,0.000000,650,650,700,700,700,700,700,700,700,700,700,12,0,590,593.3644941074804,541.6843818966299,703.9609767320588,0.0
1790319421,12,TTFT,completion,0.200000,0.000000,11000,11000,11000,11000,11000,11000,11000,11000,11000,11000,11000,12,0,7600,7960.926061263308,5983.92756190151,11058.987160911784,0.0
1790319421,12,,Aggregated,0.600000,0.000000,11000,11000,83000,83000,93000,97000,97000,97000,97000,97000,97000,36,0,7600,30624.41749298784,541.6843818966299,96997.78858292848,42.666666666666664
1790319422,12,POST,completion,0.200000,0.000000,93000,93000,97000,97000,97000,97000,97000,97000,97000,97000,97000,12,0,82000,83318.96192359272,77183.06000204757,96997.78858292848,128.0
1790319422,12,TPOT,completion,0.200000,0.000000,650,650,700,700,700,700,700,700,700,700,700,12,0,590,593.3644941074804,541.6843818966299,703.9609767320588,0.0
1790319422,12,TTFT,completion,0.200000,0.000000,8100,8100,11000,11000,11000,11000,11000,11000,11000,11000,11000,12,0,7600,7960.926061263308,5983.92756190151,11058.987160911784,0.0
1790319422,12,,Aggregated,0.600000,0.000000,8100,11000,83000,93000,97000,97000,97000,97000,97000,97000,97000,36,0,7600,30624.41749298784,541.6843818966299,96997.78858292848,42.666666666666664
1790319423,12,POST,completion,0.200000,0.000000,93000,93000,97000,97000,97000,97000,97000,97000,97000,97000,97000,12,0,82000,83318.96192359272,77183.06000204757,96997.78858292848,128.0
1790319423,12,TPOT,completion,0.200000,0.000000,650,650,700,700,700,700,700,700,700,700,700,12,0,590,593.3644941074804,541.6843818966299,703.9609767320588,0.0
1790319423,12,TTFT,completion,0.200000,0.000000,8100,8100,11000,11000,11000,11000,11000,11000,11000,11000,11000,12,0,7600,7960.926061263308,5983.92756190151,11058.987160911784,0.0
1790319423,12,,Aggregated,0.600000,0.000000,8100,11000,83000,93000,97000,97000,97000,97000,97000,97000,97000,36,0,7600,30624.41749298784,541.6843818966299,96997.78858292848,42.666666666666664
1790319424,12,POST,completion,0.200000,0.000000,93000,93000,97000,97000,97000,97000,97000,97000,97000,97000,97000,12,0,82000,83318.96192359272,77183.06000204757,96997.78858292848,128.0
1790319424,12,TPOT,completion,0.200000,0.000000,650,650,700,700,700,700,700,700,700,700,700,12,0,590,593.3644941074804,541.6843818966299,703.9609767320588,0.0
1790319424,12,TTFT,completion,0.200000,0.000000,8100,8100,11000,11000,11000,11000,11000,11000,11000,11000,11000,12,0,7600,7960.926061263308,5983.92756190151,11058.987160911784,0.0
1790319424,12,,Aggregated,0.600000,0.000000,8100,11000,83000,93000,97000,97000,97000,97000,97000,97000,97000,36,0,7600,30624.41749298784,541.6843818966299,96997.78858292848,42.666666666666664
1790319425,12,POST,completion,0.200000,0.000000,93000,93000,97000,97000,97000,97000,97000,97000,97000,97000,97000,12,0,82000,83318.96192359272,77183.06000204757,96997.78858292848,128.0
1790319425,12,TPOT,completion,0.200000,0.000000,650,650,700,700,700,700,700,700,700,700,700,12,0,590,593.3644941074804,541.6843818966299,703.9609767320588,0.0
1790319425,12,TTFT,completion,0.200000,0.000000,8100,8100,11000,11000,11000,11000,11000,11000,11000,11000,11000,12,0,7600,7960.926061263308,5983.92756190151,11058.987160911784,0.0
1790319425,12,,Aggregated,0.600000,0.000000,8100,11000,83000,93000,97000,97000,97000,97000,97000,97000,97000,36,0,7600,30624.41749298784,541.6843818966299,96997.78858292848,42.666666666666664
1790319426,12,POST,completion,0.200000,0.000000,97000,97000,97000,97000,97000,97000,97000,97000,97000,97000,97000,12,0,82000,83318.96192359272,77183.06000204757,96997.78858292848,128.0
1790319426,12,TPOT,completion,0.200000,0.000000,700,700,700,700,700,700,700,700,700,700,700,12,0,590,593.3644941074804,541.6843818966299,703.9609767320588,0.0
1790319426,12,TTFT,completion,0.200000,0.000000,11000,11000,11000,11000,11000,11000,11000,11000,11000,11000,11000,12,0,7600,7960.926061263308,5983.92756190151,11058.987160911784,0.0
1790319426,12,,Aggregated,0.600000,0.000000,11000,11000,93000,93000,97000,97000,97000,97000,97000,97000,97000,36,0,7600,30624.41749298784,541.6843818966299,96997.78858292848,42.666666666666664
1790319427,12,POST,completion,0.200000,0.000000,97000,97000,97000,97000,97000,97000,97000,97000,97000,97000,97000,12,0,82000,83318.96192359272,77183.06000204757,96997.78858292848,128.0
1790319427,12,TPOT,completion,0.200000,0.000000,700,700,700,700,700,700,700,700,700,700,700,12,0,590,593.3644941074804,541.6843818966299,703.9609767320588,0.0
1790319427,12,TTFT,completion,0.200000,0.000000,11000,11000,11000,11000,11000,11000,11000,11000,11000,11000,11000,12,0,7600,7960.926061263308,5983.92756190151,11058.987160911784,0.0
1790319427,12,,Aggregated,0.600000,0.000000,11000,11000,93000,93000,97000,97000,97000,97000,97000,97000,97000,36,0,7600,30624.41749298784,541.6843818966299,96997.78858292848,42.666666666666664
1790319428,12,POST,completion,0.200000,0.000000,97000,97000,97000,97000,97000,97000,97000,97000,97000,97000,97000,12,0,82000,83318.96192359272,77183.06000204757,96997.78858292848,128.0
1790319428,12,TPOT,completion,0.200000,0.000000,700,700,700,700,700,700,700,700,700,700,700,12,0,590,593.3644941074804,541.6843818966299,703.9609767320588,0.0
1790319428,12,TTFT,completion,0.200000,0.000000,11000,11000,11000,11000,11000,11000,11000,11000,11000,11000,11000,12,0,7600,7960.926061263308,5983.92756190151,11058.987160911784,0.0
1790319428,12,,Aggregated,0.600000,0.000000,11000,11000,93000,93000,97000,97000,97000,97000,97000,97000,97000,36,0,7600,30624.41749298784,541.6843818966299,96997.78858292848,42.666666666666664
1790319429,12,POST,completion,0.200000,0.000000,97000,97000,97000,97000,97000,97000,97000,97000,97000,97000,97000,12,0,82000,83318.96192359272,77183.06000204757,96997.78858292848,128.0
1790319429,12,TPOT,completion,0.200000,0.000000,700,700,700,700,700,700,700,700,700,700,700,12,0,590,593.3644941074804,541.6843818966299,703.9609767320588,0.0
1790319429,12,TTFT,completion,0.200000,0.000000,11000,11000,11000,11000,11000,11000,11000,11000,11000,11000,11000,12,0,7600,7960.926061263308,5983.92756190151,11058.987160911784,0.0
1790319429,12,,Aggregated,0.600000,0.000000,11000,11000,93000,93000,97000,97000,97000,97000,97000,97000,97000,36,0,7600,30624.41749298784,541.6843818966299,96997.78858292848,42.666666666666664
1790319430,12,POST,completion,0.200000,0.000000,97000,97000,97000,97000,97000,97000,97000,97000,97000,97000,97000,12,0,82000,83318.96192359272,77183.06000204757,96997.78858292848,128.0
1790319430,12,TPOT,completion,0.200000,0.000000,700,700,700,700,700,700,700,700,700,700,700,12,0,590,593.3644941074804,541.6843818966299,703.9609767320588,0.0
1790319430,12,TTFT,completion,0.200000,0.000000,11000,11000,11000,11000,11000,11000,11000,11000,11000,11000,11000,12,0,7600,7960.926061263308,5983.92756190151,11058.987160911784,0.0
1790319430,12,,Aggregated,0.600000,0.000000,11000,11000,93000,93000,97000,97000,97000,97000,97000,97000,97000,36,0,7600,30624.41749298784,541.6843818966299,96997.78858292848,42.666666666666664
1790319431,12,POST,completion,0.200000,0.000000,97000,97000,97000,97000,97000,97000,97000,97000,97000,97000,97000,12,0,82000,83318.96192359272,77183.06000204757,96997.78858292848,128.0
1790319431,12,TPOT,completion,0.200000,0.000000,700,700,700,700,700,700,700,700,700,700,700,12,0,590,593.3644941074804,541.6843818966299,703.9609767320588,0.0
1790319431,12,TTFT,completion,0.200000,0.000000,11000,11000,11000,11000,11000,11000,11000,11000,11000,11000,11000,12,0,7600,7960.926061263308,5983.92756190151,11058.987160911784,0.0
1790319431,12,,Aggregated,0.600000,0.000000,11000,11000,93000,93000,97000,97000,97000,97000,97000,97000,97000,36,0,7600,30624.41749298784,541.6843818966299,96997.78858292848,42.666666666666664
1790319432,12,POST,completion,0.200000,0.000000,97000,97000,97000,97000,97000,97000,97000,97000,97000,97000,97000,12,0,82000,83318.96192359272,77183.06000204757,96997.78858292848,128.0
1790319432,12,TPOT,completion,0.200000,0.000000,700,700,700,700,700,700,700,700,700,700,700,12,0,590,593.3644941074804,541.6843818966299,703.9609767320588,0.0
1790319432,12,TTFT,completion,0.200000,0.000000,11000,11000,11000,11000,11000,11000,11000,11000,11000,11000,11000,12,0,7600,7960.926061263308,5983.92756190151,11058.987160911784,0.0
1790319432,12,,Aggregated,0.600000,0.000000,11000,11000,93000,93000,97000,97000,97000,97000,97000,97000,97000,36,0,7600,30624.41749298784,541.6843818966299,96997.78858292848,42.666666666666664
1790319433,12,POST,completion,0.200000,0.000000,97000,97000,97000,97000,97000,97000,97000,97000,97000,97000,97000,12,0,82000,83318.96192359272,77183.06000204757,96997.78858292848,128.0
1790319433,12,TPOT,completion,0.200000,0.000000,700,700,700,700,700,700,700,700,700,700,700,12,0,590,593.3644941074804,541.6843818966299,703.9609767320588,0.0
1790319433,12,TTFT,completion,0.200000,0.000000,11000,11000,11000,11000,11000,11000,11000,11000,11000,11000,11000,12,0,7600,7960.926061263308,5983.92756190151,11058.987160911784,0.0
1790319433,12,,Aggregated,0.600000,0.000000,11000,11000,93000,93000,97000,97000,97000,97000,97000,97000,97000,36,0,7600,30624.41749298784,541.6843818966299,96997.78858292848,42.666666666666664
1790319434,12,POST,completion,0.200000,0.000000,97000,97000,97000,97000,97000,97000,97000,97000,97000,97000,97000,12,0,82000,83318.96192359272,77183.06000204757,96997.78858292848,128.0
1790319434,12,TPOT,completion,0.200000,0.000000,700,700,700,700,700,700,700,700,700,700,700,12,0,590,593.3644941074804,541.6843818966299,703.9609767320588,0.0
1790319434,12,TTFT,completion,0.200000,0.000000,11000,11000,11000,11000,11000,11000,11000,11000,11000,11000,11000,12,0,7600,7960.926061263308,5983.92756190151,11058.987160911784,0.0
1790319434,12,,Aggregated,0.600000,0.000000,11000,11000,93000,93000,97000,97000,97000,97000,97000,97000,97000,36,0,7600,30624.41749298784,541.6843818966299,96997.78858292848,42.666666666666664
1790319435,12,POST,completion,0.200000,0.000000,97000,97000,97000,97000,97000,97000,97000,97000,97000,97000,97000,12,0,82000,83318.96192359272,77183.06000204757,96997.78858292848,128.0
1790319435,12,TPOT,completion,0.200000,0.000000,700,700,700,700,700,700,700,700,700,700,700,12,0,590,593.3644941074804,541.6843818966299,703.9609767320588,0.0
1790319435,12,TTFT,completion,0.200000,0.000000,11000,11000,11000,11000,11000,11000,11000,11000,11000,11000,11000,12,0,7600,7960.926061263308,5983.92756190151,11058.987160911784,0.0
1790319435,12,,Aggregated,0.600000,0.000000,11000,11000,93000,93000,97000,97000,97000,97000,97000,97000,97000,36,0,7600,30624.41749298784,541.6843818966299,96997.78858292848,42.666666666666664
1790319436,12,POST,completion,0.200000,0.000000,97000,97000,97000,97000,97000,97000,97000,97000,97000,97000,97000,12,0,82000,83318.96192359272,77183.06000204757,96997.78858292848,128.0
1790319436,12,TPOT,completion,0.200000,0.000000,700,700,700,700,700,700,700,700,700,700,700,12,0,590,593.3644941074804,541.6843818966299,703.9609767320588,0.0
1790319436,12,TTFT,completion,0.200000,0.000000,11000,11000,11000,11000,11000,11000,11000,11000,11000,11000,11000,12,0,7600,7960.926061263308,5983.92756190151,11058.987160911784,0.0
1790319436,12,,Aggregated,0.600000,0.000000,11000,11000,93000,93000,97000,97000,97000,97000,97000,97000,97000,36,0,7600,30624.41749298784,541.6843818966299,96997.78858292848,42.666666666666664
1790319437,12,POST,completion,0.200000,0.000000,0,0,0,0,0,0,0,0,0,0,0,12,0,82000,83318.96192359272,77183.06000204757,96997.78858292848,128.0
1790319437,12,TPOT,completion,0.200000,0.000000,0,0,0,0,0,0,0,0,0,0,0,12,0,590,593.3644941074804,541.6843818966299,703.9609767320588,0.0
1790319437,12,TTFT,completion,0.200000,0.000000,0,0,0,0,0,0,0,0,0,0,0,12,0,7600,7960.926061263308,5983.92756190151,11058.987160911784,0.0
1790319437,12,,Aggregated,0.600000,0.000000,0,0,0,0,0,0,0,0,0,0,0,36,0,7600,30624.41749298784,541.6843818966299,96997.78858292848,42.666666666666664
1790319438,12,POST,completion,0.200000,0.000000,0,0,0,0,0,0,0,0,0,0,0,12,0,82000,83318.96192359272,77183.06000204757,96997.78858292848,128.0
1790319438,12,TPOT,completion,0.200000,0.000000,0,0,0,0,0,0,0,0,0,0,0,12,0,590,593.3644941074804,541.6843818966299,703.9609767320588,0.0
1790319438,12,TTFT,completion,0.200000,0.000000,0,0,0,0,0,0,0,0,0,0,0,12,0,7600,7960.926061263308,5983.92756190151,11058.987160911784,0.0
1790319438,12,,Aggregated,0.600000,0.000000,0,0,0,0,0,0,0,0,0,0,0,36,0,7600,30624.41749298784,541.6843818966299,96997.78858292848,42.666666666666664
1790319439,12,POST,completion,0.200000,0.000000,0,0,0,0,0,0,0,0,0,0,0,12,0,82000,83318.96192359272,77183.06000204757,96997.78858292848,128.0
1790319439,12,TPOT,completion,0.200000,0.000000,0,0,0,0,0,0,0,0,0,0,0,12,0,590,593.3644941074804,541.6843818966299,703.9609767320588,0.0
1790319439,12,TTFT,completion,0.200000,0.000000,0,0,0,0,0,0,0,0,0,0,0,12,0,7600,7960.926061263308,5983.92756190151,11058.987160911784,0.0
1790319439,12,,Aggregated,0.600000,0.000000,0,0,0,0,0,0,0,0,0,0,0,36,0,7600,30624.41749298784,541.6843818966299,96997.78858292848,42.666666666666664
1790319440,12,POST,completion,0.200000,0.000000,0,0,0,0,0,0,0,0,0,0,0,12,0,82000,83318.96192359272,77183.06000204757,96997.78858292848,128.0
1790319440,12,TPOT,completion,0.200000,0.000000,0,0,0,0,0,0,0,0,0,0,0,12,0,590,593.3644941074804,541.6843818966299,703.9609767320588,0.0
1790319440,12,TTFT,completion,0.200000,0.000000,0,0,0,0,0,0,0,0,0,0,0,12,0,7600,7960.926061263308,5983.92756190151,11058.987160911784,0.0
1790319440,12,,Aggregated,0.600000,0.000000,0,0,0,0,0,0,0,0,0,0,0,36,0,7600,30624.41749298784,541.6843818966299,96997.78858292848,42.666666666666664
1790319441,12,POST,completion,0.200000,0.000000,0,0,0,0,0,0,0,0,0,0,0,12,0,82000,83318.96192359272,77183.06000204757,96997.78858292848,128.0
1790319441,12,TPOT,completion,0.200000,0.000000,0,0,0,0,0,0,0,0,0,0,0,12,0,590,593.3644941074804,541.6843818966299,703.9609767320588,0.0
1790319441,12,TTFT,completion,0.200000,0.000000,0,0,0,0,0,0,0,0,0,0,0,12,0,7600,7960.926061263308,5983.92756190151,11058.987160911784,0.0
1790319441,12,,Aggregated,0.600000,0.000000,0,0,0,0,0,0,0,0,0,0,0,36,0,7600,30624.41749298784,541.6843818966299,96997.78858292848,42.666666666666664
1790319442,12,POST,completion,0.200000,0.000000,0,0,0,0,0,0,0,0,0,0,0,12,0,82000,83318.96192359272,77183.06000204757,96997.78858292848,128.0
1790319442,12,TPOT,completion,0.200000,0.000000,0,0,0,0,0,0,0,0,0,0,0,12,0,590,593.3644941074804,541.6843818966299,703.9609767320588,0.0
1790319442,12,TTFT,completion,0.200000,0.000000,0,0,0,0,0,0,0,0,0,0,0,12,0,7600,7960.926061263308,5983.92756190151,11058.987160911784,0.0
1790319442,12,,Aggregated,0.600000,0.000000,0,0,0,0,0,0,0,0,0,0,0,36,0,7600,30624.41749298784,541.6843818966299,96997.78858292848,42.666666666666664
1790319443,12,POST,completion,0.200000,0.000000,0,0,0,0,0,0,0,0,0,0,0,12,0,82000,83318.96192359272,77183.06000204757,96997.78858292848,128.0
1790319443,12,TPOT,completion,0.200000,0.000000,0,0,0,0,0,0,0,0,0,0,0,12,0,590,593.3644941074804,541.6843818966299,703.9609767320588,0.0
1790319443,12,TTFT,completion,0.200000,0.000000,0,0,0,0,0,0,0,0,0,0,0,12,0,7600,7960.926061263308,5983.92756190151,11058.987160911784,0.0
1790319443,12,,Aggregated,0.600000,0.000000,0,0,0,0,0,0,0,0,0,0,0,36,0,7600,30624.41749298784,541.6843818966299,96997.78858292848,42.666666666666664
1790319444,12,POST,completion,0.200000,0.000000,0,0,0,0,0,0,0,0,0,0,0,12,0,82000,83318.96192359272,77183.06000204757,96997.78858292848,128.0
1790319444,12,TPOT,completion,0.200000,0.000000,0,0,0,0,0,0,0,0,0,0,0,12,0,590,593.3644941074804,541.6843818966299,703.9609767320588,0.0
1790319444,12,TTFT,completion,0.200000,0.000000,0,0,0,0,0,0,0,0,0,0,0,12,0,7600,7960.926061263308,5983.92756190151,11058.987160911784,0.0
1790319444,12,,Aggregated,0.600000,0.000000,0,0,0,0,0,0,0,0,0,0,0,36,0,7600,30624.41749298784,541.6843818966299,96997.78858292848,42.666666666666664
1790319445,12,POST,completion,0.200000,0.000000,0,0,0,0,0,0,0,0,0,0,0,12,0,82000,83318.96192359272,77183.06000204757,96997.78858292848,128.0
1790319445,12,TPOT,completion,0.200000,0.000000,0,0,0,0,0,0,0,0,0,0,0,12,0,590,593.3644941074804,541.6843818966299,703.9609767320588,0.0
1790319445,12,TTFT,completion,0.200000,0.000000,0,0,0,0,0,0,0,0,0,0,0,12,0,7600,7960.926061263308,5983.92756190151,11058.987160911784,0.0
1790319445,12,,Aggregated,0.600000,0.000000,0,0,0,0,0,0,0,0,0,0,0,36,0,7600,30624.41749298784,541.6843818966299,96997.78858292848,42.666666666666664
1790319446,12,POST,completion,0.200000,0.000000,0,0,0,0,0,0,0,0,0,0,0,12,0,82000,83318.96192359272,77183.06000204757,96997.78858292848,128.0
1790319446,12,TPOT,completion,0.200000,0.000000,0,0,0,0,0,0,0,0,0,0,0,12,0,590,593.3644941074804,541.6843818966299,703.9609767320588,0.0
1790319446,12,TTFT,completion,0.200000,0.000000,0,0,0,0,0,0,0,0,0,0,0,12,0,7600,7960.926061263308,5983.92756190151,11058.987160911784,0.0
1790319446,12,,Aggregated,0.600000,0.000000,0,0,0,0,0,0,0,0,0,0,0,36,0,7600,30624.41749298784,541.6843818966299,96997.78858292848,42.666666666666664
1790319447,12,POST,completion,0.200000,0.000000,0,0,0,0,0,0,0,0,0,0,0,12,0,82000,83318.96192359272,77183.06000204757,96997.78858292848,128.0
1790319447,12,TPOT,completion,0.200000,0.000000,0,0,0,0,0,0,0,0,0,0,0,12,0,590,593.3644941074804,541.6843818966299,703.9609767320588,0.0
1790319447,12,TTFT,completion,0.200000,0.000000,0,0,0,0,0,0,0,0,0,0,0,12,0,7600,7960.926061263308,5983.92756190151,11058.987160911784,0.0
1790319447,12,,Aggregated,0.600000,0.000000,0,0,0,0,0,0,0,0,0,0,0,36,0,7600,30624.41749298784,541.6843818966299,96997.78858292848,42.666666666666664
1790319448,12,POST,completion,0.200000,0.000000,0,0,0,0,0,0,0,0,0,0,0,12,0,82000,83318.96192359272,77183.06000204757,96997.78858292848,128.0
1790319448,12,TPOT,completion,0.200000,0.000000,0,0,0,0,0,0,0,0,0,0,0,12,0,590,593.3644941074804,541.6843818966299,703.9609767320588,0.0
1790319448,12,TTFT,completion,0.200000,0.000000,0,0,0,0,0,0,0,0,0,0,0,12,0,7600,7960.926061263308,5983.92756190151,11058.987160911784,0.0
1790319448,12,,Aggregated,0.600000,0.000000,0,0,0,0,0,0,0,0,0,0,0,36,0,7600,30624.41749298784,541.6843818966299,96997.78858292848,42.666666666666664
1790319449,12,POST,completion,0.200000,0.000000,0,0,0,0,0,0,0,0,0,0,0,12,0,82000,83318.96192359272,77183.06000204757,96997.78858292848,128.0
1790319449,12,TPOT,completion,0.200000,0.000000,0,0,0,0,0,0,0,0,0,0,0,12,0,590,593.3644941074804,541.6843818966299,703.9609767320588,0.0
1790319449,12,TTFT,completion,0.200000,0.000000,0,0,0,0,0,0,0,0,0,0,0,12,0,7600,7960.926061263308,5983.92756190151,11058.987160911784,0.0
1790319449,12,,Aggregated,0.600000,0.000000,0,0,0,0,0,0,0,0,0,0,0,36,0,7600,30624.41749298784,541.6843818966299,96997.78858292848,42.666666666666664
1790319450,12,POST,completion,0.200000,0.000000,0,0,0,0,0,0,0,0,0,0,0,12,0,82000,83318.96192359272,77183.06000204757,96997.78858292848,128.0
1790319450,12,TPOT,completion,0.200000,0.000000,0,0,0,0,0,0,0,0,0,0,0,12,0,590,593.3644941074804,541.6843818966299,703.9609767320588,0.0
1790319450,12,TTFT,completion,0.200000,0.000000,0,0,0,0,0,0,0,0,0,0,0,12,0,7600,7960.926061263308,5983.92756190151,11058.987160911784,0.0
1790319450,12,,Aggregated,0.600000,0.000000,0,0,0,0,0,0,0,0,0,0,0,36,0,7600,30624.41749298784,541.6843818966299,96997.78858292848,42.666666666666664
1790319451,12,POST,completion,0.200000,0.000000,0,0,0,0,0,0,0,0,0,0,0,12,0,82000,83318.96192359272,77183.06000204757,96997.78858292848,128.0
1790319451,12,TPOT,completion,0.200000,0.000000,0,0,0,0,0,0,0,0,0,0,0,12,0,590,593.3644941074804,541.6843818966299,703.9609767320588,0.0
1790319451,12,TTFT,completion,0.200000,0.000000,0,0,0,0,0,0,0,0,0,0,0,12,0,7600,7960.926061263308,5983.92756190151,11058.987160911784,0.0
1790319451,12,,Aggregated,0.600000,0.000000,0,0,0,0,0,0,0,0,0,0,0,36,0,7600,30624.41749298784,541.6843818966299,96997.78858292848,42.666666666666664
1790319452,12,POST,completion,0.200000,0.000000,0,0,0,0,0,0,0,0,0,0,0,12,0,82000,83318.96192359272,77183.06000204757,96997.78858292848,128.0
1790319452,12,TPOT,completion,0.200000,0.000000,0,0,0,0,0,0,0,0,0,0,0,12,0,590,593.3644941074804,541.6843818966299,703.9609767320588,0.0
1790319452,12,TTFT,completion,0.200000,0.000000,0,0,0,0,0,0,0,0,0,0,0,12,0,7600,7960.926061263308,5983.92756190151,11058.987160911784,0.0
1790319452,12,,Aggregated,0.600000,0.000000,0,0,0,0,0,0,0,0,0,0,0,36,0,7600,30624.41749298784,541.6843818966299,96997.78858292848,42.666666666666664
1790319453,12,POST,completion,0.200000,0.000000,0,0,0,0,0,0,0,0,0,0,0,12,0,82000,83318.96192359272,77183.06000204757,96997.78858292848,128.0
1790319453,12,TPOT,completion,0.200000,0.000000,0,0,0,0,0,0,0,0,0,0,0,12,0,590,593.3644941074804,541.6843818966299,703.9609767320588,0.0
1790319453,12,TTFT,completion,0.200000,0.000000,0,0,0,0,0,0,0,0,0,0,0,12,0,7600,7960.926061263308,5983.92756190151,11058.987160911784,0.0
1790319453,12,,Aggregated,0.600000,0.000000,0,0,0,0,0,0,0,0,0,0,0,36,0,7600,30624.41749298784,541.6843818966299,96997.78858292848,42.666666666666664
1790319454,12,POST,completion,0.200000,0.000000,0,0,0,0,0,0,0,0,0,0,0,12,0,82000,83318.96192359272,77183.06000204757,96997.78858292848,128.0
1790319454,12,TPOT,completion,0.200000,0.000000,0,0,0,0,0,0,0,0,0,0,0,12,0,590,593.3644941074804,541.6843818966299,703.9609767320588,0.0
1790319454,12,TTFT,completion,0.200000,0.000000,0,0,0,0,0,0,0,0,0,0,0,12,0,7600,7960.926061263308,5983.92756190151,11058.987160911784,0.0
1790319454,12,,Aggregated,0.600000,0.000000,0,0,0,0,0,0,0,0,0,0,0,36,0,7600,30624.41749298784,541.6843818966299,96997.78858292848,42.666666666666664
1790319455,12,POST,completion,0.200000,0.000000,0,0,0,0,0,0,0,0,0,0,0,12,0,82000,83318.96192359272,77183.06000204757,96997.78858292848,128.0
1790319455,12,TPOT,completion,0.200000,0.000000,0,0,0,0,0,0,0,0,0,0,0,12,0,590,593.3644941074804,541.6843818966299,703.9609767320588,0.0
1790319455,12,TTFT,completion,0.200000,0.000000,0,0,0,0,0,0,0,0,0,0,0,12,0,7600,7960.926061263308,5983.92756190151,11058.987160911784,0.0
1790319455,12,,Aggregated,0.600000,0.000000,0,0,0,0,0,0,0,0,0,0,0,36,0,7600,30624.41749298784,541.6843818966299,96997.78858292848,42.666666666666664
1790319456,12,POST,completion,0.200000,0.000000,0,0,0,0,0,0,0,0,0,0,0,12,0,82000,83318.96192359272,77183.06000204757,96997.78858292848,128.0
1790319456,12,TPOT,completion,0.200000,0.000000,0,0,0,0,0,0,0,0,0,0,0,12,0,590,593.3644941074804,541.6843818966299,703.9609767320588,0.0
1790319456,12,TTFT,completion,0.200000,0.000000,0,0,0,0,0,0,0,0,0,0,0,12,0,7600,7960.926061263308,5983.92756190151,11058.987160911784,0.0
1790319456,12,,Aggregated,0.600000,0.000000,0,0,0,0,0,0,0,0,0,0,0,36,0,7600,30624.41749298784,541.6843818966299,96997.78858292848,42.666666666666664
1790319457,12,POST,completion,0.200000,0.000000,0,0,0,0,0,0,0,0,0,0,0,12,0,82000,83318.96192359272,77183.06000204757,96997.78858292848,128.0
1790319457,12,TPOT,completion,0.200000,0.000000,0,0,0,0,0,0,0,0,0,0,0,12,0,590,593.3644941074804,541.6843818966299,703.9609767320588,0.0
1790319457,12,TTFT,completion,0.200000,0.000000,0,0,0,0,0,0,0,0,0,0,0,12,0,7600,7960.926061263308,5983.92756190151,11058.987160911784,0.0
1790319457,12,,Aggregated,0.600000,0.000000,0,0,0,0,0,0,0,0,0,0,0,36,0,7600,30624.41749298784,541.6843818966299,96997.78858292848,42.666666666666664
1790319458,12,POST,completion,0.200000,0.000000,0,0,0,0,0,0,0,0,0,0,0,12,0,82000,83318.96192359272,77183.06000204757,96997.78858292848,128.0
1790319458,12,TPOT,completion,0.200000,0.000000,0,0,0,0,0,0,0,0,0,0,0,12,0,590,593.3644941074804,541.6843818966299,703.9609767320588,0.0
1790319458,12,TTFT,completion,0.200000,0.000000,0,0,0,0,0,0,0,0,0,0,0,12,0,7600,7960.926061263308,5983.92756190151,11058.987160911784,0.0
1790319458,12,,Aggregated,0.600000,0.000000,0,0,0,0,0,0,0,0,0,0,0,36,0,7600,30624.41749298784,541.6843818966299,96997.78858292848,42.666666666666664
1790319459,12,POST,completion,0.200000,0.000000,0,0,0,0,0,0,0,0,0,0,0,12,0,82000,83318.96192359272,77183.06000204757,96997.78858292848,128.0
1790319459,12,TPOT,completion,0.200000,0.000000,0,0,0,0,0,0,0,0,0,0,0,12,0,590,593.3644941074804,541.6843818966299,703.9609767320588,0.0
1790319459,12,TTFT,completion,0.200000,0.000000,0,0,0,0,0,0,0,0,0,0,0,12,0,7600,7960.926061263308,5983.92756190151,11058.987160911784,0.0
1790319459,12,,Aggregated,0.600000,0.000000,0,0,0,0,0,0,0,0,0,0,0,36,0,7600,30624.41749298784,541.6843818966299,96997.78858292848,42.666666666666664
1790319460,12,POST,completion,0.200000,0.000000,0,0,0,0,0,0,0,0,0,0,0,12,0,82000,83318.96192359272,77183.06000204757,96997.78858292848,128.0
1790319460,12,TPOT,completion,0.200000,0.000000,0,0,0,0,0,0,0,0,0,0,0,12,0,590,593.3644941074804,541.6843818966299,703.9609767320588,0.0
1790319460,12,TTFT,completion,0.200000,0.000000,0,0,0,0,0,0,0,0,0,0,0,12,0,7600,7960.926061263308,5983.92756190151,11058.987160911784,0.0
1790319460,12,,Aggregated,0.600000,0.000000,0,0,0,0,0,0,0,0,0,0,0,36,0,7600,30624.41749298784,541.6843818966299,96997.78858292848,42.666666666666664
1790319461,12,POST,completion,0.200000,0.000000,0,0,0,0,0,0,0,0,0,0,0,12,0,82000,83318.96192359272,77183.06000204757,96997.78858292848,128.0
1790319461,12,TPOT,completion,0.200000,0.000000,0,0,0,0,0,0,0,0,0,0,0,12,0,590,593.3644941074804,541.6843818966299,703.9609767320588,0.0
1790319461,12,TTFT,completion,0.200000,0.000000,0,0,0,0,0,0,0,0,0,0,0,12,0,7600,7960.926061263308,5983.92756190151,11058.987160911784,0.0
1790319461,12,,Aggregated,0.600000,0.000000,0,0,0,0,0,0,0,0,0,0,0,36,0,7600,30624.41749298784,541.6843818966299,96997.78858292848,42.666666666666664
1790319462,12,POST,completion,0.200000,0.000000,0,0,0,0,0,0,0,0,0,0,0,12,0,82000,83318.96192359272,77183.06000204757,96997.78858292848,128.0
1790319462,12,TPOT,completion,0.200000,0.000000,0,0,0,0,0,0,0,0,0,0,0,12,0,590,593.3644941074804,541.6843818966299,703.9609767320588,0.0
1790319462,12,TTFT,completion,0.200000,0.000000,0,0,0,0,0,0,0,0,0,0,0,12,0,7600,7960.926061263308,5983.92756190151,11058.987160911784,0.0
1790319462,12,,Aggregated,0.600000,0.000000,0,0,0,0,0,0,0,0,0,0,0,36,0,7600,30624.41749298784,541.6843818966299,96997.78858292848,42.666666666666664
1790319463,12,POST,completion,0.200000,0.000000,0,0,0,0,0,0,0,0,0,0,0,12,0,82000,83318.96192359272,77183.06000204757,96997.78858292848,128.0
1790319463,12,TPOT,completion,0.200000,0.000000,0,0,0,0,0,0,0,0,0,0,0,12,0,590,593.3644941074804,541.6843818966299,703.9609767320588,0.0
1790319463,12,TTFT,completion,0.200000,0.000000,0,0,0,0,0,0,0,0,0,0,0,12,0,7600,7960.926061263308,5983.92756190151,11058.987160911784,0.0
1790319463,12,,Aggregated,0.600000,0.000000,0,0,0,0,0,0,0,0,0,0,0,36,0,7600,30624.41749298784,541.6843818966299,96997.78858292848,42.666666666666664
1790319464,12,POST,completion,0.200000,0.000000,0,0,0,0,0,0,0,0,0,0,0,12,0,82000,83318.96192359272,77183.06000204757,96997.78858292848,128.0
1790319464,12,TPOT,completion,0.200000,0.000000,0,0,0,0,0,0,0,0,0,0,0,12,0,590,593.3644941074804,541.6843818966299,703.9609767320588,0.0
1790319464,12,TTFT,completion,0.200000,0.000000,0,0,0,0,0,0,0,0,0,0,0,12,0,7600,7960.926061263308,5983.92756190151,11058.987160911784,0.0
1790319464,12,,Aggregated,0.600000,0.000000,0,0,0,0,0,0,0,0,0,0,0,36,0,7600,30624.41749298784,541.6843818966299,96997.78858292848,42.666666666666664
1790319466,12,POST,completion,0.200000,0.000000,0,0,0,0,0,0,0,0,0,0,0,12,0,82000,83318.96192359272,77183.06000204757,96997.78858292848,128.0
1790319466,12,TPOT,completion,0.200000,0.000000,0,0,0,0,0,0,0,0,0,0,0,12,0,590,593.3644941074804,541.6843818966299,703.9609767320588,0.0
1790319466,12,TTFT,completion,0.200000,0.000000,0,0,0,0,0,0,0,0,0,0,0,12,0,7600,7960.926061263308,5983.92756190151,11058.987160911784,0.0
1790319466,12,,Aggregated,0.600000,0.000000,0,0,0,0,0,0,0,0,0,0,0,36,0,7600,30624.41749298784,541.6843818966299,96997.78858292848,42.666666666666664
1790319467,12,POST,completion,0.200000,0.000000,0,0,0,0,0,0,0,0,0,0,0,12,0,82000,83318.96192359272,77183.06000204757,96997.78858292848,128.0
1790319467,12,TPOT,completion,0.200000,0.000000,0,0,0,0,0,0,0,0,0,0,0,12,0,590,593.3644941074804,541.6843818966299,703.9609767320588,0.0
1790319467,12,TTFT,completion,0.200000,0.000000,0,0,0,0,0,0,0,0,0,0,0,12,0,7600,7960.926061263308,5983.92756190151,11058.987160911784,0.0
1790319467,12,,Aggregated,0.600000,0.000000,0,0,0,0,0,0,0,0,0,0,0,36,0,7600,30624.41749298784,541.6843818966299,96997.78858292848,42.666666666666664
1790319468,12,POST,completion,0.200000,0.000000,0,0,0,0,0,0,0,0,0,0,0,12,0,82000,83318.96192359272,77183.06000204757,96997.78858292848,128.0
1790319468,12,TPOT,completion,0.200000,0.000000,0,0,0,0,0,0,0,0,0,0,0,12,0,590,593.3644941074804,541.6843818966299,703.9609767320588,0.0
1790319468,12,TTFT,completion,0.200000,0.000000,0,0,0,0,0,0,0,0,0,0,0,12,0,7600,7960.926061263308,5983.92756190151,11058.987160911784,0.0
1790319468,12,,Aggregated,0.600000,0.000000,0,0,0,0,0,0,0,0,0,0,0,36,0,7600,30624.41749298784,541.6843818966299,96997.78858292848,42.666666666666664
1790319469,12,POST,completion,0.200000,0.000000,0,0,0,0,0,0,0,0,0,0,0,12,0,82000,83318.96192359272,77183.06000204757,96997.78858292848,128.0
1790319469,12,TPOT,completion,0.200000,0.000000,0,0,0,0,0,0,0,0,0,0,0,12,0,590,593.3644941074804,541.6843818966299,703.9609767320588,0.0
1790319469,12,TTFT,completion,0.200000,0.000000,0,0,0,0,0,0,0,0,0,0,0,12,0,7600,7960.926061263308,5983.92756190151,11058.987160911784,0.0
1790319469,12,,Aggregated,0.600000,0.000000,0,0,0,0,0,0,0,0,0,0,0,36,0,7600,30624.41749298784,541.6843818966299,96997.78858292848,42.666666666666664
1790319470,12,POST,completion,0.200000,0.000000,0,0,0,0,0,0,0,0,0,0,0,12,0,82000,83318.96192359272,77183.06000204757,96997.78858292848,128.0
1790319470,12,TPOT,completion,0.200000,0.000000,0,0,0,0,0,0,0,0,0,0,0,12,0,590,593.3644941074804,541.6843818966299,703.9609767320588,0.0
1790319470,12,TTFT,completion,0.200000,0.000000,0,0,0,0,0,0,0,0,0,0,0,12,0,7600,7960.926061263308,5983.92756190151,11058.987160911784,0.0
1790319470,12,,Aggregated,0.600000,0.000000,0,0,0,0,0,0,0,0,0,0,0,36,0,7600,30624.41749298784,541.6843818966299,96997.78858292848,42.666666666666664
1790319471,12,POST,completion,0.200000,0.000000,0,0,0,0,0,0,0,0,0,0,0,12,0,82000,83318.96192359272,77183.06000204757,96997.78858292848,128.0
1790319471,12,TPOT,completion,0.200000,0.000000,0,0,0,0,0,0,0,0,0,0,0,12,0,590,593.3644941074804,541.6843818966299,703.9609767320588,0.0
1790319471,12,TTFT,completion,0.200000,0.000000,0,0,0,0,0,0,0,0,0,0,0,12,0,7600,7960.926061263308,5983.92756190151,11058.987160911784,0.0
1790319471,12,,Aggregated,0.600000,0.000000,0,0,0,0,0,0,0,0,0,0,0,36,0,7600,30624.41749298784,541.6843818966299,96997.78858292848,42.666666666666664
1790319472,12,POST,completion,0.200000,0.000000,0,0,0,0,0,0,0,0,0,0,0,12,0,82000,83318.96192359272,77183.06000204757,96997.78858292848,128.0
1790319472,12,TPOT,completion,0.200000,0.000000,0,0,0,0,0,0,0,0,0,0,0,12,0,590,593.3644941074804,541.6843818966299,703.9609767320588,0.0
1790319472,12,TTFT,completion,0.200000,0.000000,0,0,0,0,0,0,0,0,0,0,0,12,0,7600,7960.926061263308,5983.92756190151,11058.987160911784,0.0
1790319472,12,,Aggregated,0.600000,0.000000,0,0,0,0,0,0,0,0,0,0,0,36,0,7600,30624.41749298784,541.6843818966299,96997.78858292848,42.666666666666664
1790319473,12,POST,completion,0.200000,0.000000,0,0,0,0,0,0,0,0,0,0,0,12,0,82000,83318.96192359272,77183.06000204757,96997.78858292848,128.0
1790319473,12,TPOT,completion,0.200000,0.000000,0,0,0,0,0,0,0,0,0,0,0,12,0,590,593.3644941074804,541.6843818966299,703.9609767320588,0.0
1790319473,12,TTFT,completion,0.200000,0.000000,0,0,0,0,0,0,0,0,0,0,0,12,0,7600,7960.926061263308,5983.92756190151,11058.987160911784,0.0
1790319473,12,,Aggregated,0.600000,0.000000,0,0,0,0,0,0,0,0,0,0,0,36,0,7600,30624.41749298784,541.6843818966299,96997.78858292848,42.666666666666664
1790319474,12,POST,completion,0.000000,0.000000,83000,83000,83000,83000,83000,83000,83000,83000,83000,83000,83000,13,0,82000,83263.48560523744,77183.06000204757,96997.78858292848,128.0
1790319474,12,TPOT,completion,0.000000,0.000000,590,590,590,590,590,590,590,590,590,590,590,13,0,590,593.0010781470836,541.6843818966299,703.9609767320588,0.0
1790319474,12,TTFT,completion,0.000000,0.000000,7800,7800,7800,7800,7800,7800,7800,7800,7800,7800,7800,13,0,7600,7951.610990316392,5983.92756190151,11058.987160911784,0.0
1790319474,12,,Aggregated,0.000000,0.000000,7800,7800,83000,83000,83000,83000,83000,83000,83000,83000,83000,39,0,7600,30602.699224566968,541.6843818966299,96997.78858292848,42.666666666666664
1790319475,12,POST,completion,0.000000,0.000000,83000,83000,83000,83000,83000,83000,83000,83000,83000,83000,83000,13,0,82000,83263.48560523744,77183.06000204757,96997.78858292848,128.0
1790319475,12,TPOT,completion,0.000000,0.000000,590,590,590,590,590,590,590,590,590,590,590,13,0,590,593.0010781470836,541.6843818966299,703.9609767320588,0.0
1790319475,12,TTFT,completion,0.000000,0.000000,7800,7800,7800,7800,7800,7800,7800,7800,7800,7800,7800,13,0,7600,7951.610990316392,5983.92756190151,11058.987160911784,0.0
1790319475,12,,Aggregated,0.000000,0.000000,7800,7800,83000,83000,83000,83000,83000,83000,83000,83000,83000,39,0,7600,30602.699224566968,541.6843818966299,96997.78858292848,42.666666666666664
1790319476,12,POST,completion,0.000000,0.000000,83000,83000,83000,83000,83000,83000,83000,83000,83000,83000,83000,13,0,82000,83263.48560523744,77183.06000204757,96997.78858292848,128.0
1790319476,12,TPOT,completion,0.000000,0.000000,590,590,590,590,590,590,590,590,590,590,590,13,0,590,593.0010781470836,541.6843818966299,703.9609767320588,0.0
1790319476,12,TTFT,completion,0.000000,0.000000,7800,7800,7800,7800,7800,7800,7800,7800,7800,7800,7800,13,0,7600,7951.610990316392,5983.92756190151,11058.987160911784,0.0
1790319476,12,,Aggregated,0.000000,0.000000,7800,7800,83000,83000,83000,83000,83000,83000,83000,83000,83000,39,0,7600,30602.699224566968,541.6843818966299,96997.78858292848,42.666666666666664
1790319477,12,POST,completion,0.100000,0.000000,83000,83000,83000,83000,83000,83000,83000,83000,83000,83000,83000,14,0,83000,83220.0829596425,77183.06000204757,96997.78858292848,128.0
1790319477,12,TPOT,completion,0.100000,0.000000,590,590,590,590,590,590,590,590,590,590,590,14,0,590,592.8208720977697,541.6843818966299,703.9609767320588,0.0
1790319477,12,TTFT,completion,0.100000,0.000000,7800,7800,7800,7800,7800,7800,7800,7800,7800,7800,7800,14,0,7700,7931.097412864411,5983.92756190151,11058.987160911784,0.0
1790319477,12,,Aggregated,0.300000,0.000000,7800,7800,83000,83000,83000,83000,83000,83000,83000,83000,83000,42,0,7700,30581.333748201563,541.6843818966299,96997.78858292848,42.666666666666664
1790319478,12,POST,completion,0.100000,0.000000,83000,83000,83000,83000,83000,83000,83000,83000,83000,83000,83000,15,0,82000,83128.9149098564,77183.06000204757,96997.78858292848,128.0
1790319478,12,TPOT,completion,0.100000,0.000000,590,590,590,590,590,590,590,590,590,590,590,15,0,590,592.2999928691951,541.6843818966299,703.9609767320588,0.0
1790319478,12,TTFT,completion,0.100000,0.000000,7700,7700,7800,7800,7800,7800,7800,7800,7800,7800,7800,15,0,7600,7906.081346003339,5983.92756190151,11058.987160911784,0.0
1790319478,12,,Aggregated,0.300000,0.000000,7700,7800,82000,83000,83000,83000,83000,83000,83000,83000,83000,45,0,7600,30542.432082909647,541.6843818966299,96997.78858292848,42.666666666666664
1790319479,12,POST,completion,0.100000,0.000000,83000,83000,83000,83000,83000,83000,83000,83000,83000,83000,83000,15,0,82000,83128.9149098564,77183.06000204757,96997.78858292848,128.0
1790319479,12,TPOT,completion,0.100000,0.000000,590,590,590,590,590,590,590,590,590,590,590,15,0,590,592.2999928691951,541.6843818966299,703.9609767320588,0.0
1790319479,12,TTFT,completion,0.100000,0.000000,7700,7700,7800,7800,7800,7800,7800,7800,7800,7800,7800,15,0,7600,7906.081346003339,5983.92756190151,11058.987160911784,0.0
1790319479,12,,Aggregated,0.300000,0.000000,7700,7800,82000,83000,83000,83000,83000,83000,83000,83000,83000,45,0,7600,30542.432082909647,541.6843818966299,96997.78858292848,42.666666666666664
1790319480,12,POST,completion,0.100000,0.000000,83000,83000,83000,83000,83000,83000,83000,83000,83000,83000,83000,15,0,82000,83128.9149098564,77183.06000204757,96997.78858292848,128.0
1790319480,12,TPOT,completion,0.100000,0.000000,590,590,590,590,590,590,590,590,590,590,590,15,0,590,592.2999928691951,541.6843818966299,703.9609767320588,0.0
1790319480,12,TTFT,completion,0.100000,0.000000,7700,7700,7800,7800,7800,7800,7800,7800,7800,7800,7800,15,0,7600,7906.081346003339,5983.92756190151,11058.987160911784,0.0
1790319480,12,,Aggregated,0.300000,0.000000,7700,7800,82000,83000,83000,83000,83000,83000,83000,83000,83000,45,0,7600,30542.432082909647,541.6843818966299,96997.78858292848,42.666666666666664
1790319481,12,POST,completion,0.100000,0.000000,83000,83000,83000,83000,83000,83000,83000,83000,83000,83000,83000,15,0,82000,83128.9149098564,77183.06000204757,96997.78858292848,128.0
1790319481,12,TPOT,completion,0.100000,0.000000,590,590,590,590,590,590,590,590,590,590,590,15,0,590,592.2999928691951,541.6843818966299,703.9609767320588,0.0
1790319481,12,TTFT,completion,0.100000,0.000000,7700,7700,7800,7800,7800,7800,7800,7800,7800,7800,7800,15,0,7600,7906.081346003339,5983.92756190151,11058.987160911784,0.0
1790319481,12,,Aggregated,0.300000,0.000000,7700,7800,82000,83000,83000,83000,83000,83000,83000,83000,83000,45,0,7600,30542.432082909647,541.6843818966299,96997.78858292848,42.666666666666664
1790319482,12,POST,completion,0.100000,0.000000,83000,83000,83000,83000,83000,83000,83000,83000,83000,83000,83000,15,0,82000,83128.9149098564,77183.06000204757,96997.78858292848,128.0
1790319482,12,TPOT,completion,0.100000,0.000000,590,590,590,590,590,590,590,590,590,590,590,15,0,590,592.2999928691951,541.6843818966299,703.9609767320588,0.0
1790319482,12,TTFT,completion,0.100000,0.000000,7700,7700,7800,7800,7800,7800,7800,7800,7800,7800,7800,15,0,7600,7906.081346003339,5983.92756190151,11058.987160911784,0.0
1790319482,12,,Aggregated,0.300000,0.000000,7700,7800,82000,83000,83000,83000,83000,83000,83000,83000,83000,45,0,7600,30542.432082909647,541.6843818966299,96997.78858292848,42.666666666666664
1790319483,12,POST,completion,0.100000,0.000000,83000,83000,83000,83000,83000,83000,83000,83000,83000,83000,83000,15,0,82000,83128.9149098564,77183.06000204757,96997.78858292848,128.0
1790319483,12,TPOT,completion,0.100000,0.000000,590,590,590,590,590,590,590,590,590,590,590,15,0,590,592.2999928691951,541.6843818966299,703.9609767320588,0.0
1790319483,12,TTFT,completion,0.100000,0.000000,7700,7700,7800,7800,7800,7800,7800,7800,7800,7800,7800,15,0,7600,7906.081346003339,5983.92756190151,11058.987160911784,0.0
1790319483,12,,Aggregated,0.300000,0.000000,7700,7800,82000,83000,83000,83000,83000,83000,83000,83000,83000,45,0,7600,30542.432082909647,541.6843818966299,96997.78858292848,42.666666666666664
1790319484,12,POST,completion,0.100000,0.000000,83000,83000,83000,83000,83000,83000,83000,83000,83000,83000,83000,15,0,82000,83128.9149098564,77183.06000204757,96997.78858292848,128.0
1790319484,12,TPOT,completion,0.100000,0.000000,590,590,590,590,590,590,590,590,590,590,590,15,0,590,592.2999928691951,541.6843818966299,703.9609767320588,0.0
1790319484,12,TTFT,completion,0.100000,0.000000,7700,7700,7700,7700,7700,7700,7700,7700,7700,7700,7700,15,0,7600,7906.081346003339,5983.92756190151,11058.987160911784,0.0
1790319484,12,,Aggregated,0.300000,0.000000,7700,7700,82000,82000,83000,83000,83000,83000,83000,83000,83000,45,0,7600,30542.432082909647,541.6843818966299,96997.78858292848,42.666666666666664
1790319485,12,POST,completion,0.100000,0.000000,83000,83000,83000,83000,83000,83000,83000,83000,83000,83000,83000,15,0,82000,83128.9149098564,77183.06000204757,96997.78858292848,128.0
1790319485,12,TPOT,completion,0.100000,0.000000,590,590,590,590,590,590,590,590,590,590,590,15,0,590,592.2999928691951,541.6843818966299,703.9609767320588,0.0
1790319485,12,TTFT,completion,0.100000,0.000000,7700,7700,7700,7700,7700,7700,7700,7700,7700,7700,7700,15,0,7600,7906.081346003339,5983.92756190151,11058.987160911784,0.0
1790319485,12,,Aggregated,0.300000,0.000000,7700,7700,82000,82000,83000,83000,83000,83000,83000,83000,83000,45,0,7600,30542.432082909647,541.6843818966299,96997.78858292848,42.666666666666664
1790319486,12,POST,completion,0.200000,0.000000,82000,82000,82000,82000,82000,82000,82000,82000,82000,82000,82000,17,0,82000,82570.38072904792,74874.58130693994,96997.78858292848,128.0
1790319486,12,TPOT,completion,0.200000,0.000000,580,580,590,590,590,590,590,590,590,590,590,17,0,590,588.2739957456313,531.6130507088405,703.9609767320588,0.0
1790319486,12,TTFT,completion,0.200000,0.000000,7600,7600,7700,7700,7700,7700,7700,7700,7700,7700,7700,17,0,7600,7858.854656299467,5983.92756190151,11058.987160911784,0.0
1790319486,12,,Aggregated,0.600000,0.000000,7600,7700,75000,82000,82000,82000,82000,82000,82000,82000,82000,51,0,7600,30339.16979369767,531.6130507088405,96997.78858292848,42.666666666666664
1790319487,12,POST,completion,0.200000,0.000000,82000,82000,82000,82000,82000,82000,82000,82000,82000,82000,82000,17,0,82000,82570.38072904792,74874.58130693994,96997.78858292848,128.0
1790319487,12,TPOT,completion,0.200000,0.000000,580,580,590,590,590,590,590,590,590,590,590,17,0,590,588.2739957456313,531.6130507088405,703.9609767320588,0.0
1790319487,12,TTFT,completion,0.200000,0.000000,7600,7600,7700,7700,7700,7700,7700,7700,7700,7700,7700,17,0,7600,7858.854656299467,5983.92756190151,11058.987160911784,0.0
1790319487,12,,Aggregated,0.600000,0.000000,7600,7700,75000,82000,82000,82000,82000,82000,82000,82000,82000,51,0,7600,30339.16979369767,531.6130507088405,96997.78858292848,42.666666666666664
1790319488,12,POST,completion,0.300000,0.000000,82000,82000,82000,82000,82000,82000,82000,82000,82000,82000,82000,18,0,82000,82528.72033143003,74874.58130693994,96997.78858292848,128.0
1790319488,12,TPOT,completion,0.300000,0.000000,580,580,590,590,590,590,590,590,590,590,590,18,0,590,587.9815735628915,531.6130507088405,703.9609767320588,0.0
1790319488,12,TTFT,completion,0.300000,0.000000,7700,7700,7800,7800,7800,7800,7800,7800,7800,7800,7800,18,0,7700,7854.335620947596,5983.92756190151,11058.987160911784,0.0
1790319488,12,,Aggregated,0.900000,0.000000,7700,7800,82000,82000,82000,82000,82000,82000,82000,82000,82000,54,0,7700,30323.679175313508,531.6130507088405,96997.78858292848,42.666666666666664
1790319489,12,POST,completion,0.300000,0.000000,82000,82000,82000,83000,83000,83000,83000,83000,83000,83000,83000,19,0,82000,82529.51530561979,74874.58130693994,96997.78858292848,128.0
1790319489,12,TPOT,completion,0.300000,0.000000,580,590,590,590,590,590,590,590,590,590,590,19,0,590,587.9995458403513,531.6130507088405,703.9609767320588,0.0
1790319489,12,TTFT,completion,0.300000,0.000000,7700,7800,7800,7800,7800,7800,7800,7800,7800,7800,7800,19,0,7700,7852.878804955828,5983.92756190151,11058.987160911784,0.0
1790319489,12,,Aggregated,0.900000,0.000000,7700,7800,82000,82000,82000,83000,83000,83000,83000,83000,83000,57,0,7700,30323.46455213866,531.6130507088405,96997.78858292848,42.666666666666664
1790319490,12,POST,completion,0.300000,0.000000,82000,82000,82000,83000,83000,83000,83000,83000,83000,83000,83000,19,0,82000,82529.51530561979,74874.58130693994,96997.78858292848,128.0
1790319490,12,TPOT,completion,0.300000,0.000000,580,590,590,590,590,590,590,590,590,590,590,19,0,590,587.9995458403513,531.6130507088405,703.9609767320588,0.0
1790319490,12,TTFT,completion,0.300000,0.000000,7700,7800,7800,7800,7800,7800,7800,7800,7800,7800,7800,19,0,7700,7852.878804955828,5983.92756190151,11058.987160911784,0.0
1790319490,12,,Aggregated,0.900000,0.000000,7700,7800,82000,82000,82000,83000,83000,83000,83000,83000,83000,57,0,7700,30323.46455213866,531.6130507088405,96997.78858292848,42.666666666666664
1790319491,12,POST,completion,0.300000,0.000000,82000,82000,83000,83000,83000,83000,83000,83000,83000,83000,83000,19,0,82000,82529.51530561979,74874.58130693994,96997.78858292848,128.0
1790319491,12,TPOT,completion,0.300000,0.000000,580,580,590,590,590,590,590,590,590,590,590,19,0,590,587.9995458403513,531.6130507088405,703.9609767320588,0.0
1790319491,12,TTFT,completion,0.300000,0.000000,7800,7800,7800,7800,7800,7800,7800,7800,7800,7800,7800,19,0,7700,7852.878804955828,5983.92756190151,11058.987160911784,0.0
1790319491,12,,Aggregated,0.900000,0.000000,7800,7800,82000,82000,82000,83000,83000,83000,83000,83000,83000,57,0,7700,30323.46455213866,531.6130507088405,96997.78858292848,42.666666666666664
1790319492,12,POST,completion,0.300000,0.000000,82000,82000,83000,83000,83000,83000,83000,83000,83000,83000,83000,19,0,82000,82529.51530561979,74874.58130693994,96997.78858292848,128.0
1790319492,12,TPOT,completion,0.300000,0.000000,580,580,590,590,590,590,590,590,590,590,590,19,0,590,587.9995458403513,531.6130507088405,703.9609767320588,0.0
1790319492,12,TTFT,completion,0.300000,0.000000,7800,7800,7800,7800,7800,7800,7800,7800,7800,7800,7800,19,0,7700,7852.878804955828,5983.92756190151,11058.987160911784,0.0
1790319492,12,,Aggregated,0.900000,0.000000,7800,7800,82000,82000,82000,83000,83000,83000,83000,83000,83000,57,0,7700,30323.46455213866,531.6130507088405,96997.78858292848,42.666666666666664
1790319493,12,POST,completion,0.300000,0.000000,82000,82000,83000,83000,83000,83000,83000,83000,83000,83000,83000,19,0,82000,82529.51530561979,74874.58130693994,96997.78858292848,128.0
1790319493,12,TPOT,completion,0.300000,0.000000,580,580,590,590,590,590,590,590,590,590,590,19,0,590,587.9995458403513,531.6130507088405,703.9609767320588,0.0
1790319493,12,TTFT,completion,0.300000,0.000000,7800,7800,7800,7800,7800,7800,7800,7800,7800,7800,7800,19,0,7700,7852.878804955828,5983.92756190151,11058.987160911784,0.0
1790319493,12,,Aggregated,0.900000,0.000000,7800,7800,82000,82000,82000,83000,83000,83000,83000,83000,83000,57,0,7700,30323.46455213866,531.6130507088405,96997.78858292848,42.666666666666664
1790319494,12,POST,completion,0.400000,0.000000,83000,83000,88000,88000,91000,91000,91000,91000,91000,91000,91000,21,0,82000,83189.4273804168,74874.58130693994,96997.78858292848,128.0
1790319494,12,TPOT,completion,0.400000,0.000000,590,590,600,600,650,650,650,650,650,650,650,21,0,590,591.6918538008647,531.6130507088405,703.9609767320588,0.0
1790319494,12,TTFT,completion,0.400000,0.000000,7800,7800,8000,8000,12000,12000,12000,12000,12000,12000,12000,21,0,7700,8043.867428909011,5983.92756190151,11724.808234954253,0.0
1790319494,12,,Aggregated,1.200000,0.000000,7800,12000,82000,82000,88000,91000,91000,91000,91000,91000,91000,63,0,7700,30608.3288877089,531.6130507088405,96997.78858292848,42.666666666666664
1790319495,12,POST,completion,0.400000,0.000000,83000,83000,88000,88000,91000,91000,91000,91000,91000,91000,91000,22,0,82000,83118.13595994715,74874.58130693994,96997.78858292848,128.0
1790319495,12,TPOT,completion,0.400000,0.000000,590,590,600,600,650,650,650,650,650,650,650,22,0,590,591.433281608762,531.6130507088405,703.9609767320588,0.0
1790319495,12,TTFT,completion,0.400000,0.000000,7800,7800,8000,8000,12000,12000,12000,12000,12000,12000,12000,22,0,7700,8005.414441503076,5983.92756190151,11724.808234954253,0.0
1790319495,12,,Aggregated,1.200000,0.000000,7800,12000,82000,82000,88000,91000,91000,91000,91000,91000,91000,66,0,7700,30571.66122768633,531.6130507088405,96997.78858292848,42.666666666666664
1790319496,12,POST,completion,0.400000,0.000000,83000,83000,88000,88000,91000,91000,91000,91000,91000,91000,91000,22,0,82000,83118.13595994715,74874.58130693994,96997.78858292848,128.0
1790319496,12,TPOT,completion,0.400000,0.000000,590,590,600,600,650,650,650,650,650,650,650,22,0,590,591.433281608762,531.6130507088405,703.9609767320588,0.0
1790319496,12,TTFT,completion,0.400000,0.000000,7800,7800,8000,8000,12000,12000,12000,12000,12000,12000,12000,22,0,7700,8005.414441503076,5983.92756190151,11724.808234954253,0.0
1790319496,12,,Aggregated,1.200000,0.000000,7800,12000,82000,82000,88000,91000,91000,91000,91000,91000,91000,66,0,7700,30571.66122768633,531.6130507088405,96997.78858292848,42.666666666666664
1790319497,12,POST,completion,0.400000,0.000000,83000,88000,88000,91000,91000,91000,91000,91000,91000,91000,91000,22,0,82000,83118.13595994715,74874.58130693994,96997.78858292848,128.0
1790319497,12,TPOT,completion,0.400000,0.000000,590,600,600,650,650,650,650,650,650,650,650,22,0,590,591.433281608762,531.6130507088405,703.9609767320588,0.0
1790319497,12,TTFT,completion,0.400000,0.000000,7800,8000,8000,12000,12000,12000,12000,12000,12000,12000,12000,22,0,7700,8005.414441503076,5983.92756190151,11724.808234954253,0.0
1790319497,12,,Aggregated,1.200000,0.000000,7800,12000,82000,83000,88000,91000,91000,91000,91000,91000,91000,66,0,7700,30571.66122768633,531.6130507088405,96997.78858292848,42.666666666666664
1790319498,12,POST,completion,0.400000,0.000000,83000,88000,88000,91000,91000,91000,91000,91000,91000,91000,91000,22,0,82000,83118.13595994715,74874.58130693994,96997.78858292848,128.0
1790319498,12,TPOT,completion,0.400000,0.000000,590,600,600,650,650,650,650,650,650,650,650,22,0,590,591.433281608762,531.6130507088405,703.9609767320588,0.0
1790319498,12,TTFT,completion,0.400000,0.000000,7800,8000,8000,12000,12000,12000,12000,12000,12000,12000,12000,22,0,7700,8005.414441503076,5983.92756190151,11724.808234954253,0.0
1790319498,12,,Aggregated,1.200000,0.000000,7800,12000,82000,83000,88000,91000,91000,91000,91000,91000,91000,66,0,7700,30571.66122768633,531.6130507088405,96997.78858292848,42.666666666666664
1790319499,12,POST,completion,0.400000,0.000000,83000,88000,88000,91000,91000,91000,91000,91000,91000,91000,91000,22,0,82000,83118.13595994715,74874.58130693994,96997.78858292848,128.0
1790319499,12,TPOT,completion,0.400000,0.000000,590,600,600,650,650,650,650,650,650,650,650,22,0,590,591.433281608762,531.6130507088405,703.9609767320588,0.0
1790319499,12,TTFT,completion,0.400000,0.000000,7800,8000,8000,12000,12000,12000,12000,12000,12000,12000,12000,22,0,7700,8005.414441503076,5983.92756190151,11724.808234954253,0.0
1790319499,12,,Aggregated,1.200000,0.000000,7800,12000,82000,83000,88000,91000,91000,91000,91000,91000,91000,66,0,7700,30571.66122768633,531.6130507088405,96997.78858292848,42.666666666666664
1790319501,12,POST,completion,0.500000,0.000000,88000,88000,91000,91000,91000,91000,91000,91000,91000,91000,91000,23,0,82000,83030.76074603418,74874.58130693994,96997.78858292848,128.0
1790319501,12,TPOT,completion,0.500000,0.000000,600,600,650,650,650,650,650,650,650,650,650,23,0,590,590.9952694114627,531.6130507088405,703.9609767320588,0.0
1790319501,12,TTFT,completion,0.500000,0.000000,8000,8000,12000,12000,12000,12000,12000,12000,12000,12000,12000,23,0,7700,7973.667446918705,5983.92756190151,11724.808234954253,0.0
1790319501,12,,Aggregated,1.500000,0.000000,8000,12000,82000,82000,88000,91000,91000,91000,91000,91000,91000,69,0,7700,30531.80782078812,531.6130507088405,96997.78858292848,42.666666666666664
1790319502,12,POST,completion,0.500000,0.000000,88000,88000,91000,91000,91000,91000,91000,91000,91000,91000,91000,23,0,82000,83030.76074603418,74874.58130693994,96997.78858292848,128.0
1790319502,12,TPOT,completion,0.500000,0.000000,600,600,650,650,650,650,650,650,650,650,650,23,0,590,590.9952694114627,531.6130507088405,703.9609767320588,0.0
1790319502,12,TTFT,completion,0.500000,0.000000,8000,8000,12000,12000,12000,12000,12000,12000,12000,12000,12000,23,0,7700,7973.667446918705,5983.92756190151,11724.808234954253,0.0
1790319502,12,,Aggregated,1.500000,0.000000,8000,12000,82000,82000,88000,91000,91000,91000,91000,91000,91000,69,0,7700,30531.80782078812,531.6130507088405,96997.78858292848,42.666666666666664
1790319503,12,POST,completion,0.500000,0.000000,88000,88000,91000,91000,91000,91000,91000,91000,91000,91000,91000,23,0,82000,83030.76074603418,74874.58130693994,96997.78858292848,128.0
1790319503,12,TPOT,completion,0.500000,0.000000,600,600,650,650,650,650,650,650,650,650,650,23,0,590,590.9952694114627,531.6130507088405,703.9609767320588,0.0
1790319503,12,TTFT,completion,0.500000,0.000000,8000,8000,12000,12000,12000,12000,12000,12000,12000,12000,12000,23,0,7700,7973.667446918705,5983.92756190151,11724.808234954253,0.0
1790319503,12,,Aggregated,1.500000,0.000000,8000,12000,82000,82000,88000,91000,91000,91000,91000,91000,91000,69,0,7700,30531.80782078812,531.6130507088405,96997.78858292848,42.666666666666664
1790319504,12,POST,completion,0.400000,0.000000,82000,82000,84000,84000,84000,84000,84000,84000,84000,84000,84000,24,0,82000,83060.4443733173,74874.58130693994,96997.78858292848,128.0
1790319504,12,TPOT,completion,0.400000,0.000000,590,590,600,600,600,600,600,600,600,600,600,24,0,590,591.393901649884,531.6130507088405,703.9609767320588,0.0
1790319504,12,TTFT,completion,0.400000,0.000000,7300,7300,7500,7500,7500,7500,7500,7500,7500,7500,7500,24,0,7700,7952.724885292507,5983.92756190151,11724.808234954253,0.0
1790319504,12,,Aggregated,1.200000,0.000000,7300,7500,81000,82000,84000,84000,84000,84000,84000,84000,84000,72,0,7700,30534.854386753228,531.6130507088405,96997.78858292848,42.666666666666664
1790319505,12,POST,completion,0.400000,0.000000,82000,82000,84000,84000,84000,84000,84000,84000,84000,84000,84000,24,0,82000,83060.4443733173,74874.58130693994,96997.78858292848,128.0
1790319505,12,TPOT,completion,0.400000,0.000000,590,590,600,600,600,600,600,600,600,600,600,24,0,590,591.393901649884,531.6130507088405,703.9609767320588,0.0
1790319505,12,TTFT,completion,0.400000,0.000000,7300,7300,7500,7500,7500,7500,7500,7500,7500,7500,7500,24,0,7700,7952.724885292507,5983.92756190151,11724.808234954253,0.0
1790319505,12,,Aggregated,1.200000,0.000000,7300,7500,81000,82000,84000,84000,84000,84000,84000,84000,84000,72,0,7700,30534.854386753228,531.6130507088405,96997.78858292848,42.666666666666664
1790319506,12,POST,completion,0.400000,0.000000,82000,82000,84000,84000,84000,84000,84000,84000,84000,84000,84000,24,0,82000,83060.4443733173,74874.58130693994,96997.78858292848,128.0
1790319506,12,TPOT,completion,0.400000,0.000000,590,590,600,600,600,600,600,600,600,600,600,24,0,590,591.393901649884,531.6130507088405,703.9609767320588,0.0
1790319506,12,TTFT,completion,0.400000,0.000000,7300,7300,7500,7500,7500,7500,7500,7500,7500,7500,7500,24,0,7700,7952.724885292507,5983.92756190151,11724.808234954253,0.0
1790319506,12,,Aggregated,1.200000,0.000000,7300,7500,81000,82000,84000,84000,84000,84000,84000,84000,84000,72,0,7700,30534.854386753228,531.6130507088405,96997.78858292848,42.666666666666664
1790319507,12,POST,completion,0.400000,0.000000,84000,84000,84000,84000,84000,84000,84000,84000,84000,84000,84000,24,0,82000,83060.4443733173,74874.58130693994,96997.78858292848,128.0
1790319507,12,TPOT,completion,0.400000,0.000000,600,600,600,600,600,600,600,600,600,600,600,24,0,590,591.393901649884,531.6130507088405,703.9609767320588,0.0
1790319507,12,TTFT,completion,0.400000,0.000000,7500,7500,7500,7500,7500,7500,7500,7500,7500,7500,7500,24,0,7700,7952.724885292507,5983.92756190151,11724.808234954253,0.0
1790319507,12,,Aggregated,1.200000,0.000000,7500,7500,81000,81000,84000,84000,84000,84000,84000,84000,84000,72,0,7700,30534.854386753228,531.6130507088405,96997.78858292848,42.666666666666664
1790319508,12,POST,completion,0.400000,0.000000,84000,84000,84000,84000,84000,84000,84000,84000,84000,84000,84000,24,0,82000,83060.4443733173,74874.58130693994,96997.78858292848,128.0
1790319508,12,TPOT,completion,0.400000,0.000000,600,600,600,600,600,600,600,600,600,600,600,24,0,590,591.393901649884,531.6130507088405,703.9609767320588,0.0
1790319508,12,TTFT,completion,0.400000,0.000000,7500,7500,7500,7500,7500,7500,7500,7500,7500,7500,7500,24,0,7700,7952.724885292507,5983.92756190151,11724.808234954253,0.0
1790319508,12,,Aggregated,1.200000,0.000000,7500,7500,81000,81000,84000,84000,84000,84000,84000,84000,84000,72,0,7700,30534.854386753228,531.6130507088405,96997.78858292848,42.666666666666664
1790319509,12,POST,completion,0.400000,0.000000,84000,84000,84000,84000,84000,84000,84000,84000,84000,84000,84000,24,0,82000,83060.4443733173,74874.58130693994,96997.78858292848,128.0
1790319509,12,TPOT,completion,0.400000,0.000000,600,600,600,600,600,600,600,600,600,600,600,24,0,590,591.393901649884,531.6130507088405,703.9609767320588,0.0
1790319509,12,TTFT,completion,0.400000,0.000000,7500,7500,7500,7500,7500,7500,7500,7500,7500,7500,7500,24,0,7700,7952.724885292507,5983.92756190151,11724.808234954253,0.0
1790319509,12,,Aggregated,1.200000,0.000000,7500,7500,81000,81000,84000,84000,84000,84000,84000,84000,84000,72,0,7700,30534.854386753228,531.6130507088405,96997.78858292848,42.666666666666664
1790319510,12,POST,completion,0.400000,0.000000,84000,84000,84000,84000,84000,84000,84000,84000,84000,84000,84000,24,0,82000,83060.4443733173,74874.58130693994,96997.78858292848,128.0
1790319510,12,TPOT,completion,0.400000,0.000000,600,600,600,600,600,600,600,600,600,600,600,24,0,590,591.393901649884,531.6130507088405,703.9609767320588,0.0
1790319510,12,TTFT,completion,0.400000,0.000000,7500,7500,7500,7500,7500,7500,7500,7500,7500,7500,7500,24,0,7700,7952.724885292507,5983.92756190151,11724.808234954253,0.0
1790319510,12,,Aggregated,1.200000,0.000000,7500,7500,81000,81000,84000,84000,84000,84000,84000,84000,84000,72,0,7700,30534.854386753228,531.6130507088405,96997.78858292848,42.666666666666664
1790319511,12,POST,completion,0.400000,0.000000,84000,84000,84000,84000,84000,84000,84000,84000,84000,84000,84000,24,0,82000,83060.4443733173,74874.58130693994,96997.78858292848,128.0
1790319511,12,TPOT,completion,0.400000,0.000000,600,600,600,600,600,600,600,600,600,600,600,24,0,590,591.393901649884,531.6130507088405,703.9609767320588,0.0
1790319511,12,TTFT,completion,0.400000,0.000000,7500,7500,7500,7500,7500,7500,7500,7500,7500,7500,7500,24,0,7700,7952.724885292507,5983.92756190151,11724.808234954253,0.0
1790319511,12,,Aggregated,1.200000,0.000000,7500,7500,84000,84000,84000,84000,84000,84000,84000,84000,84000,72,0,7700,30534.854386753228,531.6130507088405,96997.78858292848,42.666666666666664
1790319512,12,POST,completion,0.400000,0.000000,84000,84000,84000,84000,84000,84000,84000,84000,84000,84000,84000,24,0,82000,83060.4443733173,74874.58130693994,96997.78858292848,128.0
1790319512,12,TPOT,completion,0.400000,0.000000,600,600,600,600,600,600,600,600,600,600,600,24,0,590,591.393901649884,531.6130507088405,703.9609767320588,0.0
1790319512,12,TTFT,completion,0.400000,0.000000,7500,7500,7500,7500,7500,7500,7500,7500,7500,7500,7500,24,0,7700,7952.724885292507,5983.92756190151,11724.808234954253,0.0
1790319512,12,,Aggregated,1.200000,0.000000,7500,7500,84000,84000,84000,84000,84000,84000,84000,84000,84000,72,0,7700,30534.854386753228,531.6130507088405,96997.78858292848,42.666666666666664
1790319513,12,POST,completion,0.400000,0.000000,84000,84000,84000,84000,84000,84000,84000,84000,84000,84000,84000,24,0,82000,83060.4443733173,74874.58130693994,96997.78858292848,128.0
1790319513,12,TPOT,completion,0.400000,0.000000,600,600,600,600,600,600,600,600,600,600,600,24,0,590,591.393901649884,531.6130507088405,703.9609767320588,0.0
1790319513,12,TTFT,completion,0.400000,0.000000,7500,7500,7500,7500,7500,7500,7500,7500,7500,7500,7500,24,0,7700,7952.724885292507,5983.92756190151,11724.808234954253,0.0
1790319513,12,,Aggregated,1.200000,0.000000,7500,7500,84000,84000,84000,84000,84000,84000,84000,84000,84000,72,0,7700,30534.854386753228,531.6130507088405,96997.78858292848,42.666666666666664
1790319514,12,POST,completion,0.400000,0.000000,84000,84000,84000,84000,84000,84000,84000,84000,84000,84000,84000,24,0,82000,83060.4443733173,74874.58130693994,96997.78858292848,128.0
1790319514,12,TPOT,completion,0.400000,0.000000,600,600,600,600,600,600,600,600,600,600,600,24,0,590,591.393901649884,531.6130507088405,703.9609767320588,0.0
1790319514,12,TTFT,completion,0.400000,0.000000,7500,7500,7500,7500,7500,7500,7500,7500,7500,7500,7500,24,0,7700,7952.724885292507,5983.92756190151,11724.808234954253,0.0
1790319514,12,,Aggregated,1.200000,0.000000,7500,7500,84000,84000,84000,84000,84000,84000,84000,84000,84000,72,0,7700,30534.854386753228,531.6130507088405,96997.78858292848,42.666666666666664
1790319515,12,POST,completion,0.400000,0.000000,84000,84000,84000,84000,84000,84000,84000,84000,84000,84000,84000,24,0,82000,83060.4443733173,74874.58130693994,96997.78858292848,128.0
1790319515,12,TPOT,completion,0.400000,0.000000,600,600,600,600,600,600,600,600,600,600,600,24,0,590,591.393901649884,531.6130507088405,703.9609767320588,0.0
1790319515,12,TTFT,completion,0.400000,0.000000,7500,7500,7500,7500,7500,7500,7500,7500,7500,7500,7500,24,0,7700,7952.724885292507,5983.92756190151,11724.808234954253,0.0
1790319515,12,,Aggregated,1.200000,0.000000,7500,7500,84000,84000,84000,84000,84000,84000,84000,84000,84000,72,0,7700,30534.854386753228,531.6130507088405,96997.78858292848,42.666666666666664
1790319516,12,POST,completion,0.400000,0.000000,84000,84000,84000,84000,84000,84000,84000,84000,84000,84000,84000,24,0,82000,83060.4443733173,74874.58130693994,96997.78858292848,128.0
1790319516,12,TPOT,completion,0.400000,0.000000,600,600,600,600,600,600,600,600,600,600,600,24,0,590,591.393901649884,531.6130507088405,703.9609767320588,0.0
1790319516,12,TTFT,completion,0.400000,0.000000,7500,7500,7500,7500,7500,7500,7500,7500,7500,7500,7500,24,0,7700,7952.724885292507,5983.92756190151,11724.808234954253,0.0
1790319516,12,,Aggregated,1.200000,0.000000,7500,7500,84000,84000,84000,84000,84000,84000,84000,84000,84000,72,0,7700,30534.854386753228,531.6130507088405,96997.78858292848,42.666666666666664
1790319517,12,POST,completion,0.400000,0.000000,84000,84000,84000,84000,84000,84000,84000,84000,84000,84000,84000,24,0,82000,83060.4443733173,74874.58130693994,96997.78858292848,128.0
1790319517,12,TPOT,completion,0.400000,0.000000,600,600,600,600,600,600,600,600,600,600,600,24,0,590,591.393901649884,531.6130507088405,703.9609767320588,0.0
1790319517,12,TTFT,completion,0.400000,0.000000,7500,7500,7500,7500,7500,7500,7500,7500,7500,7500,7500,24,0,7700,7952.724885292507,5983.92756190151,11724.808234954253,0.0
1790319517,12,,Aggregated,1.200000,0.000000,7500,7500,84000,84000,84000,84000,84000,84000,84000,84000,84000,72,0,7700,30534.854386753228,531.6130507088405,96997.78858292848,42.666666666666664
1790319518,12,POST,completion,0.400000,0.000000,84000,84000,84000,84000,84000,84000,84000,84000,84000,84000,84000,24,0,82000,83060.4443733173,74874.58130693994,96997.78858292848,128.0
1790319518,12,TPOT,completion,0.400000,0.000000,600,600,600,600,600,600,600,600,600,600,600,24,0,590,591.393901649884,531.6130507088405,703.9609767320588,0.0
1790319518,12,TTFT,completion,0.400000,0.000000,7500,7500,7500,7500,7500,7500,7500,7500,7500,7500,7500,24,0,7700,7952.724885292507,5983.92756190151,11724.808234954253,0.0
1790319518,12,,Aggregated,1.200000,0.000000,7500,7500,84000,84000,84000,84000,84000,84000,84000,84000,84000,72,0,7700,30534.854386753228,531.6130507088405,96997.78858292848,42.666666666666664
1790319519,12,POST,completion,0.400000,0.000000,84000,84000,84000,84000,84000,84000,84000,84000,84000,84000,84000,24,0,82000,83060.4443733173,74874.58130693994,96997.78858292848,128.0
1790319519,12,TPOT,completion,0.400000,0.000000,600,600,600,600,600,600,600,600,600,600,600,24,0,590,591.393901649884,531.6130507088405,703.9609767320588,0.0
1790319519,12,TTFT,completion,0.400000,0.000000,7500,7500,7500,7500,7500,7500,7500,7500,7500,7500,7500,24,0,7700,7952.724885292507,5983.92756190151,11724.808234954253,0.0
1790319519,12,,Aggregated,1.200000,0.000000,7500,7500,84000,84000,84000,84000,84000,84000,84000,84000,84000,72,0,7700,30534.854386753228,531.6130507088405,96997.78858292848,42.666666666666664
1790319520,12,POST,completion,0.400000,0.000000,84000,84000,84000,84000,84000,84000,84000,84000,84000,84000,84000,24,0,82000,83060.4443733173,74874.58130693994,96997.78858292848,128.0
1790319520,12,TPOT,completion,0.400000,0.000000,600,600,600,600,600,600,600,600,600,600,600,24,0,590,591.393901649884,531.6130507088405,703.9609767320588,0.0
1790319520,12,TTFT,completion,0.400000,0.000000,7500,7500,7500,7500,7500,7500,7500,7500,7500,7500,7500,24,0,7700,7952.724885292507,5983.92756190151,11724.808234954253,0.0
1790319520,12,,Aggregated,1.200000,0.000000,7500,7500,84000,84000,84000,84000,84000,84000,84000,84000,84000,72,0,7700,30534.854386753228,531.6130507088405,96997.78858292848,42.666666666666664
1790319521,12,POST,completion,0.400000,0.000000,0,0,0,0,0,0,0,0,0,0,0,24,0,82000,83060.4443733173,74874.58130693994,96997.78858292848,128.0
1790319521,12,TPOT,completion,0.400000,0.000000,0,0,0,0,0,0,0,0,0,0,0,24,0,590,591.393901649884,531.6130507088405,703.9609767320588,0.0
1790319521,12,TTFT,completion,0.400000,0.000000,0,0,0,0,0,0,0,0,0,0,0,24,0,7700,7952.724885292507,5983.92756190151,11724.808234954253,0.0
1790319521,12,,Aggregated,1.200000,0.000000,0,0,0,0,0,0,0,0,0,0,0,72,0,7700,30534.854386753228,531.6130507088405,96997.78858292848,42.666666666666664
1790319522,12,POST,completion,0.400000,0.000000,0,0,0,0,0,0,0,0,0,0,0,24,0,82000,83060.4443733173,74874.58130693994,96997.78858292848,128.0
1790319522,12,TPOT,completion,0.400000,0.000000,0,0,0,0,0,0,0,0,0,0,0,24,0,590,591.393901649884,531.6130507088405,703.9609767320588,0.0
1790319522,12,TTFT,completion,0.400000,0.000000,0,0,0,0,0,0,0,0,0,0,0,24,0,7700,7952.724885292507,5983.92756190151,11724.808234954253,0.0
1790319522,12,,Aggregated,1.200000,0.000000,0,0,0,0,0,0,0,0,0,0,0,72,0,7700,30534.854386753228,531.6130507088405,96997.78858292848,42.666666666666664
1790319523,12,POST,completion,0.400000,0.000000,0,0,0,0,0,0,0,0,0,0,0,24,0,82000,83060.4443733173,74874.58130693994,96997.78858292848,128.0
1790319523,12,TPOT,completion,0.400000,0.000000,0,0,0,0,0,0,0,0,0,0,0,24,0,590,591.393901649884,531.6130507088405,703.9609767320588,0.0
1790319523,12,TTFT,completion,0.400000,0.000000,0,0,0,0,0,0,0,0,0,0,0,24,0,7700,7952.724885292507,5983.92756190151,11724.808234954253,0.0
1790319523,12,,Aggregated,1.200000,0.000000,0,0,0,0,0,0,0,0,0,0,0,72,0,7700,30534.854386753228,531.6130507088405,96997.78858292848,42.666666666666664
1790319524,12,POST,completion,0.400000,0.000000,0,0,0,0,0,0,0,0,0,0,0,24,0,82000,83060.4443733173,74874.58130693994,96997.78858292848,128.0
1790319524,12,TPOT,completion,0.400000,0.000000,0,0,0,0,0,0,0,0,0,0,0,24,0,590,591.393901649884,531.6130507088405,703.9609767320588,0.0
1790319524,12,TTFT,completion,0.400000,0.000000,0,0,0,0,0,0,0,0,0,0,0,24,0,7700,7952.724885292507,5983.92756190151,11724.808234954253,0.0
1790319524,12,,Aggregated,1.200000,0.000000,0,0,0,0,0,0,0,0,0,0,0,72,0,7700,30534.854386753228,531.6130507088405,96997.78858292848,42.666666666666664
1790319525,12,POST,completion,0.400000,0.000000,0,0,0,0,0,0,0,0,0,0,0,24,0,82000,83060.4443733173,74874.58130693994,96997.78858292848,128.0
1790319525,12,TPOT,completion,0.400000,0.000000,0,0,0,0,0,0,0,0,0,0,0,24,0,590,591.393901649884,531.6130507088405,703.9609767320588,0.0
1790319525,12,TTFT,completion,0.400000,0.000000,0,0,0,0,0,0,0,0,0,0,0,24,0,7700,7952.724885292507,5983.92756190151,11724.808234954253,0.0
1790319525,12,,Aggregated,1.200000,0.000000,0,0,0,0,0,0,0,0,0,0,0,72,0,7700,30534.854386753228,531.6130507088405,96997.78858292848,42.666666666666664
1790319526,12,POST,completion,0.400000,0.000000,0,0,0,0,0,0,0,0,0,0,0,24,0,82000,83060.4443733173,74874.58130693994,96997.78858292848,128.0
1790319526,12,TPOT,completion,0.400000,0.000000,0,0,0,0,0,0,0,0,0,0,0,24,0,590,591.393901649884,531.6130507088405,703.9609767320588,0.0
1790319526,12,TTFT,completion,0.400000,0.000000,0,0,0,0,0,0,0,0,0,0,0,24,0,7700,7952.724885292507,5983.92756190151,11724.808234954253,0.0
1790319526,12,,Aggregated,1.200000,0.000000,0,0,0,0,0,0,0,0,0,0,0,72,0,7700,30534.854386753228,531.6130507088405,96997.78858292848,42.666666666666664
1790319527,12,POST,completion,0.400000,0.000000,0,0,0,0,0,0,0,0,0,0,0,24,0,82000,83060.4443733173,74874.58130693994,96997.78858292848,128.0
1790319527,12,TPOT,completion,0.400000,0.000000,0,0,0,0,0,0,0,0,0,0,0,24,0,590,591.393901649884,531.6130507088405,703.9609767320588,0.0
1790319527,12,TTFT,completion,0.400000,0.000000,0,0,0,0,0,0,0,0,0,0,0,24,0,7700,7952.724885292507,5983.92756190151,11724.808234954253,0.0
1790319527,12,,Aggregated,1.200000,0.000000,0,0,0,0,0,0,0,0,0,0,0,72,0,7700,30534.854386753228,531.6130507088405,96997.78858292848,42.666666666666664
1790319528,12,POST,completion,0.400000,0.000000,0,0,0,0,0,0,0,0,0,0,0,24,0,82000,83060.4443733173,74874.58130693994,96997.78858292848,128.0
1790319528,12,TPOT,completion,0.400000,0.000000,0,0,0,0,0,0,0,0,0,0,0,24,0,590,591.393901649884,531.6130507088405,703.9609767320588,0.0
1790319528,12,TTFT,completion,0.400000,0.000000,0,0,0,0,0,0,0,0,0,0,0,24,0,7700,7952.724885292507,5983.92756190151,11724.808234954253,0.0
1790319528,12,,Aggregated,1.200000,0.000000,0,0,0,0,0,0,0,0,0,0,0,72,0,7700,30534.854386753228,531.6130507088405,96997.78858292848,42.666666666666664
1790319529,12,POST,completion,0.400000,0.000000,0,0,0,0,0,0,0,0,0,0,0,24,0,82000,83060.4443733173,74874.58130693994,96997.78858292848,128.0
1790319529,12,TPOT,completion,0.400000,0.000000,0,0,0,0,0,0,0,0,0,0,0,24,0,590,591.393901649884,531.6130507088405,703.9609767320588,0.0
1790319529,12,TTFT,completion,0.400000,0.000000,0,0,0,0,0,0,0,0,0,0,0,24,0,7700,7952.724885292507,5983.92756190151,11724.808234954253,0.0
1790319529,12,,Aggregated,1.200000,0.000000,0,0,0,0,0,0,0,0,0,0,0,72,0,7700,30534.854386753228,531.6130507088405,96997.78858292848,42.666666666666664
1790319530,12,POST,completion,0.400000,0.000000,0,0,0,0,0,0,0,0,0,0,0,24,0,82000,83060.4443733173,74874.58130693994,96997.78858292848,128.0
1790319530,12,TPOT,completion,0.400000,0.000000,0,0,0,0,0,0,0,0,0,0,0,24,0,590,591.393901649884,531.6130507088405,703.9609767320588,0.0
1790319530,12,TTFT,completion,0.400000,0.000000,0,0,0,0,0,0,0,0,0,0,0,24,0,7700,7952.724885292507,5983.92756190151,11724.808234954253,0.0
1790319530,12,,Aggregated,1.200000,0.000000,0,0,0,0,0,0,0,0,0,0,0,72,0,7700,30534.854386753228,531.6130507088405,96997.78858292848,42.666666666666664
1790319531,12,POST,completion,0.400000,0.000000,0,0,0,0,0,0,0,0,0,0,0,24,0,82000,83060.4443733173,74874.58130693994,96997.78858292848,128.0
1790319531,12,TPOT,completion,0.400000,0.000000,0,0,0,0,0,0,0,0,0,0,0,24,0,590,591.393901649884,531.6130507088405,703.9609767320588,0.0
1790319531,12,TTFT,completion,0.400000,0.000000,0,0,0,0,0,0,0,0,0,0,0,24,0,7700,7952.724885292507,5983.92756190151,11724.808234954253,0.0
1790319531,12,,Aggregated,1.200000,0.000000,0,0,0,0,0,0,0,0,0,0,0,72,0,7700,30534.854386753228,531.6130507088405,96997.78858292848,42.666666666666664
1790319532,12,POST,completion,0.400000,0.000000,0,0,0,0,0,0,0,0,0,0,0,24,0,82000,83060.4443733173,74874.58130693994,96997.78858292848,128.0
1790319532,12,TPOT,completion,0.400000,0.000000,0,0,0,0,0,0,0,0,0,0,0,24,0,590,591.393901649884,531.6130507088405,703.9609767320588,0.0
1790319532,12,TTFT,completion,0.400000,0.000000,0,0,0,0,0,0,0,0,0,0,0,24,0,7700,7952.724885292507,5983.92756190151,11724.808234954253,0.0
1790319532,12,,Aggregated,1.200000,0.000000,0,0,0,0,0,0,0,0,0,0,0,72,0,7700,30534.854386753228,531.6130507088405,96997.78858292848,42.666666666666664
1790319533,12,POST,completion,0.400000,0.000000,0,0,0,0,0,0,0,0,0,0,0,24,0,82000,83060.4443733173,74874.58130693994,96997.78858292848,128.0
1790319533,12,TPOT,completion,0.400000,0.000000,0,0,0,0,0,0,0,0,0,0,0,24,0,590,591.393901649884,531.6130507088405,703.9609767320588,0.0
1790319533,12,TTFT,completion,0.400000,0.000000,0,0,0,0,0,0,0,0,0,0,0,24,0,7700,7952.724885292507,5983.92756190151,11724.808234954253,0.0
1790319533,12,,Aggregated,1.200000,0.000000,0,0,0,0,0,0,0,0,0,0,0,72,0,7700,30534.854386753228,531.6130507088405,96997.78858292848,42.666666666666664
1790319534,12,POST,completion,0.400000,0.000000,0,0,0,0,0,0,0,0,0,0,0,24,0,82000,83060.4443733173,74874.58130693994,96997.78858292848,128.0
1790319534,12,TPOT,completion,0.400000,0.000000,0,0,0,0,0,0,0,0,0,0,0,24,0,590,591.393901649884,531.6130507088405,703.9609767320588,0.0
1790319534,12,TTFT,completion,0.400000,0.000000,0,0,0,0,0,0,0,0,0,0,0,24,0,7700,7952.724885292507,5983.92756190151,11724.808234954253,0.0
1790319534,12,,Aggregated,1.200000,0.000000,0,0,0,0,0,0,0,0,0,0,0,72,0,7700,30534.854386753228,531.6130507088405,96997.78858292848,42.666666666666664
1790319535,12,POST,completion,0.400000,0.000000,0,0,0,0,0,0,0,0,0,0,0,24,0,82000,83060.4443733173,74874.58130693994,96997.78858292848,128.0
1790319535,12,TPOT,completion,0.400000,0.000000,0,0,0,0,0,0,0,0,0,0,0,24,0,590,591.393901649884,531.6130507088405,703.9609767320588,0.0
1790319535,12,TTFT,completion,0.400000,0.000000,0,0,0,0,0,0,0,0,0,0,0,24,0,7700,7952.724885292507,5983.92756190151,11724.808234954253,0.0
1790319535,12,,Aggregated,1.200000,0.000000,0,0,0,0,0,0,0,0,0,0,0,72,0,7700,30534.854386753228,531.6130507088405,96997.78858292848,42.666666666666664
1790319536,12,POST,completion,0.400000,0.000000,0,0,0,0,0,0,0,0,0,0,0,24,0,82000,83060.4443733173,74874.58130693994,96997.78858292848,128.0
1790319536,12,TPOT,completion,0.400000,0.000000,0,0,0,0,0,0,0,0,0,0,0,24,0,590,591.393901649884,531.6130507088405,703.9609767320588,0.0
1790319536,12,TTFT,completion,0.400000,0.000000,0,0,0,0,0,0,0,0,0,0,0,24,0,7700,7952.724885292507,5983.92756190151,11724.808234954253,0.0
1790319536,12,,Aggregated,1.200000,0.000000,0,0,0,0,0,0,0,0,0,0,0,72,0,7700,30534.854386753228,531.6130507088405,96997.78858292848,42.666666666666664
1790319537,12,POST,completion,0.400000,0.000000,0,0,0,0,0,0,0,0,0,0,0,24,0,82000,83060.4443733173,74874.58130693994,96997.78858292848,128.0
1790319537,12,TPOT,completion,0.400000,0.000000,0,0,0,0,0,0,0,0,0,0,0,24,0,590,591.393901649884,531.6130507088405,703.9609767320588,0.0
1790319537,12,TTFT,completion,0.400000,0.000000,0,0,0,0,0,0,0,0,0,0,0,24,0,7700,7952.724885292507,5983.92756190151,11724.808234954253,0.0
1790319537,12,,Aggregated,1.200000,0.000000,0,0,0,0,0,0,0,0,0,0,0,72,0,7700,30534.854386753228,531.6130507088405,96997.78858292848,42.666666666666664
1790319538,12,POST,completion,0.400000,0.000000,0,0,0,0,0,0,0,0,0,0,0,24,0,82000,83060.4443733173,74874.58130693994,96997.78858292848,128.0
1790319538,12,TPOT,completion,0.400000,0.000000,0,0,0,0,0,0,0,0,0,0,0,24,0,590,591.393901649884,531.6130507088405,703.9609767320588,0.0
1790319538,12,TTFT,completion,0.400000,0.000000,0,0,0,0,0,0,0,0,0,0,0,24,0,7700,7952.724885292507,5983.92756190151,11724.808234954253,0.0
1790319538,12,,Aggregated,1.200000,0.000000,0,0,0,0,0,0,0,0,0,0,0,72,0,7700,30534.854386753228,531.6130507088405,96997.78858292848,42.666666666666664
1790319539,12,POST,completion,0.400000,0.000000,0,0,0,0,0,0,0,0,0,0,0,24,0,82000,83060.4443733173,74874.58130693994,96997.78858292848,128.0
1790319539,12,TPOT,completion,0.400000,0.000000,0,0,0,0,0,0,0,0,0,0,0,24,0,590,591.393901649884,531.6130507088405,703.9609767320588,0.0
1790319539,12,TTFT,completion,0.400000,0.000000,0,0,0,0,0,0,0,0,0,0,0,24,0,7700,7952.724885292507,5983.92756190151,11724.808234954253,0.0
1790319539,12,,Aggregated,1.200000,0.000000,0,0,0,0,0,0,0,0,0,0,0,72,0,7700,30534.854386753228,531.6130507088405,96997.78858292848,42.666666666666664
1790319540,12,POST,completion,0.400000,0.000000,0,0,0,0,0,0,0,0,0,0,0,24,0,82000,83060.4443733173,74874.58130693994,96997.78858292848,128.0
1790319540,12,TPOT,completion,0.400000,0.000000,0,0,0,0,0,0,0,0,0,0,0,24,0,590,591.393901649884,531.6130507088405,703.9609767320588,0.0
1790319540,12,TTFT,completion,0.400000,0.000000,0,0,0,0,0,0,0,0,0,0,0,24,0,7700,7952.724885292507,5983.92756190151,11724.808234954253,0.0
1790319540,12,,Aggregated,1.200000,0.000000,0,0,0,0,0,0,0,0,0,0,0,72,0,7700,30534.854386753228,531.6130507088405,96997.78858292848,42.666666666666664
1790319541,12,POST,completion,0.400000,0.000000,0,0,0,0,0,0,0,0,0,0,0,24,0,82000,83060.4443733173,74874.58130693994,96997.78858292848,128.0
1790319541,12,TPOT,completion,0.400000,0.000000,0,0,0,0,0,0,0,0,0,0,0,24,0,590,591.393901649884,531.6130507088405,703.9609767320588,0.0
1790319541,12,TTFT,completion,0.400000,0.000000,0,0,0,0,0,0,0,0,0,0,0,24,0,7700,7952.724885292507,5983.92756190151,11724.808234954253,0.0
1790319541,12,,Aggregated,1.200000,0.000000,0,0,0,0,0,0,0,0,0,0,0,72,0,7700,30534.854386753228,531.6130507088405,96997.78858292848,42.666666666666664
1790319542,12,POST,completion,0.400000,0.000000,0,0,0,0,0,0,0,0,0,0,0,24,0,82000,83060.4443733173,74874.58130693994,96997.78858292848,128.0
1790319542,12,TPOT,completion,0.400000,0.000000,0,0,0,0,0,0,0,0,0,0,0,24,0,590,591.393901649884,531.6130507088405,703.9609767320588,0.0
1790319542,12,TTFT,completion,0.400000,0.000000,0,0,0,0,0,0,0,0,0,0,0,24,0,7700,7952.724885292507,5983.92756190151,11724.808234954253,0.0
1790319542,12,,Aggregated,1.200000,0.000000,0,0,0,0,0,0,0,0,0,0,0,72,0,7700,30534.854386753228,531.6130507088405,96997.78858292848,42.666666666666664
1790319543,12,POST,completion,0.400000,0.000000,0,0,0,0,0,0,0,0,0,0,0,24,0,82000,83060.4443733173,74874.58130693994,96997.78858292848,128.0
1790319543,12,TPOT,completion,0.400000,0.000000,0,0,0,0,0,0,0,0,0,0,0,24,0,590,591.393901649884,531.6130507088405,703.9609767320588,0.0
1790319543,12,TTFT,completion,0.400000,0.000000,0,0,0,0,0,0,0,0,0,0,0,24,0,7700,7952.724885292507,5983.92756190151,11724.808234954253,0.0
1790319543,12,,Aggregated,1.200000,0.000000,0,0,0,0,0,0,0,0,0,0,0,72,0,7700,30534.854386753228,531.6130507088405,96997.78858292848,42.666666666666664
1790319544,12,POST,completion,0.400000,0.000000,0,0,0,0,0,0,0,0,0,0,0,24,0,82000,83060.4443733173,74874.58130693994,96997.78858292848,128.0
1790319544,12,TPOT,completion,0.400000,0.000000,0,0,0,0,0,0,0,0,0,0,0,24,0,590,591.393901649884,531.6130507088405,703.9609767320588,0.0
1790319544,12,TTFT,completion,0.400000,0.000000,0,0,0,0,0,0,0,0,0,0,0,24,0,7700,7952.724885292507,5983.92756190151,11724.808234954253,0.0
1790319544,12,,Aggregated,1.200000,0.000000,0,0,0,0,0,0,0,0,0,0,0,72,0,7700,30534.854386753228,531.6130507088405,96997.78858292848,42.666666666666664
1790319545,12,POST,completion,0.400000,0.000000,0,0,0,0,0,0,0,0,0,0,0,24,0,82000,83060.4443733173,74874.58130693994,96997.78858292848,128.0
1790319545,12,TPOT,completion,0.400000,0.000000,0,0,0,0,0,0,0,0,0,0,0,24,0,590,591.393901649884,531.6130507088405,703.9609767320588,0.0
1790319545,12,TTFT,completion,0.400000,0.000000,0,0,0,0,0,0,0,0,0,0,0,24,0,7700,7952.724885292507,5983.92756190151,11724.808234954253,0.0
1790319545,12,,Aggregated,1.200000,0.000000,0,0,0,0,0,0,0,0,0,0,0,72,0,7700,30534.854386753228,531.6130507088405,96997.78858292848,42.666666666666664
1790319546,12,POST,completion,0.400000,0.000000,0,0,0,0,0,0,0,0,0,0,0,24,0,82000,83060.4443733173,74874.58130693994,96997.78858292848,128.0
1790319546,12,TPOT,completion,0.400000,0.000000,0,0,0,0,0,0,0,0,0,0,0,24,0,590,591.393901649884,531.6130507088405,703.9609767320588,0.0
1790319546,12,TTFT,completion,0.400000,0.000000,0,0,0,0,0,0,0,0,0,0,0,24,0,7700,7952.724885292507,5983.92756190151,11724.808234954253,0.0
1790319546,12,,Aggregated,1.200000,0.000000,0,0,0,0,0,0,0,0,0,0,0,72,0,7700,30534.854386753228,531.6130507088405,96997.78858292848,42.666666666666664
1790319547,12,POST,completion,0.400000,0.000000,0,0,0,0,0,0,0,0,0,0,0,24,0,82000,83060.4443733173,74874.58130693994,96997.78858292848,128.0
1790319547,12,TPOT,completion,0.400000,0.000000,0,0,0,0,0,0,0,0,0,0,0,24,0,590,591.393901649884,531.6130507088405,703.9609767320588,0.0
1790319547,12,TTFT,completion,0.400000,0.000000,0,0,0,0,0,0,0,0,0,0,0,24,0,7700,7952.724885292507,5983.92756190151,11724.808234954253,0.0
1790319547,12,,Aggregated,1.200000,0.000000,0,0,0,0,0,0,0,0,0,0,0,72,0,7700,30534.854386753228,531.6130507088405,96997.78858292848,42.666666666666664
1790319548,12,POST,completion,0.400000,0.000000,0,0,0,0,0,0,0,0,0,0,0,24,0,82000,83060.4443733173,74874.58130693994,96997.78858292848,128.0
1790319548,12,TPOT,completion,0.400000,0.000000,0,0,0,0,0,0,0,0,0,0,0,24,0,590,591.393901649884,531.6130507088405,703.9609767320588,0.0
1790319548,12,TTFT,completion,0.400000,0.000000,0,0,0,0,0,0,0,0,0,0,0,24,0,7700,7952.724885292507,5983.92756190151,11724.808234954253,0.0
1790319548,12,,Aggregated,1.200000,0.000000,0,0,0,0,0,0,0,0,0,0,0,72,0,7700,30534.854386753228,531.6130507088405,96997.78858292848,42.666666666666664
1790319549,12,POST,completion,0.400000,0.000000,0,0,0,0,0,0,0,0,0,0,0,24,0,82000,83060.4443733173,74874.58130693994,96997.78858292848,128.0
1790319549,12,TPOT,completion,0.400000,0.000000,0,0,0,0,0,0,0,0,0,0,0,24,0,590,591.393901649884,531.6130507088405,703.9609767320588,0.0
1790319549,12,TTFT,completion,0.400000,0.000000,0,0,0,0,0,0,0,0,0,0,0,24,0,7700,7952.724885292507,5983.92756190151,11724.808234954253,0.0
1790319549,12,,Aggregated,1.200000,0.000000,0,0,0,0,0,0,0,0,0,0,0,72,0,7700,30534.854386753228,531.6130507088405,96997.78858292848,42.666666666666664
1790319550,12,POST,completion,0.400000,0.000000,0,0,0,0,0,0,0,0,0,0,0,24,0,82000,83060.4443733173,74874.58130693994,96997.78858292848,128.0
1790319550,12,TPOT,completion,0.400000,0.000000,0,0,0,0,0,0,0,0,0,0,0,24,0,590,591.393901649884,531.6130507088405,703.9609767320588,0.0
1790319550,12,TTFT,completion,0.400000,0.000000,0,0,0,0,0,0,0,0,0,0,0,24,0,7700,7952.724885292507,5983.92756190151,11724.808234954253,0.0
1790319550,12,,Aggregated,1.200000,0.000000,0,0,0,0,0,0,0,0,0,0,0,72,0,7700,30534.854386753228,531.6130507088405,96997.78858292848,42.666666666666664
1790319551,12,POST,completion,0.400000,0.000000,0,0,0,0,0,0,0,0,0,0,0,24,0,82000,83060.4443733173,74874.58130693994,96997.78858292848,128.0
1790319551,12,TPOT,completion,0.400000,0.000000,0,0,0,0,0,0,0,0,0,0,0,24,0,590,591.393901649884,531.6130507088405,703.9609767320588,0.0
1790319551,12,TTFT,completion,0.400000,0.000000,0,0,0,0,0,0,0,0,0,0,0,24,0,7700,7952.724885292507,5983.92756190151,11724.808234954253,0.0
1790319551,12,,Aggregated,1.200000,0.000000,0,0,0,0,0,0,0,0,0,0,0,72,0,7700,30534.854386753228,531.6130507088405,96997.78858292848,42.666666666666664
1790319552,12,POST,completion,0.400000,0.000000,0,0,0,0,0,0,0,0,0,0,0,24,0,82000,83060.4443733173,74874.58130693994,96997.78858292848,128.0
1790319552,12,TPOT,completion,0.400000,0.000000,0,0,0,0,0,0,0,0,0,0,0,24,0,590,591.393901649884,531.6130507088405,703.9609767320588,0.0
1790319552,12,TTFT,completion,0.400000,0.000000,0,0,0,0,0,0,0,0,0,0,0,24,0,7700,7952.724885292507,5983.92756190151,11724.808234954253,0.0
1790319552,12,,Aggregated,1.200000,0.000000,0,0,0,0,0,0,0,0,0,0,0,72,0,7700,30534.854386753228,531.6130507088405,96997.78858292848,42.666666666666664
1790319553,12,POST,completion,0.400000,0.000000,0,0,0,0,0,0,0,0,0,0,0,24,0,82000,83060.4443733173,74874.58130693994,96997.78858292848,128.0
1790319553,12,TPOT,completion,0.400000,0.000000,0,0,0,0,0,0,0,0,0,0,0,24,0,590,591.393901649884,531.6130507088405,703.9609767320588,0.0
1790319553,12,TTFT,completion,0.400000,0.000000,0,0,0,0,0,0,0,0,0,0,0,24,0,7700,7952.724885292507,5983.92756190151,11724.808234954253,0.0
1790319553,12,,Aggregated,1.200000,0.000000,0,0,0,0,0,0,0,0,0,0,0,72,0,7700,30534.854386753228,531.6130507088405,96997.78858292848,42.666666666666664
1790319554,12,POST,completion,0.400000,0.000000,0,0,0,0,0,0,0,0,0,0,0,24,0,82000,83060.4443733173,74874.58130693994,96997.78858292848,128.0
1790319554,12,TPOT,completion,0.400000,0.000000,0,0,0,0,0,0,0,0,0,0,0,24,0,590,591.393901649884,531.6130507088405,703.9609767320588,0.0
1790319554,12,TTFT,completion,0.400000,0.000000,0,0,0,0,0,0,0,0,0,0,0,24,0,7700,7952.724885292507,5983.92756190151,11724.808234954253,0.0
1790319554,12,,Aggregated,1.200000,0.000000,0,0,0,0,0,0,0,0,0,0,0,72,0,7700,30534.854386753228,531.6130507088405,96997.78858292848,42.666666666666664
1790319555,12,POST,completion,0.000000,0.000000,81000,81000,81000,81000,81000,81000,81000,81000,81000,81000,81000,25,0,82000,82980.33310390078,74874.58130693994,96997.78858292848,128.0
1790319555,12,TPOT,completion,0.000000,0.000000,580,580,580,580,580,580,580,580,580,580,580,25,0,590,590.9305956125935,531.6130507088405,703.9609767320588,0.0
1790319555,12,TTFT,completion,0.000000,0.000000,7400,7400,7400,7400,7400,7400,7400,7400,7400,7400,7400,25,0,7600,7931.45254695788,5983.92756190151,11724.808234954253,0.0
1790319555,12,,Aggregated,0.000000,0.000000,7400,7400,81000,81000,81000,81000,81000,81000,81000,81000,81000,75,0,7600,30500.90541549042,531.6130507088405,96997.78858292848,42.666666666666664
1790319556,12,POST,completion,0.000000,0.000000,81000,81000,81000,81000,81000,81000,81000,81000,81000,81000,81000,25,0,82000,82980.33310390078,74874.58130693994,96997.78858292848,128.0
1790319556,12,TPOT,completion,0.000000,0.000000,580,580,580,580,580,580,580,580,580,580,580,25,0,590,590.9305956125935,531.6130507088405,703.9609767320588,0.0
1790319556,12,TTFT,completion,0.000000,0.000000,7400,7400,7400,7400,7400,7400,7400,7400,7400,7400,7400,25,0,7600,7931.45254695788,5983.92756190151,11724.808234954253,0.0
1790319556,12,,Aggregated,0.000000,0.000000,7400,7400,81000,81000,81000,81000,81000,81000,81000,81000,81000,75,0,7600,30500.90541549042,531.6130507088405,96997.78858292848,42.666666666666664
1790319557,12,POST,completion,0.000000,0.000000,81000,81000,81000,81000,81000,81000,81000,81000,81000,81000,81000,25,0,82000,82980.33310390078,74874.58130693994,96997.78858292848,128.0
1790319557,12,TPOT,completion,0.000000,0.000000,580,580,580,580,580,580,580,580,580,580,580,25,0,590,590.9305956125935,531.6130507088405,703.9609767320588,0.0
1790319557,12,TTFT,completion,0.000000,0.000000,7400,7400,7400,7400,7400,7400,7400,7400,7400,7400,7400,25,0,7600,7931.45254695788,5983.92756190151,11724.808234954253,0.0
1790319557,12,,Aggregated,0.000000,0.000000,7400,7400,81000,81000,81000,81000,81000,81000,81000,81000,81000,75,0,7600,30500.90541549042,531.6130507088405,96997.78858292848,42.666666666666664
1790319558,12,POST,completion,0.100000,0.000000,81000,81000,82000,82000,82000,82000,82000,82000,82000,82000,82000,27,0,82000,82854.93848412471,74874.58130693994,96997.78858292848,128.0
1790319558,12,TPOT,completion,0.100000,0.000000,580,580,580,580,580,580,580,580,580,580,580,27,0,590,590.2318207634797,531.6130507088405,703.9609767320588,0.0
1790319558,12,TTFT,completion,0.100000,0.000000,7400,7400,7500,7500,7500,7500,7500,7500,7500,7500,7500,27,0,7600,7894.810231368023,5983.92756190151,11724.808234954253,0.0
1790319558,12,,Aggregated,0.300000,0.000000,7400,7500,81000,81000,82000,82000,82000,82000,82000,82000,82000,81,0,7600,30446.66017875207,531.6130507088405,96997.78858292848,42.666666666666664
1790319559,12,POST,completion,0.100000,0.000000,81000,81000,82000,82000,82000,82000,82000,82000,82000,82000,82000,27,0,82000,82854.93848412471,74874.58130693994,96997.78858292848,128.0
1790319559,12,TPOT,completion,0.100000,0.000000,580,580,580,580,580,580,580,580,580,580,580,27,0,590,590.2318207634797,531.6130507088405,703.9609767320588,0.0
1790319559,12,TTFT,completion,0.100000,0.000000,7400,7400,7500,7500,7500,7500,7500,7500,7500,7500,7500,27,0,7600,7894.810231368023,5983.92756190151,11724.808234954253,0.0
1790319559,12,,Aggregated,0.300000,0.000000,7400,7500,81000,81000,82000,82000,82000,82000,82000,82000,82000,81,0,7600,30446.66017875207,531.6130507088405,96997.78858292848,42.666666666666664
1790319560,12,POST,completion,0.100000,0.000000,81000,81000,82000,82000,82000,82000,82000,82000,82000,82000,82000,27,0,82000,82854.93848412471,74874.58130693994,96997.78858292848,128.0
1790319560,12,TPOT,completion,0.100000,0.000000,580,580,580,580,580,580,580,580,580,580,580,27,0,590,590.2318207634797,531.6130507088405,703.9609767320588,0.0
1790319560,12,TTFT,completion,0.100000,0.000000,7400,7400,7500,7500,7500,7500,7500,7500,7500,7500,7500,27,0,7600,7894.810231368023,5983.92756190151,11724.808234954253,0.0
1790319560,12,,Aggregated,0.300000,0.000000,7400,7500,81000,81000,82000,82000,82000,82000,82000,82000,82000,81,0,7600,30446.66017875207,531.6130507088405,96997.78858292848,42.666666666666664
1790319561,12,POST,completion,0.100000,0.000000,81000,81000,82000,82000,82000,82000,82000,82000,82000,82000,82000,27,0,82000,82854.93848412471,74874.58130693994,96997.78858292848,128.0
1790319561,12,TPOT,completion,0.100000,0.000000,580,580,580,580,580,580,580,580,580,580,580,27,0,590,590.2318207634797,531.6130507088405,703.9609767320588,0.0
1790319561,12,TTFT,completion,0.100000,0.000000,7400,7400,7500,7500,7500,7500,7500,7500,7500,7500,7500,27,0,7600,7894.810231368023,5983.92756190151,11724.808234954253,0.0
1790319561,12,,Aggregated,0.300000,0.000000,7400,7500,81000,81000,82000,82000,82000,82000,82000,82000,82000,81,0,7600,30446.66017875207,531.6130507088405,96997.78858292848,42.666666666666664
1790319562,12,POST,completion,0.100000,0.000000,81000,81000,82000,82000,82000,82000,82000,82000,82000,82000,82000,27,0,82000,82854.93848412471,74874.58130693994,96997.78858292848,128.0
1790319562,12,TPOT,completion,0.100000,0.000000,580,580,580,580,580,580,580,580,580,580,580,27,0,590,590.2318207634797,531.6130507088405,703.9609767320588,0.0
1790319562,12,TTFT,completion,0.100000,0.000000,7400,7400,7500,7500,7500,7500,7500,7500,7500,7500,7500,27,0,7600,7894.810231368023,5983.92756190151,11724.808234954253,0.0
1790319562,12,,Aggregated,0.300000,0.000000,7400,7500,81000,81000,82000,82000,82000,82000,82000,82000,82000,81,0,7600,30446.66017875207,531.6130507088405,96997.78858292848,42.666666666666664
1790319563,12,POST,completion,0.100000,0.000000,81000,81000,82000,82000,82000,82000,82000,82000,82000,82000,82000,27,0,82000,82854.93848412471,74874.58130693994,96997.78858292848,128.0
1790319563,12,TPOT,completion,0.100000,0.000000,580,580,580,580,580,580,580,580,580,580,580,27,0,590,590.2318207634797,531.6130507088405,703.9609767320588,0.0
1790319563,12,TTFT,completion,0.100000,0.000000,7400,7400,7500,7500,7500,7500,7500,7500,7500,7500,7500,27,0,7600,7894.810231368023,5983.92756190151,11724.808234954253,0.0
1790319563,12,,Aggregated,0.300000,0.000000,7400,7500,81000,81000,82000,82000,82000,82000,82000,82000,82000,81,0,7600,30446.66017875207,531.6130507088405,96997.78858292848,42.666666666666664
1790319564,12,POST,completion,0.100000,0.000000,81000,81000,82000,82000,82000,82000,82000,82000,82000,82000,82000,27,0,82000,82854.93848412471,74874.58130693994,96997.78858292848,128.0
1790319564,12,TPOT,completion,0.100000,0.000000,580,580,580,580,580,580,580,580,580,580,580,27,0,590,590.2318207634797,531.6130507088405,703.9609767320588,0.0
1790319564,12,TTFT,completion,0.100000,0.000000,7400,7400,7500,7500,7500,7500,7500,7500,7500,7500,7500,27,0,7600,7894.810231368023,5983.92756190151,11724.808234954253,0.0
1790319564,12,,Aggregated,0.300000,0.000000,7400,7500,81000,81000,82000,82000,82000,82000,82000,82000,82000,81,0,7600,30446.66017875207,531.6130507088405,96997.78858292848,42.666666666666664
1790319565,12,POST,completion,0.100000,0.000000,81000,81000,82000,82000,82000,82000,82000,82000,82000,82000,82000,27,0,82000,82854.93848412471,74874.58130693994,96997.78858292848,128.0
1790319565,12,TPOT,completion,0.100000,0.000000,580,580,580,580,580,580,580,580,580,580,580,27,0,590,590.2318207634797,531.6130507088405,703.9609767320588,0.0
1790319565,12,TTFT,completion,0.100000,0.000000,7400,7400,7500,7500,7500,7500,7500,7500,7500,7500,7500,27,0,7600,7894.810231368023,5983.92756190151,11724.808234954253,0.0
1790319565,12,,Aggregated,0.300000,0.000000,7400,7500,81000,81000,82000,82000,82000,82000,82000,82000,82000,81,0,7600,30446.66017875207,531.6130507088405,96997.78858292848,42.666666666666664
1790319566,12,POST,completion,0.100000,0.000000,82000,82000,82000,82000,82000,82000,82000,82000,82000,82000,82000,27,0,82000,82854.93848412471,74874.58130693994,96997.78858292848,128.0
1790319566,12,TPOT,completion,0.100000,0.000000,580,580,580,580,580,580,580,580,580,580,580,27,0,590,590.2318207634797,531.6130507088405,703.9609767320588,0.0
1790319566,12,TTFT,completion,0.100000,0.000000,7500,7500,7500,7500,7500,7500,7500,7500,7500,7500,7500,27,0,7600,7894.810231368023,5983.92756190151,11724.808234954253,0.0
1790319566,12,,Aggregated,0.300000,0.000000,7500,7500,81000,81000,82000,82000,82000,82000,82000,82000,82000,81,0,7600,30446.66017875207,531.6130507088405,96997.78858292848,42.666666666666664
1790319567,12,POST,completion,0.200000,0.000000,81000,81000,82000,82000,82000,82000,82000,82000,82000,82000,82000,28,0,82000,82789.03508658653,74874.58130693994,96997.78858292848,128.0
1790319567,12,TPOT,completion,0.200000,0.000000,580,580,580,580,580,580,580,580,580,580,580,28,0,590,589.8562251496302,531.6130507088405,703.9609767320588,0.0
1790319567,12,TTFT,completion,0.200000,0.000000,7400,7400,7500,7500,7500,7500,7500,7500,7500,7500,7500,28,0,7600,7876.614477818033,5983.92756190151,11724.808234954253,0.0
1790319567,12,,Aggregated,0.600000,0.000000,7400,7500,81000,81000,82000,82000,82000,82000,82000,82000,82000,84,0,7600,30418.501929851405,531.6130507088405,96997.78858292848,42.666666666666664
1790319568,12,POST,completion,0.200000,0.000000,81000,81000,82000,82000,82000,82000,82000,82000,82000,82000,82000,28,0,82000,82789.03508658653,74874.58130693994,96997.78858292848,128.0
1790319568,12,TPOT,completion,0.200000,0.000000,580,580,580,580,580,580,580,580,580,580,580,28,0,590,589.8562251496302,531.6130507088405,703.9609767320588,0.0
1790319568,12,TTFT,completion,0.200000,0.000000,7400,7400,7500,7500,7500,7500,7500,7500,7500,7500,7500,28,0,7600,7876.614477818033,5983.92756190151,11724.808234954253,0.0
1790319568,12,,Aggregated,0.600000,0.000000,7400,7500,81000,81000,82000,82000,82000,82000,82000,82000,82000,84,0,7600,30418.501929851405,531.6130507088405,96997.78858292848,42.666666666666664
1790319569,12,POST,completion,0.200000,0.000000,81000,81000,81000,82000,82000,82000,82000,82000,82000,82000,82000,30,0,82000,82437.6135047758,74306.81587895378,96997.78858292848,128.0
1790319569,12,TPOT,completion,0.200000,0.000000,580,580,580,580,580,580,580,580,580,580,580,30,0,590,587.5508868325566,529.7387654097442,703.9609767320588,0.0
1790319569,12,TTFT,completion,0.200000,0.000000,7400,7400,7400,7500,7500,7500,7500,7500,7500,7500,7500,30,0,7500,7817.9716320941225,5983.92756190151,11724.808234954253,0.0
1790319569,12,,Aggregated,0.600000,0.000000,7400,7500,81000,81000,81000,82000,82000,82000,82000,82000,82000,90,0,7500,30281.045341234163,529.7387654097442,96997.78858292848,42.666666666666664
1790319571,12,POST,completion,0.200000,0.000000,81000,81000,81000,82000,82000,82000,82000,82000,82000,82000,82000,30,0,82000,82437.6135047758,74306.81587895378,96997.78858292848,128.0
1790319571,12,TPOT,completion,0.200000,0.000000,580,580,580,580,580,580,580,580,580,580,580,30,0,590,587.5508868325566,529.7387654097442,703.9609767320588,0.0
1790319571,12,TTFT,completion,0.200000,0.000000,7400,7400,7400,7500,7500,7500,7500,7500,7500,7500,7500,30,0,7500,7817.9716320941225,5983.92756190151,11724.808234954253,0.0
1790319571,12,,Aggregated,0.600000,0.000000,7400,7500,81000,81000,81000,82000,82000,82000,82000,82000,82000,90,0,7500,30281.045341234163,529.7387654097442,96997.78858292848,42.666666666666664
1790319572,12,POST,completion,0.200000,0.000000,81000,81000,81000,81000,81000,81000,81000,81000,81000,81000,81000,30,0,82000,82437.6135047758,74306.81587895378,96997.78858292848,128.0
1790319572,12,TPOT,completion,0.200000,0.000000,580,580,580,580,580,580,580,580,580,580,580,30,0,590,587.5508868325566,529.7387654097442,703.9609767320588,0.0
1790319572,12,TTFT,completion,0.200000,0.000000,7000,7000,7400,7400,7400,7400,7400,7400,7400,7400,7400,30,0,7500,7817.9716320941225,5983.92756190151,11724.808234954253,0.0
1790319572,12,,Aggregated,0.600000,0.000000,7000,7400,74000,81000,81000,81000,81000,81000,81000,81000,81000,90,0,7500,30281.045341234163,529.7387654097442,96997.78858292848,42.666666666666664
1790319573,12,POST,completion,0.200000,0.000000,81000,81000,81000,81000,81000,81000,81000,81000,81000,81000,81000,30,0,82000,82437.6135047758,74306.81587895378,96997.78858292848,128.0
1790319573,12,TPOT,completion,0.200000,0.000000,580,580,580,580,580,580,580,580,580,580,580,30,0,590,587.5508868325566,529.7387654097442,703.9609767320588,0.0
1790319573,12,TTFT,completion,0.200000,0.000000,7000,7000,7400,7400,7400,7400,7400,7400,7400,7400,7400,30,0,7500,7817.9716320941225,5983.92756190151,11724.808234954253,0.0
1790319573,12,,Aggregated,0.600000,0.000000,7000,7400,74000,81000,81000,81000,81000,81000,81000,81000,81000,90,0,7500,30281.045341234163,529.7387654097442,96997.78858292848,42.666666666666664
1790319574,12,POST,completion,0.200000,0.000000,81000,81000,81000,81000,81000,81000,81000,81000,81000,81000,81000,30,0,82000,82437.6135047758,74306.81587895378,96997.78858292848,128.0
1790319574,12,TPOT,completion,0.200000,0.000000,580,580,580,580,580,580,580,580,580,580,580,30,0,590,587.5508868325566,529.7387654097442,703.9609767320588,0.0
1790319574,12,TTFT,completion,0.200000,0.000000,7000,7000,7400,7400,7400,7400,7400,7400,7400,7400,7400,30,0,7500,7817.9716320941225,5983.92756190151,11724.808234954253,0.0
1790319574,12,,Aggregated,0.600000,0.000000,7000,7400,74000,81000,81000,81000,81000,81000,81000,81000,81000,90,0,7500,30281.045341234163,529.7387654097442,96997.78858292848,42.666666666666664
1790319575,12,POST,completion,0.300000,0.000000,81000,81000,81000,81000,81000,81000,81000,81000,81000,81000,81000,31,0,82000,82181.79813182102,74306.81587895378,96997.78858292848,128.0
1790319575,12,TPOT,completion,0.300000,0.000000,580,580,580,580,580,580,580,580,580,580,580,31,0,590,585.6781221539679,529.4951817963096,703.9609767320588,0.0
1790319575,12,TTFT,completion,0.300000,0.000000,7300,7300,7400,7400,7400,7400,7400,7400,7400,7400,7400,31,0,7500,7799.997513768293,5983.92756190151,11724.808234954253,0.0
1790319575,12,,Aggregated,0.900000,0.000000,7300,7400,75000,75000,81000,81000,81000,81000,81000,81000,81000,93,0,7500,30189.157922581093,529.4951817963096,96997.78858292848,42.666666666666664
1790319576,12,POST,completion,0.300000,0.000000,81000,81000,81000,90000,90000,90000,90000,90000,90000,90000,90000,32,0,82000,82438.7856575122,74306.81587895378,96997.78858292848,128.0
1790319576,12,TPOT,completion,0.300000,0.000000,580,580,580,650,650,650,650,650,650,650,650,32,0,590,587.7080649995373,529.4951817963096,703.9609767320588,0.0
1790319576,12,TTFT,completion,0.300000,0.000000,7300,7400,7400,7800,7800,7800,7800,7800,7800,7800,7800,32,0,7500,7799.180490808794,5983.92756190151,11724.808234954253,0.0
1790319576,12,,Aggregated,0.900000,0.000000,7300,7800,75000,81000,81000,90000,90000,90000,90000,90000,90000,96,0,7500,30275.224737773515,529.4951817963096,96997.78858292848,42.666666666666664
1790319577,12,POST,completion,0.300000,0.000000,81000,81000,88000,88000,90000,90000,90000,90000,90000,90000,90000,33,0,82000,82608.96920276608,74306.81587895378,96997.78858292848,128.0
1790319577,12,TPOT,completion,0.300000,0.000000,580,580,640,640,650,650,650,650,650,650,650,33,0,590,589.1996706227933,529.4951817963096,703.9609767320588,0.0
1790319577,12,TTFT,completion,0.300000,0.000000,7300,7300,7400,7400,7800,7800,7800,7800,7800,7800,7800,33,0,7500,7779.930708541845,5983.92756190151,11724.808234954253,0.0
1790319577,12,,Aggregated,0.900000,0.000000,7300,7800,75000,81000,88000,90000,90000,90000,90000,90000,90000,99,0,7500,30326.03319397691,529.4951817963096,96997.78858292848,42.666666666666664
1790319578,12,POST,completion,0.400000,0.000000,82000,82000,88000,88000,90000,90000,90000,90000,90000,90000,90000,34,0,82000,82583.74438086279,74306.81587895378,96997.78858292848,128.0
1790319578,12,TPOT,completion,0.400000,0.000000,590,590,640,640,650,650,650,650,650,650,650,34,0,590,589.0812780558714,529.4951817963096,703.9609767320588,0.0
1790319578,12,TTFT,completion,0.400000,0.000000,7300,7300,7400,7400,7800,7800,7800,7800,7800,7800,7800,34,0,7500,7769.740754991824,5983.92756190151,11724.808234954253,0.0
1790319578,12,,Aggregated,1.200000,0.000000,7300,7800,75000,81000,88000,90000,90000,90000,90000,90000,90000,102,0,7500,30314.18880463683,529.4951817963096,96997.78858292848,42.666666666666664
1790319579,12,POST,completion,0.400000,0.000000,82000,82000,88000,88000,90000,90000,90000,90000,90000,90000,90000,34,0,82000,82583.74438086279,74306.81587895378,96997.78858292848,128.0
1790319579,12,TPOT,completion,0.400000,0.000000,590,590,640,640,650,650,650,650,650,650,650,34,0,590,589.0812780558714,529.4951817963096,703.9609767320588,0.0
1790319579,12,TTFT,completion,0.400000,0.000000,7300,7300,7400,7400,7800,7800,7800,7800,7800,7800,7800,34,0,7500,7769.740754991824,5983.92756190151,11724.808234954253,0.0
1790319579,12,,Aggregated,1.200000,0.000000,7300,7800,75000,81000,88000,90000,90000,90000,90000,90000,90000,102,0,7500,30314.18880463683,529.4951817963096,96997.78858292848,42.666666666666664
1790319580,12,POST,completion,0.400000,0.000000,82000,82000,88000,88000,90000,90000,90000,90000,90000,90000,90000,34,0,82000,82583.74438086279,74306.81587895378,96997.78858292848,128.0
1790319580,12,TPOT,completion,0.400000,0.000000,590,590,640,640,650,650,650,650,650,650,650,34,0,590,589.0812780558714,529.4951817963096,703.9609767320588,0.0
1790319580,12,TTFT,completion,0.400000,0.000000,7300,7300,7400,7400,7800,7800,7800,7800,7800,7800,7800,34,0,7500,7769.740754991824,5983.92756190151,11724.808234954253,0.0
1790319580,12,,Aggregated,1.200000,0.000000,7300,7800,75000,81000,88000,90000,90000,90000,90000,90000,90000,102,0,7500,30314.18880463683,529.4951817963096,96997.78858292848,42.666666666666664
1790319581,12,POST,completion,0.400000,0.000000,88000,88000,90000,90000,90000,90000,90000,90000,90000,90000,90000,34,0,82000,82583.74438086279,74306.81587895378,96997.78858292848,128.0
1790319581,12,TPOT,completion,0.400000,0.000000,640,640,650,650,650,650,650,650,650,650,650,34,0,590,589.0812780558714,529.4951817963096,703.9609767320588,0.0
1790319581,12,TTFT,completion,0.400000,0.000000,7400,7400,7800,7800,7800,7800,7800,7800,7800,7800,7800,34,0,7500,7769.740754991824,5983.92756190151,11724.808234954253,0.0
1790319581,12,,Aggregated,1.200000,0.000000,7400,7800,82000,82000,88000,90000,90000,90000,90000,90000,90000,102,0,7500,30314.18880463683,529.4951817963096,96997.78858292848,42.666666666666664
1790319582,12,POST,completion,0.400000,0.000000,88000,88000,90000,90000,90000,90000,90000,90000,90000,90000,90000,34,0,82000,82583.74438086279,74306.81587895378,96997.78858292848,128.0
1790319582,12,TPOT,completion,0.400000,0.000000,640,640,650,650,650,650,650,650,650,650,650,34,0,590,589.0812780558714,529.4951817963096,703.9609767320588,0.0
1790319582,12,TTFT,completion,0.400000,0.000000,7400,7400,7800,7800,7800,7800,7800,7800,7800,7800,7800,34,0,7500,7769.740754991824,5983.92756190151,11724.808234954253,0.0
1790319582,12,,Aggregated,1.200000,0.000000,7400,7800,82000,82000,88000,90000,90000,90000,90000,90000,90000,102,0,7500,30314.18880463683,529.4951817963096,96997.78858292848,42.666666666666664
1790319583,12,POST,completion,0.400000,0.000000,88000,88000,90000,90000,90000,90000,90000,90000,90000,90000,90000,34,0,82000,82583.74438086279,74306.81587895378,96997.78858292848,128.0
1790319583,12,TPOT,completion,0.400000,0.000000,640,640,650,650,650,650,650,650,650,650,650,34,0,590,589.0812780558714,529.4951817963096,703.9609767320588,0.0
1790319583,12,TTFT,completion,0.400000,0.000000,7400,7400,7800,7800,7800,7800,7800,7800,7800,7800,7800,34,0,7500,7769.740754991824,5983.92756190151,11724.808234954253,0.0
1790319583,12,,Aggregated,1.200000,0.000000,7400,7800,82000,82000,88000,90000,90000,90000,90000,90000,90000,102,0,7500,30314.18880463683,529.4951817963096,96997.78858292848,42.666666666666664
1790319584,12,POST,completion,0.400000,0.000000,88000,88000,90000,90000,90000,90000,90000,90000,90000,90000,90000,34,0,82000,82583.74438086279,74306.81587895378,96997.78858292848,128.0
1790319584,12,TPOT,completion,0.400000,0.000000,640,640,650,650,650,650,650,650,650,650,650,34,0,590,589.0812780558714,529.4951817963096,703.9609767320588,0.0
1790319584,12,TTFT,completion,0.400000,0.000000,7400,7400,7800,7800,7800,7800,7800,7800,7800,7800,7800,34,0,7500,7769.740754991824,5983.92756190151,11724.808234954253,0.0
1790319584,12,,Aggregated,1.200000,0.000000,7400,7800,82000,82000,88000,90000,90000,90000,90000,90000,90000,102,0,7500,30314.18880463683,529.4951817963096,96997.78858292848,42.666666666666664
1790319585,12,POST,completion,0.400000,0.000000,90000,90000,90000,90000,90000,90000,90000,90000,90000,90000,90000,35,0,82000,82804.24056494875,74306.81587895378,96997.78858292848,128.0
1790319585,12,TPOT,completion,0.400000,0.000000,650,650,650,650,650,650,650,650,650,650,650,35,0,590,590.8249179335024,529.4951817963096,703.9609767320588,0.0
1790319585,12,TTFT,completion,0.400000,0.000000,7700,7700,7800,7800,7800,7800,7800,7800,7800,7800,7800,35,0,7500,7768.794262987961,5983.92756190151,11724.808234954253,0.0
1790319585,12,,Aggregated,1.200000,0.000000,7700,7800,88000,88000,90000,90000,90000,90000,90000,90000,90000,105,0,7500,30387.953248623402,529.4951817963096,96997.78858292848,42.666666666666664
1790319586,12,POST,completion,0.400000,0.000000,90000,90000,90000,90000,90000,90000,90000,90000,90000,90000,90000,35,0,82000,82804.24056494875,74306.81587895378,96997.78858292848,128.0
1790319586,12,TPOT,completion,0.400000,0.000000,650,650,650,650,650,650,650,650,650,650,650,35,0,590,590.8249179335024,529.4951817963096,703.9609767320588,0.0
1790319586,12,TTFT,completion,0.400000,0.000000,7700,7700,7700,7700,7700,7700,7700,7700,7700,7700,7700,35,0,7500,7768.794262987961,5983.92756190151,11724.808234954253,0.0
1790319586,12,,Aggregated,1.200000,0.000000,7700,7700,82000,82000,90000,90000,90000,90000,90000,90000,90000,105,0,7500,30387.953248623402,529.4951817963096,96997.78858292848,42.666666666666664
1790319587,12,POST,completion,0.400000,0.000000,84000,84000,90000,90000,90000,90000,90000,90000,90000,90000,90000,36,0,82000,82830.13555617072,74306.81587895378,96997.78858292848,128.0
1790319587,12,TPOT,completion,0.400000,0.000000,600,600,650,650,650,650,650,650,650,650,650,36,0,590,591.044795302811,529.4951817963096,703.9609767320588,0.0
1790319587,12,TTFT,completion,0.400000,0.000000,7700,7700,7700,7700,7700,7700,7700,7700,7700,7700,7700,36,0,7500,7766.764183903837,5983.92756190151,11724.808234954253,0.0
1790319587,12,,Aggregated,1.200000,0.000000,7700,7700,82000,84000,90000,90000,90000,90000,90000,90000,90000,108,0,7500,30395.981511792455,529.4951817963096,96997.78858292848,42.666666666666664
1790319588,12,POST,completion,0.400000,0.000000,84000,84000,90000,90000,90000,90000,90000,90000,90000,90000,90000,36,0,82000,82830.13555617072,74306.81587895378,96997.78858292848,128.0
1790319588,12,TPOT,completion,0.400000,0.000000,600,600,650,650,650,650,650,650,650,650,650,36,0,590,591.044795302811,529.4951817963096,703.9609767320588,0.0
1790319588,12,TTFT,completion,0.400000,0.000000,7700,7700,7700,7700,7700,7700,7700,7700,7700,7700,7700,36,0,7500,7766.764183903837,5983.92756190151,11724.808234954253,0.0
1790319588,12,,Aggregated,1.200000,0.000000,7700,7700,82000,84000,90000,90000,90000,90000,90000,90000,90000,108,0,7500,30395.981511792455,529.4951817963096,96997.78858292848,42.666666666666664
1790319589,12,POST,completion,0.400000,0.000000,84000,84000,90000,90000,90000,90000,90000,90000,90000,90000,90000,36,0,82000,82830.13555617072,74306.81587895378,96997.78858292848,128.0
1790319589,12,TPOT,completion,0.400000,0.000000,600,600,650,650,650,650,650,650,650,650,650,36,0,590,591.044795302811,529.4951817963096,703.9609767320588,0.0
1790319589,12,TTFT,completion,0.400000,0.000000,7700,7700,7700,7700,7700,7700,7700,7700,7700,7700,7700,36,0,7500,7766.764183903837,5983.92756190151,11724.808234954253,0.0
1790319589,12,,Aggregated,1.200000,0.000000,7700,7700,82000,84000,90000,90000,90000,90000,90000,90000,90000,108,0,7500,30395.981511792455,529.4951817963096,96997.78858292848,42.666666666666664
1790319590,12,POST,completion,0.400000,0.000000,90000,90000,90000,90000,90000,90000,90000,90000,90000,90000,90000,36,0,82000,82830.13555617072,74306.81587895378,96997.78858292848,128.0
1790319590,12,TPOT,completion,0.400000,0.000000,650,650,650,650,650,650,650,650,650,650,650,36,0,590,591.044795302811,529.4951817963096,703.9609767320588,0.0
1790319590,12,TTFT,completion,0.400000,0.000000,7700,7700,7700,7700,7700,7700,7700,7700,7700,7700,7700,36,0,7500,7766.764183903837,5983.92756190151,11724.808234954253,0.0
1790319590,12,,Aggregated,1.200000,0.000000,7700,7700,84000,84000,90000,90000,90000,90000,90000,90000,90000,108,0,7500,30395.981511792455,529.4951817963096,96997.78858292848,42.666666666666664
1790319591,12,POST,completion,0.400000,0.000000,90000,90000,90000,90000,90000,90000,90000,90000,90000,90000,90000,36,0,82000,82830.13555617072,74306.81587895378,96997.78858292848,128.0
1790319591,12,TPOT,completion,0.400000,0.000000,650,650,650,650,650,650,650,650,650,650,650,36,0,590,591.044795302811,529.4951817963096,703.9609767320588,0.0
1790319591,12,TTFT,completion,0.400000,0.000000,7700,7700,7700,7700,7700,7700,7700,7700,7700,7700,7700,36,0,7500,7766.764183903837,5983.92756190151,11724.808234954253,0.0
1790319591,12,,Aggregated,1.200000,0.000000,7700,7700,84000,84000,90000,90000,90000,90000,90000,90000,90000,108,0,7500,30395.981511792455,529.4951817963096,96997.78858292848,42.666666666666664
1790319592,12,POST,completion,0.400000,0.000000,90000,90000,90000,90000,90000,90000,90000,90000,90000,90000,90000,36,0,82000,82830.13555617072,74306.81587895378,96997.78858292848,128.0
1790319592,12,TPOT,completion,0.400000,0.000000,650,650,650,650,650,650,650,650,650,650,650,36,0,590,591.044795302811,529.4951817963096,703.9609767320588,0.0
1790319592,12,TTFT,completion,0.400000,0.000000,7700,7700,7700,7700,7700,7700,7700,7700,7700,7700,7700,36,0,7500,7766.764183903837,5983.92756190151,11724.808234954253,0.0
1790319592,12,,Aggregated,1.200000,0.000000,7700,7700,84000,84000,90000,90000,90000,90000,90000,90000,90000,108,0,7500,30395.981511792455,529.4951817963096,96997.78858292848,42.666666666666664
1790319593,12,POST,completion,0.400000,0.000000,90000,90000,90000,90000,90000,90000,90000,90000,90000,90000,90000,36,0,82000,82830.13555617072,74306.81587895378,96997.78858292848,128.0
1790319593,12,TPOT,completion,0.400000,0.000000,650,650,650,650,650,650,650,650,650,650,650,36,0,590,591.044795302811,529.4951817963096,703.9609767320588,0.0
1790319593,12,TTFT,completion,0.400000,0.000000,7700,7700,7700,7700,7700,7700,7700,7700,7700,7700,7700,36,0,7500,7766.764183903837,5983.92756190151,11724.808234954253,0.0
1790319593,12,,Aggregated,1.200000,0.000000,7700,7700,84000,84000,90000,90000,90000,90000,90000,90000,90000,108,0,7500,30395.981511792455,529.4951817963096,96997.78858292848,42.666666666666664
1790319594,12,POST,completion,0.400000,0.000000,90000,90000,90000,90000,90000,90000,90000,90000,90000,90000,90000,36,0,82000,82830.13555617072,74306.81587895378,96997.78858292848,128.0
1790319594,12,TPOT,completion,0.400000,0.000000,650,650,650,650,650,650,650,650,650,650,650,36,0,590,591.044795302811,529.4951817963096,703.9609767320588,0.0
1790319594,12,TTFT,completion,0.400000,0.000000,7700,7700,7700,7700,7700,7700,7700,7700,7700,7700,7700,36,0,7500,7766.764183903837,5983.92756190151,11724.808234954253,0.0
1790319594,12,,Aggregated,1.200000,0.000000,7700,7700,84000,84000,90000,90000,90000,90000,90000,90000,90000,108,0,7500,30395.981511792455,529.4951817963096,96997.78858292848,42.666666666666664
1790319595,12,POST,completion,0.400000,0.000000,84000,84000,84000,84000,84000,84000,84000,84000,84000,84000,84000,36,0,82000,82830.13555617072,74306.81587895378,96997.78858292848,128.0
1790319595,12,TPOT,completion,0.400000,0.000000,600,600,600,600,600,600,600,600,600,600,600,36,0,590,591.044795302811,529.4951817963096,703.9609767320588,0.0
1790319595,12,TTFT,completion,0.400000,0.000000,7700,7700,7700,7700,7700,7700,7700,7700,7700,7700,7700,36,0,7500,7766.764183903837,5983.92756190151,11724.808234954253,0.0
1790319595,12,,Aggregated,1.200000,0.000000,7700,7700,84000,84000,84000,84000,84000,84000,84000,84000,84000,108,0,7500,30395.981511792455,529.4951817963096,96997.78858292848,42.666666666666664
1790319596,12,POST,completion,0.400000,0.000000,84000,84000,84000,84000,84000,84000,84000,84000,84000,84000,84000,36,0,82000,82830.13555617072,74306.81587895378,96997.78858292848,128.0
1790319596,12,TPOT,completion,0.400000,0.000000,600,600,600,600,600,600,600,600,600,600,600,36,0,590,591.044795302811,529.4951817963096,703.9609767320588,0.0
1790319596,12,TTFT,completion,0.400000,0.000000,7700,7700,7700,7700,7700,7700,7700,7700,7700,7700,7700,36,0,7500,7766.764183903837,5983.92756190151,11724.808234954253,0.0
1790319596,12,,Aggregated,1.200000,0.000000,7700,7700,84000,84000,84000,84000,84000,84000,84000,84000,84000,108,0,7500,30395.981511792455,529.4951817963096,96997.78858292848,42.666666666666664
1790319597,12,POST,completion,0.400000,0.000000,84000,84000,84000,84000,84000,84000,84000,84000,84000,84000,84000,36,0,82000,82830.13555617072,74306.81587895378,96997.78858292848,128.0
1790319597,12,TPOT,completion,0.400000,0.000000,600,600,600,600,600,600,600,600,600,600,600,36,0,590,591.044795302811,529.4951817963096,703.9609767320588,0.0
1790319597,12,TTFT,completion,0.400000,0.000000,7700,7700,7700,7700,7700,7700,7700,7700,7700,7700,7700,36,0,7500,7766.764183903837,5983.92756190151,11724.808234954253,0.0
1790319597,12,,Aggregated,1.200000,0.000000,7700,7700,84000,84000,84000,84000,84000,84000,84000,84000,84000,108,0,7500,30395.981511792455,529.4951817963096,96997.78858292848,42.666666666666664
1790319598,12,POST,completion,0.400000,0.000000,84000,84000,84000,84000,84000,84000,84000,84000,84000,84000,84000,36,0,82000,82830.13555617072,74306.81587895378,96997.78858292848,128.0
1790319598,12,TPOT,completion,0.400000,0.000000,600,600,600,600,600,600,600,600,600,600,600,36,0,590,591.044795302811,529.4951817963096,703.9609767320588,0.0
1790319598,12,TTFT,completion,0.400000,0.000000,7700,7700,7700,7700,7700,7700,7700,7700,7700,7700,7700,36,0,7500,7766.764183903837,5983.92756190151,11724.808234954253,0.0
1790319598,12,,Aggregated,1.200000,0.000000,7700,7700,84000,84000,84000,84000,84000,84000,84000,84000,84000,108,0,7500,30395.981511792455,529.4951817963096,96997.78858292848,42.666666666666664
1790319599,12,POST,completion,0.400000,0.000000,84000,84000,84000,84000,84000,84000,84000,84000,84000,84000,84000,36,0,82000,82830.13555617072,74306.81587895378,96997.78858292848,128.0
1790319599,12,TPOT,completion,0.400000,0.000000,600,600,600,600,600,600,600,600,600,600,600,36,0,590,591.044795302811,529.4951817963096,703.9609767320588,0.0
1790319599,12,TTFT,completion,0.400000,0.000000,7700,7700,7700,7700,7700,7700,7700,7700,7700,7700,7700,36,0,7500,7766.764183903837,5983.92756190151,11724.808234954253,0.0
1790319599,12,,Aggregated,1.200000,0.000000,7700,7700,84000,84000,84000,84000,84000,84000,84000,84000,84000,108,0,7500,30395.981511792455,529.4951817963096,96997.78858292848,42.666666666666664
1790319600,12,POST,completion,0.400000,0.000000,84000,84000,84000,84000,84000,84000,84000,84000,84000,84000,84000,36,0,82000,82830.13555617072,74306.81587895378,96997.78858292848,128.0
1790319600,12,TPOT,completion,0.400000,0.000000,600,600,600,600,600,600,600,600,600,600,600,36,0,590,591.044795302811,529.4951817963096,703.9609767320588,0.0
1790319600,12,TTFT,completion,0.400000,0.000000,7700,7700,7700,7700,7700,7700,7700,7700,7700,7700,7700,36,0,7500,7766.764183903837,5983.92756190151,11724.808234954253,0.0
1790319600,12,,Aggregated,1.200000,0.000000,7700,7700,84000,84000,84000,84000,84000,84000,84000,84000,84000,108,0,7500,30395.981511792455,529.4951817963096,96997.78858292848,42.666666666666664
1790319601,12,POST,completion,0.400000,0.000000,84000,84000,84000,84000,84000,84000,84000,84000,84000,84000,84000,36,0,82000,82830.13555617072,74306.81587895378,96997.78858292848,128.0
1790319601,12,TPOT,completion,0.400000,0.000000,600,600,600,600,600,600,600,600,600,600,600,36,0,590,591.044795302811,529.4951817963096,703.9609767320588,0.0
1790319601,12,TTFT,completion,0.400000,0.000000,7700,7700,7700,7700,7700,7700,7700,7700,7700,7700,7700,36,0,7500,7766.764183903837,5983.92756190151,11724.808234954253,0.0
1790319601,12,,Aggregated,1.200000,0.000000,7700,7700,84000,84000,84000,84000,84000,84000,84000,84000,84000,108,0,7500,30395.981511792455,529.4951817963096,96997.78858292848,42.666666666666664
