Timestamp,User Count,Type,Name,Requests/s,Failures/s,50%,66%,75%,80%,90%,95%,98%,99%,99.9%,99.99%,100%,Total Request Count,Total Failure Count,Total Median Response Time,Total Average Response Time,Total Min Response Time,Total Max Response Time,Total Average Content Size
1790232670,0,,Aggregated,0.000000,0.000000,N/A,N/A,N/A,N/A,N/A,N/A,N/A,N/A,N/A,N/A,N/A,0,0,0,0.0,0,0,0
1790232671,1,,Aggregated,0.000000,0.000000,N/A,N/A,N/A,N/A,N/A,N/A,N/A,N/A,N/A,N/A,N/A,0,0,0,0.0,0,0,0
1790232672,2,,Aggregated,0.000000,0.000000,N/A,N/A,N/A,N/A,N/A,N/A,N/A,N/A,N/A,N/A,N/A,0,0,0,0.0,0,0,0
1790232673,3,,Aggregated,0.000000,0.000000,N/A,N/A,N/A,N/A,N/A,N/A,N/A,N/A,N/A,N/A,N/A,0,0,0,0.0,0,0,0
1790232674,4,,Aggregated,0.000000,0.000000,N/A,N/A,N/A,N/A,N/A,N/A,N/A,N/A,N/A,N/A,N/A,0,0,0,0.0,0,0,0
1790232675,4,,Aggregated,0.000000,0.000000,N/A,N/A,N/A,N/A,N/A,N/A,N/A,N/A,N/A,N/A,N/A,0,0,0,0.0,0,0,0
1790232676,4,,Aggregated,0.000000,0.000000,N/A,N/A,N/A,N/A,N/A,N/A,N/A,N/A,N/A,N/A,N/A,0,0,0,0.0,0,0,0
1790232677,4,,Aggregated,0.000000,0.000000,N/A,N/A,N/A,N/A,N/A,N/A,N/A,N/A,N/A,N/A,N/A,0,0,0,0.0,0,0,0
1790232678,4,,Aggregated,0.000000,0.000000,N/A,N/A,N/A,N/A,N/A,N/A,N/A,N/A,N/A,N/A,N/A,0,0,0,0.0,0,0,0
1790232679,4,,Aggregated,0.000000,0.000000,N/A,N/A,N/A,N/A,N/A,N/A,N/A,N/A,N/A,N/A,N/A,0,0,0,0.0,0,0,0
1790232680,4,,Aggregated,0.000000,0.000000,N/A,N/A,N/A,N/A,N/A,N/A,N/A,N/A,N/A,N/A,N/A,0,0,0,0.0,0,0,0
1790232681,4,,Aggregated,0.000000,0.000000,N/A,N/A,N/A,N/A,N/A,N/A,N/A,N/A,N/A,N/A,N/A,0,0,0,0.0,0,0,0
1790232682,4,,Aggregated,0.000000,0.000000,N/A,N/A,N/A,N/A,N/A,N/A,N/A,N/A,N/A,N/A,N/A,0,0,0,0.0,0,0,0
1790232683,4,,Aggregated,0.000000,0.000000,N/A,N/A,N/A,N/A,N/A,N/A,N/A,N/A,N/A,N/A,N/A,0,0,0,0.0,0,0,0
1790232684,4,,Aggregated,0.000000,0.000000,N/A,N/A,N/A,N/A,N/A,N/A,N/A,N/A,N/A,N/A,N/A,0,0,0,0.0,0,0,0
1790232685,4,,Aggregated,0.000000,0.000000,N/A,N/A,N/A,N/A,N/A,N/A,N/A,N/A,N/A,N/A,N/A,0,0,0,0.0,0,0,0
1790232686,4,,Aggregated,0.000000,0.000000,N/A,N/A,N/A,N/A,N/A,N/A,N/A,N/A,N/A,N/A,N/A,0,0,0,0.0,0,0,0
1790232687,4,,Aggregated,0.000000,0.000000,N/A,N/A,N/A,N/A,N/A,N/A,N/A,N/A,N/A,N/A,N/A,0,0,0,0.0,0,0,0
1790232688,4,,Aggregated,0.000000,0.000000,N/A,N/A,N/A,N/A,N/A,N/A,N/A,N/A,N/A,N/A,N/A,0,0,0,0.0,0,0,0
1790232689,4,,Aggregated,0.000000,0.000000,N/A,N/A,N/A,N/A,N/A,N/A,N/A,N/A,N/A,N/A,N/A,0,0,0,0.0,0,0,0
1790232690,4,,Aggregated,0.000000,0.000000,N/A,N/A,N/A,N/A,N/A,N/A,N/A,N/A,N/A,N/A,N/A,0,0,0,0.0,0,0,0
1790232691,4,,Aggregated,0.000000,0.000000,N/A,N/A,N/A,N/A,N/A,N/A,N/A,N/A,N/A,N/A,N/A,0,0,0,0.0,0,0,0
1790232692,4,,Aggregated,0.000000,0.000000,N/A,N/A,N/A,N/A,N/A,N/A,N/A,N/A,N/A,N/A,N/A,0,0,0,0.0,0,0,0
1790232693,4,,Aggregated,0.000000,0.000000,N/A,N/A,N/A,N/A,N/A,N/A,N/A,N/A,N/A,N/A,N/A,0,0,0,0.0,0,0,0
1790232694,4,,Aggregated,0.000000,0.000000,N/A,N/A,N/A,N/A,N/A,N/A,N/A,N/A,N/A,N/A,N/A,0,0,0,0.0,0,0,0
1790232695,4,,Aggregated,0.000000,0.000000,N/A,N/A,N/A,N/A,N/A,N/A,N/A,N/A,N/A,N/A,N/A,0,0,0,0.0,0,0,0
1790232696,4,,Aggregated,0.000000,0.000000,N/A,N/A,N/A,N/A,N/A,N/A,N/A,N/A,N/A,N/A,N/A,0,0,0,0.0,0,0,0
1790232697,4,,Aggregated,0.000000,0.000000,N/A,N/A,N/A,N/A,N/A,N/A,N/A,N/A,N/A,N/A,N/A,0,0,0,0.0,0,0,0
1790232698,4,,Aggregated,0.000000,0.000000,N/A,N/A,N/A,N/A,N/A,N/A,N/A,N/A,N/A,N/A,N/A,0,0,0,0.0,0,0,0
1790232699,4,,Aggregated,0.000000,0.000000,N/A,N/A,N/A,N/A,N/A,N/A,N/A,N/A,N/A,N/A,N/A,0,0,0,0.0,0,0,0
1790232700,4,,Aggregated,0.000000,0.000000,N/A,N/A,N/A,N/A,N/A,N/A,N/A,N/A,N/A,N/A,N/A,0,0,0,0.0,0,0,0
1790232701,4,,Aggregated,0.000000,0.000000,N/A,N/A,N/A,N/A,N/A,N/A,N/A,N/A,N/A,N/A,N/A,0,0,0,0.0,0,0,0
1790232702,4,,Aggregated,0.000000,0.000000,N/A,N/A,N/A,N/A,N/A,N/A,N/A,N/A,N/A,N/A,N/A,0,0,0,0.0,0,0,0
1790232703,4,,Aggregated,0.000000,0.000000,N/A,N/A,N/A,N/A,N/A,N/A,N/A,N/A,N/A,N/A,N/A,0,0,0,0.0,0,0,0
1790232704,4,,Aggregated,0.000000,0.000000,N/A,N/A,N/A,N/A,N/A,N/A,N/A,N/A,N/A,N/A,N/A,0,0,0,0.0,0,0,0
1790232705,4,,Aggregated,0.000000,0.000000,N/A,N/A,N/A,N/A,N/A,N/A,N/A,N/A,N/A,N/A,N/A,0,0,0,0.0,0,0,0
1790232706,4,,Aggregated,0.000000,0.000000,N/A,N/A,N/A,N/A,N/A,N/A,N/A,N/A,N/A,N/A,N/A,0,0,0,0.0,0,0,0
1790232707,4,,Aggregated,0.000000,0.000000,N/A,N/A,N/A,N/A,N/A,N/A,N/A,N/A,N/A,N/A,N/A,0,0,0,0.0,0,0,0
1790232708,4,,Aggregated,0.000000,0.000000,N/A,N/A,N/A,N/A,N/A,N/A,N/A,N/A,N/A,N/A,N/A,0,0,0,0.0,0,0,0
1790232709,4,POST,completion,0.000000,0.000000,0,0,0,0,0,0,0,0,0,0,0,1,0,35211.04475716129,35211.04475716129,35211.04475716129,35211.04475716129,128.0
1790232709,4,TPOT,completion,0.000000,0.000000,0,0,0,0,0,0,0,0,0,0,0,1,0,257.3693469056757,257.3693469056757,257.3693469056757,257.3693469056757,0.0
1790232709,4,TTFT,completion,0.000000,0.000000,0,0,0,0,0,0,0,0,0,0,0,1,0,2524.4070610497147,2524.4070610497147,2524.4070610497147,2524.4070610497147,0.0
1790232709,4,,Aggregated,0.000000,0.000000,0,0,0,0,0,0,0,0,0,0,0,3,0,2500,12664.27372170556,257.3693469056757,35211.04475716129,42.666666666666664
1790232710,4,POST,completion,0.000000,0.000000,35000,35000,35000,35000,35000,35000,35000,35000,35000,35000,35000,1,0,35211.04475716129,35211.04475716129,35211.04475716129,35211.04475716129,128.0
1790232710,4,TPOT,completion,0.000000,0.000000,260,260,260,260,260,260,260,260,260,260,260,1,0,257.3693469056757,257.3693469056757,257.3693469056757,257.3693469056757,0.0
1790232710,4,TTFT,completion,0.000000,0.000000,2500,2500,2500,2500,2500,2500,2500,2500,2500,2500,2500,1,0,2524.4070610497147,2524.4070610497147,2524.4070610497147,2524.4070610497147,0.0
1790232710,4,,Aggregated,0.000000,0.000000,0,0,0,0,0,0,0,0,0,0,0,3,0,2500,12664.27372170556,257.3693469056757,35211.04475716129,42.666666666666664
1790232711,4,POST,completion,0.000000,0.000000,35000,35000,35000,35000,35000,35000,35000,35000,35000,35000,35000,1,0,35211.04475716129,35211.04475716129,35211.04475716129,35211.04475716129,128.0
1790232711,4,TPOT,completion,0.000000,0.000000,260,260,260,260,260,260,260,260,260,260,260,1,0,257.3693469056757,257.3693469056757,257.3693469056757,257.3693469056757,0.0
1790232711,4,TTFT,completion,0.000000,0.000000,2500,2500,2500,2500,2500,2500,2500,2500,2500,2500,2500,1,0,2524.4070610497147,2524.4070610497147,2524.4070610497147,2524.4070610497147,0.0
1790232711,4,,Aggregated,0.000000,0.000000,0,0,0,0,0,0,0,0,0,0,0,3,0,2500,12664.27372170556,257.3693469056757,35211.04475716129,42.666666666666664
1790232712,4,POST,completion,0.000000,0.000000,35000,35000,35000,35000,35000,35000,35000,35000,35000,35000,35000,1,0,35211.04475716129,35211.04475716129,35211.04475716129,35211.04475716129,128.0
1790232712,4,TPOT,completion,0.000000,0.000000,260,260,260,260,260,260,260,260,260,260,260,1,0,257.3693469056757,257.3693469056757,257.3693469056757,257.3693469056757,0.0
1790232712,4,TTFT,completion,0.000000,0.000000,2500,2500,2500,2500,2500,2500,2500,2500,2500,2500,2500,1,0,2524.4070610497147,2524.4070610497147,2524.4070610497147,2524.4070610497147,0.0
1790232712,4,,Aggregated,0.000000,0.000000,0,0,0,0,0,0,0,0,0,0,0,3,0,2500,12664.27372170556,257.3693469056757,35211.04475716129,42.666666666666664
1790232713,4,POST,completion,0.000000,0.000000,35000,35000,35000,35000,35000,35000,35000,35000,35000,35000,35000,1,0,35211.04475716129,35211.04475716129,35211.04475716129,35211.04475716129,128.0
1790232713,4,TPOT,completion,0.000000,0.000000,260,260,260,260,260,260,260,260,260,260,260,1,0,257.3693469056757,257.3693469056757,257.3693469056757,257.3693469056757,0.0
1790232713,4,TTFT,completion,0.000000,0.000000,2500,2500,2500,2500,2500,2500,2500,2500,2500,2500,2500,1,0,2524.4070610497147,2524.4070610497147,2524.4070610497147,2524.4070610497147,0.0
1790232713,4,,Aggregated,0.000000,0.000000,0,0,0,0,0,0,0,0,0,0,0,3,0,2500,12664.27372170556,257.3693469056757,35211.04475716129,42.666666666666664
1790232714,4,POST,completion,0.100000,0.000000,36000,36000,36000,36000,36000,36000,36000,36000,36000,36000,36000,2,0,36000,35629.52518404927,35211.04475716129,36048.00561093725,128.0
1790232714,4,TPOT,completion,0.100000,0.000000,260,260,260,260,260,260,260,260,260,260,260,2,0,260,259.72539339009234,257.3693469056757,262.08143987450893,0.0
1790232714,4,TTFT,completion,0.100000,0.000000,2800,2800,2800,2800,2800,2800,2800,2800,2800,2800,2800,2,0,2762.985491892323,2643.696276471019,2524.4070610497147,2762.985491892323,0.0
1790232714,4,,Aggregated,0.300000,0.000000,0,0,0,0,0,0,0,0,0,0,0,6,0,2800,12844.315617970127,257.3693469056757,36048.00561093725,42.666666666666664
1790232715,4,POST,completion,0.100000,0.000000,36000,36000,36000,36000,36000,36000,36000,36000,36000,36000,36000,2,0,36000,35629.52518404927,35211.04475716129,36048.00561093725,128.0
1790232715,4,TPOT,completion,0.100000,0.000000,260,260,260,260,260,260,260,260,260,260,260,2,0,260,259.72539339009234,257.3693469056757,262.08143987450893,0.0
1790232715,4,TTFT,completion,0.100000,0.000000,2800,2800,2800,2800,2800,2800,2800,2800,2800,2800,2800,2,0,2762.985491892323,2643.696276471019,2524.4070610497147,2762.985491892323,0.0
1790232715,4,,Aggregated,0.300000,0.000000,2800,2800,36000,36000,36000,36000,36000,36000,36000,36000,36000,6,0,2800,12844.315617970127,257.3693469056757,36048.00561093725,42.666666666666664
1790232716,4,POST,completion,0.100000,0.000000,36000,36000,36000,36000,36000,36000,36000,36000,36000,36000,36000,2,0,36000,35629.52518404927,35211.04475716129,36048.00561093725,128.0
1790232716,4,TPOT,completion,0.100000,0.000000,260,260,260,260,260,260,260,260,260,260,260,2,0,260,259.72539339009234,257.3693469056757,262.08143987450893,0.0
1790232716,4,TTFT,completion,0.100000,0.000000,2800,2800,2800,2800,2800,2800,2800,2800,2800,2800,2800,2,0,2762.985491892323,2643.696276471019,2524.4070610497147,2762.985491892323,0.0
1790232716,4,,Aggregated,0.300000,0.000000,2800,2800,36000,36000,36000,36000,36000,36000,36000,36000,36000,6,0,2800,12844.315617970127,257.3693469056757,36048.00561093725,42.666666666666664
1790232717,4,POST,completion,0.100000,0.000000,36000,36000,36000,36000,36000,36000,36000,36000,36000,36000,36000,2,0,36000,35629.52518404927,35211.04475716129,36048.00561093725,128.0
1790232717,4,TPOT,completion,0.100000,0.000000,260,260,260,260,260,260,260,260,260,260,260,2,0,260,259.72539339009234,257.3693469056757,262.08143987450893,0.0
1790232717,4,TTFT,completion,0.100000,0.000000,2800,2800,2800,2800,2800,2800,2800,2800,2800,2800,2800,2,0,2762.985491892323,2643.696276471019,2524.4070610497147,2762.985491892323,0.0
1790232717,4,,Aggregated,0.300000,0.000000,2800,2800,36000,36000,36000,36000,36000,36000,36000,36000,36000,6,0,2800,12844.315617970127,257.3693469056757,36048.00561093725,42.666666666666664
1790232718,4,POST,completion,0.100000,0.000000,36000,36000,36000,36000,36000,36000,36000,36000,36000,36000,36000,2,0,36000,35629.52518404927,35211.04475716129,36048.00561093725,128.0
1790232718,4,TPOT,completion,0.100000,0.000000,260,260,260,260,260,260,260,260,260,260,260,2,0,260,259.72539339009234,257.3693469056757,262.08143987450893,0.0
1790232718,4,TTFT,completion,0.100000,0.000000,2800,2800,2800,2800,2800,2800,2800,2800,2800,2800,2800,2,0,2762.985491892323,2643.696276471019,2524.4070610497147,2762.985491892323,0.0
1790232718,4,,Aggregated,0.300000,0.000000,2800,2800,36000,36000,36000,36000,36000,36000,36000,36000,36000,6,0,2800,12844.315617970127,257.3693469056757,36048.00561093725,42.666666666666664
1790232719,4,POST,completion,0.100000,0.000000,36000,36000,36000,36000,36000,36000,36000,36000,36000,36000,36000,2,0,36000,35629.52518404927,35211.04475716129,36048.00561093725,128.0
1790232719,4,TPOT,completion,0.100000,0.000000,260,260,260,260,260,260,260,260,260,260,260,2,0,260,259.72539339009234,257.3693469056757,262.08143987450893,0.0
1790232719,4,TTFT,completion,0.100000,0.000000,2800,2800,2800,2800,2800,2800,2800,2800,2800,2800,2800,2,0,2762.985491892323,2643.696276471019,2524.4070610497147,2762.985491892323,0.0
1790232719,4,,Aggregated,0.300000,0.000000,2800,2800,36000,36000,36000,36000,36000,36000,36000,36000,36000,6,0,2800,12844.315617970127,257.3693469056757,36048.00561093725,42.666666666666664
1790232720,4,POST,completion,0.100000,0.000000,36000,36000,36000,36000,36000,36000,36000,36000,36000,36000,36000,2,0,36000,35629.52518404927,35211.04475716129,36048.00561093725,128.0
1790232720,4,TPOT,completion,0.100000,0.000000,260,260,260,260,260,260,260,260,260,260,260,2,0,260,259.72539339009234,257.3693469056757,262.08143987450893,0.0
1790232720,4,TTFT,completion,0.100000,0.000000,2800,2800,2800,2800,2800,2800,2800,2800,2800,2800,2800,2,0,2762.985491892323,2643.696276471019,2524.4070610497147,2762.985491892323,0.0
1790232720,4,,Aggregated,0.300000,0.000000,2800,2800,36000,36000,36000,36000,36000,36000,36000,36000,36000,6,0,2800,12844.315617970127,257.3693469056757,36048.00561093725,42.666666666666664
1790232721,4,POST,completion,0.100000,0.000000,36000,36000,36000,36000,36000,36000,36000,36000,36000,36000,36000,2,0,36000,35629.52518404927,35211.04475716129,36048.00561093725,128.0
1790232721,4,TPOT,completion,0.100000,0.000000,260,260,260,260,260,260,260,260,260,260,260,2,0,260,259.72539339009234,257.3693469056757,262.08143987450893,0.0
1790232721,4,TTFT,completion,0.100000,0.000000,2800,2800,2800,2800,2800,2800,2800,2800,2800,2800,2800,2,0,2762.985491892323,2643.696276471019,2524.4070610497147,2762.985491892323,0.0
1790232721,4,,Aggregated,0.300000,0.000000,2800,2800,36000,36000,36000,36000,36000,36000,36000,36000,36000,6,0,2800,12844.315617970127,257.3693469056757,36048.00561093725,42.666666666666664
1790232722,4,POST,completion,0.100000,0.000000,36000,36000,36000,36000,36000,36000,36000,36000,36000,36000,36000,2,0,36000,35629.52518404927,35211.04475716129,36048.00561093725,128.0
1790232722,4,TPOT,completion,0.100000,0.000000,260,260,260,260,260,260,260,260,260,260,260,2,0,260,259.72539339009234,257.3693469056757,262.08143987450893,0.0
1790232722,4,TTFT,completion,0.100000,0.000000,2800,2800,2800,2800,2800,2800,2800,2800,2800,2800,2800,2,0,2762.985491892323,2643.696276471019,2524.4070610497147,2762.985491892323,0.0
1790232722,4,,Aggregated,0.300000,0.000000,2800,2800,36000,36000,36000,36000,36000,36000,36000,36000,36000,6,0,2800,12844.315617970127,257.3693469056757,36048.00561093725,42.666666666666664
1790232723,4,POST,completion,0.100000,0.000000,37000,37000,37000,37000,37000,37000,37000,37000,37000,37000,37000,3,0,36000,36034.33379608517,35211.04475716129,36843.951020156965,128.0
1790232723,4,TPOT,completion,0.100000,0.000000,260,260,260,260,260,260,260,260,260,260,260,3,0,260,261.4471098741766,257.3693469056757,264.8905428423451,0.0
1790232723,4,TTFT,completion,0.100000,0.000000,3200,3200,3200,3200,3200,3200,3200,3200,3200,3200,3200,3,0,2800,2829.871487648537,2524.4070610497147,3202.2219100035727,0.0
1790232723,4,,Aggregated,0.300000,0.000000,3200,3200,36000,36000,37000,37000,37000,37000,37000,37000,37000,9,0,2800,13041.884131202627,257.3693469056757,36843.951020156965,42.666666666666664
1790232724,4,POST,completion,0.100000,0.000000,37000,37000,37000,37000,37000,37000,37000,37000,37000,37000,37000,3,0,36000,36034.33379608517,35211.04475716129,36843.951020156965,128.0
1790232724,4,TPOT,completion,0.100000,0.000000,260,260,260,260,260,260,260,260,260,260,260,3,0,260,261.4471098741766,257.3693469056757,264.8905428423451,0.0
1790232724,4,TTFT,completion,0.100000,0.000000,3200,3200,3200,3200,3200,3200,3200,3200,3200,3200,3200,3,0,2800,2829.871487648537,2524.4070610497147,3202.2219100035727,0.0
1790232724,4,,Aggregated,0.300000,0.000000,3200,3200,36000,36000,37000,37000,37000,37000,37000,37000,37000,9,0,2800,13041.884131202627,257.3693469056757,36843.951020156965,42.666666666666664
1790232725,4,POST,completion,0.100000,0.000000,37000,37000,37000,37000,37000,37000,37000,37000,37000,37000,37000,3,0,36000,36034.33379608517,35211.04475716129,36843.951020156965,128.0
1790232725,4,TPOT,completion,0.100000,0.000000,260,260,260,260,260,260,260,260,260,260,260,3,0,260,261.4471098741766,257.3693469056757,264.8905428423451,0.0
1790232725,4,TTFT,completion,0.100000,0.000000,3200,3200,3200,3200,3200,3200,3200,3200,3200,3200,3200,3,0,2800,2829.871487648537,2524.4070610497147,3202.2219100035727,0.0
1790232725,4,,Aggregated,0.300000,0.000000,3200,3200,36000,36000,37000,37000,37000,37000,37000,37000,37000,9,0,2800,13041.884131202627,257.3693469056757,36843.951020156965,42.666666666666664
1790232726,4,POST,completion,0.100000,0.000000,37000,37000,37000,37000,37000,37000,37000,37000,37000,37000,37000,3,0,36000,36034.33379608517,35211.04475716129,36843.951020156965,128.0
1790232726,4,TPOT,completion,0.100000,0.000000,260,260,260,260,260,260,260,260,260,260,260,3,0,260,261.4471098741766,257.3693469056757,264.8905428423451,0.0
1790232726,4,TTFT,completion,0.100000,0.000000,3200,3200,3200,3200,3200,3200,3200,3200,3200,3200,3200,3,0,2800,2829.871487648537,2524.4070610497147,3202.2219100035727,0.0
1790232726,4,,Aggregated,0.300000,0.000000,3200,3200,36000,36000,37000,37000,37000,37000,37000,37000,37000,9,0,2800,13041.884131202627,257.3693469056757,36843.951020156965,42.666666666666664
1790232727,4,POST,completion,0.200000,0.000000,37000,37000,41000,41000,41000,41000,41000,41000,41000,41000,41000,4,0,37000,37276.78552357247,35211.04475716129,41004.14070603438,128.0
1790232727,4,TPOT,completion,0.200000,0.000000,260,260,300,300,300,300,300,300,300,300,300,4,0,260,270.5639736377634,257.3693469056757,297.91456492852393,0.0
1790232727,4,TTFT,completion,0.200000,0.000000,3200,3200,3200,3200,3200,3200,3200,3200,3200,3200,3200,4,0,3200,2914.4882180262357,2524.4070610497147,3202.2219100035727,0.0
1790232727,4,,Aggregated,0.600000,0.000000,3200,3200,36000,37000,41000,41000,41000,41000,41000,41000,41000,12,0,3200,13487.279238412159,257.3693469056757,41004.14070603438,42.666666666666664
1790232728,4,POST,completion,0.200000,0.000000,41000,41000,41000,41000,41000,41000,41000,41000,41000,41000,41000,4,0,37000,37276.78552357247,35211.04475716129,41004.14070603438,128.0
1790232728,4,TPOT,completion,0.200000,0.000000,300,300,300,300,300,300,300,300,300,300,300,4,0,260,270.5639736377634,257.3693469056757,297.91456492852393,0.0
1790232728,4,TTFT,completion,0.200000,0.000000,3200,3200,3200,3200,3200,3200,3200,3200,3200,3200,3200,4,0,3200,2914.4882180262357,2524.4070610497147,3202.2219100035727,0.0
1790232728,4,,Aggregated,0.600000,0.000000,3200,3200,37000,37000,41000,41000,41000,41000,41000,41000,41000,12,0,3200,13487.279238412159,257.3693469056757,41004.14070603438,42.666666666666664
1790232729,4,POST,completion,0.200000,0.000000,41000,41000,41000,41000,41000,41000,41000,41000,41000,41000,41000,4,0,37000,37276.78552357247,35211.04475716129,41004.14070603438,128.0
1790232729,4,TPOT,completion,0.200000,0.000000,300,300,300,300,300,300,300,300,300,300,300,4,0,260,270.5639736377634,257.3693469056757,297.91456492852393,0.0
1790232729,4,TTFT,completion,0.200000,0.000000,3200,3200,3200,3200,3200,3200,3200,3200,3200,3200,3200,4,0,3200,2914.4882180262357,2524.4070610497147,3202.2219100035727,0.0
1790232729,4,,Aggregated,0.600000,0.000000,3200,3200,37000,37000,41000,41000,41000,41000,41000,41000,41000,12,0,3200,13487.279238412159,257.3693469056757,41004.14070603438,42.666666666666664
1790232730,4,POST,completion,0.200000,0.000000,41000,41000,41000,41000,41000,41000,41000,41000,41000,41000,41000,4,0,37000,37276.78552357247,35211.04475716129,41004.14070603438,128.0
1790232730,4,TPOT,completion,0.200000,0.000000,300,300,300,300,300,300,300,300,300,300,300,4,0,260,270.5639736377634,257.3693469056757,297.91456492852393,0.0
1790232730,4,TTFT,completion,0.200000,0.000000,3200,3200,3200,3200,3200,3200,3200,3200,3200,3200,3200,4,0,3200,2914.4882180262357,2524.4070610497147,3202.2219100035727,0.0
1790232730,4,,Aggregated,0.600000,0.000000,3200,3200,37000,37000,41000,41000,41000,41000,41000,41000,41000,12,0,3200,13487.279238412159,257.3693469056757,41004.14070603438,42.666666666666664
1790232731,4,POST,completion,0.200000,0.000000,41000,41000,41000,41000,41000,41000,41000,41000,41000,41000,41000,4,0,37000,37276.78552357247,35211.04475716129,41004.14070603438,128.0
1790232731,4,TPOT,completion,0.200000,0.000000,300,300,300,300,300,300,300,300,300,300,300,4,0,260,270.5639736377634,257.3693469056757,297.91456492852393,0.0
1790232731,4,TTFT,completion,0.200000,0.000000,3200,3200,3200,3200,3200,3200,3200,3200,3200,3200,3200,4,0,3200,2914.4882180262357,2524.4070610497147,3202.2219100035727,0.0
1790232731,4,,Aggregated,0.600000,0.000000,3200,3200,37000,37000,41000,41000,41000,41000,41000,41000,41000,12,0,3200,13487.279238412159,257.3693469056757,41004.14070603438,42.666666666666664
1790232732,4,POST,completion,0.200000,0.000000,41000,41000,41000,41000,41000,41000,41000,41000,41000,41000,41000,4,0,37000,37276.78552357247,35211.04475716129,41004.14070603438,128.0
1790232732,4,TPOT,completion,0.200000,0.000000,300,300,300,300,300,300,300,300,300,300,300,4,0,260,270.5639736377634,257.3693469056757,297.91456492852393,0.0
1790232732,4,TTFT,completion,0.200000,0.000000,3200,3200,3200,3200,3200,3200,3200,3200,3200,3200,3200,4,0,3200,2914.4882180262357,2524.4070610497147,3202.2219100035727,0.0
1790232732,4,,Aggregated,0.600000,0.000000,3200,3200,37000,37000,41000,41000,41000,41000,41000,41000,41000,12,0,3200,13487.279238412159,257.3693469056757,41004.14070603438,42.666666666666664
1790232733,4,POST,completion,0.200000,0.000000,41000,41000,41000,41000,41000,41000,41000,41000,41000,41000,41000,4,0,37000,37276.78552357247,35211.04475716129,41004.14070603438,128.0
1790232733,4,TPOT,completion,0.200000,0.000000,300,300,300,300,300,300,300,300,300,300,300,4,0,260,270.5639736377634,257.3693469056757,297.91456492852393,0.0
1790232733,4,TTFT,completion,0.200000,0.000000,3200,3200,3200,3200,3200,3200,3200,3200,3200,3200,3200,4,0,3200,2914.4882180262357,2524.4070610497147,3202.2219100035727,0.0
1790232733,4,,Aggregated,0.600000,0.000000,3200,3200,37000,37000,41000,41000,41000,41000,41000,41000,41000,12,0,3200,13487.279238412159,257.3693469056757,41004.14070603438,42.666666666666664
1790232734,4,POST,completion,0.200000,0.000000,41000,41000,41000,41000,41000,41000,41000,41000,41000,41000,41000,4,0,37000,37276.78552357247,35211.04475716129,41004.14070603438,128.0
1790232734,4,TPOT,completion,0.200000,0.000000,300,300,300,300,300,300,300,300,300,300,300,4,0,260,270.5639736377634,257.3693469056757,297.91456492852393,0.0
1790232734,4,TTFT,completion,0.200000,0.000000,3200,3200,3200,3200,3200,3200,3200,3200,3200,3200,3200,4,0,3200,2914.4882180262357,2524.4070610497147,3202.2219100035727,0.0
1790232734,4,,Aggregated,0.600000,0.000000,3200,3200,41000,41000,41000,41000,41000,41000,41000,41000,41000,12,0,3200,13487.279238412159,257.3693469056757,41004.14070603438,42.666666666666664
1790232735,4,POST,completion,0.200000,0.000000,41000,41000,41000,41000,41000,41000,41000,41000,41000,41000,41000,4,0,37000,37276.78552357247,35211.04475716129,41004.14070603438,128.0
1790232735,4,TPOT,completion,0.200000,0.000000,300,300,300,300,300,300,300,300,300,300,300,4,0,260,270.5639736377634,257.3693469056757,297.91456492852393,0.0
1790232735,4,TTFT,completion,0.200000,0.000000,3200,3200,3200,3200,3200,3200,3200,3200,3200,3200,3200,4,0,3200,2914.4882180262357,2524.4070610497147,3202.2219100035727,0.0
1790232735,4,,Aggregated,0.600000,0.000000,3200,3200,41000,41000,41000,41000,41000,41000,41000,41000,41000,12,0,3200,13487.279238412159,257.3693469056757,41004.14070603438,42.666666666666664
1790232736,4,POST,completion,0.200000,0.000000,41000,41000,41000,41000,41000,41000,41000,41000,41000,41000,41000,4,0,37000,37276.78552357247,35211.04475716129,41004.14070603438,128.0
1790232736,4,TPOT,completion,0.200000,0.000000,300,300,300,300,300,300,300,300,300,300,300,4,0,260,270.5639736377634,257.3693469056757,297.91456492852393,0.0
1790232736,4,TTFT,completion,0.200000,0.000000,3200,3200,3200,3200,3200,3200,3200,3200,3200,3200,3200,4,0,3200,2914.4882180262357,2524.4070610497147,3202.2219100035727,0.0
1790232736,4,,Aggregated,0.600000,0.000000,3200,3200,41000,41000,41000,41000,41000,41000,41000,41000,41000,12,0,3200,13487.279238412159,257.3693469056757,41004.14070603438,42.666666666666664
1790232737,4,POST,completion,0.200000,0.000000,41000,41000,41000,41000,41000,41000,41000,41000,41000,41000,41000,4,0,37000,37276.78552357247,35211.04475716129,41004.14070603438,128.0
1790232737,4,TPOT,completion,0.200000,0.000000,300,300,300,300,300,300,300,300,300,300,300,4,0,260,270.5639736377634,257.3693469056757,297.91456492852393,0.0
1790232737,4,TTFT,completion,0.200000,0.000000,3200,3200,3200,3200,3200,3200,3200,3200,3200,3200,3200,4,0,3200,2914.4882180262357,2524.4070610497147,3202.2219100035727,0.0
1790232737,4,,Aggregated,0.600000,0.000000,3200,3200,41000,41000,41000,41000,41000,41000,41000,41000,41000,12,0,3200,13487.279238412159,257.3693469056757,41004.14070603438,42.666666666666664
1790232738,4,POST,completion,0.200000,0.000000,41000,41000,41000,41000,41000,41000,41000,41000,41000,41000,41000,4,0,37000,37276.78552357247,35211.04475716129,41004.14070603438,128.0
1790232738,4,TPOT,completion,0.200000,0.000000,300,300,300,300,300,300,300,300,300,300,300,4,0,260,270.5639736377634,257.3693469056757,297.91456492852393,0.0
1790232738,4,TTFT,completion,0.200000,0.000000,3200,3200,3200,3200,3200,3200,3200,3200,3200,3200,3200,4,0,3200,2914.4882180262357,2524.4070610497147,3202.2219100035727,0.0
1790232738,4,,Aggregated,0.600000,0.000000,3200,3200,41000,41000,41000,41000,41000,41000,41000,41000,41000,12,0,3200,13487.279238412159,257.3693469056757,41004.14070603438,42.666666666666664
1790232739,4,POST,completion,0.200000,0.000000,41000,41000,41000,41000,41000,41000,41000,41000,41000,41000,41000,4,0,37000,37276.78552357247,35211.04475716129,41004.14070603438,128.0
1790232739,4,TPOT,completion,0.200000,0.000000,300,300,300,300,300,300,300,300,300,300,300,4,0,260,270.5639736377634,257.3693469056757,297.91456492852393,0.0
1790232739,4,TTFT,completion,0.200000,0.000000,3200,3200,3200,3200,3200,3200,3200,3200,3200,3200,3200,4,0,3200,2914.4882180262357,2524.4070610497147,3202.2219100035727,0.0
1790232739,4,,Aggregated,0.600000,0.000000,3200,3200,41000,41000,41000,41000,41000,41000,41000,41000,41000,12,0,3200,13487.279238412159,257.3693469056757,41004.14070603438,42.666666666666664
1790232740,4,POST,completion,0.200000,0.000000,41000,41000,41000,41000,41000,41000,41000,41000,41000,41000,41000,4,0,37000,37276.78552357247,35211.04475716129,41004.14070603438,128.0
1790232740,4,TPOT,completion,0.200000,0.000000,300,300,300,300,300,300,300,300,300,300,300,4,0,260,270.5639736377634,257.3693469056757,297.91456492852393,0.0
1790232740,4,TTFT,completion,0.200000,0.000000,3200,3200,3200,3200,3200,3200,3200,3200,3200,3200,3200,4,0,3200,2914.4882180262357,2524.4070610497147,3202.2219100035727,0.0
1790232740,4,,Aggregated,0.600000,0.000000,3200,3200,41000,41000,41000,41000,41000,41000,41000,41000,41000,12,0,3200,13487.279238412159,257.3693469056757,41004.14070603438,42.666666666666664
1790232741,4,POST,completion,0.200000,0.000000,41000,41000,41000,41000,41000,41000,41000,41000,41000,41000,41000,4,0,37000,37276.78552357247,35211.04475716129,41004.14070603438,128.0
1790232741,4,TPOT,completion,0.200000,0.000000,300,300,300,300,300,300,300,300,300,300,300,4,0,260,270.5639736377634,257.3693469056757,297.91456492852393,0.0
1790232741,4,TTFT,completion,0.200000,0.000000,3200,3200,3200,3200,3200,3200,3200,3200,3200,3200,3200,4,0,3200,2914.4882180262357,2524.4070610497147,3202.2219100035727,0.0
1790232741,4,,Aggregated,0.600000,0.000000,3200,3200,41000,41000,41000,41000,41000,41000,41000,41000,41000,12,0,3200,13487.279238412159,257.3693469056757,41004.14070603438,42.666666666666664
1790232742,4,POST,completion,0.200000,0.000000,41000,41000,41000,41000,41000,41000,41000,41000,41000,41000,41000,4,0,37000,37276.78552357247,35211.04475716129,41004.14070603438,128.0
1790232742,4,TPOT,completion,0.200000,0.000000,300,300,300,300,300,300,300,300,300,300,300,4,0,260,270.5639736377634,257.3693469056757,297.91456492852393,0.0
1790232742,4,TTFT,completion,0.200000,0.000000,3200,3200,3200,3200,3200,3200,3200,3200,3200,3200,3200,4,0,3200,2914.4882180262357,2524.4070610497147,3202.2219100035727,0.0
1790232742,4,,Aggregated,0.600000,0.000000,3200,3200,41000,41000,41000,41000,41000,41000,41000,41000,41000,12,0,3200,13487.279238412159,257.3693469056757,41004.14070603438,42.666666666666664
1790232743,4,POST,completion,0.200000,0.000000,41000,41000,41000,41000,41000,41000,41000,41000,41000,41000,41000,4,0,37000,37276.78552357247,35211.04475716129,41004.14070603438,128.0
1790232743,4,TPOT,completion,0.200000,0.000000,300,300,300,300,300,300,300,300,300,300,300,4,0,260,270.5639736377634,257.3693469056757,297.91456492852393,0.0
1790232743,4,TTFT,completion,0.200000,0.000000,3200,3200,3200,3200,3200,3200,3200,3200,3200,3200,3200,4,0,3200,2914.4882180262357,2524.4070610497147,3202.2219100035727,0.0
1790232743,4,,Aggregated,0.600000,0.000000,3200,3200,41000,41000,41000,41000,41000,41000,41000,41000,41000,12,0,3200,13487.279238412159,257.3693469056757,41004.14070603438,42.666666666666664
1790232744,4,POST,completion,0.200000,0.000000,0,0,0,0,0,0,0,0,0,0,0,4,0,37000,37276.78552357247,35211.04475716129,41004.14070603438,128.0
1790232744,4,TPOT,completion,0.200000,0.000000,0,0,0,0,0,0,0,0,0,0,0,4,0,260,270.5639736377634,257.3693469056757,297.91456492852393,0.0
1790232744,4,TTFT,completion,0.200000,0.000000,0,0,0,0,0,0,0,0,0,0,0,4,0,3200,2914.4882180262357,2524.4070610497147,3202.2219100035727,0.0
1790232744,4,,Aggregated,0.600000,0.000000,0,0,0,0,0,0,0,0,0,0,0,12,0,3200,13487.279238412159,257.3693469056757,41004.14070603438,42.666666666666664
1790232745,4,POST,completion,0.200000,0.000000,0,0,0,0,0,0,0,0,0,0,0,4,0,37000,37276.78552357247,35211.04475716129,41004.14070603438,128.0
1790232745,4,TPOT,completion,0.200000,0.000000,0,0,0,0,0,0,0,0,0,0,0,4,0,260,270.5639736377634,257.3693469056757,297.91456492852393,0.0
1790232745,4,TTFT,completion,0.200000,0.000000,0,0,0,0,0,0,0,0,0,0,0,4,0,3200,2914.4882180262357,2524.4070610497147,3202.2219100035727,0.0
1790232745,4,,Aggregated,0.600000,0.000000,0,0,0,0,0,0,0,0,0,0,0,12,0,3200,13487.279238412159,257.3693469056757,41004.14070603438,42.666666666666664
1790232746,4,POST,completion,0.000000,0.000000,0,0,0,0,0,0,0,0,0,0,0,5,0,37000,37415.62639125623,35211.04475716129,41004.14070603438,128.0
1790232746,4,TPOT,completion,0.000000,0.000000,0,0,0,0,0,0,0,0,0,0,0,5,0,260,270.9534065937257,257.3693469056757,297.91456492852393,0.0
1790232746,4,TTFT,completion,0.000000,0.000000,0,0,0,0,0,0,0,0,0,0,0,5,0,3200,3003.8605948444456,2524.4070610497147,3361.350102117285,0.0
1790232746,4,,Aggregated,0.000000,0.000000,0,0,0,0,0,0,0,0,0,0,0,15,0,3200,13563.480130898135,257.3693469056757,41004.14070603438,42.666666666666664
1790232747,4,POST,completion,0.000000,0.000000,38000,38000,38000,38000,38000,38000,38000,38000,38000,38000,38000,5,0,37000,37415.62639125623,35211.04475716129,41004.14070603438,128.0
1790232747,4,TPOT,completion,0.000000,0.000000,270,270,270,270,270,270,270,270,270,270,270,5,0,260,270.9534065937257,257.3693469056757,297.91456492852393,0.0
1790232747,4,TTFT,completion,0.000000,0.000000,3400,3400,3400,3400,3400,3400,3400,3400,3400,3400,3400,5,0,3200,3003.8605948444456,2524.4070610497147,3361.350102117285,0.0
1790232747,4,,Aggregated,0.000000,0.000000,3400,3400,38000,38000,38000,38000,38000,38000,38000,38000,38000,15,0,3200,13563.480130898135,257.3693469056757,41004.14070603438,42.666666666666664
1790232748,4,POST,completion,0.000000,0.000000,38000,38000,38000,38000,38000,38000,38000,38000,38000,38000,38000,5,0,37000,37415.62639125623,35211.04475716129,41004.14070603438,128.0
1790232748,4,TPOT,completion,0.000000,0.000000,270,270,270,270,270,270,270,270,270,270,270,5,0,260,270.9534065937257,257.3693469056757,297.91456492852393,0.0
1790232748,4,TTFT,completion,0.000000,0.000000,3400,3400,3400,3400,3400,3400,3400,3400,3400,3400,3400,5,0,3200,3003.8605948444456,2524.4070610497147,3361.350102117285,0.0
1790232748,4,,Aggregated,0.000000,0.000000,3400,3400,38000,38000,38000,38000,38000,38000,38000,38000,38000,15,0,3200,13563.480130898135,257.3693469056757,41004.14070603438,42.666666666666664
1790232749,4,POST,completion,0.000000,0.000000,38000,38000,38000,38000,38000,38000,38000,38000,38000,38000,38000,5,0,37000,37415.62639125623,35211.04475716129,41004.14070603438,128.0
1790232749,4,TPOT,completion,0.000000,0.000000,270,270,270,270,270,270,270,270,270,270,270,5,0,260,270.9534065937257,257.3693469056757,297.91456492852393,0.0
1790232749,4,TTFT,completion,0.000000,0.000000,3400,3400,3400,3400,3400,3400,3400,3400,3400,3400,3400,5,0,3200,3003.8605948444456,2524.4070610497147,3361.350102117285,0.0
1790232749,4,,Aggregated,0.000000,0.000000,3400,3400,38000,38000,38000,38000,38000,38000,38000,38000,38000,15,0,3200,13563.480130898135,257.3693469056757,41004.14070603438,42.666666666666664
1790232750,4,POST,completion,0.100000,0.000000,38000,38000,38000,38000,38000,38000,38000,38000,38000,38000,38000,6,0,37000,37192.02478187314,35211.04475716129,41004.14070603438,128.0
1790232750,4,TPOT,completion,0.100000,0.000000,270,270,270,270,270,270,270,270,270,270,270,6,0,260,268.8804209789046,257.3693469056757,297.91456492852393,0.0
1790232750,4,TTFT,completion,0.100000,0.000000,3400,3400,3400,3400,3400,3400,3400,3400,3400,3400,3400,6,0,3200,3043.530417528624,2524.4070610497147,3361.350102117285,0.0
1790232750,4,,Aggregated,0.300000,0.000000,3400,3400,36000,36000,38000,38000,38000,38000,38000,38000,38000,18,0,3200,13501.478540126891,257.3693469056757,41004.14070603438,42.666666666666664
1790232751,4,POST,completion,0.100000,0.000000,38000,38000,38000,38000,38000,38000,38000,38000,38000,38000,38000,6,0,37000,37192.02478187314,35211.04475716129,41004.14070603438,128.0
1790232751,4,TPOT,completion,0.100000,0.000000,270,270,270,270,270,270,270,270,270,270,270,6,0,260,268.8804209789046,257.3693469056757,297.91456492852393,0.0
1790232751,4,TTFT,completion,0.100000,0.000000,3400,3400,3400,3400,3400,3400,3400,3400,3400,3400,3400,6,0,3200,3043.530417528624,2524.4070610497147,3361.350102117285,0.0
1790232751,4,,Aggregated,0.300000,0.000000,3400,3400,36000,36000,38000,38000,38000,38000,38000,38000,38000,18,0,3200,13501.478540126891,257.3693469056757,41004.14070603438,42.666666666666664
1790232752,4,POST,completion,0.100000,0.000000,38000,38000,38000,38000,38000,38000,38000,38000,38000,38000,38000,6,0,37000,37192.02478187314,35211.04475716129,41004.14070603438,128.0
1790232752,4,TPOT,completion,0.100000,0.000000,270,270,270,270,270,270,270,270,270,270,270,6,0,260,268.8804209789046,257.3693469056757,297.91456492852393,0.0
1790232752,4,TTFT,completion,0.100000,0.000000,3400,3400,3400,3400,3400,3400,3400,3400,3400,3400,3400,6,0,3200,3043.530417528624,2524.4070610497147,3361.350102117285,0.0
1790232752,4,,Aggregated,0.300000,0.000000,3400,3400,36000,36000,38000,38000,38000,38000,38000,38000,38000,18,0,3200,13501.478540126891,257.3693469056757,41004.14070603438,42.666666666666664
1790232753,4,POST,completion,0.100000,0.000000,38000,38000,38000,38000,38000,38000,38000,38000,38000,38000,38000,6,0,37000,37192.02478187314,35211.04475716129,41004.14070603438,128.0
1790232753,4,TPOT,completion,0.100000,0.000000,270,270,270,270,270,270,270,270,270,270,270,6,0,260,268.8804209789046,257.3693469056757,297.91456492852393,0.0
1790232753,4,TTFT,completion,0.100000,0.000000,3400,3400,3400,3400,3400,3400,3400,3400,3400,3400,3400,6,0,3200,3043.530417528624,2524.4070610497147,3361.350102117285,0.0
1790232753,4,,Aggregated,0.300000,0.000000,3400,3400,36000,36000,38000,38000,38000,38000,38000,38000,38000,18,0,3200,13501.478540126891,257.3693469056757,41004.14070603438,42.666666666666664
1790232754,4,POST,completion,0.100000,0.000000,38000,38000,38000,38000,38000,38000,38000,38000,38000,38000,38000,6,0,37000,37192.02478187314,35211.04475716129,41004.14070603438,128.0
1790232754,4,TPOT,completion,0.100000,0.000000,270,270,270,270,270,270,270,270,270,270,270,6,0,260,268.8804209789046,257.3693469056757,297.91456492852393,0.0
1790232754,4,TTFT,completion,0.100000,0.000000,3400,3400,3400,3400,3400,3400,3400,3400,3400,3400,3400,6,0,3200,3043.530417528624,2524.4070610497147,3361.350102117285,0.0
1790232754,4,,Aggregated,0.300000,0.000000,3400,3400,36000,36000,38000,38000,38000,38000,38000,38000,38000,18,0,3200,13501.478540126891,257.3693469056757,41004.14070603438,42.666666666666664
1790232755,4,POST,completion,0.100000,0.000000,38000,38000,38000,38000,38000,38000,38000,38000,38000,38000,38000,6,0,37000,37192.02478187314,35211.04475716129,41004.14070603438,128.0
1790232755,4,TPOT,completion,0.100000,0.000000,270,270,270,270,270,270,270,270,270,270,270,6,0,260,268.8804209789046,257.3693469056757,297.91456492852393,0.0
1790232755,4,TTFT,completion,0.100000,0.000000,3400,3400,3400,3400,3400,3400,3400,3400,3400,3400,3400,6,0,3200,3043.530417528624,2524.4070610497147,3361.350102117285,0.0
1790232755,4,,Aggregated,0.300000,0.000000,3400,3400,36000,36000,38000,38000,38000,38000,38000,38000,38000,18,0,3200,13501.478540126891,257.3693469056757,41004.14070603438,42.666666666666664
1790232756,4,POST,completion,0.100000,0.000000,38000,38000,38000,38000,38000,38000,38000,38000,38000,38000,38000,6,0,37000,37192.02478187314,35211.04475716129,41004.14070603438,128.0
1790232756,4,TPOT,completion,0.100000,0.000000,270,270,270,270,270,270,270,270,270,270,270,6,0,260,268.8804209789046,257.3693469056757,297.91456492852393,0.0
1790232756,4,TTFT,completion,0.100000,0.000000,3400,3400,3400,3400,3400,3400,3400,3400,3400,3400,3400,6,0,3200,3043.530417528624,2524.4070610497147,3361.350102117285,0.0
1790232756,4,,Aggregated,0.300000,0.000000,3400,3400,36000,36000,38000,38000,38000,38000,38000,38000,38000,18,0,3200,13501.478540126891,257.3693469056757,41004.14070603438,42.666666666666664
1790232757,4,POST,completion,0.100000,0.000000,38000,38000,38000,38000,38000,38000,38000,38000,38000,38000,38000,6,0,37000,37192.02478187314,35211.04475716129,41004.14070603438,128.0
1790232757,4,TPOT,completion,0.100000,0.000000,270,270,270,270,270,270,270,270,270,270,270,6,0,260,268.8804209789046,257.3693469056757,297.91456492852393,0.0
1790232757,4,TTFT,completion,0.100000,0.000000,3400,3400,3400,3400,3400,3400,3400,3400,3400,3400,3400,6,0,3200,3043.530417528624,2524.4070610497147,3361.350102117285,0.0
1790232757,4,,Aggregated,0.300000,0.000000,3400,3400,36000,36000,38000,38000,38000,38000,38000,38000,38000,18,0,3200,13501.478540126891,257.3693469056757,41004.14070603438,42.666666666666664
1790232758,4,POST,completion,0.100000,0.000000,36000,36000,36000,36000,36000,36000,36000,36000,36000,36000,36000,6,0,37000,37192.02478187314,35211.04475716129,41004.14070603438,128.0
1790232758,4,TPOT,completion,0.100000,0.000000,260,260,260,260,260,260,260,260,260,260,260,6,0,260,268.8804209789046,257.3693469056757,297.91456492852393,0.0
1790232758,4,TTFT,completion,0.100000,0.000000,3200,3200,3200,3200,3200,3200,3200,3200,3200,3200,3200,6,0,3200,3043.530417528624,2524.4070610497147,3361.350102117285,0.0
1790232758,4,,Aggregated,0.300000,0.000000,3200,3200,36000,36000,36000,36000,36000,36000,36000,36000,36000,18,0,3200,13501.478540126891,257.3693469056757,41004.14070603438,42.666666666666664
1790232759,4,POST,completion,0.100000,0.000000,36000,36000,36000,36000,36000,36000,36000,36000,36000,36000,36000,6,0,37000,37192.02478187314,35211.04475716129,41004.14070603438,128.0
1790232759,4,TPOT,completion,0.100000,0.000000,260,260,260,260,260,260,260,260,260,260,260,6,0,260,268.8804209789046,257.3693469056757,297.91456492852393,0.0
1790232759,4,TTFT,completion,0.100000,0.000000,3200,3200,3200,3200,3200,3200,3200,3200,3200,3200,3200,6,0,3200,3043.530417528624,2524.4070610497147,3361.350102117285,0.0
1790232759,4,,Aggregated,0.300000,0.000000,3200,3200,36000,36000,36000,36000,36000,36000,36000,36000,36000,18,0,3200,13501.478540126891,257.3693469056757,41004.14070603438,42.666666666666664
1790232760,4,POST,completion,0.100000,0.000000,36000,36000,36000,36000,36000,36000,36000,36000,36000,36000,36000,6,0,37000,37192.02478187314,35211.04475716129,41004.14070603438,128.0
1790232760,4,TPOT,completion,0.100000,0.000000,260,260,260,260,260,260,260,260,260,260,260,6,0,260,268.8804209789046,257.3693469056757,297.91456492852393,0.0
1790232760,4,TTFT,completion,0.100000,0.000000,3200,3200,3200,3200,3200,3200,3200,3200,3200,3200,3200,6,0,3200,3043.530417528624,2524.4070610497147,3361.350102117285,0.0
1790232760,4,,Aggregated,0.300000,0.000000,3200,3200,36000,36000,36000,36000,36000,36000,36000,36000,36000,18,0,3200,13501.478540126891,257.3693469056757,41004.14070603438,42.666666666666664
1790232761,4,POST,completion,0.100000,0.000000,36000,36000,36000,36000,36000,36000,36000,36000,36000,36000,36000,6,0,37000,37192.02478187314,35211.04475716129,41004.14070603438,128.0
1790232761,4,TPOT,completion,0.100000,0.000000,260,260,260,260,260,260,260,260,260,260,260,6,0,260,268.8804209789046,257.3693469056757,297.91456492852393,0.0
1790232761,4,TTFT,completion,0.100000,0.000000,3200,3200,3200,3200,3200,3200,3200,3200,3200,3200,3200,6,0,3200,3043.530417528624,2524.4070610497147,3361.350102117285,0.0
1790232761,4,,Aggregated,0.300000,0.000000,3200,3200,36000,36000,36000,36000,36000,36000,36000,36000,36000,18,0,3200,13501.478540126891,257.3693469056757,41004.14070603438,42.666666666666664
1790232762,4,POST,completion,0.100000,0.000000,36000,36000,36000,36000,36000,36000,36000,36000,36000,36000,36000,6,0,37000,37192.02478187314,35211.04475716129,41004.14070603438,128.0
1790232762,4,TPOT,completion,0.100000,0.000000,260,260,260,260,260,260,260,260,260,260,260,6,0,260,268.8804209789046,257.3693469056757,297.91456492852393,0.0
1790232762,4,TTFT,completion,0.100000,0.000000,3200,3200,3200,3200,3200,3200,3200,3200,3200,3200,3200,6,0,3200,3043.530417528624,2524.4070610497147,3361.350102117285,0.0
1790232762,4,,Aggregated,0.300000,0.000000,3200,3200,36000,36000,36000,36000,36000,36000,36000,36000,36000,18,0,3200,13501.478540126891,257.3693469056757,41004.14070603438,42.666666666666664
1790232763,4,POST,completion,0.100000,0.000000,36000,36000,36000,36000,36000,36000,36000,36000,36000,36000,36000,6,0,37000,37192.02478187314,35211.04475716129,41004.14070603438,128.0
1790232763,4,TPOT,completion,0.100000,0.000000,260,260,260,260,260,260,260,260,260,260,260,6,0,260,268.8804209789046,257.3693469056757,297.91456492852393,0.0
1790232763,4,TTFT,completion,0.100000,0.000000,3200,3200,3200,3200,3200,3200,3200,3200,3200,3200,3200,6,0,3200,3043.530417528624,2524.4070610497147,3361.350102117285,0.0
1790232763,4,,Aggregated,0.300000,0.000000,3200,3200,36000,36000,36000,36000,36000,36000,36000,36000,36000,18,0,3200,13501.478540126891,257.3693469056757,41004.14070603438,42.666666666666664
1790232764,4,POST,completion,0.100000,0.000000,36000,36000,36000,36000,36000,36000,36000,36000,36000,36000,36000,6,0,37000,37192.02478187314,35211.04475716129,41004.14070603438,128.0
1790232764,4,TPOT,completion,0.100000,0.000000,260,260,260,260,260,260,260,260,260,260,260,6,0,260,268.8804209789046,257.3693469056757,297.91456492852393,0.0
1790232764,4,TTFT,completion,0.100000,0.000000,3200,3200,3200,3200,3200,3200,3200,3200,3200,3200,3200,6,0,3200,3043.530417528624,2524.4070610497147,3361.350102117285,0.0
1790232764,4,,Aggregated,0.300000,0.000000,3200,3200,36000,36000,36000,36000,36000,36000,36000,36000,36000,18,0,3200,13501.478540126891,257.3693469056757,41004.14070603438,42.666666666666664
1790232765,4,POST,completion,0.100000,0.000000,36000,36000,36000,36000,36000,36000,36000,36000,36000,36000,36000,6,0,37000,37192.02478187314,35211.04475716129,41004.14070603438,128.0
1790232765,4,TPOT,completion,0.100000,0.000000,260,260,260,260,260,260,260,260,260,260,260,6,0,260,268.8804209789046,257.3693469056757,297.91456492852393,0.0
1790232765,4,TTFT,completion,0.100000,0.000000,3200,3200,3200,3200,3200,3200,3200,3200,3200,3200,3200,6,0,3200,3043.530417528624,2524.4070610497147,3361.350102117285,0.0
1790232765,4,,Aggregated,0.300000,0.000000,3200,3200,36000,36000,36000,36000,36000,36000,36000,36000,36000,18,0,3200,13501.478540126891,257.3693469056757,41004.14070603438,42.666666666666664
1790232766,4,POST,completion,0.100000,0.000000,36000,36000,36000,36000,36000,36000,36000,36000,36000,36000,36000,6,0,37000,37192.02478187314,35211.04475716129,41004.14070603438,128.0
1790232766,4,TPOT,completion,0.100000,0.000000,260,260,260,260,260,260,260,260,260,260,260,6,0,260,268.8804209789046,257.3693469056757,297.91456492852393,0.0
1790232766,4,TTFT,completion,0.100000,0.000000,3200,3200,3200,3200,3200,3200,3200,3200,3200,3200,3200,6,0,3200,3043.530417528624,2524.4070610497147,3361.350102117285,0.0
1790232766,4,,Aggregated,0.300000,0.000000,3200,3200,36000,36000,36000,36000,36000,36000,36000,36000,36000,18,0,3200,13501.478540126891,257.3693469056757,41004.14070603438,42.666666666666664
1790232767,4,POST,completion,0.100000,0.000000,36000,36000,36000,36000,36000,36000,36000,36000,36000,36000,36000,6,0,37000,37192.02478187314,35211.04475716129,41004.14070603438,128.0
1790232767,4,TPOT,completion,0.100000,0.000000,260,260,260,260,260,260,260,260,260,260,260,6,0,260,268.8804209789046,257.3693469056757,297.91456492852393,0.0
1790232767,4,TTFT,completion,0.100000,0.000000,3200,3200,3200,3200,3200,3200,3200,3200,3200,3200,3200,6,0,3200,3043.530417528624,2524.4070610497147,3361.350102117285,0.0
1790232767,4,,Aggregated,0.300000,0.000000,3200,3200,36000,36000,36000,36000,36000,36000,36000,36000,36000,18,0,3200,13501.478540126891,257.3693469056757,41004.14070603438,42.666666666666664
1790232768,4,POST,completion,0.100000,0.000000,0,0,0,0,0,0,0,0,0,0,0,6,0,37000,37192.02478187314,35211.04475716129,41004.14070603438,128.0
1790232768,4,TPOT,completion,0.100000,0.000000,0,0,0,0,0,0,0,0,0,0,0,6,0,260,268.8804209789046,257.3693469056757,297.91456492852393,0.0
1790232768,4,TTFT,completion,0.100000,0.000000,0,0,0,0,0,0,0,0,0,0,0,6,0,3200,3043.530417528624,2524.4070610497147,3361.350102117285,0.0
1790232768,4,,Aggregated,0.300000,0.000000,0,0,0,0,0,0,0,0,0,0,0,18,0,3200,13501.478540126891,257.3693469056757,41004.14070603438,42.666666666666664
1790232769,4,POST,completion,0.100000,0.000000,0,0,0,0,0,0,0,0,0,0,0,6,0,37000,37192.02478187314,35211.04475716129,41004.14070603438,128.0
1790232769,4,TPOT,completion,0.100000,0.000000,0,0,0,0,0,0,0,0,0,0,0,6,0,260,268.8804209789046,257.3693469056757,297.91456492852393,0.0
1790232769,4,TTFT,completion,0.100000,0.000000,0,0,0,0,0,0,0,0,0,0,0,6,0,3200,3043.530417528624,2524.4070610497147,3361.350102117285,0.0
1790232769,4,,Aggregated,0.300000,0.000000,0,0,0,0,0,0,0,0,0,0,0,18,0,3200,13501.478540126891,257.3693469056757,41004.14070603438,42.666666666666664
1790232770,4,POST,completion,0.000000,0.000000,0,0,0,0,0,0,0,0,0,0,0,7,0,37000,38675.36487234091,35211.04475716129,47575.40541514754,128.0
1790232770,4,TPOT,completion,0.000000,0.000000,0,0,0,0,0,0,0,0,0,0,0,7,0,260,280.33876356682396,257.3693469056757,349.0888190943396,0.0
1790232770,4,TTFT,completion,0.000000,0.000000,0,0,0,0,0,0,0,0,0,0,0,7,0,3200,3071.6651036137982,2524.4070610497147,3361.350102117285,0.0
1790232770,4,,Aggregated,0.000000,0.000000,0,0,0,0,0,0,0,0,0,0,0,21,0,3200,14009.122913173846,257.3693469056757,47575.40541514754,42.666666666666664
1790232771,4,POST,completion,0.000000,0.000000,48000,48000,48000,48000,48000,48000,48000,48000,48000,48000,48000,8,0,38000,39458.35411603912,35211.04475716129,47575.40541514754,128.0
1790232771,4,TPOT,completion,0.000000,0.000000,350,350,350,350,350,350,350,350,350,350,350,8,0,270,286.4735115532155,257.3693469056757,349.0888190943396,0.0
1790232771,4,TTFT,completion,0.000000,0.000000,3200,3200,3200,3200,3200,3200,3200,3200,3200,3200,3200,8,0,3200,3075.5413657752797,2524.4070610497147,3361.350102117285,0.0
1790232771,4,,Aggregated,0.000000,0.000000,3200,3200,45000,45000,48000,48000,48000,48000,48000,48000,48000,24,0,3200,14273.456331122537,257.3693469056757,47575.40541514754,42.666666666666664
1790232772,4,POST,completion,0.000000,0.000000,48000,48000,48000,48000,48000,48000,48000,48000,48000,48000,48000,8,0,38000,39458.35411603912,35211.04475716129,47575.40541514754,128.0
1790232772,4,TPOT,completion,0.000000,0.000000,350,350,350,350,350,350,350,350,350,350,350,8,0,270,286.4735115532155,257.3693469056757,349.0888190943396,0.0
1790232772,4,TTFT,completion,0.000000,0.000000,3200,3200,3200,3200,3200,3200,3200,3200,3200,3200,3200,8,0,3200,3075.5413657752797,2524.4070610497147,3361.350102117285,0.0
1790232772,4,,Aggregated,0.000000,0.000000,3200,3200,45000,45000,48000,48000,48000,48000,48000,48000,48000,24,0,3200,14273.456331122537,257.3693469056757,47575.40541514754,42.666666666666664
1790232773,4,POST,completion,0.000000,0.000000,48000,48000,48000,48000,48000,48000,48000,48000,48000,48000,48000,8,0,38000,39458.35411603912,35211.04475716129,47575.40541514754,128.0
1790232773,4,TPOT,completion,0.000000,0.000000,350,350,350,350,350,350,350,350,350,350,350,8,0,270,286.4735115532155,257.3693469056757,349.0888190943396,0.0
1790232773,4,TTFT,completion,0.000000,0.000000,3200,3200,3200,3200,3200,3200,3200,3200,3200,3200,3200,8,0,3200,3075.5413657752797,2524.4070610497147,3361.350102117285,0.0
1790232773,4,,Aggregated,0.000000,0.000000,3200,3200,45000,45000,48000,48000,48000,48000,48000,48000,48000,24,0,3200,14273.456331122537,257.3693469056757,47575.40541514754,42.666666666666664
1790232774,4,POST,completion,0.000000,0.000000,48000,48000,48000,48000,48000,48000,48000,48000,48000,48000,48000,8,0,38000,39458.35411603912,35211.04475716129,47575.40541514754,128.0
1790232774,4,TPOT,completion,0.000000,0.000000,350,350,350,350,350,350,350,350,350,350,350,8,0,270,286.4735115532155,257.3693469056757,349.0888190943396,0.0
1790232774,4,TTFT,completion,0.000000,0.000000,3200,3200,3200,3200,3200,3200,3200,3200,3200,3200,3200,8,0,3200,3075.5413657752797,2524.4070610497147,3361.350102117285,0.0
1790232774,4,,Aggregated,0.000000,0.000000,3200,3200,45000,45000,48000,48000,48000,48000,48000,48000,48000,24,0,3200,14273.456331122537,257.3693469056757,47575.40541514754,42.666666666666664
1790232775,4,POST,completion,0.000000,0.000000,48000,48000,48000,48000,48000,48000,48000,48000,48000,48000,48000,8,0,38000,39458.35411603912,35211.04475716129,47575.40541514754,128.0
1790232775,4,TPOT,completion,0.000000,0.000000,350,350,350,350,350,350,350,350,350,350,350,8,0,270,286.4735115532155,257.3693469056757,349.0888190943396,0.0
1790232775,4,TTFT,completion,0.000000,0.000000,3200,3200,3200,3200,3200,3200,3200,3200,3200,3200,3200,8,0,3200,3075.5413657752797,2524.4070610497147,3361.350102117285,0.0
1790232775,4,,Aggregated,0.000000,0.000000,3200,3200,45000,45000,48000,48000,48000,48000,48000,48000,48000,24,0,3200,14273.456331122537,257.3693469056757,47575.40541514754,42.666666666666664
1790232776,4,POST,completion,0.000000,0.000000,48000,48000,48000,48000,48000,48000,48000,48000,48000,48000,48000,8,0,38000,39458.35411603912,35211.04475716129,47575.40541514754,128.0
1790232776,4,TPOT,completion,0.000000,0.000000,350,350,350,350,350,350,350,350,350,350,350,8,0,270,286.4735115532155,257.3693469056757,349.0888190943396,0.0
1790232776,4,TTFT,completion,0.000000,0.000000,3200,3200,3200,3200,3200,3200,3200,3200,3200,3200,3200,8,0,3200,3075.5413657752797,2524.4070610497147,3361.350102117285,0.0
1790232776,4,,Aggregated,0.000000,0.000000,3200,3200,45000,45000,48000,48000,48000,48000,48000,48000,48000,24,0,3200,14273.456331122537,257.3693469056757,47575.40541514754,42.666666666666664
1790232777,4,POST,completion,0.000000,0.000000,48000,48000,48000,48000,48000,48000,48000,48000,48000,48000,48000,8,0,38000,39458.35411603912,35211.04475716129,47575.40541514754,128.0
1790232777,4,TPOT,completion,0.000000,0.000000,350,350,350,350,350,350,350,350,350,350,350,8,0,270,286.4735115532155,257.3693469056757,349.0888190943396,0.0
1790232777,4,TTFT,completion,0.000000,0.000000,3200,3200,3200,3200,3200,3200,3200,3200,3200,3200,3200,8,0,3200,3075.5413657752797,2524.4070610497147,3361.350102117285,0.0
1790232777,4,,Aggregated,0.000000,0.000000,3200,3200,45000,45000,48000,48000,48000,48000,48000,48000,48000,24,0,3200,14273.456331122537,257.3693469056757,47575.40541514754,42.666666666666664
1790232778,4,POST,completion,0.000000,0.000000,48000,48000,48000,48000,48000,48000,48000,48000,48000,48000,48000,8,0,38000,39458.35411603912,35211.04475716129,47575.40541514754,128.0
1790232778,4,TPOT,completion,0.000000,0.000000,350,350,350,350,350,350,350,350,350,350,350,8,0,270,286.4735115532155,257.3693469056757,349.0888190943396,0.0
1790232778,4,TTFT,completion,0.000000,0.000000,3200,3200,3200,3200,3200,3200,3200,3200,3200,3200,3200,8,0,3200,3075.5413657752797,2524.4070610497147,3361.350102117285,0.0
1790232778,4,,Aggregated,0.000000,0.000000,3200,3200,45000,45000,48000,48000,48000,48000,48000,48000,48000,24,0,3200,14273.456331122537,257.3693469056757,47575.40541514754,42.666666666666664
1790232779,4,POST,completion,0.000000,0.000000,48000,48000,48000,48000,48000,48000,48000,48000,48000,48000,48000,8,0,38000,39458.35411603912,35211.04475716129,47575.40541514754,128.0
1790232779,4,TPOT,completion,0.000000,0.000000,350,350,350,350,350,350,350,350,350,350,350,8,0,270,286.4735115532155,257.3693469056757,349.0888190943396,0.0
1790232779,4,TTFT,completion,0.000000,0.000000,3200,3200,3200,3200,3200,3200,3200,3200,3200,3200,3200,8,0,3200,3075.5413657752797,2524.4070610497147,3361.350102117285,0.0
1790232779,4,,Aggregated,0.000000,0.000000,3200,3200,45000,45000,48000,48000,48000,48000,48000,48000,48000,24,0,3200,14273.456331122537,257.3693469056757,47575.40541514754,42.666666666666664
1790232780,4,POST,completion,0.000000,0.000000,45000,45000,45000,45000,45000,45000,45000,45000,45000,45000,45000,8,0,38000,39458.35411603912,35211.04475716129,47575.40541514754,128.0
1790232780,4,TPOT,completion,0.000000,0.000000,330,330,330,330,330,330,330,330,330,330,330,8,0,270,286.4735115532155,257.3693469056757,349.0888190943396,0.0
1790232780,4,TTFT,completion,0.000000,0.000000,3100,3100,3100,3100,3100,3100,3100,3100,3100,3100,3100,8,0,3200,3075.5413657752797,2524.4070610497147,3361.350102117285,0.0
1790232780,4,,Aggregated,0.000000,0.000000,3100,3100,45000,45000,45000,45000,45000,45000,45000,45000,45000,24,0,3200,14273.456331122537,257.3693469056757,47575.40541514754,42.666666666666664
1790232781,4,POST,completion,0.000000,0.000000,45000,45000,45000,45000,45000,45000,45000,45000,45000,45000,45000,8,0,38000,39458.35411603912,35211.04475716129,47575.40541514754,128.0
1790232781,4,TPOT,completion,0.000000,0.000000,330,330,330,330,330,330,330,330,330,330,330,8,0,270,286.4735115532155,257.3693469056757,349.0888190943396,0.0
1790232781,4,TTFT,completion,0.000000,0.000000,3100,3100,3100,3100,3100,3100,3100,3100,3100,3100,3100,8,0,3200,3075.5413657752797,2524.4070610497147,3361.350102117285,0.0
1790232781,4,,Aggregated,0.000000,0.000000,3100,3100,45000,45000,45000,45000,45000,45000,45000,45000,45000,24,0,3200,14273.456331122537,257.3693469056757,47575.40541514754,42.666666666666664
1790232782,4,POST,completion,0.000000,0.000000,45000,45000,45000,45000,45000,45000,45000,45000,45000,45000,45000,8,0,38000,39458.35411603912,35211.04475716129,47575.40541514754,128.0
1790232782,4,TPOT,completion,0.000000,0.000000,330,330,330,330,330,330,330,330,330,330,330,8,0,270,286.4735115532155,257.3693469056757,349.0888190943396,0.0
1790232782,4,TTFT,completion,0.000000,0.000000,3100,3100,3100,3100,3100,3100,3100,3100,3100,3100,3100,8,0,3200,3075.5413657752797,2524.4070610497147,3361.350102117285,0.0
1790232782,4,,Aggregated,0.000000,0.000000,3100,3100,45000,45000,45000,45000,45000,45000,45000,45000,45000,24,0,3200,14273.456331122537,257.3693469056757,47575.40541514754,42.666666666666664
1790232783,4,POST,completion,0.000000,0.000000,45000,45000,45000,45000,45000,45000,45000,45000,45000,45000,45000,8,0,38000,39458.35411603912,35211.04475716129,47575.40541514754,128.0
1790232783,4,TPOT,completion,0.000000,0.000000,330,330,330,330,330,330,330,330,330,330,330,8,0,270,286.4735115532155,257.3693469056757,349.0888190943396,0.0
1790232783,4,TTFT,completion,0.000000,0.000000,3100,3100,3100,3100,3100,3100,3100,3100,3100,3100,3100,8,0,3200,3075.5413657752797,2524.4070610497147,3361.350102117285,0.0
1790232783,4,,Aggregated,0.000000,0.000000,3100,3100,45000,45000,45000,45000,45000,45000,45000,45000,45000,24,0,3200,14273.456331122537,257.3693469056757,47575.40541514754,42.666666666666664
1790232784,4,POST,completion,0.000000,0.000000,45000,45000,45000,45000,45000,45000,45000,45000,45000,45000,45000,8,0,38000,39458.35411603912,35211.04475716129,47575.40541514754,128.0
1790232784,4,TPOT,completion,0.000000,0.000000,330,330,330,330,330,330,330,330,330,330,330,8,0,270,286.4735115532155,257.3693469056757,349.0888190943396,0.0
1790232784,4,TTFT,completion,0.000000,0.000000,3100,3100,3100,3100,3100,3100,3100,3100,3100,3100,3100,8,0,3200,3075.5413657752797,2524.4070610497147,3361.350102117285,0.0
1790232784,4,,Aggregated,0.000000,0.000000,3100,3100,45000,45000,45000,45000,45000,45000,45000,45000,45000,24,0,3200,14273.456331122537,257.3693469056757,47575.40541514754,42.666666666666664
1790232785,4,POST,completion,0.000000,0.000000,45000,45000,45000,45000,45000,45000,45000,45000,45000,45000,45000,8,0,38000,39458.35411603912,35211.04475716129,47575.40541514754,128.0
1790232785,4,TPOT,completion,0.000000,0.000000,330,330,330,330,330,330,330,330,330,330,330,8,0,270,286.4735115532155,257.3693469056757,349.0888190943396,0.0
1790232785,4,TTFT,completion,0.000000,0.000000,3100,3100,3100,3100,3100,3100,3100,3100,3100,3100,3100,8,0,3200,3075.5413657752797,2524.4070610497147,3361.350102117285,0.0
1790232785,4,,Aggregated,0.000000,0.000000,3100,3100,45000,45000,45000,45000,45000,45000,45000,45000,45000,24,0,3200,14273.456331122537,257.3693469056757,47575.40541514754,42.666666666666664
1790232786,4,POST,completion,0.000000,0.000000,45000,45000,45000,45000,45000,45000,45000,45000,45000,45000,45000,8,0,38000,39458.35411603912,35211.04475716129,47575.40541514754,128.0
1790232786,4,TPOT,completion,0.000000,0.000000,330,330,330,330,330,330,330,330,330,330,330,8,0,270,286.4735115532155,257.3693469056757,349.0888190943396,0.0
1790232786,4,TTFT,completion,0.000000,0.000000,3100,3100,3100,3100,3100,3100,3100,3100,3100,3100,3100,8,0,3200,3075.5413657752797,2524.4070610497147,3361.350102117285,0.0
1790232786,4,,Aggregated,0.000000,0.000000,3100,3100,45000,45000,45000,45000,45000,45000,45000,45000,45000,24,0,3200,14273.456331122537,257.3693469056757,47575.40541514754,42.666666666666664
1790232787,4,POST,completion,0.000000,0.000000,45000,45000,45000,45000,45000,45000,45000,45000,45000,45000,45000,8,0,38000,39458.35411603912,35211.04475716129,47575.40541514754,128.0
1790232787,4,TPOT,completion,0.000000,0.000000,330,330,330,330,330,330,330,330,330,330,330,8,0,270,286.4735115532155,257.3693469056757,349.0888190943396,0.0
1790232787,4,TTFT,completion,0.000000,0.000000,3100,3100,3100,3100,3100,3100,3100,3100,3100,3100,3100,8,0,3200,3075.5413657752797,2524.4070610497147,3361.350102117285,0.0
1790232787,4,,Aggregated,0.000000,0.000000,3100,3100,45000,45000,45000,45000,45000,45000,45000,45000,45000,24,0,3200,14273.456331122537,257.3693469056757,47575.40541514754,42.666666666666664
1790232788,4,POST,completion,0.000000,0.000000,45000,45000,45000,45000,45000,45000,45000,45000,45000,45000,45000,8,0,38000,39458.35411603912,35211.04475716129,47575.40541514754,128.0
1790232788,4,TPOT,completion,0.000000,0.000000,330,330,330,330,330,330,330,330,330,330,330,8,0,270,286.4735115532155,257.3693469056757,349.0888190943396,0.0
1790232788,4,TTFT,completion,0.000000,0.000000,3100,3100,3100,3100,3100,3100,3100,3100,3100,3100,3100,8,0,3200,3075.5413657752797,2524.4070610497147,3361.350102117285,0.0
1790232788,4,,Aggregated,0.000000,0.000000,3100,3100,45000,45000,45000,45000,45000,45000,45000,45000,45000,24,0,3200,14273.456331122537,257.3693469056757,47575.40541514754,42.666666666666664
1790232789,4,POST,completion,0.000000,0.000000,0,0,0,0,0,0,0,0,0,0,0,8,0,38000,39458.35411603912,35211.04475716129,47575.40541514754,128.0
1790232789,4,TPOT,completion,0.000000,0.000000,0,0,0,0,0,0,0,0,0,0,0,8,0,270,286.4735115532155,257.3693469056757,349.0888190943396,0.0
1790232789,4,TTFT,completion,0.000000,0.000000,0,0,0,0,0,0,0,0,0,0,0,8,0,3200,3075.5413657752797,2524.4070610497147,3361.350102117285,0.0
1790232789,4,,Aggregated,0.000000,0.000000,0,0,0,0,0,0,0,0,0,0,0,24,0,3200,14273.456331122537,257.3693469056757,47575.40541514754,42.666666666666664
1790232790,4,POST,completion,0.000000,0.000000,0,0,0,0,0,0,0,0,0,0,0,8,0,38000,39458.35411603912,35211.04475716129,47575.40541514754,128.0
1790232790,4,TPOT,completion,0.000000,0.000000,0,0,0,0,0,0,0,0,0,0,0,8,0,270,286.4735115532155,257.3693469056757,349.0888190943396,0.0
1790232790,4,TTFT,completion,0.000000,0.000000,0,0,0,0,0,0,0,0,0,0,0,8,0,3200,3075.5413657752797,2524.4070610497147,3361.350102117285,0.0
1790232790,4,,Aggregated,0.000000,0.000000,0,0,0,0,0,0,0,0,0,0,0,24,0,3200,14273.456331122537,257.3693469056757,47575.40541514754,42.666666666666664
1790232791,4,POST,completion,0.000000,0.000000,0,0,0,0,0,0,0,0,0,0,0,8,0,38000,39458.35411603912,35211.04475716129,47575.40541514754,128.0
1790232791,4,TPOT,completion,0.000000,0.000000,0,0,0,0,0,0,0,0,0,0,0,8,0,270,286.4735115532155,257.3693469056757,349.0888190943396,0.0
1790232791,4,TTFT,completion,0.000000,0.000000,0,0,0,0,0,0,0,0,0,0,0,8,0,3200,3075.5413657752797,2524.4070610497147,3361.350102117285,0.0
1790232791,4,,Aggregated,0.000000,0.000000,0,0,0,0,0,0,0,0,0,0,0,24,0,3200,14273.456331122537,257.3693469056757,47575.40541514754,42.666666666666664
1790232792,4,POST,completion,0.000000,0.000000,0,0,0,0,0,0,0,0,0,0,0,8,0,38000,39458.35411603912,35211.04475716129,47575.40541514754,128.0
1790232792,4,TPOT,completion,0.000000,0.000000,0,0,0,0,0,0,0,0,0,0,0,8,0,270,286.4735115532155,257.3693469056757,349.0888190943396,0.0
1790232792,4,TTFT,completion,0.000000,0.000000,0,0,0,0,0,0,0,0,0,0,0,8,0,3200,3075.5413657752797,2524.4070610497147,3361.350102117285,0.0
1790232792,4,,Aggregated,0.000000,0.000000,0,0,0,0,0,0,0,0,0,0,0,24,0,3200,14273.456331122537,257.3693469056757,47575.40541514754,42.666666666666664
1790232793,4,POST,completion,0.000000,0.000000,0,0,0,0,0,0,0,0,0,0,0,8,0,38000,39458.35411603912,35211.04475716129,47575.40541514754,128.0
1790232793,4,TPOT,completion,0.000000,0.000000,0,0,0,0,0,0,0,0,0,0,0,8,0,270,286.4735115532155,257.3693469056757,349.0888190943396,0.0
1790232793,4,TTFT,completion,0.000000,0.000000,0,0,0,0,0,0,0,0,0,0,0,8,0,3200,3075.5413657752797,2524.4070610497147,3361.350102117285,0.0
1790232793,4,,Aggregated,0.000000,0.000000,0,0,0,0,0,0,0,0,0,0,0,24,0,3200,14273.456331122537,257.3693469056757,47575.40541514754,42.666666666666664
1790232794,4,POST,completion,0.000000,0.000000,0,0,0,0,0,0,0,0,0,0,0,9,0,38000,40415.28022183209,35211.04475716129,48070.68906817585,128.0
1790232794,4,TPOT,completion,0.000000,0.000000,0,0,0,0,0,0,0,0,0,0,0,9,0,270,293.73082643650207,257.3693469056757,351.78934550279473,0.0
1790232794,4,TTFT,completion,0.000000,0.000000,0,0,0,0,0,0,0,0,0,0,0,9,0,3200,3110.7900044880807,2524.4070610497147,3392.779114190489,0.0
1790232794,4,,Aggregated,0.000000,0.000000,0,0,0,0,0,0,0,0,0,0,0,27,0,3200,14606.60035091889,257.3693469056757,48070.68906817585,42.666666666666664
1790232795,4,POST,completion,0.000000,0.000000,48000,48000,48000,48000,48000,48000,48000,48000,48000,48000,48000,9,0,38000,40415.28022183209,35211.04475716129,48070.68906817585,128.0
1790232795,4,TPOT,completion,0.000000,0.000000,350,350,350,350,350,350,350,350,350,350,350,9,0,270,293.73082643650207,257.3693469056757,351.78934550279473,0.0
1790232795,4,TTFT,completion,0.000000,0.000000,3400,3400,3400,3400,3400,3400,3400,3400,3400,3400,3400,9,0,3200,3110.7900044880807,2524.4070610497147,3392.779114190489,0.0
1790232795,4,,Aggregated,0.000000,0.000000,3400,3400,48000,48000,48000,48000,48000,48000,48000,48000,48000,27,0,3200,14606.60035091889,257.3693469056757,48070.68906817585,42.666666666666664
1790232796,4,POST,completion,0.000000,0.000000,48000,48000,48000,48000,48000,48000,48000,48000,48000,48000,48000,10,0,41000,40895.12198125012,35211.04475716129,48070.68906817585,128.0
1790232796,4,TPOT,completion,0.000000,0.000000,350,350,350,350,350,350,350,350,350,350,350,10,0,300,297.41260666770523,257.3693469056757,351.78934550279473,0.0
1790232796,4,TTFT,completion,0.000000,0.000000,3400,3400,3400,3400,3400,3400,3400,3400,3400,3400,3400,10,0,3200,3123.0475989403203,2524.4070610497147,3392.779114190489,0.0
1790232796,4,,Aggregated,0.000000,0.000000,3400,3400,45000,45000,48000,48000,48000,48000,48000,48000,48000,30,0,3200,14771.860728952715,257.3693469056757,48070.68906817585,42.666666666666664
1790232797,4,POST,completion,0.000000,0.000000,48000,48000,48000,48000,48000,48000,48000,48000,48000,48000,48000,10,0,41000,40895.12198125012,35211.04475716129,48070.68906817585,128.0
1790232797,4,TPOT,completion,0.000000,0.000000,350,350,350,350,350,350,350,350,350,350,350,10,0,300,297.41260666770523,257.3693469056757,351.78934550279473,0.0
1790232797,4,TTFT,completion,0.000000,0.000000,3400,3400,3400,3400,3400,3400,3400,3400,3400,3400,3400,10,0,3200,3123.0475989403203,2524.4070610497147,3392.779114190489,0.0
1790232797,4,,Aggregated,0.000000,0.000000,3400,3400,45000,45000,48000,48000,48000,48000,48000,48000,48000,30,0,3200,14771.860728952715,257.3693469056757,48070.68906817585,42.666666666666664
1790232798,4,POST,completion,0.000000,0.000000,48000,48000,48000,48000,48000,48000,48000,48000,48000,48000,48000,10,0,41000,40895.12198125012,35211.04475716129,48070.68906817585,128.0
1790232798,4,TPOT,completion,0.000000,0.000000,350,350,350,350,350,350,350,350,350,350,350,10,0,300,297.41260666770523,257.3693469056757,351.78934550279473,0.0
1790232798,4,TTFT,completion,0.000000,0.000000,3400,3400,3400,3400,3400,3400,3400,3400,3400,3400,3400,10,0,3200,3123.0475989403203,2524.4070610497147,3392.779114190489,0.0
1790232798,4,,Aggregated,0.000000,0.000000,3400,3400,45000,45000,48000,48000,48000,48000,48000,48000,48000,30,0,3200,14771.860728952715,257.3693469056757,48070.68906817585,42.666666666666664
1790232799,4,POST,completion,0.000000,0.000000,48000,48000,48000,48000,48000,48000,48000,48000,48000,48000,48000,10,0,41000,40895.12198125012,35211.04475716129,48070.68906817585,128.0
1790232799,4,TPOT,completion,0.000000,0.000000,350,350,350,350,350,350,350,350,350,350,350,10,0,300,297.41260666770523,257.3693469056757,351.78934550279473,0.0
1790232799,4,TTFT,completion,0.000000,0.000000,3400,3400,3400,3400,3400,3400,3400,3400,3400,3400,3400,10,0,3200,3123.0475989403203,2524.4070610497147,3392.779114190489,0.0
1790232799,4,,Aggregated,0.000000,0.000000,3400,3400,45000,45000,48000,48000,48000,48000,48000,48000,48000,30,0,3200,14771.860728952715,257.3693469056757,48070.68906817585,42.666666666666664
1790232800,4,POST,completion,0.000000,0.000000,48000,48000,48000,48000,48000,48000,48000,48000,48000,48000,48000,10,0,41000,40895.12198125012,35211.04475716129,48070.68906817585,128.0
1790232800,4,TPOT,completion,0.000000,0.000000,350,350,350,350,350,350,350,350,350,350,350,10,0,300,297.41260666770523,257.3693469056757,351.78934550279473,0.0
1790232800,4,TTFT,completion,0.000000,0.000000,3400,3400,3400,3400,3400,3400,3400,3400,3400,3400,3400,10,0,3200,3123.0475989403203,2524.4070610497147,3392.779114190489,0.0
1790232800,4,,Aggregated,0.000000,0.000000,3400,3400,45000,45000,48000,48000,48000,48000,48000,48000,48000,30,0,3200,14771.860728952715,257.3693469056757,48070.68906817585,42.666666666666664
1790232801,4,POST,completion,0.000000,0.000000,48000,48000,48000,48000,48000,48000,48000,48000,48000,48000,48000,10,0,41000,40895.12198125012,35211.04475716129,48070.68906817585,128.0
1790232801,4,TPOT,completion,0.000000,0.000000,350,350,350,350,350,350,350,350,350,350,350,10,0,300,297.41260666770523,257.3693469056757,351.78934550279473,0.0
1790232801,4,TTFT,completion,0.000000,0.000000,3400,3400,3400,3400,3400,3400,3400,3400,3400,3400,3400,10,0,3200,3123.0475989403203,2524.4070610497147,3392.779114190489,0.0
1790232801,4,,Aggregated,0.000000,0.000000,3400,3400,45000,45000,48000,48000,48000,48000,48000,48000,48000,30,0,3200,14771.860728952715,257.3693469056757,48070.68906817585,42.666666666666664
1790232802,4,POST,completion,0.000000,0.000000,48000,48000,48000,48000,48000,48000,48000,48000,48000,48000,48000,10,0,41000,40895.12198125012,35211.04475716129,48070.68906817585,128.0
1790232802,4,TPOT,completion,0.000000,0.000000,350,350,350,350,350,350,350,350,350,350,350,10,0,300,297.41260666770523,257.3693469056757,351.78934550279473,0.0
1790232802,4,TTFT,completion,0.000000,0.000000,3400,3400,3400,3400,3400,3400,3400,3400,3400,3400,3400,10,0,3200,3123.0475989403203,2524.4070610497147,3392.779114190489,0.0
1790232802,4,,Aggregated,0.000000,0.000000,3400,3400,45000,45000,48000,48000,48000,48000,48000,48000,48000,30,0,3200,14771.860728952715,257.3693469056757,48070.68906817585,42.666666666666664
1790232803,4,POST,completion,0.000000,0.000000,48000,48000,48000,48000,48000,48000,48000,48000,48000,48000,48000,10,0,41000,40895.12198125012,35211.04475716129,48070.68906817585,128.0
1790232803,4,TPOT,completion,0.000000,0.000000,350,350,350,350,350,350,350,350,350,350,350,10,0,300,297.41260666770523,257.3693469056757,351.78934550279473,0.0
1790232803,4,TTFT,completion,0.000000,0.000000,3400,3400,3400,3400,3400,3400,3400,3400,3400,3400,3400,10,0,3200,3123.0475989403203,2524.4070610497147,3392.779114190489,0.0
1790232803,4,,Aggregated,0.000000,0.000000,3400,3400,45000,45000,48000,48000,48000,48000,48000,48000,48000,30,0,3200,14771.860728952715,257.3693469056757,48070.68906817585,42.666666666666664
1790232804,4,POST,completion,0.000000,0.000000,45000,45000,45000,45000,45000,45000,45000,45000,45000,45000,45000,10,0,41000,40895.12198125012,35211.04475716129,48070.68906817585,128.0
1790232804,4,TPOT,completion,0.000000,0.000000,330,330,330,330,330,330,330,330,330,330,330,10,0,300,297.41260666770523,257.3693469056757,351.78934550279473,0.0
1790232804,4,TTFT,completion,0.000000,0.000000,3200,3200,3200,3200,3200,3200,3200,3200,3200,3200,3200,10,0,3200,3123.0475989403203,2524.4070610497147,3392.779114190489,0.0
1790232804,4,,Aggregated,0.000000,0.000000,3200,3200,45000,45000,45000,45000,45000,45000,45000,45000,45000,30,0,3200,14771.860728952715,257.3693469056757,48070.68906817585,42.666666666666664
1790232805,4,POST,completion,0.000000,0.000000,45000,45000,45000,45000,45000,45000,45000,45000,45000,45000,45000,10,0,41000,40895.12198125012,35211.04475716129,48070.68906817585,128.0
1790232805,4,TPOT,completion,0.000000,0.000000,330,330,330,330,330,330,330,330,330,330,330,10,0,300,297.41260666770523,257.3693469056757,351.78934550279473,0.0
1790232805,4,TTFT,completion,0.000000,0.000000,3200,3200,3200,3200,3200,3200,3200,3200,3200,3200,3200,10,0,3200,3123.0475989403203,2524.4070610497147,3392.779114190489,0.0
1790232805,4,,Aggregated,0.000000,0.000000,3200,3200,45000,45000,45000,45000,45000,45000,45000,45000,45000,30,0,3200,14771.860728952715,257.3693469056757,48070.68906817585,42.666666666666664
1790232806,4,POST,completion,0.000000,0.000000,45000,45000,45000,45000,45000,45000,45000,45000,45000,45000,45000,10,0,41000,40895.12198125012,35211.04475716129,48070.68906817585,128.0
1790232806,4,TPOT,completion,0.000000,0.000000,330,330,330,330,330,330,330,330,330,330,330,10,0,300,297.41260666770523,257.3693469056757,351.78934550279473,0.0
1790232806,4,TTFT,completion,0.000000,0.000000,3200,3200,3200,3200,3200,3200,3200,3200,3200,3200,3200,10,0,3200,3123.0475989403203,2524.4070610497147,3392.779114190489,0.0
1790232806,4,,Aggregated,0.000000,0.000000,3200,3200,45000,45000,45000,45000,45000,45000,45000,45000,45000,30,0,3200,14771.860728952715,257.3693469056757,48070.68906817585,42.666666666666664
1790232807,4,POST,completion,0.000000,0.000000,45000,45000,45000,45000,45000,45000,45000,45000,45000,45000,45000,10,0,41000,40895.12198125012,35211.04475716129,48070.68906817585,128.0
1790232807,4,TPOT,completion,0.000000,0.000000,330,330,330,330,330,330,330,330,330,330,330,10,0,300,297.41260666770523,257.3693469056757,351.78934550279473,0.0
1790232807,4,TTFT,completion,0.000000,0.000000,3200,3200,3200,3200,3200,3200,3200,3200,3200,3200,3200,10,0,3200,3123.0475989403203,2524.4070610497147,3392.779114190489,0.0
1790232807,4,,Aggregated,0.000000,0.000000,3200,3200,45000,45000,45000,45000,45000,45000,45000,45000,45000,30,0,3200,14771.860728952715,257.3693469056757,48070.68906817585,42.666666666666664
1790232808,4,POST,completion,0.000000,0.000000,45000,45000,45000,45000,45000,45000,45000,45000,45000,45000,45000,11,0,38000,40530.70326240479,35211.04475716129,48070.68906817585,128.0
1790232808,4,TPOT,completion,0.000000,0.000000,330,330,330,330,330,330,330,330,330,330,330,11,0,270,294.4940747551516,257.3693469056757,351.78934550279473,0.0
1790232808,4,TTFT,completion,0.000000,0.000000,3200,3200,3200,3200,3200,3200,3200,3200,3200,3200,3200,11,0,3200,3129.2871710505674,2524.4070610497147,3392.779114190489,0.0
1790232808,4,,Aggregated,0.000000,0.000000,3200,3200,37000,37000,45000,45000,45000,45000,45000,45000,45000,33,0,3200,14651.494836070171,257.3693469056757,48070.68906817585,42.666666666666664
1790232809,4,POST,completion,0.000000,0.000000,45000,45000,45000,45000,45000,45000,45000,45000,45000,45000,45000,11,0,38000,40530.70326240479,35211.04475716129,48070.68906817585,128.0
1790232809,4,TPOT,completion,0.000000,0.000000,330,330,330,330,330,330,330,330,330,330,330,11,0,270,294.4940747551516,257.3693469056757,351.78934550279473,0.0
1790232809,4,TTFT,completion,0.000000,0.000000,3200,3200,3200,3200,3200,3200,3200,3200,3200,3200,3200,11,0,3200,3129.2871710505674,2524.4070610497147,3392.779114190489,0.0
1790232809,4,,Aggregated,0.000000,0.000000,3200,3200,37000,37000,45000,45000,45000,45000,45000,45000,45000,33,0,3200,14651.494836070171,257.3693469056757,48070.68906817585,42.666666666666664
1790232810,4,POST,completion,0.000000,0.000000,45000,45000,45000,45000,45000,45000,45000,45000,45000,45000,45000,11,0,38000,40530.70326240479,35211.04475716129,48070.68906817585,128.0
1790232810,4,TPOT,completion,0.000000,0.000000,330,330,330,330,330,330,330,330,330,330,330,11,0,270,294.4940747551516,257.3693469056757,351.78934550279473,0.0
1790232810,4,TTFT,completion,0.000000,0.000000,3200,3200,3200,3200,3200,3200,3200,3200,3200,3200,3200,11,0,3200,3129.2871710505674,2524.4070610497147,3392.779114190489,0.0
1790232810,4,,Aggregated,0.000000,0.000000,3200,3200,37000,37000,45000,45000,45000,45000,45000,45000,45000,33,0,3200,14651.494836070171,257.3693469056757,48070.68906817585,42.666666666666664
1790232811,4,POST,completion,0.000000,0.000000,37000,37000,37000,37000,37000,37000,37000,37000,37000,37000,37000,11,0,38000,40530.70326240479,35211.04475716129,48070.68906817585,128.0
1790232811,4,TPOT,completion,0.000000,0.000000,270,270,270,270,270,270,270,270,270,270,270,11,0,270,294.4940747551516,257.3693469056757,351.78934550279473,0.0
1790232811,4,TTFT,completion,0.000000,0.000000,3200,3200,3200,3200,3200,3200,3200,3200,3200,3200,3200,11,0,3200,3129.2871710505674,2524.4070610497147,3392.779114190489,0.0
1790232811,4,,Aggregated,0.000000,0.000000,3200,3200,37000,37000,37000,37000,37000,37000,37000,37000,37000,33,0,3200,14651.494836070171,257.3693469056757,48070.68906817585,42.666666666666664
1790232812,4,POST,completion,0.100000,0.000000,42000,42000,42000,42000,42000,42000,42000,42000,42000,42000,42000,12,0,41000,40621.295499789994,35211.04475716129,48070.68906817585,128.0
1790232812,4,TPOT,completion,0.100000,0.000000,300,300,300,300,300,300,300,300,300,300,300,12,0,300,295.0620233314112,257.3693469056757,351.78934550279473,0.0
1790232812,4,TTFT,completion,0.100000,0.000000,3400,3400,3400,3400,3400,3400,3400,3400,3400,3400,3400,12,0,3200,3147.7509276204123,2524.4070610497147,3392.779114190489,0.0
1790232812,4,,Aggregated,0.300000,0.000000,3400,3400,37000,37000,42000,42000,42000,42000,42000,42000,42000,36,0,3200,14688.036150247275,257.3693469056757,48070.68906817585,42.666666666666664
1790232813,4,POST,completion,0.100000,0.000000,42000,42000,42000,42000,42000,42000,42000,42000,42000,42000,42000,12,0,41000,40621.295499789994,35211.04475716129,48070.68906817585,128.0
1790232813,4,TPOT,completion,0.100000,0.000000,300,300,300,300,300,300,300,300,300,300,300,12,0,300,295.0620233314112,257.3693469056757,351.78934550279473,0.0
1790232813,4,TTFT,completion,0.100000,0.000000,3400,3400,3400,3400,3400,3400,3400,3400,3400,3400,3400,12,0,3200,3147.7509276204123,2524.4070610497147,3392.779114190489,0.0
1790232813,4,,Aggregated,0.300000,0.000000,3400,3400,37000,37000,42000,42000,42000,42000,42000,42000,42000,36,0,3200,14688.036150247275,257.3693469056757,48070.68906817585,42.666666666666664
1790232814,4,POST,completion,0.100000,0.000000,42000,42000,42000,42000,42000,42000,42000,42000,42000,42000,42000,12,0,41000,40621.295499789994,35211.04475716129,48070.68906817585,128.0
1790232814,4,TPOT,completion,0.100000,0.000000,300,300,300,300,300,300,300,300,300,300,300,12,0,300,295.0620233314112,257.3693469056757,351.78934550279473,0.0
1790232814,4,TTFT,completion,0.100000,0.000000,3400,3400,3400,3400,3400,3400,3400,3400,3400,3400,3400,12,0,3200,3147.7509276204123,2524.4070610497147,3392.779114190489,0.0
1790232814,4,,Aggregated,0.300000,0.000000,3400,3400,37000,37000,42000,42000,42000,42000,42000,42000,42000,36,0,3200,14688.036150247275,257.3693469056757,48070.68906817585,42.666666666666664
1790232815,4,POST,completion,0.100000,0.000000,42000,42000,42000,42000,42000,42000,42000,42000,42000,42000,42000,12,0,41000,40621.295499789994,35211.04475716129,48070.68906817585,128.0
1790232815,4,TPOT,completion,0.100000,0.000000,300,300,300,300,300,300,300,300,300,300,300,12,0,300,295.0620233314112,257.3693469056757,351.78934550279473,0.0
1790232815,4,TTFT,completion,0.100000,0.000000,3400,3400,3400,3400,3400,3400,3400,3400,3400,3400,3400,12,0,3200,3147.7509276204123,2524.4070610497147,3392.779114190489,0.0
1790232815,4,,Aggregated,0.300000,0.000000,3400,3400,37000,37000,42000,42000,42000,42000,42000,42000,42000,36,0,3200,14688.036150247275,257.3693469056757,48070.68906817585,42.666666666666664
1790232816,4,POST,completion,0.100000,0.000000,42000,42000,42000,42000,42000,42000,42000,42000,42000,42000,42000,12,0,41000,40621.295499789994,35211.04475716129,48070.68906817585,128.0
1790232816,4,TPOT,completion,0.100000,0.000000,300,300,300,300,300,300,300,300,300,300,300,12,0,300,295.0620233314112,257.3693469056757,351.78934550279473,0.0
1790232816,4,TTFT,completion,0.100000,0.000000,3400,3400,3400,3400,3400,3400,3400,3400,3400,3400,3400,12,0,3200,3147.7509276204123,2524.4070610497147,3392.779114190489,0.0
1790232816,4,,Aggregated,0.300000,0.000000,3400,3400,37000,37000,42000,42000,42000,42000,42000,42000,42000,36,0,3200,14688.036150247275,257.3693469056757,48070.68906817585,42.666666666666664
1790232817,4,POST,completion,0.100000,0.000000,42000,42000,42000,42000,42000,42000,42000,42000,42000,42000,42000,12,0,41000,40621.295499789994,35211.04475716129,48070.68906817585,128.0
1790232817,4,TPOT,completion,0.100000,0.000000,300,300,300,300,300,300,300,300,300,300,300,12,0,300,295.0620233314112,257.3693469056757,351.78934550279473,0.0
1790232817,4,TTFT,completion,0.100000,0.000000,3400,3400,3400,3400,3400,3400,3400,3400,3400,3400,3400,12,0,3200,3147.7509276204123,2524.4070610497147,3392.779114190489,0.0
1790232817,4,,Aggregated,0.300000,0.000000,3400,3400,37000,37000,42000,42000,42000,42000,42000,42000,42000,36,0,3200,14688.036150247275,257.3693469056757,48070.68906817585,42.666666666666664
1790232818,4,POST,completion,0.100000,0.000000,42000,42000,42000,42000,42000,42000,42000,42000,42000,42000,42000,12,0,41000,40621.295499789994,35211.04475716129,48070.68906817585,128.0
1790232818,4,TPOT,completion,0.100000,0.000000,300,300,300,300,300,300,300,300,300,300,300,12,0,300,295.0620233314112,257.3693469056757,351.78934550279473,0.0
1790232818,4,TTFT,completion,0.100000,0.000000,3400,3400,3400,3400,3400,3400,3400,3400,3400,3400,3400,12,0,3200,3147.7509276204123,2524.4070610497147,3392.779114190489,0.0
1790232818,4,,Aggregated,0.300000,0.000000,3400,3400,37000,37000,42000,42000,42000,42000,42000,42000,42000,36,0,3200,14688.036150247275,257.3693469056757,48070.68906817585,42.666666666666664
1790232819,4,POST,completion,0.100000,0.000000,42000,42000,42000,42000,42000,42000,42000,42000,42000,42000,42000,12,0,41000,40621.295499789994,35211.04475716129,48070.68906817585,128.0
1790232819,4,TPOT,completion,0.100000,0.000000,300,300,300,300,300,300,300,300,300,300,300,12,0,300,295.0620233314112,257.3693469056757,351.78934550279473,0.0
1790232819,4,TTFT,completion,0.100000,0.000000,3400,3400,3400,3400,3400,3400,3400,3400,3400,3400,3400,12,0,3200,3147.7509276204123,2524.4070610497147,3392.779114190489,0.0
1790232819,4,,Aggregated,0.300000,0.000000,3400,3400,37000,37000,42000,42000,42000,42000,42000,42000,42000,36,0,3200,14688.036150247275,257.3693469056757,48070.68906817585,42.666666666666664
1790232820,4,POST,completion,0.100000,0.000000,42000,42000,42000,42000,42000,42000,42000,42000,42000,42000,42000,12,0,41000,40621.295499789994,35211.04475716129,48070.68906817585,128.0
1790232820,4,TPOT,completion,0.100000,0.000000,300,300,300,300,300,300,300,300,300,300,300,12,0,300,295.0620233314112,257.3693469056757,351.78934550279473,0.0
1790232820,4,TTFT,completion,0.100000,0.000000,3400,3400,3400,3400,3400,3400,3400,3400,3400,3400,3400,12,0,3200,3147.7509276204123,2524.4070610497147,3392.779114190489,0.0
1790232820,4,,Aggregated,0.300000,0.000000,3400,3400,42000,42000,42000,42000,42000,42000,42000,42000,42000,36,0,3200,14688.036150247275,257.3693469056757,48070.68906817585,42.666666666666664
1790232821,4,POST,completion,0.100000,0.000000,42000,42000,42000,42000,42000,42000,42000,42000,42000,42000,42000,12,0,41000,40621.295499789994,35211.04475716129,48070.68906817585,128.0
1790232821,4,TPOT,completion,0.100000,0.000000,300,300,300,300,300,300,300,300,300,300,300,12,0,300,295.0620233314112,257.3693469056757,351.78934550279473,0.0
1790232821,4,TTFT,completion,0.100000,0.000000,3400,3400,3400,3400,3400,3400,3400,3400,3400,3400,3400,12,0,3200,3147.7509276204123,2524.4070610497147,3392.779114190489,0.0
1790232821,4,,Aggregated,0.300000,0.000000,3400,3400,42000,42000,42000,42000,42000,42000,42000,42000,42000,36,0,3200,14688.036150247275,257.3693469056757,48070.68906817585,42.666666666666664
1790232822,4,POST,completion,0.100000,0.000000,42000,42000,42000,42000,42000,42000,42000,42000,42000,42000,42000,12,0,41000,40621.295499789994,35211.04475716129,48070.68906817585,128.0
1790232822,4,TPOT,completion,0.100000,0.000000,300,300,300,300,300,300,300,300,300,300,300,12,0,300,295.0620233314112,257.3693469056757,351.78934550279473,0.0
1790232822,4,TTFT,completion,0.100000,0.000000,3400,3400,3400,3400,3400,3400,3400,3400,3400,3400,3400,12,0,3200,3147.7509276204123,2524.4070610497147,3392.779114190489,0.0
1790232822,4,,Aggregated,0.300000,0.000000,3400,3400,42000,42000,42000,42000,42000,42000,42000,42000,42000,36,0,3200,14688.036150247275,257.3693469056757,48070.68906817585,42.666666666666664
1790232823,4,POST,completion,0.100000,0.000000,42000,42000,42000,42000,42000,42000,42000,42000,42000,42000,42000,12,0,41000,40621.295499789994,35211.04475716129,48070.68906817585,128.0
1790232823,4,TPOT,completion,0.100000,0.000000,300,300,300,300,300,300,300,300,300,300,300,12,0,300,295.0620233314112,257.3693469056757,351.78934550279473,0.0
1790232823,4,TTFT,completion,0.100000,0.000000,3400,3400,3400,3400,3400,3400,3400,3400,3400,3400,3400,12,0,3200,3147.7509276204123,2524.4070610497147,3392.779114190489,0.0
1790232823,4,,Aggregated,0.300000,0.000000,3400,3400,42000,42000,42000,42000,42000,42000,42000,42000,42000,36,0,3200,14688.036150247275,257.3693469056757,48070.68906817585,42.666666666666664
1790232824,4,POST,completion,0.100000,0.000000,42000,42000,42000,42000,42000,42000,42000,42000,42000,42000,42000,12,0,41000,40621.295499789994,35211.04475716129,48070.68906817585,128.0
1790232824,4,TPOT,completion,0.100000,0.000000,300,300,300,300,300,300,300,300,300,300,300,12,0,300,295.0620233314112,257.3693469056757,351.78934550279473,0.0
1790232824,4,TTFT,completion,0.100000,0.000000,3400,3400,3400,3400,3400,3400,3400,3400,3400,3400,3400,12,0,3200,3147.7509276204123,2524.4070610497147,3392.779114190489,0.0
1790232824,4,,Aggregated,0.300000,0.000000,3400,3400,42000,42000,42000,42000,42000,42000,42000,42000,42000,36,0,3200,14688.036150247275,257.3693469056757,48070.68906817585,42.666666666666664
1790232825,4,POST,completion,0.100000,0.000000,42000,42000,42000,42000,42000,42000,42000,42000,42000,42000,42000,12,0,41000,40621.295499789994,35211.04475716129,48070.68906817585,128.0
1790232825,4,TPOT,completion,0.100000,0.000000,300,300,300,300,300,300,300,300,300,300,300,12,0,300,295.0620233314112,257.3693469056757,351.78934550279473,0.0
1790232825,4,TTFT,completion,0.100000,0.000000,3400,3400,3400,3400,3400,3400,3400,3400,3400,3400,3400,12,0,3200,3147.7509276204123,2524.4070610497147,3392.779114190489,0.0
1790232825,4,,Aggregated,0.300000,0.000000,3400,3400,42000,42000,42000,42000,42000,42000,42000,42000,42000,36,0,3200,14688.036150247275,257.3693469056757,48070.68906817585,42.666666666666664
1790232826,4,POST,completion,0.100000,0.000000,42000,42000,42000,42000,42000,42000,42000,42000,42000,42000,42000,12,0,41000,40621.295499789994,35211.04475716129,48070.68906817585,128.0
1790232826,4,TPOT,completion,0.100000,0.000000,300,300,300,300,300,300,300,300,300,300,300,12,0,300,295.0620233314112,257.3693469056757,351.78934550279473,0.0
1790232826,4,TTFT,completion,0.100000,0.000000,3400,3400,3400,3400,3400,3400,3400,3400,3400,3400,3400,12,0,3200,3147.7509276204123,2524.4070610497147,3392.779114190489,0.0
1790232826,4,,Aggregated,0.300000,0.000000,3400,3400,42000,42000,42000,42000,42000,42000,42000,42000,42000,36,0,3200,14688.036150247275,257.3693469056757,48070.68906817585,42.666666666666664
1790232827,4,POST,completion,0.100000,0.000000,42000,42000,42000,42000,42000,42000,42000,42000,42000,42000,42000,12,0,41000,40621.295499789994,35211.04475716129,48070.68906817585,128.0
1790232827,4,TPOT,completion,0.100000,0.000000,300,300,300,300,300,300,300,300,300,300,300,12,0,300,295.0620233314112,257.3693469056757,351.78934550279473,0.0
1790232827,4,TTFT,completion,0.100000,0.000000,3400,3400,3400,3400,3400,3400,3400,3400,3400,3400,3400,12,0,3200,3147.7509276204123,2524.4070610497147,3392.779114190489,0.0
1790232827,4,,Aggregated,0.300000,0.000000,3400,3400,42000,42000,42000,42000,42000,42000,42000,42000,42000,36,0,3200,14688.036150247275,257.3693469056757,48070.68906817585,42.666666666666664
1790232828,4,POST,completion,0.100000,0.000000,42000,42000,42000,42000,42000,42000,42000,42000,42000,42000,42000,12,0,41000,40621.295499789994,35211.04475716129,48070.68906817585,128.0
1790232828,4,TPOT,completion,0.100000,0.000000,300,300,300,300,300,300,300,300,300,300,300,12,0,300,295.0620233314112,257.3693469056757,351.78934550279473,0.0
1790232828,4,TTFT,completion,0.100000,0.000000,3400,3400,3400,3400,3400,3400,3400,3400,3400,3400,3400,12,0,3200,3147.7509276204123,2524.4070610497147,3392.779114190489,0.0
1790232828,4,,Aggregated,0.300000,0.000000,3400,3400,42000,42000,42000,42000,42000,42000,42000,42000,42000,36,0,3200,14688.036150247275,257.3693469056757,48070.68906817585,42.666666666666664
1790232829,4,POST,completion,0.100000,0.000000,42000,42000,42000,42000,42000,42000,42000,42000,42000,42000,42000,12,0,41000,40621.295499789994,35211.04475716129,48070.68906817585,128.0
1790232829,4,TPOT,completion,0.100000,0.000000,300,300,300,300,300,300,300,300,300,300,300,12,0,300,295.0620233314112,257.3693469056757,351.78934550279473,0.0
1790232829,4,TTFT,completion,0.100000,0.000000,3400,3400,3400,3400,3400,3400,3400,3400,3400,3400,3400,12,0,3200,3147.7509276204123,2524.4070610497147,3392.779114190489,0.0
1790232829,4,,Aggregated,0.300000,0.000000,3400,3400,42000,42000,42000,42000,42000,42000,42000,42000,42000,36,0,3200,14688.036150247275,257.3693469056757,48070.68906817585,42.666666666666664
1790232830,4,POST,completion,0.100000,0.000000,0,0,0,0,0,0,0,0,0,0,0,12,0,41000,40621.295499789994,35211.04475716129,48070.68906817585,128.0
1790232830,4,TPOT,completion,0.100000,0.000000,0,0,0,0,0,0,0,0,0,0,0,12,0,300,295.0620233314112,257.3693469056757,351.78934550279473,0.0
1790232830,4,TTFT,completion,0.100000,0.000000,0,0,0,0,0,0,0,0,0,0,0,12,0,3200,3147.7509276204123,2524.4070610497147,3392.779114190489,0.0
1790232830,4,,Aggregated,0.300000,0.000000,0,0,0,0,0,0,0,0,0,0,0,36,0,3200,14688.036150247275,257.3693469056757,48070.68906817585,42.666666666666664
1790232831,4,POST,completion,0.100000,0.000000,0,0,0,0,0,0,0,0,0,0,0,12,0,41000,40621.295499789994,35211.04475716129,48070.68906817585,128.0
1790232831,4,TPOT,completion,0.100000,0.000000,0,0,0,0,0,0,0,0,0,0,0,12,0,300,295.0620233314112,257.3693469056757,351.78934550279473,0.0
1790232831,4,TTFT,completion,0.100000,0.000000,0,0,0,0,0,0,0,0,0,0,0,12,0,3200,3147.7509276204123,2524.4070610497147,3392.779114190489,0.0
1790232831,4,,Aggregated,0.300000,0.000000,0,0,0,0,0,0,0,0,0,0,0,36,0,3200,14688.036150247275,257.3693469056757,48070.68906817585,42.666666666666664
1790232832,4,POST,completion,0.000000,0.000000,0,0,0,0,0,0,0,0,0,0,0,13,0,38000,40295.371959720236,35211.04475716129,48070.68906817585,128.0
1790232832,4,TPOT,completion,0.000000,0.000000,0,0,0,0,0,0,0,0,0,0,0,13,0,270,292.45569346402675,257.3693469056757,351.78934550279473,0.0
1790232832,4,TTFT,completion,0.000000,0.000000,0,0,0,0,0,0,0,0,0,0,0,13,0,3200,3152.832394340434,2524.4070610497147,3392.779114190489,0.0
1790232832,4,,Aggregated,0.000000,0.000000,0,0,0,0,0,0,0,0,0,0,0,39,0,3200,14580.220015841569,257.3693469056757,48070.68906817585,42.666666666666664
1790232833,4,POST,completion,0.000000,0.000000,36000,36000,36000,36000,36000,36000,36000,36000,36000,36000,36000,13,0,38000,40295.371959720236,35211.04475716129,48070.68906817585,128.0
1790232833,4,TPOT,completion,0.000000,0.000000,260,260,260,260,260,260,260,260,260,260,260,13,0,270,292.45569346402675,257.3693469056757,351.78934550279473,0.0
1790232833,4,TTFT,completion,0.000000,0.000000,3200,3200,3200,3200,3200,3200,3200,3200,3200,3200,3200,13,0,3200,3152.832394340434,2524.4070610497147,3392.779114190489,0.0
1790232833,4,,Aggregated,0.000000,0.000000,3200,3200,36000,36000,36000,36000,36000,36000,36000,36000,36000,39,0,3200,14580.220015841569,257.3693469056757,48070.68906817585,42.666666666666664
1790232834,4,POST,completion,0.000000,0.000000,36000,36000,36000,36000,36000,36000,36000,36000,36000,36000,36000,13,0,38000,40295.371959720236,35211.04475716129,48070.68906817585,128.0
1790232834,4,TPOT,completion,0.000000,0.000000,260,260,260,260,260,260,260,260,260,260,260,13,0,270,292.45569346402675,257.3693469056757,351.78934550279473,0.0
1790232834,4,TTFT,completion,0.000000,0.000000,3200,3200,3200,3200,3200,3200,3200,3200,3200,3200,3200,13,0,3200,3152.832394340434,2524.4070610497147,3392.779114190489,0.0
1790232834,4,,Aggregated,0.000000,0.000000,3200,3200,36000,36000,36000,36000,36000,36000,36000,36000,36000,39,0,3200,14580.220015841569,257.3693469056757,48070.68906817585,42.666666666666664
1790232835,4,POST,completion,0.000000,0.000000,36000,36000,36000,36000,36000,36000,36000,36000,36000,36000,36000,13,0,38000,40295.371959720236,35211.04475716129,48070.68906817585,128.0
1790232835,4,TPOT,completion,0.000000,0.000000,260,260,260,260,260,260,260,260,260,260,260,13,0,270,292.45569346402675,257.3693469056757,351.78934550279473,0.0
1790232835,4,TTFT,completion,0.000000,0.000000,3200,3200,3200,3200,3200,3200,3200,3200,3200,3200,3200,13,0,3200,3152.832394340434,2524.4070610497147,3392.779114190489,0.0
1790232835,4,,Aggregated,0.000000,0.000000,3200,3200,36000,36000,36000,36000,36000,36000,36000,36000,36000,39,0,3200,14580.220015841569,257.3693469056757,48070.68906817585,42.666666666666664
1790232837,4,POST,completion,0.100000,0.000000,41000,41000,41000,41000,41000,41000,41000,41000,41000,41000,41000,14,0,41000,40376.24780782166,35211.04475716129,48070.68906817585,128.0
1790232837,4,TPOT,completion,0.100000,0.000000,300,300,300,300,300,300,300,300,300,300,300,14,0,300,292.95597411142154,257.3693469056757,351.78934550279473,0.0
1790232837,4,TTFT,completion,0.100000,0.000000,3400,3400,3400,3400,3400,3400,3400,3400,3400,3400,3400,14,0,3200,3170.130252888027,2524.4070610497147,3395.00241400674,0.0
1790232837,4,,Aggregated,0.300000,0.000000,3400,3400,36000,36000,41000,41000,41000,41000,41000,41000,41000,42,0,3200,14613.111344940373,257.3693469056757,48070.68906817585,42.666666666666664
1790232838,4,POST,completion,0.100000,0.000000,41000,41000,41000,41000,41000,41000,41000,41000,41000,41000,41000,14,0,41000,40376.24780782166,35211.04475716129,48070.68906817585,128.0
1790232838,4,TPOT,completion,0.100000,0.000000,300,300,300,300,300,300,300,300,300,300,300,14,0,300,292.95597411142154,257.3693469056757,351.78934550279473,0.0
1790232838,4,TTFT,completion,0.100000,0.000000,3400,3400,3400,3400,3400,3400,3400,3400,3400,3400,3400,14,0,3200,3170.130252888027,2524.4070610497147,3395.00241400674,0.0
1790232838,4,,Aggregated,0.300000,0.000000,3400,3400,36000,36000,41000,41000,41000,41000,41000,41000,41000,42,0,3200,14613.111344940373,257.3693469056757,48070.68906817585,42.666666666666664
1790232839,4,POST,completion,0.100000,0.000000,41000,41000,41000,41000,41000,41000,41000,41000,41000,41000,41000,14,0,41000,40376.24780782166,35211.04475716129,48070.68906817585,128.0
1790232839,4,TPOT,completion,0.100000,0.000000,300,300,300,300,300,300,300,300,300,300,300,14,0,300,292.95597411142154,257.3693469056757,351.78934550279473,0.0
1790232839,4,TTFT,completion,0.100000,0.000000,3400,3400,3400,3400,3400,3400,3400,3400,3400,3400,3400,14,0,3200,3170.130252888027,2524.4070610497147,3395.00241400674,0.0
1790232839,4,,Aggregated,0.300000,0.000000,3400,3400,36000,36000,41000,41000,41000,41000,41000,41000,41000,42,0,3200,14613.111344940373,257.3693469056757,48070.68906817585,42.666666666666664
1790232840,4,POST,completion,0.100000,0.000000,41000,41000,41000,41000,41000,41000,41000,41000,41000,41000,41000,14,0,41000,40376.24780782166,35211.04475716129,48070.68906817585,128.0
1790232840,4,TPOT,completion,0.100000,0.000000,300,300,300,300,300,300,300,300,300,300,300,14,0,300,292.95597411142154,257.3693469056757,351.78934550279473,0.0
1790232840,4,TTFT,completion,0.100000,0.000000,3400,3400,3400,3400,3400,3400,3400,3400,3400,3400,3400,14,0,3200,3170.130252888027,2524.4070610497147,3395.00241400674,0.0
1790232840,4,,Aggregated,0.300000,0.000000,3400,3400,36000,36000,41000,41000,41000,41000,41000,41000,41000,42,0,3200,14613.111344940373,257.3693469056757,48070.68906817585,42.666666666666664
1790232841,4,POST,completion,0.100000,0.000000,41000,41000,41000,41000,41000,41000,41000,41000,41000,41000,41000,14,0,41000,40376.24780782166,35211.04475716129,48070.68906817585,128.0
1790232841,4,TPOT,completion,0.100000,0.000000,300,300,300,300,300,300,300,300,300,300,300,14,0,300,292.95597411142154,257.3693469056757,351.78934550279473,0.0
1790232841,4,TTFT,completion,0.100000,0.000000,3400,3400,3400,3400,3400,3400,3400,3400,3400,3400,3400,14,0,3200,3170.130252888027,2524.4070610497147,3395.00241400674,0.0
1790232841,4,,Aggregated,0.300000,0.000000,3400,3400,36000,36000,41000,41000,41000,41000,41000,41000,41000,42,0,3200,14613.111344940373,257.3693469056757,48070.68906817585,42.666666666666664
1790232842,4,POST,completion,0.100000,0.000000,41000,41000,41000,41000,41000,41000,41000,41000,41000,41000,41000,14,0,41000,40376.24780782166,35211.04475716129,48070.68906817585,128.0
1790232842,4,TPOT,completion,0.100000,0.000000,300,300,300,300,300,300,300,300,300,300,300,14,0,300,292.95597411142154,257.3693469056757,351.78934550279473,0.0
1790232842,4,TTFT,completion,0.100000,0.000000,3400,3400,3400,3400,3400,3400,3400,3400,3400,3400,3400,14,0,3200,3170.130252888027,2524.4070610497147,3395.00241400674,0.0
1790232842,4,,Aggregated,0.300000,0.000000,3400,3400,36000,36000,41000,41000,41000,41000,41000,41000,41000,42,0,3200,14613.111344940373,257.3693469056757,48070.68906817585,42.666666666666664
1790232843,4,POST,completion,0.100000,0.000000,41000,41000,41000,41000,41000,41000,41000,41000,41000,41000,41000,14,0,41000,40376.24780782166,35211.04475716129,48070.68906817585,128.0
1790232843,4,TPOT,completion,0.100000,0.000000,300,300,300,300,300,300,300,300,300,300,300,14,0,300,292.95597411142154,257.3693469056757,351.78934550279473,0.0
1790232843,4,TTFT,completion,0.100000,0.000000,3400,3400,3400,3400,3400,3400,3400,3400,3400,3400,3400,14,0,3200,3170.130252888027,2524.4070610497147,3395.00241400674,0.0
1790232843,4,,Aggregated,0.300000,0.000000,3400,3400,36000,36000,41000,41000,41000,41000,41000,41000,41000,42,0,3200,14613.111344940373,257.3693469056757,48070.68906817585,42.666666666666664
1790232844,4,POST,completion,0.100000,0.000000,41000,41000,41000,41000,41000,41000,41000,41000,41000,41000,41000,14,0,41000,40376.24780782166,35211.04475716129,48070.68906817585,128.0
1790232844,4,TPOT,completion,0.100000,0.000000,300,300,300,300,300,300,300,300,300,300,300,14,0,300,292.95597411142154,257.3693469056757,351.78934550279473,0.0
1790232844,4,TTFT,completion,0.100000,0.000000,3400,3400,3400,3400,3400,3400,3400,3400,3400,3400,3400,14,0,3200,3170.130252888027,2524.4070610497147,3395.00241400674,0.0
1790232844,4,,Aggregated,0.300000,0.000000,3400,3400,41000,41000,41000,41000,41000,41000,41000,41000,41000,42,0,3200,14613.111344940373,257.3693469056757,48070.68906817585,42.666666666666664
1790232845,4,POST,completion,0.100000,0.000000,41000,41000,41000,41000,41000,41000,41000,41000,41000,41000,41000,14,0,41000,40376.24780782166,35211.04475716129,48070.68906817585,128.0
1790232845,4,TPOT,completion,0.100000,0.000000,300,300,300,300,300,300,300,300,300,300,300,14,0,300,292.95597411142154,257.3693469056757,351.78934550279473,0.0
1790232845,4,TTFT,completion,0.100000,0.000000,3400,3400,3400,3400,3400,3400,3400,3400,3400,3400,3400,14,0,3200,3170.130252888027,2524.4070610497147,3395.00241400674,0.0
1790232845,4,,Aggregated,0.300000,0.000000,3400,3400,41000,41000,41000,41000,41000,41000,41000,41000,41000,42,0,3200,14613.111344940373,257.3693469056757,48070.68906817585,42.666666666666664
1790232846,4,POST,completion,0.100000,0.000000,41000,41000,41000,41000,41000,41000,41000,41000,41000,41000,41000,14,0,41000,40376.24780782166,35211.04475716129,48070.68906817585,128.0
1790232846,4,TPOT,completion,0.100000,0.000000,300,300,300,300,300,300,300,300,300,300,300,14,0,300,292.95597411142154,257.3693469056757,351.78934550279473,0.0
1790232846,4,TTFT,completion,0.100000,0.000000,3400,3400,3400,3400,3400,3400,3400,3400,3400,3400,3400,14,0,3200,3170.130252888027,2524.4070610497147,3395.00241400674,0.0
1790232846,4,,Aggregated,0.300000,0.000000,3400,3400,41000,41000,41000,41000,41000,41000,41000,41000,41000,42,0,3200,14613.111344940373,257.3693469056757,48070.68906817585,42.666666666666664
1790232847,4,POST,completion,0.100000,0.000000,41000,41000,41000,41000,41000,41000,41000,41000,41000,41000,41000,15,0,38000,40222.074460765965,35211.04475716129,48070.68906817585,128.0
1790232847,4,TPOT,completion,0.100000,0.000000,300,300,300,300,300,300,300,300,300,300,300,15,0,270,291.65773840530676,257.3693469056757,351.78934550279473,0.0
1790232847,4,TTFT,completion,0.100000,0.000000,3400,3400,3400,3400,3400,3400,3400,3400,3400,3400,3400,15,0,3200,3180.83735636125,2524.4070610497147,3395.00241400674,0.0
1790232847,4,,Aggregated,0.300000,0.000000,3400,3400,38000,38000,41000,41000,41000,41000,41000,41000,41000,45,0,3200,14564.856518510845,257.3693469056757,48070.68906817585,42.666666666666664
1790232848,4,POST,completion,0.100000,0.000000,41000,41000,41000,41000,41000,41000,41000,41000,41000,41000,41000,15,0,38000,40222.074460765965,35211.04475716129,48070.68906817585,128.0
1790232848,4,TPOT,completion,0.100000,0.000000,300,300,300,300,300,300,300,300,300,300,300,15,0,270,291.65773840530676,257.3693469056757,351.78934550279473,0.0
1790232848,4,TTFT,completion,0.100000,0.000000,3400,3400,3400,3400,3400,3400,3400,3400,3400,3400,3400,15,0,3200,3180.83735636125,2524.4070610497147,3395.00241400674,0.0
1790232848,4,,Aggregated,0.300000,0.000000,3400,3400,38000,38000,41000,41000,41000,41000,41000,41000,41000,45,0,3200,14564.856518510845,257.3693469056757,48070.68906817585,42.666666666666664
1790232849,4,POST,completion,0.100000,0.000000,38000,38000,41000,41000,41000,41000,41000,41000,41000,41000,41000,16,0,38000,39969.10955540079,35211.04475716129,48070.68906817585,128.0
1790232849,4,TPOT,completion,0.100000,0.000000,270,270,300,300,300,300,300,300,300,300,300,16,0,270,289.68584034651496,257.3693469056757,351.78934550279473,0.0
1790232849,4,TTFT,completion,0.100000,0.000000,3300,3300,3400,3400,3400,3400,3400,3400,3400,3400,3400,16,0,3200,3178.301865584217,2524.4070610497147,3395.00241400674,0.0
1790232849,4,,Aggregated,0.300000,0.000000,3300,3400,36000,38000,41000,41000,41000,41000,41000,41000,41000,48,0,3200,14479.032420443844,257.3693469056757,48070.68906817585,42.666666666666664
1790232850,4,POST,completion,0.100000,0.000000,38000,38000,41000,41000,41000,41000,41000,41000,41000,41000,41000,16,0,38000,39969.10955540079,35211.04475716129,48070.68906817585,128.0
1790232850,4,TPOT,completion,0.100000,0.000000,270,270,300,300,300,300,300,300,300,300,300,16,0,270,289.68584034651496,257.3693469056757,351.78934550279473,0.0
1790232850,4,TTFT,completion,0.100000,0.000000,3300,3300,3400,3400,3400,3400,3400,3400,3400,3400,3400,16,0,3200,3178.301865584217,2524.4070610497147,3395.00241400674,0.0
1790232850,4,,Aggregated,0.300000,0.000000,3300,3400,36000,38000,41000,41000,41000,41000,41000,41000,41000,48,0,3200,14479.032420443844,257.3693469056757,48070.68906817585,42.666666666666664
1790232851,4,POST,completion,0.100000,0.000000,38000,38000,38000,38000,38000,38000,38000,38000,38000,38000,38000,16,0,38000,39969.10955540079,35211.04475716129,48070.68906817585,128.0
1790232851,4,TPOT,completion,0.100000,0.000000,270,270,270,270,270,270,270,270,270,270,270,16,0,270,289.68584034651496,257.3693469056757,351.78934550279473,0.0
1790232851,4,TTFT,completion,0.100000,0.000000,3300,3300,3300,3300,3300,3300,3300,3300,3300,3300,3300,16,0,3200,3178.301865584217,2524.4070610497147,3395.00241400674,0.0
1790232851,4,,Aggregated,0.300000,0.000000,3300,3300,36000,36000,38000,38000,38000,38000,38000,38000,38000,48,0,3200,14479.032420443844,257.3693469056757,48070.68906817585,42.666666666666664
1790232852,4,POST,completion,0.100000,0.000000,38000,38000,38000,38000,38000,38000,38000,38000,38000,38000,38000,16,0,38000,39969.10955540079,35211.04475716129,48070.68906817585,128.0
1790232852,4,TPOT,completion,0.100000,0.000000,270,270,270,270,270,270,270,270,270,270,270,16,0,270,289.68584034651496,257.3693469056757,351.78934550279473,0.0
1790232852,4,TTFT,completion,0.100000,0.000000,3300,3300,3300,3300,3300,3300,3300,3300,3300,3300,3300,16,0,3200,3178.301865584217,2524.4070610497147,3395.00241400674,0.0
1790232852,4,,Aggregated,0.300000,0.000000,3300,3300,36000,36000,38000,38000,38000,38000,38000,38000,38000,48,0,3200,14479.032420443844,257.3693469056757,48070.68906817585,42.666666666666664
1790232853,4,POST,completion,0.100000,0.000000,38000,38000,38000,38000,38000,38000,38000,38000,38000,38000,38000,16,0,38000,39969.10955540079,35211.04475716129,48070.68906817585,128.0
1790232853,4,TPOT,completion,0.100000,0.000000,270,270,270,270,270,270,270,270,270,270,270,16,0,270,289.68584034651496,257.3693469056757,351.78934550279473,0.0
1790232853,4,TTFT,completion,0.100000,0.000000,3300,3300,3300,3300,3300,3300,3300,3300,3300,3300,3300,16,0,3200,3178.301865584217,2524.4070610497147,3395.00241400674,0.0
1790232853,4,,Aggregated,0.300000,0.000000,3300,3300,36000,36000,38000,38000,38000,38000,38000,38000,38000,48,0,3200,14479.032420443844,257.3693469056757,48070.68906817585,42.666666666666664
1790232854,4,POST,completion,0.100000,0.000000,38000,38000,38000,38000,38000,38000,38000,38000,38000,38000,38000,16,0,38000,39969.10955540079,35211.04475716129,48070.68906817585,128.0
1790232854,4,TPOT,completion,0.100000,0.000000,270,270,270,270,270,270,270,270,270,270,270,16,0,270,289.68584034651496,257.3693469056757,351.78934550279473,0.0
1790232854,4,TTFT,completion,0.100000,0.000000,3300,3300,3300,3300,3300,3300,3300,3300,3300,3300,3300,16,0,3200,3178.301865584217,2524.4070610497147,3395.00241400674,0.0
1790232854,4,,Aggregated,0.300000,0.000000,3300,3300,36000,36000,38000,38000,38000,38000,38000,38000,38000,48,0,3200,14479.032420443844,257.3693469056757,48070.68906817585,42.666666666666664
1790232855,4,POST,completion,0.100000,0.000000,38000,38000,38000,38000,38000,38000,38000,38000,38000,38000,38000,16,0,38000,39969.10955540079,35211.04475716129,48070.68906817585,128.0
1790232855,4,TPOT,completion,0.100000,0.000000,270,270,270,270,270,270,270,270,270,270,270,16,0,270,289.68584034651496,257.3693469056757,351.78934550279473,0.0
1790232855,4,TTFT,completion,0.100000,0.000000,3300,3300,3300,3300,3300,3300,3300,3300,3300,3300,3300,16,0,3200,3178.301865584217,2524.4070610497147,3395.00241400674,0.0
1790232855,4,,Aggregated,0.300000,0.000000,3300,3300,36000,36000,38000,38000,38000,38000,38000,38000,38000,48,0,3200,14479.032420443844,257.3693469056757,48070.68906817585,42.666666666666664
1790232856,4,POST,completion,0.100000,0.000000,38000,38000,38000,38000,38000,38000,38000,38000,38000,38000,38000,16,0,38000,39969.10955540079,35211.04475716129,48070.68906817585,128.0
1790232856,4,TPOT,completion,0.100000,0.000000,270,270,270,270,270,270,270,270,270,270,270,16,0,270,289.68584034651496,257.3693469056757,351.78934550279473,0.0
1790232856,4,TTFT,completion,0.100000,0.000000,3300,3300,3300,3300,3300,3300,3300,3300,3300,3300,3300,16,0,3200,3178.301865584217,2524.4070610497147,3395.00241400674,0.0
1790232856,4,,Aggregated,0.300000,0.000000,3300,3300,36000,36000,38000,38000,38000,38000,38000,38000,38000,48,0,3200,14479.032420443844,257.3693469056757,48070.68906817585,42.666666666666664
1790232857,4,POST,completion,0.100000,0.000000,36000,36000,36000,36000,36000,36000,36000,36000,36000,36000,36000,16,0,38000,39969.10955540079,35211.04475716129,48070.68906817585,128.0
1790232857,4,TPOT,completion,0.100000,0.000000,260,260,260,260,260,260,260,260,260,260,260,16,0,270,289.68584034651496,257.3693469056757,351.78934550279473,0.0
1790232857,4,TTFT,completion,0.100000,0.000000,3100,3100,3100,3100,3100,3100,3100,3100,3100,3100,3100,16,0,3200,3178.301865584217,2524.4070610497147,3395.00241400674,0.0
1790232857,4,,Aggregated,0.300000,0.000000,3100,3100,36000,36000,36000,36000,36000,36000,36000,36000,36000,48,0,3200,14479.032420443844,257.3693469056757,48070.68906817585,42.666666666666664
1790232858,4,POST,completion,0.100000,0.000000,36000,36000,36000,36000,36000,36000,36000,36000,36000,36000,36000,16,0,38000,39969.10955540079,35211.04475716129,48070.68906817585,128.0
1790232858,4,TPOT,completion,0.100000,0.000000,260,260,260,260,260,260,260,260,260,260,260,16,0,270,289.68584034651496,257.3693469056757,351.78934550279473,0.0
1790232858,4,TTFT,completion,0.100000,0.000000,3100,3100,3100,3100,3100,3100,3100,3100,3100,3100,3100,16,0,3200,3178.301865584217,2524.4070610497147,3395.00241400674,0.0
1790232858,4,,Aggregated,0.300000,0.000000,3100,3100,36000,36000,36000,36000,36000,36000,36000,36000,36000,48,0,3200,14479.032420443844,257.3693469056757,48070.68906817585,42.666666666666664
1790232859,4,POST,completion,0.100000,0.000000,36000,36000,36000,36000,36000,36000,36000,36000,36000,36000,36000,16,0,38000,39969.10955540079,35211.04475716129,48070.68906817585,128.0
1790232859,4,TPOT,completion,0.100000,0.000000,260,260,260,260,260,260,260,260,260,260,260,16,0,270,289.68584034651496,257.3693469056757,351.78934550279473,0.0
1790232859,4,TTFT,completion,0.100000,0.000000,3100,3100,3100,3100,3100,3100,3100,3100,3100,3100,3100,16,0,3200,3178.301865584217,2524.4070610497147,3395.00241400674,0.0
1790232859,4,,Aggregated,0.300000,0.000000,3100,3100,36000,36000,36000,36000,36000,36000,36000,36000,36000,48,0,3200,14479.032420443844,257.3693469056757,48070.68906817585,42.666666666666664
1790232860,4,POST,completion,0.100000,0.000000,36000,36000,36000,36000,36000,36000,36000,36000,36000,36000,36000,16,0,38000,39969.10955540079,35211.04475716129,48070.68906817585,128.0
1790232860,4,TPOT,completion,0.100000,0.000000,260,260,260,260,260,260,260,260,260,260,260,16,0,270,289.68584034651496,257.3693469056757,351.78934550279473,0.0
1790232860,4,TTFT,completion,0.100000,0.000000,3100,3100,3100,3100,3100,3100,3100,3100,3100,3100,3100,16,0,3200,3178.301865584217,2524.4070610497147,3395.00241400674,0.0
1790232860,4,,Aggregated,0.300000,0.000000,3100,3100,36000,36000,36000,36000,36000,36000,36000,36000,36000,48,0,3200,14479.032420443844,257.3693469056757,48070.68906817585,42.666666666666664
1790232861,4,POST,completion,0.100000,0.000000,36000,36000,36000,36000,36000,36000,36000,36000,36000,36000,36000,16,0,38000,39969.10955540079,35211.04475716129,48070.68906817585,128.0
1790232861,4,TPOT,completion,0.100000,0.000000,260,260,260,260,260,260,260,260,260,260,260,16,0,270,289.68584034651496,257.3693469056757,351.78934550279473,0.0
1790232861,4,TTFT,completion,0.100000,0.000000,3100,3100,3100,3100,3100,3100,3100,3100,3100,3100,3100,16,0,3200,3178.301865584217,2524.4070610497147,3395.00241400674,0.0
1790232861,4,,Aggregated,0.300000,0.000000,3100,3100,36000,36000,36000,36000,36000,36000,36000,36000,36000,48,0,3200,14479.032420443844,257.3693469056757,48070.68906817585,42.666666666666664
1790232862,4,POST,completion,0.100000,0.000000,36000,36000,36000,36000,36000,36000,36000,36000,36000,36000,36000,16,0,38000,39969.10955540079,35211.04475716129,48070.68906817585,128.0
1790232862,4,TPOT,completion,0.100000,0.000000,260,260,260,260,260,260,260,260,260,260,260,16,0,270,289.68584034651496,257.3693469056757,351.78934550279473,0.0
1790232862,4,TTFT,completion,0.100000,0.000000,3100,3100,3100,3100,3100,3100,3100,3100,3100,3100,3100,16,0,3200,3178.301865584217,2524.4070610497147,3395.00241400674,0.0
1790232862,4,,Aggregated,0.300000,0.000000,3100,3100,36000,36000,36000,36000,36000,36000,36000,36000,36000,48,0,3200,14479.032420443844,257.3693469056757,48070.68906817585,42.666666666666664
1790232863,4,POST,completion,0.100000,0.000000,36000,36000,36000,36000,36000,36000,36000,36000,36000,36000,36000,16,0,38000,39969.10955540079,35211.04475716129,48070.68906817585,128.0
1790232863,4,TPOT,completion,0.100000,0.000000,260,260,260,260,260,260,260,260,260,260,260,16,0,270,289.68584034651496,257.3693469056757,351.78934550279473,0.0
1790232863,4,TTFT,completion,0.100000,0.000000,3100,3100,3100,3100,3100,3100,3100,3100,3100,3100,3100,16,0,3200,3178.301865584217,2524.4070610497147,3395.00241400674,0.0
1790232863,4,,Aggregated,0.300000,0.000000,3100,3100,36000,36000,36000,36000,36000,36000,36000,36000,36000,48,0,3200,14479.032420443844,257.3693469056757,48070.68906817585,42.666666666666664
1790232864,4,POST,completion,0.100000,0.000000,36000,36000,36000,36000,36000,36000,36000,36000,36000,36000,36000,16,0,38000,39969.10955540079,35211.04475716129,48070.68906817585,128.0
1790232864,4,TPOT,completion,0.100000,0.000000,260,260,260,260,260,260,260,260,260,260,260,16,0,270,289.68584034651496,257.3693469056757,351.78934550279473,0.0
1790232864,4,TTFT,completion,0.100000,0.000000,3100,3100,3100,3100,3100,3100,3100,3100,3100,3100,3100,16,0,3200,3178.301865584217,2524.4070610497147,3395.00241400674,0.0
1790232864,4,,Aggregated,0.300000,0.000000,3100,3100,36000,36000,36000,36000,36000,36000,36000,36000,36000,48,0,3200,14479.032420443844,257.3693469056757,48070.68906817585,42.666666666666664
1790232865,4,POST,completion,0.100000,0.000000,36000,36000,36000,36000,36000,36000,36000,36000,36000,36000,36000,16,0,38000,39969.10955540079,35211.04475716129,48070.68906817585,128.0
1790232865,4,TPOT,completion,0.100000,0.000000,260,260,260,260,260,260,260,260,260,260,260,16,0,270,289.68584034651496,257.3693469056757,351.78934550279473,0.0
1790232865,4,TTFT,completion,0.100000,0.000000,3100,3100,3100,3100,3100,3100,3100,3100,3100,3100,3100,16,0,3200,3178.301865584217,2524.4070610497147,3395.00241400674,0.0
1790232865,4,,Aggregated,0.300000,0.000000,3100,3100,36000,36000,36000,36000,36000,36000,36000,36000,36000,48,0,3200,14479.032420443844,257.3693469056757,48070.68906817585,42.666666666666664
1790232866,4,POST,completion,0.100000,0.000000,0,0,0,0,0,0,0,0,0,0,0,16,0,38000,39969.10955540079,35211.04475716129,48070.68906817585,128.0
1790232866,4,TPOT,completion,0.100000,0.000000,0,0,0,0,0,0,0,0,0,0,0,16,0,270,289.68584034651496,257.3693469056757,351.78934550279473,0.0
1790232866,4,TTFT,completion,0.100000,0.000000,0,0,0,0,0,0,0,0,0,0,0,16,0,3200,3178.301865584217,2524.4070610497147,3395.00241400674,0.0
1790232866,4,,Aggregated,0.300000,0.000000,0,0,0,0,0,0,0,0,0,0,0,48,0,3200,14479.032420443844,257.3693469056757,48070.68906817585,42.666666666666664
1790232867,4,POST,completion,0.100000,0.000000,0,0,0,0,0,0,0,0,0,0,0,16,0,38000,39969.10955540079,35211.04475716129,48070.68906817585,128.0
1790232867,4,TPOT,completion,0.100000,0.000000,0,0,0,0,0,0,0,0,0,0,0,16,0,270,289.68584034651496,257.3693469056757,351.78934550279473,0.0
1790232867,4,TTFT,completion,0.100000,0.000000,0,0,0,0,0,0,0,0,0,0,0,16,0,3200,3178.301865584217,2524.4070610497147,3395.00241400674,0.0
1790232867,4,,Aggregated,0.300000,0.000000,0,0,0,0,0,0,0,0,0,0,0,48,0,3200,14479.032420443844,257.3693469056757,48070.68906817585,42.666666666666664
1790232868,4,POST,completion,0.100000,0.000000,0,0,0,0,0,0,0,0,0,0,0,16,0,38000,39969.10955540079,35211.04475716129,48070.68906817585,128.0
1790232868,4,TPOT,completion,0.100000,0.000000,0,0,0,0,0,0,0,0,0,0,0,16,0,270,289.68584034651496,257.3693469056757,351.78934550279473,0.0
1790232868,4,TTFT,completion,0.100000,0.000000,0,0,0,0,0,0,0,0,0,0,0,16,0,3200,3178.301865584217,2524.4070610497147,3395.00241400674,0.0
1790232868,4,,Aggregated,0.300000,0.000000,0,0,0,0,0,0,0,0,0,0,0,48,0,3200,14479.032420443844,257.3693469056757,48070.68906817585,42.666666666666664
1790232869,4,POST,completion,0.100000,0.000000,0,0,0,0,0,0,0,0,0,0,0,16,0,38000,39969.10955540079,35211.04475716129,48070.68906817585,128.0
1790232869,4,TPOT,completion,0.100000,0.000000,0,0,0,0,0,0,0,0,0,0,0,16,0,270,289.68584034651496,257.3693469056757,351.78934550279473,0.0
1790232869,4,TTFT,completion,0.100000,0.000000,0,0,0,0,0,0,0,0,0,0,0,16,0,3200,3178.301865584217,2524.4070610497147,3395.00241400674,0.0
1790232869,4,,Aggregated,0.300000,0.000000,0,0,0,0,0,0,0,0,0,0,0,48,0,3200,14479.032420443844,257.3693469056757,48070.68906817585,42.666666666666664
1790232870,4,POST,completion,0.100000,0.000000,0,0,0,0,0,0,0,0,0,0,0,16,0,38000,39969.10955540079,35211.04475716129,48070.68906817585,128.0
1790232870,4,TPOT,completion,0.100000,0.000000,0,0,0,0,0,0,0,0,0,0,0,16,0,270,289.68584034651496,257.3693469056757,351.78934550279473,0.0
1790232870,4,TTFT,completion,0.100000,0.000000,0,0,0,0,0,0,0,0,0,0,0,16,0,3200,3178.301865584217,2524.4070610497147,3395.00241400674,0.0
1790232870,4,,Aggregated,0.300000,0.000000,0,0,0,0,0,0,0,0,0,0,0,48,0,3200,14479.032420443844,257.3693469056757,48070.68906817585,42.666666666666664
1790232871,4,POST,completion,0.000000,0.000000,38000,38000,38000,38000,38000,38000,38000,38000,38000,38000,38000,17,0,38000,39867.56082620088,35211.04475716129,48070.68906817585,128.0
1790232871,4,TPOT,completion,0.000000,0.000000,270,270,270,270,270,270,270,270,270,270,270,17,0,270,288.8211129388965,257.3693469056757,351.78934550279473,0.0
1790232871,4,TTFT,completion,0.000000,0.000000,3300,3300,3300,3300,3300,3300,3300,3300,3300,3300,3300,17,0,3200,3186.57708096811,2524.4070610497147,3395.00241400674,0.0
1790232871,4,,Aggregated,0.000000,0.000000,3300,3300,38000,38000,38000,38000,38000,38000,38000,38000,38000,51,0,3200,14447.653006702632,257.3693469056757,48070.68906817585,42.666666666666664
1790232872,4,POST,completion,0.000000,0.000000,38000,38000,38000,38000,38000,38000,38000,38000,38000,38000,38000,17,0,38000,39867.56082620088,35211.04475716129,48070.68906817585,128.0
1790232872,4,TPOT,completion,0.000000,0.000000,270,270,270,270,270,270,270,270,270,270,270,17,0,270,288.8211129388965,257.3693469056757,351.78934550279473,0.0
1790232872,4,TTFT,completion,0.000000,0.000000,3300,3300,3300,3300,3300,3300,3300,3300,3300,3300,3300,17,0,3200,3186.57708096811,2524.4070610497147,3395.00241400674,0.0
1790232872,4,,Aggregated,0.000000,0.000000,3300,3300,38000,38000,38000,38000,38000,38000,38000,38000,38000,51,0,3200,14447.653006702632,257.3693469056757,48070.68906817585,42.666666666666664
1790232873,4,POST,completion,0.000000,0.000000,38000,38000,38000,38000,38000,38000,38000,38000,38000,38000,38000,18,0,38000,39686.31267281146,35211.04475716129,48070.68906817585,128.0
1790232873,4,TPOT,completion,0.000000,0.000000,270,270,270,270,270,270,270,270,270,270,270,18,0,270,287.4534828093372,257.3693469056757,351.78934550279473,0.0
1790232873,4,TTFT,completion,0.000000,0.000000,3300,3300,3300,3300,3300,3300,3300,3300,3300,3300,3300,18,0,3200,3179.036984918639,2524.4070610497147,3395.00241400674,0.0
1790232873,4,,Aggregated,0.000000,0.000000,3300,3300,37000,37000,38000,38000,38000,38000,38000,38000,38000,54,0,3200,14384.267713513145,257.3693469056757,48070.68906817585,42.666666666666664
1790232874,4,POST,completion,0.000000,0.000000,38000,38000,38000,38000,38000,38000,38000,38000,38000,38000,38000,18,0,38000,39686.31267281146,35211.04475716129,48070.68906817585,128.0
1790232874,4,TPOT,completion,0.000000,0.000000,270,270,270,270,270,270,270,270,270,270,270,18,0,270,287.4534828093372,257.3693469056757,351.78934550279473,0.0
1790232874,4,TTFT,completion,0.000000,0.000000,3300,3300,3300,3300,3300,3300,3300,3300,3300,3300,3300,18,0,3200,3179.036984918639,2524.4070610497147,3395.00241400674,0.0
1790232874,4,,Aggregated,0.000000,0.000000,3300,3300,37000,37000,38000,38000,38000,38000,38000,38000,38000,54,0,3200,14384.267713513145,257.3693469056757,48070.68906817585,42.666666666666664
1790232875,4,POST,completion,0.000000,0.000000,38000,38000,38000,38000,38000,38000,38000,38000,38000,38000,38000,18,0,38000,39686.31267281146,35211.04475716129,48070.68906817585,128.0
1790232875,4,TPOT,completion,0.000000,0.000000,270,270,270,270,270,270,270,270,270,270,270,18,0,270,287.4534828093372,257.3693469056757,351.78934550279473,0.0
1790232875,4,TTFT,completion,0.000000,0.000000,3300,3300,3300,3300,3300,3300,3300,3300,3300,3300,3300,18,0,3200,3179.036984918639,2524.4070610497147,3395.00241400674,0.0
1790232875,4,,Aggregated,0.000000,0.000000,3300,3300,37000,37000,38000,38000,38000,38000,38000,38000,38000,54,0,3200,14384.267713513145,257.3693469056757,48070.68906817585,42.666666666666664
1790232876,4,POST,completion,0.000000,0.000000,38000,38000,38000,38000,38000,38000,38000,38000,38000,38000,38000,18,0,38000,39686.31267281146,35211.04475716129,48070.68906817585,128.0
1790232876,4,TPOT,completion,0.000000,0.000000,270,270,270,270,270,270,270,270,270,270,270,18,0,270,287.4534828093372,257.3693469056757,351.78934550279473,0.0
1790232876,4,TTFT,completion,0.000000,0.000000,3300,3300,3300,3300,3300,3300,3300,3300,3300,3300,3300,18,0,3200,3179.036984918639,2524.4070610497147,3395.00241400674,0.0
1790232876,4,,Aggregated,0.000000,0.000000,3300,3300,37000,37000,38000,38000,38000,38000,38000,38000,38000,54,0,3200,14384.267713513145,257.3693469056757,48070.68906817585,42.666666666666664
1790232877,4,POST,completion,0.000000,0.000000,38000,38000,38000,38000,38000,38000,38000,38000,38000,38000,38000,18,0,38000,39686.31267281146,35211.04475716129,48070.68906817585,128.0
1790232877,4,TPOT,completion,0.000000,0.000000,270,270,270,270,270,270,270,270,270,270,270,18,0,270,287.4534828093372,257.3693469056757,351.78934550279473,0.0
1790232877,4,TTFT,completion,0.000000,0.000000,3300,3300,3300,3300,3300,3300,3300,3300,3300,3300,3300,18,0,3200,3179.036984918639,2524.4070610497147,3395.00241400674,0.0
1790232877,4,,Aggregated,0.000000,0.000000,3300,3300,37000,37000,38000,38000,38000,38000,38000,38000,38000,54,0,3200,14384.267713513145,257.3693469056757,48070.68906817585,42.666666666666664
1790232878,4,POST,completion,0.000000,0.000000,38000,38000,38000,38000,38000,38000,38000,38000,38000,38000,38000,18,0,38000,39686.31267281146,35211.04475716129,48070.68906817585,128.0
1790232878,4,TPOT,completion,0.000000,0.000000,270,270,270,270,270,270,270,270,270,270,270,18,0,270,287.4534828093372,257.3693469056757,351.78934550279473,0.0
1790232878,4,TTFT,completion,0.000000,0.000000,3300,3300,3300,3300,3300,3300,3300,3300,3300,3300,3300,18,0,3200,3179.036984918639,2524.4070610497147,3395.00241400674,0.0
1790232878,4,,Aggregated,0.000000,0.000000,3300,3300,37000,37000,38000,38000,38000,38000,38000,38000,38000,54,0,3200,14384.267713513145,257.3693469056757,48070.68906817585,42.666666666666664
1790232879,4,POST,completion,0.000000,0.000000,38000,38000,38000,38000,38000,38000,38000,38000,38000,38000,38000,18,0,38000,39686.31267281146,35211.04475716129,48070.68906817585,128.0
1790232879,4,TPOT,completion,0.000000,0.000000,270,270,270,270,270,270,270,270,270,270,270,18,0,270,287.4534828093372,257.3693469056757,351.78934550279473,0.0
1790232879,4,TTFT,completion,0.000000,0.000000,3300,3300,3300,3300,3300,3300,3300,3300,3300,3300,3300,18,0,3200,3179.036984918639,2524.4070610497147,3395.00241400674,0.0
1790232879,4,,Aggregated,0.000000,0.000000,3300,3300,37000,37000,38000,38000,38000,38000,38000,38000,38000,54,0,3200,14384.267713513145,257.3693469056757,48070.68906817585,42.666666666666664
1790232880,4,POST,completion,0.000000,0.000000,38000,38000,38000,38000,38000,38000,38000,38000,38000,38000,38000,18,0,38000,39686.31267281146,35211.04475716129,48070.68906817585,128.0
1790232880,4,TPOT,completion,0.000000,0.000000,270,270,270,270,270,270,270,270,270,270,270,18,0,270,287.4534828093372,257.3693469056757,351.78934550279473,0.0
1790232880,4,TTFT,completion,0.000000,0.000000,3300,3300,3300,3300,3300,3300,3300,3300,3300,3300,3300,18,0,3200,3179.036984918639,2524.4070610497147,3395.00241400674,0.0
1790232880,4,,Aggregated,0.000000,0.000000,3300,3300,37000,37000,38000,38000,38000,38000,38000,38000,38000,54,0,3200,14384.267713513145,257.3693469056757,48070.68906817585,42.666666666666664
1790232881,4,POST,completion,0.000000,0.000000,37000,37000,37000,37000,37000,37000,37000,37000,37000,37000,37000,18,0,38000,39686.31267281146,35211.04475716129,48070.68906817585,128.0
1790232881,4,TPOT,completion,0.000000,0.000000,260,260,260,260,260,260,260,260,260,260,260,18,0,270,287.4534828093372,257.3693469056757,351.78934550279473,0.0
1790232881,4,TTFT,completion,0.000000,0.000000,3100,3100,3100,3100,3100,3100,3100,3100,3100,3100,3100,18,0,3200,3179.036984918639,2524.4070610497147,3395.00241400674,0.0
1790232881,4,,Aggregated,0.000000,0.000000,3100,3100,37000,37000,37000,37000,37000,37000,37000,37000,37000,54,0,3200,14384.267713513145,257.3693469056757,48070.68906817585,42.666666666666664
1790232882,4,POST,completion,0.000000,0.000000,37000,37000,37000,37000,37000,37000,37000,37000,37000,37000,37000,18,0,38000,39686.31267281146,35211.04475716129,48070.68906817585,128.0
1790232882,4,TPOT,completion,0.000000,0.000000,260,260,260,260,260,260,260,260,260,260,260,18,0,270,287.4534828093372,257.3693469056757,351.78934550279473,0.0
1790232882,4,TTFT,completion,0.000000,0.000000,3100,3100,3100,3100,3100,3100,3100,3100,3100,3100,3100,18,0,3200,3179.036984918639,2524.4070610497147,3395.00241400674,0.0
1790232882,4,,Aggregated,0.000000,0.000000,3100,3100,37000,37000,37000,37000,37000,37000,37000,37000,37000,54,0,3200,14384.267713513145,257.3693469056757,48070.68906817585,42.666666666666664
1790232883,4,POST,completion,0.000000,0.000000,37000,37000,37000,37000,37000,37000,37000,37000,37000,37000,37000,18,0,38000,39686.31267281146,35211.04475716129,48070.68906817585,128.0
1790232883,4,TPOT,completion,0.000000,0.000000,260,260,260,260,260,260,260,260,260,260,260,18,0,270,287.4534828093372,257.3693469056757,351.78934550279473,0.0
1790232883,4,TTFT,completion,0.000000,0.000000,3100,3100,3100,3100,3100,3100,3100,3100,3100,3100,3100,18,0,3200,3179.036984918639,2524.4070610497147,3395.00241400674,0.0
1790232883,4,,Aggregated,0.000000,0.000000,3100,3100,37000,37000,37000,37000,37000,37000,37000,37000,37000,54,0,3200,14384.267713513145,257.3693469056757,48070.68906817585,42.666666666666664
1790232884,4,POST,completion,0.000000,0.000000,37000,37000,37000,37000,37000,37000,37000,37000,37000,37000,37000,18,0,38000,39686.31267281146,35211.04475716129,48070.68906817585,128.0
1790232884,4,TPOT,completion,0.000000,0.000000,260,260,260,260,260,260,260,260,260,260,260,18,0,270,287.4534828093372,257.3693469056757,351.78934550279473,0.0
1790232884,4,TTFT,completion,0.000000,0.000000,3100,3100,3100,3100,3100,3100,3100,3100,3100,3100,3100,18,0,3200,3179.036984918639,2524.4070610497147,3395.00241400674,0.0
1790232884,4,,Aggregated,0.000000,0.000000,3100,3100,37000,37000,37000,37000,37000,37000,37000,37000,37000,54,0,3200,14384.267713513145,257.3693469056757,48070.68906817585,42.666666666666664
1790232885,4,POST,completion,0.000000,0.000000,37000,37000,38000,38000,38000,38000,38000,38000,38000,38000,38000,20,0,38000,39482.96541568125,35211.04475716129,48070.68906817585,128.0
1790232885,4,TPOT,completion,0.000000,0.000000,270,270,280,280,280,280,280,280,280,280,280,20,0,270,285.72017125167525,257.3693469056757,351.78934550279473,0.0
1790232885,4,TTFT,completion,0.000000,0.000000,3300,3300,3400,3400,3400,3400,3400,3400,3400,3400,3400,20,0,3200,3195.821238181088,2524.4070610497147,3438.1629400886595,0.0
1790232885,4,,Aggregated,0.000000,0.000000,3300,3400,37000,37000,38000,38000,38000,38000,38000,38000,38000,60,0,3200,14321.502275038007,257.3693469056757,48070.68906817585,42.666666666666664
1790232886,4,POST,completion,0.000000,0.000000,37000,37000,38000,38000,38000,38000,38000,38000,38000,38000,38000,20,0,38000,39482.96541568125,35211.04475716129,48070.68906817585,128.0
1790232886,4,TPOT,completion,0.000000,0.000000,270,270,280,280,280,280,280,280,280,280,280,20,0,270,285.72017125167525,257.3693469056757,351.78934550279473,0.0
1790232886,4,TTFT,completion,0.000000,0.000000,3300,3300,3400,3400,3400,3400,3400,3400,3400,3400,3400,20,0,3200,3195.821238181088,2524.4070610497147,3438.1629400886595,0.0
1790232886,4,,Aggregated,0.000000,0.000000,3300,3400,37000,37000,38000,38000,38000,38000,38000,38000,38000,60,0,3200,14321.502275038007,257.3693469056757,48070.68906817585,42.666666666666664
1790232887,4,POST,completion,0.000000,0.000000,37000,37000,38000,38000,38000,38000,38000,38000,38000,38000,38000,20,0,38000,39482.96541568125,35211.04475716129,48070.68906817585,128.0
1790232887,4,TPOT,completion,0.000000,0.000000,270,270,280,280,280,280,280,280,280,280,280,20,0,270,285.72017125167525,257.3693469056757,351.78934550279473,0.0
1790232887,4,TTFT,completion,0.000000,0.000000,3300,3300,3400,3400,3400,3400,3400,3400,3400,3400,3400,20,0,3200,3195.821238181088,2524.4070610497147,3438.1629400886595,0.0
1790232887,4,,Aggregated,0.000000,0.000000,3300,3400,37000,37000,38000,38000,38000,38000,38000,38000,38000,60,0,3200,14321.502275038007,257.3693469056757,48070.68906817585,42.666666666666664
1790232888,4,POST,completion,0.000000,0.000000,38000,38000,38000,38000,38000,38000,38000,38000,38000,38000,38000,20,0,38000,39482.96541568125,35211.04475716129,48070.68906817585,128.0
1790232888,4,TPOT,completion,0.000000,0.000000,280,280,280,280,280,280,280,280,280,280,280,20,0,270,285.72017125167525,257.3693469056757,351.78934550279473,0.0
1790232888,4,TTFT,completion,0.000000,0.000000,3400,3400,3400,3400,3400,3400,3400,3400,3400,3400,3400,20,0,3200,3195.821238181088,2524.4070610497147,3438.1629400886595,0.0
1790232888,4,,Aggregated,0.000000,0.000000,3400,3400,37000,37000,38000,38000,38000,38000,38000,38000,38000,60,0,3200,14321.502275038007,257.3693469056757,48070.68906817585,42.666666666666664
1790232889,4,POST,completion,0.000000,0.000000,38000,38000,38000,38000,38000,38000,38000,38000,38000,38000,38000,20,0,38000,39482.96541568125,35211.04475716129,48070.68906817585,128.0
1790232889,4,TPOT,completion,0.000000,0.000000,280,280,280,280,280,280,280,280,280,280,280,20,0,270,285.72017125167525,257.3693469056757,351.78934550279473,0.0
1790232889,4,TTFT,completion,0.000000,0.000000,3400,3400,3400,3400,3400,3400,3400,3400,3400,3400,3400,20,0,3200,3195.821238181088,2524.4070610497147,3438.1629400886595,0.0
1790232889,4,,Aggregated,0.000000,0.000000,3400,3400,37000,37000,38000,38000,38000,38000,38000,38000,38000,60,0,3200,14321.502275038007,257.3693469056757,48070.68906817585,42.666666666666664
1790232890,4,POST,completion,0.000000,0.000000,38000,38000,38000,38000,38000,38000,38000,38000,38000,38000,38000,20,0,38000,39482.96541568125,35211.04475716129,48070.68906817585,128.0
1790232890,4,TPOT,completion,0.000000,0.000000,280,280,280,280,280,280,280,280,280,280,280,20,0,270,285.72017125167525,257.3693469056757,351.78934550279473,0.0
1790232890,4,TTFT,completion,0.000000,0.000000,3400,3400,3400,3400,3400,3400,3400,3400,3400,3400,3400,20,0,3200,3195.821238181088,2524.4070610497147,3438.1629400886595,0.0
1790232890,4,,Aggregated,0.000000,0.000000,3400,3400,37000,37000,38000,38000,38000,38000,38000,38000,38000,60,0,3200,14321.502275038007,257.3693469056757,48070.68906817585,42.666666666666664
1790232891,4,POST,completion,0.000000,0.000000,38000,38000,38000,38000,38000,38000,38000,38000,38000,38000,38000,20,0,38000,39482.96541568125,35211.04475716129,48070.68906817585,128.0
1790232891,4,TPOT,completion,0.000000,0.000000,280,280,280,280,280,280,280,280,280,280,280,20,0,270,285.72017125167525,257.3693469056757,351.78934550279473,0.0
1790232891,4,TTFT,completion,0.000000,0.000000,3400,3400,3400,3400,3400,3400,3400,3400,3400,3400,3400,20,0,3200,3195.821238181088,2524.4070610497147,3438.1629400886595,0.0
1790232891,4,,Aggregated,0.000000,0.000000,3400,3400,37000,37000,38000,38000,38000,38000,38000,38000,38000,60,0,3200,14321.502275038007,257.3693469056757,48070.68906817585,42.666666666666664
1790232892,4,POST,completion,0.000000,0.000000,38000,38000,38000,38000,38000,38000,38000,38000,38000,38000,38000,20,0,38000,39482.96541568125,35211.04475716129,48070.68906817585,128.0
1790232892,4,TPOT,completion,0.000000,0.000000,280,280,280,280,280,280,280,280,280,280,280,20,0,270,285.72017125167525,257.3693469056757,351.78934550279473,0.0
1790232892,4,TTFT,completion,0.000000,0.000000,3400,3400,3400,3400,3400,3400,3400,3400,3400,3400,3400,20,0,3200,3195.821238181088,2524.4070610497147,3438.1629400886595,0.0
1790232892,4,,Aggregated,0.000000,0.000000,3400,3400,37000,37000,38000,38000,38000,38000,38000,38000,38000,60,0,3200,14321.502275038007,257.3693469056757,48070.68906817585,42.666666666666664
1790232893,4,POST,completion,0.000000,0.000000,38000,38000,38000,38000,38000,38000,38000,38000,38000,38000,38000,20,0,38000,39482.96541568125,35211.04475716129,48070.68906817585,128.0
1790232893,4,TPOT,completion,0.000000,0.000000,280,280,280,280,280,280,280,280,280,280,280,20,0,270,285.72017125167525,257.3693469056757,351.78934550279473,0.0
1790232893,4,TTFT,completion,0.000000,0.000000,3400,3400,3400,3400,3400,3400,3400,3400,3400,3400,3400,20,0,3200,3195.821238181088,2524.4070610497147,3438.1629400886595,0.0
1790232893,4,,Aggregated,0.000000,0.000000,3400,3400,37000,37000,38000,38000,38000,38000,38000,38000,38000,60,0,3200,14321.502275038007,257.3693469056757,48070.68906817585,42.666666666666664
1790232894,4,POST,completion,0.000000,0.000000,38000,38000,38000,38000,38000,38000,38000,38000,38000,38000,38000,20,0,38000,39482.96541568125,35211.04475716129,48070.68906817585,128.0
1790232894,4,TPOT,completion,0.000000,0.000000,280,280,280,280,280,280,280,280,280,280,280,20,0,270,285.72017125167525,257.3693469056757,351.78934550279473,0.0
1790232894,4,TTFT,completion,0.000000,0.000000,3400,3400,3400,3400,3400,3400,3400,3400,3400,3400,3400,20,0,3200,3195.821238181088,2524.4070610497147,3438.1629400886595,0.0
1790232894,4,,Aggregated,0.000000,0.000000,3400,3400,37000,37000,38000,38000,38000,38000,38000,38000,38000,60,0,3200,14321.502275038007,257.3693469056757,48070.68906817585,42.666666666666664
1790232895,4,POST,completion,0.000000,0.000000,38000,38000,38000,38000,38000,38000,38000,38000,38000,38000,38000,20,0,38000,39482.96541568125,35211.04475716129,48070.68906817585,128.0
1790232895,4,TPOT,completion,0.000000,0.000000,280,280,280,280,280,280,280,280,280,280,280,20,0,270,285.72017125167525,257.3693469056757,351.78934550279473,0.0
1790232895,4,TTFT,completion,0.000000,0.000000,3400,3400,3400,3400,3400,3400,3400,3400,3400,3400,3400,20,0,3200,3195.821238181088,2524.4070610497147,3438.1629400886595,0.0
1790232895,4,,Aggregated,0.000000,0.000000,3400,3400,37000,37000,38000,38000,38000,38000,38000,38000,38000,60,0,3200,14321.502275038007,257.3693469056757,48070.68906817585,42.666666666666664
1790232896,4,POST,completion,0.000000,0.000000,38000,38000,38000,38000,38000,38000,38000,38000,38000,38000,38000,20,0,38000,39482.96541568125,35211.04475716129,48070.68906817585,128.0
1790232896,4,TPOT,completion,0.000000,0.000000,280,280,280,280,280,280,280,280,280,280,280,20,0,270,285.72017125167525,257.3693469056757,351.78934550279473,0.0
1790232896,4,TTFT,completion,0.000000,0.000000,3400,3400,3400,3400,3400,3400,3400,3400,3400,3400,3400,20,0,3200,3195.821238181088,2524.4070610497147,3438.1629400886595,0.0
1790232896,4,,Aggregated,0.000000,0.000000,3400,3400,37000,37000,38000,38000,38000,38000,38000,38000,38000,60,0,3200,14321.502275038007,257.3693469056757,48070.68906817585,42.666666666666664
1790232897,4,POST,completion,0.000000,0.000000,38000,38000,38000,38000,38000,38000,38000,38000,38000,38000,38000,20,0,38000,39482.96541568125,35211.04475716129,48070.68906817585,128.0
1790232897,4,TPOT,completion,0.000000,0.000000,280,280,280,280,280,280,280,280,280,280,280,20,0,270,285.72017125167525,257.3693469056757,351.78934550279473,0.0
1790232897,4,TTFT,completion,0.000000,0.000000,3400,3400,3400,3400,3400,3400,3400,3400,3400,3400,3400,20,0,3200,3195.821238181088,2524.4070610497147,3438.1629400886595,0.0
1790232897,4,,Aggregated,0.000000,0.000000,3400,3400,37000,37000,38000,38000,38000,38000,38000,38000,38000,60,0,3200,14321.502275038007,257.3693469056757,48070.68906817585,42.666666666666664
1790232898,4,POST,completion,0.000000,0.000000,38000,38000,38000,38000,38000,38000,38000,38000,38000,38000,38000,20,0,38000,39482.96541568125,35211.04475716129,48070.68906817585,128.0
1790232898,4,TPOT,completion,0.000000,0.000000,280,280,280,280,280,280,280,280,280,280,280,20,0,270,285.72017125167525,257.3693469056757,351.78934550279473,0.0
1790232898,4,TTFT,completion,0.000000,0.000000,3400,3400,3400,3400,3400,3400,3400,3400,3400,3400,3400,20,0,3200,3195.821238181088,2524.4070610497147,3438.1629400886595,0.0
1790232898,4,,Aggregated,0.000000,0.000000,3400,3400,37000,37000,38000,38000,38000,38000,38000,38000,38000,60,0,3200,14321.502275038007,257.3693469056757,48070.68906817585,42.666666666666664
1790232899,4,POST,completion,0.000000,0.000000,38000,38000,38000,38000,38000,38000,38000,38000,38000,38000,38000,20,0,38000,39482.96541568125,35211.04475716129,48070.68906817585,128.0
1790232899,4,TPOT,completion,0.000000,0.000000,280,280,280,280,280,280,280,280,280,280,280,20,0,270,285.72017125167525,257.3693469056757,351.78934550279473,0.0
1790232899,4,TTFT,completion,0.000000,0.000000,3400,3400,3400,3400,3400,3400,3400,3400,3400,3400,3400,20,0,3200,3195.821238181088,2524.4070610497147,3438.1629400886595,0.0
1790232899,4,,Aggregated,0.000000,0.000000,3400,3400,37000,37000,38000,38000,38000,38000,38000,38000,38000,60,0,3200,14321.502275038007,257.3693469056757,48070.68906817585,42.666666666666664
1790232900,4,POST,completion,0.000000,0.000000,38000,38000,38000,38000,38000,38000,38000,38000,38000,38000,38000,20,0,38000,39482.96541568125,35211.04475716129,48070.68906817585,128.0
1790232900,4,TPOT,completion,0.000000,0.000000,280,280,280,280,280,280,280,280,280,280,280,20,0,270,285.72017125167525,257.3693469056757,351.78934550279473,0.0
1790232900,4,TTFT,completion,0.000000,0.000000,3400,3400,3400,3400,3400,3400,3400,3400,3400,3400,3400,20,0,3200,3195.821238181088,2524.4070610497147,3438.1629400886595,0.0
1790232900,4,,Aggregated,0.000000,0.000000,3400,3400,37000,37000,38000,38000,38000,38000,38000,38000,38000,60,0,3200,14321.502275038007,257.3693469056757,48070.68906817585,42.666666666666664
1790232901,4,POST,completion,0.000000,0.000000,38000,38000,38000,38000,38000,38000,38000,38000,38000,38000,38000,20,0,38000,39482.96541568125,35211.04475716129,48070.68906817585,128.0
1790232901,4,TPOT,completion,0.000000,0.000000,280,280,280,280,280,280,280,280,280,280,280,20,0,270,285.72017125167525,257.3693469056757,351.78934550279473,0.0
1790232901,4,TTFT,completion,0.000000,0.000000,3400,3400,3400,3400,3400,3400,3400,3400,3400,3400,3400,20,0,3200,3195.821238181088,2524.4070610497147,3438.1629400886595,0.0
1790232901,4,,Aggregated,0.000000,0.000000,3400,3400,37000,37000,38000,38000,38000,38000,38000,38000,38000,60,0,3200,14321.502275038007,257.3693469056757,48070.68906817585,42.666666666666664
1790232902,4,POST,completion,0.000000,0.000000,38000,38000,38000,38000,38000,38000,38000,38000,38000,38000,38000,20,0,38000,39482.96541568125,35211.04475716129,48070.68906817585,128.0
1790232902,4,TPOT,completion,0.000000,0.000000,280,280,280,280,280,280,280,280,280,280,280,20,0,270,285.72017125167525,257.3693469056757,351.78934550279473,0.0
1790232902,4,TTFT,completion,0.000000,0.000000,3400,3400,3400,3400,3400,3400,3400,3400,3400,3400,3400,20,0,3200,3195.821238181088,2524.4070610497147,3438.1629400886595,0.0
1790232902,4,,Aggregated,0.000000,0.000000,3400,3400,37000,37000,38000,38000,38000,38000,38000,38000,38000,60,0,3200,14321.502275038007,257.3693469056757,48070.68906817585,42.666666666666664
1790232903,4,POST,completion,0.000000,0.000000,0,0,0,0,0,0,0,0,0,0,0,20,0,38000,39482.96541568125,35211.04475716129,48070.68906817585,128.0
1790232903,4,TPOT,completion,0.000000,0.000000,0,0,0,0,0,0,0,0,0,0,0,20,0,270,285.72017125167525,257.3693469056757,351.78934550279473,0.0
1790232903,4,TTFT,completion,0.000000,0.000000,0,0,0,0,0,0,0,0,0,0,0,20,0,3200,3195.821238181088,2524.4070610497147,3438.1629400886595,0.0
1790232903,4,,Aggregated,0.000000,0.000000,0,0,0,0,0,0,0,0,0,0,0,60,0,3200,14321.502275038007,257.3693469056757,48070.68906817585,42.666666666666664
1790232904,4,POST,completion,0.000000,0.000000,0,0,0,0,0,0,0,0,0,0,0,20,0,38000,39482.96541568125,35211.04475716129,48070.68906817585,128.0
1790232904,4,TPOT,completion,0.000000,0.000000,0,0,0,0,0,0,0,0,0,0,0,20,0,270,285.72017125167525,257.3693469056757,351.78934550279473,0.0
1790232904,4,TTFT,completion,0.000000,0.000000,0,0,0,0,0,0,0,0,0,0,0,20,0,3200,3195.821238181088,2524.4070610497147,3438.1629400886595,0.0
1790232904,4,,Aggregated,0.000000,0.000000,0,0,0,0,0,0,0,0,0,0,0,60,0,3200,14321.502275038007,257.3693469056757,48070.68906817585,42.666666666666664
1790232905,4,POST,completion,0.000000,0.000000,0,0,0,0,0,0,0,0,0,0,0,20,0,38000,39482.96541568125,35211.04475716129,48070.68906817585,128.0
1790232905,4,TPOT,completion,0.000000,0.000000,0,0,0,0,0,0,0,0,0,0,0,20,0,270,285.72017125167525,257.3693469056757,351.78934550279473,0.0
1790232905,4,TTFT,completion,0.000000,0.000000,0,0,0,0,0,0,0,0,0,0,0,20,0,3200,3195.821238181088,2524.4070610497147,3438.1629400886595,0.0
1790232905,4,,Aggregated,0.000000,0.000000,0,0,0,0,0,0,0,0,0,0,0,60,0,3200,14321.502275038007,257.3693469056757,48070.68906817585,42.666666666666664
1790232906,4,POST,completion,0.000000,0.000000,0,0,0,0,0,0,0,0,0,0,0,20,0,38000,39482.96541568125,35211.04475716129,48070.68906817585,128.0
1790232906,4,TPOT,completion,0.000000,0.000000,0,0,0,0,0,0,0,0,0,0,0,20,0,270,285.72017125167525,257.3693469056757,351.78934550279473,0.0
1790232906,4,TTFT,completion,0.000000,0.000000,0,0,0,0,0,0,0,0,0,0,0,20,0,3200,3195.821238181088,2524.4070610497147,3438.1629400886595,0.0
1790232906,4,,Aggregated,0.000000,0.000000,0,0,0,0,0,0,0,0,0,0,0,60,0,3200,14321.502275038007,257.3693469056757,48070.68906817585,42.666666666666664
1790232907,4,POST,completion,0.000000,0.000000,0,0,0,0,0,0,0,0,0,0,0,20,0,38000,39482.96541568125,35211.04475716129,48070.68906817585,128.0
1790232907,4,TPOT,completion,0.000000,0.000000,0,0,0,0,0,0,0,0,0,0,0,20,0,270,285.72017125167525,257.3693469056757,351.78934550279473,0.0
1790232907,4,TTFT,completion,0.000000,0.000000,0,0,0,0,0,0,0,0,0,0,0,20,0,3200,3195.821238181088,2524.4070610497147,3438.1629400886595,0.0
1790232907,4,,Aggregated,0.000000,0.000000,0,0,0,0,0,0,0,0,0,0,0,60,0,3200,14321.502275038007,257.3693469056757,48070.68906817585,42.666666666666664
1790232908,4,POST,completion,0.000000,0.000000,0,0,0,0,0,0,0,0,0,0,0,20,0,38000,39482.96541568125,35211.04475716129,48070.68906817585,128.0
1790232908,4,TPOT,completion,0.000000,0.000000,0,0,0,0,0,0,0,0,0,0,0,20,0,270,285.72017125167525,257.3693469056757,351.78934550279473,0.0
1790232908,4,TTFT,completion,0.000000,0.000000,0,0,0,0,0,0,0,0,0,0,0,20,0,3200,3195.821238181088,2524.4070610497147,3438.1629400886595,0.0
1790232908,4,,Aggregated,0.000000,0.000000,0,0,0,0,0,0,0,0,0,0,0,60,0,3200,14321.502275038007,257.3693469056757,48070.68906817585,42.666666666666664
1790232909,4,POST,completion,0.000000,0.000000,0,0,0,0,0,0,0,0,0,0,0,21,0,38000,39437.91052699089,35211.04475716129,48070.68906817585,128.0
1790232909,4,TPOT,completion,0.000000,0.000000,0,0,0,0,0,0,0,0,0,0,0,21,0,270,285.2898427297651,257.3693469056757,351.78934550279473,0.0
1790232909,4,TTFT,completion,0.000000,0.000000,0,0,0,0,0,0,0,0,0,0,0,21,0,3200,3205.4167183204777,2524.4070610497147,3438.1629400886595,0.0
1790232909,4,,Aggregated,0.000000,0.000000,0,0,0,0,0,0,0,0,0,0,0,63,0,3200,14309.539029347046,257.3693469056757,48070.68906817585,42.666666666666664
1790232910,4,POST,completion,0.000000,0.000000,39000,39000,39000,39000,39000,39000,39000,39000,39000,39000,39000,22,0,38000,39338.66652481216,35211.04475716129,48070.68906817585,128.0
1790232910,4,TPOT,completion,0.000000,0.000000,280,280,280,280,280,280,280,280,280,280,280,22,0,270,284.50850604412676,257.3693469056757,351.78934550279473,0.0
1790232910,4,TTFT,completion,0.000000,0.000000,3400,3400,3400,3400,3400,3400,3400,3400,3400,3400,3400,22,0,3200,3205.3989265854893,2524.4070610497147,3438.1629400886595,0.0
1790232910,4,,Aggregated,0.000000,0.000000,3400,3400,37000,37000,39000,39000,39000,39000,39000,39000,39000,66,0,3200,14276.19131914726,257.3693469056757,48070.68906817585,42.666666666666664
1790232911,4,POST,completion,0.000000,0.000000,39000,39000,39000,39000,39000,39000,39000,39000,39000,39000,39000,22,0,38000,39338.66652481216,35211.04475716129,48070.68906817585,128.0
1790232911,4,TPOT,completion,0.000000,0.000000,280,280,280,280,280,280,280,280,280,280,280,22,0,270,284.50850604412676,257.3693469056757,351.78934550279473,0.0
1790232911,4,TTFT,completion,0.000000,0.000000,3400,3400,3400,3400,3400,3400,3400,3400,3400,3400,3400,22,0,3200,3205.3989265854893,2524.4070610497147,3438.1629400886595,0.0
1790232911,4,,Aggregated,0.000000,0.000000,3400,3400,37000,37000,39000,39000,39000,39000,39000,39000,39000,66,0,3200,14276.19131914726,257.3693469056757,48070.68906817585,42.666666666666664
1790232912,4,POST,completion,0.000000,0.000000,39000,39000,39000,39000,39000,39000,39000,39000,39000,39000,39000,22,0,38000,39338.66652481216,35211.04475716129,48070.68906817585,128.0
1790232912,4,TPOT,completion,0.000000,0.000000,280,280,280,280,280,280,280,280,280,280,280,22,0,270,284.50850604412676,257.3693469056757,351.78934550279473,0.0
1790232912,4,TTFT,completion,0.000000,0.000000,3400,3400,3400,3400,3400,3400,3400,3400,3400,3400,3400,22,0,3200,3205.3989265854893,2524.4070610497147,3438.1629400886595,0.0
1790232912,4,,Aggregated,0.000000,0.000000,3400,3400,37000,37000,39000,39000,39000,39000,39000,39000,39000,66,0,3200,14276.19131914726,257.3693469056757,48070.68906817585,42.666666666666664
1790232913,4,POST,completion,0.000000,0.000000,39000,39000,39000,39000,39000,39000,39000,39000,39000,39000,39000,22,0,38000,39338.66652481216,35211.04475716129,48070.68906817585,128.0
1790232913,4,TPOT,completion,0.000000,0.000000,280,280,280,280,280,280,280,280,280,280,280,22,0,270,284.50850604412676,257.3693469056757,351.78934550279473,0.0
1790232913,4,TTFT,completion,0.000000,0.000000,3400,3400,3400,3400,3400,3400,3400,3400,3400,3400,3400,22,0,3200,3205.3989265854893,2524.4070610497147,3438.1629400886595,0.0
1790232913,4,,Aggregated,0.000000,0.000000,3400,3400,37000,37000,39000,39000,39000,39000,39000,39000,39000,66,0,3200,14276.19131914726,257.3693469056757,48070.68906817585,42.666666666666664
1790232914,4,POST,completion,0.000000,0.000000,39000,39000,39000,39000,39000,39000,39000,39000,39000,39000,39000,22,0,38000,39338.66652481216,35211.04475716129,48070.68906817585,128.0
1790232914,4,TPOT,completion,0.000000,0.000000,280,280,280,280,280,280,280,280,280,280,280,22,0,270,284.50850604412676,257.3693469056757,351.78934550279473,0.0
1790232914,4,TTFT,completion,0.000000,0.000000,3400,3400,3400,3400,3400,3400,3400,3400,3400,3400,3400,22,0,3200,3205.3989265854893,2524.4070610497147,3438.1629400886595,0.0
1790232914,4,,Aggregated,0.000000,0.000000,3400,3400,37000,37000,39000,39000,39000,39000,39000,39000,39000,66,0,3200,14276.19131914726,257.3693469056757,48070.68906817585,42.666666666666664
1790232915,4,POST,completion,0.000000,0.000000,39000,39000,39000,39000,39000,39000,39000,39000,39000,39000,39000,22,0,38000,39338.66652481216,35211.04475716129,48070.68906817585,128.0
1790232915,4,TPOT,completion,0.000000,0.000000,280,280,280,280,280,280,280,280,280,280,280,22,0,270,284.50850604412676,257.3693469056757,351.78934550279473,0.0
1790232915,4,TTFT,completion,0.000000,0.000000,3400,3400,3400,3400,3400,3400,3400,3400,3400,3400,3400,22,0,3200,3205.3989265854893,2524.4070610497147,3438.1629400886595,0.0
1790232915,4,,Aggregated,0.000000,0.000000,3400,3400,37000,37000,39000,39000,39000,39000,39000,39000,39000,66,0,3200,14276.19131914726,257.3693469056757,48070.68906817585,42.666666666666664
1790232916,4,POST,completion,0.000000,0.000000,39000,39000,39000,39000,39000,39000,39000,39000,39000,39000,39000,22,0,38000,39338.66652481216,35211.04475716129,48070.68906817585,128.0
1790232916,4,TPOT,completion,0.000000,0.000000,280,280,280,280,280,280,280,280,280,280,280,22,0,270,284.50850604412676,257.3693469056757,351.78934550279473,0.0
1790232916,4,TTFT,completion,0.000000,0.000000,3400,3400,3400,3400,3400,3400,3400,3400,3400,3400,3400,22,0,3200,3205.3989265854893,2524.4070610497147,3438.1629400886595,0.0
1790232916,4,,Aggregated,0.000000,0.000000,3400,3400,37000,37000,39000,39000,39000,39000,39000,39000,39000,66,0,3200,14276.19131914726,257.3693469056757,48070.68906817585,42.666666666666664
1790232917,4,POST,completion,0.000000,0.000000,39000,39000,39000,39000,39000,39000,39000,39000,39000,39000,39000,22,0,38000,39338.66652481216,35211.04475716129,48070.68906817585,128.0
1790232917,4,TPOT,completion,0.000000,0.000000,280,280,280,280,280,280,280,280,280,280,280,22,0,270,284.50850604412676,257.3693469056757,351.78934550279473,0.0
1790232917,4,TTFT,completion,0.000000,0.000000,3400,3400,3400,3400,3400,3400,3400,3400,3400,3400,3400,22,0,3200,3205.3989265854893,2524.4070610497147,3438.1629400886595,0.0
1790232917,4,,Aggregated,0.000000,0.000000,3400,3400,37000,37000,39000,39000,39000,39000,39000,39000,39000,66,0,3200,14276.19131914726,257.3693469056757,48070.68906817585,42.666666666666664
1790232918,4,POST,completion,0.000000,0.000000,39000,39000,39000,39000,39000,39000,39000,39000,39000,39000,39000,22,0,38000,39338.66652481216,35211.04475716129,48070.68906817585,128.0
1790232918,4,TPOT,completion,0.000000,0.000000,280,280,280,280,280,280,280,280,280,280,280,22,0,270,284.50850604412676,257.3693469056757,351.78934550279473,0.0
1790232918,4,TTFT,completion,0.000000,0.000000,3400,3400,3400,3400,3400,3400,3400,3400,3400,3400,3400,22,0,3200,3205.3989265854893,2524.4070610497147,3438.1629400886595,0.0
1790232918,4,,Aggregated,0.000000,0.000000,3400,3400,37000,37000,39000,39000,39000,39000,39000,39000,39000,66,0,3200,14276.19131914726,257.3693469056757,48070.68906817585,42.666666666666664
1790232919,4,POST,completion,0.000000,0.000000,37000,37000,37000,37000,37000,37000,37000,37000,37000,37000,37000,22,0,38000,39338.66652481216,35211.04475716129,48070.68906817585,128.0
1790232919,4,TPOT,completion,0.000000,0.000000,270,270,270,270,270,270,270,270,270,270,270,22,0,270,284.50850604412676,257.3693469056757,351.78934550279473,0.0
1790232919,4,TTFT,completion,0.000000,0.000000,3200,3200,3200,3200,3200,3200,3200,3200,3200,3200,3200,22,0,3200,3205.3989265854893,2524.4070610497147,3438.1629400886595,0.0
1790232919,4,,Aggregated,0.000000,0.000000,3200,3200,37000,37000,37000,37000,37000,37000,37000,37000,37000,66,0,3200,14276.19131914726,257.3693469056757,48070.68906817585,42.666666666666664
1790232920,4,POST,completion,0.000000,0.000000,37000,37000,37000,37000,37000,37000,37000,37000,37000,37000,37000,22,0,38000,39338.66652481216,35211.04475716129,48070.68906817585,128.0
1790232920,4,TPOT,completion,0.000000,0.000000,270,270,270,270,270,270,270,270,270,270,270,22,0,270,284.50850604412676,257.3693469056757,351.78934550279473,0.0
1790232920,4,TTFT,completion,0.000000,0.000000,3200,3200,3200,3200,3200,3200,3200,3200,3200,3200,3200,22,0,3200,3205.3989265854893,2524.4070610497147,3438.1629400886595,0.0
1790232920,4,,Aggregated,0.000000,0.000000,3200,3200,37000,37000,37000,37000,37000,37000,37000,37000,37000,66,0,3200,14276.19131914726,257.3693469056757,48070.68906817585,42.666666666666664
1790232921,4,POST,completion,0.000000,0.000000,37000,37000,37000,37000,37000,37000,37000,37000,37000,37000,37000,22,0,38000,39338.66652481216,35211.04475716129,48070.68906817585,128.0
1790232921,4,TPOT,completion,0.000000,0.000000,270,270,270,270,270,270,270,270,270,270,270,22,0,270,284.50850604412676,257.3693469056757,351.78934550279473,0.0
1790232921,4,TTFT,completion,0.000000,0.000000,3200,3200,3200,3200,3200,3200,3200,3200,3200,3200,3200,22,0,3200,3205.3989265854893,2524.4070610497147,3438.1629400886595,0.0
1790232921,4,,Aggregated,0.000000,0.000000,3200,3200,37000,37000,37000,37000,37000,37000,37000,37000,37000,66,0,3200,14276.19131914726,257.3693469056757,48070.68906817585,42.666666666666664
1790232922,4,POST,completion,0.000000,0.000000,37000,37000,37000,37000,37000,37000,37000,37000,37000,37000,37000,22,0,38000,39338.66652481216,35211.04475716129,48070.68906817585,128.0
1790232922,4,TPOT,completion,0.000000,0.000000,270,270,270,270,270,270,270,270,270,270,270,22,0,270,284.50850604412676,257.3693469056757,351.78934550279473,0.0
1790232922,4,TTFT,completion,0.000000,0.000000,3200,3200,3200,3200,3200,3200,3200,3200,3200,3200,3200,22,0,3200,3205.3989265854893,2524.4070610497147,3438.1629400886595,0.0
1790232922,4,,Aggregated,0.000000,0.000000,3200,3200,37000,37000,37000,37000,37000,37000,37000,37000,37000,66,0,3200,14276.19131914726,257.3693469056757,48070.68906817585,42.666666666666664
1790232923,4,POST,completion,0.100000,0.000000,37000,37000,37000,37000,37000,37000,37000,37000,37000,37000,37000,23,0,38000,39257.86315360228,35211.04475716129,48070.68906817585,128.0
1790232923,4,TPOT,completion,0.100000,0.000000,270,270,270,270,270,270,270,270,270,270,270,23,0,270,283.8595355119593,257.3693469056757,351.78934550279473,0.0
1790232923,4,TTFT,completion,0.100000,0.000000,3200,3200,3200,3200,3200,3200,3200,3200,3200,3200,3200,23,0,3200,3207.0151631234457,2524.4070610497147,3438.1629400886595,0.0
1790232923,4,,Aggregated,0.300000,0.000000,3200,3200,37000,37000,37000,37000,37000,37000,37000,37000,37000,69,0,3200,14249.57928407923,257.3693469056757,48070.68906817585,42.666666666666664
1790232924,4,POST,completion,0.100000,0.000000,37000,37000,37000,37000,37000,37000,37000,37000,37000,37000,37000,23,0,38000,39257.86315360228,35211.04475716129,48070.68906817585,128.0
1790232924,4,TPOT,completion,0.100000,0.000000,270,270,270,270,270,270,270,270,270,270,270,23,0,270,283.8595355119593,257.3693469056757,351.78934550279473,0.0
1790232924,4,TTFT,completion,0.100000,0.000000,3200,3200,3200,3200,3200,3200,3200,3200,3200,3200,3200,23,0,3200,3207.0151631234457,2524.4070610497147,3438.1629400886595,0.0
1790232924,4,,Aggregated,0.300000,0.000000,3200,3200,37000,37000,37000,37000,37000,37000,37000,37000,37000,69,0,3200,14249.57928407923,257.3693469056757,48070.68906817585,42.666666666666664
1790232925,4,POST,completion,0.100000,0.000000,37000,37000,37000,37000,37000,37000,37000,37000,37000,37000,37000,23,0,38000,39257.86315360228,35211.04475716129,48070.68906817585,128.0
1790232925,4,TPOT,completion,0.100000,0.000000,270,270,270,270,270,270,270,270,270,270,270,23,0,270,283.8595355119593,257.3693469056757,351.78934550279473,0.0
1790232925,4,TTFT,completion,0.100000,0.000000,3200,3200,3200,3200,3200,3200,3200,3200,3200,3200,3200,23,0,3200,3207.0151631234457,2524.4070610497147,3438.1629400886595,0.0
1790232925,4,,Aggregated,0.300000,0.000000,3200,3200,37000,37000,37000,37000,37000,37000,37000,37000,37000,69,0,3200,14249.57928407923,257.3693469056757,48070.68906817585,42.666666666666664
1790232926,4,POST,completion,0.100000,0.000000,37000,37000,37000,37000,37000,37000,37000,37000,37000,37000,37000,23,0,38000,39257.86315360228,35211.04475716129,48070.68906817585,128.0
1790232926,4,TPOT,completion,0.100000,0.000000,270,270,270,270,270,270,270,270,270,270,270,23,0,270,283.8595355119593,257.3693469056757,351.78934550279473,0.0
1790232926,4,TTFT,completion,0.100000,0.000000,3200,3200,3200,3200,3200,3200,3200,3200,3200,3200,3200,23,0,3200,3207.0151631234457,2524.4070610497147,3438.1629400886595,0.0
1790232926,4,,Aggregated,0.300000,0.000000,3200,3200,37000,37000,37000,37000,37000,37000,37000,37000,37000,69,0,3200,14249.57928407923,257.3693469056757,48070.68906817585,42.666666666666664
1790232927,4,POST,completion,0.100000,0.000000,42000,42000,42000,42000,42000,42000,42000,42000,42000,42000,42000,24,0,38000,39369.09196299772,35211.04475716129,48070.68906817585,128.0
1790232927,4,TPOT,completion,0.100000,0.000000,300,300,300,300,300,300,300,300,300,300,300,24,0,270,284.7302341201982,257.3693469056757,351.78934550279473,0.0
1790232927,4,TTFT,completion,0.100000,0.000000,3200,3200,3200,3200,3200,3200,3200,3200,3200,3200,3200,24,0,3200,3207.6661322498694,2524.4070610497147,3438.1629400886595,0.0
1790232927,4,,Aggregated,0.300000,0.000000,3200,3200,37000,37000,42000,42000,42000,42000,42000,42000,42000,72,0,3200,14287.16277645593,257.3693469056757,48070.68906817585,42.666666666666664
1790232928,4,POST,completion,0.100000,0.000000,42000,42000,42000,42000,42000,42000,42000,42000,42000,42000,42000,24,0,38000,39369.09196299772,35211.04475716129,48070.68906817585,128.0
1790232928,4,TPOT,completion,0.100000,0.000000,300,300,300,300,300,300,300,300,300,300,300,24,0,270,284.7302341201982,257.3693469056757,351.78934550279473,0.0
1790232928,4,TTFT,completion,0.100000,0.000000,3200,3200,3200,3200,3200,3200,3200,3200,3200,3200,3200,24,0,3200,3207.6661322498694,2524.4070610497147,3438.1629400886595,0.0
1790232928,4,,Aggregated,0.300000,0.000000,3200,3200,37000,37000,42000,42000,42000,42000,42000,42000,42000,72,0,3200,14287.16277645593,257.3693469056757,48070.68906817585,42.666666666666664
1790232929,4,POST,completion,0.100000,0.000000,42000,42000,42000,42000,42000,42000,42000,42000,42000,42000,42000,24,0,38000,39369.09196299772,35211.04475716129,48070.68906817585,128.0
1790232929,4,TPOT,completion,0.100000,0.000000,300,300,300,300,300,300,300,300,300,300,300,24,0,270,284.7302341201982,257.3693469056757,351.78934550279473,0.0
1790232929,4,TTFT,completion,0.100000,0.000000,3200,3200,3200,3200,3200,3200,3200,3200,3200,3200,3200,24,0,3200,3207.6661322498694,2524.4070610497147,3438.1629400886595,0.0
1790232929,4,,Aggregated,0.300000,0.000000,3200,3200,37000,37000,42000,42000,42000,42000,42000,42000,42000,72,0,3200,14287.16277645593,257.3693469056757,48070.68906817585,42.666666666666664
1790232930,4,POST,completion,0.100000,0.000000,42000,42000,42000,42000,42000,42000,42000,42000,42000,42000,42000,24,0,38000,39369.09196299772,35211.04475716129,48070.68906817585,128.0
1790232930,4,TPOT,completion,0.100000,0.000000,300,300,300,300,300,300,300,300,300,300,300,24,0,270,284.7302341201982,257.3693469056757,351.78934550279473,0.0
1790232930,4,TTFT,completion,0.100000,0.000000,3200,3200,3200,3200,3200,3200,3200,3200,3200,3200,3200,24,0,3200,3207.6661322498694,2524.4070610497147,3438.1629400886595,0.0
1790232930,4,,Aggregated,0.300000,0.000000,3200,3200,37000,37000,42000,42000,42000,42000,42000,42000,42000,72,0,3200,14287.16277645593,257.3693469056757,48070.68906817585,42.666666666666664
1790232931,4,POST,completion,0.100000,0.000000,42000,42000,42000,42000,42000,42000,42000,42000,42000,42000,42000,24,0,38000,39369.09196299772,35211.04475716129,48070.68906817585,128.0
1790232931,4,TPOT,completion,0.100000,0.000000,300,300,300,300,300,300,300,300,300,300,300,24,0,270,284.7302341201982,257.3693469056757,351.78934550279473,0.0
1790232931,4,TTFT,completion,0.100000,0.000000,3200,3200,3200,3200,3200,3200,3200,3200,3200,3200,3200,24,0,3200,3207.6661322498694,2524.4070610497147,3438.1629400886595,0.0
1790232931,4,,Aggregated,0.300000,0.000000,3200,3200,37000,37000,42000,42000,42000,42000,42000,42000,42000,72,0,3200,14287.16277645593,257.3693469056757,48070.68906817585,42.666666666666664
1790232932,4,POST,completion,0.100000,0.000000,42000,42000,42000,42000,42000,42000,42000,42000,42000,42000,42000,24,0,38000,39369.09196299772,35211.04475716129,48070.68906817585,128.0
1790232932,4,TPOT,completion,0.100000,0.000000,300,300,300,300,300,300,300,300,300,300,300,24,0,270,284.7302341201982,257.3693469056757,351.78934550279473,0.0
1790232932,4,TTFT,completion,0.100000,0.000000,3200,3200,3200,3200,3200,3200,3200,3200,3200,3200,3200,24,0,3200,3207.6661322498694,2524.4070610497147,3438.1629400886595,0.0
1790232932,4,,Aggregated,0.300000,0.000000,3200,3200,37000,37000,42000,42000,42000,42000,42000,42000,42000,72,0,3200,14287.16277645593,257.3693469056757,48070.68906817585,42.666666666666664
1790232933,4,POST,completion,0.100000,0.000000,42000,42000,42000,42000,42000,42000,42000,42000,42000,42000,42000,24,0,38000,39369.09196299772,35211.04475716129,48070.68906817585,128.0
1790232933,4,TPOT,completion,0.100000,0.000000,300,300,300,300,300,300,300,300,300,300,300,24,0,270,284.7302341201982,257.3693469056757,351.78934550279473,0.0
1790232933,4,TTFT,completion,0.100000,0.000000,3200,3200,3200,3200,3200,3200,3200,3200,3200,3200,3200,24,0,3200,3207.6661322498694,2524.4070610497147,3438.1629400886595,0.0
1790232933,4,,Aggregated,0.300000,0.000000,3200,3200,37000,37000,42000,42000,42000,42000,42000,42000,42000,72,0,3200,14287.16277645593,257.3693469056757,48070.68906817585,42.666666666666664
1790232934,4,POST,completion,0.100000,0.000000,42000,42000,42000,42000,42000,42000,42000,42000,42000,42000,42000,24,0,38000,39369.09196299772,35211.04475716129,48070.68906817585,128.0
1790232934,4,TPOT,completion,0.100000,0.000000,300,300,300,300,300,300,300,300,300,300,300,24,0,270,284.7302341201982,257.3693469056757,351.78934550279473,0.0
1790232934,4,TTFT,completion,0.100000,0.000000,3200,3200,3200,3200,3200,3200,3200,3200,3200,3200,3200,24,0,3200,3207.6661322498694,2524.4070610497147,3438.1629400886595,0.0
1790232934,4,,Aggregated,0.300000,0.000000,3200,3200,42000,42000,42000,42000,42000,42000,42000,42000,42000,72,0,3200,14287.16277645593,257.3693469056757,48070.68906817585,42.666666666666664
1790232935,4,POST,completion,0.100000,0.000000,42000,42000,42000,42000,42000,42000,42000,42000,42000,42000,42000,24,0,38000,39369.09196299772,35211.04475716129,48070.68906817585,128.0
1790232935,4,TPOT,completion,0.100000,0.000000,300,300,300,300,300,300,300,300,300,300,300,24,0,270,284.7302341201982,257.3693469056757,351.78934550279473,0.0
1790232935,4,TTFT,completion,0.100000,0.000000,3200,3200,3200,3200,3200,3200,3200,3200,3200,3200,3200,24,0,3200,3207.6661322498694,2524.4070610497147,3438.1629400886595,0.0
1790232935,4,,Aggregated,0.300000,0.000000,3200,3200,42000,42000,42000,42000,42000,42000,42000,42000,42000,72,0,3200,14287.16277645593,257.3693469056757,48070.68906817585,42.666666666666664
1790232936,4,POST,completion,0.100000,0.000000,42000,42000,42000,42000,42000,42000,42000,42000,42000,42000,42000,24,0,38000,39369.09196299772,35211.04475716129,48070.68906817585,128.0
1790232936,4,TPOT,completion,0.100000,0.000000,300,300,300,300,300,300,300,300,300,300,300,24,0,270,284.7302341201982,257.3693469056757,351.78934550279473,0.0
1790232936,4,TTFT,completion,0.100000,0.000000,3200,3200,3200,3200,3200,3200,3200,3200,3200,3200,3200,24,0,3200,3207.6661322498694,2524.4070610497147,3438.1629400886595,0.0
1790232936,4,,Aggregated,0.300000,0.000000,3200,3200,42000,42000,42000,42000,42000,42000,42000,42000,42000,72,0,3200,14287.16277645593,257.3693469056757,48070.68906817585,42.666666666666664
1790232937,4,POST,completion,0.100000,0.000000,42000,42000,42000,42000,42000,42000,42000,42000,42000,42000,42000,24,0,38000,39369.09196299772,35211.04475716129,48070.68906817585,128.0
1790232937,4,TPOT,completion,0.100000,0.000000,300,300,300,300,300,300,300,300,300,300,300,24,0,270,284.7302341201982,257.3693469056757,351.78934550279473,0.0
1790232937,4,TTFT,completion,0.100000,0.000000,3200,3200,3200,3200,3200,3200,3200,3200,3200,3200,3200,24,0,3200,3207.6661322498694,2524.4070610497147,3438.1629400886595,0.0
1790232937,4,,Aggregated,0.300000,0.000000,3200,3200,42000,42000,42000,42000,42000,42000,42000,42000,42000,72,0,3200,14287.16277645593,257.3693469056757,48070.68906817585,42.666666666666664
1790232938,4,POST,completion,0.100000,0.000000,42000,42000,42000,42000,42000,42000,42000,42000,42000,42000,42000,24,0,38000,39369.09196299772,35211.04475716129,48070.68906817585,128.0
1790232938,4,TPOT,completion,0.100000,0.000000,300,300,300,300,300,300,300,300,300,300,300,24,0,270,284.7302341201982,257.3693469056757,351.78934550279473,0.0
1790232938,4,TTFT,completion,0.100000,0.000000,3200,3200,3200,3200,3200,3200,3200,3200,3200,3200,3200,24,0,3200,3207.6661322498694,2524.4070610497147,3438.1629400886595,0.0
1790232938,4,,Aggregated,0.300000,0.000000,3200,3200,42000,42000,42000,42000,42000,42000,42000,42000,42000,72,0,3200,14287.16277645593,257.3693469056757,48070.68906817585,42.666666666666664
1790232939,4,POST,completion,0.100000,0.000000,42000,42000,42000,42000,42000,42000,42000,42000,42000,42000,42000,24,0,38000,39369.09196299772,35211.04475716129,48070.68906817585,128.0
1790232939,4,TPOT,completion,0.100000,0.000000,300,300,300,300,300,300,300,300,300,300,300,24,0,270,284.7302341201982,257.3693469056757,351.78934550279473,0.0
1790232939,4,TTFT,completion,0.100000,0.000000,3200,3200,3200,3200,3200,3200,3200,3200,3200,3200,3200,24,0,3200,3207.6661322498694,2524.4070610497147,3438.1629400886595,0.0
1790232939,4,,Aggregated,0.300000,0.000000,3200,3200,42000,42000,42000,42000,42000,42000,42000,42000,42000,72,0,3200,14287.16277645593,257.3693469056757,48070.68906817585,42.666666666666664
1790232940,4,POST,completion,0.100000,0.000000,42000,42000,42000,42000,42000,42000,42000,42000,42000,42000,42000,24,0,38000,39369.09196299772,35211.04475716129,48070.68906817585,128.0
1790232940,4,TPOT,completion,0.100000,0.000000,300,300,300,300,300,300,300,300,300,300,300,24,0,270,284.7302341201982,257.3693469056757,351.78934550279473,0.0
1790232940,4,TTFT,completion,0.100000,0.000000,3200,3200,3200,3200,3200,3200,3200,3200,3200,3200,3200,24,0,3200,3207.6661322498694,2524.4070610497147,3438.1629400886595,0.0
1790232940,4,,Aggregated,0.300000,0.000000,3200,3200,42000,42000,42000,42000,42000,42000,42000,42000,42000,72,0,3200,14287.16277645593,257.3693469056757,48070.68906817585,42.666666666666664
1790232941,4,POST,completion,0.100000,0.000000,42000,42000,42000,42000,42000,42000,42000,42000,42000,42000,42000,24,0,38000,39369.09196299772,35211.04475716129,48070.68906817585,128.0
1790232941,4,TPOT,completion,0.100000,0.000000,300,300,300,300,300,300,300,300,300,300,300,24,0,270,284.7302341201982,257.3693469056757,351.78934550279473,0.0
1790232941,4,TTFT,completion,0.100000,0.000000,3200,3200,3200,3200,3200,3200,3200,3200,3200,3200,3200,24,0,3200,3207.6661322498694,2524.4070610497147,3438.1629400886595,0.0
1790232941,4,,Aggregated,0.300000,0.000000,3200,3200,42000,42000,42000,42000,42000,42000,42000,42000,42000,72,0,3200,14287.16277645593,257.3693469056757,48070.68906817585,42.666666666666664
1790232942,4,POST,completion,0.100000,0.000000,42000,42000,42000,42000,42000,42000,42000,42000,42000,42000,42000,24,0,38000,39369.09196299772,35211.04475716129,48070.68906817585,128.0
1790232942,4,TPOT,completion,0.100000,0.000000,300,300,300,300,300,300,300,300,300,300,300,24,0,270,284.7302341201982,257.3693469056757,351.78934550279473,0.0
1790232942,4,TTFT,completion,0.100000,0.000000,3200,3200,3200,3200,3200,3200,3200,3200,3200,3200,3200,24,0,3200,3207.6661322498694,2524.4070610497147,3438.1629400886595,0.0
1790232942,4,,Aggregated,0.300000,0.000000,3200,3200,42000,42000,42000,42000,42000,42000,42000,42000,42000,72,0,3200,14287.16277645593,257.3693469056757,48070.68906817585,42.666666666666664
1790232943,4,POST,completion,0.100000,0.000000,42000,42000,42000,42000,42000,42000,42000,42000,42000,42000,42000,24,0,38000,39369.09196299772,35211.04475716129,48070.68906817585,128.0
1790232943,4,TPOT,completion,0.100000,0.000000,300,300,300,300,300,300,300,300,300,300,300,24,0,270,284.7302341201982,257.3693469056757,351.78934550279473,0.0
1790232943,4,TTFT,completion,0.100000,0.000000,3200,3200,3200,3200,3200,3200,3200,3200,3200,3200,3200,24,0,3200,3207.6661322498694,2524.4070610497147,3438.1629400886595,0.0
1790232943,4,,Aggregated,0.300000,0.000000,3200,3200,42000,42000,42000,42000,42000,42000,42000,42000,42000,72,0,3200,14287.16277645593,257.3693469056757,48070.68906817585,42.666666666666664
1790232944,4,POST,completion,0.100000,0.000000,42000,42000,42000,42000,42000,42000,42000,42000,42000,42000,42000,24,0,38000,39369.09196299772,35211.04475716129,48070.68906817585,128.0
1790232944,4,TPOT,completion,0.100000,0.000000,300,300,300,300,300,300,300,300,300,300,300,24,0,270,284.7302341201982,257.3693469056757,351.78934550279473,0.0
1790232944,4,TTFT,completion,0.100000,0.000000,3200,3200,3200,3200,3200,3200,3200,3200,3200,3200,3200,24,0,3200,3207.6661322498694,2524.4070610497147,3438.1629400886595,0.0
1790232944,4,,Aggregated,0.300000,0.000000,3200,3200,42000,42000,42000,42000,42000,42000,42000,42000,42000,72,0,3200,14287.16277645593,257.3693469056757,48070.68906817585,42.666666666666664
1790232945,4,POST,completion,0.100000,0.000000,0,0,0,0,0,0,0,0,0,0,0,24,0,38000,39369.09196299772,35211.04475716129,48070.68906817585,128.0
1790232945,4,TPOT,completion,0.100000,0.000000,0,0,0,0,0,0,0,0,0,0,0,24,0,270,284.7302341201982,257.3693469056757,351.78934550279473,0.0
1790232945,4,TTFT,completion,0.100000,0.000000,0,0,0,0,0,0,0,0,0,0,0,24,0,3200,3207.6661322498694,2524.4070610497147,3438.1629400886595,0.0
1790232945,4,,Aggregated,0.300000,0.000000,0,0,0,0,0,0,0,0,0,0,0,72,0,3200,14287.16277645593,257.3693469056757,48070.68906817585,42.666666666666664
1790232946,4,POST,completion,0.100000,0.000000,0,0,0,0,0,0,0,0,0,0,0,24,0,38000,39369.09196299772,35211.04475716129,48070.68906817585,128.0
1790232946,4,TPOT,completion,0.100000,0.000000,0,0,0,0,0,0,0,0,0,0,0,24,0,270,284.7302341201982,257.3693469056757,351.78934550279473,0.0
1790232946,4,TTFT,completion,0.100000,0.000000,0,0,0,0,0,0,0,0,0,0,0,24,0,3200,3207.6661322498694,2524.4070610497147,3438.1629400886595,0.0
1790232946,4,,Aggregated,0.300000,0.000000,0,0,0,0,0,0,0,0,0,0,0,72,0,3200,14287.16277645593,257.3693469056757,48070.68906817585,42.666666666666664
1790232947,4,POST,completion,0.000000,0.000000,37000,37000,37000,37000,37000,37000,37000,37000,37000,37000,37000,25,0,38000,39270.455916440114,35211.04475716129,48070.68906817585,128.0
1790232947,4,TPOT,completion,0.000000,0.000000,260,260,260,260,260,260,260,260,260,260,260,25,0,270,283.88200130342966,257.3693469056757,351.78934550279473,0.0
1790232947,4,TTFT,completion,0.000000,0.000000,3400,3400,3400,3400,3400,3400,3400,3400,3400,3400,3400,25,0,3200,3216.756565477699,2524.4070610497147,3438.1629400886595,0.0
1790232947,4,,Aggregated,0.000000,0.000000,3400,3400,37000,37000,37000,37000,37000,37000,37000,37000,37000,75,0,3200,14257.03149440708,257.3693469056757,48070.68906817585,42.666666666666664
1790232948,4,POST,completion,0.000000,0.000000,37000,37000,37000,37000,37000,37000,37000,37000,37000,37000,37000,25,0,38000,39270.455916440114,35211.04475716129,48070.68906817585,128.0
1790232948,4,TPOT,completion,0.000000,0.000000,260,260,260,260,260,260,260,260,260,260,260,25,0,270,283.88200130342966,257.3693469056757,351.78934550279473,0.0
1790232948,4,TTFT,completion,0.000000,0.000000,3400,3400,3400,3400,3400,3400,3400,3400,3400,3400,3400,25,0,3200,3216.756565477699,2524.4070610497147,3438.1629400886595,0.0
1790232948,4,,Aggregated,0.000000,0.000000,3400,3400,37000,37000,37000,37000,37000,37000,37000,37000,37000,75,0,3200,14257.03149440708,257.3693469056757,48070.68906817585,42.666666666666664
1790232949,4,POST,completion,0.000000,0.000000,37000,37000,37000,37000,37000,37000,37000,37000,37000,37000,37000,25,0,38000,39270.455916440114,35211.04475716129,48070.68906817585,128.0
1790232949,4,TPOT,completion,0.000000,0.000000,260,260,260,260,260,260,260,260,260,260,260,25,0,270,283.88200130342966,257.3693469056757,351.78934550279473,0.0
1790232949,4,TTFT,completion,0.000000,0.000000,3400,3400,3400,3400,3400,3400,3400,3400,3400,3400,3400,25,0,3200,3216.756565477699,2524.4070610497147,3438.1629400886595,0.0
1790232949,4,,Aggregated,0.000000,0.000000,3400,3400,37000,37000,37000,37000,37000,37000,37000,37000,37000,75,0,3200,14257.03149440708,257.3693469056757,48070.68906817585,42.666666666666664
1790232950,4,POST,completion,0.000000,0.000000,37000,37000,37000,37000,37000,37000,37000,37000,37000,37000,37000,25,0,38000,39270.455916440114,35211.04475716129,48070.68906817585,128.0
1790232950,4,TPOT,completion,0.000000,0.000000,260,260,260,260,260,260,260,260,260,260,260,25,0,270,283.88200130342966,257.3693469056757,351.78934550279473,0.0
1790232950,4,TTFT,completion,0.000000,0.000000,3400,3400,3400,3400,3400,3400,3400,3400,3400,3400,3400,25,0,3200,3216.756565477699,2524.4070610497147,3438.1629400886595,0.0
1790232950,4,,Aggregated,0.000000,0.000000,3400,3400,37000,37000,37000,37000,37000,37000,37000,37000,37000,75,0,3200,14257.03149440708,257.3693469056757,48070.68906817585,42.666666666666664
1790232951,4,POST,completion,0.100000,0.000000,42000,42000,42000,42000,42000,42000,42000,42000,42000,42000,42000,26,0,38000,39368.355338300506,35211.04475716129,48070.68906817585,128.0
1790232951,4,TPOT,completion,0.100000,0.000000,300,300,300,300,300,300,300,300,300,300,300,26,0,270,284.50461115335804,257.3693469056757,351.78934550279473,0.0
1790232951,4,TTFT,completion,0.100000,0.000000,3700,3700,3700,3700,3700,3700,3700,3700,3700,3700,3700,26,0,3200,3235.58472084383,2524.4070610497147,3706.2886049970984,0.0
1790232951,4,,Aggregated,0.300000,0.000000,3700,3700,37000,37000,42000,42000,42000,42000,42000,42000,42000,78,0,3200,14296.148223432563,257.3693469056757,48070.68906817585,42.666666666666664
1790232952,4,POST,completion,0.100000,0.000000,42000,42000,42000,42000,42000,42000,42000,42000,42000,42000,42000,26,0,38000,39368.355338300506,35211.04475716129,48070.68906817585,128.0
1790232952,4,TPOT,completion,0.100000,0.000000,300,300,300,300,300,300,300,300,300,300,300,26,0,270,284.50461115335804,257.3693469056757,351.78934550279473,0.0
1790232952,4,TTFT,completion,0.100000,0.000000,3700,3700,3700,3700,3700,3700,3700,3700,3700,3700,3700,26,0,3200,3235.58472084383,2524.4070610497147,3706.2886049970984,0.0
1790232952,4,,Aggregated,0.300000,0.000000,3700,3700,37000,37000,42000,42000,42000,42000,42000,42000,42000,78,0,3200,14296.148223432563,257.3693469056757,48070.68906817585,42.666666666666664
1790232953,4,POST,completion,0.100000,0.000000,42000,42000,42000,42000,42000,42000,42000,42000,42000,42000,42000,26,0,38000,39368.355338300506,35211.04475716129,48070.68906817585,128.0
1790232953,4,TPOT,completion,0.100000,0.000000,300,300,300,300,300,300,300,300,300,300,300,26,0,270,284.50461115335804,257.3693469056757,351.78934550279473,0.0
1790232953,4,TTFT,completion,0.100000,0.000000,3700,3700,3700,3700,3700,3700,3700,3700,3700,3700,3700,26,0,3200,3235.58472084383,2524.4070610497147,3706.2886049970984,0.0
1790232953,4,,Aggregated,0.300000,0.000000,3700,3700,37000,37000,42000,42000,42000,42000,42000,42000,42000,78,0,3200,14296.148223432563,257.3693469056757,48070.68906817585,42.666666666666664
1790232954,4,POST,completion,0.100000,0.000000,42000,42000,42000,42000,42000,42000,42000,42000,42000,42000,42000,26,0,38000,39368.355338300506,35211.04475716129,48070.68906817585,128.0
1790232954,4,TPOT,completion,0.100000,0.000000,300,300,300,300,300,300,300,300,300,300,300,26,0,270,284.50461115335804,257.3693469056757,351.78934550279473,0.0
1790232954,4,TTFT,completion,0.100000,0.000000,3700,3700,3700,3700,3700,3700,3700,3700,3700,3700,3700,26,0,3200,3235.58472084383,2524.4070610497147,3706.2886049970984,0.0
1790232954,4,,Aggregated,0.300000,0.000000,3700,3700,37000,37000,42000,42000,42000,42000,42000,42000,42000,78,0,3200,14296.148223432563,257.3693469056757,48070.68906817585,42.666666666666664
1790232955,4,POST,completion,0.100000,0.000000,42000,42000,42000,42000,42000,42000,42000,42000,42000,42000,42000,26,0,38000,39368.355338300506,35211.04475716129,48070.68906817585,128.0
1790232955,4,TPOT,completion,0.100000,0.000000,300,300,300,300,300,300,300,300,300,300,300,26,0,270,284.50461115335804,257.3693469056757,351.78934550279473,0.0
1790232955,4,TTFT,completion,0.100000,0.000000,3700,3700,3700,3700,3700,3700,3700,3700,3700,3700,3700,26,0,3200,3235.58472084383,2524.4070610497147,3706.2886049970984,0.0
1790232955,4,,Aggregated,0.300000,0.000000,3700,3700,37000,37000,42000,42000,42000,42000,42000,42000,42000,78,0,3200,14296.148223432563,257.3693469056757,48070.68906817585,42.666666666666664
1790232956,4,POST,completion,0.100000,0.000000,42000,42000,42000,42000,42000,42000,42000,42000,42000,42000,42000,26,0,38000,39368.355338300506,35211.04475716129,48070.68906817585,128.0
1790232956,4,TPOT,completion,0.100000,0.000000,300,300,300,300,300,300,300,300,300,300,300,26,0,270,284.50461115335804,257.3693469056757,351.78934550279473,0.0
1790232956,4,TTFT,completion,0.100000,0.000000,3700,3700,3700,3700,3700,3700,3700,3700,3700,3700,3700,26,0,3200,3235.58472084383,2524.4070610497147,3706.2886049970984,0.0
1790232956,4,,Aggregated,0.300000,0.000000,3700,3700,37000,37000,42000,42000,42000,42000,42000,42000,42000,78,0,3200,14296.148223432563,257.3693469056757,48070.68906817585,42.666666666666664
1790232957,4,POST,completion,0.100000,0.000000,42000,42000,42000,42000,42000,42000,42000,42000,42000,42000,42000,26,0,38000,39368.355338300506,35211.04475716129,48070.68906817585,128.0
1790232957,4,TPOT,completion,0.100000,0.000000,300,300,300,300,300,300,300,300,300,300,300,26,0,270,284.50461115335804,257.3693469056757,351.78934550279473,0.0
1790232957,4,TTFT,completion,0.100000,0.000000,3700,3700,3700,3700,3700,3700,3700,3700,3700,3700,3700,26,0,3200,3235.58472084383,2524.4070610497147,3706.2886049970984,0.0
1790232957,4,,Aggregated,0.300000,0.000000,3700,3700,37000,37000,42000,42000,42000,42000,42000,42000,42000,78,0,3200,14296.148223432563,257.3693469056757,48070.68906817585,42.666666666666664
1790232958,4,POST,completion,0.100000,0.000000,42000,42000,42000,42000,42000,42000,42000,42000,42000,42000,42000,26,0,38000,39368.355338300506,35211.04475716129,48070.68906817585,128.0
1790232958,4,TPOT,completion,0.100000,0.000000,300,300,300,300,300,300,300,300,300,300,300,26,0,270,284.50461115335804,257.3693469056757,351.78934550279473,0.0
1790232958,4,TTFT,completion,0.100000,0.000000,3700,3700,3700,3700,3700,3700,3700,3700,3700,3700,3700,26,0,3200,3235.58472084383,2524.4070610497147,3706.2886049970984,0.0
1790232958,4,,Aggregated,0.300000,0.000000,3700,3700,42000,42000,42000,42000,42000,42000,42000,42000,42000,78,0,3200,14296.148223432563,257.3693469056757,48070.68906817585,42.666666666666664
1790232959,4,POST,completion,0.100000,0.000000,42000,42000,42000,42000,42000,42000,42000,42000,42000,42000,42000,26,0,38000,39368.355338300506,35211.04475716129,48070.68906817585,128.0
1790232959,4,TPOT,completion,0.100000,0.000000,300,300,300,300,300,300,300,300,300,300,300,26,0,270,284.50461115335804,257.3693469056757,351.78934550279473,0.0
1790232959,4,TTFT,completion,0.100000,0.000000,3700,3700,3700,3700,3700,3700,3700,3700,3700,3700,3700,26,0,3200,3235.58472084383,2524.4070610497147,3706.2886049970984,0.0
1790232959,4,,Aggregated,0.300000,0.000000,3700,3700,42000,42000,42000,42000,42000,42000,42000,42000,42000,78,0,3200,14296.148223432563,257.3693469056757,48070.68906817585,42.666666666666664
1790232960,4,POST,completion,0.100000,0.000000,42000,42000,42000,42000,42000,42000,42000,42000,42000,42000,42000,26,0,38000,39368.355338300506,35211.04475716129,48070.68906817585,128.0
1790232960,4,TPOT,completion,0.100000,0.000000,300,300,300,300,300,300,300,300,300,300,300,26,0,270,284.50461115335804,257.3693469056757,351.78934550279473,0.0
1790232960,4,TTFT,completion,0.100000,0.000000,3700,3700,3700,3700,3700,3700,3700,3700,3700,3700,3700,26,0,3200,3235.58472084383,2524.4070610497147,3706.2886049970984,0.0
1790232960,4,,Aggregated,0.300000,0.000000,3700,3700,42000,42000,42000,42000,42000,42000,42000,42000,42000,78,0,3200,14296.148223432563,257.3693469056757,48070.68906817585,42.666666666666664
1790232961,4,POST,completion,0.100000,0.000000,42000,42000,42000,42000,42000,42000,42000,42000,42000,42000,42000,27,0,38000,39318.5649185131,35211.04475716129,48070.68906817585,128.0
1790232961,4,TPOT,completion,0.100000,0.000000,300,300,300,300,300,300,300,300,300,300,300,27,0,270,284.0772107685298,257.3693469056757,351.78934550279473,0.0
1790232961,4,TTFT,completion,0.100000,0.000000,3700,3700,3700,3700,3700,3700,3700,3700,3700,3700,3700,27,0,3200,3240.0751792980977,2524.4070610497147,3706.2886049970984,0.0
1790232961,4,,Aggregated,0.300000,0.000000,3700,3700,38000,38000,42000,42000,42000,42000,42000,42000,42000,81,0,3200,14280.905769526573,257.3693469056757,48070.68906817585,42.666666666666664
1790232962,4,POST,completion,0.100000,0.000000,42000,42000,42000,42000,42000,42000,42000,42000,42000,42000,42000,27,0,38000,39318.5649185131,35211.04475716129,48070.68906817585,128.0
1790232962,4,TPOT,completion,0.100000,0.000000,300,300,300,300,300,300,300,300,300,300,300,27,0,270,284.0772107685298,257.3693469056757,351.78934550279473,0.0
1790232962,4,TTFT,completion,0.100000,0.000000,3700,3700,3700,3700,3700,3700,3700,3700,3700,3700,3700,27,0,3200,3240.0751792980977,2524.4070610497147,3706.2886049970984,0.0
1790232962,4,,Aggregated,0.300000,0.000000,3700,3700,38000,38000,42000,42000,42000,42000,42000,42000,42000,81,0,3200,14280.905769526573,257.3693469056757,48070.68906817585,42.666666666666664
1790232963,4,POST,completion,0.100000,0.000000,38000,38000,42000,42000,42000,42000,42000,42000,42000,42000,42000,28,0,38000,39213.400486607236,35211.04475716129,48070.68906817585,128.0
1790232963,4,TPOT,completion,0.100000,0.000000,270,270,300,300,300,300,300,300,300,300,300,28,0,270,283.21905354454566,257.3693469056757,351.78934550279473,0.0
1790232963,4,TTFT,completion,0.100000,0.000000,3400,3400,3700,3700,3700,3700,3700,3700,3700,3700,3700,28,0,3200,3243.8949737531534,2524.4070610497147,3706.2886049970984,0.0
1790232963,4,,Aggregated,0.300000,0.000000,3400,3700,36000,38000,42000,42000,42000,42000,42000,42000,42000,84,0,3200,14246.838171301642,257.3693469056757,48070.68906817585,42.666666666666664
1790232964,4,POST,completion,0.100000,0.000000,38000,38000,42000,42000,42000,42000,42000,42000,42000,42000,42000,28,0,38000,39213.400486607236,35211.04475716129,48070.68906817585,128.0
1790232964,4,TPOT,completion,0.100000,0.000000,270,270,300,300,300,300,300,300,300,300,300,28,0,270,283.21905354454566,257.3693469056757,351.78934550279473,0.0
1790232964,4,TTFT,completion,0.100000,0.000000,3400,3400,3700,3700,3700,3700,3700,3700,3700,3700,3700,28,0,3200,3243.8949737531534,2524.4070610497147,3706.2886049970984,0.0
1790232964,4,,Aggregated,0.300000,0.000000,3400,3700,36000,38000,42000,42000,42000,42000,42000,42000,42000,84,0,3200,14246.838171301642,257.3693469056757,48070.68906817585,42.666666666666664
1790232965,4,POST,completion,0.100000,0.000000,38000,38000,38000,38000,38000,38000,38000,38000,38000,38000,38000,28,0,38000,39213.400486607236,35211.04475716129,48070.68906817585,128.0
1790232965,4,TPOT,completion,0.100000,0.000000,270,270,270,270,270,270,270,270,270,270,270,28,0,270,283.21905354454566,257.3693469056757,351.78934550279473,0.0
1790232965,4,TTFT,completion,0.100000,0.000000,3400,3400,3400,3400,3400,3400,3400,3400,3400,3400,3400,28,0,3200,3243.8949737531534,2524.4070610497147,3706.2886049970984,0.0
1790232965,4,,Aggregated,0.300000,0.000000,3400,3400,36000,36000,38000,38000,38000,38000,38000,38000,38000,84,0,3200,14246.838171301642,257.3693469056757,48070.68906817585,42.666666666666664
1790232966,4,POST,completion,0.100000,0.000000,38000,38000,38000,38000,38000,38000,38000,38000,38000,38000,38000,28,0,38000,39213.400486607236,35211.04475716129,48070.68906817585,128.0
1790232966,4,TPOT,completion,0.100000,0.000000,270,270,270,270,270,270,270,270,270,270,270,28,0,270,283.21905354454566,257.3693469056757,351.78934550279473,0.0
1790232966,4,TTFT,completion,0.100000,0.000000,3400,3400,3400,3400,3400,3400,3400,3400,3400,3400,3400,28,0,3200,3243.8949737531534,2524.4070610497147,3706.2886049970984,0.0
1790232966,4,,Aggregated,0.300000,0.000000,3400,3400,36000,36000,38000,38000,38000,38000,38000,38000,38000,84,0,3200,14246.838171301642,257.3693469056757,48070.68906817585,42.666666666666664
1790232967,4,POST,completion,0.100000,0.000000,38000,38000,38000,38000,38000,38000,38000,38000,38000,38000,38000,28,0,38000,39213.400486607236,35211.04475716129,48070.68906817585,128.0
1790232967,4,TPOT,completion,0.100000,0.000000,270,270,270,270,270,270,270,270,270,270,270,28,0,270,283.21905354454566,257.3693469056757,351.78934550279473,0.0
1790232967,4,TTFT,completion,0.100000,0.000000,3400,3400,3400,3400,3400,3400,3400,3400,3400,3400,3400,28,0,3200,3243.8949737531534,2524.4070610497147,3706.2886049970984,0.0
1790232967,4,,Aggregated,0.300000,0.000000,3400,3400,36000,36000,38000,38000,38000,38000,38000,38000,38000,84,0,3200,14246.838171301642,257.3693469056757,48070.68906817585,42.666666666666664
1790232968,4,POST,completion,0.100000,0.000000,38000,38000,38000,38000,38000,38000,38000,38000,38000,38000,38000,28,0,38000,39213.400486607236,35211.04475716129,48070.68906817585,128.0
1790232968,4,TPOT,completion,0.100000,0.000000,270,270,270,270,270,270,270,270,270,270,270,28,0,270,283.21905354454566,257.3693469056757,351.78934550279473,0.0
1790232968,4,TTFT,completion,0.100000,0.000000,3400,3400,3400,3400,3400,3400,3400,3400,3400,3400,3400,28,0,3200,3243.8949737531534,2524.4070610497147,3706.2886049970984,0.0
1790232968,4,,Aggregated,0.300000,0.000000,3400,3400,36000,36000,38000,38000,38000,38000,38000,38000,38000,84,0,3200,14246.838171301642,257.3693469056757,48070.68906817585,42.666666666666664
1790232969,4,POST,completion,0.100000,0.000000,38000,38000,38000,38000,38000,38000,38000,38000,38000,38000,38000,28,0,38000,39213.400486607236,35211.04475716129,48070.68906817585,128.0
1790232969,4,TPOT,completion,0.100000,0.000000,270,270,270,270,270,270,270,270,270,270,270,28,0,270,283.21905354454566,257.3693469056757,351.78934550279473,0.0
1790232969,4,TTFT,completion,0.100000,0.000000,3400,3400,3400,3400,3400,3400,3400,3400,3400,3400,3400,28,0,3200,3243.8949737531534,2524.4070610497147,3706.2886049970984,0.0
1790232969,4,,Aggregated,0.300000,0.000000,3400,3400,36000,36000,38000,38000,38000,38000,38000,38000,38000,84,0,3200,14246.838171301642,257.3693469056757,48070.68906817585,42.666666666666664
