Timestamp,User Count,Type,Name,Requests/s,Failures/s,50%,66%,75%,80%,90%,95%,98%,99%,99.9%,99.99%,100%,Total Request Count,Total Failure Count,Total Median Response Time,Total Average Response Time,Total Min Response Time,Total Max Response Time,Total Average Content Size
1790153282,0,,Aggregated,0.000000,0.000000,N/A,N/A,N/A,N/A,N/A,N/A,N/A,N/A,N/A,N/A,N/A,0,0,0,0.0,0,0,0
1790153283,1,,Aggregated,0.000000,0.000000,N/A,N/A,N/A,N/A,N/A,N/A,N/A,N/A,N/A,N/A,N/A,0,0,0,0.0,0,0,0
1790153284,2,,Aggregated,0.000000,0.000000,N/A,N/A,N/A,N/A,N/A,N/A,N/A,N/A,N/A,N/A,N/A,0,0,0,0.0,0,0,0
1790153285,3,,Aggregated,0.000000,0.000000,N/A,N/A,N/A,N/A,N/A,N/A,N/A,N/A,N/A,N/A,N/A,0,0,0,0.0,0,0,0
1790153286,4,,Aggregated,0.000000,0.000000,N/A,N/A,N/A,N/A,N/A,N/A,N/A,N/A,N/A,N/A,N/A,0,0,0,0.0,0,0,0
1790153287,5,,Aggregated,0.000000,0.000000,N/A,N/A,N/A,N/A,N/A,N/A,N/A,N/A,N/A,N/A,N/A,0,0,0,0.0,0,0,0
1790153288,6,,Aggregated,0.000000,0.000000,N/A,N/A,N/A,N/A,N/A,N/A,N/A,N/A,N/A,N/A,N/A,0,0,0,0.0,0,0,0
1790153289,7,,Aggregated,0.000000,0.000000,N/A,N/A,N/A,N/A,N/A,N/A,N/A,N/A,N/A,N/A,N/A,0,0,0,0.0,0,0,0
1790153290,8,,Aggregated,0.000000,0.000000,N/A,N/A,N/A,N/A,N/A,N/A,N/A,N/A,N/A,N/A,N/A,0,0,0,0.0,0,0,0
1790153291,9,,Aggregated,0.000000,0.000000,N/A,N/A,N/A,N/A,N/A,N/A,N/A,N/A,N/A,N/A,N/A,0,0,0,0.0,0,0,0
1790153292,10,,Aggregated,0.000000,0.000000,N/A,N/A,N/A,N/A,N/A,N/A,N/A,N/A,N/A,N/A,N/A,0,0,0,0.0,0,0,0
1790153293,11,,Aggregated,0.000000,0.000000,N/A,N/A,N/A,N/A,N/A,N/A,N/A,N/A,N/A,N/A,N/A,0,0,0,0.0,0,0,0
1790153294,12,,Aggregated,0.000000,0.000000,N/A,N/A,N/A,N/A,N/A,N/A,N/A,N/A,N/A,N/A,N/A,0,0,0,0.0,0,0,0
1790153295,12,,Aggregated,0.000000,0.000000,N/A,N/A,N/A,N/A,N/A,N/A,N/A,N/A,N/A,N/A,N/A,0,0,0,0.0,0,0,0
1790153296,12,,Aggregated,0.000000,0.000000,N/A,N/A,N/A,N/A,N/A,N/A,N/A,N/A,N/A,N/A,N/A,0,0,0,0.0,0,0,0
1790153297,12,,Aggregated,0.000000,0.000000,N/A,N/A,N/A,N/A,N/A,N/A,N/A,N/A,N/A,N/A,N/A,0,0,0,0.0,0,0,0
1790153298,12,,Aggregated,0.000000,0.000000,N/A,N/A,N/A,N/A,N/A,N/A,N/A,N/A,N/A,N/A,N/A,0,0,0,0.0,0,0,0
1790153299,12,,Aggregated,0.000000,0.000000,N/A,N/A,N/A,N/A,N/A,N/A,N/A,N/A,N/A,N/A,N/A,0,0,0,0.0,0,0,0
1790153300,12,,Aggregated,0.000000,0.000000,N/A,N/A,N/A,N/A,N/A,N/A,N/A,N/A,N/A,N/A,N/A,0,0,0,0.0,0,0,0
1790153301,12,,Aggregated,0.000000,0.000000,N/A,N/A,N/A,N/A,N/A,N/A,N/A,N/A,N/A,N/A,N/A,0,0,0,0.0,0,0,0
1790153302,12,,Aggregated,0.000000,0.000000,N/A,N/A,N/A,N/A,N/A,N/A,N/A,N/A,N/A,N/A,N/A,0,0,0,0.0,0,0,0
1790153303,12,,Aggregated,0.000000,0.000000,N/A,N/A,N/A,N/A,N/A,N/A,N/A,N/A,N/A,N/A,N/A,0,0,0,0.0,0,0,0
1790153304,12,,Aggregated,0.000000,0.000000,N/A,N/A,N/A,N/A,N/A,N/A,N/A,N/A,N/A,N/A,N/A,0,0,0,0.0,0,0,0
1790153305,12,,Aggregated,0.000000,0.000000,N/A,N/A,N/A,N/A,N/A,N/A,N/A,N/A,N/A,N/A,N/A,0,0,0,0.0,0,0,0
1790153306,12,,Aggregated,0.000000,0.000000,N/A,N/A,N/A,N/A,N/A,N/A,N/A,N/A,N/A,N/A,N/A,0,0,0,0.0,0,0,0
1790153307,12,,Aggregated,0.000000,0.000000,N/A,N/A,N/A,N/A,N/A,N/A,N/A,N/A,N/A,N/A,N/A,0,0,0,0.0,0,0,0
1790153308,12,,Aggregated,0.000000,0.000000,N/A,N/A,N/A,N/A,N/A,N/A,N/A,N/A,N/A,N/A,N/A,0,0,0,0.0,0,0,0
1790153309,12,,Aggregated,0.000000,0.000000,N/A,N/A,N/A,N/A,N/A,N/A,N/A,N/A,N/A,N/A,N/A,0,0,0,0.0,0,0,0
1790153310,12,,Aggregated,0.000000,0.000000,N/A,N/A,N/A,N/A,N/A,N/A,N/A,N/A,N/A,N/A,N/A,0,0,0,0.0,0,0,0
1790153311,12,,Aggregated,0.000000,0.000000,N/A,N/A,N/A,N/A,N/A,N/A,N/A,N/A,N/A,N/A,N/A,0,0,0,0.0,0,0,0
1790153312,12,,Aggregated,0.000000,0.000000,N/A,N/A,N/A,N/A,N/A,N/A,N/A,N/A,N/A,N/A,N/A,0,0,0,0.0,0,0,0
1790153313,12,,Aggregated,0.000000,0.000000,N/A,N/A,N/A,N/A,N/A,N/A,N/A,N/A,N/A,N/A,N/A,0,0,0,0.0,0,0,0
1790153314,12,,Aggregated,0.000000,0.000000,N/A,N/A,N/A,N/A,N/A,N/A,N/A,N/A,N/A,N/A,N/A,0,0,0,0.0,0,0,0
1790153315,12,,Aggregated,0.000000,0.000000,N/A,N/A,N/A,N/A,N/A,N/A,N/A,N/A,N/A,N/A,N/A,0,0,0,0.0,0,0,0
1790153316,12,,Aggregated,0.000000,0.000000,N/A,N/A,N/A,N/A,N/A,N/A,N/A,N/A,N/A,N/A,N/A,0,0,0,0.0,0,0,0
1790153317,12,,Aggregated,0.000000,0.000000,N/A,N/A,N/A,N/A,N/A,N/A,N/A,N/A,N/A,N/A,N/A,0,0,0,0.0,0,0,0
1790153318,12,,Aggregated,0.000000,0.000000,N/A,N/A,N/A,N/A,N/A,N/A,N/A,N/A,N/A,N/A,N/A,0,0,0,0.0,0,0,0
1790153319,12,,Aggregated,0.000000,0.000000,N/A,N/A,N/A,N/A,N/A,N/A,N/A,N/A,N/A,N/A,N/A,0,0,0,0.0,0,0,0
1790153320,12,,Aggregated,0.000000,0.000000,N/A,N/A,N/A,N/A,N/A,N/A,N/A,N/A,N/A,N/A,N/A,0,0,0,0.0,0,0,0
1790153321,12,,Aggregated,0.000000,0.000000,N/A,N/A,N/A,N/A,N/A,N/A,N/A,N/A,N/A,N/A,N/A,0,0,0,0.0,0,0,0
1790153322,12,,Aggregated,0.000000,0.000000,N/A,N/A,N/A,N/A,N/A,N/A,N/A,N/A,N/A,N/A,N/A,0,0,0,0.0,0,0,0
1790153323,12,,Aggregated,0.000000,0.000000,N/A,N/A,N/A,N/A,N/A,N/A,N/A,N/A,N/A,N/A,N/A,0,0,0,0.0,0,0,0
1790153324,12,,Aggregated,0.000000,0.000000,N/A,N/A,N/A,N/A,N/A,N/A,N/A,N/A,N/A,N/A,N/A,0,0,0,0.0,0,0,0
1790153325,12,,Aggregated,0.000000,0.000000,N/A,N/A,N/A,N/A,N/A,N/A,N/A,N/A,N/A,N/A,N/A,0,0,0,0.0,0,0,0
1790153326,12,,Aggregated,0.000000,0.000000,N/A,N/A,N/A,N/A,N/A,N/A,N/A,N/A,N/A,N/A,N/A,0,0,0,0.0,0,0,0
1790153327,12,,Aggregated,0.000000,0.000000,N/A,N/A,N/A,N/A,N/A,N/A,N/A,N/A,N/A,N/A,N/A,0,0,0,0.0,0,0,0
1790153328,12,,Aggregated,0.000000,0.000000,N/A,N/A,N/A,N/A,N/A,N/A,N/A,N/A,N/A,N/A,N/A,0,0,0,0.0,0,0,0
1790153329,12,,Aggregated,0.000000,0.000000,N/A,N/A,N/A,N/A,N/A,N/A,N/A,N/A,N/A,N/A,N/A,0,0,0,0.0,0,0,0
1790153330,12,,Aggregated,0.000000,0.000000,N/A,N/A,N/A,N/A,N/A,N/A,N/A,N/A,N/A,N/A,N/A,0,0,0,0.0,0,0,0
1790153331,12,,Aggregated,0.000000,0.000000,N/A,N/A,N/A,N/A,N/A,N/A,N/A,N/A,N/A,N/A,N/A,0,0,0,0.0,0,0,0
1790153332,12,,Aggregated,0.000000,0.000000,N/A,N/A,N/A,N/A,N/A,N/A,N/A,N/A,N/A,N/A,N/A,0,0,0,0.0,0,0,0
1790153333,12,,Aggregated,0.000000,0.000000,N/A,N/A,N/A,N/A,N/A,N/A,N/A,N/A,N/A,N/A,N/A,0,0,0,0.0,0,0,0
1790153334,12,,Aggregated,0.000000,0.000000,N/A,N/A,N/A,N/A,N/A,N/A,N/A,N/A,N/A,N/A,N/A,0,0,0,0.0,0,0,0
1790153335,12,,Aggregated,0.000000,0.000000,N/A,N/A,N/A,N/A,N/A,N/A,N/A,N/A,N/A,N/A,N/A,0,0,0,0.0,0,0,0
1790153336,12,,Aggregated,0.000000,0.000000,N/A,N/A,N/A,N/A,N/A,N/A,N/A,N/A,N/A,N/A,N/A,0,0,0,0.0,0,0,0
1790153337,12,,Aggregated,0.000000,0.000000,N/A,N/A,N/A,N/A,N/A,N/A,N/A,N/A,N/A,N/A,N/A,0,0,0,0.0,0,0,0
1790153338,12,,Aggregated,0.000000,0.000000,N/A,N/A,N/A,N/A,N/A,N/A,N/A,N/A,N/A,N/A,N/A,0,0,0,0.0,0,0,0
1790153339,12,,Aggregated,0.000000,0.000000,N/A,N/A,N/A,N/A,N/A,N/A,N/A,N/A,N/A,N/A,N/A,0,0,0,0.0,0,0,0
1790153340,12,,Aggregated,0.000000,0.000000,N/A,N/A,N/A,N/A,N/A,N/A,N/A,N/A,N/A,N/A,N/A,0,0,0,0.0,0,0,0
1790153341,12,,Aggregated,0.000000,0.000000,N/A,N/A,N/A,N/A,N/A,N/A,N/A,N/A,N/A,N/A,N/A,0,0,0,0.0,0,0,0
1790153342,12,,Aggregated,0.000000,0.000000,N/A,N/A,N/A,N/A,N/A,N/A,N/A,N/A,N/A,N/A,N/A,0,0,0,0.0,0,0,0
1790153343,12,,Aggregated,0.000000,0.000000,N/A,N/A,N/A,N/A,N/A,N/A,N/A,N/A,N/A,N/A,N/A,0,0,0,0.0,0,0,0
1790153344,12,,Aggregated,0.000000,0.000000,N/A,N/A,N/A,N/A,N/A,N/A,N/A,N/A,N/A,N/A,N/A,0,0,0,0.0,0,0,0
1790153345,12,,Aggregated,0.000000,0.000000,N/A,N/A,N/A,N/A,N/A,N/A,N/A,N/A,N/A,N/A,N/A,0,0,0,0.0,0,0,0
1790153346,12,,Aggregated,0.000000,0.000000,N/A,N/A,N/A,N/A,N/A,N/A,N/A,N/A,N/A,N/A,N/A,0,0,0,0.0,0,0,0
1790153347,12,,Aggregated,0.000000,0.000000,N/A,N/A,N/A,N/A,N/A,N/A,N/A,N/A,N/A,N/A,N/A,0,0,0,0.0,0,0,0
1790153348,12,,Aggregated,0.000000,0.000000,N/A,N/A,N/A,N/A,N/A,N/A,N/A,N/A,N/A,N/A,N/A,0,0,0,0.0,0,0,0
1790153349,12,,Aggregated,0.000000,0.000000,N/A,N/A,N/A,N/A,N/A,N/A,N/A,N/A,N/A,N/A,N/A,0,0,0,0.0,0,0,0
1790153350,12,,Aggregated,0.000000,0.000000,N/A,N/A,N/A,N/A,N/A,N/A,N/A,N/A,N/A,N/A,N/A,0,0,0,0.0,0,0,0
1790153351,12,,Aggregated,0.000000,0.000000,N/A,N/A,N/A,N/A,N/A,N/A,N/A,N/A,N/A,N/A,N/A,0,0,0,0.0,0,0,0
1790153352,12,,Aggregated,0.000000,0.000000,N/A,N/A,N/A,N/A,N/A,N/A,N/A,N/A,N/A,N/A,N/A,0,0,0,0.0,0,0,0
1790153353,12,,Aggregated,0.000000,0.000000,N/A,N/A,N/A,N/A,N/A,N/A,N/A,N/A,N/A,N/A,N/A,0,0,0,0.0,0,0,0
1790153354,12,,Aggregated,0.000000,0.000000,N/A,N/A,N/A,N/A,N/A,N/A,N/A,N/A,N/A,N/A,N/A,0,0,0,0.0,0,0,0
1790153355,12,,Aggregated,0.000000,0.000000,N/A,N/A,N/A,N/A,N/A,N/A,N/A,N/A,N/A,N/A,N/A,0,0,0,0.0,0,0,0
1790153356,12,POST,completion,0.000000,0.000000,0,0,0,0,0,0,0,0,0,0,0,1,0,62120.28353009373,62120.28353009373,62120.28353009373,62120.28353009373,128.0
1790153356,12,TPOT,completion,0.000000,0.000000,0,0,0,0,0,0,0,0,0,0,0,1,0,476.85860175507395,476.85860175507395,476.85860175507395,476.85860175507395,0.0
1790153356,12,TTFT,completion,0.000000,0.000000,0,0,0,0,0,0,0,0,0,0,0,1,0,1558.6002820637077,1558.6002820637077,1558.6002820637077,1558.6002820637077,0.0
1790153356,12,,Aggregated,0.000000,0.000000,0,0,0,0,0,0,0,0,0,0,0,3,0,1600,21385.24747130417,476.85860175507395,62120.28353009373,42.666666666666664
1790153358,12,POST,completion,0.000000,0.000000,62000,62000,62000,62000,62000,62000,62000,62000,62000,62000,62000,2,0,62055.84401101805,62088.06377055589,62055.84401101805,62120.28353009373,128.0
1790153358,12,TPOT,completion,0.000000,0.000000,470,470,470,470,470,470,470,470,470,470,470,2,0,476.85860175507395,471.9178065314786,466.97701130788334,476.85860175507395,0.0
1790153358,12,TTFT,completion,0.000000,0.000000,2700,2700,2700,2700,2700,2700,2700,2700,2700,2700,2700,2,0,2700,2153.8686505518854,1558.6002820637077,2749.137019040063,0.0
1790153358,12,,Aggregated,0.000000,0.000000,2700,2700,62000,62000,62000,62000,62000,62000,62000,62000,62000,6,0,2700,21571.283409213087,466.97701130788334,62120.28353009373,42.666666666666664
1790153359,12,POST,completion,0.000000,0.000000,62000,62000,62000,62000,62000,62000,62000,62000,62000,62000,62000,2,0,62055.84401101805,62088.06377055589,62055.84401101805,62120.28353009373,128.0
1790153359,12,TPOT,completion,0.000000,0.000000,470,470,470,470,470,470,470,470,470,470,470,2,0,476.85860175507395,471.9178065314786,466.97701130788334,476.85860175507395,0.0
1790153359,12,TTFT,completion,0.000000,0.000000,2700,2700,2700,2700,2700,2700,2700,2700,2700,2700,2700,2,0,2700,2153.8686505518854,1558.6002820637077,2749.137019040063,0.0
1790153359,12,,Aggregated,0.000000,0.000000,2700,2700,62000,62000,62000,62000,62000,62000,62000,62000,62000,6,0,2700,21571.283409213087,466.97701130788334,62120.28353009373,42.666666666666664
1790153360,12,POST,completion,0.000000,0.000000,62000,62000,62000,62000,62000,62000,62000,62000,62000,62000,62000,2,0,62055.84401101805,62088.06377055589,62055.84401101805,62120.28353009373,128.0
1790153360,12,TPOT,completion,0.000000,0.000000,470,470,470,470,470,470,470,470,470,470,470,2,0,476.85860175507395,471.9178065314786,466.97701130788334,476.85860175507395,0.0
1790153360,12,TTFT,completion,0.000000,0.000000,2700,2700,2700,2700,2700,2700,2700,2700,2700,2700,2700,2,0,2700,2153.8686505518854,1558.6002820637077,2749.137019040063,0.0
1790153360,12,,Aggregated,0.000000,0.000000,2700,2700,62000,62000,62000,62000,62000,62000,62000,62000,62000,6,0,2700,21571.283409213087,466.97701130788334,62120.28353009373,42.666666666666664
1790153361,12,POST,completion,0.000000,0.000000,62000,62000,62000,62000,62000,62000,62000,62000,62000,62000,62000,2,0,62055.84401101805,62088.06377055589,62055.84401101805,62120.28353009373,128.0
1790153361,12,TPOT,completion,0.000000,0.000000,470,470,470,470,470,470,470,470,470,470,470,2,0,476.85860175507395,471.9178065314786,466.97701130788334,476.85860175507395,0.0
1790153361,12,TTFT,completion,0.000000,0.000000,2700,2700,2700,2700,2700,2700,2700,2700,2700,2700,2700,2,0,2700,2153.8686505518854,1558.6002820637077,2749.137019040063,0.0
1790153361,12,,Aggregated,0.000000,0.000000,2700,2700,62000,62000,62000,62000,62000,62000,62000,62000,62000,6,0,2700,21571.283409213087,466.97701130788334,62120.28353009373,42.666666666666664
1790153362,12,POST,completion,0.000000,0.000000,62000,62000,62000,62000,62000,62000,62000,62000,62000,62000,62000,2,0,62055.84401101805,62088.06377055589,62055.84401101805,62120.28353009373,128.0
1790153362,12,TPOT,completion,0.000000,0.000000,470,470,470,470,470,470,470,470,470,470,470,2,0,476.85860175507395,471.9178065314786,466.97701130788334,476.85860175507395,0.0
1790153362,12,TTFT,completion,0.000000,0.000000,2700,2700,2700,2700,2700,2700,2700,2700,2700,2700,2700,2,0,2700,2153.8686505518854,1558.6002820637077,2749.137019040063,0.0
1790153362,12,,Aggregated,0.000000,0.000000,2700,2700,62000,62000,62000,62000,62000,62000,62000,62000,62000,6,0,2700,21571.283409213087,466.97701130788334,62120.28353009373,42.666666666666664
1790153363,12,POST,completion,0.000000,0.000000,62000,62000,62000,62000,62000,62000,62000,62000,62000,62000,62000,2,0,62055.84401101805,62088.06377055589,62055.84401101805,62120.28353009373,128.0
1790153363,12,TPOT,completion,0.000000,0.000000,470,470,470,470,470,470,470,470,470,470,470,2,0,476.85860175507395,471.9178065314786,466.97701130788334,476.85860175507395,0.0
1790153363,12,TTFT,completion,0.000000,0.000000,2700,2700,2700,2700,2700,2700,2700,2700,2700,2700,2700,2,0,2700,2153.8686505518854,1558.6002820637077,2749.137019040063,0.0
1790153363,12,,Aggregated,0.000000,0.000000,2700,2700,62000,62000,62000,62000,62000,62000,62000,62000,62000,6,0,2700,21571.283409213087,466.97701130788334,62120.28353009373,42.666666666666664
1790153364,12,POST,completion,0.000000,0.000000,62000,62000,62000,62000,62000,62000,62000,62000,62000,62000,62000,2,0,62055.84401101805,62088.06377055589,62055.84401101805,62120.28353009373,128.0
1790153364,12,TPOT,completion,0.000000,0.000000,470,470,470,470,470,470,470,470,470,470,470,2,0,476.85860175507395,471.9178065314786,466.97701130788334,476.85860175507395,0.0
1790153364,12,TTFT,completion,0.000000,0.000000,2700,2700,2700,2700,2700,2700,2700,2700,2700,2700,2700,2,0,2700,2153.8686505518854,1558.6002820637077,2749.137019040063,0.0
1790153364,12,,Aggregated,0.000000,0.000000,2700,2700,62000,62000,62000,62000,62000,62000,62000,62000,62000,6,0,2700,21571.283409213087,466.97701130788334,62120.28353009373,42.666666666666664
1790153365,12,POST,completion,0.000000,0.000000,62000,62000,62000,62000,62000,62000,62000,62000,62000,62000,62000,2,0,62055.84401101805,62088.06377055589,62055.84401101805,62120.28353009373,128.0
1790153365,12,TPOT,completion,0.000000,0.000000,470,470,470,470,470,470,470,470,470,470,470,2,0,476.85860175507395,471.9178065314786,466.97701130788334,476.85860175507395,0.0
1790153365,12,TTFT,completion,0.000000,0.000000,2700,2700,2700,2700,2700,2700,2700,2700,2700,2700,2700,2,0,2700,2153.8686505518854,1558.6002820637077,2749.137019040063,0.0
1790153365,12,,Aggregated,0.000000,0.000000,2700,2700,62000,62000,62000,62000,62000,62000,62000,62000,62000,6,0,2700,21571.283409213087,466.97701130788334,62120.28353009373,42.666666666666664
1790153366,12,POST,completion,0.000000,0.000000,62000,62000,62000,62000,62000,62000,62000,62000,62000,62000,62000,2,0,62055.84401101805,62088.06377055589,62055.84401101805,62120.28353009373,128.0
1790153366,12,TPOT,completion,0.000000,0.000000,470,470,470,470,470,470,470,470,470,470,470,2,0,476.85860175507395,471.9178065314786,466.97701130788334,476.85860175507395,0.0
1790153366,12,TTFT,completion,0.000000,0.000000,2700,2700,2700,2700,2700,2700,2700,2700,2700,2700,2700,2,0,2700,2153.8686505518854,1558.6002820637077,2749.137019040063,0.0
1790153366,12,,Aggregated,0.000000,0.000000,2700,2700,62000,62000,62000,62000,62000,62000,62000,62000,62000,6,0,2700,21571.283409213087,466.97701130788334,62120.28353009373,42.666666666666664
1790153367,12,POST,completion,0.000000,0.000000,62000,62000,62000,62000,62000,62000,62000,62000,62000,62000,62000,2,0,62055.84401101805,62088.06377055589,62055.84401101805,62120.28353009373,128.0
1790153367,12,TPOT,completion,0.000000,0.000000,470,470,470,470,470,470,470,470,470,470,470,2,0,476.85860175507395,471.9178065314786,466.97701130788334,476.85860175507395,0.0
1790153367,12,TTFT,completion,0.000000,0.000000,2700,2700,2700,2700,2700,2700,2700,2700,2700,2700,2700,2,0,2700,2153.8686505518854,1558.6002820637077,2749.137019040063,0.0
1790153367,12,,Aggregated,0.000000,0.000000,2700,2700,62000,62000,62000,62000,62000,62000,62000,62000,62000,6,0,2700,21571.283409213087,466.97701130788334,62120.28353009373,42.666666666666664
1790153368,12,POST,completion,0.000000,0.000000,62000,62000,62000,62000,62000,62000,62000,62000,62000,62000,62000,2,0,62055.84401101805,62088.06377055589,62055.84401101805,62120.28353009373,128.0
1790153368,12,TPOT,completion,0.000000,0.000000,470,470,470,470,470,470,470,470,470,470,470,2,0,476.85860175507395,471.9178065314786,466.97701130788334,476.85860175507395,0.0
1790153368,12,TTFT,completion,0.000000,0.000000,2700,2700,2700,2700,2700,2700,2700,2700,2700,2700,2700,2,0,2700,2153.8686505518854,1558.6002820637077,2749.137019040063,0.0
1790153368,12,,Aggregated,0.000000,0.000000,2700,2700,62000,62000,62000,62000,62000,62000,62000,62000,62000,6,0,2700,21571.283409213087,466.97701130788334,62120.28353009373,42.666666666666664
1790153369,12,POST,completion,0.000000,0.000000,62000,62000,62000,62000,62000,62000,62000,62000,62000,62000,62000,2,0,62055.84401101805,62088.06377055589,62055.84401101805,62120.28353009373,128.0
1790153369,12,TPOT,completion,0.000000,0.000000,470,470,470,470,470,470,470,470,470,470,470,2,0,476.85860175507395,471.9178065314786,466.97701130788334,476.85860175507395,0.0
1790153369,12,TTFT,completion,0.000000,0.000000,2700,2700,2700,2700,2700,2700,2700,2700,2700,2700,2700,2,0,2700,2153.8686505518854,1558.6002820637077,2749.137019040063,0.0
1790153369,12,,Aggregated,0.000000,0.000000,2700,2700,62000,62000,62000,62000,62000,62000,62000,62000,62000,6,0,2700,21571.283409213087,466.97701130788334,62120.28353009373,42.666666666666664
1790153370,12,POST,completion,0.000000,0.000000,67000,67000,67000,67000,67000,67000,67000,67000,67000,67000,67000,3,0,62055.84401101805,63809.037283683814,62055.84401101805,67250.98430993967,128.0
1790153370,12,TPOT,completion,0.000000,0.000000,510,510,510,510,510,510,510,510,510,510,510,3,0,480,485.8637821287396,466.97701130788334,513.7557333232616,0.0
1790153370,12,TTFT,completion,0.000000,0.000000,2700,2700,2700,2700,2700,2700,2700,2700,2700,2700,2700,3,0,2000,2103.6993760305145,1558.6002820637077,2749.137019040063,0.0
1790153370,12,,Aggregated,0.000000,0.000000,2700,2700,62000,62000,67000,67000,67000,67000,67000,67000,67000,9,0,2000,22132.86681394769,466.97701130788334,67250.98430993967,42.666666666666664
1790153371,12,POST,completion,0.000000,0.000000,67000,67000,67000,67000,67000,67000,67000,67000,67000,67000,67000,3,0,62055.84401101805,63809.037283683814,62055.84401101805,67250.98430993967,128.0
1790153371,12,TPOT,completion,0.000000,0.000000,510,510,510,510,510,510,510,510,510,510,510,3,0,480,485.8637821287396,466.97701130788334,513.7557333232616,0.0
1790153371,12,TTFT,completion,0.000000,0.000000,2700,2700,2700,2700,2700,2700,2700,2700,2700,2700,2700,3,0,2000,2103.6993760305145,1558.6002820637077,2749.137019040063,0.0
1790153371,12,,Aggregated,0.000000,0.000000,2700,2700,62000,62000,67000,67000,67000,67000,67000,67000,67000,9,0,2000,22132.86681394769,466.97701130788334,67250.98430993967,42.666666666666664
1790153372,12,POST,completion,0.000000,0.000000,67000,67000,67000,67000,67000,67000,67000,67000,67000,67000,67000,3,0,62055.84401101805,63809.037283683814,62055.84401101805,67250.98430993967,128.0
1790153372,12,TPOT,completion,0.000000,0.000000,510,510,510,510,510,510,510,510,510,510,510,3,0,480,485.8637821287396,466.97701130788334,513.7557333232616,0.0
1790153372,12,TTFT,completion,0.000000,0.000000,2700,2700,2700,2700,2700,2700,2700,2700,2700,2700,2700,3,0,2000,2103.6993760305145,1558.6002820637077,2749.137019040063,0.0
1790153372,12,,Aggregated,0.000000,0.000000,2700,2700,62000,62000,67000,67000,67000,67000,67000,67000,67000,9,0,2000,22132.86681394769,466.97701130788334,67250.98430993967,42.666666666666664
1790153373,12,POST,completion,0.000000,0.000000,67000,67000,67000,67000,67000,67000,67000,67000,67000,67000,67000,3,0,62055.84401101805,63809.037283683814,62055.84401101805,67250.98430993967,128.0
1790153373,12,TPOT,completion,0.000000,0.000000,510,510,510,510,510,510,510,510,510,510,510,3,0,480,485.8637821287396,466.97701130788334,513.7557333232616,0.0
1790153373,12,TTFT,completion,0.000000,0.000000,2000,2000,2000,2000,2000,2000,2000,2000,2000,2000,2000,3,0,2000,2103.6993760305145,1558.6002820637077,2749.137019040063,0.0
1790153373,12,,Aggregated,0.000000,0.000000,2000,2000,67000,67000,67000,67000,67000,67000,67000,67000,67000,9,0,2000,22132.86681394769,466.97701130788334,67250.98430993967,42.666666666666664
1790153374,12,POST,completion,0.100000,0.000000,68000,68000,68000,68000,68000,68000,68000,68000,68000,68000,68000,4,0,67000,64869.65476855403,62055.84401101805,68051.50722316466,128.0
1790153374,12,TPOT,completion,0.100000,0.000000,520,520,520,520,520,520,520,520,520,520,520,4,0,510,494.71287829957276,466.97701130788334,521.2601668120722,0.0
1790153374,12,TTFT,completion,0.100000,0.000000,2000,2000,2000,2000,2000,2000,2000,2000,2000,2000,2000,4,0,2000,2040.4692292795517,1558.6002820637077,2749.137019040063,0.0
1790153374,12,,Aggregated,0.300000,0.000000,2000,2000,67000,67000,68000,68000,68000,68000,68000,68000,68000,12,0,2000,22468.27895871105,466.97701130788334,68051.50722316466,42.666666666666664
1790153375,12,POST,completion,0.100000,0.000000,68000,68000,68000,68000,68000,68000,68000,68000,68000,68000,68000,4,0,67000,64869.65476855403,62055.84401101805,68051.50722316466,128.0
1790153375,12,TPOT,completion,0.100000,0.000000,520,520,520,520,520,520,520,520,520,520,520,4,0,510,494.71287829957276,466.97701130788334,521.2601668120722,0.0
1790153375,12,TTFT,completion,0.100000,0.000000,2000,2000,2000,2000,2000,2000,2000,2000,2000,2000,2000,4,0,2000,2040.4692292795517,1558.6002820637077,2749.137019040063,0.0
1790153375,12,,Aggregated,0.300000,0.000000,2000,2000,67000,67000,68000,68000,68000,68000,68000,68000,68000,12,0,2000,22468.27895871105,466.97701130788334,68051.50722316466,42.666666666666664
1790153376,12,POST,completion,0.100000,0.000000,68000,68000,68000,68000,68000,68000,68000,68000,68000,68000,68000,4,0,67000,64869.65476855403,62055.84401101805,68051.50722316466,128.0
1790153376,12,TPOT,completion,0.100000,0.000000,520,520,520,520,520,520,520,520,520,520,520,4,0,510,494.71287829957276,466.97701130788334,521.2601668120722,0.0
1790153376,12,TTFT,completion,0.100000,0.000000,2000,2000,2000,2000,2000,2000,2000,2000,2000,2000,2000,4,0,2000,2040.4692292795517,1558.6002820637077,2749.137019040063,0.0
1790153376,12,,Aggregated,0.300000,0.000000,2000,2000,67000,67000,68000,68000,68000,68000,68000,68000,68000,12,0,2000,22468.27895871105,466.97701130788334,68051.50722316466,42.666666666666664
1790153377,12,POST,completion,0.100000,0.000000,68000,68000,68000,68000,68000,68000,68000,68000,68000,68000,68000,4,0,67000,64869.65476855403,62055.84401101805,68051.50722316466,128.0
1790153377,12,TPOT,completion,0.100000,0.000000,520,520,520,520,520,520,520,520,520,520,520,4,0,510,494.71287829957276,466.97701130788334,521.2601668120722,0.0
1790153377,12,TTFT,completion,0.100000,0.000000,2000,2000,2000,2000,2000,2000,2000,2000,2000,2000,2000,4,0,2000,2040.4692292795517,1558.6002820637077,2749.137019040063,0.0
1790153377,12,,Aggregated,0.300000,0.000000,2000,2000,67000,67000,68000,68000,68000,68000,68000,68000,68000,12,0,2000,22468.27895871105,466.97701130788334,68051.50722316466,42.666666666666664
1790153378,12,POST,completion,0.100000,0.000000,68000,68000,68000,68000,68000,68000,68000,68000,68000,68000,68000,4,0,67000,64869.65476855403,62055.84401101805,68051.50722316466,128.0
1790153378,12,TPOT,completion,0.100000,0.000000,520,520,520,520,520,520,520,520,520,520,520,4,0,510,494.71287829957276,466.97701130788334,521.2601668120722,0.0
1790153378,12,TTFT,completion,0.100000,0.000000,2000,2000,2000,2000,2000,2000,2000,2000,2000,2000,2000,4,0,2000,2040.4692292795517,1558.6002820637077,2749.137019040063,0.0
1790153378,12,,Aggregated,0.300000,0.000000,2000,2000,67000,67000,68000,68000,68000,68000,68000,68000,68000,12,0,2000,22468.27895871105,466.97701130788334,68051.50722316466,42.666666666666664
1790153379,12,POST,completion,0.200000,0.000000,68000,68000,70000,70000,70000,70000,70000,70000,70000,70000,70000,5,0,67000,65813.36519783363,62055.84401101805,69588.20691495202,128.0
1790153379,12,TPOT,completion,0.200000,0.000000,520,520,530,530,530,530,530,530,530,530,530,5,0,510,502.1813944884114,466.97701130788334,532.0554592437661,0.0
1790153379,12,TTFT,completion,0.200000,0.000000,2000,2000,2000,2000,2000,2000,2000,2000,2000,2000,2000,5,0,2000,2035.6769946403801,1558.6002820637077,2749.137019040063,0.0
1790153379,12,,Aggregated,0.600000,0.000000,2000,2000,67000,68000,70000,70000,70000,70000,70000,70000,70000,15,0,2000,22783.74119565414,466.97701130788334,69588.20691495202,42.666666666666664
1790153380,12,POST,completion,0.200000,0.000000,68000,68000,70000,70000,70000,70000,70000,70000,70000,70000,70000,5,0,67000,65813.36519783363,62055.84401101805,69588.20691495202,128.0
1790153380,12,TPOT,completion,0.200000,0.000000,520,520,530,530,530,530,530,530,530,530,530,5,0,510,502.1813944884114,466.97701130788334,532.0554592437661,0.0
1790153380,12,TTFT,completion,0.200000,0.000000,2000,2000,2000,2000,2000,2000,2000,2000,2000,2000,2000,5,0,2000,2035.6769946403801,1558.6002820637077,2749.137019040063,0.0
1790153380,12,,Aggregated,0.600000,0.000000,2000,2000,67000,68000,70000,70000,70000,70000,70000,70000,70000,15,0,2000,22783.74119565414,466.97701130788334,69588.20691495202,42.666666666666664
1790153381,12,POST,completion,0.200000,0.000000,70000,70000,70000,70000,70000,70000,70000,70000,70000,70000,70000,5,0,67000,65813.36519783363,62055.84401101805,69588.20691495202,128.0
1790153381,12,TPOT,completion,0.200000,0.000000,530,530,530,530,530,530,530,530,530,530,530,5,0,510,502.1813944884114,466.97701130788334,532.0554592437661,0.0
1790153381,12,TTFT,completion,0.200000,0.000000,2000,2000,2000,2000,2000,2000,2000,2000,2000,2000,2000,5,0,2000,2035.6769946403801,1558.6002820637077,2749.137019040063,0.0
1790153381,12,,Aggregated,0.600000,0.000000,2000,2000,68000,68000,70000,70000,70000,70000,70000,70000,70000,15,0,2000,22783.74119565414,466.97701130788334,69588.20691495202,42.666666666666664
1790153382,12,POST,completion,0.200000,0.000000,70000,70000,70000,70000,70000,70000,70000,70000,70000,70000,70000,5,0,67000,65813.36519783363,62055.84401101805,69588.20691495202,128.0
1790153382,12,TPOT,completion,0.200000,0.000000,530,530,530,530,530,530,530,530,530,530,530,5,0,510,502.1813944884114,466.97701130788334,532.0554592437661,0.0
1790153382,12,TTFT,completion,0.200000,0.000000,2000,2000,2000,2000,2000,2000,2000,2000,2000,2000,2000,5,0,2000,2035.6769946403801,1558.6002820637077,2749.137019040063,0.0
1790153382,12,,Aggregated,0.600000,0.000000,2000,2000,68000,68000,70000,70000,70000,70000,70000,70000,70000,15,0,2000,22783.74119565414,466.97701130788334,69588.20691495202,42.666666666666664
1790153383,12,POST,completion,0.200000,0.000000,70000,70000,70000,70000,70000,70000,70000,70000,70000,70000,70000,5,0,67000,65813.36519783363,62055.84401101805,69588.20691495202,128.0
1790153383,12,TPOT,completion,0.200000,0.000000,530,530,530,530,530,530,530,530,530,530,530,5,0,510,502.1813944884114,466.97701130788334,532.0554592437661,0.0
1790153383,12,TTFT,completion,0.200000,0.000000,2000,2000,2000,2000,2000,2000,2000,2000,2000,2000,2000,5,0,2000,2035.6769946403801,1558.6002820637077,2749.137019040063,0.0
1790153383,12,,Aggregated,0.600000,0.000000,2000,2000,68000,68000,70000,70000,70000,70000,70000,70000,70000,15,0,2000,22783.74119565414,466.97701130788334,69588.20691495202,42.666666666666664
1790153384,12,POST,completion,0.200000,0.000000,70000,70000,70000,70000,70000,70000,70000,70000,70000,70000,70000,5,0,67000,65813.36519783363,62055.84401101805,69588.20691495202,128.0
1790153384,12,TPOT,completion,0.200000,0.000000,530,530,530,530,530,530,530,530,530,530,530,5,0,510,502.1813944884114,466.97701130788334,532.0554592437661,0.0
1790153384,12,TTFT,completion,0.200000,0.000000,2000,2000,2000,2000,2000,2000,2000,2000,2000,2000,2000,5,0,2000,2035.6769946403801,1558.6002820637077,2749.137019040063,0.0
1790153384,12,,Aggregated,0.600000,0.000000,2000,2000,68000,68000,70000,70000,70000,70000,70000,70000,70000,15,0,2000,22783.74119565414,466.97701130788334,69588.20691495202,42.666666666666664
1790153385,12,POST,completion,0.200000,0.000000,70000,70000,70000,70000,70000,70000,70000,70000,70000,70000,70000,5,0,67000,65813.36519783363,62055.84401101805,69588.20691495202,128.0
1790153385,12,TPOT,completion,0.200000,0.000000,530,530,530,530,530,530,530,530,530,530,530,5,0,510,502.1813944884114,466.97701130788334,532.0554592437661,0.0
1790153385,12,TTFT,completion,0.200000,0.000000,2000,2000,2000,2000,2000,2000,2000,2000,2000,2000,2000,5,0,2000,2035.6769946403801,1558.6002820637077,2749.137019040063,0.0
1790153385,12,,Aggregated,0.600000,0.000000,2000,2000,70000,70000,70000,70000,70000,70000,70000,70000,70000,15,0,2000,22783.74119565414,466.97701130788334,69588.20691495202,42.666666666666664
1790153386,12,POST,completion,0.200000,0.000000,70000,70000,70000,70000,70000,70000,70000,70000,70000,70000,70000,5,0,67000,65813.36519783363,62055.84401101805,69588.20691495202,128.0
1790153386,12,TPOT,completion,0.200000,0.000000,530,530,530,530,530,530,530,530,530,530,530,5,0,510,502.1813944884114,466.97701130788334,532.0554592437661,0.0
1790153386,12,TTFT,completion,0.200000,0.000000,2000,2000,2000,2000,2000,2000,2000,2000,2000,2000,2000,5,0,2000,2035.6769946403801,1558.6002820637077,2749.137019040063,0.0
1790153386,12,,Aggregated,0.600000,0.000000,2000,2000,70000,70000,70000,70000,70000,70000,70000,70000,70000,15,0,2000,22783.74119565414,466.97701130788334,69588.20691495202,42.666666666666664
1790153387,12,POST,completion,0.200000,0.000000,70000,70000,70000,70000,70000,70000,70000,70000,70000,70000,70000,5,0,67000,65813.36519783363,62055.84401101805,69588.20691495202,128.0
1790153387,12,TPOT,completion,0.200000,0.000000,530,530,530,530,530,530,530,530,530,530,530,5,0,510,502.1813944884114,466.97701130788334,532.0554592437661,0.0
1790153387,12,TTFT,completion,0.200000,0.000000,2000,2000,2000,2000,2000,2000,2000,2000,2000,2000,2000,5,0,2000,2035.6769946403801,1558.6002820637077,2749.137019040063,0.0
1790153387,12,,Aggregated,0.600000,0.000000,2000,2000,70000,70000,70000,70000,70000,70000,70000,70000,70000,15,0,2000,22783.74119565414,466.97701130788334,69588.20691495202,42.666666666666664
1790153388,12,POST,completion,0.200000,0.000000,70000,70000,70000,70000,70000,70000,70000,70000,70000,70000,70000,5,0,67000,65813.36519783363,62055.84401101805,69588.20691495202,128.0
1790153388,12,TPOT,completion,0.200000,0.000000,530,530,530,530,530,530,530,530,530,530,530,5,0,510,502.1813944884114,466.97701130788334,532.0554592437661,0.0
1790153388,12,TTFT,completion,0.200000,0.000000,2000,2000,2000,2000,2000,2000,2000,2000,2000,2000,2000,5,0,2000,2035.6769946403801,1558.6002820637077,2749.137019040063,0.0
1790153388,12,,Aggregated,0.600000,0.000000,2000,2000,70000,70000,70000,70000,70000,70000,70000,70000,70000,15,0,2000,22783.74119565414,466.97701130788334,69588.20691495202,42.666666666666664
1790153389,12,POST,completion,0.200000,0.000000,70000,70000,70000,70000,70000,70000,70000,70000,70000,70000,70000,5,0,67000,65813.36519783363,62055.84401101805,69588.20691495202,128.0
1790153389,12,TPOT,completion,0.200000,0.000000,530,530,530,530,530,530,530,530,530,530,530,5,0,510,502.1813944884114,466.97701130788334,532.0554592437661,0.0
1790153389,12,TTFT,completion,0.200000,0.000000,2000,2000,2000,2000,2000,2000,2000,2000,2000,2000,2000,5,0,2000,2035.6769946403801,1558.6002820637077,2749.137019040063,0.0
1790153389,12,,Aggregated,0.600000,0.000000,2000,2000,70000,70000,70000,70000,70000,70000,70000,70000,70000,15,0,2000,22783.74119565414,466.97701130788334,69588.20691495202,42.666666666666664
1790153390,12,POST,completion,0.200000,0.000000,70000,70000,70000,70000,70000,70000,70000,70000,70000,70000,70000,5,0,67000,65813.36519783363,62055.84401101805,69588.20691495202,128.0
1790153390,12,TPOT,completion,0.200000,0.000000,530,530,530,530,530,530,530,530,530,530,530,5,0,510,502.1813944884114,466.97701130788334,532.0554592437661,0.0
1790153390,12,TTFT,completion,0.200000,0.000000,2000,2000,2000,2000,2000,2000,2000,2000,2000,2000,2000,5,0,2000,2035.6769946403801,1558.6002820637077,2749.137019040063,0.0
1790153390,12,,Aggregated,0.600000,0.000000,2000,2000,70000,70000,70000,70000,70000,70000,70000,70000,70000,15,0,2000,22783.74119565414,466.97701130788334,69588.20691495202,42.666666666666664
1790153391,12,POST,completion,0.000000,0.000000,73000,73000,73000,73000,73000,73000,73000,73000,73000,73000,73000,7,0,68000,67937.89756527569,62055.84401101805,73364.79434580542,128.0
1790153391,12,TPOT,completion,0.000000,0.000000,550,550,560,560,560,560,560,560,560,560,560,7,0,520,517.5398668856752,466.97701130788334,561.4130677486675,0.0
1790153391,12,TTFT,completion,0.000000,0.000000,2100,2100,3200,3200,3200,3200,3200,3200,3200,3200,3200,7,0,2000,2209.734887017735,1558.6002820637077,3225.061133969575,0.0
1790153391,12,,Aggregated,0.000000,0.000000,2100,3200,70000,73000,73000,73000,73000,73000,73000,73000,73000,21,0,2000,23555.057439726366,466.97701130788334,73364.79434580542,42.666666666666664
1790153392,12,POST,completion,0.000000,0.000000,73000,73000,73000,73000,73000,73000,73000,73000,73000,73000,73000,7,0,68000,67937.89756527569,62055.84401101805,73364.79434580542,128.0
1790153392,12,TPOT,completion,0.000000,0.000000,550,550,560,560,560,560,560,560,560,560,560,7,0,520,517.5398668856752,466.97701130788334,561.4130677486675,0.0
1790153392,12,TTFT,completion,0.000000,0.000000,2100,2100,3200,3200,3200,3200,3200,3200,3200,3200,3200,7,0,2000,2209.734887017735,1558.6002820637077,3225.061133969575,0.0
1790153392,12,,Aggregated,0.000000,0.000000,2100,3200,70000,73000,73000,73000,73000,73000,73000,73000,73000,21,0,2000,23555.057439726366,466.97701130788334,73364.79434580542,42.666666666666664
1790153393,12,POST,completion,0.000000,0.000000,73000,73000,73000,73000,73000,73000,73000,73000,73000,73000,73000,7,0,68000,67937.89756527569,62055.84401101805,73364.79434580542,128.0
1790153393,12,TPOT,completion,0.000000,0.000000,550,550,560,560,560,560,560,560,560,560,560,7,0,520,517.5398668856752,466.97701130788334,561.4130677486675,0.0
1790153393,12,TTFT,completion,0.000000,0.000000,2100,2100,3200,3200,3200,3200,3200,3200,3200,3200,3200,7,0,2000,2209.734887017735,1558.6002820637077,3225.061133969575,0.0
1790153393,12,,Aggregated,0.000000,0.000000,2100,3200,70000,73000,73000,73000,73000,73000,73000,73000,73000,21,0,2000,23555.057439726366,466.97701130788334,73364.79434580542,42.666666666666664
1790153394,12,POST,completion,0.000000,0.000000,73000,73000,73000,73000,73000,73000,73000,73000,73000,73000,73000,7,0,68000,67937.89756527569,62055.84401101805,73364.79434580542,128.0
1790153394,12,TPOT,completion,0.000000,0.000000,560,560,560,560,560,560,560,560,560,560,560,7,0,520,517.5398668856752,466.97701130788334,561.4130677486675,0.0
1790153394,12,TTFT,completion,0.000000,0.000000,3200,3200,3200,3200,3200,3200,3200,3200,3200,3200,3200,7,0,2000,2209.734887017735,1558.6002820637077,3225.061133969575,0.0
1790153394,12,,Aggregated,0.000000,0.000000,3200,3200,73000,73000,73000,73000,73000,73000,73000,73000,73000,21,0,2000,23555.057439726366,466.97701130788334,73364.79434580542,42.666666666666664
1790153395,12,POST,completion,0.000000,0.000000,73000,73000,73000,73000,73000,73000,73000,73000,73000,73000,73000,7,0,68000,67937.89756527569,62055.84401101805,73364.79434580542,128.0
1790153395,12,TPOT,completion,0.000000,0.000000,560,560,560,560,560,560,560,560,560,560,560,7,0,520,517.5398668856752,466.97701130788334,561.4130677486675,0.0
1790153395,12,TTFT,completion,0.000000,0.000000,3200,3200,3200,3200,3200,3200,3200,3200,3200,3200,3200,7,0,2000,2209.734887017735,1558.6002820637077,3225.061133969575,0.0
1790153395,12,,Aggregated,0.000000,0.000000,3200,3200,73000,73000,73000,73000,73000,73000,73000,73000,73000,21,0,2000,23555.057439726366,466.97701130788334,73364.79434580542,42.666666666666664
1790153396,12,POST,completion,0.000000,0.000000,73000,73000,73000,73000,73000,73000,73000,73000,73000,73000,73000,7,0,68000,67937.89756527569,62055.84401101805,73364.79434580542,128.0
1790153396,12,TPOT,completion,0.000000,0.000000,560,560,560,560,560,560,560,560,560,560,560,7,0,520,517.5398668856752,466.97701130788334,561.4130677486675,0.0
1790153396,12,TTFT,completion,0.000000,0.000000,3200,3200,3200,3200,3200,3200,3200,3200,3200,3200,3200,7,0,2000,2209.734887017735,1558.6002820637077,3225.061133969575,0.0
1790153396,12,,Aggregated,0.000000,0.000000,3200,3200,73000,73000,73000,73000,73000,73000,73000,73000,73000,21,0,2000,23555.057439726366,466.97701130788334,73364.79434580542,42.666666666666664
1790153397,12,POST,completion,0.000000,0.000000,73000,73000,73000,73000,73000,73000,73000,73000,73000,73000,73000,7,0,68000,67937.89756527569,62055.84401101805,73364.79434580542,128.0
1790153397,12,TPOT,completion,0.000000,0.000000,560,560,560,560,560,560,560,560,560,560,560,7,0,520,517.5398668856752,466.97701130788334,561.4130677486675,0.0
1790153397,12,TTFT,completion,0.000000,0.000000,3200,3200,3200,3200,3200,3200,3200,3200,3200,3200,3200,7,0,2000,2209.734887017735,1558.6002820637077,3225.061133969575,0.0
1790153397,12,,Aggregated,0.000000,0.000000,3200,3200,73000,73000,73000,73000,73000,73000,73000,73000,73000,21,0,2000,23555.057439726366,466.97701130788334,73364.79434580542,42.666666666666664
1790153398,12,POST,completion,0.000000,0.000000,73000,73000,73000,73000,73000,73000,73000,73000,73000,73000,73000,7,0,68000,67937.89756527569,62055.84401101805,73364.79434580542,128.0
1790153398,12,TPOT,completion,0.000000,0.000000,560,560,560,560,560,560,560,560,560,560,560,7,0,520,517.5398668856752,466.97701130788334,561.4130677486675,0.0
1790153398,12,TTFT,completion,0.000000,0.000000,3200,3200,3200,3200,3200,3200,3200,3200,3200,3200,3200,7,0,2000,2209.734887017735,1558.6002820637077,3225.061133969575,0.0
1790153398,12,,Aggregated,0.000000,0.000000,3200,3200,73000,73000,73000,73000,73000,73000,73000,73000,73000,21,0,2000,23555.057439726366,466.97701130788334,73364.79434580542,42.666666666666664
1790153399,12,POST,completion,0.200000,0.000000,73000,73000,76000,76000,76000,76000,76000,76000,76000,76000,76000,8,0,70000,68890.98247338552,62055.84401101805,75562.57683015428,128.0
1790153399,12,TPOT,completion,0.200000,0.000000,560,560,580,580,580,580,580,580,580,580,580,8,0,530,525.1449802966043,466.97701130788334,578.3807741731083,0.0
1790153399,12,TTFT,completion,0.200000,0.000000,2100,2100,3200,3200,3200,3200,3200,3200,3200,3200,3200,8,0,2100,2196.9634619017597,1558.6002820637077,3225.061133969575,0.0
1790153399,12,,Aggregated,0.600000,0.000000,2100,3200,73000,73000,76000,76000,76000,76000,76000,76000,76000,24,0,2100,23871.030305194625,466.97701130788334,75562.57683015428,42.666666666666664
1790153400,12,POST,completion,0.200000,0.000000,76000,76000,76000,76000,76000,76000,76000,76000,76000,76000,76000,8,0,70000,68890.98247338552,62055.84401101805,75562.57683015428,128.0
1790153400,12,TPOT,completion,0.200000,0.000000,580,580,580,580,580,580,580,580,580,580,580,8,0,530,525.1449802966043,466.97701130788334,578.3807741731083,0.0
1790153400,12,TTFT,completion,0.200000,0.000000,3200,3200,3200,3200,3200,3200,3200,3200,3200,3200,3200,8,0,2100,2196.9634619017597,1558.6002820637077,3225.061133969575,0.0
1790153400,12,,Aggregated,0.600000,0.000000,3200,3200,73000,73000,76000,76000,76000,76000,76000,76000,76000,24,0,2100,23871.030305194625,466.97701130788334,75562.57683015428,42.666666666666664
1790153401,12,POST,completion,0.200000,0.000000,76000,76000,76000,76000,76000,76000,76000,76000,76000,76000,76000,8,0,70000,68890.98247338552,62055.84401101805,75562.57683015428,128.0
1790153401,12,TPOT,completion,0.200000,0.000000,580,580,580,580,580,580,580,580,580,580,580,8,0,530,525.1449802966043,466.97701130788334,578.3807741731083,0.0
1790153401,12,TTFT,completion,0.200000,0.000000,3200,3200,3200,3200,3200,3200,3200,3200,3200,3200,3200,8,0,2100,2196.9634619017597,1558.6002820637077,3225.061133969575,0.0
1790153401,12,,Aggregated,0.600000,0.000000,3200,3200,73000,73000,76000,76000,76000,76000,76000,76000,76000,24,0,2100,23871.030305194625,466.97701130788334,75562.57683015428,42.666666666666664
1790153402,12,POST,completion,0.200000,0.000000,76000,76000,76000,76000,76000,76000,76000,76000,76000,76000,76000,8,0,70000,68890.98247338552,62055.84401101805,75562.57683015428,128.0
1790153402,12,TPOT,completion,0.200000,0.000000,580,580,580,580,580,580,580,580,580,580,580,8,0,530,525.1449802966043,466.97701130788334,578.3807741731083,0.0
1790153402,12,TTFT,completion,0.200000,0.000000,3200,3200,3200,3200,3200,3200,3200,3200,3200,3200,3200,8,0,2100,2196.9634619017597,1558.6002820637077,3225.061133969575,0.0
1790153402,12,,Aggregated,0.600000,0.000000,3200,3200,73000,73000,76000,76000,76000,76000,76000,76000,76000,24,0,2100,23871.030305194625,466.97701130788334,75562.57683015428,42.666666666666664
1790153403,12,POST,completion,0.200000,0.000000,76000,76000,76000,76000,76000,76000,76000,76000,76000,76000,76000,8,0,70000,68890.98247338552,62055.84401101805,75562.57683015428,128.0
1790153403,12,TPOT,completion,0.200000,0.000000,580,580,580,580,580,580,580,580,580,580,580,8,0,530,525.1449802966043,466.97701130788334,578.3807741731083,0.0
1790153403,12,TTFT,completion,0.200000,0.000000,3200,3200,3200,3200,3200,3200,3200,3200,3200,3200,3200,8,0,2100,2196.9634619017597,1558.6002820637077,3225.061133969575,0.0
1790153403,12,,Aggregated,0.600000,0.000000,3200,3200,73000,73000,76000,76000,76000,76000,76000,76000,76000,24,0,2100,23871.030305194625,466.97701130788334,75562.57683015428,42.666666666666664
1790153404,12,POST,completion,0.200000,0.000000,76000,76000,76000,76000,76000,76000,76000,76000,76000,76000,76000,8,0,70000,68890.98247338552,62055.84401101805,75562.57683015428,128.0
1790153404,12,TPOT,completion,0.200000,0.000000,580,580,580,580,580,580,580,580,580,580,580,8,0,530,525.1449802966043,466.97701130788334,578.3807741731083,0.0
1790153404,12,TTFT,completion,0.200000,0.000000,3200,3200,3200,3200,3200,3200,3200,3200,3200,3200,3200,8,0,2100,2196.9634619017597,1558.6002820637077,3225.061133969575,0.0
1790153404,12,,Aggregated,0.600000,0.000000,3200,3200,73000,73000,76000,76000,76000,76000,76000,76000,76000,24,0,2100,23871.030305194625,466.97701130788334,75562.57683015428,42.666666666666664
1790153405,12,POST,completion,0.200000,0.000000,76000,76000,76000,76000,76000,76000,76000,76000,76000,76000,76000,8,0,70000,68890.98247338552,62055.84401101805,75562.57683015428,128.0
1790153405,12,TPOT,completion,0.200000,0.000000,580,580,580,580,580,580,580,580,580,580,580,8,0,530,525.1449802966043,466.97701130788334,578.3807741731083,0.0
1790153405,12,TTFT,completion,0.200000,0.000000,2100,2100,2100,2100,2100,2100,2100,2100,2100,2100,2100,8,0,2100,2196.9634619017597,1558.6002820637077,3225.061133969575,0.0
1790153405,12,,Aggregated,0.600000,0.000000,2100,2100,76000,76000,76000,76000,76000,76000,76000,76000,76000,24,0,2100,23871.030305194625,466.97701130788334,75562.57683015428,42.666666666666664
1790153406,12,POST,completion,0.100000,0.000000,76000,76000,76000,76000,76000,76000,76000,76000,76000,76000,76000,9,0,70000,69677.48788777842,62055.84401101805,75969.53120292164,128.0
1790153406,12,TPOT,completion,0.100000,0.000000,580,580,580,580,580,580,580,580,580,580,580,9,0,530,531.4364311542388,466.97701130788334,581.768038015314,0.0
1790153406,12,TTFT,completion,0.100000,0.000000,2100,2100,2100,2100,2100,2100,2100,2100,2100,2100,2100,9,0,2100,2184.4471189089945,1558.6002820637077,3225.061133969575,0.0
1790153406,12,,Aggregated,0.300000,0.000000,2100,2100,76000,76000,76000,76000,76000,76000,76000,76000,76000,27,0,2100,24131.123812613885,466.97701130788334,75969.53120292164,42.666666666666664
1790153407,12,POST,completion,0.100000,0.000000,76000,76000,76000,76000,76000,76000,76000,76000,76000,76000,76000,9,0,70000,69677.48788777842,62055.84401101805,75969.53120292164,128.0
1790153407,12,TPOT,completion,0.100000,0.000000,580,580,580,580,580,580,580,580,580,580,580,9,0,530,531.4364311542388,466.97701130788334,581.768038015314,0.0
1790153407,12,TTFT,completion,0.100000,0.000000,2100,2100,2100,2100,2100,2100,2100,2100,2100,2100,2100,9,0,2100,2184.4471189089945,1558.6002820637077,3225.061133969575,0.0
1790153407,12,,Aggregated,0.300000,0.000000,2100,2100,76000,76000,76000,76000,76000,76000,76000,76000,76000,27,0,2100,24131.123812613885,466.97701130788334,75969.53120292164,42.666666666666664
1790153408,12,POST,completion,0.100000,0.000000,76000,76000,76000,76000,76000,76000,76000,76000,76000,76000,76000,9,0,70000,69677.48788777842,62055.84401101805,75969.53120292164,128.0
1790153408,12,TPOT,completion,0.100000,0.000000,580,580,580,580,580,580,580,580,580,580,580,9,0,530,531.4364311542388,466.97701130788334,581.768038015314,0.0
1790153408,12,TTFT,completion,0.100000,0.000000,2100,2100,2100,2100,2100,2100,2100,2100,2100,2100,2100,9,0,2100,2184.4471189089945,1558.6002820637077,3225.061133969575,0.0
1790153408,12,,Aggregated,0.300000,0.000000,2100,2100,76000,76000,76000,76000,76000,76000,76000,76000,76000,27,0,2100,24131.123812613885,466.97701130788334,75969.53120292164,42.666666666666664
1790153409,12,POST,completion,0.100000,0.000000,76000,76000,76000,76000,76000,76000,76000,76000,76000,76000,76000,9,0,70000,69677.48788777842,62055.84401101805,75969.53120292164,128.0
1790153409,12,TPOT,completion,0.100000,0.000000,580,580,580,580,580,580,580,580,580,580,580,9,0,530,531.4364311542388,466.97701130788334,581.768038015314,0.0
1790153409,12,TTFT,completion,0.100000,0.000000,2100,2100,2100,2100,2100,2100,2100,2100,2100,2100,2100,9,0,2100,2184.4471189089945,1558.6002820637077,3225.061133969575,0.0
1790153409,12,,Aggregated,0.300000,0.000000,2100,2100,76000,76000,76000,76000,76000,76000,76000,76000,76000,27,0,2100,24131.123812613885,466.97701130788334,75969.53120292164,42.666666666666664
1790153410,12,POST,completion,0.100000,0.000000,76000,76000,76000,76000,76000,76000,76000,76000,76000,76000,76000,9,0,70000,69677.48788777842,62055.84401101805,75969.53120292164,128.0
1790153410,12,TPOT,completion,0.100000,0.000000,580,580,580,580,580,580,580,580,580,580,580,9,0,530,531.4364311542388,466.97701130788334,581.768038015314,0.0
1790153410,12,TTFT,completion,0.100000,0.000000,2100,2100,2100,2100,2100,2100,2100,2100,2100,2100,2100,9,0,2100,2184.4471189089945,1558.6002820637077,3225.061133969575,0.0
1790153410,12,,Aggregated,0.300000,0.000000,2100,2100,76000,76000,76000,76000,76000,76000,76000,76000,76000,27,0,2100,24131.123812613885,466.97701130788334,75969.53120292164,42.666666666666664
1790153411,12,POST,completion,0.100000,0.000000,76000,76000,76000,76000,76000,76000,76000,76000,76000,76000,76000,9,0,70000,69677.48788777842,62055.84401101805,75969.53120292164,128.0
1790153411,12,TPOT,completion,0.100000,0.000000,580,580,580,580,580,580,580,580,580,580,580,9,0,530,531.4364311542388,466.97701130788334,581.768038015314,0.0
1790153411,12,TTFT,completion,0.100000,0.000000,2100,2100,2100,2100,2100,2100,2100,2100,2100,2100,2100,9,0,2100,2184.4471189089945,1558.6002820637077,3225.061133969575,0.0
1790153411,12,,Aggregated,0.300000,0.000000,2100,2100,76000,76000,76000,76000,76000,76000,76000,76000,76000,27,0,2100,24131.123812613885,466.97701130788334,75969.53120292164,42.666666666666664
1790153412,12,POST,completion,0.100000,0.000000,76000,76000,76000,76000,76000,76000,76000,76000,76000,76000,76000,9,0,70000,69677.48788777842,62055.84401101805,75969.53120292164,128.0
1790153412,12,TPOT,completion,0.100000,0.000000,580,580,580,580,580,580,580,580,580,580,580,9,0,530,531.4364311542388,466.97701130788334,581.768038015314,0.0
1790153412,12,TTFT,completion,0.100000,0.000000,2100,2100,2100,2100,2100,2100,2100,2100,2100,2100,2100,9,0,2100,2184.4471189089945,1558.6002820637077,3225.061133969575,0.0
1790153412,12,,Aggregated,0.300000,0.000000,2100,2100,76000,76000,76000,76000,76000,76000,76000,76000,76000,27,0,2100,24131.123812613885,466.97701130788334,75969.53120292164,42.666666666666664
1790153413,12,POST,completion,0.100000,0.000000,73000,73000,76000,76000,76000,76000,76000,76000,76000,76000,76000,11,0,72000,70156.2215864489,62055.84401101805,75969.53120292164,128.0
1790153413,12,TPOT,completion,0.100000,0.000000,550,550,580,580,580,580,580,580,580,580,580,11,0,540,534.0769827352874,466.97701130788334,581.768038015314,0.0
1790153413,12,TTFT,completion,0.100000,0.000000,2500,2500,3400,3400,3400,3400,3400,3400,3400,3400,3400,11,0,2100,2327.8523400341246,1558.6002820637077,3415.033427067101,0.0
1790153413,12,,Aggregated,0.300000,0.000000,2500,3400,72000,73000,76000,76000,76000,76000,76000,76000,76000,33,0,2100,24339.3836364061,466.97701130788334,75969.53120292164,42.666666666666664
1790153414,12,POST,completion,0.100000,0.000000,73000,73000,76000,76000,76000,76000,76000,76000,76000,76000,76000,11,0,72000,70156.2215864489,62055.84401101805,75969.53120292164,128.0
1790153414,12,TPOT,completion,0.100000,0.000000,550,550,580,580,580,580,580,580,580,580,580,11,0,540,534.0769827352874,466.97701130788334,581.768038015314,0.0
1790153414,12,TTFT,completion,0.100000,0.000000,2500,2500,3400,3400,3400,3400,3400,3400,3400,3400,3400,11,0,2100,2327.8523400341246,1558.6002820637077,3415.033427067101,0.0
1790153414,12,,Aggregated,0.300000,0.000000,2500,3400,72000,73000,76000,76000,76000,76000,76000,76000,76000,33,0,2100,24339.3836364061,466.97701130788334,75969.53120292164,42.666666666666664
1790153415,12,POST,completion,0.100000,0.000000,73000,73000,76000,76000,76000,76000,76000,76000,76000,76000,76000,11,0,72000,70156.2215864489,62055.84401101805,75969.53120292164,128.0
1790153415,12,TPOT,completion,0.100000,0.000000,550,550,580,580,580,580,580,580,580,580,580,11,0,540,534.0769827352874,466.97701130788334,581.768038015314,0.0
1790153415,12,TTFT,completion,0.100000,0.000000,2500,2500,3400,3400,3400,3400,3400,3400,3400,3400,3400,11,0,2100,2327.8523400341246,1558.6002820637077,3415.033427067101,0.0
1790153415,12,,Aggregated,0.300000,0.000000,2500,3400,72000,73000,76000,76000,76000,76000,76000,76000,76000,33,0,2100,24339.3836364061,466.97701130788334,75969.53120292164,42.666666666666664
1790153416,12,POST,completion,0.100000,0.000000,73000,73000,76000,76000,76000,76000,76000,76000,76000,76000,76000,11,0,72000,70156.2215864489,62055.84401101805,75969.53120292164,128.0
1790153416,12,TPOT,completion,0.100000,0.000000,550,550,580,580,580,580,580,580,580,580,580,11,0,540,534.0769827352874,466.97701130788334,581.768038015314,0.0
1790153416,12,TTFT,completion,0.100000,0.000000,2500,2500,3400,3400,3400,3400,3400,3400,3400,3400,3400,11,0,2100,2327.8523400341246,1558.6002820637077,3415.033427067101,0.0
1790153416,12,,Aggregated,0.300000,0.000000,2500,3400,72000,73000,76000,76000,76000,76000,76000,76000,76000,33,0,2100,24339.3836364061,466.97701130788334,75969.53120292164,42.666666666666664
1790153417,12,POST,completion,0.100000,0.000000,73000,73000,76000,76000,76000,76000,76000,76000,76000,76000,76000,11,0,72000,70156.2215864489,62055.84401101805,75969.53120292164,128.0
1790153417,12,TPOT,completion,0.100000,0.000000,550,550,580,580,580,580,580,580,580,580,580,11,0,540,534.0769827352874,466.97701130788334,581.768038015314,0.0
1790153417,12,TTFT,completion,0.100000,0.000000,2500,2500,3400,3400,3400,3400,3400,3400,3400,3400,3400,11,0,2100,2327.8523400341246,1558.6002820637077,3415.033427067101,0.0
1790153417,12,,Aggregated,0.300000,0.000000,2500,3400,72000,73000,76000,76000,76000,76000,76000,76000,76000,33,0,2100,24339.3836364061,466.97701130788334,75969.53120292164,42.666666666666664
1790153418,12,POST,completion,0.100000,0.000000,73000,73000,76000,76000,76000,76000,76000,76000,76000,76000,76000,11,0,72000,70156.2215864489,62055.84401101805,75969.53120292164,128.0
1790153418,12,TPOT,completion,0.100000,0.000000,550,550,580,580,580,580,580,580,580,580,580,11,0,540,534.0769827352874,466.97701130788334,581.768038015314,0.0
1790153418,12,TTFT,completion,0.100000,0.000000,2500,2500,3400,3400,3400,3400,3400,3400,3400,3400,3400,11,0,2100,2327.8523400341246,1558.6002820637077,3415.033427067101,0.0
1790153418,12,,Aggregated,0.300000,0.000000,2500,3400,72000,73000,76000,76000,76000,76000,76000,76000,76000,33,0,2100,24339.3836364061,466.97701130788334,75969.53120292164,42.666666666666664
1790153419,12,POST,completion,0.100000,0.000000,73000,73000,73000,73000,73000,73000,73000,73000,73000,73000,73000,11,0,72000,70156.2215864489,62055.84401101805,75969.53120292164,128.0
1790153419,12,TPOT,completion,0.100000,0.000000,550,550,550,550,550,550,550,550,550,550,550,11,0,540,534.0769827352874,466.97701130788334,581.768038015314,0.0
1790153419,12,TTFT,completion,0.100000,0.000000,3400,3400,3400,3400,3400,3400,3400,3400,3400,3400,3400,11,0,2100,2327.8523400341246,1558.6002820637077,3415.033427067101,0.0
1790153419,12,,Aggregated,0.300000,0.000000,3400,3400,72000,72000,73000,73000,73000,73000,73000,73000,73000,33,0,2100,24339.3836364061,466.97701130788334,75969.53120292164,42.666666666666664
1790153420,12,POST,completion,0.100000,0.000000,73000,73000,73000,73000,73000,73000,73000,73000,73000,73000,73000,11,0,72000,70156.2215864489,62055.84401101805,75969.53120292164,128.0
1790153420,12,TPOT,completion,0.100000,0.000000,550,550,550,550,550,550,550,550,550,550,550,11,0,540,534.0769827352874,466.97701130788334,581.768038015314,0.0
1790153420,12,TTFT,completion,0.100000,0.000000,3400,3400,3400,3400,3400,3400,3400,3400,3400,3400,3400,11,0,2100,2327.8523400341246,1558.6002820637077,3415.033427067101,0.0
1790153420,12,,Aggregated,0.300000,0.000000,3400,3400,72000,72000,73000,73000,73000,73000,73000,73000,73000,33,0,2100,24339.3836364061,466.97701130788334,75969.53120292164,42.666666666666664
1790153421,12,POST,completion,0.100000,0.000000,73000,73000,73000,73000,73000,73000,73000,73000,73000,73000,73000,11,0,72000,70156.2215864489,62055.84401101805,75969.53120292164,128.0
1790153421,12,TPOT,completion,0.100000,0.000000,550,550,550,550,550,550,550,550,550,550,550,11,0,540,534.0769827352874,466.97701130788334,581.768038015314,0.0
1790153421,12,TTFT,completion,0.100000,0.000000,3400,3400,3400,3400,3400,3400,3400,3400,3400,3400,3400,11,0,2100,2327.8523400341246,1558.6002820637077,3415.033427067101,0.0
1790153421,12,,Aggregated,0.300000,0.000000,3400,3400,72000,72000,73000,73000,73000,73000,73000,73000,73000,33,0,2100,24339.3836364061,466.97701130788334,75969.53120292164,42.666666666666664
1790153422,12,POST,completion,0.200000,0.000000,72000,72000,73000,73000,73000,73000,73000,73000,73000,73000,73000,12,0,72000,70102.1064336722,62055.84401101805,75969.53120292164,128.0
1790153422,12,TPOT,completion,0.200000,0.000000,540,540,550,550,550,550,550,550,550,550,550,12,0,540,533.8464183315788,466.97701130788334,581.768038015314,0.0
1790153422,12,TTFT,completion,0.200000,0.000000,2500,2500,3400,3400,3400,3400,3400,3400,3400,3400,3400,12,0,2100,2303.0186337806904,1558.6002820637077,3415.033427067101,0.0
1790153422,12,,Aggregated,0.600000,0.000000,2500,3400,70000,72000,73000,73000,73000,73000,73000,73000,73000,36,0,2100,24312.99049526149,466.97701130788334,75969.53120292164,42.666666666666664
1790153423,12,POST,completion,0.200000,0.000000,72000,72000,73000,73000,73000,73000,73000,73000,73000,73000,73000,12,0,72000,70102.1064336722,62055.84401101805,75969.53120292164,128.0
1790153423,12,TPOT,completion,0.200000,0.000000,540,540,550,550,550,550,550,550,550,550,550,12,0,540,533.8464183315788,466.97701130788334,581.768038015314,0.0
1790153423,12,TTFT,completion,0.200000,0.000000,2500,2500,3400,3400,3400,3400,3400,3400,3400,3400,3400,12,0,2100,2303.0186337806904,1558.6002820637077,3415.033427067101,0.0
1790153423,12,,Aggregated,0.600000,0.000000,2500,3400,70000,72000,73000,73000,73000,73000,73000,73000,73000,36,0,2100,24312.99049526149,466.97701130788334,75969.53120292164,42.666666666666664
1790153424,12,POST,completion,0.200000,0.000000,72000,72000,73000,73000,73000,73000,73000,73000,73000,73000,73000,12,0,72000,70102.1064336722,62055.84401101805,75969.53120292164,128.0
1790153424,12,TPOT,completion,0.200000,0.000000,540,540,550,550,550,550,550,550,550,550,550,12,0,540,533.8464183315788,466.97701130788334,581.768038015314,0.0
1790153424,12,TTFT,completion,0.200000,0.000000,2500,2500,3400,3400,3400,3400,3400,3400,3400,3400,3400,12,0,2100,2303.0186337806904,1558.6002820637077,3415.033427067101,0.0
1790153424,12,,Aggregated,0.600000,0.000000,2500,3400,70000,72000,73000,73000,73000,73000,73000,73000,73000,36,0,2100,24312.99049526149,466.97701130788334,75969.53120292164,42.666666666666664
1790153425,12,POST,completion,0.300000,0.000000,72000,72000,73000,73000,73000,73000,73000,73000,73000,73000,73000,13,0,70000,69972.03482900604,62055.84401101805,75969.53120292164,128.0
1790153425,12,TPOT,completion,0.300000,0.000000,540,540,550,550,550,550,550,550,550,550,550,13,0,530,531.9436683562352,466.97701130788334,581.768038015314,0.0
1790153425,12,TTFT,completion,0.300000,0.000000,3400,3400,3800,3800,3800,3800,3800,3800,3800,3800,3800,13,0,2100,2414.593624112268,1558.6002820637077,3753.4935080911964,0.0
1790153425,12,,Aggregated,0.900000,0.000000,3400,3800,70000,70000,72000,73000,73000,73000,73000,73000,73000,39,0,2100,24306.190707158174,466.97701130788334,75969.53120292164,42.666666666666664
1790153426,12,POST,completion,0.300000,0.000000,70000,72000,72000,73000,73000,73000,73000,73000,73000,73000,73000,14,0,70000,69917.76834607923,62055.84401101805,75969.53120292164,128.0
1790153426,12,TPOT,completion,0.300000,0.000000,530,540,540,550,550,550,550,550,550,550,550,14,0,530,530.1573615956211,466.97701130788334,581.768038015314,0.0
1790153426,12,TTFT,completion,0.300000,0.000000,3400,3800,3800,4800,4800,4800,4800,4800,4800,4800,4800,14,0,2100,2587.1875798994943,1558.6002820637077,4830.909005133435,0.0
1790153426,12,,Aggregated,0.900000,0.000000,3400,4800,69000,70000,72000,73000,73000,73000,73000,73000,73000,42,0,2100,24345.03776252478,466.97701130788334,75969.53120292164,42.666666666666664
1790153427,12,POST,completion,0.300000,0.000000,69000,69000,70000,70000,70000,70000,70000,70000,70000,70000,70000,14,0,70000,69917.76834607923,62055.84401101805,75969.53120292164,128.0
1790153427,12,TPOT,completion,0.300000,0.000000,510,510,530,530,530,530,530,530,530,530,530,14,0,530,530.1573615956211,466.97701130788334,581.768038015314,0.0
1790153427,12,TTFT,completion,0.300000,0.000000,3800,3800,4800,4800,4800,4800,4800,4800,4800,4800,4800,14,0,2100,2587.1875798994943,1558.6002820637077,4830.909005133435,0.0
1790153427,12,,Aggregated,0.900000,0.000000,3800,4800,68000,69000,70000,70000,70000,70000,70000,70000,70000,42,0,2100,24345.03776252478,466.97701130788334,75969.53120292164,42.666666666666664
1790153428,12,POST,completion,0.300000,0.000000,69000,69000,70000,70000,70000,70000,70000,70000,70000,70000,70000,14,0,70000,69917.76834607923,62055.84401101805,75969.53120292164,128.0
1790153428,12,TPOT,completion,0.300000,0.000000,510,510,530,530,530,530,530,530,530,530,530,14,0,530,530.1573615956211,466.97701130788334,581.768038015314,0.0
1790153428,12,TTFT,completion,0.300000,0.000000,3800,3800,4800,4800,4800,4800,4800,4800,4800,4800,4800,14,0,2100,2587.1875798994943,1558.6002820637077,4830.909005133435,0.0
1790153428,12,,Aggregated,0.900000,0.000000,3800,4800,68000,69000,70000,70000,70000,70000,70000,70000,70000,42,0,2100,24345.03776252478,466.97701130788334,75969.53120292164,42.666666666666664
1790153429,12,POST,completion,0.300000,0.000000,69000,69000,70000,70000,70000,70000,70000,70000,70000,70000,70000,14,0,70000,69917.76834607923,62055.84401101805,75969.53120292164,128.0
1790153429,12,TPOT,completion,0.300000,0.000000,510,510,530,530,530,530,530,530,530,530,530,14,0,530,530.1573615956211,466.97701130788334,581.768038015314,0.0
1790153429,12,TTFT,completion,0.300000,0.000000,3800,3800,4800,4800,4800,4800,4800,4800,4800,4800,4800,14,0,2100,2587.1875798994943,1558.6002820637077,4830.909005133435,0.0
1790153429,12,,Aggregated,0.900000,0.000000,3800,4800,68000,69000,70000,70000,70000,70000,70000,70000,70000,42,0,2100,24345.03776252478,466.97701130788334,75969.53120292164,42.666666666666664
1790153430,12,POST,completion,0.300000,0.000000,69000,69000,70000,70000,70000,70000,70000,70000,70000,70000,70000,14,0,70000,69917.76834607923,62055.84401101805,75969.53120292164,128.0
1790153430,12,TPOT,completion,0.300000,0.000000,510,510,530,530,530,530,530,530,530,530,530,14,0,530,530.1573615956211,466.97701130788334,581.768038015314,0.0
1790153430,12,TTFT,completion,0.300000,0.000000,3800,3800,4800,4800,4800,4800,4800,4800,4800,4800,4800,14,0,2100,2587.1875798994943,1558.6002820637077,4830.909005133435,0.0
1790153430,12,,Aggregated,0.900000,0.000000,3800,4800,68000,69000,70000,70000,70000,70000,70000,70000,70000,42,0,2100,24345.03776252478,466.97701130788334,75969.53120292164,42.666666666666664
1790153431,12,POST,completion,0.300000,0.000000,69000,69000,70000,70000,70000,70000,70000,70000,70000,70000,70000,14,0,70000,69917.76834607923,62055.84401101805,75969.53120292164,128.0
1790153431,12,TPOT,completion,0.300000,0.000000,510,510,530,530,530,530,530,530,530,530,530,14,0,530,530.1573615956211,466.97701130788334,581.768038015314,0.0
1790153431,12,TTFT,completion,0.300000,0.000000,3800,3800,4800,4800,4800,4800,4800,4800,4800,4800,4800,14,0,2100,2587.1875798994943,1558.6002820637077,4830.909005133435,0.0
1790153431,12,,Aggregated,0.900000,0.000000,3800,4800,68000,69000,70000,70000,70000,70000,70000,70000,70000,42,0,2100,24345.03776252478,466.97701130788334,75969.53120292164,42.666666666666664
1790153432,12,POST,completion,0.300000,0.000000,69000,69000,70000,70000,70000,70000,70000,70000,70000,70000,70000,14,0,70000,69917.76834607923,62055.84401101805,75969.53120292164,128.0
1790153432,12,TPOT,completion,0.300000,0.000000,510,510,530,530,530,530,530,530,530,530,530,14,0,530,530.1573615956211,466.97701130788334,581.768038015314,0.0
1790153432,12,TTFT,completion,0.300000,0.000000,3800,3800,4800,4800,4800,4800,4800,4800,4800,4800,4800,14,0,2100,2587.1875798994943,1558.6002820637077,4830.909005133435,0.0
1790153432,12,,Aggregated,0.900000,0.000000,3800,4800,68000,69000,70000,70000,70000,70000,70000,70000,70000,42,0,2100,24345.03776252478,466.97701130788334,75969.53120292164,42.666666666666664
1790153433,12,POST,completion,0.300000,0.000000,69000,69000,69000,69000,69000,69000,69000,69000,69000,69000,69000,14,0,70000,69917.76834607923,62055.84401101805,75969.53120292164,128.0
1790153433,12,TPOT,completion,0.300000,0.000000,510,510,510,510,510,510,510,510,510,510,510,14,0,530,530.1573615956211,466.97701130788334,581.768038015314,0.0
1790153433,12,TTFT,completion,0.300000,0.000000,4800,4800,4800,4800,4800,4800,4800,4800,4800,4800,4800,14,0,2100,2587.1875798994943,1558.6002820637077,4830.909005133435,0.0
1790153433,12,,Aggregated,0.900000,0.000000,4800,4800,68000,68000,69000,69000,69000,69000,69000,69000,69000,42,0,2100,24345.03776252478,466.97701130788334,75969.53120292164,42.666666666666664
1790153434,12,POST,completion,0.300000,0.000000,69000,69000,69000,69000,69000,69000,69000,69000,69000,69000,69000,14,0,70000,69917.76834607923,62055.84401101805,75969.53120292164,128.0
1790153434,12,TPOT,completion,0.300000,0.000000,510,510,510,510,510,510,510,510,510,510,510,14,0,530,530.1573615956211,466.97701130788334,581.768038015314,0.0
1790153434,12,TTFT,completion,0.300000,0.000000,4800,4800,4800,4800,4800,4800,4800,4800,4800,4800,4800,14,0,2100,2587.1875798994943,1558.6002820637077,4830.909005133435,0.0
1790153434,12,,Aggregated,0.900000,0.000000,4800,4800,68000,68000,69000,69000,69000,69000,69000,69000,69000,42,0,2100,24345.03776252478,466.97701130788334,75969.53120292164,42.666666666666664
1790153435,12,POST,completion,0.200000,0.000000,68000,68000,69000,69000,69000,69000,69000,69000,69000,69000,69000,15,0,70000,69613.7276836671,62055.84401101805,75969.53120292164,128.0
1790153435,12,TPOT,completion,0.200000,0.000000,510,510,510,510,510,510,510,510,510,510,510,15,0,530,528.099202775834,466.97701130788334,581.768038015314,0.0
1790153435,12,TTFT,completion,0.200000,0.000000,3800,3800,4800,4800,4800,4800,4800,4800,4800,4800,4800,15,0,2100,2544.5299179758877,1558.6002820637077,4830.909005133435,0.0
1790153435,12,,Aggregated,0.600000,0.000000,3800,4800,65000,68000,69000,69000,69000,69000,69000,69000,69000,45,0,2100,24228.785601472937,466.97701130788334,75969.53120292164,42.666666666666664
1790153436,12,POST,completion,0.200000,0.000000,68000,68000,69000,69000,69000,69000,69000,69000,69000,69000,69000,15,0,70000,69613.7276836671,62055.84401101805,75969.53120292164,128.0
1790153436,12,TPOT,completion,0.200000,0.000000,510,510,510,510,510,510,510,510,510,510,510,15,0,530,528.099202775834,466.97701130788334,581.768038015314,0.0
1790153436,12,TTFT,completion,0.200000,0.000000,3800,3800,4800,4800,4800,4800,4800,4800,4800,4800,4800,15,0,2100,2544.5299179758877,1558.6002820637077,4830.909005133435,0.0
1790153436,12,,Aggregated,0.600000,0.000000,3800,4800,65000,68000,69000,69000,69000,69000,69000,69000,69000,45,0,2100,24228.785601472937,466.97701130788334,75969.53120292164,42.666666666666664
1790153437,12,POST,completion,0.200000,0.000000,68000,68000,69000,69000,69000,69000,69000,69000,69000,69000,69000,15,0,70000,69613.7276836671,62055.84401101805,75969.53120292164,128.0
1790153437,12,TPOT,completion,0.200000,0.000000,510,510,510,510,510,510,510,510,510,510,510,15,0,530,528.099202775834,466.97701130788334,581.768038015314,0.0
1790153437,12,TTFT,completion,0.200000,0.000000,3800,3800,4800,4800,4800,4800,4800,4800,4800,4800,4800,15,0,2100,2544.5299179758877,1558.6002820637077,4830.909005133435,0.0
1790153437,12,,Aggregated,0.600000,0.000000,3800,4800,65000,68000,69000,69000,69000,69000,69000,69000,69000,45,0,2100,24228.785601472937,466.97701130788334,75969.53120292164,42.666666666666664
1790153438,12,POST,completion,0.200000,0.000000,68000,68000,69000,69000,69000,69000,69000,69000,69000,69000,69000,15,0,70000,69613.7276836671,62055.84401101805,75969.53120292164,128.0
1790153438,12,TPOT,completion,0.200000,0.000000,510,510,510,510,510,510,510,510,510,510,510,15,0,530,528.099202775834,466.97701130788334,581.768038015314,0.0
1790153438,12,TTFT,completion,0.200000,0.000000,3800,3800,4800,4800,4800,4800,4800,4800,4800,4800,4800,15,0,2100,2544.5299179758877,1558.6002820637077,4830.909005133435,0.0
1790153438,12,,Aggregated,0.600000,0.000000,3800,4800,65000,68000,69000,69000,69000,69000,69000,69000,69000,45,0,2100,24228.785601472937,466.97701130788334,75969.53120292164,42.666666666666664
1790153439,12,POST,completion,0.100000,0.000000,68000,68000,69000,69000,69000,69000,69000,69000,69000,69000,69000,16,0,70000,69327.64610863524,62055.84401101805,75969.53120292164,128.0
1790153439,12,TPOT,completion,0.100000,0.000000,510,510,510,510,510,510,510,510,510,510,510,16,0,530,526.1409455378894,466.97701130788334,581.768038015314,0.0
1790153439,12,TTFT,completion,0.100000,0.000000,3800,3800,4800,4800,4800,4800,4800,4800,4800,4800,4800,16,0,2100,2507.146665797336,1558.6002820637077,4830.909005133435,0.0
1790153439,12,,Aggregated,0.300000,0.000000,3800,4800,65000,65000,68000,69000,69000,69000,69000,69000,69000,48,0,2100,24120.311239990155,466.97701130788334,75969.53120292164,42.666666666666664
1790153440,12,POST,completion,0.100000,0.000000,65000,65000,65000,65000,65000,65000,65000,65000,65000,65000,65000,16,0,70000,69327.64610863524,62055.84401101805,75969.53120292164,128.0
1790153440,12,TPOT,completion,0.100000,0.000000,500,500,500,500,500,500,500,500,500,500,500,16,0,530,526.1409455378894,466.97701130788334,581.768038015314,0.0
1790153440,12,TTFT,completion,0.100000,0.000000,1900,1900,1900,1900,1900,1900,1900,1900,1900,1900,1900,16,0,2100,2507.146665797336,1558.6002820637077,4830.909005133435,0.0
1790153440,12,,Aggregated,0.300000,0.000000,1900,1900,65000,65000,65000,65000,65000,65000,65000,65000,65000,48,0,2100,24120.311239990155,466.97701130788334,75969.53120292164,42.666666666666664
1790153441,12,POST,completion,0.100000,0.000000,65000,65000,65000,65000,65000,65000,65000,65000,65000,65000,65000,16,0,70000,69327.64610863524,62055.84401101805,75969.53120292164,128.0
1790153441,12,TPOT,completion,0.100000,0.000000,500,500,500,500,500,500,500,500,500,500,500,16,0,530,526.1409455378894,466.97701130788334,581.768038015314,0.0
1790153441,12,TTFT,completion,0.100000,0.000000,1900,1900,1900,1900,1900,1900,1900,1900,1900,1900,1900,16,0,2100,2507.146665797336,1558.6002820637077,4830.909005133435,0.0
1790153441,12,,Aggregated,0.300000,0.000000,1900,1900,65000,65000,65000,65000,65000,65000,65000,65000,65000,48,0,2100,24120.311239990155,466.97701130788334,75969.53120292164,42.666666666666664
1790153442,12,POST,completion,0.100000,0.000000,65000,65000,65000,65000,65000,65000,65000,65000,65000,65000,65000,16,0,70000,69327.64610863524,62055.84401101805,75969.53120292164,128.0
1790153442,12,TPOT,completion,0.100000,0.000000,500,500,500,500,500,500,500,500,500,500,500,16,0,530,526.1409455378894,466.97701130788334,581.768038015314,0.0
1790153442,12,TTFT,completion,0.100000,0.000000,1900,1900,1900,1900,1900,1900,1900,1900,1900,1900,1900,16,0,2100,2507.146665797336,1558.6002820637077,4830.909005133435,0.0
1790153442,12,,Aggregated,0.300000,0.000000,1900,1900,65000,65000,65000,65000,65000,65000,65000,65000,65000,48,0,2100,24120.311239990155,466.97701130788334,75969.53120292164,42.666666666666664
1790153443,12,POST,completion,0.100000,0.000000,65000,65000,65000,65000,65000,65000,65000,65000,65000,65000,65000,16,0,70000,69327.64610863524,62055.84401101805,75969.53120292164,128.0
1790153443,12,TPOT,completion,0.100000,0.000000,500,500,500,500,500,500,500,500,500,500,500,16,0,530,526.1409455378894,466.97701130788334,581.768038015314,0.0
1790153443,12,TTFT,completion,0.100000,0.000000,1900,1900,1900,1900,1900,1900,1900,1900,1900,1900,1900,16,0,2100,2507.146665797336,1558.6002820637077,4830.909005133435,0.0
1790153443,12,,Aggregated,0.300000,0.000000,1900,1900,65000,65000,65000,65000,65000,65000,65000,65000,65000,48,0,2100,24120.311239990155,466.97701130788334,75969.53120292164,42.666666666666664
1790153444,12,POST,completion,0.200000,0.000000,65000,65000,65000,65000,65000,65000,65000,65000,65000,65000,65000,17,0,69000,69100.66836735453,62055.84401101805,75969.53120292164,128.0
1790153444,12,TPOT,completion,0.200000,0.000000,500,500,500,500,500,500,500,500,500,500,500,17,0,520,524.4121972862727,466.97701130788334,581.768038015314,0.0
1790153444,12,TTFT,completion,0.200000,0.000000,1900,1900,2400,2400,2400,2400,2400,2400,2400,2400,2400,17,0,2100,2499.7223052744043,1558.6002820637077,4830.909005133435,0.0
1790153444,12,,Aggregated,0.600000,0.000000,1900,2400,65000,65000,65000,65000,65000,65000,65000,65000,65000,51,0,2100,24041.600956638402,466.97701130788334,75969.53120292164,42.666666666666664
1790153445,12,POST,completion,0.200000,0.000000,65000,65000,65000,65000,65000,65000,65000,65000,65000,65000,65000,17,0,69000,69100.66836735453,62055.84401101805,75969.53120292164,128.0
1790153445,12,TPOT,completion,0.200000,0.000000,500,500,500,500,500,500,500,500,500,500,500,17,0,520,524.4121972862727,466.97701130788334,581.768038015314,0.0
1790153445,12,TTFT,completion,0.200000,0.000000,1900,1900,2400,2400,2400,2400,2400,2400,2400,2400,2400,17,0,2100,2499.7223052744043,1558.6002820637077,4830.909005133435,0.0
1790153445,12,,Aggregated,0.600000,0.000000,1900,2400,65000,65000,65000,65000,65000,65000,65000,65000,65000,51,0,2100,24041.600956638402,466.97701130788334,75969.53120292164,42.666666666666664
1790153446,12,POST,completion,0.200000,0.000000,65000,65000,65000,65000,65000,65000,65000,65000,65000,65000,65000,17,0,69000,69100.66836735453,62055.84401101805,75969.53120292164,128.0
1790153446,12,TPOT,completion,0.200000,0.000000,500,500,500,500,500,500,500,500,500,500,500,17,0,520,524.4121972862727,466.97701130788334,581.768038015314,0.0
1790153446,12,TTFT,completion,0.200000,0.000000,2400,2400,2400,2400,2400,2400,2400,2400,2400,2400,2400,17,0,2100,2499.7223052744043,1558.6002820637077,4830.909005133435,0.0
1790153446,12,,Aggregated,0.600000,0.000000,2400,2400,65000,65000,65000,65000,65000,65000,65000,65000,65000,51,0,2100,24041.600956638402,466.97701130788334,75969.53120292164,42.666666666666664
1790153447,12,POST,completion,0.200000,0.000000,65000,65000,65000,65000,65000,65000,65000,65000,65000,65000,65000,17,0,69000,69100.66836735453,62055.84401101805,75969.53120292164,128.0
1790153447,12,TPOT,completion,0.200000,0.000000,500,500,500,500,500,500,500,500,500,500,500,17,0,520,524.4121972862727,466.97701130788334,581.768038015314,0.0
1790153447,12,TTFT,completion,0.200000,0.000000,2400,2400,2400,2400,2400,2400,2400,2400,2400,2400,2400,17,0,2100,2499.7223052744043,1558.6002820637077,4830.909005133435,0.0
1790153447,12,,Aggregated,0.600000,0.000000,2400,2400,65000,65000,65000,65000,65000,65000,65000,65000,65000,51,0,2100,24041.600956638402,466.97701130788334,75969.53120292164,42.666666666666664
1790153448,12,POST,completion,0.200000,0.000000,65000,65000,65000,65000,65000,65000,65000,65000,65000,65000,65000,17,0,69000,69100.66836735453,62055.84401101805,75969.53120292164,128.0
1790153448,12,TPOT,completion,0.200000,0.000000,500,500,500,500,500,500,500,500,500,500,500,17,0,520,524.4121972862727,466.97701130788334,581.768038015314,0.0
1790153448,12,TTFT,completion,0.200000,0.000000,2400,2400,2400,2400,2400,2400,2400,2400,2400,2400,2400,17,0,2100,2499.7223052744043,1558.6002820637077,4830.909005133435,0.0
1790153448,12,,Aggregated,0.600000,0.000000,2400,2400,65000,65000,65000,65000,65000,65000,65000,65000,65000,51,0,2100,24041.600956638402,466.97701130788334,75969.53120292164,42.666666666666664
1790153449,12,POST,completion,0.200000,0.000000,65000,65000,65000,65000,65000,65000,65000,65000,65000,65000,65000,17,0,69000,69100.66836735453,62055.84401101805,75969.53120292164,128.0
1790153449,12,TPOT,completion,0.200000,0.000000,500,500,500,500,500,500,500,500,500,500,500,17,0,520,524.4121972862727,466.97701130788334,581.768038015314,0.0
1790153449,12,TTFT,completion,0.200000,0.000000,2400,2400,2400,2400,2400,2400,2400,2400,2400,2400,2400,17,0,2100,2499.7223052744043,1558.6002820637077,4830.909005133435,0.0
1790153449,12,,Aggregated,0.600000,0.000000,2400,2400,65000,65000,65000,65000,65000,65000,65000,65000,65000,51,0,2100,24041.600956638402,466.97701130788334,75969.53120292164,42.666666666666664
1790153450,12,POST,completion,0.200000,0.000000,65000,65000,65000,65000,65000,65000,65000,65000,65000,65000,65000,17,0,69000,69100.66836735453,62055.84401101805,75969.53120292164,128.0
1790153450,12,TPOT,completion,0.200000,0.000000,500,500,500,500,500,500,500,500,500,500,500,17,0,520,524.4121972862727,466.97701130788334,581.768038015314,0.0
1790153450,12,TTFT,completion,0.200000,0.000000,2400,2400,2400,2400,2400,2400,2400,2400,2400,2400,2400,17,0,2100,2499.7223052744043,1558.6002820637077,4830.909005133435,0.0
1790153450,12,,Aggregated,0.600000,0.000000,2400,2400,65000,65000,65000,65000,65000,65000,65000,65000,65000,51,0,2100,24041.600956638402,466.97701130788334,75969.53120292164,42.666666666666664
1790153451,12,POST,completion,0.200000,0.000000,65000,65000,65000,65000,65000,65000,65000,65000,65000,65000,65000,17,0,69000,69100.66836735453,62055.84401101805,75969.53120292164,128.0
1790153451,12,TPOT,completion,0.200000,0.000000,500,500,500,500,500,500,500,500,500,500,500,17,0,520,524.4121972862727,466.97701130788334,581.768038015314,0.0
1790153451,12,TTFT,completion,0.200000,0.000000,2400,2400,2400,2400,2400,2400,2400,2400,2400,2400,2400,17,0,2100,2499.7223052744043,1558.6002820637077,4830.909005133435,0.0
1790153451,12,,Aggregated,0.600000,0.000000,2400,2400,65000,65000,65000,65000,65000,65000,65000,65000,65000,51,0,2100,24041.600956638402,466.97701130788334,75969.53120292164,42.666666666666664
1790153452,12,POST,completion,0.200000,0.000000,65000,65000,65000,65000,65000,65000,65000,65000,65000,65000,65000,17,0,69000,69100.66836735453,62055.84401101805,75969.53120292164,128.0
1790153452,12,TPOT,completion,0.200000,0.000000,500,500,500,500,500,500,500,500,500,500,500,17,0,520,524.4121972862727,466.97701130788334,581.768038015314,0.0
1790153452,12,TTFT,completion,0.200000,0.000000,2400,2400,2400,2400,2400,2400,2400,2400,2400,2400,2400,17,0,2100,2499.7223052744043,1558.6002820637077,4830.909005133435,0.0
1790153452,12,,Aggregated,0.600000,0.000000,2400,2400,65000,65000,65000,65000,65000,65000,65000,65000,65000,51,0,2100,24041.600956638402,466.97701130788334,75969.53120292164,42.666666666666664
1790153453,12,POST,completion,0.200000,0.000000,65000,65000,65000,65000,65000,65000,65000,65000,65000,65000,65000,17,0,69000,69100.66836735453,62055.84401101805,75969.53120292164,128.0
1790153453,12,TPOT,completion,0.200000,0.000000,500,500,500,500,500,500,500,500,500,500,500,17,0,520,524.4121972862727,466.97701130788334,581.768038015314,0.0
1790153453,12,TTFT,completion,0.200000,0.000000,2400,2400,2400,2400,2400,2400,2400,2400,2400,2400,2400,17,0,2100,2499.7223052744043,1558.6002820637077,4830.909005133435,0.0
1790153453,12,,Aggregated,0.600000,0.000000,2400,2400,65000,65000,65000,65000,65000,65000,65000,65000,65000,51,0,2100,24041.600956638402,466.97701130788334,75969.53120292164,42.666666666666664
1790153454,12,POST,completion,0.200000,0.000000,65000,65000,65000,65000,65000,65000,65000,65000,65000,65000,65000,17,0,69000,69100.66836735453,62055.84401101805,75969.53120292164,128.0
1790153454,12,TPOT,completion,0.200000,0.000000,500,500,500,500,500,500,500,500,500,500,500,17,0,520,524.4121972862727,466.97701130788334,581.768038015314,0.0
1790153454,12,TTFT,completion,0.200000,0.000000,2400,2400,2400,2400,2400,2400,2400,2400,2400,2400,2400,17,0,2100,2499.7223052744043,1558.6002820637077,4830.909005133435,0.0
1790153454,12,,Aggregated,0.600000,0.000000,2400,2400,65000,65000,65000,65000,65000,65000,65000,65000,65000,51,0,2100,24041.600956638402,466.97701130788334,75969.53120292164,42.666666666666664
1790153455,12,POST,completion,0.200000,0.000000,65000,65000,65000,65000,65000,65000,65000,65000,65000,65000,65000,17,0,69000,69100.66836735453,62055.84401101805,75969.53120292164,128.0
1790153455,12,TPOT,completion,0.200000,0.000000,500,500,500,500,500,500,500,500,500,500,500,17,0,520,524.4121972862727,466.97701130788334,581.768038015314,0.0
1790153455,12,TTFT,completion,0.200000,0.000000,2400,2400,2400,2400,2400,2400,2400,2400,2400,2400,2400,17,0,2100,2499.7223052744043,1558.6002820637077,4830.909005133435,0.0
1790153455,12,,Aggregated,0.600000,0.000000,2400,2400,65000,65000,65000,65000,65000,65000,65000,65000,65000,51,0,2100,24041.600956638402,466.97701130788334,75969.53120292164,42.666666666666664
1790153456,12,POST,completion,0.100000,0.000000,65000,65000,65000,65000,65000,65000,65000,65000,65000,65000,65000,18,0,69000,68898.96985856144,62055.84401101805,75969.53120292164,128.0
1790153456,12,TPOT,completion,0.100000,0.000000,500,500,500,500,500,500,500,500,500,500,500,18,0,520,522.7803449208171,466.97701130788334,581.768038015314,0.0
1790153456,12,TTFT,completion,0.100000,0.000000,2600,2600,2600,2600,2600,2600,2600,2600,2600,2600,2600,18,0,2100,2505.263621763637,1558.6002820637077,4830.909005133435,0.0
1790153456,12,,Aggregated,0.300000,0.000000,2600,2600,65000,65000,65000,65000,65000,65000,65000,65000,65000,54,0,2100,23975.67127508196,466.97701130788334,75969.53120292164,42.666666666666664
1790153457,12,POST,completion,0.100000,0.000000,65000,65000,65000,65000,65000,65000,65000,65000,65000,65000,65000,18,0,69000,68898.96985856144,62055.84401101805,75969.53120292164,128.0
1790153457,12,TPOT,completion,0.100000,0.000000,500,500,500,500,500,500,500,500,500,500,500,18,0,520,522.7803449208171,466.97701130788334,581.768038015314,0.0
1790153457,12,TTFT,completion,0.100000,0.000000,2600,2600,2600,2600,2600,2600,2600,2600,2600,2600,2600,18,0,2100,2505.263621763637,1558.6002820637077,4830.909005133435,0.0
1790153457,12,,Aggregated,0.300000,0.000000,2600,2600,65000,65000,65000,65000,65000,65000,65000,65000,65000,54,0,2100,23975.67127508196,466.97701130788334,75969.53120292164,42.666666666666664
1790153458,12,POST,completion,0.000000,0.000000,65000,65000,67000,67000,67000,67000,67000,67000,67000,67000,67000,19,0,68000,68800.7467482239,62055.84401101805,75969.53120292164,128.0
1790153458,12,TPOT,completion,0.000000,0.000000,500,500,500,500,500,500,500,500,500,500,500,19,0,510,521.2706306904294,466.97701130788334,581.768038015314,0.0
1790153458,12,TTFT,completion,0.000000,0.000000,2600,2600,4300,4300,4300,4300,4300,4300,4300,4300,4300,19,0,2100,2598.770803465557,1558.6002820637077,4830.909005133435,0.0
1790153458,12,,Aggregated,0.000000,0.000000,2600,4300,65000,65000,67000,67000,67000,67000,67000,67000,67000,57,0,2100,23973.596060793294,466.97701130788334,75969.53120292164,42.666666666666664
1790153459,12,POST,completion,0.000000,0.000000,65000,65000,67000,67000,67000,67000,67000,67000,67000,67000,67000,19,0,68000,68800.7467482239,62055.84401101805,75969.53120292164,128.0
1790153459,12,TPOT,completion,0.000000,0.000000,500,500,500,500,500,500,500,500,500,500,500,19,0,510,521.2706306904294,466.97701130788334,581.768038015314,0.0
1790153459,12,TTFT,completion,0.000000,0.000000,2600,2600,4300,4300,4300,4300,4300,4300,4300,4300,4300,19,0,2100,2598.770803465557,1558.6002820637077,4830.909005133435,0.0
1790153459,12,,Aggregated,0.000000,0.000000,2600,4300,65000,65000,67000,67000,67000,67000,67000,67000,67000,57,0,2100,23973.596060793294,466.97701130788334,75969.53120292164,42.666666666666664
1790153460,12,POST,completion,0.000000,0.000000,67000,67000,67000,67000,67000,67000,67000,67000,67000,67000,67000,19,0,68000,68800.7467482239,62055.84401101805,75969.53120292164,128.0
1790153460,12,TPOT,completion,0.000000,0.000000,500,500,500,500,500,500,500,500,500,500,500,19,0,510,521.2706306904294,466.97701130788334,581.768038015314,0.0
1790153460,12,TTFT,completion,0.000000,0.000000,4300,4300,4300,4300,4300,4300,4300,4300,4300,4300,4300,19,0,2100,2598.770803465557,1558.6002820637077,4830.909005133435,0.0
1790153460,12,,Aggregated,0.000000,0.000000,4300,4300,65000,65000,67000,67000,67000,67000,67000,67000,67000,57,0,2100,23973.596060793294,466.97701130788334,75969.53120292164,42.666666666666664
1790153461,12,POST,completion,0.000000,0.000000,67000,67000,67000,67000,67000,67000,67000,67000,67000,67000,67000,19,0,68000,68800.7467482239,62055.84401101805,75969.53120292164,128.0
1790153461,12,TPOT,completion,0.000000,0.000000,500,500,500,500,500,500,500,500,500,500,500,19,0,510,521.2706306904294,466.97701130788334,581.768038015314,0.0
1790153461,12,TTFT,completion,0.000000,0.000000,4300,4300,4300,4300,4300,4300,4300,4300,4300,4300,4300,19,0,2100,2598.770803465557,1558.6002820637077,4830.909005133435,0.0
1790153461,12,,Aggregated,0.000000,0.000000,4300,4300,65000,65000,67000,67000,67000,67000,67000,67000,67000,57,0,2100,23973.596060793294,466.97701130788334,75969.53120292164,42.666666666666664
1790153462,12,POST,completion,0.000000,0.000000,67000,67000,67000,67000,67000,67000,67000,67000,67000,67000,67000,19,0,68000,68800.7467482239,62055.84401101805,75969.53120292164,128.0
1790153462,12,TPOT,completion,0.000000,0.000000,500,500,500,500,500,500,500,500,500,500,500,19,0,510,521.2706306904294,466.97701130788334,581.768038015314,0.0
1790153462,12,TTFT,completion,0.000000,0.000000,4300,4300,4300,4300,4300,4300,4300,4300,4300,4300,4300,19,0,2100,2598.770803465557,1558.6002820637077,4830.909005133435,0.0
1790153462,12,,Aggregated,0.000000,0.000000,4300,4300,65000,65000,67000,67000,67000,67000,67000,67000,67000,57,0,2100,23973.596060793294,466.97701130788334,75969.53120292164,42.666666666666664
1790153463,12,POST,completion,0.200000,0.000000,65000,65000,67000,67000,67000,67000,67000,67000,67000,67000,67000,20,0,68000,68556.56444146298,62055.84401101805,75969.53120292164,128.0
1790153463,12,TPOT,completion,0.200000,0.000000,490,490,500,500,500,500,500,500,500,500,500,20,0,510,519.5444969530951,466.97701130788334,581.768038015314,0.0
1790153463,12,TTFT,completion,0.200000,0.000000,2600,2600,4300,4300,4300,4300,4300,4300,4300,4300,4300,20,0,2100,2573.802203591913,1558.6002820637077,4830.909005133435,0.0
1790153463,12,,Aggregated,0.600000,0.000000,2600,4300,64000,65000,67000,67000,67000,67000,67000,67000,67000,60,0,2100,23883.30371400266,466.97701130788334,75969.53120292164,42.666666666666664
1790153464,12,POST,completion,0.200000,0.000000,65000,65000,67000,67000,67000,67000,67000,67000,67000,67000,67000,20,0,68000,68556.56444146298,62055.84401101805,75969.53120292164,128.0
1790153464,12,TPOT,completion,0.200000,0.000000,490,490,500,500,500,500,500,500,500,500,500,20,0,510,519.5444969530951,466.97701130788334,581.768038015314,0.0
1790153464,12,TTFT,completion,0.200000,0.000000,2600,2600,4300,4300,4300,4300,4300,4300,4300,4300,4300,20,0,2100,2573.802203591913,1558.6002820637077,4830.909005133435,0.0
1790153464,12,,Aggregated,0.600000,0.000000,2600,4300,64000,65000,67000,67000,67000,67000,67000,67000,67000,60,0,2100,23883.30371400266,466.97701130788334,75969.53120292164,42.666666666666664
1790153465,12,POST,completion,0.200000,0.000000,65000,65000,67000,67000,67000,67000,67000,67000,67000,67000,67000,20,0,68000,68556.56444146298,62055.84401101805,75969.53120292164,128.0
1790153465,12,TPOT,completion,0.200000,0.000000,490,490,500,500,500,500,500,500,500,500,500,20,0,510,519.5444969530951,466.97701130788334,581.768038015314,0.0
1790153465,12,TTFT,completion,0.200000,0.000000,2600,2600,4300,4300,4300,4300,4300,4300,4300,4300,4300,20,0,2100,2573.802203591913,1558.6002820637077,4830.909005133435,0.0
1790153465,12,,Aggregated,0.600000,0.000000,2600,4300,64000,65000,67000,67000,67000,67000,67000,67000,67000,60,0,2100,23883.30371400266,466.97701130788334,75969.53120292164,42.666666666666664
1790153466,12,POST,completion,0.200000,0.000000,65000,65000,67000,67000,67000,67000,67000,67000,67000,67000,67000,20,0,68000,68556.56444146298,62055.84401101805,75969.53120292164,128.0
1790153466,12,TPOT,completion,0.200000,0.000000,490,490,500,500,500,500,500,500,500,500,500,20,0,510,519.5444969530951,466.97701130788334,581.768038015314,0.0
1790153466,12,TTFT,completion,0.200000,0.000000,2600,2600,4300,4300,4300,4300,4300,4300,4300,4300,4300,20,0,2100,2573.802203591913,1558.6002820637077,4830.909005133435,0.0
1790153466,12,,Aggregated,0.600000,0.000000,2600,4300,64000,65000,67000,67000,67000,67000,67000,67000,67000,60,0,2100,23883.30371400266,466.97701130788334,75969.53120292164,42.666666666666664
1790153467,12,POST,completion,0.200000,0.000000,67000,67000,67000,67000,67000,67000,67000,67000,67000,67000,67000,20,0,68000,68556.56444146298,62055.84401101805,75969.53120292164,128.0
1790153467,12,TPOT,completion,0.200000,0.000000,490,490,490,490,490,490,490,490,490,490,490,20,0,510,519.5444969530951,466.97701130788334,581.768038015314,0.0
1790153467,12,TTFT,completion,0.200000,0.000000,4300,4300,4300,4300,4300,4300,4300,4300,4300,4300,4300,20,0,2100,2573.802203591913,1558.6002820637077,4830.909005133435,0.0
1790153467,12,,Aggregated,0.600000,0.000000,4300,4300,64000,64000,67000,67000,67000,67000,67000,67000,67000,60,0,2100,23883.30371400266,466.97701130788334,75969.53120292164,42.666666666666664
1790153468,12,POST,completion,0.200000,0.000000,67000,67000,67000,67000,67000,67000,67000,67000,67000,67000,67000,20,0,68000,68556.56444146298,62055.84401101805,75969.53120292164,128.0
1790153468,12,TPOT,completion,0.200000,0.000000,490,490,490,490,490,490,490,490,490,490,490,20,0,510,519.5444969530951,466.97701130788334,581.768038015314,0.0
1790153468,12,TTFT,completion,0.200000,0.000000,4300,4300,4300,4300,4300,4300,4300,4300,4300,4300,4300,20,0,2100,2573.802203591913,1558.6002820637077,4830.909005133435,0.0
1790153468,12,,Aggregated,0.600000,0.000000,4300,4300,64000,64000,67000,67000,67000,67000,67000,67000,67000,60,0,2100,23883.30371400266,466.97701130788334,75969.53120292164,42.666666666666664
1790153469,12,POST,completion,0.200000,0.000000,67000,67000,67000,67000,67000,67000,67000,67000,67000,67000,67000,20,0,68000,68556.56444146298,62055.84401101805,75969.53120292164,128.0
1790153469,12,TPOT,completion,0.200000,0.000000,490,490,490,490,490,490,490,490,490,490,490,20,0,510,519.5444969530951,466.97701130788334,581.768038015314,0.0
1790153469,12,TTFT,completion,0.200000,0.000000,4300,4300,4300,4300,4300,4300,4300,4300,4300,4300,4300,20,0,2100,2573.802203591913,1558.6002820637077,4830.909005133435,0.0
1790153469,12,,Aggregated,0.600000,0.000000,4300,4300,64000,64000,67000,67000,67000,67000,67000,67000,67000,60,0,2100,23883.30371400266,466.97701130788334,75969.53120292164,42.666666666666664
1790153470,12,POST,completion,0.200000,0.000000,64000,64000,64000,64000,64000,64000,64000,64000,64000,64000,64000,21,0,68000,68346.03364462964,62055.84401101805,75969.53120292164,128.0
1790153470,12,TPOT,completion,0.200000,0.000000,490,490,490,490,490,490,490,490,490,490,490,21,0,510,517.9610469736987,466.97701130788334,581.768038015314,0.0
1790153470,12,TTFT,completion,0.200000,0.000000,2400,2400,2400,2400,2400,2400,2400,2400,2400,2400,2400,21,0,2100,2564.3692818980307,1558.6002820637077,4830.909005133435,0.0
1790153470,12,,Aggregated,0.600000,0.000000,2400,2400,64000,64000,64000,64000,64000,64000,64000,64000,64000,63,0,2100,23809.45465783379,466.97701130788334,75969.53120292164,42.666666666666664
1790153471,12,POST,completion,0.200000,0.000000,64000,64000,64000,64000,64000,64000,64000,64000,64000,64000,64000,21,0,68000,68346.03364462964,62055.84401101805,75969.53120292164,128.0
1790153471,12,TPOT,completion,0.200000,0.000000,490,490,490,490,490,490,490,490,490,490,490,21,0,510,517.9610469736987,466.97701130788334,581.768038015314,0.0
1790153471,12,TTFT,completion,0.200000,0.000000,2400,2400,2400,2400,2400,2400,2400,2400,2400,2400,2400,21,0,2100,2564.3692818980307,1558.6002820637077,4830.909005133435,0.0
1790153471,12,,Aggregated,0.600000,0.000000,2400,2400,64000,64000,64000,64000,64000,64000,64000,64000,64000,63,0,2100,23809.45465783379,466.97701130788334,75969.53120292164,42.666666666666664
1790153472,12,POST,completion,0.200000,0.000000,64000,64000,64000,64000,64000,64000,64000,64000,64000,64000,64000,21,0,68000,68346.03364462964,62055.84401101805,75969.53120292164,128.0
1790153472,12,TPOT,completion,0.200000,0.000000,490,490,490,490,490,490,490,490,490,490,490,21,0,510,517.9610469736987,466.97701130788334,581.768038015314,0.0
1790153472,12,TTFT,completion,0.200000,0.000000,2400,2400,2400,2400,2400,2400,2400,2400,2400,2400,2400,21,0,2100,2564.3692818980307,1558.6002820637077,4830.909005133435,0.0
1790153472,12,,Aggregated,0.600000,0.000000,2400,2400,64000,64000,64000,64000,64000,64000,64000,64000,64000,63,0,2100,23809.45465783379,466.97701130788334,75969.53120292164,42.666666666666664
1790153473,12,POST,completion,0.200000,0.000000,64000,64000,64000,64000,64000,64000,64000,64000,64000,64000,64000,21,0,68000,68346.03364462964,62055.84401101805,75969.53120292164,128.0
1790153473,12,TPOT,completion,0.200000,0.000000,490,490,490,490,490,490,490,490,490,490,490,21,0,510,517.9610469736987,466.97701130788334,581.768038015314,0.0
1790153473,12,TTFT,completion,0.200000,0.000000,2400,2400,2400,2400,2400,2400,2400,2400,2400,2400,2400,21,0,2100,2564.3692818980307,1558.6002820637077,4830.909005133435,0.0
1790153473,12,,Aggregated,0.600000,0.000000,2400,2400,64000,64000,64000,64000,64000,64000,64000,64000,64000,63,0,2100,23809.45465783379,466.97701130788334,75969.53120292164,42.666666666666664
1790153474,12,POST,completion,0.200000,0.000000,64000,64000,64000,64000,64000,64000,64000,64000,64000,64000,64000,21,0,68000,68346.03364462964,62055.84401101805,75969.53120292164,128.0
1790153474,12,TPOT,completion,0.200000,0.000000,490,490,490,490,490,490,490,490,490,490,490,21,0,510,517.9610469736987,466.97701130788334,581.768038015314,0.0
1790153474,12,TTFT,completion,0.200000,0.000000,2400,2400,2400,2400,2400,2400,2400,2400,2400,2400,2400,21,0,2100,2564.3692818980307,1558.6002820637077,4830.909005133435,0.0
1790153474,12,,Aggregated,0.600000,0.000000,2400,2400,64000,64000,64000,64000,64000,64000,64000,64000,64000,63,0,2100,23809.45465783379,466.97701130788334,75969.53120292164,42.666666666666664
1790153475,12,POST,completion,0.200000,0.000000,64000,64000,64000,64000,64000,64000,64000,64000,64000,64000,64000,21,0,68000,68346.03364462964,62055.84401101805,75969.53120292164,128.0
1790153475,12,TPOT,completion,0.200000,0.000000,490,490,490,490,490,490,490,490,490,490,490,21,0,510,517.9610469736987,466.97701130788334,581.768038015314,0.0
1790153475,12,TTFT,completion,0.200000,0.000000,2400,2400,2400,2400,2400,2400,2400,2400,2400,2400,2400,21,0,2100,2564.3692818980307,1558.6002820637077,4830.909005133435,0.0
1790153475,12,,Aggregated,0.600000,0.000000,2400,2400,64000,64000,64000,64000,64000,64000,64000,64000,64000,63,0,2100,23809.45465783379,466.97701130788334,75969.53120292164,42.666666666666664
1790153476,12,POST,completion,0.200000,0.000000,64000,64000,64000,64000,64000,64000,64000,64000,64000,64000,64000,21,0,68000,68346.03364462964,62055.84401101805,75969.53120292164,128.0
1790153476,12,TPOT,completion,0.200000,0.000000,490,490,490,490,490,490,490,490,490,490,490,21,0,510,517.9610469736987,466.97701130788334,581.768038015314,0.0
1790153476,12,TTFT,completion,0.200000,0.000000,2400,2400,2400,2400,2400,2400,2400,2400,2400,2400,2400,21,0,2100,2564.3692818980307,1558.6002820637077,4830.909005133435,0.0
1790153476,12,,Aggregated,0.600000,0.000000,2400,2400,64000,64000,64000,64000,64000,64000,64000,64000,64000,63,0,2100,23809.45465783379,466.97701130788334,75969.53120292164,42.666666666666664
1790153477,12,POST,completion,0.200000,0.000000,64000,64000,64000,64000,64000,64000,64000,64000,64000,64000,64000,21,0,68000,68346.03364462964,62055.84401101805,75969.53120292164,128.0
1790153477,12,TPOT,completion,0.200000,0.000000,490,490,490,490,490,490,490,490,490,490,490,21,0,510,517.9610469736987,466.97701130788334,581.768038015314,0.0
1790153477,12,TTFT,completion,0.200000,0.000000,2400,2400,2400,2400,2400,2400,2400,2400,2400,2400,2400,21,0,2100,2564.3692818980307,1558.6002820637077,4830.909005133435,0.0
1790153477,12,,Aggregated,0.600000,0.000000,2400,2400,64000,64000,64000,64000,64000,64000,64000,64000,64000,63,0,2100,23809.45465783379,466.97701130788334,75969.53120292164,42.666666666666664
1790153478,12,POST,completion,0.200000,0.000000,64000,64000,64000,64000,64000,64000,64000,64000,64000,64000,64000,21,0,68000,68346.03364462964,62055.84401101805,75969.53120292164,128.0
1790153478,12,TPOT,completion,0.200000,0.000000,490,490,490,490,490,490,490,490,490,490,490,21,0,510,517.9610469736987,466.97701130788334,581.768038015314,0.0
1790153478,12,TTFT,completion,0.200000,0.000000,2400,2400,2400,2400,2400,2400,2400,2400,2400,2400,2400,21,0,2100,2564.3692818980307,1558.6002820637077,4830.909005133435,0.0
1790153478,12,,Aggregated,0.600000,0.000000,2400,2400,64000,64000,64000,64000,64000,64000,64000,64000,64000,63,0,2100,23809.45465783379,466.97701130788334,75969.53120292164,42.666666666666664
1790153479,12,POST,completion,0.100000,0.000000,66000,66000,66000,66000,66000,66000,66000,66000,66000,66000,66000,23,0,67000,68164.71287765054,62055.84401101805,75969.53120292164,128.0
1790153479,12,TPOT,completion,0.100000,0.000000,500,500,510,510,510,510,510,510,510,510,510,23,0,510,516.4394586233697,466.97701130788334,581.768038015314,0.0
1790153479,12,TTFT,completion,0.100000,0.000000,2400,2400,3500,3500,3500,3500,3500,3500,3500,3500,3500,23,0,2100,2576.2886704735297,1558.6002820637077,4830.909005133435,0.0
1790153479,12,,Aggregated,0.300000,0.000000,2400,3500,64000,66000,66000,66000,66000,66000,66000,66000,66000,69,0,2100,23752.48033558248,466.97701130788334,75969.53120292164,42.666666666666664
1790153480,12,POST,completion,0.100000,0.000000,66000,66000,66000,66000,66000,66000,66000,66000,66000,66000,66000,23,0,67000,68164.71287765054,62055.84401101805,75969.53120292164,128.0
1790153480,12,TPOT,completion,0.100000,0.000000,500,500,510,510,510,510,510,510,510,510,510,23,0,510,516.4394586233697,466.97701130788334,581.768038015314,0.0
1790153480,12,TTFT,completion,0.100000,0.000000,2400,2400,3500,3500,3500,3500,3500,3500,3500,3500,3500,23,0,2100,2576.2886704735297,1558.6002820637077,4830.909005133435,0.0
1790153480,12,,Aggregated,0.300000,0.000000,2400,3500,64000,66000,66000,66000,66000,66000,66000,66000,66000,69,0,2100,23752.48033558248,466.97701130788334,75969.53120292164,42.666666666666664
1790153481,12,POST,completion,0.100000,0.000000,66000,66000,66000,66000,66000,66000,66000,66000,66000,66000,66000,23,0,67000,68164.71287765054,62055.84401101805,75969.53120292164,128.0
1790153481,12,TPOT,completion,0.100000,0.000000,500,500,510,510,510,510,510,510,510,510,510,23,0,510,516.4394586233697,466.97701130788334,581.768038015314,0.0
1790153481,12,TTFT,completion,0.100000,0.000000,2400,2400,3500,3500,3500,3500,3500,3500,3500,3500,3500,23,0,2100,2576.2886704735297,1558.6002820637077,4830.909005133435,0.0
1790153481,12,,Aggregated,0.300000,0.000000,2400,3500,64000,66000,66000,66000,66000,66000,66000,66000,66000,69,0,2100,23752.48033558248,466.97701130788334,75969.53120292164,42.666666666666664
1790153482,12,POST,completion,0.100000,0.000000,66000,66000,66000,66000,66000,66000,66000,66000,66000,66000,66000,23,0,67000,68164.71287765054,62055.84401101805,75969.53120292164,128.0
1790153482,12,TPOT,completion,0.100000,0.000000,500,500,510,510,510,510,510,510,510,510,510,23,0,510,516.4394586233697,466.97701130788334,581.768038015314,0.0
1790153482,12,TTFT,completion,0.100000,0.000000,2400,2400,3500,3500,3500,3500,3500,3500,3500,3500,3500,23,0,2100,2576.2886704735297,1558.6002820637077,4830.909005133435,0.0
1790153482,12,,Aggregated,0.300000,0.000000,2400,3500,64000,66000,66000,66000,66000,66000,66000,66000,66000,69,0,2100,23752.48033558248,466.97701130788334,75969.53120292164,42.666666666666664
1790153483,12,POST,completion,0.100000,0.000000,66000,66000,66000,66000,66000,66000,66000,66000,66000,66000,66000,23,0,67000,68164.71287765054,62055.84401101805,75969.53120292164,128.0
1790153483,12,TPOT,completion,0.100000,0.000000,500,500,510,510,510,510,510,510,510,510,510,23,0,510,516.4394586233697,466.97701130788334,581.768038015314,0.0
1790153483,12,TTFT,completion,0.100000,0.000000,2400,2400,3500,3500,3500,3500,3500,3500,3500,3500,3500,23,0,2100,2576.2886704735297,1558.6002820637077,4830.909005133435,0.0
1790153483,12,,Aggregated,0.300000,0.000000,2400,3500,64000,66000,66000,66000,66000,66000,66000,66000,66000,69,0,2100,23752.48033558248,466.97701130788334,75969.53120292164,42.666666666666664
1790153484,12,POST,completion,0.100000,0.000000,66000,66000,66000,66000,66000,66000,66000,66000,66000,66000,66000,23,0,67000,68164.71287765054,62055.84401101805,75969.53120292164,128.0
1790153484,12,TPOT,completion,0.100000,0.000000,510,510,510,510,510,510,510,510,510,510,510,23,0,510,516.4394586233697,466.97701130788334,581.768038015314,0.0
1790153484,12,TTFT,completion,0.100000,0.000000,3500,3500,3500,3500,3500,3500,3500,3500,3500,3500,3500,23,0,2100,2576.2886704735297,1558.6002820637077,4830.909005133435,0.0
1790153484,12,,Aggregated,0.300000,0.000000,3500,3500,66000,66000,66000,66000,66000,66000,66000,66000,66000,69,0,2100,23752.48033558248,466.97701130788334,75969.53120292164,42.666666666666664
1790153485,12,POST,completion,0.100000,0.000000,66000,66000,66000,66000,66000,66000,66000,66000,66000,66000,66000,23,0,67000,68164.71287765054,62055.84401101805,75969.53120292164,128.0
1790153485,12,TPOT,completion,0.100000,0.000000,510,510,510,510,510,510,510,510,510,510,510,23,0,510,516.4394586233697,466.97701130788334,581.768038015314,0.0
1790153485,12,TTFT,completion,0.100000,0.000000,3500,3500,3500,3500,3500,3500,3500,3500,3500,3500,3500,23,0,2100,2576.2886704735297,1558.6002820637077,4830.909005133435,0.0
1790153485,12,,Aggregated,0.300000,0.000000,3500,3500,66000,66000,66000,66000,66000,66000,66000,66000,66000,69,0,2100,23752.48033558248,466.97701130788334,75969.53120292164,42.666666666666664
1790153486,12,POST,completion,0.100000,0.000000,66000,66000,66000,66000,66000,66000,66000,66000,66000,66000,66000,23,0,67000,68164.71287765054,62055.84401101805,75969.53120292164,128.0
1790153486,12,TPOT,completion,0.100000,0.000000,510,510,510,510,510,510,510,510,510,510,510,23,0,510,516.4394586233697,466.97701130788334,581.768038015314,0.0
1790153486,12,TTFT,completion,0.100000,0.000000,3500,3500,3500,3500,3500,3500,3500,3500,3500,3500,3500,23,0,2100,2576.2886704735297,1558.6002820637077,4830.909005133435,0.0
1790153486,12,,Aggregated,0.300000,0.000000,3500,3500,66000,66000,66000,66000,66000,66000,66000,66000,66000,69,0,2100,23752.48033558248,466.97701130788334,75969.53120292164,42.666666666666664
1790153487,12,POST,completion,0.100000,0.000000,66000,66000,66000,66000,66000,66000,66000,66000,66000,66000,66000,23,0,67000,68164.71287765054,62055.84401101805,75969.53120292164,128.0
1790153487,12,TPOT,completion,0.100000,0.000000,510,510,510,510,510,510,510,510,510,510,510,23,0,510,516.4394586233697,466.97701130788334,581.768038015314,0.0
1790153487,12,TTFT,completion,0.100000,0.000000,3500,3500,3500,3500,3500,3500,3500,3500,3500,3500,3500,23,0,2100,2576.2886704735297,1558.6002820637077,4830.909005133435,0.0
1790153487,12,,Aggregated,0.300000,0.000000,3500,3500,66000,66000,66000,66000,66000,66000,66000,66000,66000,69,0,2100,23752.48033558248,466.97701130788334,75969.53120292164,42.666666666666664
1790153488,12,POST,completion,0.100000,0.000000,66000,66000,66000,66000,66000,66000,66000,66000,66000,66000,66000,23,0,67000,68164.71287765054,62055.84401101805,75969.53120292164,128.0
1790153488,12,TPOT,completion,0.100000,0.000000,510,510,510,510,510,510,510,510,510,510,510,23,0,510,516.4394586233697,466.97701130788334,581.768038015314,0.0
1790153488,12,TTFT,completion,0.100000,0.000000,3500,3500,3500,3500,3500,3500,3500,3500,3500,3500,3500,23,0,2100,2576.2886704735297,1558.6002820637077,4830.909005133435,0.0
1790153488,12,,Aggregated,0.300000,0.000000,3500,3500,66000,66000,66000,66000,66000,66000,66000,66000,66000,69,0,2100,23752.48033558248,466.97701130788334,75969.53120292164,42.666666666666664
1790153489,12,POST,completion,0.100000,0.000000,66000,66000,66000,66000,66000,66000,66000,66000,66000,66000,66000,23,0,67000,68164.71287765054,62055.84401101805,75969.53120292164,128.0
1790153489,12,TPOT,completion,0.100000,0.000000,510,510,510,510,510,510,510,510,510,510,510,23,0,510,516.4394586233697,466.97701130788334,581.768038015314,0.0
1790153489,12,TTFT,completion,0.100000,0.000000,3500,3500,3500,3500,3500,3500,3500,3500,3500,3500,3500,23,0,2100,2576.2886704735297,1558.6002820637077,4830.909005133435,0.0
1790153489,12,,Aggregated,0.300000,0.000000,3500,3500,66000,66000,66000,66000,66000,66000,66000,66000,66000,69,0,2100,23752.48033558248,466.97701130788334,75969.53120292164,42.666666666666664
1790153490,12,POST,completion,0.100000,0.000000,66000,66000,66000,66000,66000,66000,66000,66000,66000,66000,66000,23,0,67000,68164.71287765054,62055.84401101805,75969.53120292164,128.0
1790153490,12,TPOT,completion,0.100000,0.000000,510,510,510,510,510,510,510,510,510,510,510,23,0,510,516.4394586233697,466.97701130788334,581.768038015314,0.0
1790153490,12,TTFT,completion,0.100000,0.000000,3500,3500,3500,3500,3500,3500,3500,3500,3500,3500,3500,23,0,2100,2576.2886704735297,1558.6002820637077,4830.909005133435,0.0
1790153490,12,,Aggregated,0.300000,0.000000,3500,3500,66000,66000,66000,66000,66000,66000,66000,66000,66000,69,0,2100,23752.48033558248,466.97701130788334,75969.53120292164,42.666666666666664
1790153491,12,POST,completion,0.100000,0.000000,66000,66000,66000,66000,66000,66000,66000,66000,66000,66000,66000,23,0,67000,68164.71287765054,62055.84401101805,75969.53120292164,128.0
1790153491,12,TPOT,completion,0.100000,0.000000,510,510,510,510,510,510,510,510,510,510,510,23,0,510,516.4394586233697,466.97701130788334,581.768038015314,0.0
1790153491,12,TTFT,completion,0.100000,0.000000,3500,3500,3500,3500,3500,3500,3500,3500,3500,3500,3500,23,0,2100,2576.2886704735297,1558.6002820637077,4830.909005133435,0.0
1790153491,12,,Aggregated,0.300000,0.000000,3500,3500,66000,66000,66000,66000,66000,66000,66000,66000,66000,69,0,2100,23752.48033558248,466.97701130788334,75969.53120292164,42.666666666666664
1790153492,12,POST,completion,0.100000,0.000000,66000,66000,66000,66000,66000,66000,66000,66000,66000,66000,66000,23,0,67000,68164.71287765054,62055.84401101805,75969.53120292164,128.0
1790153492,12,TPOT,completion,0.100000,0.000000,510,510,510,510,510,510,510,510,510,510,510,23,0,510,516.4394586233697,466.97701130788334,581.768038015314,0.0
1790153492,12,TTFT,completion,0.100000,0.000000,3500,3500,3500,3500,3500,3500,3500,3500,3500,3500,3500,23,0,2100,2576.2886704735297,1558.6002820637077,4830.909005133435,0.0
1790153492,12,,Aggregated,0.300000,0.000000,3500,3500,66000,66000,66000,66000,66000,66000,66000,66000,66000,69,0,2100,23752.48033558248,466.97701130788334,75969.53120292164,42.666666666666664
1790153493,12,POST,completion,0.100000,0.000000,66000,66000,66000,66000,66000,66000,66000,66000,66000,66000,66000,23,0,67000,68164.71287765054,62055.84401101805,75969.53120292164,128.0
1790153493,12,TPOT,completion,0.100000,0.000000,510,510,510,510,510,510,510,510,510,510,510,23,0,510,516.4394586233697,466.97701130788334,581.768038015314,0.0
1790153493,12,TTFT,completion,0.100000,0.000000,3500,3500,3500,3500,3500,3500,3500,3500,3500,3500,3500,23,0,2100,2576.2886704735297,1558.6002820637077,4830.909005133435,0.0
1790153493,12,,Aggregated,0.300000,0.000000,3500,3500,66000,66000,66000,66000,66000,66000,66000,66000,66000,69,0,2100,23752.48033558248,466.97701130788334,75969.53120292164,42.666666666666664
1790153494,12,POST,completion,0.100000,0.000000,66000,66000,66000,66000,66000,66000,66000,66000,66000,66000,66000,23,0,67000,68164.71287765054,62055.84401101805,75969.53120292164,128.0
1790153494,12,TPOT,completion,0.100000,0.000000,510,510,510,510,510,510,510,510,510,510,510,23,0,510,516.4394586233697,466.97701130788334,581.768038015314,0.0
1790153494,12,TTFT,completion,0.100000,0.000000,3500,3500,3500,3500,3500,3500,3500,3500,3500,3500,3500,23,0,2100,2576.2886704735297,1558.6002820637077,4830.909005133435,0.0
1790153494,12,,Aggregated,0.300000,0.000000,3500,3500,66000,66000,66000,66000,66000,66000,66000,66000,66000,69,0,2100,23752.48033558248,466.97701130788334,75969.53120292164,42.666666666666664
1790153495,12,POST,completion,0.000000,0.000000,66000,66000,74000,74000,74000,74000,74000,74000,74000,74000,74000,24,0,68000,68394.12998353752,62055.84401101805,75969.53120292164,128.0
1790153495,12,TPOT,completion,0.000000,0.000000,510,510,560,560,560,560,560,560,560,560,560,24,0,510,518.4001890819317,466.97701130788334,581.768038015314,0.0
1790153495,12,TTFT,completion,0.000000,0.000000,2100,2100,3500,3500,3500,3500,3500,3500,3500,3500,3500,24,0,2100,2556.6931927848295,1558.6002820637077,4830.909005133435,0.0
1790153495,12,,Aggregated,0.000000,0.000000,2100,3500,66000,66000,74000,74000,74000,74000,74000,74000,74000,72,0,2100,23823.07445513476,466.97701130788334,75969.53120292164,42.666666666666664
1790153496,12,POST,completion,0.000000,0.000000,66000,66000,74000,74000,74000,74000,74000,74000,74000,74000,74000,24,0,68000,68394.12998353752,62055.84401101805,75969.53120292164,128.0
1790153496,12,TPOT,completion,0.000000,0.000000,510,510,560,560,560,560,560,560,560,560,560,24,0,510,518.4001890819317,466.97701130788334,581.768038015314,0.0
1790153496,12,TTFT,completion,0.000000,0.000000,2100,2100,3500,3500,3500,3500,3500,3500,3500,3500,3500,24,0,2100,2556.6931927848295,1558.6002820637077,4830.909005133435,0.0
1790153496,12,,Aggregated,0.000000,0.000000,2100,3500,66000,66000,74000,74000,74000,74000,74000,74000,74000,72,0,2100,23823.07445513476,466.97701130788334,75969.53120292164,42.666666666666664
1790153498,12,POST,completion,0.000000,0.000000,74000,74000,74000,74000,74000,74000,74000,74000,74000,74000,74000,25,0,67000,65742.13869796135,2094.3478441331536,75969.53120292164,122.88
1790153498,12,TPOT,completion,0.000000,0.000000,560,560,560,560,560,560,560,560,560,560,560,24,0,510,518.4001890819317,466.97701130788334,581.768038015314,0.0
1790153498,12,TTFT,completion,0.000000,0.000000,2100,2100,2100,2100,2100,2100,2100,2100,2100,2100,2100,25,0,2100,2538.1993788387626,1558.6002820637077,4830.909005133435,0.0
1790153498,12,,Aggregated,0.000000,0.000000,2100,2100,2100,74000,74000,74000,74000,74000,74000,74000,74000,74,0,2100,23235.811573756335,466.97701130788334,75969.53120292164,41.513513513513516
1790153499,12,POST,completion,0.000000,0.000000,74000,74000,74000,74000,74000,74000,74000,74000,74000,74000,74000,25,0,67000,65742.13869796135,2094.3478441331536,75969.53120292164,122.88
1790153499,12,TPOT,completion,0.000000,0.000000,560,560,560,560,560,560,560,560,560,560,560,24,0,510,518.4001890819317,466.97701130788334,581.768038015314,0.0
1790153499,12,TTFT,completion,0.000000,0.000000,2100,2100,2100,2100,2100,2100,2100,2100,2100,2100,2100,25,0,2100,2538.1993788387626,1558.6002820637077,4830.909005133435,0.0
1790153499,12,,Aggregated,0.000000,0.000000,2100,2100,2100,74000,74000,74000,74000,74000,74000,74000,74000,74,0,2100,23235.811573756335,466.97701130788334,75969.53120292164,41.513513513513516
1790153500,12,POST,completion,0.000000,0.000000,74000,74000,74000,74000,74000,74000,74000,74000,74000,74000,74000,25,0,67000,65742.13869796135,2094.3478441331536,75969.53120292164,122.88
1790153500,12,TPOT,completion,0.000000,0.000000,560,560,560,560,560,560,560,560,560,560,560,24,0,510,518.4001890819317,466.97701130788334,581.768038015314,0.0
1790153500,12,TTFT,completion,0.000000,0.000000,2100,2100,2100,2100,2100,2100,2100,2100,2100,2100,2100,25,0,2100,2538.1993788387626,1558.6002820637077,4830.909005133435,0.0
1790153500,12,,Aggregated,0.000000,0.000000,2100,2100,2100,74000,74000,74000,74000,74000,74000,74000,74000,74,0,2100,23235.811573756335,466.97701130788334,75969.53120292164,41.513513513513516
1790153501,12,POST,completion,0.000000,0.000000,74000,74000,74000,74000,74000,74000,74000,74000,74000,74000,74000,25,0,67000,65742.13869796135,2094.3478441331536,75969.53120292164,122.88
1790153501,12,TPOT,completion,0.000000,0.000000,560,560,560,560,560,560,560,560,560,560,560,24,0,510,518.4001890819317,466.97701130788334,581.768038015314,0.0
1790153501,12,TTFT,completion,0.000000,0.000000,2100,2100,2100,2100,2100,2100,2100,2100,2100,2100,2100,25,0,2100,2538.1993788387626,1558.6002820637077,4830.909005133435,0.0
1790153501,12,,Aggregated,0.000000,0.000000,2100,2100,2100,74000,74000,74000,74000,74000,74000,74000,74000,74,0,2100,23235.811573756335,466.97701130788334,75969.53120292164,41.513513513513516
1790153502,12,POST,completion,0.200000,0.000000,76000,76000,76000,76000,76000,76000,76000,76000,76000,76000,76000,27,0,68000,66482.7438157,2094.3478441331536,75969.53120292164,123.25925925925925
1790153502,12,TPOT,completion,0.100000,0.000000,570,570,580,580,580,580,580,580,580,580,580,26,0,510,522.5750283524421,466.97701130788334,581.768038015314,0.0
1790153502,12,TTFT,completion,0.200000,0.000000,2200,2200,3800,3800,3800,3800,3800,3800,3800,3800,3800,27,0,2100,2573.1629261108874,1558.6002820637077,4830.909005133435,0.0
1790153502,12,,Aggregated,0.500000,0.000000,2100,3800,74000,74000,76000,76000,76000,76000,76000,76000,76000,80,0,2100,23476.205409575716,466.97701130788334,75969.53120292164,41.6
1790153503,12,POST,completion,0.200000,0.000000,76000,76000,76000,76000,76000,76000,76000,76000,76000,76000,76000,27,0,68000,66482.7438157,2094.3478441331536,75969.53120292164,123.25925925925925
1790153503,12,TPOT,completion,0.100000,0.000000,570,570,580,580,580,580,580,580,580,580,580,26,0,510,522.5750283524421,466.97701130788334,581.768038015314,0.0
1790153503,12,TTFT,completion,0.200000,0.000000,2200,2200,3800,3800,3800,3800,3800,3800,3800,3800,3800,27,0,2100,2573.1629261108874,1558.6002820637077,4830.909005133435,0.0
1790153503,12,,Aggregated,0.500000,0.000000,2100,3800,74000,74000,76000,76000,76000,76000,76000,76000,76000,80,0,2100,23476.205409575716,466.97701130788334,75969.53120292164,41.6
1790153504,12,POST,completion,0.200000,0.000000,76000,76000,76000,76000,76000,76000,76000,76000,76000,76000,76000,27,0,68000,66482.7438157,2094.3478441331536,75969.53120292164,123.25925925925925
1790153504,12,TPOT,completion,0.100000,0.000000,570,570,580,580,580,580,580,580,580,580,580,26,0,510,522.5750283524421,466.97701130788334,581.768038015314,0.0
1790153504,12,TTFT,completion,0.200000,0.000000,2200,2200,3800,3800,3800,3800,3800,3800,3800,3800,3800,27,0,2100,2573.1629261108874,1558.6002820637077,4830.909005133435,0.0
1790153504,12,,Aggregated,0.500000,0.000000,2100,3800,74000,74000,76000,76000,76000,76000,76000,76000,76000,80,0,2100,23476.205409575716,466.97701130788334,75969.53120292164,41.6
1790153505,12,POST,completion,0.200000,0.000000,76000,76000,76000,76000,76000,76000,76000,76000,76000,76000,76000,27,0,68000,66482.7438157,2094.3478441331536,75969.53120292164,123.25925925925925
1790153505,12,TPOT,completion,0.100000,0.000000,570,570,580,580,580,580,580,580,580,580,580,26,0,510,522.5750283524421,466.97701130788334,581.768038015314,0.0
1790153505,12,TTFT,completion,0.200000,0.000000,2200,2200,3800,3800,3800,3800,3800,3800,3800,3800,3800,27,0,2100,2573.1629261108874,1558.6002820637077,4830.909005133435,0.0
1790153505,12,,Aggregated,0.500000,0.000000,2100,3800,74000,74000,76000,76000,76000,76000,76000,76000,76000,80,0,2100,23476.205409575716,466.97701130788334,75969.53120292164,41.6
1790153506,12,POST,completion,0.200000,0.000000,76000,76000,76000,76000,76000,76000,76000,76000,76000,76000,76000,27,0,68000,66482.7438157,2094.3478441331536,75969.53120292164,123.25925925925925
1790153506,12,TPOT,completion,0.100000,0.000000,570,570,580,580,580,580,580,580,580,580,580,26,0,510,522.5750283524421,466.97701130788334,581.768038015314,0.0
1790153506,12,TTFT,completion,0.200000,0.000000,2200,2200,3800,3800,3800,3800,3800,3800,3800,3800,3800,27,0,2100,2573.1629261108874,1558.6002820637077,4830.909005133435,0.0
1790153506,12,,Aggregated,0.500000,0.000000,2200,3800,76000,76000,76000,76000,76000,76000,76000,76000,76000,80,0,2100,23476.205409575716,466.97701130788334,75969.53120292164,41.6
1790153507,12,POST,completion,0.200000,0.000000,76000,76000,76000,76000,76000,76000,76000,76000,76000,76000,76000,27,0,68000,66482.7438157,2094.3478441331536,75969.53120292164,123.25925925925925
1790153507,12,TPOT,completion,0.100000,0.000000,570,570,580,580,580,580,580,580,580,580,580,26,0,510,522.5750283524421,466.97701130788334,581.768038015314,0.0
1790153507,12,TTFT,completion,0.200000,0.000000,2200,2200,3800,3800,3800,3800,3800,3800,3800,3800,3800,27,0,2100,2573.1629261108874,1558.6002820637077,4830.909005133435,0.0
1790153507,12,,Aggregated,0.500000,0.000000,2200,3800,76000,76000,76000,76000,76000,76000,76000,76000,76000,80,0,2100,23476.205409575716,466.97701130788334,75969.53120292164,41.6
1790153508,12,POST,completion,0.200000,0.000000,76000,76000,76000,76000,76000,76000,76000,76000,76000,76000,76000,27,0,68000,66482.7438157,2094.3478441331536,75969.53120292164,123.25925925925925
1790153508,12,TPOT,completion,0.100000,0.000000,580,580,580,580,580,580,580,580,580,580,580,26,0,510,522.5750283524421,466.97701130788334,581.768038015314,0.0
1790153508,12,TTFT,completion,0.200000,0.000000,2200,2200,3800,3800,3800,3800,3800,3800,3800,3800,3800,27,0,2100,2573.1629261108874,1558.6002820637077,4830.909005133435,0.0
1790153508,12,,Aggregated,0.500000,0.000000,2200,3800,76000,76000,76000,76000,76000,76000,76000,76000,76000,80,0,2100,23476.205409575716,466.97701130788334,75969.53120292164,41.6
1790153509,12,POST,completion,0.200000,0.000000,76000,76000,76000,76000,76000,76000,76000,76000,76000,76000,76000,27,0,68000,66482.7438157,2094.3478441331536,75969.53120292164,123.25925925925925
1790153509,12,TPOT,completion,0.100000,0.000000,580,580,580,580,580,580,580,580,580,580,580,26,0,510,522.5750283524421,466.97701130788334,581.768038015314,0.0
1790153509,12,TTFT,completion,0.200000,0.000000,3800,3800,3800,3800,3800,3800,3800,3800,3800,3800,3800,27,0,2100,2573.1629261108874,1558.6002820637077,4830.909005133435,0.0
1790153509,12,,Aggregated,0.500000,0.000000,3800,3800,76000,76000,76000,76000,76000,76000,76000,76000,76000,80,0,2100,23476.205409575716,466.97701130788334,75969.53120292164,41.6
1790153510,12,POST,completion,0.200000,0.000000,76000,76000,76000,76000,76000,76000,76000,76000,76000,76000,76000,27,0,68000,66482.7438157,2094.3478441331536,75969.53120292164,123.25925925925925
1790153510,12,TPOT,completion,0.100000,0.000000,580,580,580,580,580,580,580,580,580,580,580,26,0,510,522.5750283524421,466.97701130788334,581.768038015314,0.0
1790153510,12,TTFT,completion,0.200000,0.000000,3800,3800,3800,3800,3800,3800,3800,3800,3800,3800,3800,27,0,2100,2573.1629261108874,1558.6002820637077,4830.909005133435,0.0
1790153510,12,,Aggregated,0.500000,0.000000,3800,3800,76000,76000,76000,76000,76000,76000,76000,76000,76000,80,0,2100,23476.205409575716,466.97701130788334,75969.53120292164,41.6
1790153511,12,POST,completion,0.200000,0.000000,76000,76000,76000,76000,76000,76000,76000,76000,76000,76000,76000,27,0,68000,66482.7438157,2094.3478441331536,75969.53120292164,123.25925925925925
1790153511,12,TPOT,completion,0.100000,0.000000,580,580,580,580,580,580,580,580,580,580,580,26,0,510,522.5750283524421,466.97701130788334,581.768038015314,0.0
1790153511,12,TTFT,completion,0.200000,0.000000,3800,3800,3800,3800,3800,3800,3800,3800,3800,3800,3800,27,0,2100,2573.1629261108874,1558.6002820637077,4830.909005133435,0.0
1790153511,12,,Aggregated,0.500000,0.000000,3800,3800,76000,76000,76000,76000,76000,76000,76000,76000,76000,80,0,2100,23476.205409575716,466.97701130788334,75969.53120292164,41.6
1790153512,12,POST,completion,0.200000,0.000000,76000,76000,76000,76000,76000,76000,76000,76000,76000,76000,76000,28,0,68000,66813.2087862801,2094.3478441331536,75969.53120292164,123.42857142857143
1790153512,12,TPOT,completion,0.200000,0.000000,580,580,580,580,580,580,580,580,580,580,580,27,0,510,524.6171921072133,466.97701130788334,581.768038015314,0.0
1790153512,12,TTFT,completion,0.200000,0.000000,2400,2400,3800,3800,3800,3800,3800,3800,3800,3800,3800,28,0,2200,2565.748019642862,1558.6002820637077,4830.909005133435,0.0
1790153512,12,,Aggregated,0.600000,0.000000,2400,3800,76000,76000,76000,76000,76000,76000,76000,76000,76000,83,0,2100,23575.607888587194,466.97701130788334,75969.53120292164,41.63855421686747
1790153513,12,POST,completion,0.200000,0.000000,76000,76000,76000,76000,76000,76000,76000,76000,76000,76000,76000,28,0,68000,66813.2087862801,2094.3478441331536,75969.53120292164,123.42857142857143
1790153513,12,TPOT,completion,0.200000,0.000000,580,580,580,580,580,580,580,580,580,580,580,27,0,510,524.6171921072133,466.97701130788334,581.768038015314,0.0
1790153513,12,TTFT,completion,0.200000,0.000000,2400,2400,3800,3800,3800,3800,3800,3800,3800,3800,3800,28,0,2200,2565.748019642862,1558.6002820637077,4830.909005133435,0.0
1790153513,12,,Aggregated,0.600000,0.000000,2400,3800,76000,76000,76000,76000,76000,76000,76000,76000,76000,83,0,2100,23575.607888587194,466.97701130788334,75969.53120292164,41.63855421686747
1790153514,12,POST,completion,0.200000,0.000000,76000,76000,76000,76000,76000,76000,76000,76000,76000,76000,76000,28,0,68000,66813.2087862801,2094.3478441331536,75969.53120292164,123.42857142857143
1790153514,12,TPOT,completion,0.200000,0.000000,580,580,580,580,580,580,580,580,580,580,580,27,0,510,524.6171921072133,466.97701130788334,581.768038015314,0.0
1790153514,12,TTFT,completion,0.200000,0.000000,2400,2400,3800,3800,3800,3800,3800,3800,3800,3800,3800,28,0,2200,2565.748019642862,1558.6002820637077,4830.909005133435,0.0
1790153514,12,,Aggregated,0.600000,0.000000,2400,3800,76000,76000,76000,76000,76000,76000,76000,76000,76000,83,0,2100,23575.607888587194,466.97701130788334,75969.53120292164,41.63855421686747
1790153515,12,POST,completion,0.100000,0.000000,76000,76000,76000,76000,76000,76000,76000,76000,76000,76000,76000,29,0,68000,67119.35362981728,2094.3478441331536,75969.53120292164,123.58620689655173
1790153515,12,TPOT,completion,0.100000,0.000000,580,580,580,580,580,580,580,580,580,580,580,28,0,520,526.5005196542771,466.97701130788334,581.768038015314,0.0
1790153515,12,TTFT,completion,0.100000,0.000000,2400,2400,3800,3800,3800,3800,3800,3800,3800,3800,3800,29,0,2200,2558.9045026853423,1558.6002820637077,4830.909005133435,0.0
1790153515,12,,Aggregated,0.300000,0.000000,2400,3800,76000,76000,76000,76000,76000,76000,76000,76000,76000,86,0,2200,23667.575585963903,466.97701130788334,75969.53120292164,41.674418604651166
1790153516,12,POST,completion,0.100000,0.000000,76000,76000,76000,76000,76000,76000,76000,76000,76000,76000,76000,29,0,68000,67119.35362981728,2094.3478441331536,75969.53120292164,123.58620689655173
1790153516,12,TPOT,completion,0.100000,0.000000,580,580,580,580,580,580,580,580,580,580,580,28,0,520,526.5005196542771,466.97701130788334,581.768038015314,0.0
1790153516,12,TTFT,completion,0.100000,0.000000,2400,2400,2400,2400,2400,2400,2400,2400,2400,2400,2400,29,0,2200,2558.9045026853423,1558.6002820637077,4830.909005133435,0.0
1790153516,12,,Aggregated,0.300000,0.000000,2400,2400,76000,76000,76000,76000,76000,76000,76000,76000,76000,86,0,2200,23667.575585963903,466.97701130788334,75969.53120292164,41.674418604651166
1790153517,12,POST,completion,0.100000,0.000000,76000,76000,76000,76000,76000,76000,76000,76000,76000,76000,76000,29,0,68000,67119.35362981728,2094.3478441331536,75969.53120292164,123.58620689655173
1790153517,12,TPOT,completion,0.100000,0.000000,580,580,580,580,580,580,580,580,580,580,580,28,0,520,526.5005196542771,466.97701130788334,581.768038015314,0.0
1790153517,12,TTFT,completion,0.100000,0.000000,2400,2400,2400,2400,2400,2400,2400,2400,2400,2400,2400,29,0,2200,2558.9045026853423,1558.6002820637077,4830.909005133435,0.0
1790153517,12,,Aggregated,0.300000,0.000000,2400,2400,76000,76000,76000,76000,76000,76000,76000,76000,76000,86,0,2200,23667.575585963903,466.97701130788334,75969.53120292164,41.674418604651166
1790153518,12,POST,completion,0.100000,0.000000,76000,76000,76000,76000,76000,76000,76000,76000,76000,76000,76000,29,0,68000,67119.35362981728,2094.3478441331536,75969.53120292164,123.58620689655173
1790153518,12,TPOT,completion,0.100000,0.000000,580,580,580,580,580,580,580,580,580,580,580,28,0,520,526.5005196542771,466.97701130788334,581.768038015314,0.0
1790153518,12,TTFT,completion,0.100000,0.000000,2400,2400,2400,2400,2400,2400,2400,2400,2400,2400,2400,29,0,2200,2558.9045026853423,1558.6002820637077,4830.909005133435,0.0
1790153518,12,,Aggregated,0.300000,0.000000,2400,2400,76000,76000,76000,76000,76000,76000,76000,76000,76000,86,0,2200,23667.575585963903,466.97701130788334,75969.53120292164,41.674418604651166
1790153519,12,POST,completion,0.100000,0.000000,76000,76000,76000,76000,76000,76000,76000,76000,76000,76000,76000,29,0,68000,67119.35362981728,2094.3478441331536,75969.53120292164,123.58620689655173
1790153519,12,TPOT,completion,0.100000,0.000000,580,580,580,580,580,580,580,580,580,580,580,28,0,520,526.5005196542771,466.97701130788334,581.768038015314,0.0
1790153519,12,TTFT,completion,0.100000,0.000000,2400,2400,2400,2400,2400,2400,2400,2400,2400,2400,2400,29,0,2200,2558.9045026853423,1558.6002820637077,4830.909005133435,0.0
1790153519,12,,Aggregated,0.300000,0.000000,2400,2400,76000,76000,76000,76000,76000,76000,76000,76000,76000,86,0,2200,23667.575585963903,466.97701130788334,75969.53120292164,41.674418604651166
1790153520,12,POST,completion,0.200000,0.000000,76000,76000,76000,76000,76000,76000,76000,76000,76000,76000,76000,30,0,69000,67402.24050876375,2094.3478441331536,75969.53120292164,123.73333333333333
1790153520,12,TPOT,completion,0.200000,0.000000,580,580,580,580,580,580,580,580,580,580,580,29,0,520,528.2283218513905,466.97701130788334,581.768038015314,0.0
1790153520,12,TTFT,completion,0.200000,0.000000,2400,2400,2400,2400,2400,2400,2400,2400,2400,2400,2400,30,0,2400,2552.8156825962164,1558.6002820637077,4830.909005133435,0.0
1790153520,12,,Aggregated,0.600000,0.000000,2400,2400,76000,76000,76000,76000,76000,76000,76000,76000,76000,89,0,2200,23752.475360387514,466.97701130788334,75969.53120292164,41.70786516853933
1790153521,12,POST,completion,0.200000,0.000000,76000,76000,76000,76000,76000,76000,76000,76000,76000,76000,76000,30,0,69000,67402.24050876375,2094.3478441331536,75969.53120292164,123.73333333333333
1790153521,12,TPOT,completion,0.200000,0.000000,580,580,580,580,580,580,580,580,580,580,580,29,0,520,528.2283218513905,466.97701130788334,581.768038015314,0.0
1790153521,12,TTFT,completion,0.200000,0.000000,2400,2400,2400,2400,2400,2400,2400,2400,2400,2400,2400,30,0,2400,2552.8156825962164,1558.6002820637077,4830.909005133435,0.0
1790153521,12,,Aggregated,0.600000,0.000000,2400,2400,76000,76000,76000,76000,76000,76000,76000,76000,76000,89,0,2200,23752.475360387514,466.97701130788334,75969.53120292164,41.70786516853933
1790153522,12,POST,completion,0.200000,0.000000,76000,76000,76000,76000,76000,76000,76000,76000,76000,76000,76000,30,0,69000,67402.24050876375,2094.3478441331536,75969.53120292164,123.73333333333333
1790153522,12,TPOT,completion,0.200000,0.000000,580,580,580,580,580,580,580,580,580,580,580,29,0,520,528.2283218513905,466.97701130788334,581.768038015314,0.0
1790153522,12,TTFT,completion,0.200000,0.000000,2400,2400,2400,2400,2400,2400,2400,2400,2400,2400,2400,30,0,2400,2552.8156825962164,1558.6002820637077,4830.909005133435,0.0
1790153522,12,,Aggregated,0.600000,0.000000,2400,2400,76000,76000,76000,76000,76000,76000,76000,76000,76000,89,0,2200,23752.475360387514,466.97701130788334,75969.53120292164,41.70786516853933
1790153523,12,POST,completion,0.200000,0.000000,76000,76000,76000,76000,76000,76000,76000,76000,76000,76000,76000,30,0,69000,67402.24050876375,2094.3478441331536,75969.53120292164,123.73333333333333
1790153523,12,TPOT,completion,0.200000,0.000000,580,580,580,580,580,580,580,580,580,580,580,29,0,520,528.2283218513905,466.97701130788334,581.768038015314,0.0
1790153523,12,TTFT,completion,0.200000,0.000000,2400,2400,2400,2400,2400,2400,2400,2400,2400,2400,2400,30,0,2400,2552.8156825962164,1558.6002820637077,4830.909005133435,0.0
1790153523,12,,Aggregated,0.600000,0.000000,2400,2400,76000,76000,76000,76000,76000,76000,76000,76000,76000,89,0,2200,23752.475360387514,466.97701130788334,75969.53120292164,41.70786516853933
1790153524,12,POST,completion,0.200000,0.000000,76000,76000,76000,76000,76000,76000,76000,76000,76000,76000,76000,30,0,69000,67402.24050876375,2094.3478441331536,75969.53120292164,123.73333333333333
1790153524,12,TPOT,completion,0.200000,0.000000,580,580,580,580,580,580,580,580,580,580,580,29,0,520,528.2283218513905,466.97701130788334,581.768038015314,0.0
1790153524,12,TTFT,completion,0.200000,0.000000,2400,2400,2400,2400,2400,2400,2400,2400,2400,2400,2400,30,0,2400,2552.8156825962164,1558.6002820637077,4830.909005133435,0.0
1790153524,12,,Aggregated,0.600000,0.000000,2400,2400,76000,76000,76000,76000,76000,76000,76000,76000,76000,89,0,2200,23752.475360387514,466.97701130788334,75969.53120292164,41.70786516853933
1790153525,12,POST,completion,0.200000,0.000000,76000,76000,76000,76000,76000,76000,76000,76000,76000,76000,76000,30,0,69000,67402.24050876375,2094.3478441331536,75969.53120292164,123.73333333333333
1790153525,12,TPOT,completion,0.200000,0.000000,580,580,580,580,580,580,580,580,580,580,580,29,0,520,528.2283218513905,466.97701130788334,581.768038015314,0.0
1790153525,12,TTFT,completion,0.200000,0.000000,2400,2400,2400,2400,2400,2400,2400,2400,2400,2400,2400,30,0,2400,2552.8156825962164,1558.6002820637077,4830.909005133435,0.0
1790153525,12,,Aggregated,0.600000,0.000000,2400,2400,76000,76000,76000,76000,76000,76000,76000,76000,76000,89,0,2200,23752.475360387514,466.97701130788334,75969.53120292164,41.70786516853933
1790153526,12,POST,completion,0.200000,0.000000,76000,76000,76000,76000,76000,76000,76000,76000,76000,76000,76000,30,0,69000,67402.24050876375,2094.3478441331536,75969.53120292164,123.73333333333333
1790153526,12,TPOT,completion,0.200000,0.000000,580,580,580,580,580,580,580,580,580,580,580,29,0,520,528.2283218513905,466.97701130788334,581.768038015314,0.0
1790153526,12,TTFT,completion,0.200000,0.000000,2400,2400,2400,2400,2400,2400,2400,2400,2400,2400,2400,30,0,2400,2552.8156825962164,1558.6002820637077,4830.909005133435,0.0
1790153526,12,,Aggregated,0.600000,0.000000,2400,2400,76000,76000,76000,76000,76000,76000,76000,76000,76000,89,0,2200,23752.475360387514,466.97701130788334,75969.53120292164,41.70786516853933
1790153527,12,POST,completion,0.200000,0.000000,76000,76000,76000,76000,76000,76000,76000,76000,76000,76000,76000,30,0,69000,67402.24050876375,2094.3478441331536,75969.53120292164,123.73333333333333
1790153527,12,TPOT,completion,0.200000,0.000000,580,580,580,580,580,580,580,580,580,580,580,29,0,520,528.2283218513905,466.97701130788334,581.768038015314,0.0
1790153527,12,TTFT,completion,0.200000,0.000000,2400,2400,2400,2400,2400,2400,2400,2400,2400,2400,2400,30,0,2400,2552.8156825962164,1558.6002820637077,4830.909005133435,0.0
1790153527,12,,Aggregated,0.600000,0.000000,2400,2400,76000,76000,76000,76000,76000,76000,76000,76000,76000,89,0,2200,23752.475360387514,466.97701130788334,75969.53120292164,41.70786516853933
1790153528,12,POST,completion,0.200000,0.000000,76000,76000,76000,76000,76000,76000,76000,76000,76000,76000,76000,30,0,69000,67402.24050876375,2094.3478441331536,75969.53120292164,123.73333333333333
1790153528,12,TPOT,completion,0.200000,0.000000,580,580,580,580,580,580,580,580,580,580,580,29,0,520,528.2283218513905,466.97701130788334,581.768038015314,0.0
1790153528,12,TTFT,completion,0.200000,0.000000,2400,2400,2400,2400,2400,2400,2400,2400,2400,2400,2400,30,0,2400,2552.8156825962164,1558.6002820637077,4830.909005133435,0.0
1790153528,12,,Aggregated,0.600000,0.000000,2400,2400,76000,76000,76000,76000,76000,76000,76000,76000,76000,89,0,2200,23752.475360387514,466.97701130788334,75969.53120292164,41.70786516853933
1790153529,12,POST,completion,0.200000,0.000000,76000,76000,76000,76000,76000,76000,76000,76000,76000,76000,76000,30,0,69000,67402.24050876375,2094.3478441331536,75969.53120292164,123.73333333333333
1790153529,12,TPOT,completion,0.200000,0.000000,580,580,580,580,580,580,580,580,580,580,580,29,0,520,528.2283218513905,466.97701130788334,581.768038015314,0.0
1790153529,12,TTFT,completion,0.200000,0.000000,2400,2400,2400,2400,2400,2400,2400,2400,2400,2400,2400,30,0,2400,2552.8156825962164,1558.6002820637077,4830.909005133435,0.0
1790153529,12,,Aggregated,0.600000,0.000000,2400,2400,76000,76000,76000,76000,76000,76000,76000,76000,76000,89,0,2200,23752.475360387514,466.97701130788334,75969.53120292164,41.70786516853933
1790153530,12,POST,completion,0.200000,0.000000,76000,76000,76000,76000,76000,76000,76000,76000,76000,76000,76000,30,0,69000,67402.24050876375,2094.3478441331536,75969.53120292164,123.73333333333333
1790153530,12,TPOT,completion,0.200000,0.000000,580,580,580,580,580,580,580,580,580,580,580,29,0,520,528.2283218513905,466.97701130788334,581.768038015314,0.0
1790153530,12,TTFT,completion,0.200000,0.000000,2400,2400,2400,2400,2400,2400,2400,2400,2400,2400,2400,30,0,2400,2552.8156825962164,1558.6002820637077,4830.909005133435,0.0
1790153530,12,,Aggregated,0.600000,0.000000,2400,2400,76000,76000,76000,76000,76000,76000,76000,76000,76000,89,0,2200,23752.475360387514,466.97701130788334,75969.53120292164,41.70786516853933
1790153531,12,POST,completion,0.200000,0.000000,76000,76000,76000,76000,76000,76000,76000,76000,76000,76000,76000,30,0,69000,67402.24050876375,2094.3478441331536,75969.53120292164,123.73333333333333
1790153531,12,TPOT,completion,0.200000,0.000000,580,580,580,580,580,580,580,580,580,580,580,29,0,520,528.2283218513905,466.97701130788334,581.768038015314,0.0
1790153531,12,TTFT,completion,0.200000,0.000000,2400,2400,2400,2400,2400,2400,2400,2400,2400,2400,2400,30,0,2400,2552.8156825962164,1558.6002820637077,4830.909005133435,0.0
1790153531,12,,Aggregated,0.600000,0.000000,2400,2400,76000,76000,76000,76000,76000,76000,76000,76000,76000,89,0,2200,23752.475360387514,466.97701130788334,75969.53120292164,41.70786516853933
1790153532,12,POST,completion,0.100000,0.000000,75000,75000,76000,76000,76000,76000,76000,76000,76000,76000,76000,32,0,70000,67826.08077043551,2094.3478441331536,75969.53120292164,124.0
1790153532,12,TPOT,completion,0.100000,0.000000,570,570,580,580,580,580,580,580,580,580,580,31,0,530,530.8067158980762,466.97701130788334,581.768038015314,0.0
1790153532,12,TTFT,completion,0.100000,0.000000,2100,2100,2400,2400,2400,2400,2400,2400,2400,2400,2400,32,0,2200,2519.671999143611,1558.6002820637077,4830.909005133435,0.0
1790153532,12,,Aggregated,0.300000,0.000000,2100,2400,73000,75000,76000,76000,76000,76000,76000,76000,76000,95,0,2100,23868.622071782862,466.97701130788334,75969.53120292164,41.76842105263158
1790153533,12,POST,completion,0.100000,0.000000,75000,75000,76000,76000,76000,76000,76000,76000,76000,76000,76000,32,0,70000,67826.08077043551,2094.3478441331536,75969.53120292164,124.0
1790153533,12,TPOT,completion,0.100000,0.000000,570,570,580,580,580,580,580,580,580,580,580,31,0,530,530.8067158980762,466.97701130788334,581.768038015314,0.0
1790153533,12,TTFT,completion,0.100000,0.000000,2100,2100,2400,2400,2400,2400,2400,2400,2400,2400,2400,32,0,2200,2519.671999143611,1558.6002820637077,4830.909005133435,0.0
1790153533,12,,Aggregated,0.300000,0.000000,2100,2400,73000,75000,76000,76000,76000,76000,76000,76000,76000,95,0,2100,23868.622071782862,466.97701130788334,75969.53120292164,41.76842105263158
1790153534,12,POST,completion,0.100000,0.000000,75000,75000,76000,76000,76000,76000,76000,76000,76000,76000,76000,32,0,70000,67826.08077043551,2094.3478441331536,75969.53120292164,124.0
1790153534,12,TPOT,completion,0.100000,0.000000,570,570,580,580,580,580,580,580,580,580,580,31,0,530,530.8067158980762,466.97701130788334,581.768038015314,0.0
1790153534,12,TTFT,completion,0.100000,0.000000,2100,2100,2400,2400,2400,2400,2400,2400,2400,2400,2400,32,0,2200,2519.671999143611,1558.6002820637077,4830.909005133435,0.0
1790153534,12,,Aggregated,0.300000,0.000000,2100,2400,73000,75000,76000,76000,76000,76000,76000,76000,76000,95,0,2100,23868.622071782862,466.97701130788334,75969.53120292164,41.76842105263158
1790153535,12,POST,completion,0.100000,0.000000,75000,75000,75000,75000,75000,75000,75000,75000,75000,75000,75000,32,0,70000,67826.08077043551,2094.3478441331536,75969.53120292164,124.0
1790153535,12,TPOT,completion,0.100000,0.000000,570,570,570,570,570,570,570,570,570,570,570,31,0,530,530.8067158980762,466.97701130788334,581.768038015314,0.0
1790153535,12,TTFT,completion,0.100000,0.000000,2100,2100,2100,2100,2100,2100,2100,2100,2100,2100,2100,32,0,2200,2519.671999143611,1558.6002820637077,4830.909005133435,0.0
1790153535,12,,Aggregated,0.300000,0.000000,2100,2100,73000,73000,75000,75000,75000,75000,75000,75000,75000,95,0,2100,23868.622071782862,466.97701130788334,75969.53120292164,41.76842105263158
1790153536,12,POST,completion,0.100000,0.000000,75000,75000,75000,75000,75000,75000,75000,75000,75000,75000,75000,32,0,70000,67826.08077043551,2094.3478441331536,75969.53120292164,124.0
1790153536,12,TPOT,completion,0.100000,0.000000,570,570,570,570,570,570,570,570,570,570,570,31,0,530,530.8067158980762,466.97701130788334,581.768038015314,0.0
1790153536,12,TTFT,completion,0.100000,0.000000,2100,2100,2100,2100,2100,2100,2100,2100,2100,2100,2100,32,0,2200,2519.671999143611,1558.6002820637077,4830.909005133435,0.0
1790153536,12,,Aggregated,0.300000,0.000000,2100,2100,73000,73000,75000,75000,75000,75000,75000,75000,75000,95,0,2100,23868.622071782862,466.97701130788334,75969.53120292164,41.76842105263158
1790153537,12,POST,completion,0.100000,0.000000,75000,75000,75000,75000,75000,75000,75000,75000,75000,75000,75000,32,0,70000,67826.08077043551,2094.3478441331536,75969.53120292164,124.0
1790153537,12,TPOT,completion,0.100000,0.000000,570,570,570,570,570,570,570,570,570,570,570,31,0,530,530.8067158980762,466.97701130788334,581.768038015314,0.0
1790153537,12,TTFT,completion,0.100000,0.000000,2100,2100,2100,2100,2100,2100,2100,2100,2100,2100,2100,32,0,2200,2519.671999143611,1558.6002820637077,4830.909005133435,0.0
1790153537,12,,Aggregated,0.300000,0.000000,2100,2100,73000,73000,75000,75000,75000,75000,75000,75000,75000,95,0,2100,23868.622071782862,466.97701130788334,75969.53120292164,41.76842105263158
1790153538,12,POST,completion,0.200000,0.000000,74000,74000,75000,75000,75000,75000,75000,75000,75000,75000,75000,33,0,70000,68021.11284266169,2094.3478441331536,75969.53120292164,124.12121212121212
1790153538,12,TPOT,completion,0.200000,0.000000,570,570,570,570,570,570,570,570,570,570,570,32,0,530,532.0129885842865,466.97701130788334,581.768038015314,0.0
1790153538,12,TTFT,completion,0.200000,0.000000,1900,1900,2100,2100,2100,2100,2100,2100,2100,2100,2100,33,0,2100,2502.311830049042,1558.6002820637077,4830.909005133435,0.0
1790153538,12,,Aggregated,0.600000,0.000000,1900,2100,73000,74000,75000,75000,75000,75000,75000,75000,75000,98,0,2100,23921.40234524644,466.97701130788334,75969.53120292164,41.795918367346935
1790153539,12,POST,completion,0.200000,0.000000,74000,74000,75000,75000,75000,75000,75000,75000,75000,75000,75000,33,0,70000,68021.11284266169,2094.3478441331536,75969.53120292164,124.12121212121212
1790153539,12,TPOT,completion,0.200000,0.000000,570,570,570,570,570,570,570,570,570,570,570,32,0,530,532.0129885842865,466.97701130788334,581.768038015314,0.0
1790153539,12,TTFT,completion,0.200000,0.000000,1900,1900,2100,2100,2100,2100,2100,2100,2100,2100,2100,33,0,2100,2502.311830049042,1558.6002820637077,4830.909005133435,0.0
1790153539,12,,Aggregated,0.600000,0.000000,1900,2100,73000,74000,75000,75000,75000,75000,75000,75000,75000,98,0,2100,23921.40234524644,466.97701130788334,75969.53120292164,41.795918367346935
1790153540,12,POST,completion,0.200000,0.000000,74000,74000,75000,75000,75000,75000,75000,75000,75000,75000,75000,33,0,70000,68021.11284266169,2094.3478441331536,75969.53120292164,124.12121212121212
1790153540,12,TPOT,completion,0.200000,0.000000,570,570,570,570,570,570,570,570,570,570,570,32,0,530,532.0129885842865,466.97701130788334,581.768038015314,0.0
1790153540,12,TTFT,completion,0.200000,0.000000,1900,1900,2100,2100,2100,2100,2100,2100,2100,2100,2100,33,0,2100,2502.311830049042,1558.6002820637077,4830.909005133435,0.0
1790153540,12,,Aggregated,0.600000,0.000000,1900,2100,73000,74000,75000,75000,75000,75000,75000,75000,75000,98,0,2100,23921.40234524644,466.97701130788334,75969.53120292164,41.795918367346935
1790153541,12,POST,completion,0.200000,0.000000,74000,74000,75000,75000,75000,75000,75000,75000,75000,75000,75000,33,0,70000,68021.11284266169,2094.3478441331536,75969.53120292164,124.12121212121212
1790153541,12,TPOT,completion,0.200000,0.000000,570,570,570,570,570,570,570,570,570,570,570,32,0,530,532.0129885842865,466.97701130788334,581.768038015314,0.0
1790153541,12,TTFT,completion,0.200000,0.000000,1900,1900,2100,2100,2100,2100,2100,2100,2100,2100,2100,33,0,2100,2502.311830049042,1558.6002820637077,4830.909005133435,0.0
1790153541,12,,Aggregated,0.600000,0.000000,1900,2100,73000,74000,75000,75000,75000,75000,75000,75000,75000,98,0,2100,23921.40234524644,466.97701130788334,75969.53120292164,41.795918367346935
1790153542,12,POST,completion,0.200000,0.000000,74000,74000,75000,75000,75000,75000,75000,75000,75000,75000,75000,33,0,70000,68021.11284266169,2094.3478441331536,75969.53120292164,124.12121212121212
1790153542,12,TPOT,completion,0.200000,0.000000,570,570,570,570,570,570,570,570,570,570,570,32,0,530,532.0129885842865,466.97701130788334,581.768038015314,0.0
1790153542,12,TTFT,completion,0.200000,0.000000,1900,1900,2100,2100,2100,2100,2100,2100,2100,2100,2100,33,0,2100,2502.311830049042,1558.6002820637077,4830.909005133435,0.0
1790153542,12,,Aggregated,0.600000,0.000000,1900,2100,73000,74000,75000,75000,75000,75000,75000,75000,75000,98,0,2100,23921.40234524644,466.97701130788334,75969.53120292164,41.795918367346935
1790153543,12,POST,completion,0.200000,0.000000,74000,74000,75000,75000,75000,75000,75000,75000,75000,75000,75000,33,0,70000,68021.11284266169,2094.3478441331536,75969.53120292164,124.12121212121212
1790153543,12,TPOT,completion,0.200000,0.000000,570,570,570,570,570,570,570,570,570,570,570,32,0,530,532.0129885842865,466.97701130788334,581.768038015314,0.0
1790153543,12,TTFT,completion,0.200000,0.000000,1900,1900,2100,2100,2100,2100,2100,2100,2100,2100,2100,33,0,2100,2502.311830049042,1558.6002820637077,4830.909005133435,0.0
1790153543,12,,Aggregated,0.600000,0.000000,1900,2100,73000,74000,75000,75000,75000,75000,75000,75000,75000,98,0,2100,23921.40234524644,466.97701130788334,75969.53120292164,41.795918367346935
1790153544,12,POST,completion,0.200000,0.000000,74000,74000,74000,74000,74000,74000,74000,74000,74000,74000,74000,33,0,70000,68021.11284266169,2094.3478441331536,75969.53120292164,124.12121212121212
1790153544,12,TPOT,completion,0.200000,0.000000,570,570,570,570,570,570,570,570,570,570,570,32,0,530,532.0129885842865,466.97701130788334,581.768038015314,0.0
1790153544,12,TTFT,completion,0.200000,0.000000,1900,1900,1900,1900,1900,1900,1900,1900,1900,1900,1900,33,0,2100,2502.311830049042,1558.6002820637077,4830.909005133435,0.0
1790153544,12,,Aggregated,0.600000,0.000000,1900,1900,74000,74000,74000,74000,74000,74000,74000,74000,74000,98,0,2100,23921.40234524644,466.97701130788334,75969.53120292164,41.795918367346935
1790153545,12,POST,completion,0.200000,0.000000,74000,74000,74000,74000,74000,74000,74000,74000,74000,74000,74000,33,0,70000,68021.11284266169,2094.3478441331536,75969.53120292164,124.12121212121212
1790153545,12,TPOT,completion,0.200000,0.000000,570,570,570,570,570,570,570,570,570,570,570,32,0,530,532.0129885842865,466.97701130788334,581.768038015314,0.0
1790153545,12,TTFT,completion,0.200000,0.000000,1900,1900,1900,1900,1900,1900,1900,1900,1900,1900,1900,33,0,2100,2502.311830049042,1558.6002820637077,4830.909005133435,0.0
1790153545,12,,Aggregated,0.600000,0.000000,1900,1900,74000,74000,74000,74000,74000,74000,74000,74000,74000,98,0,2100,23921.40234524644,466.97701130788334,75969.53120292164,41.795918367346935
1790153546,12,POST,completion,0.100000,0.000000,75000,75000,75000,75000,75000,75000,75000,75000,75000,75000,75000,34,0,70000,68216.05297678616,2094.3478441331536,75969.53120292164,124.23529411764706
1790153546,12,TPOT,completion,0.100000,0.000000,570,570,570,570,570,570,570,570,570,570,570,33,0,530,533.1354814446463,466.97701130788334,581.768038015314,0.0
1790153546,12,TTFT,completion,0.100000,0.000000,2400,2400,2400,2400,2400,2400,2400,2400,2400,2400,2400,34,0,2200,2498.677176046733,1558.6002820637077,4830.909005133435,0.0
1790153546,12,,Aggregated,0.300000,0.000000,2400,2400,74000,74000,75000,75000,75000,75000,75000,75000,75000,101,0,2100,23979.151446376152,466.97701130788334,75969.53120292164,41.82178217821782
1790153547,12,POST,completion,0.100000,0.000000,75000,75000,75000,75000,75000,75000,75000,75000,75000,75000,75000,34,0,70000,68216.05297678616,2094.3478441331536,75969.53120292164,124.23529411764706
1790153547,12,TPOT,completion,0.100000,0.000000,570,570,570,570,570,570,570,570,570,570,570,33,0,530,533.1354814446463,466.97701130788334,581.768038015314,0.0
1790153547,12,TTFT,completion,0.100000,0.000000,2400,2400,2400,2400,2400,2400,2400,2400,2400,2400,2400,34,0,2200,2498.677176046733,1558.6002820637077,4830.909005133435,0.0
1790153547,12,,Aggregated,0.300000,0.000000,2400,2400,74000,74000,75000,75000,75000,75000,75000,75000,75000,101,0,2100,23979.151446376152,466.97701130788334,75969.53120292164,41.82178217821782
1790153548,12,POST,completion,0.100000,0.000000,75000,75000,75000,75000,75000,75000,75000,75000,75000,75000,75000,34,0,70000,68216.05297678616,2094.3478441331536,75969.53120292164,124.23529411764706
1790153548,12,TPOT,completion,0.100000,0.000000,570,570,570,570,570,570,570,570,570,570,570,33,0,530,533.1354814446463,466.97701130788334,581.768038015314,0.0
1790153548,12,TTFT,completion,0.100000,0.000000,2400,2400,2400,2400,2400,2400,2400,2400,2400,2400,2400,34,0,2200,2498.677176046733,1558.6002820637077,4830.909005133435,0.0
1790153548,12,,Aggregated,0.300000,0.000000,2400,2400,74000,74000,75000,75000,75000,75000,75000,75000,75000,101,0,2100,23979.151446376152,466.97701130788334,75969.53120292164,41.82178217821782
1790153549,12,POST,completion,0.100000,0.000000,75000,75000,75000,75000,75000,75000,75000,75000,75000,75000,75000,34,0,70000,68216.05297678616,2094.3478441331536,75969.53120292164,124.23529411764706
1790153549,12,TPOT,completion,0.100000,0.000000,570,570,570,570,570,570,570,570,570,570,570,33,0,530,533.1354814446463,466.97701130788334,581.768038015314,0.0
1790153549,12,TTFT,completion,0.100000,0.000000,2400,2400,2400,2400,2400,2400,2400,2400,2400,2400,2400,34,0,2200,2498.677176046733,1558.6002820637077,4830.909005133435,0.0
1790153549,12,,Aggregated,0.300000,0.000000,2400,2400,74000,74000,75000,75000,75000,75000,75000,75000,75000,101,0,2100,23979.151446376152,466.97701130788334,75969.53120292164,41.82178217821782
1790153550,12,POST,completion,0.100000,0.000000,75000,75000,75000,75000,75000,75000,75000,75000,75000,75000,75000,34,0,70000,68216.05297678616,2094.3478441331536,75969.53120292164,124.23529411764706
1790153550,12,TPOT,completion,0.100000,0.000000,570,570,570,570,570,570,570,570,570,570,570,33,0,530,533.1354814446463,466.97701130788334,581.768038015314,0.0
1790153550,12,TTFT,completion,0.100000,0.000000,2400,2400,2400,2400,2400,2400,2400,2400,2400,2400,2400,34,0,2200,2498.677176046733,1558.6002820637077,4830.909005133435,0.0
1790153550,12,,Aggregated,0.300000,0.000000,2400,2400,74000,74000,75000,75000,75000,75000,75000,75000,75000,101,0,2100,23979.151446376152,466.97701130788334,75969.53120292164,41.82178217821782
1790153551,12,POST,completion,0.100000,0.000000,75000,75000,75000,75000,75000,75000,75000,75000,75000,75000,75000,34,0,70000,68216.05297678616,2094.3478441331536,75969.53120292164,124.23529411764706
1790153551,12,TPOT,completion,0.100000,0.000000,570,570,570,570,570,570,570,570,570,570,570,33,0,530,533.1354814446463,466.97701130788334,581.768038015314,0.0
1790153551,12,TTFT,completion,0.100000,0.000000,2400,2400,2400,2400,2400,2400,2400,2400,2400,2400,2400,34,0,2200,2498.677176046733,1558.6002820637077,4830.909005133435,0.0
1790153551,12,,Aggregated,0.300000,0.000000,2400,2400,75000,75000,75000,75000,75000,75000,75000,75000,75000,101,0,2100,23979.151446376152,466.97701130788334,75969.53120292164,41.82178217821782
1790153552,12,POST,completion,0.100000,0.000000,75000,75000,75000,75000,75000,75000,75000,75000,75000,75000,75000,34,0,70000,68216.05297678616,2094.3478441331536,75969.53120292164,124.23529411764706
1790153552,12,TPOT,completion,0.100000,0.000000,570,570,570,570,570,570,570,570,570,570,570,33,0,530,533.1354814446463,466.97701130788334,581.768038015314,0.0
1790153552,12,TTFT,completion,0.100000,0.000000,2400,2400,2400,2400,2400,2400,2400,2400,2400,2400,2400,34,0,2200,2498.677176046733,1558.6002820637077,4830.909005133435,0.0
1790153552,12,,Aggregated,0.300000,0.000000,2400,2400,75000,75000,75000,75000,75000,75000,75000,75000,75000,101,0,2100,23979.151446376152,466.97701130788334,75969.53120292164,41.82178217821782
1790153553,12,POST,completion,0.100000,0.000000,75000,75000,75000,75000,75000,75000,75000,75000,75000,75000,75000,34,0,70000,68216.05297678616,2094.3478441331536,75969.53120292164,124.23529411764706
1790153553,12,TPOT,completion,0.100000,0.000000,570,570,570,570,570,570,570,570,570,570,570,33,0,530,533.1354814446463,466.97701130788334,581.768038015314,0.0
1790153553,12,TTFT,completion,0.100000,0.000000,2400,2400,2400,2400,2400,2400,2400,2400,2400,2400,2400,34,0,2200,2498.677176046733,1558.6002820637077,4830.909005133435,0.0
1790153553,12,,Aggregated,0.300000,0.000000,2400,2400,75000,75000,75000,75000,75000,75000,75000,75000,75000,101,0,2100,23979.151446376152,466.97701130788334,75969.53120292164,41.82178217821782
1790153554,12,POST,completion,0.100000,0.000000,74000,74000,75000,75000,75000,75000,75000,75000,75000,75000,75000,36,0,72000,68564.02880118953,2094.3478441331536,75969.53120292164,124.44444444444444
1790153554,12,TPOT,completion,0.100000,0.000000,550,550,570,570,570,570,570,570,570,570,570,35,0,540,534.2176834447152,466.97701130788334,581.768038015314,0.0
1790153554,12,TTFT,completion,0.100000,0.000000,4200,4200,4500,4500,4500,4500,4500,4500,4500,4500,4500,36,0,2400,2602.3967351518677,1558.6002820637077,4830.909005133435,0.0
1790153554,12,,Aggregated,0.300000,0.000000,4200,4500,74000,74000,75000,75000,75000,75000,75000,75000,75000,107,0,2200,24118.58820774631,466.97701130788334,75969.53120292164,41.86915887850467
1790153555,12,POST,completion,0.100000,0.000000,74000,74000,75000,75000,75000,75000,75000,75000,75000,75000,75000,36,0,72000,68564.02880118953,2094.3478441331536,75969.53120292164,124.44444444444444
1790153555,12,TPOT,completion,0.100000,0.000000,550,550,570,570,570,570,570,570,570,570,570,35,0,540,534.2176834447152,466.97701130788334,581.768038015314,0.0
1790153555,12,TTFT,completion,0.100000,0.000000,4200,4200,4500,4500,4500,4500,4500,4500,4500,4500,4500,36,0,2400,2602.3967351518677,1558.6002820637077,4830.909005133435,0.0
1790153555,12,,Aggregated,0.300000,0.000000,4200,4500,74000,74000,75000,75000,75000,75000,75000,75000,75000,107,0,2200,24118.58820774631,466.97701130788334,75969.53120292164,41.86915887850467
1790153556,12,POST,completion,0.100000,0.000000,74000,74000,75000,75000,75000,75000,75000,75000,75000,75000,75000,36,0,72000,68564.02880118953,2094.3478441331536,75969.53120292164,124.44444444444444
1790153556,12,TPOT,completion,0.100000,0.000000,550,550,570,570,570,570,570,570,570,570,570,35,0,540,534.2176834447152,466.97701130788334,581.768038015314,0.0
1790153556,12,TTFT,completion,0.100000,0.000000,4200,4200,4500,4500,4500,4500,4500,4500,4500,4500,4500,36,0,2400,2602.3967351518677,1558.6002820637077,4830.909005133435,0.0
1790153556,12,,Aggregated,0.300000,0.000000,4200,4500,74000,74000,75000,75000,75000,75000,75000,75000,75000,107,0,2200,24118.58820774631,466.97701130788334,75969.53120292164,41.86915887850467
1790153557,12,POST,completion,0.100000,0.000000,74000,74000,75000,75000,75000,75000,75000,75000,75000,75000,75000,36,0,72000,68564.02880118953,2094.3478441331536,75969.53120292164,124.44444444444444
1790153557,12,TPOT,completion,0.100000,0.000000,550,550,570,570,570,570,570,570,570,570,570,35,0,540,534.2176834447152,466.97701130788334,581.768038015314,0.0
1790153557,12,TTFT,completion,0.100000,0.000000,4200,4200,4500,4500,4500,4500,4500,4500,4500,4500,4500,36,0,2400,2602.3967351518677,1558.6002820637077,4830.909005133435,0.0
1790153557,12,,Aggregated,0.300000,0.000000,4200,4500,74000,74000,75000,75000,75000,75000,75000,75000,75000,107,0,2200,24118.58820774631,466.97701130788334,75969.53120292164,41.86915887850467
1790153558,12,POST,completion,0.100000,0.000000,74000,74000,75000,75000,75000,75000,75000,75000,75000,75000,75000,36,0,72000,68564.02880118953,2094.3478441331536,75969.53120292164,124.44444444444444
1790153558,12,TPOT,completion,0.100000,0.000000,550,550,570,570,570,570,570,570,570,570,570,35,0,540,534.2176834447152,466.97701130788334,581.768038015314,0.0
1790153558,12,TTFT,completion,0.100000,0.000000,4200,4200,4500,4500,4500,4500,4500,4500,4500,4500,4500,36,0,2400,2602.3967351518677,1558.6002820637077,4830.909005133435,0.0
1790153558,12,,Aggregated,0.300000,0.000000,4200,4500,74000,74000,75000,75000,75000,75000,75000,75000,75000,107,0,2200,24118.58820774631,466.97701130788334,75969.53120292164,41.86915887850467
1790153559,12,POST,completion,0.100000,0.000000,74000,74000,74000,74000,74000,74000,74000,74000,74000,74000,74000,36,0,72000,68564.02880118953,2094.3478441331536,75969.53120292164,124.44444444444444
1790153559,12,TPOT,completion,0.100000,0.000000,550,550,550,550,550,550,550,550,550,550,550,35,0,540,534.2176834447152,466.97701130788334,581.768038015314,0.0
1790153559,12,TTFT,completion,0.100000,0.000000,4500,4500,4500,4500,4500,4500,4500,4500,4500,4500,4500,36,0,2400,2602.3967351518677,1558.6002820637077,4830.909005133435,0.0
1790153559,12,,Aggregated,0.300000,0.000000,4500,4500,74000,74000,74000,74000,74000,74000,74000,74000,74000,107,0,2200,24118.58820774631,466.97701130788334,75969.53120292164,41.86915887850467
1790153560,12,POST,completion,0.100000,0.000000,74000,74000,74000,74000,74000,74000,74000,74000,74000,74000,74000,36,0,72000,68564.02880118953,2094.3478441331536,75969.53120292164,124.44444444444444
1790153560,12,TPOT,completion,0.100000,0.000000,550,550,550,550,550,550,550,550,550,550,550,35,0,540,534.2176834447152,466.97701130788334,581.768038015314,0.0
1790153560,12,TTFT,completion,0.100000,0.000000,4500,4500,4500,4500,4500,4500,4500,4500,4500,4500,4500,36,0,2400,2602.3967351518677,1558.6002820637077,4830.909005133435,0.0
1790153560,12,,Aggregated,0.300000,0.000000,4500,4500,74000,74000,74000,74000,74000,74000,74000,74000,74000,107,0,2200,24118.58820774631,466.97701130788334,75969.53120292164,41.86915887850467
1790153561,12,POST,completion,0.100000,0.000000,74000,74000,74000,74000,74000,74000,74000,74000,74000,74000,74000,36,0,72000,68564.02880118953,2094.3478441331536,75969.53120292164,124.44444444444444
1790153561,12,TPOT,completion,0.100000,0.000000,550,550,550,550,550,550,550,550,550,550,550,35,0,540,534.2176834447152,466.97701130788334,581.768038015314,0.0
1790153561,12,TTFT,completion,0.100000,0.000000,4500,4500,4500,4500,4500,4500,4500,4500,4500,4500,4500,36,0,2400,2602.3967351518677,1558.6002820637077,4830.909005133435,0.0
1790153561,12,,Aggregated,0.300000,0.000000,4500,4500,74000,74000,74000,74000,74000,74000,74000,74000,74000,107,0,2200,24118.58820774631,466.97701130788334,75969.53120292164,41.86915887850467
1790153562,12,POST,completion,0.100000,0.000000,74000,74000,74000,74000,74000,74000,74000,74000,74000,74000,74000,36,0,72000,68564.02880118953,2094.3478441331536,75969.53120292164,124.44444444444444
1790153562,12,TPOT,completion,0.100000,0.000000,550,550,550,550,550,550,550,550,550,550,550,35,0,540,534.2176834447152,466.97701130788334,581.768038015314,0.0
1790153562,12,TTFT,completion,0.100000,0.000000,4500,4500,4500,4500,4500,4500,4500,4500,4500,4500,4500,36,0,2400,2602.3967351518677,1558.6002820637077,4830.909005133435,0.0
1790153562,12,,Aggregated,0.300000,0.000000,4500,4500,74000,74000,74000,74000,74000,74000,74000,74000,74000,107,0,2200,24118.58820774631,466.97701130788334,75969.53120292164,41.86915887850467
1790153563,12,POST,completion,0.100000,0.000000,74000,74000,74000,74000,74000,74000,74000,74000,74000,74000,74000,36,0,72000,68564.02880118953,2094.3478441331536,75969.53120292164,124.44444444444444
1790153563,12,TPOT,completion,0.100000,0.000000,550,550,550,550,550,550,550,550,550,550,550,35,0,540,534.2176834447152,466.97701130788334,581.768038015314,0.0
1790153563,12,TTFT,completion,0.100000,0.000000,4500,4500,4500,4500,4500,4500,4500,4500,4500,4500,4500,36,0,2400,2602.3967351518677,1558.6002820637077,4830.909005133435,0.0
1790153563,12,,Aggregated,0.300000,0.000000,4500,4500,74000,74000,74000,74000,74000,74000,74000,74000,74000,107,0,2200,24118.58820774631,466.97701130788334,75969.53120292164,41.86915887850467
1790153564,12,POST,completion,0.100000,0.000000,74000,74000,74000,74000,74000,74000,74000,74000,74000,74000,74000,36,0,72000,68564.02880118953,2094.3478441331536,75969.53120292164,124.44444444444444
1790153564,12,TPOT,completion,0.100000,0.000000,550,550,550,550,550,550,550,550,550,550,550,35,0,540,534.2176834447152,466.97701130788334,581.768038015314,0.0
1790153564,12,TTFT,completion,0.100000,0.000000,4500,4500,4500,4500,4500,4500,4500,4500,4500,4500,4500,36,0,2400,2602.3967351518677,1558.6002820637077,4830.909005133435,0.0
1790153564,12,,Aggregated,0.300000,0.000000,4500,4500,74000,74000,74000,74000,74000,74000,74000,74000,74000,107,0,2200,24118.58820774631,466.97701130788334,75969.53120292164,41.86915887850467
1790153565,12,POST,completion,0.100000,0.000000,74000,74000,74000,74000,74000,74000,74000,74000,74000,74000,74000,36,0,72000,68564.02880118953,2094.3478441331536,75969.53120292164,124.44444444444444
1790153565,12,TPOT,completion,0.100000,0.000000,550,550,550,550,550,550,550,550,550,550,550,35,0,540,534.2176834447152,466.97701130788334,581.768038015314,0.0
1790153565,12,TTFT,completion,0.100000,0.000000,4500,4500,4500,4500,4500,4500,4500,4500,4500,4500,4500,36,0,2400,2602.3967351518677,1558.6002820637077,4830.909005133435,0.0
1790153565,12,,Aggregated,0.300000,0.000000,4500,4500,74000,74000,74000,74000,74000,74000,74000,74000,74000,107,0,2200,24118.58820774631,466.97701130788334,75969.53120292164,41.86915887850467
1790153566,12,POST,completion,0.100000,0.000000,74000,74000,74000,74000,74000,74000,74000,74000,74000,74000,74000,36,0,72000,68564.02880118953,2094.3478441331536,75969.53120292164,124.44444444444444
1790153566,12,TPOT,completion,0.100000,0.000000,550,550,550,550,550,550,550,550,550,550,550,35,0,540,534.2176834447152,466.97701130788334,581.768038015314,0.0
1790153566,12,TTFT,completion,0.100000,0.000000,4500,4500,4500,4500,4500,4500,4500,4500,4500,4500,4500,36,0,2400,2602.3967351518677,1558.6002820637077,4830.909005133435,0.0
1790153566,12,,Aggregated,0.300000,0.000000,4500,4500,74000,74000,74000,74000,74000,74000,74000,74000,74000,107,0,2200,24118.58820774631,466.97701130788334,75969.53120292164,41.86915887850467
1790153567,12,POST,completion,0.100000,0.000000,74000,74000,74000,74000,74000,74000,74000,74000,74000,74000,74000,36,0,72000,68564.02880118953,2094.3478441331536,75969.53120292164,124.44444444444444
1790153567,12,TPOT,completion,0.100000,0.000000,550,550,550,550,550,550,550,550,550,550,550,35,0,540,534.2176834447152,466.97701130788334,581.768038015314,0.0
1790153567,12,TTFT,completion,0.100000,0.000000,4500,4500,4500,4500,4500,4500,4500,4500,4500,4500,4500,36,0,2400,2602.3967351518677,1558.6002820637077,4830.909005133435,0.0
1790153567,12,,Aggregated,0.300000,0.000000,4500,4500,74000,74000,74000,74000,74000,74000,74000,74000,74000,107,0,2200,24118.58820774631,466.97701130788334,75969.53120292164,41.86915887850467
1790153568,12,POST,completion,0.100000,0.000000,74000,74000,74000,74000,74000,74000,74000,74000,74000,74000,74000,36,0,72000,68564.02880118953,2094.3478441331536,75969.53120292164,124.44444444444444
1790153568,12,TPOT,completion,0.100000,0.000000,550,550,550,550,550,550,550,550,550,550,550,35,0,540,534.2176834447152,466.97701130788334,581.768038015314,0.0
1790153568,12,TTFT,completion,0.100000,0.000000,4500,4500,4500,4500,4500,4500,4500,4500,4500,4500,4500,36,0,2400,2602.3967351518677,1558.6002820637077,4830.909005133435,0.0
1790153568,12,,Aggregated,0.300000,0.000000,4500,4500,74000,74000,74000,74000,74000,74000,74000,74000,74000,107,0,2200,24118.58820774631,466.97701130788334,75969.53120292164,41.86915887850467
1790153569,12,POST,completion,0.100000,0.000000,74000,74000,74000,74000,74000,74000,74000,74000,74000,74000,74000,36,0,72000,68564.02880118953,2094.3478441331536,75969.53120292164,124.44444444444444
1790153569,12,TPOT,completion,0.100000,0.000000,550,550,550,550,550,550,550,550,550,550,550,35,0,540,534.2176834447152,466.97701130788334,581.768038015314,0.0
1790153569,12,TTFT,completion,0.100000,0.000000,4500,4500,4500,4500,4500,4500,4500,4500,4500,4500,4500,36,0,2400,2602.3967351518677,1558.6002820637077,4830.909005133435,0.0
1790153569,12,,Aggregated,0.300000,0.000000,4500,4500,74000,74000,74000,74000,74000,74000,74000,74000,74000,107,0,2200,24118.58820774631,466.97701130788334,75969.53120292164,41.86915887850467
1790153570,12,POST,completion,0.100000,0.000000,74000,74000,74000,74000,74000,74000,74000,74000,74000,74000,74000,36,0,72000,68564.02880118953,2094.3478441331536,75969.53120292164,124.44444444444444
1790153570,12,TPOT,completion,0.100000,0.000000,550,550,550,550,550,550,550,550,550,550,550,35,0,540,534.2176834447152,466.97701130788334,581.768038015314,0.0
1790153570,12,TTFT,completion,0.100000,0.000000,4500,4500,4500,4500,4500,4500,4500,4500,4500,4500,4500,36,0,2400,2602.3967351518677,1558.6002820637077,4830.909005133435,0.0
1790153570,12,,Aggregated,0.300000,0.000000,4500,4500,74000,74000,74000,74000,74000,74000,74000,74000,74000,107,0,2200,24118.58820774631,466.97701130788334,75969.53120292164,41.86915887850467
1790153571,12,POST,completion,0.100000,0.000000,74000,74000,74000,74000,74000,74000,74000,74000,74000,74000,74000,36,0,72000,68564.02880118953,2094.3478441331536,75969.53120292164,124.44444444444444
1790153571,12,TPOT,completion,0.100000,0.000000,550,550,550,550,550,550,550,550,550,550,550,35,0,540,534.2176834447152,466.97701130788334,581.768038015314,0.0
1790153571,12,TTFT,completion,0.100000,0.000000,4500,4500,4500,4500,4500,4500,4500,4500,4500,4500,4500,36,0,2400,2602.3967351518677,1558.6002820637077,4830.909005133435,0.0
1790153571,12,,Aggregated,0.300000,0.000000,4500,4500,74000,74000,74000,74000,74000,74000,74000,74000,74000,107,0,2200,24118.58820774631,466.97701130788334,75969.53120292164,41.86915887850467
1790153572,12,POST,completion,0.100000,0.000000,0,0,0,0,0,0,0,0,0,0,0,36,0,72000,68564.02880118953,2094.3478441331536,75969.53120292164,124.44444444444444
1790153572,12,TPOT,completion,0.100000,0.000000,0,0,0,0,0,0,0,0,0,0,0,35,0,540,534.2176834447152,466.97701130788334,581.768038015314,0.0
1790153572,12,TTFT,completion,0.100000,0.000000,0,0,0,0,0,0,0,0,0,0,0,36,0,2400,2602.3967351518677,1558.6002820637077,4830.909005133435,0.0
1790153572,12,,Aggregated,0.300000,0.000000,0,0,0,0,0,0,0,0,0,0,0,107,0,2200,24118.58820774631,466.97701130788334,75969.53120292164,41.86915887850467
1790153573,12,POST,completion,0.000000,0.000000,0,0,0,0,0,0,0,0,0,0,0,37,0,72000,68657.72817137248,2094.3478441331536,75969.53120292164,124.54054054054055
1790153573,12,TPOT,completion,0.000000,0.000000,0,0,0,0,0,0,0,0,0,0,0,36,0,550,534.5892621526004,466.97701130788334,581.768038015314,0.0
1790153573,12,TTFT,completion,0.000000,0.000000,0,0,0,0,0,0,0,0,0,0,0,37,0,2400,2599.244315202373,1558.6002820637077,4830.909005133435,0.0
1790153573,12,,Aggregated,0.000000,0.000000,0,0,0,0,0,0,0,0,0,0,0,110,0,2400,24143.210867643305,466.97701130788334,75969.53120292164,41.89090909090909
1790153574,12,POST,completion,0.000000,0.000000,72000,72000,72000,72000,72000,72000,72000,72000,72000,72000,72000,38,0,72000,68746.44630031023,2094.3478441331536,75969.53120292164,124.63157894736842
1790153574,12,TPOT,completion,0.000000,0.000000,550,550,550,550,550,550,550,550,550,550,550,37,0,540,534.6588589978223,466.97701130788334,581.768038015314,0.0
1790153574,12,TTFT,completion,0.000000,0.000000,3800,3800,3800,3800,3800,3800,3800,3800,3800,3800,3800,38,0,2400,2631.0694708280557,1558.6002820637077,4830.909005133435,0.0
1790153574,12,,Aggregated,0.000000,0.000000,3800,3800,72000,72000,72000,72000,72000,72000,72000,72000,72000,113,0,2400,24178.123691028097,466.97701130788334,75969.53120292164,41.91150442477876
1790153575,12,POST,completion,0.000000,0.000000,72000,72000,72000,72000,72000,72000,72000,72000,72000,72000,72000,38,0,72000,68746.44630031023,2094.3478441331536,75969.53120292164,124.63157894736842
1790153575,12,TPOT,completion,0.000000,0.000000,550,550,550,550,550,550,550,550,550,550,550,37,0,540,534.6588589978223,466.97701130788334,581.768038015314,0.0
1790153575,12,TTFT,completion,0.000000,0.000000,3800,3800,3800,3800,3800,3800,3800,3800,3800,3800,3800,38,0,2400,2631.0694708280557,1558.6002820637077,4830.909005133435,0.0
1790153575,12,,Aggregated,0.000000,0.000000,3800,3800,72000,72000,72000,72000,72000,72000,72000,72000,72000,113,0,2400,24178.123691028097,466.97701130788334,75969.53120292164,41.91150442477876
1790153576,12,POST,completion,0.000000,0.000000,72000,72000,72000,72000,72000,72000,72000,72000,72000,72000,72000,38,0,72000,68746.44630031023,2094.3478441331536,75969.53120292164,124.63157894736842
1790153576,12,TPOT,completion,0.000000,0.000000,550,550,550,550,550,550,550,550,550,550,550,37,0,540,534.6588589978223,466.97701130788334,581.768038015314,0.0
1790153576,12,TTFT,completion,0.000000,0.000000,3800,3800,3800,3800,3800,3800,3800,3800,3800,3800,3800,38,0,2400,2631.0694708280557,1558.6002820637077,4830.909005133435,0.0
1790153576,12,,Aggregated,0.000000,0.000000,3800,3800,72000,72000,72000,72000,72000,72000,72000,72000,72000,113,0,2400,24178.123691028097,466.97701130788334,75969.53120292164,41.91150442477876
1790153577,12,POST,completion,0.000000,0.000000,72000,72000,72000,72000,72000,72000,72000,72000,72000,72000,72000,38,0,72000,68746.44630031023,2094.3478441331536,75969.53120292164,124.63157894736842
1790153577,12,TPOT,completion,0.000000,0.000000,550,550,550,550,550,550,550,550,550,550,550,37,0,540,534.6588589978223,466.97701130788334,581.768038015314,0.0
1790153577,12,TTFT,completion,0.000000,0.000000,3800,3800,3800,3800,3800,3800,3800,3800,3800,3800,3800,38,0,2400,2631.0694708280557,1558.6002820637077,4830.909005133435,0.0
1790153577,12,,Aggregated,0.000000,0.000000,3800,3800,72000,72000,72000,72000,72000,72000,72000,72000,72000,113,0,2400,24178.123691028097,466.97701130788334,75969.53120292164,41.91150442477876
1790153578,12,POST,completion,0.000000,0.000000,72000,72000,72000,72000,72000,72000,72000,72000,72000,72000,72000,38,0,72000,68746.44630031023,2094.3478441331536,75969.53120292164,124.63157894736842
1790153578,12,TPOT,completion,0.000000,0.000000,550,550,550,550,550,550,550,550,550,550,550,37,0,540,534.6588589978223,466.97701130788334,581.768038015314,0.0
1790153578,12,TTFT,completion,0.000000,0.000000,3800,3800,3800,3800,3800,3800,3800,3800,3800,3800,3800,38,0,2400,2631.0694708280557,1558.6002820637077,4830.909005133435,0.0
1790153578,12,,Aggregated,0.000000,0.000000,3800,3800,72000,72000,72000,72000,72000,72000,72000,72000,72000,113,0,2400,24178.123691028097,466.97701130788334,75969.53120292164,41.91150442477876
1790153579,12,POST,completion,0.000000,0.000000,72000,72000,72000,72000,72000,72000,72000,72000,72000,72000,72000,38,0,72000,68746.44630031023,2094.3478441331536,75969.53120292164,124.63157894736842
1790153579,12,TPOT,completion,0.000000,0.000000,550,550,550,550,550,550,550,550,550,550,550,37,0,540,534.6588589978223,466.97701130788334,581.768038015314,0.0
1790153579,12,TTFT,completion,0.000000,0.000000,3800,3800,3800,3800,3800,3800,3800,3800,3800,3800,3800,38,0,2400,2631.0694708280557,1558.6002820637077,4830.909005133435,0.0
1790153579,12,,Aggregated,0.000000,0.000000,3800,3800,72000,72000,72000,72000,72000,72000,72000,72000,72000,113,0,2400,24178.123691028097,466.97701130788334,75969.53120292164,41.91150442477876
1790153580,12,POST,completion,0.000000,0.000000,72000,72000,72000,72000,72000,72000,72000,72000,72000,72000,72000,38,0,72000,68746.44630031023,2094.3478441331536,75969.53120292164,124.63157894736842
1790153580,12,TPOT,completion,0.000000,0.000000,550,550,550,550,550,550,550,550,550,550,550,37,0,540,534.6588589978223,466.97701130788334,581.768038015314,0.0
1790153580,12,TTFT,completion,0.000000,0.000000,3800,3800,3800,3800,3800,3800,3800,3800,3800,3800,3800,38,0,2400,2631.0694708280557,1558.6002820637077,4830.909005133435,0.0
1790153580,12,,Aggregated,0.000000,0.000000,3800,3800,72000,72000,72000,72000,72000,72000,72000,72000,72000,113,0,2400,24178.123691028097,466.97701130788334,75969.53120292164,41.91150442477876
1790153581,12,POST,completion,0.000000,0.000000,72000,72000,72000,72000,72000,72000,72000,72000,72000,72000,72000,38,0,72000,68746.44630031023,2094.3478441331536,75969.53120292164,124.63157894736842
1790153581,12,TPOT,completion,0.000000,0.000000,550,550,550,550,550,550,550,550,550,550,550,37,0,540,534.6588589978223,466.97701130788334,581.768038015314,0.0
1790153581,12,TTFT,completion,0.000000,0.000000,3800,3800,3800,3800,3800,3800,3800,3800,3800,3800,3800,38,0,2400,2631.0694708280557,1558.6002820637077,4830.909005133435,0.0
1790153581,12,,Aggregated,0.000000,0.000000,3800,3800,72000,72000,72000,72000,72000,72000,72000,72000,72000,113,0,2400,24178.123691028097,466.97701130788334,75969.53120292164,41.91150442477876
1790153582,12,POST,completion,0.000000,0.000000,72000,72000,72000,72000,72000,72000,72000,72000,72000,72000,72000,38,0,72000,68746.44630031023,2094.3478441331536,75969.53120292164,124.63157894736842
1790153582,12,TPOT,completion,0.000000,0.000000,550,550,550,550,550,550,550,550,550,550,550,37,0,540,534.6588589978223,466.97701130788334,581.768038015314,0.0
1790153582,12,TTFT,completion,0.000000,0.000000,3800,3800,3800,3800,3800,3800,3800,3800,3800,3800,3800,38,0,2400,2631.0694708280557,1558.6002820637077,4830.909005133435,0.0
1790153582,12,,Aggregated,0.000000,0.000000,3800,3800,72000,72000,72000,72000,72000,72000,72000,72000,72000,113,0,2400,24178.123691028097,466.97701130788334,75969.53120292164,41.91150442477876
