Timestamp,User Count,Type,Name,Requests/s,Failures/s,50%,66%,75%,80%,90%,95%,98%,99%,99.9%,99.99%,100%,Total Request Count,Total Failure Count,Total Median Response Time,Total Average Response Time,Total Min Response Time,Total Max Response Time,Total Average Content Size
1790154828,0,,Aggregated,0.000000,0.000000,N/A,N/A,N/A,N/A,N/A,N/A,N/A,N/A,N/A,N/A,N/A,0,0,0,0.0,0,0,0
1790154829,1,,Aggregated,0.000000,0.000000,N/A,N/A,N/A,N/A,N/A,N/A,N/A,N/A,N/A,N/A,N/A,0,0,0,0.0,0,0,0
1790154830,2,,Aggregated,0.000000,0.000000,N/A,N/A,N/A,N/A,N/A,N/A,N/A,N/A,N/A,N/A,N/A,0,0,0,0.0,0,0,0
1790154831,3,,Aggregated,0.000000,0.000000,N/A,N/A,N/A,N/A,N/A,N/A,N/A,N/A,N/A,N/A,N/A,0,0,0,0.0,0,0,0
1790154832,4,,Aggregated,0.000000,0.000000,N/A,N/A,N/A,N/A,N/A,N/A,N/A,N/A,N/A,N/A,N/A,0,0,0,0.0,0,0,0
1790154833,5,,Aggregated,0.000000,0.000000,N/A,N/A,N/A,N/A,N/A,N/A,N/A,N/A,N/A,N/A,N/A,0,0,0,0.0,0,0,0
1790154834,6,,Aggregated,0.000000,0.000000,N/A,N/A,N/A,N/A,N/A,N/A,N/A,N/A,N/A,N/A,N/A,0,0,0,0.0,0,0,0
1790154835,7,,Aggregated,0.000000,0.000000,N/A,N/A,N/A,N/A,N/A,N/A,N/A,N/A,N/A,N/A,N/A,0,0,0,0.0,0,0,0
1790154836,8,,Aggregated,0.000000,0.000000,N/A,N/A,N/A,N/A,N/A,N/A,N/A,N/A,N/A,N/A,N/A,0,0,0,0.0,0,0,0
1790154837,8,,Aggregated,0.000000,0.000000,N/A,N/A,N/A,N/A,N/A,N/A,N/A,N/A,N/A,N/A,N/A,0,0,0,0.0,0,0,0
1790154838,8,,Aggregated,0.000000,0.000000,N/A,N/A,N/A,N/A,N/A,N/A,N/A,N/A,N/A,N/A,N/A,0,0,0,0.0,0,0,0
1790154839,8,,Aggregated,0.000000,0.000000,N/A,N/A,N/A,N/A,N/A,N/A,N/A,N/A,N/A,N/A,N/A,0,0,0,0.0,0,0,0
1790154840,8,,Aggregated,0.000000,0.000000,N/A,N/A,N/A,N/A,N/A,N/A,N/A,N/A,N/A,N/A,N/A,0,0,0,0.0,0,0,0
1790154841,8,,Aggregated,0.000000,0.000000,N/A,N/A,N/A,N/A,N/A,N/A,N/A,N/A,N/A,N/A,N/A,0,0,0,0.0,0,0,0
1790154842,8,,Aggregated,0.000000,0.000000,N/A,N/A,N/A,N/A,N/A,N/A,N/A,N/A,N/A,N/A,N/A,0,0,0,0.0,0,0,0
1790154843,8,,Aggregated,0.000000,0.000000,N/A,N/A,N/A,N/A,N/A,N/A,N/A,N/A,N/A,N/A,N/A,0,0,0,0.0,0,0,0
1790154844,8,,Aggregated,0.000000,0.000000,N/A,N/A,N/A,N/A,N/A,N/A,N/A,N/A,N/A,N/A,N/A,0,0,0,0.0,0,0,0
1790154845,8,,Aggregated,0.000000,0.000000,N/A,N/A,N/A,N/A,N/A,N/A,N/A,N/A,N/A,N/A,N/A,0,0,0,0.0,0,0,0
1790154846,8,,Aggregated,0.000000,0.000000,N/A,N/A,N/A,N/A,N/A,N/A,N/A,N/A,N/A,N/A,N/A,0,0,0,0.0,0,0,0
1790154847,8,,Aggregated,0.000000,0.000000,N/A,N/A,N/A,N/A,N/A,N/A,N/A,N/A,N/A,N/A,N/A,0,0,0,0.0,0,0,0
1790154848,8,,Aggregated,0.000000,0.000000,N/A,N/A,N/A,N/A,N/A,N/A,N/A,N/A,N/A,N/A,N/A,0,0,0,0.0,0,0,0
1790154849,8,,Aggregated,0.000000,0.000000,N/A,N/A,N/A,N/A,N/A,N/A,N/A,N/A,N/A,N/A,N/A,0,0,0,0.0,0,0,0
1790154850,8,,Aggregated,0.000000,0.000000,N/A,N/A,N/A,N/A,N/A,N/A,N/A,N/A,N/A,N/A,N/A,0,0,0,0.0,0,0,0
1790154851,8,,Aggregated,0.000000,0.000000,N/A,N/A,N/A,N/A,N/A,N/A,N/A,N/A,N/A,N/A,N/A,0,0,0,0.0,0,0,0
1790154852,8,,Aggregated,0.000000,0.000000,N/A,N/A,N/A,N/A,N/A,N/A,N/A,N/A,N/A,N/A,N/A,0,0,0,0.0,0,0,0
1790154853,8,,Aggregated,0.000000,0.000000,N/A,N/A,N/A,N/A,N/A,N/A,N/A,N/A,N/A,N/A,N/A,0,0,0,0.0,0,0,0
1790154854,8,,Aggregated,0.000000,0.000000,N/A,N/A,N/A,N/A,N/A,N/A,N/A,N/A,N/A,N/A,N/A,0,0,0,0.0,0,0,0
1790154855,8,,Aggregated,0.000000,0.000000,N/A,N/A,N/A,N/A,N/A,N/A,N/A,N/A,N/A,N/A,N/A,0,0,0,0.0,0,0,0
1790154856,8,,Aggregated,0.000000,0.000000,N/A,N/A,N/A,N/A,N/A,N/A,N/A,N/A,N/A,N/A,N/A,0,0,0,0.0,0,0,0
1790154857,8,,Aggregated,0.000000,0.000000,N/A,N/A,N/A,N/A,N/A,N/A,N/A,N/A,N/A,N/A,N/A,0,0,0,0.0,0,0,0
1790154858,8,,Aggregated,0.000000,0.000000,N/A,N/A,N/A,N/A,N/A,N/A,N/A,N/A,N/A,N/A,N/A,0,0,0,0.0,0,0,0
1790154859,8,,Aggregated,0.000000,0.000000,N/A,N/A,N/A,N/A,N/A,N/A,N/A,N/A,N/A,N/A,N/A,0,0,0,0.0,0,0,0
1790154860,8,,Aggregated,0.000000,0.000000,N/A,N/A,N/A,N/A,N/A,N/A,N/A,N/A,N/A,N/A,N/A,0,0,0,0.0,0,0,0
1790154861,8,POST,completion,0.000000,0.000000,0,0,0,0,0,0,0,0,0,0,0,1,0,25746.51481793262,25746.51481793262,25746.51481793262,25746.51481793262,128.0
1790154861,8,TPOT,completion,0.000000,0.000000,0,0,0,0,0,0,0,0,0,0,0,1,0,190.6515051882098,190.6515051882098,190.6515051882098,190.6515051882098,0.0
1790154861,8,TTFT,completion,0.000000,0.000000,0,0,0,0,0,0,0,0,0,0,0,1,0,1533.6909650359303,1533.6909650359303,1533.6909650359303,1533.6909650359303,0.0
1790154861,8,,Aggregated,0.000000,0.000000,0,0,0,0,0,0,0,0,0,0,0,3,0,1500,9156.952429385587,190.6515051882098,25746.51481793262,42.666666666666664
1790154862,8,POST,completion,0.000000,0.000000,26000,26000,26000,26000,26000,26000,26000,26000,26000,26000,26000,1,0,25746.51481793262,25746.51481793262,25746.51481793262,25746.51481793262,128.0
1790154862,8,TPOT,completion,0.000000,0.000000,190,190,190,190,190,190,190,190,190,190,190,1,0,190.6515051882098,190.6515051882098,190.6515051882098,190.6515051882098,0.0
1790154862,8,TTFT,completion,0.000000,0.000000,1500,1500,1500,1500,1500,1500,1500,1500,1500,1500,1500,1,0,1533.6909650359303,1533.6909650359303,1533.6909650359303,1533.6909650359303,0.0
1790154862,8,,Aggregated,0.000000,0.000000,0,0,0,0,0,0,0,0,0,0,0,3,0,1500,9156.952429385587,190.6515051882098,25746.51481793262,42.666666666666664
1790154863,8,POST,completion,0.100000,0.000000,25000,25000,26000,26000,26000,26000,26000,26000,26000,26000,26000,3,0,25000,24435.70682600451,22900.056507904083,25746.51481793262,128.0
1790154863,8,TPOT,completion,0.100000,0.000000,180,180,190,190,190,190,190,190,190,190,190,3,0,180,178.59086055880573,166.200766897225,190.6515051882098,0.0
1790154863,8,TTFT,completion,0.100000,0.000000,1800,1800,1900,1900,1900,1900,1900,1900,1900,1900,1900,3,0,1800,1754.596206670006,1533.6909650359303,1937.60496401228,0.0
1790154863,8,,Aggregated,0.300000,0.000000,0,0,0,0,0,0,0,0,0,0,0,9,0,1800,8789.63129774444,166.200766897225,25746.51481793262,42.666666666666664
1790154864,8,POST,completion,0.100000,0.000000,25000,25000,26000,26000,26000,26000,26000,26000,26000,26000,26000,3,0,25000,24435.70682600451,22900.056507904083,25746.51481793262,128.0
1790154864,8,TPOT,completion,0.100000,0.000000,180,180,190,190,190,190,190,190,190,190,190,3,0,180,178.59086055880573,166.200766897225,190.6515051882098,0.0
1790154864,8,TTFT,completion,0.100000,0.000000,1800,1800,1900,1900,1900,1900,1900,1900,1900,1900,1900,3,0,1800,1754.596206670006,1533.6909650359303,1937.60496401228,0.0
1790154864,8,,Aggregated,0.300000,0.000000,1900,1900,23000,23000,25000,25000,25000,25000,25000,25000,25000,9,0,1800,8789.63129774444,166.200766897225,25746.51481793262,42.666666666666664
1790154865,8,POST,completion,0.100000,0.000000,25000,25000,26000,26000,26000,26000,26000,26000,26000,26000,26000,3,0,25000,24435.70682600451,22900.056507904083,25746.51481793262,128.0
1790154865,8,TPOT,completion,0.100000,0.000000,180,180,190,190,190,190,190,190,190,190,190,3,0,180,178.59086055880573,166.200766897225,190.6515051882098,0.0
1790154865,8,TTFT,completion,0.100000,0.000000,1800,1800,1900,1900,1900,1900,1900,1900,1900,1900,1900,3,0,1800,1754.596206670006,1533.6909650359303,1937.60496401228,0.0
1790154865,8,,Aggregated,0.300000,0.000000,1900,1900,23000,23000,25000,25000,25000,25000,25000,25000,25000,9,0,1800,8789.63129774444,166.200766897225,25746.51481793262,42.666666666666664
1790154866,8,POST,completion,0.100000,0.000000,25000,25000,26000,26000,26000,26000,26000,26000,26000,26000,26000,3,0,25000,24435.70682600451,22900.056507904083,25746.51481793262,128.0
1790154866,8,TPOT,completion,0.100000,0.000000,180,180,190,190,190,190,190,190,190,190,190,3,0,180,178.59086055880573,166.200766897225,190.6515051882098,0.0
1790154866,8,TTFT,completion,0.100000,0.000000,1800,1800,1900,1900,1900,1900,1900,1900,1900,1900,1900,3,0,1800,1754.596206670006,1533.6909650359303,1937.60496401228,0.0
1790154866,8,,Aggregated,0.300000,0.000000,1900,1900,23000,23000,25000,25000,25000,25000,25000,25000,25000,9,0,1800,8789.63129774444,166.200766897225,25746.51481793262,42.666666666666664
1790154867,8,POST,completion,0.100000,0.000000,25000,25000,26000,26000,26000,26000,26000,26000,26000,26000,26000,3,0,25000,24435.70682600451,22900.056507904083,25746.51481793262,128.0
1790154867,8,TPOT,completion,0.100000,0.000000,180,180,190,190,190,190,190,190,190,190,190,3,0,180,178.59086055880573,166.200766897225,190.6515051882098,0.0
1790154867,8,TTFT,completion,0.100000,0.000000,1800,1800,1900,1900,1900,1900,1900,1900,1900,1900,1900,3,0,1800,1754.596206670006,1533.6909650359303,1937.60496401228,0.0
1790154867,8,,Aggregated,0.300000,0.000000,1900,1900,23000,23000,25000,25000,25000,25000,25000,25000,25000,9,0,1800,8789.63129774444,166.200766897225,25746.51481793262,42.666666666666664
1790154868,8,POST,completion,0.100000,0.000000,25000,25000,26000,26000,26000,26000,26000,26000,26000,26000,26000,3,0,25000,24435.70682600451,22900.056507904083,25746.51481793262,128.0
1790154868,8,TPOT,completion,0.100000,0.000000,180,180,190,190,190,190,190,190,190,190,190,3,0,180,178.59086055880573,166.200766897225,190.6515051882098,0.0
1790154868,8,TTFT,completion,0.100000,0.000000,1800,1800,1900,1900,1900,1900,1900,1900,1900,1900,1900,3,0,1800,1754.596206670006,1533.6909650359303,1937.60496401228,0.0
1790154868,8,,Aggregated,0.300000,0.000000,1900,1900,23000,23000,25000,25000,25000,25000,25000,25000,25000,9,0,1800,8789.63129774444,166.200766897225,25746.51481793262,42.666666666666664
1790154869,8,POST,completion,0.100000,0.000000,25000,25000,26000,26000,26000,26000,26000,26000,26000,26000,26000,3,0,25000,24435.70682600451,22900.056507904083,25746.51481793262,128.0
1790154869,8,TPOT,completion,0.100000,0.000000,180,180,190,190,190,190,190,190,190,190,190,3,0,180,178.59086055880573,166.200766897225,190.6515051882098,0.0
1790154869,8,TTFT,completion,0.100000,0.000000,1800,1800,1900,1900,1900,1900,1900,1900,1900,1900,1900,3,0,1800,1754.596206670006,1533.6909650359303,1937.60496401228,0.0
1790154869,8,,Aggregated,0.300000,0.000000,1900,1900,23000,23000,25000,25000,25000,25000,25000,25000,25000,9,0,1800,8789.63129774444,166.200766897225,25746.51481793262,42.666666666666664
1790154870,8,POST,completion,0.100000,0.000000,25000,25000,26000,26000,26000,26000,26000,26000,26000,26000,26000,3,0,25000,24435.70682600451,22900.056507904083,25746.51481793262,128.0
1790154870,8,TPOT,completion,0.100000,0.000000,180,180,190,190,190,190,190,190,190,190,190,3,0,180,178.59086055880573,166.200766897225,190.6515051882098,0.0
1790154870,8,TTFT,completion,0.100000,0.000000,1800,1800,1900,1900,1900,1900,1900,1900,1900,1900,1900,3,0,1800,1754.596206670006,1533.6909650359303,1937.60496401228,0.0
1790154870,8,,Aggregated,0.300000,0.000000,1900,1900,23000,23000,25000,25000,25000,25000,25000,25000,25000,9,0,1800,8789.63129774444,166.200766897225,25746.51481793262,42.666666666666664
1790154871,8,POST,completion,0.100000,0.000000,25000,25000,26000,26000,26000,26000,26000,26000,26000,26000,26000,3,0,25000,24435.70682600451,22900.056507904083,25746.51481793262,128.0
1790154871,8,TPOT,completion,0.100000,0.000000,180,180,190,190,190,190,190,190,190,190,190,3,0,180,178.59086055880573,166.200766897225,190.6515051882098,0.0
1790154871,8,TTFT,completion,0.100000,0.000000,1800,1800,1900,1900,1900,1900,1900,1900,1900,1900,1900,3,0,1800,1754.596206670006,1533.6909650359303,1937.60496401228,0.0
1790154871,8,,Aggregated,0.300000,0.000000,1900,1900,23000,23000,25000,25000,25000,25000,25000,25000,25000,9,0,1800,8789.63129774444,166.200766897225,25746.51481793262,42.666666666666664
1790154872,8,POST,completion,0.100000,0.000000,25000,25000,25000,25000,25000,25000,25000,25000,25000,25000,25000,3,0,25000,24435.70682600451,22900.056507904083,25746.51481793262,128.0
1790154872,8,TPOT,completion,0.100000,0.000000,180,180,180,180,180,180,180,180,180,180,180,3,0,180,178.59086055880573,166.200766897225,190.6515051882098,0.0
1790154872,8,TTFT,completion,0.100000,0.000000,1900,1900,1900,1900,1900,1900,1900,1900,1900,1900,1900,3,0,1800,1754.596206670006,1533.6909650359303,1937.60496401228,0.0
1790154872,8,,Aggregated,0.300000,0.000000,1900,1900,23000,23000,25000,25000,25000,25000,25000,25000,25000,9,0,1800,8789.63129774444,166.200766897225,25746.51481793262,42.666666666666664
1790154873,8,POST,completion,0.200000,0.000000,23000,23000,25000,25000,25000,25000,25000,25000,25000,25000,25000,4,0,25000,23695.873151242267,21476.37212695554,25746.51481793262,128.0
1790154873,8,TPOT,completion,0.200000,0.000000,170,170,180,180,180,180,180,180,180,180,180,4,0,180,172.52076965368053,154.31049693830488,190.6515051882098,0.0
1790154873,8,TTFT,completion,0.200000,0.000000,1900,1900,1900,1900,1900,1900,1900,1900,1900,1900,1900,4,0,1900,1785.6669534812681,1533.6909650359303,1937.60496401228,0.0
1790154873,8,,Aggregated,0.600000,0.000000,1900,1900,21000,23000,25000,25000,25000,25000,25000,25000,25000,12,0,1900,8551.353624792404,154.31049693830488,25746.51481793262,42.666666666666664
1790154874,8,POST,completion,0.200000,0.000000,23000,23000,25000,25000,25000,25000,25000,25000,25000,25000,25000,5,0,23000,22907.560625998303,19754.310525022447,25746.51481793262,128.0
1790154874,8,TPOT,completion,0.200000,0.000000,170,170,180,180,180,180,180,180,180,180,180,5,0,170,166.19662882239507,140.90006549725322,190.6515051882098,0.0
1790154874,8,TTFT,completion,0.200000,0.000000,1900,1900,1900,1900,1900,1900,1900,1900,1900,1900,1900,5,0,1900,1800.5238881800324,1533.6909650359303,1937.60496401228,0.0
1790154874,8,,Aggregated,0.600000,0.000000,1900,1900,21000,21000,23000,25000,25000,25000,25000,25000,25000,15,0,1900,8291.42704766691,140.90006549725322,25746.51481793262,42.666666666666664
1790154875,8,POST,completion,0.200000,0.000000,23000,23000,25000,25000,25000,25000,25000,25000,25000,25000,25000,5,0,23000,22907.560625998303,19754.310525022447,25746.51481793262,128.0
1790154875,8,TPOT,completion,0.200000,0.000000,170,170,180,180,180,180,180,180,180,180,180,5,0,170,166.19662882239507,140.90006549725322,190.6515051882098,0.0
1790154875,8,TTFT,completion,0.200000,0.000000,1900,1900,1900,1900,1900,1900,1900,1900,1900,1900,1900,5,0,1900,1800.5238881800324,1533.6909650359303,1937.60496401228,0.0
1790154875,8,,Aggregated,0.600000,0.000000,1900,1900,21000,21000,23000,25000,25000,25000,25000,25000,25000,15,0,1900,8291.42704766691,140.90006549725322,25746.51481793262,42.666666666666664
1790154876,8,POST,completion,0.200000,0.000000,23000,23000,25000,25000,25000,25000,25000,25000,25000,25000,25000,5,0,23000,22907.560625998303,19754.310525022447,25746.51481793262,128.0
1790154876,8,TPOT,completion,0.200000,0.000000,170,170,180,180,180,180,180,180,180,180,180,5,0,170,166.19662882239507,140.90006549725322,190.6515051882098,0.0
1790154876,8,TTFT,completion,0.200000,0.000000,1900,1900,1900,1900,1900,1900,1900,1900,1900,1900,1900,5,0,1900,1800.5238881800324,1533.6909650359303,1937.60496401228,0.0
1790154876,8,,Aggregated,0.600000,0.000000,1900,1900,21000,21000,23000,25000,25000,25000,25000,25000,25000,15,0,1900,8291.42704766691,140.90006549725322,25746.51481793262,42.666666666666664
1790154877,8,POST,completion,0.200000,0.000000,23000,23000,25000,25000,25000,25000,25000,25000,25000,25000,25000,5,0,23000,22907.560625998303,19754.310525022447,25746.51481793262,128.0
1790154877,8,TPOT,completion,0.200000,0.000000,170,170,180,180,180,180,180,180,180,180,180,5,0,170,166.19662882239507,140.90006549725322,190.6515051882098,0.0
1790154877,8,TTFT,completion,0.200000,0.000000,1900,1900,1900,1900,1900,1900,1900,1900,1900,1900,1900,5,0,1900,1800.5238881800324,1533.6909650359303,1937.60496401228,0.0
1790154877,8,,Aggregated,0.600000,0.000000,1900,1900,21000,21000,23000,25000,25000,25000,25000,25000,25000,15,0,1900,8291.42704766691,140.90006549725322,25746.51481793262,42.666666666666664
1790154878,8,POST,completion,0.200000,0.000000,21000,21000,21000,21000,21000,21000,21000,21000,21000,21000,21000,5,0,23000,22907.560625998303,19754.310525022447,25746.51481793262,128.0
1790154878,8,TPOT,completion,0.200000,0.000000,150,150,150,150,150,150,150,150,150,150,150,5,0,170,166.19662882239507,140.90006549725322,190.6515051882098,0.0
1790154878,8,TTFT,completion,0.200000,0.000000,1900,1900,1900,1900,1900,1900,1900,1900,1900,1900,1900,5,0,1900,1800.5238881800324,1533.6909650359303,1937.60496401228,0.0
1790154878,8,,Aggregated,0.600000,0.000000,1900,1900,20000,20000,21000,21000,21000,21000,21000,21000,21000,15,0,1900,8291.42704766691,140.90006549725322,25746.51481793262,42.666666666666664
1790154879,8,POST,completion,0.200000,0.000000,21000,21000,21000,21000,21000,21000,21000,21000,21000,21000,21000,5,0,23000,22907.560625998303,19754.310525022447,25746.51481793262,128.0
1790154879,8,TPOT,completion,0.200000,0.000000,150,150,150,150,150,150,150,150,150,150,150,5,0,170,166.19662882239507,140.90006549725322,190.6515051882098,0.0
1790154879,8,TTFT,completion,0.200000,0.000000,1900,1900,1900,1900,1900,1900,1900,1900,1900,1900,1900,5,0,1900,1800.5238881800324,1533.6909650359303,1937.60496401228,0.0
1790154879,8,,Aggregated,0.600000,0.000000,1900,1900,20000,20000,21000,21000,21000,21000,21000,21000,21000,15,0,1900,8291.42704766691,140.90006549725322,25746.51481793262,42.666666666666664
1790154880,8,POST,completion,0.200000,0.000000,21000,21000,21000,21000,21000,21000,21000,21000,21000,21000,21000,5,0,23000,22907.560625998303,19754.310525022447,25746.51481793262,128.0
1790154880,8,TPOT,completion,0.200000,0.000000,150,150,150,150,150,150,150,150,150,150,150,5,0,170,166.19662882239507,140.90006549725322,190.6515051882098,0.0
1790154880,8,TTFT,completion,0.200000,0.000000,1900,1900,1900,1900,1900,1900,1900,1900,1900,1900,1900,5,0,1900,1800.5238881800324,1533.6909650359303,1937.60496401228,0.0
1790154880,8,,Aggregated,0.600000,0.000000,1900,1900,20000,20000,21000,21000,21000,21000,21000,21000,21000,15,0,1900,8291.42704766691,140.90006549725322,25746.51481793262,42.666666666666664
1790154881,8,POST,completion,0.200000,0.000000,21000,21000,21000,21000,21000,21000,21000,21000,21000,21000,21000,5,0,23000,22907.560625998303,19754.310525022447,25746.51481793262,128.0
1790154881,8,TPOT,completion,0.200000,0.000000,150,150,150,150,150,150,150,150,150,150,150,5,0,170,166.19662882239507,140.90006549725322,190.6515051882098,0.0
1790154881,8,TTFT,completion,0.200000,0.000000,1900,1900,1900,1900,1900,1900,1900,1900,1900,1900,1900,5,0,1900,1800.5238881800324,1533.6909650359303,1937.60496401228,0.0
1790154881,8,,Aggregated,0.600000,0.000000,1900,1900,20000,20000,21000,21000,21000,21000,21000,21000,21000,15,0,1900,8291.42704766691,140.90006549725322,25746.51481793262,42.666666666666664
1790154882,8,POST,completion,0.200000,0.000000,21000,21000,21000,21000,21000,21000,21000,21000,21000,21000,21000,5,0,23000,22907.560625998303,19754.310525022447,25746.51481793262,128.0
1790154882,8,TPOT,completion,0.200000,0.000000,150,150,150,150,150,150,150,150,150,150,150,5,0,170,166.19662882239507,140.90006549725322,190.6515051882098,0.0
1790154882,8,TTFT,completion,0.200000,0.000000,1900,1900,1900,1900,1900,1900,1900,1900,1900,1900,1900,5,0,1900,1800.5238881800324,1533.6909650359303,1937.60496401228,0.0
1790154882,8,,Aggregated,0.600000,0.000000,1900,1900,20000,20000,21000,21000,21000,21000,21000,21000,21000,15,0,1900,8291.42704766691,140.90006549725322,25746.51481793262,42.666666666666664
1790154883,8,POST,completion,0.200000,0.000000,20000,20000,20000,20000,20000,20000,20000,20000,20000,20000,20000,5,0,23000,22907.560625998303,19754.310525022447,25746.51481793262,128.0
1790154883,8,TPOT,completion,0.200000,0.000000,140,140,140,140,140,140,140,140,140,140,140,5,0,170,166.19662882239507,140.90006549725322,190.6515051882098,0.0
1790154883,8,TTFT,completion,0.200000,0.000000,1900,1900,1900,1900,1900,1900,1900,1900,1900,1900,1900,5,0,1900,1800.5238881800324,1533.6909650359303,1937.60496401228,0.0
1790154883,8,,Aggregated,0.600000,0.000000,1900,1900,20000,20000,20000,20000,20000,20000,20000,20000,20000,15,0,1900,8291.42704766691,140.90006549725322,25746.51481793262,42.666666666666664
1790154884,8,POST,completion,0.200000,0.000000,20000,20000,20000,20000,20000,20000,20000,20000,20000,20000,20000,5,0,23000,22907.560625998303,19754.310525022447,25746.51481793262,128.0
1790154884,8,TPOT,completion,0.200000,0.000000,140,140,140,140,140,140,140,140,140,140,140,5,0,170,166.19662882239507,140.90006549725322,190.6515051882098,0.0
1790154884,8,TTFT,completion,0.200000,0.000000,1900,1900,1900,1900,1900,1900,1900,1900,1900,1900,1900,5,0,1900,1800.5238881800324,1533.6909650359303,1937.60496401228,0.0
1790154884,8,,Aggregated,0.600000,0.000000,1900,1900,20000,20000,20000,20000,20000,20000,20000,20000,20000,15,0,1900,8291.42704766691,140.90006549725322,25746.51481793262,42.666666666666664
1790154885,8,POST,completion,0.200000,0.000000,20000,20000,20000,20000,20000,20000,20000,20000,20000,20000,20000,5,0,23000,22907.560625998303,19754.310525022447,25746.51481793262,128.0
1790154885,8,TPOT,completion,0.200000,0.000000,140,140,140,140,140,140,140,140,140,140,140,5,0,170,166.19662882239507,140.90006549725322,190.6515051882098,0.0
1790154885,8,TTFT,completion,0.200000,0.000000,1900,1900,1900,1900,1900,1900,1900,1900,1900,1900,1900,5,0,1900,1800.5238881800324,1533.6909650359303,1937.60496401228,0.0
1790154885,8,,Aggregated,0.600000,0.000000,1900,1900,20000,20000,20000,20000,20000,20000,20000,20000,20000,15,0,1900,8291.42704766691,140.90006549725322,25746.51481793262,42.666666666666664
1790154886,8,POST,completion,0.200000,0.000000,20000,20000,20000,20000,20000,20000,20000,20000,20000,20000,20000,5,0,23000,22907.560625998303,19754.310525022447,25746.51481793262,128.0
1790154886,8,TPOT,completion,0.200000,0.000000,140,140,140,140,140,140,140,140,140,140,140,5,0,170,166.19662882239507,140.90006549725322,190.6515051882098,0.0
1790154886,8,TTFT,completion,0.200000,0.000000,1900,1900,1900,1900,1900,1900,1900,1900,1900,1900,1900,5,0,1900,1800.5238881800324,1533.6909650359303,1937.60496401228,0.0
1790154886,8,,Aggregated,0.600000,0.000000,1900,1900,20000,20000,20000,20000,20000,20000,20000,20000,20000,15,0,1900,8291.42704766691,140.90006549725322,25746.51481793262,42.666666666666664
1790154887,8,POST,completion,0.200000,0.000000,20000,20000,20000,20000,20000,20000,20000,20000,20000,20000,20000,5,0,23000,22907.560625998303,19754.310525022447,25746.51481793262,128.0
1790154887,8,TPOT,completion,0.200000,0.000000,140,140,140,140,140,140,140,140,140,140,140,5,0,170,166.19662882239507,140.90006549725322,190.6515051882098,0.0
1790154887,8,TTFT,completion,0.200000,0.000000,1900,1900,1900,1900,1900,1900,1900,1900,1900,1900,1900,5,0,1900,1800.5238881800324,1533.6909650359303,1937.60496401228,0.0
1790154887,8,,Aggregated,0.600000,0.000000,1900,1900,20000,20000,20000,20000,20000,20000,20000,20000,20000,15,0,1900,8291.42704766691,140.90006549725322,25746.51481793262,42.666666666666664
1790154888,8,POST,completion,0.200000,0.000000,20000,20000,20000,20000,20000,20000,20000,20000,20000,20000,20000,5,0,23000,22907.560625998303,19754.310525022447,25746.51481793262,128.0
1790154888,8,TPOT,completion,0.200000,0.000000,140,140,140,140,140,140,140,140,140,140,140,5,0,170,166.19662882239507,140.90006549725322,190.6515051882098,0.0
1790154888,8,TTFT,completion,0.200000,0.000000,1900,1900,1900,1900,1900,1900,1900,1900,1900,1900,1900,5,0,1900,1800.5238881800324,1533.6909650359303,1937.60496401228,0.0
1790154888,8,,Aggregated,0.600000,0.000000,1900,1900,20000,20000,20000,20000,20000,20000,20000,20000,20000,15,0,1900,8291.42704766691,140.90006549725322,25746.51481793262,42.666666666666664
1790154889,8,POST,completion,0.200000,0.000000,20000,20000,20000,20000,20000,20000,20000,20000,20000,20000,20000,5,0,23000,22907.560625998303,19754.310525022447,25746.51481793262,128.0
1790154889,8,TPOT,completion,0.200000,0.000000,140,140,140,140,140,140,140,140,140,140,140,5,0,170,166.19662882239507,140.90006549725322,190.6515051882098,0.0
1790154889,8,TTFT,completion,0.200000,0.000000,1900,1900,1900,1900,1900,1900,1900,1900,1900,1900,1900,5,0,1900,1800.5238881800324,1533.6909650359303,1937.60496401228,0.0
1790154889,8,,Aggregated,0.600000,0.000000,1900,1900,20000,20000,20000,20000,20000,20000,20000,20000,20000,15,0,1900,8291.42704766691,140.90006549725322,25746.51481793262,42.666666666666664
1790154890,8,POST,completion,0.200000,0.000000,20000,20000,20000,20000,20000,20000,20000,20000,20000,20000,20000,5,0,23000,22907.560625998303,19754.310525022447,25746.51481793262,128.0
1790154890,8,TPOT,completion,0.200000,0.000000,140,140,140,140,140,140,140,140,140,140,140,5,0,170,166.19662882239507,140.90006549725322,190.6515051882098,0.0
1790154890,8,TTFT,completion,0.200000,0.000000,1900,1900,1900,1900,1900,1900,1900,1900,1900,1900,1900,5,0,1900,1800.5238881800324,1533.6909650359303,1937.60496401228,0.0
1790154890,8,,Aggregated,0.600000,0.000000,1900,1900,20000,20000,20000,20000,20000,20000,20000,20000,20000,15,0,1900,8291.42704766691,140.90006549725322,25746.51481793262,42.666666666666664
1790154891,8,POST,completion,0.200000,0.000000,20000,20000,20000,20000,20000,20000,20000,20000,20000,20000,20000,5,0,23000,22907.560625998303,19754.310525022447,25746.51481793262,128.0
1790154891,8,TPOT,completion,0.200000,0.000000,140,140,140,140,140,140,140,140,140,140,140,5,0,170,166.19662882239507,140.90006549725322,190.6515051882098,0.0
1790154891,8,TTFT,completion,0.200000,0.000000,1900,1900,1900,1900,1900,1900,1900,1900,1900,1900,1900,5,0,1900,1800.5238881800324,1533.6909650359303,1937.60496401228,0.0
1790154891,8,,Aggregated,0.600000,0.000000,1900,1900,20000,20000,20000,20000,20000,20000,20000,20000,20000,15,0,1900,8291.42704766691,140.90006549725322,25746.51481793262,42.666666666666664
1790154892,8,POST,completion,0.200000,0.000000,0,0,0,0,0,0,0,0,0,0,0,5,0,23000,22907.560625998303,19754.310525022447,25746.51481793262,128.0
1790154892,8,TPOT,completion,0.200000,0.000000,0,0,0,0,0,0,0,0,0,0,0,5,0,170,166.19662882239507,140.90006549725322,190.6515051882098,0.0
1790154892,8,TTFT,completion,0.200000,0.000000,0,0,0,0,0,0,0,0,0,0,0,5,0,1900,1800.5238881800324,1533.6909650359303,1937.60496401228,0.0
1790154892,8,,Aggregated,0.600000,0.000000,0,0,0,0,0,0,0,0,0,0,0,15,0,1900,8291.42704766691,140.90006549725322,25746.51481793262,42.666666666666664
1790154893,8,POST,completion,0.200000,0.000000,0,0,0,0,0,0,0,0,0,0,0,5,0,23000,22907.560625998303,19754.310525022447,25746.51481793262,128.0
1790154893,8,TPOT,completion,0.200000,0.000000,0,0,0,0,0,0,0,0,0,0,0,5,0,170,166.19662882239507,140.90006549725322,190.6515051882098,0.0
1790154893,8,TTFT,completion,0.200000,0.000000,0,0,0,0,0,0,0,0,0,0,0,5,0,1900,1800.5238881800324,1533.6909650359303,1937.60496401228,0.0
1790154893,8,,Aggregated,0.600000,0.000000,0,0,0,0,0,0,0,0,0,0,0,15,0,1900,8291.42704766691,140.90006549725322,25746.51481793262,42.666666666666664
1790154894,8,POST,completion,0.200000,0.000000,0,0,0,0,0,0,0,0,0,0,0,5,0,23000,22907.560625998303,19754.310525022447,25746.51481793262,128.0
1790154894,8,TPOT,completion,0.200000,0.000000,0,0,0,0,0,0,0,0,0,0,0,5,0,170,166.19662882239507,140.90006549725322,190.6515051882098,0.0
1790154894,8,TTFT,completion,0.200000,0.000000,0,0,0,0,0,0,0,0,0,0,0,5,0,1900,1800.5238881800324,1533.6909650359303,1937.60496401228,0.0
1790154894,8,,Aggregated,0.600000,0.000000,0,0,0,0,0,0,0,0,0,0,0,15,0,1900,8291.42704766691,140.90006549725322,25746.51481793262,42.666666666666664
1790154895,8,POST,completion,0.200000,0.000000,0,0,0,0,0,0,0,0,0,0,0,5,0,23000,22907.560625998303,19754.310525022447,25746.51481793262,128.0
1790154895,8,TPOT,completion,0.200000,0.000000,0,0,0,0,0,0,0,0,0,0,0,5,0,170,166.19662882239507,140.90006549725322,190.6515051882098,0.0
1790154895,8,TTFT,completion,0.200000,0.000000,0,0,0,0,0,0,0,0,0,0,0,5,0,1900,1800.5238881800324,1533.6909650359303,1937.60496401228,0.0
1790154895,8,,Aggregated,0.600000,0.000000,0,0,0,0,0,0,0,0,0,0,0,15,0,1900,8291.42704766691,140.90006549725322,25746.51481793262,42.666666666666664
1790154896,8,POST,completion,0.200000,0.000000,0,0,0,0,0,0,0,0,0,0,0,5,0,23000,22907.560625998303,19754.310525022447,25746.51481793262,128.0
1790154896,8,TPOT,completion,0.200000,0.000000,0,0,0,0,0,0,0,0,0,0,0,5,0,170,166.19662882239507,140.90006549725322,190.6515051882098,0.0
1790154896,8,TTFT,completion,0.200000,0.000000,0,0,0,0,0,0,0,0,0,0,0,5,0,1900,1800.5238881800324,1533.6909650359303,1937.60496401228,0.0
1790154896,8,,Aggregated,0.600000,0.000000,0,0,0,0,0,0,0,0,0,0,0,15,0,1900,8291.42704766691,140.90006549725322,25746.51481793262,42.666666666666664
1790154897,8,POST,completion,0.200000,0.000000,0,0,0,0,0,0,0,0,0,0,0,5,0,23000,22907.560625998303,19754.310525022447,25746.51481793262,128.0
1790154897,8,TPOT,completion,0.200000,0.000000,0,0,0,0,0,0,0,0,0,0,0,5,0,170,166.19662882239507,140.90006549725322,190.6515051882098,0.0
1790154897,8,TTFT,completion,0.200000,0.000000,0,0,0,0,0,0,0,0,0,0,0,5,0,1900,1800.5238881800324,1533.6909650359303,1937.60496401228,0.0
1790154897,8,,Aggregated,0.600000,0.000000,0,0,0,0,0,0,0,0,0,0,0,15,0,1900,8291.42704766691,140.90006549725322,25746.51481793262,42.666666666666664
1790154898,8,POST,completion,0.200000,0.000000,0,0,0,0,0,0,0,0,0,0,0,5,0,23000,22907.560625998303,19754.310525022447,25746.51481793262,128.0
1790154898,8,TPOT,completion,0.200000,0.000000,0,0,0,0,0,0,0,0,0,0,0,5,0,170,166.19662882239507,140.90006549725322,190.6515051882098,0.0
1790154898,8,TTFT,completion,0.200000,0.000000,0,0,0,0,0,0,0,0,0,0,0,5,0,1900,1800.5238881800324,1533.6909650359303,1937.60496401228,0.0
1790154898,8,,Aggregated,0.600000,0.000000,0,0,0,0,0,0,0,0,0,0,0,15,0,1900,8291.42704766691,140.90006549725322,25746.51481793262,42.666666666666664
1790154899,8,POST,completion,0.200000,0.000000,0,0,0,0,0,0,0,0,0,0,0,5,0,23000,22907.560625998303,19754.310525022447,25746.51481793262,128.0
1790154899,8,TPOT,completion,0.200000,0.000000,0,0,0,0,0,0,0,0,0,0,0,5,0,170,166.19662882239507,140.90006549725322,190.6515051882098,0.0
1790154899,8,TTFT,completion,0.200000,0.000000,0,0,0,0,0,0,0,0,0,0,0,5,0,1900,1800.5238881800324,1533.6909650359303,1937.60496401228,0.0
1790154899,8,,Aggregated,0.600000,0.000000,0,0,0,0,0,0,0,0,0,0,0,15,0,1900,8291.42704766691,140.90006549725322,25746.51481793262,42.666666666666664
1790154900,8,POST,completion,0.200000,0.000000,0,0,0,0,0,0,0,0,0,0,0,5,0,23000,22907.560625998303,19754.310525022447,25746.51481793262,128.0
1790154900,8,TPOT,completion,0.200000,0.000000,0,0,0,0,0,0,0,0,0,0,0,5,0,170,166.19662882239507,140.90006549725322,190.6515051882098,0.0
1790154900,8,TTFT,completion,0.200000,0.000000,0,0,0,0,0,0,0,0,0,0,0,5,0,1900,1800.5238881800324,1533.6909650359303,1937.60496401228,0.0
1790154900,8,,Aggregated,0.600000,0.000000,0,0,0,0,0,0,0,0,0,0,0,15,0,1900,8291.42704766691,140.90006549725322,25746.51481793262,42.666666666666664
1790154901,8,POST,completion,0.200000,0.000000,0,0,0,0,0,0,0,0,0,0,0,5,0,23000,22907.560625998303,19754.310525022447,25746.51481793262,128.0
1790154901,8,TPOT,completion,0.200000,0.000000,0,0,0,0,0,0,0,0,0,0,0,5,0,170,166.19662882239507,140.90006549725322,190.6515051882098,0.0
1790154901,8,TTFT,completion,0.200000,0.000000,0,0,0,0,0,0,0,0,0,0,0,5,0,1900,1800.5238881800324,1533.6909650359303,1937.60496401228,0.0
1790154901,8,,Aggregated,0.600000,0.000000,0,0,0,0,0,0,0,0,0,0,0,15,0,1900,8291.42704766691,140.90006549725322,25746.51481793262,42.666666666666664
1790154902,8,POST,completion,0.200000,0.000000,0,0,0,0,0,0,0,0,0,0,0,5,0,23000,22907.560625998303,19754.310525022447,25746.51481793262,128.0
1790154902,8,TPOT,completion,0.200000,0.000000,0,0,0,0,0,0,0,0,0,0,0,5,0,170,166.19662882239507,140.90006549725322,190.6515051882098,0.0
1790154902,8,TTFT,completion,0.200000,0.000000,0,0,0,0,0,0,0,0,0,0,0,5,0,1900,1800.5238881800324,1533.6909650359303,1937.60496401228,0.0
1790154902,8,,Aggregated,0.600000,0.000000,0,0,0,0,0,0,0,0,0,0,0,15,0,1900,8291.42704766691,140.90006549725322,25746.51481793262,42.666666666666664
1790154903,8,POST,completion,0.200000,0.000000,0,0,0,0,0,0,0,0,0,0,0,5,0,23000,22907.560625998303,19754.310525022447,25746.51481793262,128.0
1790154903,8,TPOT,completion,0.200000,0.000000,0,0,0,0,0,0,0,0,0,0,0,5,0,170,166.19662882239507,140.90006549725322,190.6515051882098,0.0
1790154903,8,TTFT,completion,0.200000,0.000000,0,0,0,0,0,0,0,0,0,0,0,5,0,1900,1800.5238881800324,1533.6909650359303,1937.60496401228,0.0
1790154903,8,,Aggregated,0.600000,0.000000,0,0,0,0,0,0,0,0,0,0,0,15,0,1900,8291.42704766691,140.90006549725322,25746.51481793262,42.666666666666664
1790154904,8,POST,completion,0.200000,0.000000,0,0,0,0,0,0,0,0,0,0,0,5,0,23000,22907.560625998303,19754.310525022447,25746.51481793262,128.0
1790154904,8,TPOT,completion,0.200000,0.000000,0,0,0,0,0,0,0,0,0,0,0,5,0,170,166.19662882239507,140.90006549725322,190.6515051882098,0.0
1790154904,8,TTFT,completion,0.200000,0.000000,0,0,0,0,0,0,0,0,0,0,0,5,0,1900,1800.5238881800324,1533.6909650359303,1937.60496401228,0.0
1790154904,8,,Aggregated,0.600000,0.000000,0,0,0,0,0,0,0,0,0,0,0,15,0,1900,8291.42704766691,140.90006549725322,25746.51481793262,42.666666666666664
1790154905,8,POST,completion,0.200000,0.000000,0,0,0,0,0,0,0,0,0,0,0,5,0,23000,22907.560625998303,19754.310525022447,25746.51481793262,128.0
1790154905,8,TPOT,completion,0.200000,0.000000,0,0,0,0,0,0,0,0,0,0,0,5,0,170,166.19662882239507,140.90006549725322,190.6515051882098,0.0
1790154905,8,TTFT,completion,0.200000,0.000000,0,0,0,0,0,0,0,0,0,0,0,5,0,1900,1800.5238881800324,1533.6909650359303,1937.60496401228,0.0
1790154905,8,,Aggregated,0.600000,0.000000,0,0,0,0,0,0,0,0,0,0,0,15,0,1900,8291.42704766691,140.90006549725322,25746.51481793262,42.666666666666664
1790154906,8,POST,completion,0.200000,0.000000,0,0,0,0,0,0,0,0,0,0,0,5,0,23000,22907.560625998303,19754.310525022447,25746.51481793262,128.0
1790154906,8,TPOT,completion,0.200000,0.000000,0,0,0,0,0,0,0,0,0,0,0,5,0,170,166.19662882239507,140.90006549725322,190.6515051882098,0.0
1790154906,8,TTFT,completion,0.200000,0.000000,0,0,0,0,0,0,0,0,0,0,0,5,0,1900,1800.5238881800324,1533.6909650359303,1937.60496401228,0.0
1790154906,8,,Aggregated,0.600000,0.000000,0,0,0,0,0,0,0,0,0,0,0,15,0,1900,8291.42704766691,140.90006549725322,25746.51481793262,42.666666666666664
1790154907,8,POST,completion,0.200000,0.000000,0,0,0,0,0,0,0,0,0,0,0,5,0,23000,22907.560625998303,19754.310525022447,25746.51481793262,128.0
1790154907,8,TPOT,completion,0.200000,0.000000,0,0,0,0,0,0,0,0,0,0,0,5,0,170,166.19662882239507,140.90006549725322,190.6515051882098,0.0
1790154907,8,TTFT,completion,0.200000,0.000000,0,0,0,0,0,0,0,0,0,0,0,5,0,1900,1800.5238881800324,1533.6909650359303,1937.60496401228,0.0
1790154907,8,,Aggregated,0.600000,0.000000,0,0,0,0,0,0,0,0,0,0,0,15,0,1900,8291.42704766691,140.90006549725322,25746.51481793262,42.666666666666664
1790154908,8,POST,completion,0.200000,0.000000,0,0,0,0,0,0,0,0,0,0,0,5,0,23000,22907.560625998303,19754.310525022447,25746.51481793262,128.0
1790154908,8,TPOT,completion,0.200000,0.000000,0,0,0,0,0,0,0,0,0,0,0,5,0,170,166.19662882239507,140.90006549725322,190.6515051882098,0.0
1790154908,8,TTFT,completion,0.200000,0.000000,0,0,0,0,0,0,0,0,0,0,0,5,0,1900,1800.5238881800324,1533.6909650359303,1937.60496401228,0.0
1790154908,8,,Aggregated,0.600000,0.000000,0,0,0,0,0,0,0,0,0,0,0,15,0,1900,8291.42704766691,140.90006549725322,25746.51481793262,42.666666666666664
1790154909,8,POST,completion,0.200000,0.000000,0,0,0,0,0,0,0,0,0,0,0,5,0,23000,22907.560625998303,19754.310525022447,25746.51481793262,128.0
1790154909,8,TPOT,completion,0.200000,0.000000,0,0,0,0,0,0,0,0,0,0,0,5,0,170,166.19662882239507,140.90006549725322,190.6515051882098,0.0
1790154909,8,TTFT,completion,0.200000,0.000000,0,0,0,0,0,0,0,0,0,0,0,5,0,1900,1800.5238881800324,1533.6909650359303,1937.60496401228,0.0
1790154909,8,,Aggregated,0.600000,0.000000,0,0,0,0,0,0,0,0,0,0,0,15,0,1900,8291.42704766691,140.90006549725322,25746.51481793262,42.666666666666664
1790154910,8,POST,completion,0.000000,0.000000,0,0,0,0,0,0,0,0,0,0,0,6,0,25000,24450.833252980374,19754.310525022447,32167.196387890726,128.0
1790154910,8,TPOT,completion,0.000000,0.000000,0,0,0,0,0,0,0,0,0,0,0,6,0,180,178.3778862575475,140.90006549725322,239.28417343330958,0.0
1790154910,8,TTFT,completion,0.000000,0.000000,0,0,0,0,0,0,0,0,0,0,0,6,0,1900,1796.7770924636473,1533.6909650359303,1937.60496401228,0.0
1790154910,8,,Aggregated,0.000000,0.000000,0,0,0,0,0,0,0,0,0,0,0,18,0,1900,8808.662743900522,140.90006549725322,32167.196387890726,42.666666666666664
1790154911,8,POST,completion,0.000000,0.000000,32000,32000,32000,32000,32000,32000,32000,32000,32000,32000,32000,6,0,25000,24450.833252980374,19754.310525022447,32167.196387890726,128.0
1790154911,8,TPOT,completion,0.000000,0.000000,240,240,240,240,240,240,240,240,240,240,240,6,0,180,178.3778862575475,140.90006549725322,239.28417343330958,0.0
1790154911,8,TTFT,completion,0.000000,0.000000,1800,1800,1800,1800,1800,1800,1800,1800,1800,1800,1800,6,0,1900,1796.7770924636473,1533.6909650359303,1937.60496401228,0.0
1790154911,8,,Aggregated,0.000000,0.000000,1800,1800,32000,32000,32000,32000,32000,32000,32000,32000,32000,18,0,1900,8808.662743900522,140.90006549725322,32167.196387890726,42.666666666666664
1790154912,8,POST,completion,0.000000,0.000000,32000,32000,32000,32000,32000,32000,32000,32000,32000,32000,32000,6,0,25000,24450.833252980374,19754.310525022447,32167.196387890726,128.0
1790154912,8,TPOT,completion,0.000000,0.000000,240,240,240,240,240,240,240,240,240,240,240,6,0,180,178.3778862575475,140.90006549725322,239.28417343330958,0.0
1790154912,8,TTFT,completion,0.000000,0.000000,1800,1800,1800,1800,1800,1800,1800,1800,1800,1800,1800,6,0,1900,1796.7770924636473,1533.6909650359303,1937.60496401228,0.0
1790154912,8,,Aggregated,0.000000,0.000000,1800,1800,32000,32000,32000,32000,32000,32000,32000,32000,32000,18,0,1900,8808.662743900522,140.90006549725322,32167.196387890726,42.666666666666664
1790154913,8,POST,completion,0.000000,0.000000,32000,32000,32000,32000,32000,32000,32000,32000,32000,32000,32000,6,0,25000,24450.833252980374,19754.310525022447,32167.196387890726,128.0
1790154913,8,TPOT,completion,0.000000,0.000000,240,240,240,240,240,240,240,240,240,240,240,6,0,180,178.3778862575475,140.90006549725322,239.28417343330958,0.0
1790154913,8,TTFT,completion,0.000000,0.000000,1800,1800,1800,1800,1800,1800,1800,1800,1800,1800,1800,6,0,1900,1796.7770924636473,1533.6909650359303,1937.60496401228,0.0
1790154913,8,,Aggregated,0.000000,0.000000,1800,1800,32000,32000,32000,32000,32000,32000,32000,32000,32000,18,0,1900,8808.662743900522,140.90006549725322,32167.196387890726,42.666666666666664
1790154914,8,POST,completion,0.000000,0.000000,32000,32000,32000,32000,32000,32000,32000,32000,32000,32000,32000,6,0,25000,24450.833252980374,19754.310525022447,32167.196387890726,128.0
1790154914,8,TPOT,completion,0.000000,0.000000,240,240,240,240,240,240,240,240,240,240,240,6,0,180,178.3778862575475,140.90006549725322,239.28417343330958,0.0
1790154914,8,TTFT,completion,0.000000,0.000000,1800,1800,1800,1800,1800,1800,1800,1800,1800,1800,1800,6,0,1900,1796.7770924636473,1533.6909650359303,1937.60496401228,0.0
1790154914,8,,Aggregated,0.000000,0.000000,1800,1800,32000,32000,32000,32000,32000,32000,32000,32000,32000,18,0,1900,8808.662743900522,140.90006549725322,32167.196387890726,42.666666666666664
1790154915,8,POST,completion,0.000000,0.000000,32000,32000,32000,32000,32000,32000,32000,32000,32000,32000,32000,6,0,25000,24450.833252980374,19754.310525022447,32167.196387890726,128.0
1790154915,8,TPOT,completion,0.000000,0.000000,240,240,240,240,240,240,240,240,240,240,240,6,0,180,178.3778862575475,140.90006549725322,239.28417343330958,0.0
1790154915,8,TTFT,completion,0.000000,0.000000,1800,1800,1800,1800,1800,1800,1800,1800,1800,1800,1800,6,0,1900,1796.7770924636473,1533.6909650359303,1937.60496401228,0.0
1790154915,8,,Aggregated,0.000000,0.000000,1800,1800,32000,32000,32000,32000,32000,32000,32000,32000,32000,18,0,1900,8808.662743900522,140.90006549725322,32167.196387890726,42.666666666666664
1790154916,8,POST,completion,0.000000,0.000000,32000,32000,32000,32000,32000,32000,32000,32000,32000,32000,32000,6,0,25000,24450.833252980374,19754.310525022447,32167.196387890726,128.0
1790154916,8,TPOT,completion,0.000000,0.000000,240,240,240,240,240,240,240,240,240,240,240,6,0,180,178.3778862575475,140.90006549725322,239.28417343330958,0.0
1790154916,8,TTFT,completion,0.000000,0.000000,1800,1800,1800,1800,1800,1800,1800,1800,1800,1800,1800,6,0,1900,1796.7770924636473,1533.6909650359303,1937.60496401228,0.0
1790154916,8,,Aggregated,0.000000,0.000000,1800,1800,32000,32000,32000,32000,32000,32000,32000,32000,32000,18,0,1900,8808.662743900522,140.90006549725322,32167.196387890726,42.666666666666664
1790154917,8,POST,completion,0.000000,0.000000,32000,32000,32000,32000,32000,32000,32000,32000,32000,32000,32000,6,0,25000,24450.833252980374,19754.310525022447,32167.196387890726,128.0
1790154917,8,TPOT,completion,0.000000,0.000000,240,240,240,240,240,240,240,240,240,240,240,6,0,180,178.3778862575475,140.90006549725322,239.28417343330958,0.0
1790154917,8,TTFT,completion,0.000000,0.000000,1800,1800,1800,1800,1800,1800,1800,1800,1800,1800,1800,6,0,1900,1796.7770924636473,1533.6909650359303,1937.60496401228,0.0
1790154917,8,,Aggregated,0.000000,0.000000,1800,1800,32000,32000,32000,32000,32000,32000,32000,32000,32000,18,0,1900,8808.662743900522,140.90006549725322,32167.196387890726,42.666666666666664
1790154918,8,POST,completion,0.000000,0.000000,32000,32000,32000,32000,32000,32000,32000,32000,32000,32000,32000,6,0,25000,24450.833252980374,19754.310525022447,32167.196387890726,128.0
1790154918,8,TPOT,completion,0.000000,0.000000,240,240,240,240,240,240,240,240,240,240,240,6,0,180,178.3778862575475,140.90006549725322,239.28417343330958,0.0
1790154918,8,TTFT,completion,0.000000,0.000000,1800,1800,1800,1800,1800,1800,1800,1800,1800,1800,1800,6,0,1900,1796.7770924636473,1533.6909650359303,1937.60496401228,0.0
1790154918,8,,Aggregated,0.000000,0.000000,1800,1800,32000,32000,32000,32000,32000,32000,32000,32000,32000,18,0,1900,8808.662743900522,140.90006549725322,32167.196387890726,42.666666666666664
1790154919,8,POST,completion,0.100000,0.000000,34000,34000,34000,34000,34000,34000,34000,34000,34000,34000,34000,7,0,25000,25745.814572687126,19754.310525022447,33515.70249092765,128.0
1790154919,8,TPOT,completion,0.100000,0.000000,250,250,250,250,250,250,250,250,250,250,250,7,0,180,188.4972549531257,140.90006549725322,249.21346712659488,0.0
1790154919,8,TTFT,completion,0.100000,0.000000,1900,1900,1900,1900,1900,1900,1900,1900,1900,1900,1900,7,0,1900,1806.5984729411346,1533.6909650359303,1937.60496401228,0.0
1790154919,8,,Aggregated,0.300000,0.000000,1900,1900,32000,32000,34000,34000,34000,34000,34000,34000,34000,21,0,1900,9246.970100193796,140.90006549725322,33515.70249092765,42.666666666666664
1790154920,8,POST,completion,0.100000,0.000000,34000,34000,34000,34000,34000,34000,34000,34000,34000,34000,34000,7,0,25000,25745.814572687126,19754.310525022447,33515.70249092765,128.0
1790154920,8,TPOT,completion,0.100000,0.000000,250,250,250,250,250,250,250,250,250,250,250,7,0,180,188.4972549531257,140.90006549725322,249.21346712659488,0.0
1790154920,8,TTFT,completion,0.100000,0.000000,1900,1900,1900,1900,1900,1900,1900,1900,1900,1900,1900,7,0,1900,1806.5984729411346,1533.6909650359303,1937.60496401228,0.0
1790154920,8,,Aggregated,0.300000,0.000000,1900,1900,32000,32000,34000,34000,34000,34000,34000,34000,34000,21,0,1900,9246.970100193796,140.90006549725322,33515.70249092765,42.666666666666664
1790154921,8,POST,completion,0.100000,0.000000,34000,34000,34000,34000,34000,34000,34000,34000,34000,34000,34000,7,0,25000,25745.814572687126,19754.310525022447,33515.70249092765,128.0
1790154921,8,TPOT,completion,0.100000,0.000000,250,250,250,250,250,250,250,250,250,250,250,7,0,180,188.4972549531257,140.90006549725322,249.21346712659488,0.0
1790154921,8,TTFT,completion,0.100000,0.000000,1900,1900,1900,1900,1900,1900,1900,1900,1900,1900,1900,7,0,1900,1806.5984729411346,1533.6909650359303,1937.60496401228,0.0
1790154921,8,,Aggregated,0.300000,0.000000,1900,1900,32000,32000,34000,34000,34000,34000,34000,34000,34000,21,0,1900,9246.970100193796,140.90006549725322,33515.70249092765,42.666666666666664
1790154922,8,POST,completion,0.200000,0.000000,33000,33000,34000,34000,34000,34000,34000,34000,34000,34000,34000,13,0,31000,28560.12098921033,19754.310525022447,33554.68329205178,128.0
1790154922,8,TPOT,completion,0.200000,0.000000,220,240,250,250,250,250,250,250,250,250,250,13,0,180,197.77641300834614,140.90006549725322,249.8786384093128,0.0
1790154922,8,TTFT,completion,0.200000,0.000000,4900,5300,7400,7400,8400,8400,8400,8400,8400,8400,8400,13,0,1900,3442.4619141858643,1533.6909650359303,8419.915194856003,0.0
1790154922,8,,Aggregated,0.600000,0.000000,4900,8400,32000,32000,33000,34000,34000,34000,34000,34000,34000,39,0,1900,10733.45310546818,140.90006549725322,33554.68329205178,42.666666666666664
1790154923,8,POST,completion,0.200000,0.000000,33000,33000,34000,34000,34000,34000,34000,34000,34000,34000,34000,13,0,31000,28560.12098921033,19754.310525022447,33554.68329205178,128.0
1790154923,8,TPOT,completion,0.200000,0.000000,220,240,250,250,250,250,250,250,250,250,250,13,0,180,197.77641300834614,140.90006549725322,249.8786384093128,0.0
1790154923,8,TTFT,completion,0.200000,0.000000,4900,5300,7400,7400,8400,8400,8400,8400,8400,8400,8400,13,0,1900,3442.4619141858643,1533.6909650359303,8419.915194856003,0.0
1790154923,8,,Aggregated,0.600000,0.000000,4900,8400,32000,32000,33000,34000,34000,34000,34000,34000,34000,39,0,1900,10733.45310546818,140.90006549725322,33554.68329205178,42.666666666666664
1790154924,8,POST,completion,0.200000,0.000000,33000,33000,34000,34000,34000,34000,34000,34000,34000,34000,34000,13,0,31000,28560.12098921033,19754.310525022447,33554.68329205178,128.0
1790154924,8,TPOT,completion,0.200000,0.000000,220,220,250,250,250,250,250,250,250,250,250,13,0,180,197.77641300834614,140.90006549725322,249.8786384093128,0.0
1790154924,8,TTFT,completion,0.200000,0.000000,4900,5300,7400,7400,8400,8400,8400,8400,8400,8400,8400,13,0,1900,3442.4619141858643,1533.6909650359303,8419.915194856003,0.0
1790154924,8,,Aggregated,0.600000,0.000000,4900,8400,31000,32000,33000,34000,34000,34000,34000,34000,34000,39,0,1900,10733.45310546818,140.90006549725322,33554.68329205178,42.666666666666664
1790154925,8,POST,completion,0.200000,0.000000,33000,33000,34000,34000,34000,34000,34000,34000,34000,34000,34000,13,0,31000,28560.12098921033,19754.310525022447,33554.68329205178,128.0
1790154925,8,TPOT,completion,0.200000,0.000000,220,220,250,250,250,250,250,250,250,250,250,13,0,180,197.77641300834614,140.90006549725322,249.8786384093128,0.0
1790154925,8,TTFT,completion,0.200000,0.000000,4900,5300,7400,7400,8400,8400,8400,8400,8400,8400,8400,13,0,1900,3442.4619141858643,1533.6909650359303,8419.915194856003,0.0
1790154925,8,,Aggregated,0.600000,0.000000,4900,8400,31000,32000,33000,34000,34000,34000,34000,34000,34000,39,0,1900,10733.45310546818,140.90006549725322,33554.68329205178,42.666666666666664
1790154926,8,POST,completion,0.200000,0.000000,33000,33000,34000,34000,34000,34000,34000,34000,34000,34000,34000,13,0,31000,28560.12098921033,19754.310525022447,33554.68329205178,128.0
1790154926,8,TPOT,completion,0.200000,0.000000,220,220,250,250,250,250,250,250,250,250,250,13,0,180,197.77641300834614,140.90006549725322,249.8786384093128,0.0
1790154926,8,TTFT,completion,0.200000,0.000000,4900,5300,7400,7400,8400,8400,8400,8400,8400,8400,8400,13,0,1900,3442.4619141858643,1533.6909650359303,8419.915194856003,0.0
1790154926,8,,Aggregated,0.600000,0.000000,4900,8400,31000,32000,33000,34000,34000,34000,34000,34000,34000,39,0,1900,10733.45310546818,140.90006549725322,33554.68329205178,42.666666666666664
1790154927,8,POST,completion,0.200000,0.000000,33000,33000,34000,34000,34000,34000,34000,34000,34000,34000,34000,13,0,31000,28560.12098921033,19754.310525022447,33554.68329205178,128.0
1790154927,8,TPOT,completion,0.200000,0.000000,220,220,250,250,250,250,250,250,250,250,250,13,0,180,197.77641300834614,140.90006549725322,249.8786384093128,0.0
1790154927,8,TTFT,completion,0.200000,0.000000,4900,5300,7400,7400,8400,8400,8400,8400,8400,8400,8400,13,0,1900,3442.4619141858643,1533.6909650359303,8419.915194856003,0.0
1790154927,8,,Aggregated,0.600000,0.000000,4900,8400,31000,32000,33000,34000,34000,34000,34000,34000,34000,39,0,1900,10733.45310546818,140.90006549725322,33554.68329205178,42.666666666666664
1790154929,8,POST,completion,0.200000,0.000000,33000,33000,34000,34000,34000,34000,34000,34000,34000,34000,34000,13,0,31000,28560.12098921033,19754.310525022447,33554.68329205178,128.0
1790154929,8,TPOT,completion,0.200000,0.000000,220,220,250,250,250,250,250,250,250,250,250,13,0,180,197.77641300834614,140.90006549725322,249.8786384093128,0.0
1790154929,8,TTFT,completion,0.200000,0.000000,4900,5300,7400,7400,8400,8400,8400,8400,8400,8400,8400,13,0,1900,3442.4619141858643,1533.6909650359303,8419.915194856003,0.0
1790154929,8,,Aggregated,0.600000,0.000000,4900,8400,31000,32000,33000,34000,34000,34000,34000,34000,34000,39,0,1900,10733.45310546818,140.90006549725322,33554.68329205178,42.666666666666664
1790154930,8,POST,completion,0.200000,0.000000,33000,33000,33000,33000,34000,34000,34000,34000,34000,34000,34000,13,0,31000,28560.12098921033,19754.310525022447,33554.68329205178,128.0
1790154930,8,TPOT,completion,0.200000,0.000000,220,220,220,220,250,250,250,250,250,250,250,13,0,180,197.77641300834614,140.90006549725322,249.8786384093128,0.0
1790154930,8,TTFT,completion,0.200000,0.000000,5300,5300,7400,7400,8400,8400,8400,8400,8400,8400,8400,13,0,1900,3442.4619141858643,1533.6909650359303,8419.915194856003,0.0
1790154930,8,,Aggregated,0.600000,0.000000,5300,8400,31000,32000,33000,34000,34000,34000,34000,34000,34000,39,0,1900,10733.45310546818,140.90006549725322,33554.68329205178,42.666666666666664
1790154931,8,POST,completion,0.200000,0.000000,33000,33000,33000,33000,34000,34000,34000,34000,34000,34000,34000,13,0,31000,28560.12098921033,19754.310525022447,33554.68329205178,128.0
1790154931,8,TPOT,completion,0.200000,0.000000,220,220,220,220,250,250,250,250,250,250,250,13,0,180,197.77641300834614,140.90006549725322,249.8786384093128,0.0
1790154931,8,TTFT,completion,0.200000,0.000000,5300,5300,7400,7400,8400,8400,8400,8400,8400,8400,8400,13,0,1900,3442.4619141858643,1533.6909650359303,8419.915194856003,0.0
1790154931,8,,Aggregated,0.600000,0.000000,5300,8400,31000,32000,33000,34000,34000,34000,34000,34000,34000,39,0,1900,10733.45310546818,140.90006549725322,33554.68329205178,42.666666666666664
1790154932,8,POST,completion,0.200000,0.000000,33000,33000,33000,33000,34000,34000,34000,34000,34000,34000,34000,13,0,31000,28560.12098921033,19754.310525022447,33554.68329205178,128.0
1790154932,8,TPOT,completion,0.200000,0.000000,220,220,220,220,250,250,250,250,250,250,250,13,0,180,197.77641300834614,140.90006549725322,249.8786384093128,0.0
1790154932,8,TTFT,completion,0.200000,0.000000,5300,5300,7400,7400,8400,8400,8400,8400,8400,8400,8400,13,0,1900,3442.4619141858643,1533.6909650359303,8419.915194856003,0.0
1790154932,8,,Aggregated,0.600000,0.000000,5300,8400,31000,32000,33000,34000,34000,34000,34000,34000,34000,39,0,1900,10733.45310546818,140.90006549725322,33554.68329205178,42.666666666666664
1790154933,8,POST,completion,0.200000,0.000000,33000,33000,33000,33000,34000,34000,34000,34000,34000,34000,34000,13,0,31000,28560.12098921033,19754.310525022447,33554.68329205178,128.0
1790154933,8,TPOT,completion,0.200000,0.000000,220,220,220,220,250,250,250,250,250,250,250,13,0,180,197.77641300834614,140.90006549725322,249.8786384093128,0.0
1790154933,8,TTFT,completion,0.200000,0.000000,5300,5300,7400,7400,8400,8400,8400,8400,8400,8400,8400,13,0,1900,3442.4619141858643,1533.6909650359303,8419.915194856003,0.0
1790154933,8,,Aggregated,0.600000,0.000000,5300,8400,31000,32000,33000,34000,34000,34000,34000,34000,34000,39,0,1900,10733.45310546818,140.90006549725322,33554.68329205178,42.666666666666664
1790154934,8,POST,completion,0.200000,0.000000,33000,33000,33000,33000,34000,34000,34000,34000,34000,34000,34000,13,0,31000,28560.12098921033,19754.310525022447,33554.68329205178,128.0
1790154934,8,TPOT,completion,0.200000,0.000000,220,220,220,220,250,250,250,250,250,250,250,13,0,180,197.77641300834614,140.90006549725322,249.8786384093128,0.0
1790154934,8,TTFT,completion,0.200000,0.000000,5300,5300,7400,7400,8400,8400,8400,8400,8400,8400,8400,13,0,1900,3442.4619141858643,1533.6909650359303,8419.915194856003,0.0
1790154934,8,,Aggregated,0.600000,0.000000,5300,8400,31000,32000,33000,34000,34000,34000,34000,34000,34000,39,0,1900,10733.45310546818,140.90006549725322,33554.68329205178,42.666666666666664
1790154935,8,POST,completion,0.600000,0.000000,32000,33000,33000,33000,34000,34000,34000,34000,34000,34000,34000,14,0,31000,28243.62896540801,19754.310525022447,33554.68329205178,128.0
1790154935,8,TPOT,completion,0.600000,0.000000,180,220,220,220,250,250,250,250,250,250,250,14,0,180,196.12565574786728,140.90006549725322,249.8786384093128,0.0
1790154935,8,TTFT,completion,0.600000,0.000000,4900,5300,7400,7400,8400,8400,8400,8400,8400,8400,8400,14,0,1900,3335.61589560538,1533.6909650359303,8419.915194856003,0.0
1790154935,8,,Aggregated,1.800000,0.000000,4900,8400,29000,31000,33000,33000,34000,34000,34000,34000,34000,42,0,1900,10591.79017225375,140.90006549725322,33554.68329205178,42.666666666666664
1790154936,8,POST,completion,0.600000,0.000000,32000,33000,33000,33000,34000,34000,34000,34000,34000,34000,34000,14,0,31000,28243.62896540801,19754.310525022447,33554.68329205178,128.0
1790154936,8,TPOT,completion,0.600000,0.000000,180,220,220,220,250,250,250,250,250,250,250,14,0,180,196.12565574786728,140.90006549725322,249.8786384093128,0.0
1790154936,8,TTFT,completion,0.600000,0.000000,4900,5300,7400,7400,8400,8400,8400,8400,8400,8400,8400,14,0,1900,3335.61589560538,1533.6909650359303,8419.915194856003,0.0
1790154936,8,,Aggregated,1.800000,0.000000,4900,8400,29000,31000,33000,33000,34000,34000,34000,34000,34000,42,0,1900,10591.79017225375,140.90006549725322,33554.68329205178,42.666666666666664
1790154937,8,POST,completion,0.600000,0.000000,32000,33000,33000,33000,34000,34000,34000,34000,34000,34000,34000,14,0,31000,28243.62896540801,19754.310525022447,33554.68329205178,128.0
1790154937,8,TPOT,completion,0.600000,0.000000,180,220,220,220,250,250,250,250,250,250,250,14,0,180,196.12565574786728,140.90006549725322,249.8786384093128,0.0
1790154937,8,TTFT,completion,0.600000,0.000000,4900,5300,7400,7400,8400,8400,8400,8400,8400,8400,8400,14,0,1900,3335.61589560538,1533.6909650359303,8419.915194856003,0.0
1790154937,8,,Aggregated,1.800000,0.000000,4900,8400,29000,31000,33000,33000,34000,34000,34000,34000,34000,42,0,1900,10591.79017225375,140.90006549725322,33554.68329205178,42.666666666666664
1790154938,8,POST,completion,0.600000,0.000000,24000,24000,24000,24000,24000,24000,24000,24000,24000,24000,24000,14,0,31000,28243.62896540801,19754.310525022447,33554.68329205178,128.0
1790154938,8,TPOT,completion,0.600000,0.000000,170,170,170,170,170,170,170,170,170,170,170,14,0,180,196.12565574786728,140.90006549725322,249.8786384093128,0.0
1790154938,8,TTFT,completion,0.600000,0.000000,1900,1900,1900,1900,1900,1900,1900,1900,1900,1900,1900,14,0,1900,3335.61589560538,1533.6909650359303,8419.915194856003,0.0
1790154938,8,,Aggregated,1.800000,0.000000,1900,1900,24000,24000,24000,24000,24000,24000,24000,24000,24000,42,0,1900,10591.79017225375,140.90006549725322,33554.68329205178,42.666666666666664
1790154939,8,POST,completion,0.600000,0.000000,24000,24000,24000,24000,24000,24000,24000,24000,24000,24000,24000,14,0,31000,28243.62896540801,19754.310525022447,33554.68329205178,128.0
1790154939,8,TPOT,completion,0.600000,0.000000,170,170,170,170,170,170,170,170,170,170,170,14,0,180,196.12565574786728,140.90006549725322,249.8786384093128,0.0
1790154939,8,TTFT,completion,0.600000,0.000000,1900,1900,1900,1900,1900,1900,1900,1900,1900,1900,1900,14,0,1900,3335.61589560538,1533.6909650359303,8419.915194856003,0.0
1790154939,8,,Aggregated,1.800000,0.000000,1900,1900,24000,24000,24000,24000,24000,24000,24000,24000,24000,42,0,1900,10591.79017225375,140.90006549725322,33554.68329205178,42.666666666666664
1790154940,8,POST,completion,0.600000,0.000000,24000,24000,24000,24000,24000,24000,24000,24000,24000,24000,24000,14,0,31000,28243.62896540801,19754.310525022447,33554.68329205178,128.0
1790154940,8,TPOT,completion,0.600000,0.000000,170,170,170,170,170,170,170,170,170,170,170,14,0,180,196.12565574786728,140.90006549725322,249.8786384093128,0.0
1790154940,8,TTFT,completion,0.600000,0.000000,1900,1900,1900,1900,1900,1900,1900,1900,1900,1900,1900,14,0,1900,3335.61589560538,1533.6909650359303,8419.915194856003,0.0
1790154940,8,,Aggregated,1.800000,0.000000,1900,1900,24000,24000,24000,24000,24000,24000,24000,24000,24000,42,0,1900,10591.79017225375,140.90006549725322,33554.68329205178,42.666666666666664
1790154941,8,POST,completion,0.600000,0.000000,24000,24000,24000,24000,24000,24000,24000,24000,24000,24000,24000,14,0,31000,28243.62896540801,19754.310525022447,33554.68329205178,128.0
1790154941,8,TPOT,completion,0.600000,0.000000,170,170,170,170,170,170,170,170,170,170,170,14,0,180,196.12565574786728,140.90006549725322,249.8786384093128,0.0
1790154941,8,TTFT,completion,0.600000,0.000000,1900,1900,1900,1900,1900,1900,1900,1900,1900,1900,1900,14,0,1900,3335.61589560538,1533.6909650359303,8419.915194856003,0.0
1790154941,8,,Aggregated,1.800000,0.000000,1900,1900,24000,24000,24000,24000,24000,24000,24000,24000,24000,42,0,1900,10591.79017225375,140.90006549725322,33554.68329205178,42.666666666666664
1790154942,8,POST,completion,0.100000,0.000000,22000,22000,24000,24000,24000,24000,24000,24000,24000,24000,24000,16,0,29000,27297.664219600847,19754.310525022447,33554.68329205178,128.0
1790154942,8,TPOT,completion,0.100000,0.000000,150,150,170,170,170,170,170,170,170,170,170,16,0,180,190.0548270367742,140.6564178737247,249.8786384093128,0.0
1790154942,8,TTFT,completion,0.100000,0.000000,1900,1900,1900,1900,1900,1900,1900,1900,1900,1900,1900,16,0,1900,3160.64542971435,1533.6909650359303,8419.915194856003,0.0
1790154942,8,,Aggregated,0.300000,0.000000,1900,1900,20000,22000,24000,24000,24000,24000,24000,24000,24000,48,0,1900,10216.121492117323,140.6564178737247,33554.68329205178,42.666666666666664
1790154943,8,POST,completion,0.100000,0.000000,22000,22000,24000,24000,24000,24000,24000,24000,24000,24000,24000,16,0,29000,27297.664219600847,19754.310525022447,33554.68329205178,128.0
1790154943,8,TPOT,completion,0.100000,0.000000,150,150,170,170,170,170,170,170,170,170,170,16,0,180,190.0548270367742,140.6564178737247,249.8786384093128,0.0
1790154943,8,TTFT,completion,0.100000,0.000000,1900,1900,1900,1900,1900,1900,1900,1900,1900,1900,1900,16,0,1900,3160.64542971435,1533.6909650359303,8419.915194856003,0.0
1790154943,8,,Aggregated,0.300000,0.000000,1900,1900,20000,22000,24000,24000,24000,24000,24000,24000,24000,48,0,1900,10216.121492117323,140.6564178737247,33554.68329205178,42.666666666666664
1790154944,8,POST,completion,0.100000,0.000000,22000,22000,24000,24000,24000,24000,24000,24000,24000,24000,24000,16,0,29000,27297.664219600847,19754.310525022447,33554.68329205178,128.0
1790154944,8,TPOT,completion,0.100000,0.000000,150,150,170,170,170,170,170,170,170,170,170,16,0,180,190.0548270367742,140.6564178737247,249.8786384093128,0.0
1790154944,8,TTFT,completion,0.100000,0.000000,1900,1900,1900,1900,1900,1900,1900,1900,1900,1900,1900,16,0,1900,3160.64542971435,1533.6909650359303,8419.915194856003,0.0
1790154944,8,,Aggregated,0.300000,0.000000,1900,1900,20000,22000,24000,24000,24000,24000,24000,24000,24000,48,0,1900,10216.121492117323,140.6564178737247,33554.68329205178,42.666666666666664
1790154945,8,POST,completion,0.100000,0.000000,22000,22000,24000,24000,24000,24000,24000,24000,24000,24000,24000,16,0,29000,27297.664219600847,19754.310525022447,33554.68329205178,128.0
1790154945,8,TPOT,completion,0.100000,0.000000,150,150,170,170,170,170,170,170,170,170,170,16,0,180,190.0548270367742,140.6564178737247,249.8786384093128,0.0
1790154945,8,TTFT,completion,0.100000,0.000000,1900,1900,1900,1900,1900,1900,1900,1900,1900,1900,1900,16,0,1900,3160.64542971435,1533.6909650359303,8419.915194856003,0.0
1790154945,8,,Aggregated,0.300000,0.000000,1900,1900,20000,22000,24000,24000,24000,24000,24000,24000,24000,48,0,1900,10216.121492117323,140.6564178737247,33554.68329205178,42.666666666666664
1790154946,8,POST,completion,0.100000,0.000000,22000,22000,24000,24000,24000,24000,24000,24000,24000,24000,24000,16,0,29000,27297.664219600847,19754.310525022447,33554.68329205178,128.0
1790154946,8,TPOT,completion,0.100000,0.000000,150,150,170,170,170,170,170,170,170,170,170,16,0,180,190.0548270367742,140.6564178737247,249.8786384093128,0.0
1790154946,8,TTFT,completion,0.100000,0.000000,1900,1900,1900,1900,1900,1900,1900,1900,1900,1900,1900,16,0,1900,3160.64542971435,1533.6909650359303,8419.915194856003,0.0
1790154946,8,,Aggregated,0.300000,0.000000,1900,1900,20000,22000,24000,24000,24000,24000,24000,24000,24000,48,0,1900,10216.121492117323,140.6564178737247,33554.68329205178,42.666666666666664
1790154947,8,POST,completion,0.100000,0.000000,22000,22000,22000,22000,22000,22000,22000,22000,22000,22000,22000,16,0,29000,27297.664219600847,19754.310525022447,33554.68329205178,128.0
1790154947,8,TPOT,completion,0.100000,0.000000,150,150,150,150,150,150,150,150,150,150,150,16,0,180,190.0548270367742,140.6564178737247,249.8786384093128,0.0
1790154947,8,TTFT,completion,0.100000,0.000000,1900,1900,1900,1900,1900,1900,1900,1900,1900,1900,1900,16,0,1900,3160.64542971435,1533.6909650359303,8419.915194856003,0.0
1790154947,8,,Aggregated,0.300000,0.000000,1900,1900,20000,20000,22000,22000,22000,22000,22000,22000,22000,48,0,1900,10216.121492117323,140.6564178737247,33554.68329205178,42.666666666666664
1790154948,8,POST,completion,0.100000,0.000000,22000,22000,22000,22000,22000,22000,22000,22000,22000,22000,22000,16,0,29000,27297.664219600847,19754.310525022447,33554.68329205178,128.0
1790154948,8,TPOT,completion,0.100000,0.000000,150,150,150,150,150,150,150,150,150,150,150,16,0,180,190.0548270367742,140.6564178737247,249.8786384093128,0.0
1790154948,8,TTFT,completion,0.100000,0.000000,1900,1900,1900,1900,1900,1900,1900,1900,1900,1900,1900,16,0,1900,3160.64542971435,1533.6909650359303,8419.915194856003,0.0
1790154948,8,,Aggregated,0.300000,0.000000,1900,1900,20000,20000,22000,22000,22000,22000,22000,22000,22000,48,0,1900,10216.121492117323,140.6564178737247,33554.68329205178,42.666666666666664
1790154949,8,POST,completion,0.100000,0.000000,22000,22000,22000,22000,22000,22000,22000,22000,22000,22000,22000,16,0,29000,27297.664219600847,19754.310525022447,33554.68329205178,128.0
1790154949,8,TPOT,completion,0.100000,0.000000,150,150,150,150,150,150,150,150,150,150,150,16,0,180,190.0548270367742,140.6564178737247,249.8786384093128,0.0
1790154949,8,TTFT,completion,0.100000,0.000000,1900,1900,1900,1900,1900,1900,1900,1900,1900,1900,1900,16,0,1900,3160.64542971435,1533.6909650359303,8419.915194856003,0.0
1790154949,8,,Aggregated,0.300000,0.000000,1900,1900,20000,20000,22000,22000,22000,22000,22000,22000,22000,48,0,1900,10216.121492117323,140.6564178737247,33554.68329205178,42.666666666666664
1790154950,8,POST,completion,0.100000,0.000000,22000,22000,22000,22000,22000,22000,22000,22000,22000,22000,22000,16,0,29000,27297.664219600847,19754.310525022447,33554.68329205178,128.0
1790154950,8,TPOT,completion,0.100000,0.000000,150,150,150,150,150,150,150,150,150,150,150,16,0,180,190.0548270367742,140.6564178737247,249.8786384093128,0.0
1790154950,8,TTFT,completion,0.100000,0.000000,1900,1900,1900,1900,1900,1900,1900,1900,1900,1900,1900,16,0,1900,3160.64542971435,1533.6909650359303,8419.915194856003,0.0
1790154950,8,,Aggregated,0.300000,0.000000,1900,1900,20000,20000,22000,22000,22000,22000,22000,22000,22000,48,0,1900,10216.121492117323,140.6564178737247,33554.68329205178,42.666666666666664
1790154951,8,POST,completion,0.100000,0.000000,22000,22000,22000,22000,22000,22000,22000,22000,22000,22000,22000,16,0,29000,27297.664219600847,19754.310525022447,33554.68329205178,128.0
1790154951,8,TPOT,completion,0.100000,0.000000,150,150,150,150,150,150,150,150,150,150,150,16,0,180,190.0548270367742,140.6564178737247,249.8786384093128,0.0
1790154951,8,TTFT,completion,0.100000,0.000000,1900,1900,1900,1900,1900,1900,1900,1900,1900,1900,1900,16,0,1900,3160.64542971435,1533.6909650359303,8419.915194856003,0.0
1790154951,8,,Aggregated,0.300000,0.000000,1900,1900,20000,20000,22000,22000,22000,22000,22000,22000,22000,48,0,1900,10216.121492117323,140.6564178737247,33554.68329205178,42.666666666666664
1790154952,8,POST,completion,0.100000,0.000000,22000,22000,22000,22000,22000,22000,22000,22000,22000,22000,22000,16,0,29000,27297.664219600847,19754.310525022447,33554.68329205178,128.0
1790154952,8,TPOT,completion,0.100000,0.000000,150,150,150,150,150,150,150,150,150,150,150,16,0,180,190.0548270367742,140.6564178737247,249.8786384093128,0.0
1790154952,8,TTFT,completion,0.100000,0.000000,1900,1900,1900,1900,1900,1900,1900,1900,1900,1900,1900,16,0,1900,3160.64542971435,1533.6909650359303,8419.915194856003,0.0
1790154952,8,,Aggregated,0.300000,0.000000,1900,1900,20000,20000,22000,22000,22000,22000,22000,22000,22000,48,0,1900,10216.121492117323,140.6564178737247,33554.68329205178,42.666666666666664
1790154953,8,POST,completion,0.100000,0.000000,22000,22000,22000,22000,22000,22000,22000,22000,22000,22000,22000,16,0,29000,27297.664219600847,19754.310525022447,33554.68329205178,128.0
1790154953,8,TPOT,completion,0.100000,0.000000,150,150,150,150,150,150,150,150,150,150,150,16,0,180,190.0548270367742,140.6564178737247,249.8786384093128,0.0
1790154953,8,TTFT,completion,0.100000,0.000000,1900,1900,1900,1900,1900,1900,1900,1900,1900,1900,1900,16,0,1900,3160.64542971435,1533.6909650359303,8419.915194856003,0.0
1790154953,8,,Aggregated,0.300000,0.000000,1900,1900,20000,20000,22000,22000,22000,22000,22000,22000,22000,48,0,1900,10216.121492117323,140.6564178737247,33554.68329205178,42.666666666666664
1790154954,8,POST,completion,0.100000,0.000000,22000,22000,22000,22000,22000,22000,22000,22000,22000,22000,22000,16,0,29000,27297.664219600847,19754.310525022447,33554.68329205178,128.0
1790154954,8,TPOT,completion,0.100000,0.000000,150,150,150,150,150,150,150,150,150,150,150,16,0,180,190.0548270367742,140.6564178737247,249.8786384093128,0.0
1790154954,8,TTFT,completion,0.100000,0.000000,1900,1900,1900,1900,1900,1900,1900,1900,1900,1900,1900,16,0,1900,3160.64542971435,1533.6909650359303,8419.915194856003,0.0
1790154954,8,,Aggregated,0.300000,0.000000,1900,1900,20000,20000,22000,22000,22000,22000,22000,22000,22000,48,0,1900,10216.121492117323,140.6564178737247,33554.68329205178,42.666666666666664
1790154955,8,POST,completion,0.100000,0.000000,22000,22000,22000,22000,22000,22000,22000,22000,22000,22000,22000,16,0,29000,27297.664219600847,19754.310525022447,33554.68329205178,128.0
1790154955,8,TPOT,completion,0.100000,0.000000,150,150,150,150,150,150,150,150,150,150,150,16,0,180,190.0548270367742,140.6564178737247,249.8786384093128,0.0
1790154955,8,TTFT,completion,0.100000,0.000000,1900,1900,1900,1900,1900,1900,1900,1900,1900,1900,1900,16,0,1900,3160.64542971435,1533.6909650359303,8419.915194856003,0.0
1790154955,8,,Aggregated,0.300000,0.000000,1900,1900,20000,20000,22000,22000,22000,22000,22000,22000,22000,48,0,1900,10216.121492117323,140.6564178737247,33554.68329205178,42.666666666666664
1790154956,8,POST,completion,0.100000,0.000000,22000,22000,22000,22000,22000,22000,22000,22000,22000,22000,22000,16,0,29000,27297.664219600847,19754.310525022447,33554.68329205178,128.0
1790154956,8,TPOT,completion,0.100000,0.000000,150,150,150,150,150,150,150,150,150,150,150,16,0,180,190.0548270367742,140.6564178737247,249.8786384093128,0.0
1790154956,8,TTFT,completion,0.100000,0.000000,1900,1900,1900,1900,1900,1900,1900,1900,1900,1900,1900,16,0,1900,3160.64542971435,1533.6909650359303,8419.915194856003,0.0
1790154956,8,,Aggregated,0.300000,0.000000,1900,1900,20000,20000,22000,22000,22000,22000,22000,22000,22000,48,0,1900,10216.121492117323,140.6564178737247,33554.68329205178,42.666666666666664
1790154957,8,POST,completion,0.100000,0.000000,22000,22000,22000,22000,22000,22000,22000,22000,22000,22000,22000,16,0,29000,27297.664219600847,19754.310525022447,33554.68329205178,128.0
1790154957,8,TPOT,completion,0.100000,0.000000,150,150,150,150,150,150,150,150,150,150,150,16,0,180,190.0548270367742,140.6564178737247,249.8786384093128,0.0
1790154957,8,TTFT,completion,0.100000,0.000000,1900,1900,1900,1900,1900,1900,1900,1900,1900,1900,1900,16,0,1900,3160.64542971435,1533.6909650359303,8419.915194856003,0.0
1790154957,8,,Aggregated,0.300000,0.000000,1900,1900,20000,20000,22000,22000,22000,22000,22000,22000,22000,48,0,1900,10216.121492117323,140.6564178737247,33554.68329205178,42.666666666666664
1790154958,8,POST,completion,0.100000,0.000000,22000,22000,22000,22000,22000,22000,22000,22000,22000,22000,22000,16,0,29000,27297.664219600847,19754.310525022447,33554.68329205178,128.0
1790154958,8,TPOT,completion,0.100000,0.000000,150,150,150,150,150,150,150,150,150,150,150,16,0,180,190.0548270367742,140.6564178737247,249.8786384093128,0.0
1790154958,8,TTFT,completion,0.100000,0.000000,1900,1900,1900,1900,1900,1900,1900,1900,1900,1900,1900,16,0,1900,3160.64542971435,1533.6909650359303,8419.915194856003,0.0
1790154958,8,,Aggregated,0.300000,0.000000,1900,1900,20000,20000,22000,22000,22000,22000,22000,22000,22000,48,0,1900,10216.121492117323,140.6564178737247,33554.68329205178,42.666666666666664
1790154959,8,POST,completion,0.100000,0.000000,0,0,0,0,0,0,0,0,0,0,0,16,0,29000,27297.664219600847,19754.310525022447,33554.68329205178,128.0
1790154959,8,TPOT,completion,0.100000,0.000000,0,0,0,0,0,0,0,0,0,0,0,16,0,180,190.0548270367742,140.6564178737247,249.8786384093128,0.0
1790154959,8,TTFT,completion,0.100000,0.000000,0,0,0,0,0,0,0,0,0,0,0,16,0,1900,3160.64542971435,1533.6909650359303,8419.915194856003,0.0
1790154959,8,,Aggregated,0.300000,0.000000,0,0,0,0,0,0,0,0,0,0,0,48,0,1900,10216.121492117323,140.6564178737247,33554.68329205178,42.666666666666664
1790154960,8,POST,completion,0.100000,0.000000,0,0,0,0,0,0,0,0,0,0,0,16,0,29000,27297.664219600847,19754.310525022447,33554.68329205178,128.0
1790154960,8,TPOT,completion,0.100000,0.000000,0,0,0,0,0,0,0,0,0,0,0,16,0,180,190.0548270367742,140.6564178737247,249.8786384093128,0.0
1790154960,8,TTFT,completion,0.100000,0.000000,0,0,0,0,0,0,0,0,0,0,0,16,0,1900,3160.64542971435,1533.6909650359303,8419.915194856003,0.0
1790154960,8,,Aggregated,0.300000,0.000000,0,0,0,0,0,0,0,0,0,0,0,48,0,1900,10216.121492117323,140.6564178737247,33554.68329205178,42.666666666666664
1790154961,8,POST,completion,0.100000,0.000000,0,0,0,0,0,0,0,0,0,0,0,16,0,29000,27297.664219600847,19754.310525022447,33554.68329205178,128.0
1790154961,8,TPOT,completion,0.100000,0.000000,0,0,0,0,0,0,0,0,0,0,0,16,0,180,190.0548270367742,140.6564178737247,249.8786384093128,0.0
1790154961,8,TTFT,completion,0.100000,0.000000,0,0,0,0,0,0,0,0,0,0,0,16,0,1900,3160.64542971435,1533.6909650359303,8419.915194856003,0.0
1790154961,8,,Aggregated,0.300000,0.000000,0,0,0,0,0,0,0,0,0,0,0,48,0,1900,10216.121492117323,140.6564178737247,33554.68329205178,42.666666666666664
1790154962,8,POST,completion,0.100000,0.000000,0,0,0,0,0,0,0,0,0,0,0,16,0,29000,27297.664219600847,19754.310525022447,33554.68329205178,128.0
1790154962,8,TPOT,completion,0.100000,0.000000,0,0,0,0,0,0,0,0,0,0,0,16,0,180,190.0548270367742,140.6564178737247,249.8786384093128,0.0
1790154962,8,TTFT,completion,0.100000,0.000000,0,0,0,0,0,0,0,0,0,0,0,16,0,1900,3160.64542971435,1533.6909650359303,8419.915194856003,0.0
1790154962,8,,Aggregated,0.300000,0.000000,0,0,0,0,0,0,0,0,0,0,0,48,0,1900,10216.121492117323,140.6564178737247,33554.68329205178,42.666666666666664
1790154963,8,POST,completion,0.100000,0.000000,0,0,0,0,0,0,0,0,0,0,0,16,0,29000,27297.664219600847,19754.310525022447,33554.68329205178,128.0
1790154963,8,TPOT,completion,0.100000,0.000000,0,0,0,0,0,0,0,0,0,0,0,16,0,180,190.0548270367742,140.6564178737247,249.8786384093128,0.0
1790154963,8,TTFT,completion,0.100000,0.000000,0,0,0,0,0,0,0,0,0,0,0,16,0,1900,3160.64542971435,1533.6909650359303,8419.915194856003,0.0
1790154963,8,,Aggregated,0.300000,0.000000,0,0,0,0,0,0,0,0,0,0,0,48,0,1900,10216.121492117323,140.6564178737247,33554.68329205178,42.666666666666664
1790154964,8,POST,completion,0.100000,0.000000,0,0,0,0,0,0,0,0,0,0,0,16,0,29000,27297.664219600847,19754.310525022447,33554.68329205178,128.0
1790154964,8,TPOT,completion,0.100000,0.000000,0,0,0,0,0,0,0,0,0,0,0,16,0,180,190.0548270367742,140.6564178737247,249.8786384093128,0.0
1790154964,8,TTFT,completion,0.100000,0.000000,0,0,0,0,0,0,0,0,0,0,0,16,0,1900,3160.64542971435,1533.6909650359303,8419.915194856003,0.0
1790154964,8,,Aggregated,0.300000,0.000000,0,0,0,0,0,0,0,0,0,0,0,48,0,1900,10216.121492117323,140.6564178737247,33554.68329205178,42.666666666666664
1790154965,8,POST,completion,0.100000,0.000000,0,0,0,0,0,0,0,0,0,0,0,16,0,29000,27297.664219600847,19754.310525022447,33554.68329205178,128.0
1790154965,8,TPOT,completion,0.100000,0.000000,0,0,0,0,0,0,0,0,0,0,0,16,0,180,190.0548270367742,140.6564178737247,249.8786384093128,0.0
1790154965,8,TTFT,completion,0.100000,0.000000,0,0,0,0,0,0,0,0,0,0,0,16,0,1900,3160.64542971435,1533.6909650359303,8419.915194856003,0.0
1790154965,8,,Aggregated,0.300000,0.000000,0,0,0,0,0,0,0,0,0,0,0,48,0,1900,10216.121492117323,140.6564178737247,33554.68329205178,42.666666666666664
1790154966,8,POST,completion,0.100000,0.000000,0,0,0,0,0,0,0,0,0,0,0,16,0,29000,27297.664219600847,19754.310525022447,33554.68329205178,128.0
1790154966,8,TPOT,completion,0.100000,0.000000,0,0,0,0,0,0,0,0,0,0,0,16,0,180,190.0548270367742,140.6564178737247,249.8786384093128,0.0
1790154966,8,TTFT,completion,0.100000,0.000000,0,0,0,0,0,0,0,0,0,0,0,16,0,1900,3160.64542971435,1533.6909650359303,8419.915194856003,0.0
1790154966,8,,Aggregated,0.300000,0.000000,0,0,0,0,0,0,0,0,0,0,0,48,0,1900,10216.121492117323,140.6564178737247,33554.68329205178,42.666666666666664
1790154967,8,POST,completion,0.100000,0.000000,0,0,0,0,0,0,0,0,0,0,0,16,0,29000,27297.664219600847,19754.310525022447,33554.68329205178,128.0
1790154967,8,TPOT,completion,0.100000,0.000000,0,0,0,0,0,0,0,0,0,0,0,16,0,180,190.0548270367742,140.6564178737247,249.8786384093128,0.0
1790154967,8,TTFT,completion,0.100000,0.000000,0,0,0,0,0,0,0,0,0,0,0,16,0,1900,3160.64542971435,1533.6909650359303,8419.915194856003,0.0
1790154967,8,,Aggregated,0.300000,0.000000,0,0,0,0,0,0,0,0,0,0,0,48,0,1900,10216.121492117323,140.6564178737247,33554.68329205178,42.666666666666664
1790154968,8,POST,completion,0.100000,0.000000,0,0,0,0,0,0,0,0,0,0,0,16,0,29000,27297.664219600847,19754.310525022447,33554.68329205178,128.0
1790154968,8,TPOT,completion,0.100000,0.000000,0,0,0,0,0,0,0,0,0,0,0,16,0,180,190.0548270367742,140.6564178737247,249.8786384093128,0.0
1790154968,8,TTFT,completion,0.100000,0.000000,0,0,0,0,0,0,0,0,0,0,0,16,0,1900,3160.64542971435,1533.6909650359303,8419.915194856003,0.0
1790154968,8,,Aggregated,0.300000,0.000000,0,0,0,0,0,0,0,0,0,0,0,48,0,1900,10216.121492117323,140.6564178737247,33554.68329205178,42.666666666666664
1790154969,8,POST,completion,0.100000,0.000000,0,0,0,0,0,0,0,0,0,0,0,16,0,29000,27297.664219600847,19754.310525022447,33554.68329205178,128.0
1790154969,8,TPOT,completion,0.100000,0.000000,0,0,0,0,0,0,0,0,0,0,0,16,0,180,190.0548270367742,140.6564178737247,249.8786384093128,0.0
1790154969,8,TTFT,completion,0.100000,0.000000,0,0,0,0,0,0,0,0,0,0,0,16,0,1900,3160.64542971435,1533.6909650359303,8419.915194856003,0.0
1790154969,8,,Aggregated,0.300000,0.000000,0,0,0,0,0,0,0,0,0,0,0,48,0,1900,10216.121492117323,140.6564178737247,33554.68329205178,42.666666666666664
1790154970,8,POST,completion,0.100000,0.000000,0,0,0,0,0,0,0,0,0,0,0,16,0,29000,27297.664219600847,19754.310525022447,33554.68329205178,128.0
1790154970,8,TPOT,completion,0.100000,0.000000,0,0,0,0,0,0,0,0,0,0,0,16,0,180,190.0548270367742,140.6564178737247,249.8786384093128,0.0
1790154970,8,TTFT,completion,0.100000,0.000000,0,0,0,0,0,0,0,0,0,0,0,16,0,1900,3160.64542971435,1533.6909650359303,8419.915194856003,0.0
1790154970,8,,Aggregated,0.300000,0.000000,0,0,0,0,0,0,0,0,0,0,0,48,0,1900,10216.121492117323,140.6564178737247,33554.68329205178,42.666666666666664
1790154971,8,POST,completion,0.100000,0.000000,0,0,0,0,0,0,0,0,0,0,0,16,0,29000,27297.664219600847,19754.310525022447,33554.68329205178,128.0
1790154971,8,TPOT,completion,0.100000,0.000000,0,0,0,0,0,0,0,0,0,0,0,16,0,180,190.0548270367742,140.6564178737247,249.8786384093128,0.0
1790154971,8,TTFT,completion,0.100000,0.000000,0,0,0,0,0,0,0,0,0,0,0,16,0,1900,3160.64542971435,1533.6909650359303,8419.915194856003,0.0
1790154971,8,,Aggregated,0.300000,0.000000,0,0,0,0,0,0,0,0,0,0,0,48,0,1900,10216.121492117323,140.6564178737247,33554.68329205178,42.666666666666664
1790154972,8,POST,completion,0.100000,0.000000,0,0,0,0,0,0,0,0,0,0,0,16,0,29000,27297.664219600847,19754.310525022447,33554.68329205178,128.0
1790154972,8,TPOT,completion,0.100000,0.000000,0,0,0,0,0,0,0,0,0,0,0,16,0,180,190.0548270367742,140.6564178737247,249.8786384093128,0.0
1790154972,8,TTFT,completion,0.100000,0.000000,0,0,0,0,0,0,0,0,0,0,0,16,0,1900,3160.64542971435,1533.6909650359303,8419.915194856003,0.0
1790154972,8,,Aggregated,0.300000,0.000000,0,0,0,0,0,0,0,0,0,0,0,48,0,1900,10216.121492117323,140.6564178737247,33554.68329205178,42.666666666666664
1790154973,8,POST,completion,0.100000,0.000000,0,0,0,0,0,0,0,0,0,0,0,16,0,29000,27297.664219600847,19754.310525022447,33554.68329205178,128.0
1790154973,8,TPOT,completion,0.100000,0.000000,0,0,0,0,0,0,0,0,0,0,0,16,0,180,190.0548270367742,140.6564178737247,249.8786384093128,0.0
1790154973,8,TTFT,completion,0.100000,0.000000,0,0,0,0,0,0,0,0,0,0,0,16,0,1900,3160.64542971435,1533.6909650359303,8419.915194856003,0.0
1790154973,8,,Aggregated,0.300000,0.000000,0,0,0,0,0,0,0,0,0,0,0,48,0,1900,10216.121492117323,140.6564178737247,33554.68329205178,42.666666666666664
1790154974,8,POST,completion,0.100000,0.000000,0,0,0,0,0,0,0,0,0,0,0,16,0,29000,27297.664219600847,19754.310525022447,33554.68329205178,128.0
1790154974,8,TPOT,completion,0.100000,0.000000,0,0,0,0,0,0,0,0,0,0,0,16,0,180,190.0548270367742,140.6564178737247,249.8786384093128,0.0
1790154974,8,TTFT,completion,0.100000,0.000000,0,0,0,0,0,0,0,0,0,0,0,16,0,1900,3160.64542971435,1533.6909650359303,8419.915194856003,0.0
1790154974,8,,Aggregated,0.300000,0.000000,0,0,0,0,0,0,0,0,0,0,0,48,0,1900,10216.121492117323,140.6564178737247,33554.68329205178,42.666666666666664
1790154975,8,POST,completion,0.100000,0.000000,0,0,0,0,0,0,0,0,0,0,0,16,0,29000,27297.664219600847,19754.310525022447,33554.68329205178,128.0
1790154975,8,TPOT,completion,0.100000,0.000000,0,0,0,0,0,0,0,0,0,0,0,16,0,180,190.0548270367742,140.6564178737247,249.8786384093128,0.0
1790154975,8,TTFT,completion,0.100000,0.000000,0,0,0,0,0,0,0,0,0,0,0,16,0,1900,3160.64542971435,1533.6909650359303,8419.915194856003,0.0
1790154975,8,,Aggregated,0.300000,0.000000,0,0,0,0,0,0,0,0,0,0,0,48,0,1900,10216.121492117323,140.6564178737247,33554.68329205178,42.666666666666664
1790154976,8,POST,completion,0.100000,0.000000,0,0,0,0,0,0,0,0,0,0,0,16,0,29000,27297.664219600847,19754.310525022447,33554.68329205178,128.0
1790154976,8,TPOT,completion,0.100000,0.000000,0,0,0,0,0,0,0,0,0,0,0,16,0,180,190.0548270367742,140.6564178737247,249.8786384093128,0.0
1790154976,8,TTFT,completion,0.100000,0.000000,0,0,0,0,0,0,0,0,0,0,0,16,0,1900,3160.64542971435,1533.6909650359303,8419.915194856003,0.0
1790154976,8,,Aggregated,0.300000,0.000000,0,0,0,0,0,0,0,0,0,0,0,48,0,1900,10216.121492117323,140.6564178737247,33554.68329205178,42.666666666666664
1790154977,8,POST,completion,0.000000,0.000000,28000,28000,28000,28000,28000,28000,28000,28000,28000,28000,28000,20,0,28000,27246.26728867879,19754.310525022447,33554.68329205178,128.0
1790154977,8,TPOT,completion,0.000000,0.000000,200,200,210,210,210,210,210,210,210,210,210,20,0,180,189.3962214518463,140.6564178737247,249.8786384093128,0.0
1790154977,8,TTFT,completion,0.000000,0.000000,3900,3900,5000,5000,5000,5000,5000,5000,5000,5000,5000,20,0,1900,3192.8934597759508,1533.6909650359303,8419.915194856003,0.0
1790154977,8,,Aggregated,0.000000,0.000000,3900,5000,27000,27000,28000,28000,28000,28000,28000,28000,28000,60,0,1900,10209.518989968863,140.6564178737247,33554.68329205178,42.666666666666664
1790154978,8,POST,completion,0.000000,0.000000,27000,28000,28000,28000,28000,28000,28000,28000,28000,28000,28000,21,0,27000,27078.815780447,19754.310525022447,33554.68329205178,128.0
1790154978,8,TPOT,completion,0.000000,0.000000,170,200,200,210,210,210,210,210,210,210,210,21,0,180,187.87605142548054,140.6564178737247,249.8786384093128,0.0
1790154978,8,TTFT,completion,0.000000,0.000000,3700,3900,3900,5000,5000,5000,5000,5000,5000,5000,5000,21,0,1900,3218.5033775444717,1533.6909650359303,8419.915194856003,0.0
1790154978,8,,Aggregated,0.000000,0.000000,3700,5000,26000,27000,28000,28000,28000,28000,28000,28000,28000,63,0,1900,10161.731736472317,140.6564178737247,33554.68329205178,42.666666666666664
1790154979,8,POST,completion,0.000000,0.000000,27000,28000,28000,28000,28000,28000,28000,28000,28000,28000,28000,21,0,27000,27078.815780447,19754.310525022447,33554.68329205178,128.0
1790154979,8,TPOT,completion,0.000000,0.000000,170,200,200,210,210,210,210,210,210,210,210,21,0,180,187.87605142548054,140.6564178737247,249.8786384093128,0.0
1790154979,8,TTFT,completion,0.000000,0.000000,3700,3900,3900,5000,5000,5000,5000,5000,5000,5000,5000,21,0,1900,3218.5033775444717,1533.6909650359303,8419.915194856003,0.0
1790154979,8,,Aggregated,0.000000,0.000000,3700,5000,26000,27000,28000,28000,28000,28000,28000,28000,28000,63,0,1900,10161.731736472317,140.6564178737247,33554.68329205178,42.666666666666664
1790154980,8,POST,completion,0.000000,0.000000,27000,28000,28000,28000,28000,28000,28000,28000,28000,28000,28000,21,0,27000,27078.815780447,19754.310525022447,33554.68329205178,128.0
1790154980,8,TPOT,completion,0.000000,0.000000,170,200,200,210,210,210,210,210,210,210,210,21,0,180,187.87605142548054,140.6564178737247,249.8786384093128,0.0
1790154980,8,TTFT,completion,0.000000,0.000000,3700,3900,3900,5000,5000,5000,5000,5000,5000,5000,5000,21,0,1900,3218.5033775444717,1533.6909650359303,8419.915194856003,0.0
1790154980,8,,Aggregated,0.000000,0.000000,3700,5000,26000,27000,28000,28000,28000,28000,28000,28000,28000,63,0,1900,10161.731736472317,140.6564178737247,33554.68329205178,42.666666666666664
1790154981,8,POST,completion,0.000000,0.000000,27000,28000,28000,28000,28000,28000,28000,28000,28000,28000,28000,21,0,27000,27078.815780447,19754.310525022447,33554.68329205178,128.0
1790154981,8,TPOT,completion,0.000000,0.000000,170,200,200,210,210,210,210,210,210,210,210,21,0,180,187.87605142548054,140.6564178737247,249.8786384093128,0.0
1790154981,8,TTFT,completion,0.000000,0.000000,3700,3900,3900,5000,5000,5000,5000,5000,5000,5000,5000,21,0,1900,3218.5033775444717,1533.6909650359303,8419.915194856003,0.0
1790154981,8,,Aggregated,0.000000,0.000000,3700,5000,26000,27000,28000,28000,28000,28000,28000,28000,28000,63,0,1900,10161.731736472317,140.6564178737247,33554.68329205178,42.666666666666664
1790154982,8,POST,completion,0.000000,0.000000,27000,28000,28000,28000,28000,28000,28000,28000,28000,28000,28000,21,0,27000,27078.815780447,19754.310525022447,33554.68329205178,128.0
1790154982,8,TPOT,completion,0.000000,0.000000,170,200,200,210,210,210,210,210,210,210,210,21,0,180,187.87605142548054,140.6564178737247,249.8786384093128,0.0
1790154982,8,TTFT,completion,0.000000,0.000000,3700,3900,3900,5000,5000,5000,5000,5000,5000,5000,5000,21,0,1900,3218.5033775444717,1533.6909650359303,8419.915194856003,0.0
1790154982,8,,Aggregated,0.000000,0.000000,3700,5000,26000,27000,28000,28000,28000,28000,28000,28000,28000,63,0,1900,10161.731736472317,140.6564178737247,33554.68329205178,42.666666666666664
1790154983,8,POST,completion,0.000000,0.000000,27000,28000,28000,28000,28000,28000,28000,28000,28000,28000,28000,21,0,27000,27078.815780447,19754.310525022447,33554.68329205178,128.0
1790154983,8,TPOT,completion,0.000000,0.000000,170,200,200,210,210,210,210,210,210,210,210,21,0,180,187.87605142548054,140.6564178737247,249.8786384093128,0.0
1790154983,8,TTFT,completion,0.000000,0.000000,3700,3900,3900,5000,5000,5000,5000,5000,5000,5000,5000,21,0,1900,3218.5033775444717,1533.6909650359303,8419.915194856003,0.0
1790154983,8,,Aggregated,0.000000,0.000000,3700,5000,26000,27000,28000,28000,28000,28000,28000,28000,28000,63,0,1900,10161.731736472317,140.6564178737247,33554.68329205178,42.666666666666664
1790154984,8,POST,completion,0.000000,0.000000,27000,28000,28000,28000,28000,28000,28000,28000,28000,28000,28000,21,0,27000,27078.815780447,19754.310525022447,33554.68329205178,128.0
1790154984,8,TPOT,completion,0.000000,0.000000,170,200,200,210,210,210,210,210,210,210,210,21,0,180,187.87605142548054,140.6564178737247,249.8786384093128,0.0
1790154984,8,TTFT,completion,0.000000,0.000000,3700,3900,3900,5000,5000,5000,5000,5000,5000,5000,5000,21,0,1900,3218.5033775444717,1533.6909650359303,8419.915194856003,0.0
1790154984,8,,Aggregated,0.000000,0.000000,3700,5000,26000,27000,28000,28000,28000,28000,28000,28000,28000,63,0,1900,10161.731736472317,140.6564178737247,33554.68329205178,42.666666666666664
1790154985,8,POST,completion,0.000000,0.000000,27000,28000,28000,28000,28000,28000,28000,28000,28000,28000,28000,21,0,27000,27078.815780447,19754.310525022447,33554.68329205178,128.0
1790154985,8,TPOT,completion,0.000000,0.000000,170,200,200,210,210,210,210,210,210,210,210,21,0,180,187.87605142548054,140.6564178737247,249.8786384093128,0.0
1790154985,8,TTFT,completion,0.000000,0.000000,3700,3900,3900,5000,5000,5000,5000,5000,5000,5000,5000,21,0,1900,3218.5033775444717,1533.6909650359303,8419.915194856003,0.0
1790154985,8,,Aggregated,0.000000,0.000000,3700,5000,26000,27000,28000,28000,28000,28000,28000,28000,28000,63,0,1900,10161.731736472317,140.6564178737247,33554.68329205178,42.666666666666664
1790154986,8,POST,completion,0.000000,0.000000,27000,27000,28000,28000,28000,28000,28000,28000,28000,28000,28000,21,0,27000,27078.815780447,19754.310525022447,33554.68329205178,128.0
1790154986,8,TPOT,completion,0.000000,0.000000,170,170,200,200,200,200,200,200,200,200,200,21,0,180,187.87605142548054,140.6564178737247,249.8786384093128,0.0
1790154986,8,TTFT,completion,0.000000,0.000000,3900,3900,5000,5000,5000,5000,5000,5000,5000,5000,5000,21,0,1900,3218.5033775444717,1533.6909650359303,8419.915194856003,0.0
1790154986,8,,Aggregated,0.000000,0.000000,3900,5000,26000,26000,27000,28000,28000,28000,28000,28000,28000,63,0,1900,10161.731736472317,140.6564178737247,33554.68329205178,42.666666666666664
1790154987,8,POST,completion,0.000000,0.000000,27000,27000,28000,28000,28000,28000,28000,28000,28000,28000,28000,21,0,27000,27078.815780447,19754.310525022447,33554.68329205178,128.0
1790154987,8,TPOT,completion,0.000000,0.000000,170,170,200,200,200,200,200,200,200,200,200,21,0,180,187.87605142548054,140.6564178737247,249.8786384093128,0.0
1790154987,8,TTFT,completion,0.000000,0.000000,3900,3900,5000,5000,5000,5000,5000,5000,5000,5000,5000,21,0,1900,3218.5033775444717,1533.6909650359303,8419.915194856003,0.0
1790154987,8,,Aggregated,0.000000,0.000000,3900,5000,26000,26000,27000,28000,28000,28000,28000,28000,28000,63,0,1900,10161.731736472317,140.6564178737247,33554.68329205178,42.666666666666664
1790154988,8,POST,completion,0.000000,0.000000,27000,27000,28000,28000,28000,28000,28000,28000,28000,28000,28000,21,0,27000,27078.815780447,19754.310525022447,33554.68329205178,128.0
1790154988,8,TPOT,completion,0.000000,0.000000,170,170,200,200,200,200,200,200,200,200,200,21,0,180,187.87605142548054,140.6564178737247,249.8786384093128,0.0
1790154988,8,TTFT,completion,0.000000,0.000000,3900,3900,5000,5000,5000,5000,5000,5000,5000,5000,5000,21,0,1900,3218.5033775444717,1533.6909650359303,8419.915194856003,0.0
1790154988,8,,Aggregated,0.000000,0.000000,3900,5000,26000,26000,27000,28000,28000,28000,28000,28000,28000,63,0,1900,10161.731736472317,140.6564178737247,33554.68329205178,42.666666666666664
1790154989,8,POST,completion,0.000000,0.000000,27000,27000,28000,28000,28000,28000,28000,28000,28000,28000,28000,21,0,27000,27078.815780447,19754.310525022447,33554.68329205178,128.0
1790154989,8,TPOT,completion,0.000000,0.000000,170,170,200,200,200,200,200,200,200,200,200,21,0,180,187.87605142548054,140.6564178737247,249.8786384093128,0.0
1790154989,8,TTFT,completion,0.000000,0.000000,3900,3900,5000,5000,5000,5000,5000,5000,5000,5000,5000,21,0,1900,3218.5033775444717,1533.6909650359303,8419.915194856003,0.0
1790154989,8,,Aggregated,0.000000,0.000000,3900,5000,26000,26000,27000,28000,28000,28000,28000,28000,28000,63,0,1900,10161.731736472317,140.6564178737247,33554.68329205178,42.666666666666664
1790154990,8,POST,completion,0.000000,0.000000,27000,27000,28000,28000,28000,28000,28000,28000,28000,28000,28000,21,0,27000,27078.815780447,19754.310525022447,33554.68329205178,128.0
1790154990,8,TPOT,completion,0.000000,0.000000,170,170,200,200,200,200,200,200,200,200,200,21,0,180,187.87605142548054,140.6564178737247,249.8786384093128,0.0
1790154990,8,TTFT,completion,0.000000,0.000000,3900,3900,5000,5000,5000,5000,5000,5000,5000,5000,5000,21,0,1900,3218.5033775444717,1533.6909650359303,8419.915194856003,0.0
1790154990,8,,Aggregated,0.000000,0.000000,3900,5000,26000,26000,27000,28000,28000,28000,28000,28000,28000,63,0,1900,10161.731736472317,140.6564178737247,33554.68329205178,42.666666666666664
1790154991,8,POST,completion,0.000000,0.000000,27000,27000,28000,28000,28000,28000,28000,28000,28000,28000,28000,21,0,27000,27078.815780447,19754.310525022447,33554.68329205178,128.0
1790154991,8,TPOT,completion,0.000000,0.000000,170,170,200,200,200,200,200,200,200,200,200,21,0,180,187.87605142548054,140.6564178737247,249.8786384093128,0.0
1790154991,8,TTFT,completion,0.000000,0.000000,3900,3900,5000,5000,5000,5000,5000,5000,5000,5000,5000,21,0,1900,3218.5033775444717,1533.6909650359303,8419.915194856003,0.0
1790154991,8,,Aggregated,0.000000,0.000000,3900,5000,26000,26000,27000,28000,28000,28000,28000,28000,28000,63,0,1900,10161.731736472317,140.6564178737247,33554.68329205178,42.666666666666664
1790154992,8,POST,completion,0.000000,0.000000,27000,27000,28000,28000,28000,28000,28000,28000,28000,28000,28000,21,0,27000,27078.815780447,19754.310525022447,33554.68329205178,128.0
1790154992,8,TPOT,completion,0.000000,0.000000,170,170,200,200,200,200,200,200,200,200,200,21,0,180,187.87605142548054,140.6564178737247,249.8786384093128,0.0
1790154992,8,TTFT,completion,0.000000,0.000000,3900,3900,5000,5000,5000,5000,5000,5000,5000,5000,5000,21,0,1900,3218.5033775444717,1533.6909650359303,8419.915194856003,0.0
1790154992,8,,Aggregated,0.000000,0.000000,3900,5000,26000,26000,27000,28000,28000,28000,28000,28000,28000,63,0,1900,10161.731736472317,140.6564178737247,33554.68329205178,42.666666666666664
1790154993,8,POST,completion,0.000000,0.000000,26000,27000,27000,28000,28000,28000,28000,28000,28000,28000,28000,22,0,27000,26900.908440245654,19754.310525022447,33554.68329205178,128.0
1790154993,8,TPOT,completion,0.000000,0.000000,170,170,170,200,200,200,200,200,200,200,200,22,0,180,186.94646580014094,140.6564178737247,249.8786384093128,0.0
1790154993,8,TTFT,completion,0.000000,0.000000,3700,3900,3900,5000,5000,5000,5000,5000,5000,5000,5000,22,0,1900,3158.6533461125905,1533.6909650359303,8419.915194856003,0.0
1790154993,8,,Aggregated,0.000000,0.000000,3700,5000,24000,26000,27000,28000,28000,28000,28000,28000,28000,66,0,1900,10082.169417386129,140.6564178737247,33554.68329205178,42.666666666666664
1790154994,8,POST,completion,0.000000,0.000000,26000,27000,27000,28000,28000,28000,28000,28000,28000,28000,28000,22,0,27000,26900.908440245654,19754.310525022447,33554.68329205178,128.0
1790154994,8,TPOT,completion,0.000000,0.000000,170,170,170,200,200,200,200,200,200,200,200,22,0,180,186.94646580014094,140.6564178737247,249.8786384093128,0.0
1790154994,8,TTFT,completion,0.000000,0.000000,3700,3900,3900,5000,5000,5000,5000,5000,5000,5000,5000,22,0,1900,3158.6533461125905,1533.6909650359303,8419.915194856003,0.0
1790154994,8,,Aggregated,0.000000,0.000000,3700,5000,24000,26000,27000,28000,28000,28000,28000,28000,28000,66,0,1900,10082.169417386129,140.6564178737247,33554.68329205178,42.666666666666664
1790154995,8,POST,completion,0.000000,0.000000,23000,23000,23000,23000,23000,23000,23000,23000,23000,23000,23000,22,0,27000,26900.908440245654,19754.310525022447,33554.68329205178,128.0
1790154995,8,TPOT,completion,0.000000,0.000000,170,170,170,170,170,170,170,170,170,170,170,22,0,180,186.94646580014094,140.6564178737247,249.8786384093128,0.0
1790154995,8,TTFT,completion,0.000000,0.000000,1900,1900,1900,1900,1900,1900,1900,1900,1900,1900,1900,22,0,1900,3158.6533461125905,1533.6909650359303,8419.915194856003,0.0
1790154995,8,,Aggregated,0.000000,0.000000,1900,1900,23000,23000,23000,23000,23000,23000,23000,23000,23000,66,0,1900,10082.169417386129,140.6564178737247,33554.68329205178,42.666666666666664
1790154996,8,POST,completion,0.000000,0.000000,23000,23000,23000,23000,23000,23000,23000,23000,23000,23000,23000,22,0,27000,26900.908440245654,19754.310525022447,33554.68329205178,128.0
1790154996,8,TPOT,completion,0.000000,0.000000,170,170,170,170,170,170,170,170,170,170,170,22,0,180,186.94646580014094,140.6564178737247,249.8786384093128,0.0
1790154996,8,TTFT,completion,0.000000,0.000000,1900,1900,1900,1900,1900,1900,1900,1900,1900,1900,1900,22,0,1900,3158.6533461125905,1533.6909650359303,8419.915194856003,0.0
1790154996,8,,Aggregated,0.000000,0.000000,1900,1900,23000,23000,23000,23000,23000,23000,23000,23000,23000,66,0,1900,10082.169417386129,140.6564178737247,33554.68329205178,42.666666666666664
1790154997,8,POST,completion,0.000000,0.000000,23000,23000,23000,23000,23000,23000,23000,23000,23000,23000,23000,22,0,27000,26900.908440245654,19754.310525022447,33554.68329205178,128.0
1790154997,8,TPOT,completion,0.000000,0.000000,170,170,170,170,170,170,170,170,170,170,170,22,0,180,186.94646580014094,140.6564178737247,249.8786384093128,0.0
1790154997,8,TTFT,completion,0.000000,0.000000,1900,1900,1900,1900,1900,1900,1900,1900,1900,1900,1900,22,0,1900,3158.6533461125905,1533.6909650359303,8419.915194856003,0.0
1790154997,8,,Aggregated,0.000000,0.000000,1900,1900,23000,23000,23000,23000,23000,23000,23000,23000,23000,66,0,1900,10082.169417386129,140.6564178737247,33554.68329205178,42.666666666666664
1790154998,8,POST,completion,0.000000,0.000000,23000,23000,23000,23000,23000,23000,23000,23000,23000,23000,23000,22,0,27000,26900.908440245654,19754.310525022447,33554.68329205178,128.0
1790154998,8,TPOT,completion,0.000000,0.000000,170,170,170,170,170,170,170,170,170,170,170,22,0,180,186.94646580014094,140.6564178737247,249.8786384093128,0.0
1790154998,8,TTFT,completion,0.000000,0.000000,1900,1900,1900,1900,1900,1900,1900,1900,1900,1900,1900,22,0,1900,3158.6533461125905,1533.6909650359303,8419.915194856003,0.0
1790154998,8,,Aggregated,0.000000,0.000000,1900,1900,23000,23000,23000,23000,23000,23000,23000,23000,23000,66,0,1900,10082.169417386129,140.6564178737247,33554.68329205178,42.666666666666664
1790154999,8,POST,completion,0.000000,0.000000,23000,23000,23000,23000,23000,23000,23000,23000,23000,23000,23000,22,0,27000,26900.908440245654,19754.310525022447,33554.68329205178,128.0
1790154999,8,TPOT,completion,0.000000,0.000000,170,170,170,170,170,170,170,170,170,170,170,22,0,180,186.94646580014094,140.6564178737247,249.8786384093128,0.0
1790154999,8,TTFT,completion,0.000000,0.000000,1900,1900,1900,1900,1900,1900,1900,1900,1900,1900,1900,22,0,1900,3158.6533461125905,1533.6909650359303,8419.915194856003,0.0
1790154999,8,,Aggregated,0.000000,0.000000,1900,1900,23000,23000,23000,23000,23000,23000,23000,23000,23000,66,0,1900,10082.169417386129,140.6564178737247,33554.68329205178,42.666666666666664
1790155000,8,POST,completion,0.000000,0.000000,23000,23000,23000,23000,23000,23000,23000,23000,23000,23000,23000,22,0,27000,26900.908440245654,19754.310525022447,33554.68329205178,128.0
1790155000,8,TPOT,completion,0.000000,0.000000,170,170,170,170,170,170,170,170,170,170,170,22,0,180,186.94646580014094,140.6564178737247,249.8786384093128,0.0
1790155000,8,TTFT,completion,0.000000,0.000000,1900,1900,1900,1900,1900,1900,1900,1900,1900,1900,1900,22,0,1900,3158.6533461125905,1533.6909650359303,8419.915194856003,0.0
1790155000,8,,Aggregated,0.000000,0.000000,1900,1900,23000,23000,23000,23000,23000,23000,23000,23000,23000,66,0,1900,10082.169417386129,140.6564178737247,33554.68329205178,42.666666666666664
1790155001,8,POST,completion,0.100000,0.000000,23000,23000,23000,23000,23000,23000,23000,23000,23000,23000,23000,23,0,26000,26663.345973149106,19754.310525022447,33554.68329205178,128.0
1790155001,8,TPOT,completion,0.100000,0.000000,170,170,170,170,170,170,170,170,170,170,170,23,0,180,185.5087394554943,140.6564178737247,249.8786384093128,0.0
1790155001,8,TTFT,completion,0.100000,0.000000,1900,1900,1900,1900,1900,1900,1900,1900,1900,1900,1900,23,0,1900,3103.6820042797403,1533.6909650359303,8419.915194856003,0.0
1790155001,8,,Aggregated,0.300000,0.000000,1900,1900,21000,21000,23000,23000,23000,23000,23000,23000,23000,69,0,1900,9984.178905628112,140.6564178737247,33554.68329205178,42.666666666666664
1790155002,8,POST,completion,0.100000,0.000000,21000,21000,23000,23000,23000,23000,23000,23000,23000,23000,23000,24,0,26000,26371.435023553204,19657.4831828475,33554.68329205178,128.0
1790155002,8,TPOT,completion,0.100000,0.000000,150,150,170,170,170,170,170,170,170,170,170,24,0,180,183.62941778821957,140.40501944090087,249.8786384093128,0.0
1790155002,8,TTFT,completion,0.100000,0.000000,1900,1900,1900,1900,1900,1900,1900,1900,1900,1900,1900,24,0,1900,3050.444765142553,1533.6909650359303,8419.915194856003,0.0
1790155002,8,,Aggregated,0.300000,0.000000,1900,1900,20000,21000,23000,23000,23000,23000,23000,23000,23000,72,0,1900,9868.503068827991,140.40501944090087,33554.68329205178,42.666666666666664
1790155003,8,POST,completion,0.100000,0.000000,21000,21000,23000,23000,23000,23000,23000,23000,23000,23000,23000,24,0,26000,26371.435023553204,19657.4831828475,33554.68329205178,128.0
1790155003,8,TPOT,completion,0.100000,0.000000,150,150,170,170,170,170,170,170,170,170,170,24,0,180,183.62941778821957,140.40501944090087,249.8786384093128,0.0
1790155003,8,TTFT,completion,0.100000,0.000000,1900,1900,1900,1900,1900,1900,1900,1900,1900,1900,1900,24,0,1900,3050.444765142553,1533.6909650359303,8419.915194856003,0.0
1790155003,8,,Aggregated,0.300000,0.000000,1900,1900,20000,21000,23000,23000,23000,23000,23000,23000,23000,72,0,1900,9868.503068827991,140.40501944090087,33554.68329205178,42.666666666666664
1790155004,8,POST,completion,0.100000,0.000000,21000,21000,23000,23000,23000,23000,23000,23000,23000,23000,23000,24,0,26000,26371.435023553204,19657.4831828475,33554.68329205178,128.0
1790155004,8,TPOT,completion,0.100000,0.000000,150,150,170,170,170,170,170,170,170,170,170,24,0,180,183.62941778821957,140.40501944090087,249.8786384093128,0.0
1790155004,8,TTFT,completion,0.100000,0.000000,1900,1900,1900,1900,1900,1900,1900,1900,1900,1900,1900,24,0,1900,3050.444765142553,1533.6909650359303,8419.915194856003,0.0
1790155004,8,,Aggregated,0.300000,0.000000,1900,1900,20000,21000,23000,23000,23000,23000,23000,23000,23000,72,0,1900,9868.503068827991,140.40501944090087,33554.68329205178,42.666666666666664
1790155005,8,POST,completion,0.100000,0.000000,21000,21000,23000,23000,23000,23000,23000,23000,23000,23000,23000,24,0,26000,26371.435023553204,19657.4831828475,33554.68329205178,128.0
1790155005,8,TPOT,completion,0.100000,0.000000,150,150,170,170,170,170,170,170,170,170,170,24,0,180,183.62941778821957,140.40501944090087,249.8786384093128,0.0
1790155005,8,TTFT,completion,0.100000,0.000000,1900,1900,1900,1900,1900,1900,1900,1900,1900,1900,1900,24,0,1900,3050.444765142553,1533.6909650359303,8419.915194856003,0.0
1790155005,8,,Aggregated,0.300000,0.000000,1900,1900,20000,21000,23000,23000,23000,23000,23000,23000,23000,72,0,1900,9868.503068827991,140.40501944090087,33554.68329205178,42.666666666666664
1790155006,8,POST,completion,0.100000,0.000000,21000,21000,23000,23000,23000,23000,23000,23000,23000,23000,23000,24,0,26000,26371.435023553204,19657.4831828475,33554.68329205178,128.0
1790155006,8,TPOT,completion,0.100000,0.000000,150,150,170,170,170,170,170,170,170,170,170,24,0,180,183.62941778821957,140.40501944090087,249.8786384093128,0.0
1790155006,8,TTFT,completion,0.100000,0.000000,1900,1900,1900,1900,1900,1900,1900,1900,1900,1900,1900,24,0,1900,3050.444765142553,1533.6909650359303,8419.915194856003,0.0
1790155006,8,,Aggregated,0.300000,0.000000,1900,1900,20000,21000,23000,23000,23000,23000,23000,23000,23000,72,0,1900,9868.503068827991,140.40501944090087,33554.68329205178,42.666666666666664
1790155007,8,POST,completion,0.100000,0.000000,21000,21000,21000,21000,21000,21000,21000,21000,21000,21000,21000,24,0,26000,26371.435023553204,19657.4831828475,33554.68329205178,128.0
1790155007,8,TPOT,completion,0.100000,0.000000,150,150,150,150,150,150,150,150,150,150,150,24,0,180,183.62941778821957,140.40501944090087,249.8786384093128,0.0
1790155007,8,TTFT,completion,0.100000,0.000000,1900,1900,1900,1900,1900,1900,1900,1900,1900,1900,1900,24,0,1900,3050.444765142553,1533.6909650359303,8419.915194856003,0.0
1790155007,8,,Aggregated,0.300000,0.000000,1900,1900,20000,20000,21000,21000,21000,21000,21000,21000,21000,72,0,1900,9868.503068827991,140.40501944090087,33554.68329205178,42.666666666666664
1790155008,8,POST,completion,0.100000,0.000000,21000,21000,21000,21000,21000,21000,21000,21000,21000,21000,21000,24,0,26000,26371.435023553204,19657.4831828475,33554.68329205178,128.0
1790155008,8,TPOT,completion,0.100000,0.000000,150,150,150,150,150,150,150,150,150,150,150,24,0,180,183.62941778821957,140.40501944090087,249.8786384093128,0.0
1790155008,8,TTFT,completion,0.100000,0.000000,1900,1900,1900,1900,1900,1900,1900,1900,1900,1900,1900,24,0,1900,3050.444765142553,1533.6909650359303,8419.915194856003,0.0
1790155008,8,,Aggregated,0.300000,0.000000,1900,1900,20000,20000,21000,21000,21000,21000,21000,21000,21000,72,0,1900,9868.503068827991,140.40501944090087,33554.68329205178,42.666666666666664
1790155009,8,POST,completion,0.100000,0.000000,21000,21000,21000,21000,21000,21000,21000,21000,21000,21000,21000,24,0,26000,26371.435023553204,19657.4831828475,33554.68329205178,128.0
1790155009,8,TPOT,completion,0.100000,0.000000,150,150,150,150,150,150,150,150,150,150,150,24,0,180,183.62941778821957,140.40501944090087,249.8786384093128,0.0
1790155009,8,TTFT,completion,0.100000,0.000000,1900,1900,1900,1900,1900,1900,1900,1900,1900,1900,1900,24,0,1900,3050.444765142553,1533.6909650359303,8419.915194856003,0.0
1790155009,8,,Aggregated,0.300000,0.000000,1900,1900,20000,20000,21000,21000,21000,21000,21000,21000,21000,72,0,1900,9868.503068827991,140.40501944090087,33554.68329205178,42.666666666666664
1790155010,8,POST,completion,0.100000,0.000000,21000,21000,21000,21000,21000,21000,21000,21000,21000,21000,21000,24,0,26000,26371.435023553204,19657.4831828475,33554.68329205178,128.0
1790155010,8,TPOT,completion,0.100000,0.000000,150,150,150,150,150,150,150,150,150,150,150,24,0,180,183.62941778821957,140.40501944090087,249.8786384093128,0.0
1790155010,8,TTFT,completion,0.100000,0.000000,1900,1900,1900,1900,1900,1900,1900,1900,1900,1900,1900,24,0,1900,3050.444765142553,1533.6909650359303,8419.915194856003,0.0
1790155010,8,,Aggregated,0.300000,0.000000,1900,1900,20000,20000,21000,21000,21000,21000,21000,21000,21000,72,0,1900,9868.503068827991,140.40501944090087,33554.68329205178,42.666666666666664
1790155011,8,POST,completion,0.100000,0.000000,21000,21000,21000,21000,21000,21000,21000,21000,21000,21000,21000,24,0,26000,26371.435023553204,19657.4831828475,33554.68329205178,128.0
1790155011,8,TPOT,completion,0.100000,0.000000,150,150,150,150,150,150,150,150,150,150,150,24,0,180,183.62941778821957,140.40501944090087,249.8786384093128,0.0
1790155011,8,TTFT,completion,0.100000,0.000000,1900,1900,1900,1900,1900,1900,1900,1900,1900,1900,1900,24,0,1900,3050.444765142553,1533.6909650359303,8419.915194856003,0.0
1790155011,8,,Aggregated,0.300000,0.000000,1900,1900,20000,20000,21000,21000,21000,21000,21000,21000,21000,72,0,1900,9868.503068827991,140.40501944090087,33554.68329205178,42.666666666666664
1790155012,8,POST,completion,0.100000,0.000000,21000,21000,21000,21000,21000,21000,21000,21000,21000,21000,21000,24,0,26000,26371.435023553204,19657.4831828475,33554.68329205178,128.0
1790155012,8,TPOT,completion,0.100000,0.000000,150,150,150,150,150,150,150,150,150,150,150,24,0,180,183.62941778821957,140.40501944090087,249.8786384093128,0.0
1790155012,8,TTFT,completion,0.100000,0.000000,1900,1900,1900,1900,1900,1900,1900,1900,1900,1900,1900,24,0,1900,3050.444765142553,1533.6909650359303,8419.915194856003,0.0
1790155012,8,,Aggregated,0.300000,0.000000,1900,1900,20000,20000,21000,21000,21000,21000,21000,21000,21000,72,0,1900,9868.503068827991,140.40501944090087,33554.68329205178,42.666666666666664
1790155013,8,POST,completion,0.100000,0.000000,21000,21000,21000,21000,21000,21000,21000,21000,21000,21000,21000,24,0,26000,26371.435023553204,19657.4831828475,33554.68329205178,128.0
1790155013,8,TPOT,completion,0.100000,0.000000,150,150,150,150,150,150,150,150,150,150,150,24,0,180,183.62941778821957,140.40501944090087,249.8786384093128,0.0
1790155013,8,TTFT,completion,0.100000,0.000000,1900,1900,1900,1900,1900,1900,1900,1900,1900,1900,1900,24,0,1900,3050.444765142553,1533.6909650359303,8419.915194856003,0.0
1790155013,8,,Aggregated,0.300000,0.000000,1900,1900,20000,20000,21000,21000,21000,21000,21000,21000,21000,72,0,1900,9868.503068827991,140.40501944090087,33554.68329205178,42.666666666666664
1790155014,8,POST,completion,0.100000,0.000000,21000,21000,21000,21000,21000,21000,21000,21000,21000,21000,21000,24,0,26000,26371.435023553204,19657.4831828475,33554.68329205178,128.0
1790155014,8,TPOT,completion,0.100000,0.000000,150,150,150,150,150,150,150,150,150,150,150,24,0,180,183.62941778821957,140.40501944090087,249.8786384093128,0.0
1790155014,8,TTFT,completion,0.100000,0.000000,1900,1900,1900,1900,1900,1900,1900,1900,1900,1900,1900,24,0,1900,3050.444765142553,1533.6909650359303,8419.915194856003,0.0
1790155014,8,,Aggregated,0.300000,0.000000,1900,1900,20000,20000,21000,21000,21000,21000,21000,21000,21000,72,0,1900,9868.503068827991,140.40501944090087,33554.68329205178,42.666666666666664
1790155015,8,POST,completion,0.100000,0.000000,21000,21000,21000,21000,21000,21000,21000,21000,21000,21000,21000,24,0,26000,26371.435023553204,19657.4831828475,33554.68329205178,128.0
1790155015,8,TPOT,completion,0.100000,0.000000,150,150,150,150,150,150,150,150,150,150,150,24,0,180,183.62941778821957,140.40501944090087,249.8786384093128,0.0
1790155015,8,TTFT,completion,0.100000,0.000000,1900,1900,1900,1900,1900,1900,1900,1900,1900,1900,1900,24,0,1900,3050.444765142553,1533.6909650359303,8419.915194856003,0.0
1790155015,8,,Aggregated,0.300000,0.000000,1900,1900,20000,20000,21000,21000,21000,21000,21000,21000,21000,72,0,1900,9868.503068827991,140.40501944090087,33554.68329205178,42.666666666666664
1790155016,8,POST,completion,0.100000,0.000000,21000,21000,21000,21000,21000,21000,21000,21000,21000,21000,21000,24,0,26000,26371.435023553204,19657.4831828475,33554.68329205178,128.0
1790155016,8,TPOT,completion,0.100000,0.000000,150,150,150,150,150,150,150,150,150,150,150,24,0,180,183.62941778821957,140.40501944090087,249.8786384093128,0.0
1790155016,8,TTFT,completion,0.100000,0.000000,1900,1900,1900,1900,1900,1900,1900,1900,1900,1900,1900,24,0,1900,3050.444765142553,1533.6909650359303,8419.915194856003,0.0
1790155016,8,,Aggregated,0.300000,0.000000,1900,1900,20000,20000,21000,21000,21000,21000,21000,21000,21000,72,0,1900,9868.503068827991,140.40501944090087,33554.68329205178,42.666666666666664
1790155017,8,POST,completion,0.100000,0.000000,21000,21000,21000,21000,21000,21000,21000,21000,21000,21000,21000,24,0,26000,26371.435023553204,19657.4831828475,33554.68329205178,128.0
1790155017,8,TPOT,completion,0.100000,0.000000,150,150,150,150,150,150,150,150,150,150,150,24,0,180,183.62941778821957,140.40501944090087,249.8786384093128,0.0
1790155017,8,TTFT,completion,0.100000,0.000000,1900,1900,1900,1900,1900,1900,1900,1900,1900,1900,1900,24,0,1900,3050.444765142553,1533.6909650359303,8419.915194856003,0.0
1790155017,8,,Aggregated,0.300000,0.000000,1900,1900,20000,20000,21000,21000,21000,21000,21000,21000,21000,72,0,1900,9868.503068827991,140.40501944090087,33554.68329205178,42.666666666666664
1790155018,8,POST,completion,0.100000,0.000000,21000,21000,21000,21000,21000,21000,21000,21000,21000,21000,21000,24,0,26000,26371.435023553204,19657.4831828475,33554.68329205178,128.0
1790155018,8,TPOT,completion,0.100000,0.000000,150,150,150,150,150,150,150,150,150,150,150,24,0,180,183.62941778821957,140.40501944090087,249.8786384093128,0.0
1790155018,8,TTFT,completion,0.100000,0.000000,1900,1900,1900,1900,1900,1900,1900,1900,1900,1900,1900,24,0,1900,3050.444765142553,1533.6909650359303,8419.915194856003,0.0
1790155018,8,,Aggregated,0.300000,0.000000,1900,1900,20000,20000,21000,21000,21000,21000,21000,21000,21000,72,0,1900,9868.503068827991,140.40501944090087,33554.68329205178,42.666666666666664
1790155019,8,POST,completion,0.100000,0.000000,0,0,0,0,0,0,0,0,0,0,0,24,0,26000,26371.435023553204,19657.4831828475,33554.68329205178,128.0
1790155019,8,TPOT,completion,0.100000,0.000000,0,0,0,0,0,0,0,0,0,0,0,24,0,180,183.62941778821957,140.40501944090087,249.8786384093128,0.0
1790155019,8,TTFT,completion,0.100000,0.000000,0,0,0,0,0,0,0,0,0,0,0,24,0,1900,3050.444765142553,1533.6909650359303,8419.915194856003,0.0
1790155019,8,,Aggregated,0.300000,0.000000,0,0,0,0,0,0,0,0,0,0,0,72,0,1900,9868.503068827991,140.40501944090087,33554.68329205178,42.666666666666664
1790155020,8,POST,completion,0.100000,0.000000,0,0,0,0,0,0,0,0,0,0,0,24,0,26000,26371.435023553204,19657.4831828475,33554.68329205178,128.0
1790155020,8,TPOT,completion,0.100000,0.000000,0,0,0,0,0,0,0,0,0,0,0,24,0,180,183.62941778821957,140.40501944090087,249.8786384093128,0.0
1790155020,8,TTFT,completion,0.100000,0.000000,0,0,0,0,0,0,0,0,0,0,0,24,0,1900,3050.444765142553,1533.6909650359303,8419.915194856003,0.0
1790155020,8,,Aggregated,0.300000,0.000000,0,0,0,0,0,0,0,0,0,0,0,72,0,1900,9868.503068827991,140.40501944090087,33554.68329205178,42.666666666666664
1790155021,8,POST,completion,0.100000,0.000000,0,0,0,0,0,0,0,0,0,0,0,24,0,26000,26371.435023553204,19657.4831828475,33554.68329205178,128.0
1790155021,8,TPOT,completion,0.100000,0.000000,0,0,0,0,0,0,0,0,0,0,0,24,0,180,183.62941778821957,140.40501944090087,249.8786384093128,0.0
1790155021,8,TTFT,completion,0.100000,0.000000,0,0,0,0,0,0,0,0,0,0,0,24,0,1900,3050.444765142553,1533.6909650359303,8419.915194856003,0.0
1790155021,8,,Aggregated,0.300000,0.000000,0,0,0,0,0,0,0,0,0,0,0,72,0,1900,9868.503068827991,140.40501944090087,33554.68329205178,42.666666666666664
1790155022,8,POST,completion,0.100000,0.000000,0,0,0,0,0,0,0,0,0,0,0,24,0,26000,26371.435023553204,19657.4831828475,33554.68329205178,128.0
1790155022,8,TPOT,completion,0.100000,0.000000,0,0,0,0,0,0,0,0,0,0,0,24,0,180,183.62941778821957,140.40501944090087,249.8786384093128,0.0
1790155022,8,TTFT,completion,0.100000,0.000000,0,0,0,0,0,0,0,0,0,0,0,24,0,1900,3050.444765142553,1533.6909650359303,8419.915194856003,0.0
1790155022,8,,Aggregated,0.300000,0.000000,0,0,0,0,0,0,0,0,0,0,0,72,0,1900,9868.503068827991,140.40501944090087,33554.68329205178,42.666666666666664
1790155023,8,POST,completion,0.100000,0.000000,0,0,0,0,0,0,0,0,0,0,0,24,0,26000,26371.435023553204,19657.4831828475,33554.68329205178,128.0
1790155023,8,TPOT,completion,0.100000,0.000000,0,0,0,0,0,0,0,0,0,0,0,24,0,180,183.62941778821957,140.40501944090087,249.8786384093128,0.0
1790155023,8,TTFT,completion,0.100000,0.000000,0,0,0,0,0,0,0,0,0,0,0,24,0,1900,3050.444765142553,1533.6909650359303,8419.915194856003,0.0
1790155023,8,,Aggregated,0.300000,0.000000,0,0,0,0,0,0,0,0,0,0,0,72,0,1900,9868.503068827991,140.40501944090087,33554.68329205178,42.666666666666664
1790155024,8,POST,completion,0.100000,0.000000,0,0,0,0,0,0,0,0,0,0,0,24,0,26000,26371.435023553204,19657.4831828475,33554.68329205178,128.0
1790155024,8,TPOT,completion,0.100000,0.000000,0,0,0,0,0,0,0,0,0,0,0,24,0,180,183.62941778821957,140.40501944090087,249.8786384093128,0.0
1790155024,8,TTFT,completion,0.100000,0.000000,0,0,0,0,0,0,0,0,0,0,0,24,0,1900,3050.444765142553,1533.6909650359303,8419.915194856003,0.0
1790155024,8,,Aggregated,0.300000,0.000000,0,0,0,0,0,0,0,0,0,0,0,72,0,1900,9868.503068827991,140.40501944090087,33554.68329205178,42.666666666666664
1790155025,8,POST,completion,0.100000,0.000000,0,0,0,0,0,0,0,0,0,0,0,24,0,26000,26371.435023553204,19657.4831828475,33554.68329205178,128.0
1790155025,8,TPOT,completion,0.100000,0.000000,0,0,0,0,0,0,0,0,0,0,0,24,0,180,183.62941778821957,140.40501944090087,249.8786384093128,0.0
1790155025,8,TTFT,completion,0.100000,0.000000,0,0,0,0,0,0,0,0,0,0,0,24,0,1900,3050.444765142553,1533.6909650359303,8419.915194856003,0.0
1790155025,8,,Aggregated,0.300000,0.000000,0,0,0,0,0,0,0,0,0,0,0,72,0,1900,9868.503068827991,140.40501944090087,33554.68329205178,42.666666666666664
1790155026,8,POST,completion,0.100000,0.000000,0,0,0,0,0,0,0,0,0,0,0,24,0,26000,26371.435023553204,19657.4831828475,33554.68329205178,128.0
1790155026,8,TPOT,completion,0.100000,0.000000,0,0,0,0,0,0,0,0,0,0,0,24,0,180,183.62941778821957,140.40501944090087,249.8786384093128,0.0
1790155026,8,TTFT,completion,0.100000,0.000000,0,0,0,0,0,0,0,0,0,0,0,24,0,1900,3050.444765142553,1533.6909650359303,8419.915194856003,0.0
1790155026,8,,Aggregated,0.300000,0.000000,0,0,0,0,0,0,0,0,0,0,0,72,0,1900,9868.503068827991,140.40501944090087,33554.68329205178,42.666666666666664
1790155027,8,POST,completion,0.100000,0.000000,0,0,0,0,0,0,0,0,0,0,0,24,0,26000,26371.435023553204,19657.4831828475,33554.68329205178,128.0
1790155027,8,TPOT,completion,0.100000,0.000000,0,0,0,0,0,0,0,0,0,0,0,24,0,180,183.62941778821957,140.40501944090087,249.8786384093128,0.0
1790155027,8,TTFT,completion,0.100000,0.000000,0,0,0,0,0,0,0,0,0,0,0,24,0,1900,3050.444765142553,1533.6909650359303,8419.915194856003,0.0
1790155027,8,,Aggregated,0.300000,0.000000,0,0,0,0,0,0,0,0,0,0,0,72,0,1900,9868.503068827991,140.40501944090087,33554.68329205178,42.666666666666664
1790155028,8,POST,completion,0.100000,0.000000,0,0,0,0,0,0,0,0,0,0,0,24,0,26000,26371.435023553204,19657.4831828475,33554.68329205178,128.0
1790155028,8,TPOT,completion,0.100000,0.000000,0,0,0,0,0,0,0,0,0,0,0,24,0,180,183.62941778821957,140.40501944090087,249.8786384093128,0.0
1790155028,8,TTFT,completion,0.100000,0.000000,0,0,0,0,0,0,0,0,0,0,0,24,0,1900,3050.444765142553,1533.6909650359303,8419.915194856003,0.0
1790155028,8,,Aggregated,0.300000,0.000000,0,0,0,0,0,0,0,0,0,0,0,72,0,1900,9868.503068827991,140.40501944090087,33554.68329205178,42.666666666666664
1790155029,8,POST,completion,0.100000,0.000000,0,0,0,0,0,0,0,0,0,0,0,24,0,26000,26371.435023553204,19657.4831828475,33554.68329205178,128.0
1790155029,8,TPOT,completion,0.100000,0.000000,0,0,0,0,0,0,0,0,0,0,0,24,0,180,183.62941778821957,140.40501944090087,249.8786384093128,0.0
1790155029,8,TTFT,completion,0.100000,0.000000,0,0,0,0,0,0,0,0,0,0,0,24,0,1900,3050.444765142553,1533.6909650359303,8419.915194856003,0.0
1790155029,8,,Aggregated,0.300000,0.000000,0,0,0,0,0,0,0,0,0,0,0,72,0,1900,9868.503068827991,140.40501944090087,33554.68329205178,42.666666666666664
1790155030,8,POST,completion,0.100000,0.000000,0,0,0,0,0,0,0,0,0,0,0,24,0,26000,26371.435023553204,19657.4831828475,33554.68329205178,128.0
1790155030,8,TPOT,completion,0.100000,0.000000,0,0,0,0,0,0,0,0,0,0,0,24,0,180,183.62941778821957,140.40501944090087,249.8786384093128,0.0
1790155030,8,TTFT,completion,0.100000,0.000000,0,0,0,0,0,0,0,0,0,0,0,24,0,1900,3050.444765142553,1533.6909650359303,8419.915194856003,0.0
1790155030,8,,Aggregated,0.300000,0.000000,0,0,0,0,0,0,0,0,0,0,0,72,0,1900,9868.503068827991,140.40501944090087,33554.68329205178,42.666666666666664
1790155031,8,POST,completion,0.100000,0.000000,0,0,0,0,0,0,0,0,0,0,0,24,0,26000,26371.435023553204,19657.4831828475,33554.68329205178,128.0
1790155031,8,TPOT,completion,0.100000,0.000000,0,0,0,0,0,0,0,0,0,0,0,24,0,180,183.62941778821957,140.40501944090087,249.8786384093128,0.0
1790155031,8,TTFT,completion,0.100000,0.000000,0,0,0,0,0,0,0,0,0,0,0,24,0,1900,3050.444765142553,1533.6909650359303,8419.915194856003,0.0
1790155031,8,,Aggregated,0.300000,0.000000,0,0,0,0,0,0,0,0,0,0,0,72,0,1900,9868.503068827991,140.40501944090087,33554.68329205178,42.666666666666664
1790155032,8,POST,completion,0.100000,0.000000,0,0,0,0,0,0,0,0,0,0,0,24,0,26000,26371.435023553204,19657.4831828475,33554.68329205178,128.0
1790155032,8,TPOT,completion,0.100000,0.000000,0,0,0,0,0,0,0,0,0,0,0,24,0,180,183.62941778821957,140.40501944090087,249.8786384093128,0.0
1790155032,8,TTFT,completion,0.100000,0.000000,0,0,0,0,0,0,0,0,0,0,0,24,0,1900,3050.444765142553,1533.6909650359303,8419.915194856003,0.0
1790155032,8,,Aggregated,0.300000,0.000000,0,0,0,0,0,0,0,0,0,0,0,72,0,1900,9868.503068827991,140.40501944090087,33554.68329205178,42.666666666666664
1790155033,8,POST,completion,0.100000,0.000000,0,0,0,0,0,0,0,0,0,0,0,24,0,26000,26371.435023553204,19657.4831828475,33554.68329205178,128.0
1790155033,8,TPOT,completion,0.100000,0.000000,0,0,0,0,0,0,0,0,0,0,0,24,0,180,183.62941778821957,140.40501944090087,249.8786384093128,0.0
1790155033,8,TTFT,completion,0.100000,0.000000,0,0,0,0,0,0,0,0,0,0,0,24,0,1900,3050.444765142553,1533.6909650359303,8419.915194856003,0.0
1790155033,8,,Aggregated,0.300000,0.000000,0,0,0,0,0,0,0,0,0,0,0,72,0,1900,9868.503068827991,140.40501944090087,33554.68329205178,42.666666666666664
1790155034,8,POST,completion,0.100000,0.000000,0,0,0,0,0,0,0,0,0,0,0,24,0,26000,26371.435023553204,19657.4831828475,33554.68329205178,128.0
1790155034,8,TPOT,completion,0.100000,0.000000,0,0,0,0,0,0,0,0,0,0,0,24,0,180,183.62941778821957,140.40501944090087,249.8786384093128,0.0
1790155034,8,TTFT,completion,0.100000,0.000000,0,0,0,0,0,0,0,0,0,0,0,24,0,1900,3050.444765142553,1533.6909650359303,8419.915194856003,0.0
1790155034,8,,Aggregated,0.300000,0.000000,0,0,0,0,0,0,0,0,0,0,0,72,0,1900,9868.503068827991,140.40501944090087,33554.68329205178,42.666666666666664
1790155035,8,POST,completion,0.100000,0.000000,0,0,0,0,0,0,0,0,0,0,0,24,0,26000,26371.435023553204,19657.4831828475,33554.68329205178,128.0
1790155035,8,TPOT,completion,0.100000,0.000000,0,0,0,0,0,0,0,0,0,0,0,24,0,180,183.62941778821957,140.40501944090087,249.8786384093128,0.0
1790155035,8,TTFT,completion,0.100000,0.000000,0,0,0,0,0,0,0,0,0,0,0,24,0,1900,3050.444765142553,1533.6909650359303,8419.915194856003,0.0
1790155035,8,,Aggregated,0.300000,0.000000,0,0,0,0,0,0,0,0,0,0,0,72,0,1900,9868.503068827991,140.40501944090087,33554.68329205178,42.666666666666664
1790155036,8,POST,completion,0.100000,0.000000,0,0,0,0,0,0,0,0,0,0,0,24,0,26000,26371.435023553204,19657.4831828475,33554.68329205178,128.0
1790155036,8,TPOT,completion,0.100000,0.000000,0,0,0,0,0,0,0,0,0,0,0,24,0,180,183.62941778821957,140.40501944090087,249.8786384093128,0.0
1790155036,8,TTFT,completion,0.100000,0.000000,0,0,0,0,0,0,0,0,0,0,0,24,0,1900,3050.444765142553,1533.6909650359303,8419.915194856003,0.0
1790155036,8,,Aggregated,0.300000,0.000000,0,0,0,0,0,0,0,0,0,0,0,72,0,1900,9868.503068827991,140.40501944090087,33554.68329205178,42.666666666666664
1790155037,8,POST,completion,0.000000,0.000000,27000,28000,28000,28000,28000,28000,28000,28000,28000,28000,28000,29,0,26000,26371.323983771083,19657.4831828475,33554.68329205178,128.0
1790155037,8,TPOT,completion,0.000000,0.000000,170,200,200,210,210,210,210,210,210,210,210,29,0,170,183.1174757482194,140.40501944090087,249.8786384093128,0.0
1790155037,8,TTFT,completion,0.000000,0.000000,3800,4000,4000,5000,5000,5000,5000,5000,5000,5000,5000,29,0,1900,3115.352137327387,1533.6909650359303,8419.915194856003,0.0
1790155037,8,,Aggregated,0.000000,0.000000,3800,5000,26000,27000,28000,28000,28000,28000,28000,28000,28000,87,0,1900,9889.931198948896,140.40501944090087,33554.68329205178,42.666666666666664
1790155038,8,POST,completion,0.000000,0.000000,27000,28000,28000,28000,28000,28000,28000,28000,28000,28000,28000,29,0,26000,26371.323983771083,19657.4831828475,33554.68329205178,128.0
1790155038,8,TPOT,completion,0.000000,0.000000,170,200,200,210,210,210,210,210,210,210,210,29,0,170,183.1174757482194,140.40501944090087,249.8786384093128,0.0
1790155038,8,TTFT,completion,0.000000,0.000000,3800,4000,4000,5000,5000,5000,5000,5000,5000,5000,5000,29,0,1900,3115.352137327387,1533.6909650359303,8419.915194856003,0.0
1790155038,8,,Aggregated,0.000000,0.000000,3800,5000,26000,27000,28000,28000,28000,28000,28000,28000,28000,87,0,1900,9889.931198948896,140.40501944090087,33554.68329205178,42.666666666666664
1790155039,8,POST,completion,0.000000,0.000000,27000,28000,28000,28000,28000,28000,28000,28000,28000,28000,28000,29,0,26000,26371.323983771083,19657.4831828475,33554.68329205178,128.0
1790155039,8,TPOT,completion,0.000000,0.000000,170,200,200,210,210,210,210,210,210,210,210,29,0,170,183.1174757482194,140.40501944090087,249.8786384093128,0.0
1790155039,8,TTFT,completion,0.000000,0.000000,3800,4000,4000,5000,5000,5000,5000,5000,5000,5000,5000,29,0,1900,3115.352137327387,1533.6909650359303,8419.915194856003,0.0
1790155039,8,,Aggregated,0.000000,0.000000,3800,5000,26000,27000,28000,28000,28000,28000,28000,28000,28000,87,0,1900,9889.931198948896,140.40501944090087,33554.68329205178,42.666666666666664
1790155040,8,POST,completion,0.000000,0.000000,27000,28000,28000,28000,28000,28000,28000,28000,28000,28000,28000,29,0,26000,26371.323983771083,19657.4831828475,33554.68329205178,128.0
1790155040,8,TPOT,completion,0.000000,0.000000,170,200,200,210,210,210,210,210,210,210,210,29,0,170,183.1174757482194,140.40501944090087,249.8786384093128,0.0
1790155040,8,TTFT,completion,0.000000,0.000000,3800,4000,4000,5000,5000,5000,5000,5000,5000,5000,5000,29,0,1900,3115.352137327387,1533.6909650359303,8419.915194856003,0.0
1790155040,8,,Aggregated,0.000000,0.000000,3800,5000,26000,27000,28000,28000,28000,28000,28000,28000,28000,87,0,1900,9889.931198948896,140.40501944090087,33554.68329205178,42.666666666666664
1790155041,8,POST,completion,0.000000,0.000000,27000,28000,28000,28000,28000,28000,28000,28000,28000,28000,28000,29,0,26000,26371.323983771083,19657.4831828475,33554.68329205178,128.0
1790155041,8,TPOT,completion,0.000000,0.000000,170,200,200,210,210,210,210,210,210,210,210,29,0,170,183.1174757482194,140.40501944090087,249.8786384093128,0.0
1790155041,8,TTFT,completion,0.000000,0.000000,3800,4000,4000,5000,5000,5000,5000,5000,5000,5000,5000,29,0,1900,3115.352137327387,1533.6909650359303,8419.915194856003,0.0
1790155041,8,,Aggregated,0.000000,0.000000,3800,5000,26000,27000,28000,28000,28000,28000,28000,28000,28000,87,0,1900,9889.931198948896,140.40501944090087,33554.68329205178,42.666666666666664
1790155042,8,POST,completion,0.000000,0.000000,27000,28000,28000,28000,28000,28000,28000,28000,28000,28000,28000,29,0,26000,26371.323983771083,19657.4831828475,33554.68329205178,128.0
1790155042,8,TPOT,completion,0.000000,0.000000,170,200,200,210,210,210,210,210,210,210,210,29,0,170,183.1174757482194,140.40501944090087,249.8786384093128,0.0
1790155042,8,TTFT,completion,0.000000,0.000000,3800,4000,4000,5000,5000,5000,5000,5000,5000,5000,5000,29,0,1900,3115.352137327387,1533.6909650359303,8419.915194856003,0.0
1790155042,8,,Aggregated,0.000000,0.000000,3800,5000,26000,27000,28000,28000,28000,28000,28000,28000,28000,87,0,1900,9889.931198948896,140.40501944090087,33554.68329205178,42.666666666666664
1790155043,8,POST,completion,0.000000,0.000000,27000,28000,28000,28000,28000,28000,28000,28000,28000,28000,28000,29,0,26000,26371.323983771083,19657.4831828475,33554.68329205178,128.0
1790155043,8,TPOT,completion,0.000000,0.000000,170,200,200,210,210,210,210,210,210,210,210,29,0,170,183.1174757482194,140.40501944090087,249.8786384093128,0.0
1790155043,8,TTFT,completion,0.000000,0.000000,3800,4000,4000,5000,5000,5000,5000,5000,5000,5000,5000,29,0,1900,3115.352137327387,1533.6909650359303,8419.915194856003,0.0
1790155043,8,,Aggregated,0.000000,0.000000,3800,5000,26000,27000,28000,28000,28000,28000,28000,28000,28000,87,0,1900,9889.931198948896,140.40501944090087,33554.68329205178,42.666666666666664
1790155044,8,POST,completion,0.000000,0.000000,27000,28000,28000,28000,28000,28000,28000,28000,28000,28000,28000,29,0,26000,26371.323983771083,19657.4831828475,33554.68329205178,128.0
1790155044,8,TPOT,completion,0.000000,0.000000,170,200,200,210,210,210,210,210,210,210,210,29,0,170,183.1174757482194,140.40501944090087,249.8786384093128,0.0
1790155044,8,TTFT,completion,0.000000,0.000000,3800,4000,4000,5000,5000,5000,5000,5000,5000,5000,5000,29,0,1900,3115.352137327387,1533.6909650359303,8419.915194856003,0.0
1790155044,8,,Aggregated,0.000000,0.000000,3800,5000,26000,27000,28000,28000,28000,28000,28000,28000,28000,87,0,1900,9889.931198948896,140.40501944090087,33554.68329205178,42.666666666666664
1790155045,8,POST,completion,0.000000,0.000000,27000,28000,28000,28000,28000,28000,28000,28000,28000,28000,28000,29,0,26000,26371.323983771083,19657.4831828475,33554.68329205178,128.0
1790155045,8,TPOT,completion,0.000000,0.000000,170,200,200,210,210,210,210,210,210,210,210,29,0,170,183.1174757482194,140.40501944090087,249.8786384093128,0.0
1790155045,8,TTFT,completion,0.000000,0.000000,3800,4000,4000,5000,5000,5000,5000,5000,5000,5000,5000,29,0,1900,3115.352137327387,1533.6909650359303,8419.915194856003,0.0
1790155045,8,,Aggregated,0.000000,0.000000,3800,5000,26000,27000,28000,28000,28000,28000,28000,28000,28000,87,0,1900,9889.931198948896,140.40501944090087,33554.68329205178,42.666666666666664
1790155046,8,POST,completion,0.000000,0.000000,27000,27000,28000,28000,28000,28000,28000,28000,28000,28000,28000,29,0,26000,26371.323983771083,19657.4831828475,33554.68329205178,128.0
1790155046,8,TPOT,completion,0.000000,0.000000,170,170,200,200,200,200,200,200,200,200,200,29,0,170,183.1174757482194,140.40501944090087,249.8786384093128,0.0
1790155046,8,TTFT,completion,0.000000,0.000000,4000,4000,5000,5000,5000,5000,5000,5000,5000,5000,5000,29,0,1900,3115.352137327387,1533.6909650359303,8419.915194856003,0.0
1790155046,8,,Aggregated,0.000000,0.000000,4000,5000,26000,26000,27000,28000,28000,28000,28000,28000,28000,87,0,1900,9889.931198948896,140.40501944090087,33554.68329205178,42.666666666666664
1790155047,8,POST,completion,0.000000,0.000000,27000,27000,28000,28000,28000,28000,28000,28000,28000,28000,28000,29,0,26000,26371.323983771083,19657.4831828475,33554.68329205178,128.0
1790155047,8,TPOT,completion,0.000000,0.000000,170,170,200,200,200,200,200,200,200,200,200,29,0,170,183.1174757482194,140.40501944090087,249.8786384093128,0.0
1790155047,8,TTFT,completion,0.000000,0.000000,4000,4000,5000,5000,5000,5000,5000,5000,5000,5000,5000,29,0,1900,3115.352137327387,1533.6909650359303,8419.915194856003,0.0
1790155047,8,,Aggregated,0.000000,0.000000,4000,5000,26000,26000,27000,28000,28000,28000,28000,28000,28000,87,0,1900,9889.931198948896,140.40501944090087,33554.68329205178,42.666666666666664
1790155048,8,POST,completion,0.000000,0.000000,27000,27000,28000,28000,28000,28000,28000,28000,28000,28000,28000,29,0,26000,26371.323983771083,19657.4831828475,33554.68329205178,128.0
1790155048,8,TPOT,completion,0.000000,0.000000,170,170,200,200,200,200,200,200,200,200,200,29,0,170,183.1174757482194,140.40501944090087,249.8786384093128,0.0
1790155048,8,TTFT,completion,0.000000,0.000000,4000,4000,5000,5000,5000,5000,5000,5000,5000,5000,5000,29,0,1900,3115.352137327387,1533.6909650359303,8419.915194856003,0.0
1790155048,8,,Aggregated,0.000000,0.000000,4000,5000,26000,26000,27000,28000,28000,28000,28000,28000,28000,87,0,1900,9889.931198948896,140.40501944090087,33554.68329205178,42.666666666666664
1790155050,8,POST,completion,0.000000,0.000000,27000,27000,28000,28000,28000,28000,28000,28000,28000,28000,28000,29,0,26000,26371.323983771083,19657.4831828475,33554.68329205178,128.0
1790155050,8,TPOT,completion,0.000000,0.000000,170,170,200,200,200,200,200,200,200,200,200,29,0,170,183.1174757482194,140.40501944090087,249.8786384093128,0.0
1790155050,8,TTFT,completion,0.000000,0.000000,4000,4000,5000,5000,5000,5000,5000,5000,5000,5000,5000,29,0,1900,3115.352137327387,1533.6909650359303,8419.915194856003,0.0
1790155050,8,,Aggregated,0.000000,0.000000,4000,5000,26000,26000,27000,28000,28000,28000,28000,28000,28000,87,0,1900,9889.931198948896,140.40501944090087,33554.68329205178,42.666666666666664
1790155051,8,POST,completion,0.000000,0.000000,27000,27000,28000,28000,28000,28000,28000,28000,28000,28000,28000,29,0,26000,26371.323983771083,19657.4831828475,33554.68329205178,128.0
1790155051,8,TPOT,completion,0.000000,0.000000,170,170,200,200,200,200,200,200,200,200,200,29,0,170,183.1174757482194,140.40501944090087,249.8786384093128,0.0
1790155051,8,TTFT,completion,0.000000,0.000000,4000,4000,5000,5000,5000,5000,5000,5000,5000,5000,5000,29,0,1900,3115.352137327387,1533.6909650359303,8419.915194856003,0.0
1790155051,8,,Aggregated,0.000000,0.000000,4000,5000,26000,26000,27000,28000,28000,28000,28000,28000,28000,87,0,1900,9889.931198948896,140.40501944090087,33554.68329205178,42.666666666666664
1790155052,8,POST,completion,0.000000,0.000000,27000,27000,28000,28000,28000,28000,28000,28000,28000,28000,28000,29,0,26000,26371.323983771083,19657.4831828475,33554.68329205178,128.0
1790155052,8,TPOT,completion,0.000000,0.000000,170,170,200,200,200,200,200,200,200,200,200,29,0,170,183.1174757482194,140.40501944090087,249.8786384093128,0.0
1790155052,8,TTFT,completion,0.000000,0.000000,4000,4000,5000,5000,5000,5000,5000,5000,5000,5000,5000,29,0,1900,3115.352137327387,1533.6909650359303,8419.915194856003,0.0
1790155052,8,,Aggregated,0.000000,0.000000,4000,5000,26000,26000,27000,28000,28000,28000,28000,28000,28000,87,0,1900,9889.931198948896,140.40501944090087,33554.68329205178,42.666666666666664
1790155053,8,POST,completion,0.000000,0.000000,27000,27000,28000,28000,28000,28000,28000,28000,28000,28000,28000,29,0,26000,26371.323983771083,19657.4831828475,33554.68329205178,128.0
1790155053,8,TPOT,completion,0.000000,0.000000,170,170,200,200,200,200,200,200,200,200,200,29,0,170,183.1174757482194,140.40501944090087,249.8786384093128,0.0
1790155053,8,TTFT,completion,0.000000,0.000000,4000,4000,5000,5000,5000,5000,5000,5000,5000,5000,5000,29,0,1900,3115.352137327387,1533.6909650359303,8419.915194856003,0.0
1790155053,8,,Aggregated,0.000000,0.000000,4000,5000,26000,26000,27000,28000,28000,28000,28000,28000,28000,87,0,1900,9889.931198948896,140.40501944090087,33554.68329205178,42.666666666666664
1790155054,8,POST,completion,0.000000,0.000000,26000,27000,27000,28000,28000,28000,28000,28000,28000,28000,28000,30,0,26000,26262.7721461157,19657.4831828475,33554.68329205178,128.0
1790155054,8,TPOT,completion,0.000000,0.000000,170,170,170,200,200,200,200,200,200,200,200,30,0,170,182.57772399594128,140.40501944090087,249.8786384093128,0.0
1790155054,8,TTFT,completion,0.000000,0.000000,3800,4000,4000,5000,5000,5000,5000,5000,5000,5000,5000,30,0,1900,3075.348627823405,1533.6909650359303,8419.915194856003,0.0
1790155054,8,,Aggregated,0.000000,0.000000,3800,5000,24000,26000,27000,28000,28000,28000,28000,28000,28000,90,0,1900,9840.232832645015,140.40501944090087,33554.68329205178,42.666666666666664
1790155055,8,POST,completion,0.000000,0.000000,23000,23000,23000,23000,23000,23000,23000,23000,23000,23000,23000,30,0,26000,26262.7721461157,19657.4831828475,33554.68329205178,128.0
1790155055,8,TPOT,completion,0.000000,0.000000,170,170,170,170,170,170,170,170,170,170,170,30,0,170,182.57772399594128,140.40501944090087,249.8786384093128,0.0
1790155055,8,TTFT,completion,0.000000,0.000000,1900,1900,1900,1900,1900,1900,1900,1900,1900,1900,1900,30,0,1900,3075.348627823405,1533.6909650359303,8419.915194856003,0.0
1790155055,8,,Aggregated,0.000000,0.000000,1900,1900,23000,23000,23000,23000,23000,23000,23000,23000,23000,90,0,1900,9840.232832645015,140.40501944090087,33554.68329205178,42.666666666666664
1790155056,8,POST,completion,0.000000,0.000000,23000,23000,23000,23000,23000,23000,23000,23000,23000,23000,23000,30,0,26000,26262.7721461157,19657.4831828475,33554.68329205178,128.0
1790155056,8,TPOT,completion,0.000000,0.000000,170,170,170,170,170,170,170,170,170,170,170,30,0,170,182.57772399594128,140.40501944090087,249.8786384093128,0.0
1790155056,8,TTFT,completion,0.000000,0.000000,1900,1900,1900,1900,1900,1900,1900,1900,1900,1900,1900,30,0,1900,3075.348627823405,1533.6909650359303,8419.915194856003,0.0
1790155056,8,,Aggregated,0.000000,0.000000,1900,1900,23000,23000,23000,23000,23000,23000,23000,23000,23000,90,0,1900,9840.232832645015,140.40501944090087,33554.68329205178,42.666666666666664
1790155057,8,POST,completion,0.000000,0.000000,23000,23000,23000,23000,23000,23000,23000,23000,23000,23000,23000,30,0,26000,26262.7721461157,19657.4831828475,33554.68329205178,128.0
1790155057,8,TPOT,completion,0.000000,0.000000,170,170,170,170,170,170,170,170,170,170,170,30,0,170,182.57772399594128,140.40501944090087,249.8786384093128,0.0
1790155057,8,TTFT,completion,0.000000,0.000000,1900,1900,1900,1900,1900,1900,1900,1900,1900,1900,1900,30,0,1900,3075.348627823405,1533.6909650359303,8419.915194856003,0.0
1790155057,8,,Aggregated,0.000000,0.000000,1900,1900,23000,23000,23000,23000,23000,23000,23000,23000,23000,90,0,1900,9840.232832645015,140.40501944090087,33554.68329205178,42.666666666666664
1790155058,8,POST,completion,0.000000,0.000000,23000,23000,23000,23000,23000,23000,23000,23000,23000,23000,23000,30,0,26000,26262.7721461157,19657.4831828475,33554.68329205178,128.0
1790155058,8,TPOT,completion,0.000000,0.000000,170,170,170,170,170,170,170,170,170,170,170,30,0,170,182.57772399594128,140.40501944090087,249.8786384093128,0.0
1790155058,8,TTFT,completion,0.000000,0.000000,1900,1900,1900,1900,1900,1900,1900,1900,1900,1900,1900,30,0,1900,3075.348627823405,1533.6909650359303,8419.915194856003,0.0
1790155058,8,,Aggregated,0.000000,0.000000,1900,1900,23000,23000,23000,23000,23000,23000,23000,23000,23000,90,0,1900,9840.232832645015,140.40501944090087,33554.68329205178,42.666666666666664
1790155059,8,POST,completion,0.000000,0.000000,23000,23000,23000,23000,23000,23000,23000,23000,23000,23000,23000,30,0,26000,26262.7721461157,19657.4831828475,33554.68329205178,128.0
1790155059,8,TPOT,completion,0.000000,0.000000,170,170,170,170,170,170,170,170,170,170,170,30,0,170,182.57772399594128,140.40501944090087,249.8786384093128,0.0
1790155059,8,TTFT,completion,0.000000,0.000000,1900,1900,1900,1900,1900,1900,1900,1900,1900,1900,1900,30,0,1900,3075.348627823405,1533.6909650359303,8419.915194856003,0.0
1790155059,8,,Aggregated,0.000000,0.000000,1900,1900,23000,23000,23000,23000,23000,23000,23000,23000,23000,90,0,1900,9840.232832645015,140.40501944090087,33554.68329205178,42.666666666666664
1790155060,8,POST,completion,0.000000,0.000000,23000,23000,23000,23000,23000,23000,23000,23000,23000,23000,23000,30,0,26000,26262.7721461157,19657.4831828475,33554.68329205178,128.0
1790155060,8,TPOT,completion,0.000000,0.000000,170,170,170,170,170,170,170,170,170,170,170,30,0,170,182.57772399594128,140.40501944090087,249.8786384093128,0.0
1790155060,8,TTFT,completion,0.000000,0.000000,1900,1900,1900,1900,1900,1900,1900,1900,1900,1900,1900,30,0,1900,3075.348627823405,1533.6909650359303,8419.915194856003,0.0
1790155060,8,,Aggregated,0.000000,0.000000,1900,1900,23000,23000,23000,23000,23000,23000,23000,23000,23000,90,0,1900,9840.232832645015,140.40501944090087,33554.68329205178,42.666666666666664
1790155061,8,POST,completion,0.100000,0.000000,23000,23000,23000,23000,23000,23000,23000,23000,23000,23000,23000,31,0,26000,26105.229828146195,19657.4831828475,33554.68329205178,128.0
1790155061,8,TPOT,completion,0.100000,0.000000,170,170,170,170,170,170,170,170,170,170,170,31,0,170,181.64493253326586,140.40501944090087,249.8786384093128,0.0
1790155061,8,TTFT,completion,0.100000,0.000000,1900,1900,1900,1900,1900,1900,1900,1900,1900,1900,1900,31,0,1900,3036.270409507016,1533.6909650359303,8419.915194856003,0.0
1790155061,8,,Aggregated,0.300000,0.000000,1900,1900,21000,21000,23000,23000,23000,23000,23000,23000,23000,93,0,1900,9774.381723395492,140.40501944090087,33554.68329205178,42.666666666666664
1790155062,8,POST,completion,0.100000,0.000000,21000,21000,23000,23000,23000,23000,23000,23000,23000,23000,23000,32,0,26000,25906.09071286599,19657.4831828475,33554.68329205178,128.0
1790155062,8,TPOT,completion,0.100000,0.000000,150,150,170,170,170,170,170,170,170,170,170,32,0,170,180.35066894817714,140.22849781042711,249.8786384093128,0.0
1790155062,8,TTFT,completion,0.100000,0.000000,1900,1900,1900,1900,1900,1900,1900,1900,1900,1900,1900,32,0,1900,3001.5027048721095,1533.6909650359303,8419.915194856003,0.0
1790155062,8,,Aggregated,0.300000,0.000000,1900,1900,20000,21000,23000,23000,23000,23000,23000,23000,23000,96,0,1900,9695.981362228758,140.22849781042711,33554.68329205178,42.666666666666664
1790155063,8,POST,completion,0.100000,0.000000,21000,21000,23000,23000,23000,23000,23000,23000,23000,23000,23000,32,0,26000,25906.09071286599,19657.4831828475,33554.68329205178,128.0
1790155063,8,TPOT,completion,0.100000,0.000000,150,150,170,170,170,170,170,170,170,170,170,32,0,170,180.35066894817714,140.22849781042711,249.8786384093128,0.0
1790155063,8,TTFT,completion,0.100000,0.000000,1900,1900,1900,1900,1900,1900,1900,1900,1900,1900,1900,32,0,1900,3001.5027048721095,1533.6909650359303,8419.915194856003,0.0
1790155063,8,,Aggregated,0.300000,0.000000,1900,1900,20000,21000,23000,23000,23000,23000,23000,23000,23000,96,0,1900,9695.981362228758,140.22849781042711,33554.68329205178,42.666666666666664
1790155064,8,POST,completion,0.100000,0.000000,21000,21000,23000,23000,23000,23000,23000,23000,23000,23000,23000,32,0,26000,25906.09071286599,19657.4831828475,33554.68329205178,128.0
1790155064,8,TPOT,completion,0.100000,0.000000,150,150,170,170,170,170,170,170,170,170,170,32,0,170,180.35066894817714,140.22849781042711,249.8786384093128,0.0
1790155064,8,TTFT,completion,0.100000,0.000000,1900,1900,1900,1900,1900,1900,1900,1900,1900,1900,1900,32,0,1900,3001.5027048721095,1533.6909650359303,8419.915194856003,0.0
1790155064,8,,Aggregated,0.300000,0.000000,1900,1900,20000,21000,23000,23000,23000,23000,23000,23000,23000,96,0,1900,9695.981362228758,140.22849781042711,33554.68329205178,42.666666666666664
1790155065,8,POST,completion,0.100000,0.000000,21000,21000,23000,23000,23000,23000,23000,23000,23000,23000,23000,32,0,26000,25906.09071286599,19657.4831828475,33554.68329205178,128.0
1790155065,8,TPOT,completion,0.100000,0.000000,150,150,170,170,170,170,170,170,170,170,170,32,0,170,180.35066894817714,140.22849781042711,249.8786384093128,0.0
1790155065,8,TTFT,completion,0.100000,0.000000,1900,1900,1900,1900,1900,1900,1900,1900,1900,1900,1900,32,0,1900,3001.5027048721095,1533.6909650359303,8419.915194856003,0.0
1790155065,8,,Aggregated,0.300000,0.000000,1900,1900,20000,21000,23000,23000,23000,23000,23000,23000,23000,96,0,1900,9695.981362228758,140.22849781042711,33554.68329205178,42.666666666666664
1790155066,8,POST,completion,0.100000,0.000000,21000,21000,23000,23000,23000,23000,23000,23000,23000,23000,23000,32,0,26000,25906.09071286599,19657.4831828475,33554.68329205178,128.0
1790155066,8,TPOT,completion,0.100000,0.000000,150,150,170,170,170,170,170,170,170,170,170,32,0,170,180.35066894817714,140.22849781042711,249.8786384093128,0.0
1790155066,8,TTFT,completion,0.100000,0.000000,1900,1900,1900,1900,1900,1900,1900,1900,1900,1900,1900,32,0,1900,3001.5027048721095,1533.6909650359303,8419.915194856003,0.0
1790155066,8,,Aggregated,0.300000,0.000000,1900,1900,20000,21000,23000,23000,23000,23000,23000,23000,23000,96,0,1900,9695.981362228758,140.22849781042711,33554.68329205178,42.666666666666664
1790155067,8,POST,completion,0.100000,0.000000,21000,21000,21000,21000,21000,21000,21000,21000,21000,21000,21000,32,0,26000,25906.09071286599,19657.4831828475,33554.68329205178,128.0
1790155067,8,TPOT,completion,0.100000,0.000000,150,150,150,150,150,150,150,150,150,150,150,32,0,170,180.35066894817714,140.22849781042711,249.8786384093128,0.0
1790155067,8,TTFT,completion,0.100000,0.000000,1900,1900,1900,1900,1900,1900,1900,1900,1900,1900,1900,32,0,1900,3001.5027048721095,1533.6909650359303,8419.915194856003,0.0
1790155067,8,,Aggregated,0.300000,0.000000,1900,1900,20000,20000,21000,21000,21000,21000,21000,21000,21000,96,0,1900,9695.981362228758,140.22849781042711,33554.68329205178,42.666666666666664
1790155068,8,POST,completion,0.100000,0.000000,21000,21000,21000,21000,21000,21000,21000,21000,21000,21000,21000,32,0,26000,25906.09071286599,19657.4831828475,33554.68329205178,128.0
1790155068,8,TPOT,completion,0.100000,0.000000,150,150,150,150,150,150,150,150,150,150,150,32,0,170,180.35066894817714,140.22849781042711,249.8786384093128,0.0
1790155068,8,TTFT,completion,0.100000,0.000000,1900,1900,1900,1900,1900,1900,1900,1900,1900,1900,1900,32,0,1900,3001.5027048721095,1533.6909650359303,8419.915194856003,0.0
1790155068,8,,Aggregated,0.300000,0.000000,1900,1900,20000,20000,21000,21000,21000,21000,21000,21000,21000,96,0,1900,9695.981362228758,140.22849781042711,33554.68329205178,42.666666666666664
1790155069,8,POST,completion,0.100000,0.000000,21000,21000,21000,21000,21000,21000,21000,21000,21000,21000,21000,32,0,26000,25906.09071286599,19657.4831828475,33554.68329205178,128.0
1790155069,8,TPOT,completion,0.100000,0.000000,150,150,150,150,150,150,150,150,150,150,150,32,0,170,180.35066894817714,140.22849781042711,249.8786384093128,0.0
1790155069,8,TTFT,completion,0.100000,0.000000,1900,1900,1900,1900,1900,1900,1900,1900,1900,1900,1900,32,0,1900,3001.5027048721095,1533.6909650359303,8419.915194856003,0.0
1790155069,8,,Aggregated,0.300000,0.000000,1900,1900,20000,20000,21000,21000,21000,21000,21000,21000,21000,96,0,1900,9695.981362228758,140.22849781042711,33554.68329205178,42.666666666666664
1790155070,8,POST,completion,0.100000,0.000000,21000,21000,21000,21000,21000,21000,21000,21000,21000,21000,21000,32,0,26000,25906.09071286599,19657.4831828475,33554.68329205178,128.0
1790155070,8,TPOT,completion,0.100000,0.000000,150,150,150,150,150,150,150,150,150,150,150,32,0,170,180.35066894817714,140.22849781042711,249.8786384093128,0.0
1790155070,8,TTFT,completion,0.100000,0.000000,1900,1900,1900,1900,1900,1900,1900,1900,1900,1900,1900,32,0,1900,3001.5027048721095,1533.6909650359303,8419.915194856003,0.0
1790155070,8,,Aggregated,0.300000,0.000000,1900,1900,20000,20000,21000,21000,21000,21000,21000,21000,21000,96,0,1900,9695.981362228758,140.22849781042711,33554.68329205178,42.666666666666664
1790155071,8,POST,completion,0.100000,0.000000,21000,21000,21000,21000,21000,21000,21000,21000,21000,21000,21000,32,0,26000,25906.09071286599,19657.4831828475,33554.68329205178,128.0
1790155071,8,TPOT,completion,0.100000,0.000000,150,150,150,150,150,150,150,150,150,150,150,32,0,170,180.35066894817714,140.22849781042711,249.8786384093128,0.0
1790155071,8,TTFT,completion,0.100000,0.000000,1900,1900,1900,1900,1900,1900,1900,1900,1900,1900,1900,32,0,1900,3001.5027048721095,1533.6909650359303,8419.915194856003,0.0
1790155071,8,,Aggregated,0.300000,0.000000,1900,1900,20000,20000,21000,21000,21000,21000,21000,21000,21000,96,0,1900,9695.981362228758,140.22849781042711,33554.68329205178,42.666666666666664
1790155072,8,POST,completion,0.100000,0.000000,21000,21000,21000,21000,21000,21000,21000,21000,21000,21000,21000,32,0,26000,25906.09071286599,19657.4831828475,33554.68329205178,128.0
1790155072,8,TPOT,completion,0.100000,0.000000,150,150,150,150,150,150,150,150,150,150,150,32,0,170,180.35066894817714,140.22849781042711,249.8786384093128,0.0
1790155072,8,TTFT,completion,0.100000,0.000000,1900,1900,1900,1900,1900,1900,1900,1900,1900,1900,1900,32,0,1900,3001.5027048721095,1533.6909650359303,8419.915194856003,0.0
1790155072,8,,Aggregated,0.300000,0.000000,1900,1900,20000,20000,21000,21000,21000,21000,21000,21000,21000,96,0,1900,9695.981362228758,140.22849781042711,33554.68329205178,42.666666666666664
1790155073,8,POST,completion,0.100000,0.000000,21000,21000,21000,21000,21000,21000,21000,21000,21000,21000,21000,32,0,26000,25906.09071286599,19657.4831828475,33554.68329205178,128.0
1790155073,8,TPOT,completion,0.100000,0.000000,150,150,150,150,150,150,150,150,150,150,150,32,0,170,180.35066894817714,140.22849781042711,249.8786384093128,0.0
1790155073,8,TTFT,completion,0.100000,0.000000,1900,1900,1900,1900,1900,1900,1900,1900,1900,1900,1900,32,0,1900,3001.5027048721095,1533.6909650359303,8419.915194856003,0.0
1790155073,8,,Aggregated,0.300000,0.000000,1900,1900,20000,20000,21000,21000,21000,21000,21000,21000,21000,96,0,1900,9695.981362228758,140.22849781042711,33554.68329205178,42.666666666666664
1790155074,8,POST,completion,0.100000,0.000000,21000,21000,21000,21000,21000,21000,21000,21000,21000,21000,21000,32,0,26000,25906.09071286599,19657.4831828475,33554.68329205178,128.0
1790155074,8,TPOT,completion,0.100000,0.000000,150,150,150,150,150,150,150,150,150,150,150,32,0,170,180.35066894817714,140.22849781042711,249.8786384093128,0.0
1790155074,8,TTFT,completion,0.100000,0.000000,1900,1900,1900,1900,1900,1900,1900,1900,1900,1900,1900,32,0,1900,3001.5027048721095,1533.6909650359303,8419.915194856003,0.0
1790155074,8,,Aggregated,0.300000,0.000000,1900,1900,20000,20000,21000,21000,21000,21000,21000,21000,21000,96,0,1900,9695.981362228758,140.22849781042711,33554.68329205178,42.666666666666664
1790155075,8,POST,completion,0.100000,0.000000,21000,21000,21000,21000,21000,21000,21000,21000,21000,21000,21000,32,0,26000,25906.09071286599,19657.4831828475,33554.68329205178,128.0
1790155075,8,TPOT,completion,0.100000,0.000000,150,150,150,150,150,150,150,150,150,150,150,32,0,170,180.35066894817714,140.22849781042711,249.8786384093128,0.0
1790155075,8,TTFT,completion,0.100000,0.000000,1900,1900,1900,1900,1900,1900,1900,1900,1900,1900,1900,32,0,1900,3001.5027048721095,1533.6909650359303,8419.915194856003,0.0
1790155075,8,,Aggregated,0.300000,0.000000,1900,1900,20000,20000,21000,21000,21000,21000,21000,21000,21000,96,0,1900,9695.981362228758,140.22849781042711,33554.68329205178,42.666666666666664
1790155076,8,POST,completion,0.100000,0.000000,21000,21000,21000,21000,21000,21000,21000,21000,21000,21000,21000,32,0,26000,25906.09071286599,19657.4831828475,33554.68329205178,128.0
1790155076,8,TPOT,completion,0.100000,0.000000,150,150,150,150,150,150,150,150,150,150,150,32,0,170,180.35066894817714,140.22849781042711,249.8786384093128,0.0
1790155076,8,TTFT,completion,0.100000,0.000000,1900,1900,1900,1900,1900,1900,1900,1900,1900,1900,1900,32,0,1900,3001.5027048721095,1533.6909650359303,8419.915194856003,0.0
1790155076,8,,Aggregated,0.300000,0.000000,1900,1900,20000,20000,21000,21000,21000,21000,21000,21000,21000,96,0,1900,9695.981362228758,140.22849781042711,33554.68329205178,42.666666666666664
1790155077,8,POST,completion,0.100000,0.000000,21000,21000,21000,21000,21000,21000,21000,21000,21000,21000,21000,32,0,26000,25906.09071286599,19657.4831828475,33554.68329205178,128.0
1790155077,8,TPOT,completion,0.100000,0.000000,150,150,150,150,150,150,150,150,150,150,150,32,0,170,180.35066894817714,140.22849781042711,249.8786384093128,0.0
1790155077,8,TTFT,completion,0.100000,0.000000,1900,1900,1900,1900,1900,1900,1900,1900,1900,1900,1900,32,0,1900,3001.5027048721095,1533.6909650359303,8419.915194856003,0.0
1790155077,8,,Aggregated,0.300000,0.000000,1900,1900,20000,20000,21000,21000,21000,21000,21000,21000,21000,96,0,1900,9695.981362228758,140.22849781042711,33554.68329205178,42.666666666666664
1790155078,8,POST,completion,0.100000,0.000000,21000,21000,21000,21000,21000,21000,21000,21000,21000,21000,21000,32,0,26000,25906.09071286599,19657.4831828475,33554.68329205178,128.0
1790155078,8,TPOT,completion,0.100000,0.000000,150,150,150,150,150,150,150,150,150,150,150,32,0,170,180.35066894817714,140.22849781042711,249.8786384093128,0.0
1790155078,8,TTFT,completion,0.100000,0.000000,1900,1900,1900,1900,1900,1900,1900,1900,1900,1900,1900,32,0,1900,3001.5027048721095,1533.6909650359303,8419.915194856003,0.0
1790155078,8,,Aggregated,0.300000,0.000000,1900,1900,20000,20000,21000,21000,21000,21000,21000,21000,21000,96,0,1900,9695.981362228758,140.22849781042711,33554.68329205178,42.666666666666664
1790155079,8,POST,completion,0.100000,0.000000,0,0,0,0,0,0,0,0,0,0,0,32,0,26000,25906.09071286599,19657.4831828475,33554.68329205178,128.0
1790155079,8,TPOT,completion,0.100000,0.000000,0,0,0,0,0,0,0,0,0,0,0,32,0,170,180.35066894817714,140.22849781042711,249.8786384093128,0.0
1790155079,8,TTFT,completion,0.100000,0.000000,0,0,0,0,0,0,0,0,0,0,0,32,0,1900,3001.5027048721095,1533.6909650359303,8419.915194856003,0.0
1790155079,8,,Aggregated,0.300000,0.000000,0,0,0,0,0,0,0,0,0,0,0,96,0,1900,9695.981362228758,140.22849781042711,33554.68329205178,42.666666666666664
1790155080,8,POST,completion,0.100000,0.000000,0,0,0,0,0,0,0,0,0,0,0,32,0,26000,25906.09071286599,19657.4831828475,33554.68329205178,128.0
1790155080,8,TPOT,completion,0.100000,0.000000,0,0,0,0,0,0,0,0,0,0,0,32,0,170,180.35066894817714,140.22849781042711,249.8786384093128,0.0
1790155080,8,TTFT,completion,0.100000,0.000000,0,0,0,0,0,0,0,0,0,0,0,32,0,1900,3001.5027048721095,1533.6909650359303,8419.915194856003,0.0
1790155080,8,,Aggregated,0.300000,0.000000,0,0,0,0,0,0,0,0,0,0,0,96,0,1900,9695.981362228758,140.22849781042711,33554.68329205178,42.666666666666664
1790155081,8,POST,completion,0.100000,0.000000,0,0,0,0,0,0,0,0,0,0,0,32,0,26000,25906.09071286599,19657.4831828475,33554.68329205178,128.0
1790155081,8,TPOT,completion,0.100000,0.000000,0,0,0,0,0,0,0,0,0,0,0,32,0,170,180.35066894817714,140.22849781042711,249.8786384093128,0.0
1790155081,8,TTFT,completion,0.100000,0.000000,0,0,0,0,0,0,0,0,0,0,0,32,0,1900,3001.5027048721095,1533.6909650359303,8419.915194856003,0.0
1790155081,8,,Aggregated,0.300000,0.000000,0,0,0,0,0,0,0,0,0,0,0,96,0,1900,9695.981362228758,140.22849781042711,33554.68329205178,42.666666666666664
1790155082,8,POST,completion,0.100000,0.000000,0,0,0,0,0,0,0,0,0,0,0,32,0,26000,25906.09071286599,19657.4831828475,33554.68329205178,128.0
1790155082,8,TPOT,completion,0.100000,0.000000,0,0,0,0,0,0,0,0,0,0,0,32,0,170,180.35066894817714,140.22849781042711,249.8786384093128,0.0
1790155082,8,TTFT,completion,0.100000,0.000000,0,0,0,0,0,0,0,0,0,0,0,32,0,1900,3001.5027048721095,1533.6909650359303,8419.915194856003,0.0
1790155082,8,,Aggregated,0.300000,0.000000,0,0,0,0,0,0,0,0,0,0,0,96,0,1900,9695.981362228758,140.22849781042711,33554.68329205178,42.666666666666664
1790155083,8,POST,completion,0.100000,0.000000,0,0,0,0,0,0,0,0,0,0,0,32,0,26000,25906.09071286599,19657.4831828475,33554.68329205178,128.0
1790155083,8,TPOT,completion,0.100000,0.000000,0,0,0,0,0,0,0,0,0,0,0,32,0,170,180.35066894817714,140.22849781042711,249.8786384093128,0.0
1790155083,8,TTFT,completion,0.100000,0.000000,0,0,0,0,0,0,0,0,0,0,0,32,0,1900,3001.5027048721095,1533.6909650359303,8419.915194856003,0.0
1790155083,8,,Aggregated,0.300000,0.000000,0,0,0,0,0,0,0,0,0,0,0,96,0,1900,9695.981362228758,140.22849781042711,33554.68329205178,42.666666666666664
1790155084,8,POST,completion,0.100000,0.000000,0,0,0,0,0,0,0,0,0,0,0,32,0,26000,25906.09071286599,19657.4831828475,33554.68329205178,128.0
1790155084,8,TPOT,completion,0.100000,0.000000,0,0,0,0,0,0,0,0,0,0,0,32,0,170,180.35066894817714,140.22849781042711,249.8786384093128,0.0
1790155084,8,TTFT,completion,0.100000,0.000000,0,0,0,0,0,0,0,0,0,0,0,32,0,1900,3001.5027048721095,1533.6909650359303,8419.915194856003,0.0
1790155084,8,,Aggregated,0.300000,0.000000,0,0,0,0,0,0,0,0,0,0,0,96,0,1900,9695.981362228758,140.22849781042711,33554.68329205178,42.666666666666664
1790155085,8,POST,completion,0.100000,0.000000,0,0,0,0,0,0,0,0,0,0,0,32,0,26000,25906.09071286599,19657.4831828475,33554.68329205178,128.0
1790155085,8,TPOT,completion,0.100000,0.000000,0,0,0,0,0,0,0,0,0,0,0,32,0,170,180.35066894817714,140.22849781042711,249.8786384093128,0.0
1790155085,8,TTFT,completion,0.100000,0.000000,0,0,0,0,0,0,0,0,0,0,0,32,0,1900,3001.5027048721095,1533.6909650359303,8419.915194856003,0.0
1790155085,8,,Aggregated,0.300000,0.000000,0,0,0,0,0,0,0,0,0,0,0,96,0,1900,9695.981362228758,140.22849781042711,33554.68329205178,42.666666666666664
1790155086,8,POST,completion,0.100000,0.000000,0,0,0,0,0,0,0,0,0,0,0,32,0,26000,25906.09071286599,19657.4831828475,33554.68329205178,128.0
1790155086,8,TPOT,completion,0.100000,0.000000,0,0,0,0,0,0,0,0,0,0,0,32,0,170,180.35066894817714,140.22849781042711,249.8786384093128,0.0
1790155086,8,TTFT,completion,0.100000,0.000000,0,0,0,0,0,0,0,0,0,0,0,32,0,1900,3001.5027048721095,1533.6909650359303,8419.915194856003,0.0
1790155086,8,,Aggregated,0.300000,0.000000,0,0,0,0,0,0,0,0,0,0,0,96,0,1900,9695.981362228758,140.22849781042711,33554.68329205178,42.666666666666664
1790155087,8,POST,completion,0.100000,0.000000,0,0,0,0,0,0,0,0,0,0,0,32,0,26000,25906.09071286599,19657.4831828475,33554.68329205178,128.0
1790155087,8,TPOT,completion,0.100000,0.000000,0,0,0,0,0,0,0,0,0,0,0,32,0,170,180.35066894817714,140.22849781042711,249.8786384093128,0.0
1790155087,8,TTFT,completion,0.100000,0.000000,0,0,0,0,0,0,0,0,0,0,0,32,0,1900,3001.5027048721095,1533.6909650359303,8419.915194856003,0.0
1790155087,8,,Aggregated,0.300000,0.000000,0,0,0,0,0,0,0,0,0,0,0,96,0,1900,9695.981362228758,140.22849781042711,33554.68329205178,42.666666666666664
1790155088,8,POST,completion,0.100000,0.000000,0,0,0,0,0,0,0,0,0,0,0,32,0,26000,25906.09071286599,19657.4831828475,33554.68329205178,128.0
1790155088,8,TPOT,completion,0.100000,0.000000,0,0,0,0,0,0,0,0,0,0,0,32,0,170,180.35066894817714,140.22849781042711,249.8786384093128,0.0
1790155088,8,TTFT,completion,0.100000,0.000000,0,0,0,0,0,0,0,0,0,0,0,32,0,1900,3001.5027048721095,1533.6909650359303,8419.915194856003,0.0
1790155088,8,,Aggregated,0.300000,0.000000,0,0,0,0,0,0,0,0,0,0,0,96,0,1900,9695.981362228758,140.22849781042711,33554.68329205178,42.666666666666664
1790155089,8,POST,completion,0.100000,0.000000,0,0,0,0,0,0,0,0,0,0,0,32,0,26000,25906.09071286599,19657.4831828475,33554.68329205178,128.0
1790155089,8,TPOT,completion,0.100000,0.000000,0,0,0,0,0,0,0,0,0,0,0,32,0,170,180.35066894817714,140.22849781042711,249.8786384093128,0.0
1790155089,8,TTFT,completion,0.100000,0.000000,0,0,0,0,0,0,0,0,0,0,0,32,0,1900,3001.5027048721095,1533.6909650359303,8419.915194856003,0.0
1790155089,8,,Aggregated,0.300000,0.000000,0,0,0,0,0,0,0,0,0,0,0,96,0,1900,9695.981362228758,140.22849781042711,33554.68329205178,42.666666666666664
1790155090,8,POST,completion,0.100000,0.000000,0,0,0,0,0,0,0,0,0,0,0,32,0,26000,25906.09071286599,19657.4831828475,33554.68329205178,128.0
1790155090,8,TPOT,completion,0.100000,0.000000,0,0,0,0,0,0,0,0,0,0,0,32,0,170,180.35066894817714,140.22849781042711,249.8786384093128,0.0
1790155090,8,TTFT,completion,0.100000,0.000000,0,0,0,0,0,0,0,0,0,0,0,32,0,1900,3001.5027048721095,1533.6909650359303,8419.915194856003,0.0
1790155090,8,,Aggregated,0.300000,0.000000,0,0,0,0,0,0,0,0,0,0,0,96,0,1900,9695.981362228758,140.22849781042711,33554.68329205178,42.666666666666664
1790155091,8,POST,completion,0.100000,0.000000,0,0,0,0,0,0,0,0,0,0,0,32,0,26000,25906.09071286599,19657.4831828475,33554.68329205178,128.0
1790155091,8,TPOT,completion,0.100000,0.000000,0,0,0,0,0,0,0,0,0,0,0,32,0,170,180.35066894817714,140.22849781042711,249.8786384093128,0.0
1790155091,8,TTFT,completion,0.100000,0.000000,0,0,0,0,0,0,0,0,0,0,0,32,0,1900,3001.5027048721095,1533.6909650359303,8419.915194856003,0.0
1790155091,8,,Aggregated,0.300000,0.000000,0,0,0,0,0,0,0,0,0,0,0,96,0,1900,9695.981362228758,140.22849781042711,33554.68329205178,42.666666666666664
1790155092,8,POST,completion,0.100000,0.000000,0,0,0,0,0,0,0,0,0,0,0,32,0,26000,25906.09071286599,19657.4831828475,33554.68329205178,128.0
1790155092,8,TPOT,completion,0.100000,0.000000,0,0,0,0,0,0,0,0,0,0,0,32,0,170,180.35066894817714,140.22849781042711,249.8786384093128,0.0
1790155092,8,TTFT,completion,0.100000,0.000000,0,0,0,0,0,0,0,0,0,0,0,32,0,1900,3001.5027048721095,1533.6909650359303,8419.915194856003,0.0
1790155092,8,,Aggregated,0.300000,0.000000,0,0,0,0,0,0,0,0,0,0,0,96,0,1900,9695.981362228758,140.22849781042711,33554.68329205178,42.666666666666664
1790155093,8,POST,completion,0.100000,0.000000,0,0,0,0,0,0,0,0,0,0,0,32,0,26000,25906.09071286599,19657.4831828475,33554.68329205178,128.0
1790155093,8,TPOT,completion,0.100000,0.000000,0,0,0,0,0,0,0,0,0,0,0,32,0,170,180.35066894817714,140.22849781042711,249.8786384093128,0.0
1790155093,8,TTFT,completion,0.100000,0.000000,0,0,0,0,0,0,0,0,0,0,0,32,0,1900,3001.5027048721095,1533.6909650359303,8419.915194856003,0.0
1790155093,8,,Aggregated,0.300000,0.000000,0,0,0,0,0,0,0,0,0,0,0,96,0,1900,9695.981362228758,140.22849781042711,33554.68329205178,42.666666666666664
1790155094,8,POST,completion,0.100000,0.000000,0,0,0,0,0,0,0,0,0,0,0,32,0,26000,25906.09071286599,19657.4831828475,33554.68329205178,128.0
1790155094,8,TPOT,completion,0.100000,0.000000,0,0,0,0,0,0,0,0,0,0,0,32,0,170,180.35066894817714,140.22849781042711,249.8786384093128,0.0
1790155094,8,TTFT,completion,0.100000,0.000000,0,0,0,0,0,0,0,0,0,0,0,32,0,1900,3001.5027048721095,1533.6909650359303,8419.915194856003,0.0
1790155094,8,,Aggregated,0.300000,0.000000,0,0,0,0,0,0,0,0,0,0,0,96,0,1900,9695.981362228758,140.22849781042711,33554.68329205178,42.666666666666664
1790155095,8,POST,completion,0.100000,0.000000,0,0,0,0,0,0,0,0,0,0,0,32,0,26000,25906.09071286599,19657.4831828475,33554.68329205178,128.0
1790155095,8,TPOT,completion,0.100000,0.000000,0,0,0,0,0,0,0,0,0,0,0,32,0,170,180.35066894817714,140.22849781042711,249.8786384093128,0.0
1790155095,8,TTFT,completion,0.100000,0.000000,0,0,0,0,0,0,0,0,0,0,0,32,0,1900,3001.5027048721095,1533.6909650359303,8419.915194856003,0.0
1790155095,8,,Aggregated,0.300000,0.000000,0,0,0,0,0,0,0,0,0,0,0,96,0,1900,9695.981362228758,140.22849781042711,33554.68329205178,42.666666666666664
1790155096,8,POST,completion,0.100000,0.000000,0,0,0,0,0,0,0,0,0,0,0,32,0,26000,25906.09071286599,19657.4831828475,33554.68329205178,128.0
1790155096,8,TPOT,completion,0.100000,0.000000,0,0,0,0,0,0,0,0,0,0,0,32,0,170,180.35066894817714,140.22849781042711,249.8786384093128,0.0
1790155096,8,TTFT,completion,0.100000,0.000000,0,0,0,0,0,0,0,0,0,0,0,32,0,1900,3001.5027048721095,1533.6909650359303,8419.915194856003,0.0
1790155096,8,,Aggregated,0.300000,0.000000,0,0,0,0,0,0,0,0,0,0,0,96,0,1900,9695.981362228758,140.22849781042711,33554.68329205178,42.666666666666664
1790155097,8,POST,completion,0.000000,0.000000,27000,27000,27000,28000,28000,28000,28000,28000,28000,28000,28000,37,0,26000,25964.607295454352,19657.4831828475,33554.68329205178,128.0
1790155097,8,TPOT,completion,0.000000,0.000000,170,200,200,210,210,210,210,210,210,210,210,37,0,170,180.3747512256755,140.22849781042711,249.8786384093128,0.0
1790155097,8,TTFT,completion,0.000000,0.000000,3700,3900,3900,5000,5000,5000,5000,5000,5000,5000,5000,37,0,1900,3056.9622639969393,1533.6909650359303,8419.915194856003,0.0
1790155097,8,,Aggregated,0.000000,0.000000,3700,5000,26000,27000,27000,28000,28000,28000,28000,28000,28000,111,0,1900,9733.981436892322,140.22849781042711,33554.68329205178,42.666666666666664
1790155098,8,POST,completion,0.000000,0.000000,27000,27000,27000,28000,28000,28000,28000,28000,28000,28000,28000,37,0,26000,25964.607295454352,19657.4831828475,33554.68329205178,128.0
1790155098,8,TPOT,completion,0.000000,0.000000,170,200,200,210,210,210,210,210,210,210,210,37,0,170,180.3747512256755,140.22849781042711,249.8786384093128,0.0
1790155098,8,TTFT,completion,0.000000,0.000000,3700,3900,3900,5000,5000,5000,5000,5000,5000,5000,5000,37,0,1900,3056.9622639969393,1533.6909650359303,8419.915194856003,0.0
1790155098,8,,Aggregated,0.000000,0.000000,3700,5000,26000,27000,27000,28000,28000,28000,28000,28000,28000,111,0,1900,9733.981436892322,140.22849781042711,33554.68329205178,42.666666666666664
1790155099,8,POST,completion,0.000000,0.000000,27000,27000,27000,28000,28000,28000,28000,28000,28000,28000,28000,37,0,26000,25964.607295454352,19657.4831828475,33554.68329205178,128.0
1790155099,8,TPOT,completion,0.000000,0.000000,170,200,200,210,210,210,210,210,210,210,210,37,0,170,180.3747512256755,140.22849781042711,249.8786384093128,0.0
1790155099,8,TTFT,completion,0.000000,0.000000,3700,3900,3900,5000,5000,5000,5000,5000,5000,5000,5000,37,0,1900,3056.9622639969393,1533.6909650359303,8419.915194856003,0.0
1790155099,8,,Aggregated,0.000000,0.000000,3700,5000,26000,27000,27000,28000,28000,28000,28000,28000,28000,111,0,1900,9733.981436892322,140.22849781042711,33554.68329205178,42.666666666666664
1790155100,8,POST,completion,0.000000,0.000000,27000,27000,27000,28000,28000,28000,28000,28000,28000,28000,28000,37,0,26000,25964.607295454352,19657.4831828475,33554.68329205178,128.0
1790155100,8,TPOT,completion,0.000000,0.000000,170,200,200,210,210,210,210,210,210,210,210,37,0,170,180.3747512256755,140.22849781042711,249.8786384093128,0.0
1790155100,8,TTFT,completion,0.000000,0.000000,3700,3900,3900,5000,5000,5000,5000,5000,5000,5000,5000,37,0,1900,3056.9622639969393,1533.6909650359303,8419.915194856003,0.0
1790155100,8,,Aggregated,0.000000,0.000000,3700,5000,26000,27000,27000,28000,28000,28000,28000,28000,28000,111,0,1900,9733.981436892322,140.22849781042711,33554.68329205178,42.666666666666664
1790155101,8,POST,completion,0.000000,0.000000,27000,27000,27000,28000,28000,28000,28000,28000,28000,28000,28000,37,0,26000,25964.607295454352,19657.4831828475,33554.68329205178,128.0
1790155101,8,TPOT,completion,0.000000,0.000000,170,200,200,210,210,210,210,210,210,210,210,37,0,170,180.3747512256755,140.22849781042711,249.8786384093128,0.0
1790155101,8,TTFT,completion,0.000000,0.000000,3700,3900,3900,5000,5000,5000,5000,5000,5000,5000,5000,37,0,1900,3056.9622639969393,1533.6909650359303,8419.915194856003,0.0
1790155101,8,,Aggregated,0.000000,0.000000,3700,5000,26000,27000,27000,28000,28000,28000,28000,28000,28000,111,0,1900,9733.981436892322,140.22849781042711,33554.68329205178,42.666666666666664
1790155102,8,POST,completion,0.000000,0.000000,27000,27000,27000,28000,28000,28000,28000,28000,28000,28000,28000,37,0,26000,25964.607295454352,19657.4831828475,33554.68329205178,128.0
1790155102,8,TPOT,completion,0.000000,0.000000,170,200,200,210,210,210,210,210,210,210,210,37,0,170,180.3747512256755,140.22849781042711,249.8786384093128,0.0
1790155102,8,TTFT,completion,0.000000,0.000000,3700,3900,3900,5000,5000,5000,5000,5000,5000,5000,5000,37,0,1900,3056.9622639969393,1533.6909650359303,8419.915194856003,0.0
1790155102,8,,Aggregated,0.000000,0.000000,3700,5000,26000,27000,27000,28000,28000,28000,28000,28000,28000,111,0,1900,9733.981436892322,140.22849781042711,33554.68329205178,42.666666666666664
1790155103,8,POST,completion,0.000000,0.000000,27000,27000,27000,28000,28000,28000,28000,28000,28000,28000,28000,37,0,26000,25964.607295454352,19657.4831828475,33554.68329205178,128.0
1790155103,8,TPOT,completion,0.000000,0.000000,170,200,200,210,210,210,210,210,210,210,210,37,0,170,180.3747512256755,140.22849781042711,249.8786384093128,0.0
1790155103,8,TTFT,completion,0.000000,0.000000,3700,3900,3900,5000,5000,5000,5000,5000,5000,5000,5000,37,0,1900,3056.9622639969393,1533.6909650359303,8419.915194856003,0.0
1790155103,8,,Aggregated,0.000000,0.000000,3700,5000,26000,27000,27000,28000,28000,28000,28000,28000,28000,111,0,1900,9733.981436892322,140.22849781042711,33554.68329205178,42.666666666666664
1790155104,8,POST,completion,0.000000,0.000000,27000,27000,27000,28000,28000,28000,28000,28000,28000,28000,28000,37,0,26000,25964.607295454352,19657.4831828475,33554.68329205178,128.0
1790155104,8,TPOT,completion,0.000000,0.000000,170,200,200,210,210,210,210,210,210,210,210,37,0,170,180.3747512256755,140.22849781042711,249.8786384093128,0.0
1790155104,8,TTFT,completion,0.000000,0.000000,3700,3900,3900,5000,5000,5000,5000,5000,5000,5000,5000,37,0,1900,3056.9622639969393,1533.6909650359303,8419.915194856003,0.0
1790155104,8,,Aggregated,0.000000,0.000000,3700,5000,26000,27000,27000,28000,28000,28000,28000,28000,28000,111,0,1900,9733.981436892322,140.22849781042711,33554.68329205178,42.666666666666664
1790155105,8,POST,completion,0.000000,0.000000,27000,27000,27000,28000,28000,28000,28000,28000,28000,28000,28000,37,0,26000,25964.607295454352,19657.4831828475,33554.68329205178,128.0
1790155105,8,TPOT,completion,0.000000,0.000000,170,200,200,210,210,210,210,210,210,210,210,37,0,170,180.3747512256755,140.22849781042711,249.8786384093128,0.0
1790155105,8,TTFT,completion,0.000000,0.000000,3700,3900,3900,5000,5000,5000,5000,5000,5000,5000,5000,37,0,1900,3056.9622639969393,1533.6909650359303,8419.915194856003,0.0
1790155105,8,,Aggregated,0.000000,0.000000,3700,5000,26000,27000,27000,28000,28000,28000,28000,28000,28000,111,0,1900,9733.981436892322,140.22849781042711,33554.68329205178,42.666666666666664
1790155106,8,POST,completion,0.000000,0.000000,26000,26000,27000,27000,27000,27000,27000,27000,27000,27000,27000,37,0,26000,25964.607295454352,19657.4831828475,33554.68329205178,128.0
1790155106,8,TPOT,completion,0.000000,0.000000,170,170,170,170,170,170,170,170,170,170,170,37,0,170,180.3747512256755,140.22849781042711,249.8786384093128,0.0
1790155106,8,TTFT,completion,0.000000,0.000000,3900,3900,5000,5000,5000,5000,5000,5000,5000,5000,5000,37,0,1900,3056.9622639969393,1533.6909650359303,8419.915194856003,0.0
1790155106,8,,Aggregated,0.000000,0.000000,3900,5000,24000,26000,27000,27000,27000,27000,27000,27000,27000,111,0,1900,9733.981436892322,140.22849781042711,33554.68329205178,42.666666666666664
1790155107,8,POST,completion,0.000000,0.000000,26000,26000,27000,27000,27000,27000,27000,27000,27000,27000,27000,37,0,26000,25964.607295454352,19657.4831828475,33554.68329205178,128.0
1790155107,8,TPOT,completion,0.000000,0.000000,170,170,170,170,170,170,170,170,170,170,170,37,0,170,180.3747512256755,140.22849781042711,249.8786384093128,0.0
1790155107,8,TTFT,completion,0.000000,0.000000,3900,3900,5000,5000,5000,5000,5000,5000,5000,5000,5000,37,0,1900,3056.9622639969393,1533.6909650359303,8419.915194856003,0.0
1790155107,8,,Aggregated,0.000000,0.000000,3900,5000,24000,26000,27000,27000,27000,27000,27000,27000,27000,111,0,1900,9733.981436892322,140.22849781042711,33554.68329205178,42.666666666666664
1790155108,8,POST,completion,0.000000,0.000000,26000,26000,27000,27000,27000,27000,27000,27000,27000,27000,27000,37,0,26000,25964.607295454352,19657.4831828475,33554.68329205178,128.0
1790155108,8,TPOT,completion,0.000000,0.000000,170,170,170,170,170,170,170,170,170,170,170,37,0,170,180.3747512256755,140.22849781042711,249.8786384093128,0.0
1790155108,8,TTFT,completion,0.000000,0.000000,3900,3900,5000,5000,5000,5000,5000,5000,5000,5000,5000,37,0,1900,3056.9622639969393,1533.6909650359303,8419.915194856003,0.0
1790155108,8,,Aggregated,0.000000,0.000000,3900,5000,24000,26000,27000,27000,27000,27000,27000,27000,27000,111,0,1900,9733.981436892322,140.22849781042711,33554.68329205178,42.666666666666664
1790155109,8,POST,completion,0.000000,0.000000,26000,26000,27000,27000,27000,27000,27000,27000,27000,27000,27000,37,0,26000,25964.607295454352,19657.4831828475,33554.68329205178,128.0
1790155109,8,TPOT,completion,0.000000,0.000000,170,170,170,170,170,170,170,170,170,170,170,37,0,170,180.3747512256755,140.22849781042711,249.8786384093128,0.0
1790155109,8,TTFT,completion,0.000000,0.000000,3900,3900,5000,5000,5000,5000,5000,5000,5000,5000,5000,37,0,1900,3056.9622639969393,1533.6909650359303,8419.915194856003,0.0
1790155109,8,,Aggregated,0.000000,0.000000,3900,5000,24000,26000,27000,27000,27000,27000,27000,27000,27000,111,0,1900,9733.981436892322,140.22849781042711,33554.68329205178,42.666666666666664
1790155110,8,POST,completion,0.000000,0.000000,26000,26000,27000,27000,27000,27000,27000,27000,27000,27000,27000,37,0,26000,25964.607295454352,19657.4831828475,33554.68329205178,128.0
1790155110,8,TPOT,completion,0.000000,0.000000,170,170,170,170,170,170,170,170,170,170,170,37,0,170,180.3747512256755,140.22849781042711,249.8786384093128,0.0
1790155110,8,TTFT,completion,0.000000,0.000000,3900,3900,5000,5000,5000,5000,5000,5000,5000,5000,5000,37,0,1900,3056.9622639969393,1533.6909650359303,8419.915194856003,0.0
1790155110,8,,Aggregated,0.000000,0.000000,3900,5000,24000,26000,27000,27000,27000,27000,27000,27000,27000,111,0,1900,9733.981436892322,140.22849781042711,33554.68329205178,42.666666666666664
1790155111,8,POST,completion,0.000000,0.000000,26000,26000,27000,27000,27000,27000,27000,27000,27000,27000,27000,37,0,26000,25964.607295454352,19657.4831828475,33554.68329205178,128.0
1790155111,8,TPOT,completion,0.000000,0.000000,170,170,170,170,170,170,170,170,170,170,170,37,0,170,180.3747512256755,140.22849781042711,249.8786384093128,0.0
1790155111,8,TTFT,completion,0.000000,0.000000,3900,3900,5000,5000,5000,5000,5000,5000,5000,5000,5000,37,0,1900,3056.9622639969393,1533.6909650359303,8419.915194856003,0.0
1790155111,8,,Aggregated,0.000000,0.000000,3900,5000,24000,26000,27000,27000,27000,27000,27000,27000,27000,111,0,1900,9733.981436892322,140.22849781042711,33554.68329205178,42.666666666666664
1790155112,8,POST,completion,0.000000,0.000000,26000,26000,27000,27000,27000,27000,27000,27000,27000,27000,27000,37,0,26000,25964.607295454352,19657.4831828475,33554.68329205178,128.0
1790155112,8,TPOT,completion,0.000000,0.000000,170,170,170,170,170,170,170,170,170,170,170,37,0,170,180.3747512256755,140.22849781042711,249.8786384093128,0.0
1790155112,8,TTFT,completion,0.000000,0.000000,3900,3900,5000,5000,5000,5000,5000,5000,5000,5000,5000,37,0,1900,3056.9622639969393,1533.6909650359303,8419.915194856003,0.0
1790155112,8,,Aggregated,0.000000,0.000000,3900,5000,24000,26000,27000,27000,27000,27000,27000,27000,27000,111,0,1900,9733.981436892322,140.22849781042711,33554.68329205178,42.666666666666664
1790155113,8,POST,completion,0.000000,0.000000,26000,26000,27000,27000,27000,27000,27000,27000,27000,27000,27000,38,0,26000,25889.395796124038,19657.4831828475,33554.68329205178,128.0
1790155113,8,TPOT,completion,0.000000,0.000000,170,170,170,170,170,170,170,170,170,170,170,38,0,170,180.028022031392,140.22849781042711,249.8786384093128,0.0
1790155113,8,TTFT,completion,0.000000,0.000000,3900,3900,5000,5000,5000,5000,5000,5000,5000,5000,5000,38,0,1900,3025.7854180496283,1533.6909650359303,8419.915194856003,0.0
1790155113,8,,Aggregated,0.000000,0.000000,3900,5000,24000,24000,26000,27000,27000,27000,27000,27000,27000,114,0,1900,9698.40307873502,140.22849781042711,33554.68329205178,42.666666666666664
1790155114,8,POST,completion,0.000000,0.000000,26000,26000,27000,27000,27000,27000,27000,27000,27000,27000,27000,38,0,26000,25889.395796124038,19657.4831828475,33554.68329205178,128.0
1790155114,8,TPOT,completion,0.000000,0.000000,170,170,170,170,170,170,170,170,170,170,170,38,0,170,180.028022031392,140.22849781042711,249.8786384093128,0.0
1790155114,8,TTFT,completion,0.000000,0.000000,3900,3900,5000,5000,5000,5000,5000,5000,5000,5000,5000,38,0,1900,3025.7854180496283,1533.6909650359303,8419.915194856003,0.0
1790155114,8,,Aggregated,0.000000,0.000000,3900,5000,24000,24000,26000,27000,27000,27000,27000,27000,27000,114,0,1900,9698.40307873502,140.22849781042711,33554.68329205178,42.666666666666664
1790155115,8,POST,completion,0.000000,0.000000,23000,23000,23000,23000,23000,23000,23000,23000,23000,23000,23000,38,0,26000,25889.395796124038,19657.4831828475,33554.68329205178,128.0
1790155115,8,TPOT,completion,0.000000,0.000000,170,170,170,170,170,170,170,170,170,170,170,38,0,170,180.028022031392,140.22849781042711,249.8786384093128,0.0
1790155115,8,TTFT,completion,0.000000,0.000000,1900,1900,1900,1900,1900,1900,1900,1900,1900,1900,1900,38,0,1900,3025.7854180496283,1533.6909650359303,8419.915194856003,0.0
1790155115,8,,Aggregated,0.000000,0.000000,1900,1900,23000,23000,23000,23000,23000,23000,23000,23000,23000,114,0,1900,9698.40307873502,140.22849781042711,33554.68329205178,42.666666666666664
1790155116,8,POST,completion,0.000000,0.000000,23000,23000,23000,23000,23000,23000,23000,23000,23000,23000,23000,38,0,26000,25889.395796124038,19657.4831828475,33554.68329205178,128.0
1790155116,8,TPOT,completion,0.000000,0.000000,170,170,170,170,170,170,170,170,170,170,170,38,0,170,180.028022031392,140.22849781042711,249.8786384093128,0.0
1790155116,8,TTFT,completion,0.000000,0.000000,1900,1900,1900,1900,1900,1900,1900,1900,1900,1900,1900,38,0,1900,3025.7854180496283,1533.6909650359303,8419.915194856003,0.0
1790155116,8,,Aggregated,0.000000,0.000000,1900,1900,23000,23000,23000,23000,23000,23000,23000,23000,23000,114,0,1900,9698.40307873502,140.22849781042711,33554.68329205178,42.666666666666664
1790155117,8,POST,completion,0.000000,0.000000,23000,23000,23000,23000,23000,23000,23000,23000,23000,23000,23000,38,0,26000,25889.395796124038,19657.4831828475,33554.68329205178,128.0
1790155117,8,TPOT,completion,0.000000,0.000000,170,170,170,170,170,170,170,170,170,170,170,38,0,170,180.028022031392,140.22849781042711,249.8786384093128,0.0
1790155117,8,TTFT,completion,0.000000,0.000000,1900,1900,1900,1900,1900,1900,1900,1900,1900,1900,1900,38,0,1900,3025.7854180496283,1533.6909650359303,8419.915194856003,0.0
1790155117,8,,Aggregated,0.000000,0.000000,1900,1900,23000,23000,23000,23000,23000,23000,23000,23000,23000,114,0,1900,9698.40307873502,140.22849781042711,33554.68329205178,42.666666666666664
1790155118,8,POST,completion,0.000000,0.000000,23000,23000,23000,23000,23000,23000,23000,23000,23000,23000,23000,38,0,26000,25889.395796124038,19657.4831828475,33554.68329205178,128.0
1790155118,8,TPOT,completion,0.000000,0.000000,170,170,170,170,170,170,170,170,170,170,170,38,0,170,180.028022031392,140.22849781042711,249.8786384093128,0.0
1790155118,8,TTFT,completion,0.000000,0.000000,1900,1900,1900,1900,1900,1900,1900,1900,1900,1900,1900,38,0,1900,3025.7854180496283,1533.6909650359303,8419.915194856003,0.0
1790155118,8,,Aggregated,0.000000,0.000000,1900,1900,23000,23000,23000,23000,23000,23000,23000,23000,23000,114,0,1900,9698.40307873502,140.22849781042711,33554.68329205178,42.666666666666664
1790155119,8,POST,completion,0.000000,0.000000,23000,23000,23000,23000,23000,23000,23000,23000,23000,23000,23000,38,0,26000,25889.395796124038,19657.4831828475,33554.68329205178,128.0
1790155119,8,TPOT,completion,0.000000,0.000000,170,170,170,170,170,170,170,170,170,170,170,38,0,170,180.028022031392,140.22849781042711,249.8786384093128,0.0
1790155119,8,TTFT,completion,0.000000,0.000000,1900,1900,1900,1900,1900,1900,1900,1900,1900,1900,1900,38,0,1900,3025.7854180496283,1533.6909650359303,8419.915194856003,0.0
1790155119,8,,Aggregated,0.000000,0.000000,1900,1900,23000,23000,23000,23000,23000,23000,23000,23000,23000,114,0,1900,9698.40307873502,140.22849781042711,33554.68329205178,42.666666666666664
1790155120,8,POST,completion,0.000000,0.000000,23000,23000,23000,23000,23000,23000,23000,23000,23000,23000,23000,38,0,26000,25889.395796124038,19657.4831828475,33554.68329205178,128.0
1790155120,8,TPOT,completion,0.000000,0.000000,170,170,170,170,170,170,170,170,170,170,170,38,0,170,180.028022031392,140.22849781042711,249.8786384093128,0.0
1790155120,8,TTFT,completion,0.000000,0.000000,1900,1900,1900,1900,1900,1900,1900,1900,1900,1900,1900,38,0,1900,3025.7854180496283,1533.6909650359303,8419.915194856003,0.0
1790155120,8,,Aggregated,0.000000,0.000000,1900,1900,23000,23000,23000,23000,23000,23000,23000,23000,23000,114,0,1900,9698.40307873502,140.22849781042711,33554.68329205178,42.666666666666664
1790155121,8,POST,completion,0.100000,0.000000,23000,23000,23000,23000,23000,23000,23000,23000,23000,23000,23000,39,0,26000,25773.51891630305,19657.4831828475,33554.68329205178,128.0
1790155121,8,TPOT,completion,0.100000,0.000000,170,170,170,170,170,170,170,170,170,170,170,39,0,170,179.35279300275607,140.22849781042711,249.8786384093128,0.0
1790155121,8,TTFT,completion,0.100000,0.000000,1900,1900,1900,1900,1900,1900,1900,1900,1900,1900,1900,39,0,1900,2995.6625062040985,1533.6909650359303,8419.915194856003,0.0
1790155121,8,,Aggregated,0.300000,0.000000,1900,1900,21000,21000,23000,23000,23000,23000,23000,23000,23000,117,0,1900,9649.51140516997,140.22849781042711,33554.68329205178,42.666666666666664
1790155122,8,POST,completion,0.100000,0.000000,21000,21000,23000,23000,23000,23000,23000,23000,23000,23000,23000,40,0,26000,25622.311502695084,19657.4831828475,33554.68329205178,128.0
1790155122,8,TPOT,completion,0.100000,0.000000,150,150,170,170,170,170,170,170,170,170,170,40,0,170,178.37424832904952,140.21100605449337,249.8786384093128,0.0
1790155122,8,TTFT,completion,0.100000,0.000000,1900,1900,1900,1900,1900,1900,1900,1900,1900,1900,1900,40,0,1900,2968.730010750005,1533.6909650359303,8419.915194856003,0.0
1790155122,8,,Aggregated,0.300000,0.000000,1900,1900,20000,21000,23000,23000,23000,23000,23000,23000,23000,120,0,1900,9589.805253924713,140.21100605449337,33554.68329205178,42.666666666666664
1790155123,8,POST,completion,0.100000,0.000000,21000,21000,23000,23000,23000,23000,23000,23000,23000,23000,23000,40,0,26000,25622.311502695084,19657.4831828475,33554.68329205178,128.0
1790155123,8,TPOT,completion,0.100000,0.000000,150,150,170,170,170,170,170,170,170,170,170,40,0,170,178.37424832904952,140.21100605449337,249.8786384093128,0.0
1790155123,8,TTFT,completion,0.100000,0.000000,1900,1900,1900,1900,1900,1900,1900,1900,1900,1900,1900,40,0,1900,2968.730010750005,1533.6909650359303,8419.915194856003,0.0
1790155123,8,,Aggregated,0.300000,0.000000,1900,1900,20000,21000,23000,23000,23000,23000,23000,23000,23000,120,0,1900,9589.805253924713,140.21100605449337,33554.68329205178,42.666666666666664
1790155124,8,POST,completion,0.100000,0.000000,21000,21000,23000,23000,23000,23000,23000,23000,23000,23000,23000,40,0,26000,25622.311502695084,19657.4831828475,33554.68329205178,128.0
1790155124,8,TPOT,completion,0.100000,0.000000,150,150,170,170,170,170,170,170,170,170,170,40,0,170,178.37424832904952,140.21100605449337,249.8786384093128,0.0
1790155124,8,TTFT,completion,0.100000,0.000000,1900,1900,1900,1900,1900,1900,1900,1900,1900,1900,1900,40,0,1900,2968.730010750005,1533.6909650359303,8419.915194856003,0.0
1790155124,8,,Aggregated,0.300000,0.000000,1900,1900,20000,21000,23000,23000,23000,23000,23000,23000,23000,120,0,1900,9589.805253924713,140.21100605449337,33554.68329205178,42.666666666666664
1790155125,8,POST,completion,0.100000,0.000000,21000,21000,23000,23000,23000,23000,23000,23000,23000,23000,23000,40,0,26000,25622.311502695084,19657.4831828475,33554.68329205178,128.0
1790155125,8,TPOT,completion,0.100000,0.000000,150,150,170,170,170,170,170,170,170,170,170,40,0,170,178.37424832904952,140.21100605449337,249.8786384093128,0.0
1790155125,8,TTFT,completion,0.100000,0.000000,1900,1900,1900,1900,1900,1900,1900,1900,1900,1900,1900,40,0,1900,2968.730010750005,1533.6909650359303,8419.915194856003,0.0
1790155125,8,,Aggregated,0.300000,0.000000,1900,1900,20000,21000,23000,23000,23000,23000,23000,23000,23000,120,0,1900,9589.805253924713,140.21100605449337,33554.68329205178,42.666666666666664
1790155126,8,POST,completion,0.100000,0.000000,21000,21000,21000,21000,21000,21000,21000,21000,21000,21000,21000,40,0,26000,25622.311502695084,19657.4831828475,33554.68329205178,128.0
1790155126,8,TPOT,completion,0.100000,0.000000,150,150,150,150,150,150,150,150,150,150,150,40,0,170,178.37424832904952,140.21100605449337,249.8786384093128,0.0
1790155126,8,TTFT,completion,0.100000,0.000000,1900,1900,1900,1900,1900,1900,1900,1900,1900,1900,1900,40,0,1900,2968.730010750005,1533.6909650359303,8419.915194856003,0.0
1790155126,8,,Aggregated,0.300000,0.000000,1900,1900,20000,20000,21000,21000,21000,21000,21000,21000,21000,120,0,1900,9589.805253924713,140.21100605449337,33554.68329205178,42.666666666666664
1790155127,8,POST,completion,0.100000,0.000000,21000,21000,21000,21000,21000,21000,21000,21000,21000,21000,21000,40,0,26000,25622.311502695084,19657.4831828475,33554.68329205178,128.0
1790155127,8,TPOT,completion,0.100000,0.000000,150,150,150,150,150,150,150,150,150,150,150,40,0,170,178.37424832904952,140.21100605449337,249.8786384093128,0.0
1790155127,8,TTFT,completion,0.100000,0.000000,1900,1900,1900,1900,1900,1900,1900,1900,1900,1900,1900,40,0,1900,2968.730010750005,1533.6909650359303,8419.915194856003,0.0
1790155127,8,,Aggregated,0.300000,0.000000,1900,1900,20000,20000,21000,21000,21000,21000,21000,21000,21000,120,0,1900,9589.805253924713,140.21100605449337,33554.68329205178,42.666666666666664
