Timestamp,User Count,Type,Name,Requests/s,Failures/s,50%,66%,75%,80%,90%,95%,98%,99%,99.9%,99.99%,100%,Total Request Count,Total Failure Count,Total Median Response Time,Total Average Response Time,Total Min Response Time,Total Max Response Time,Total Average Content Size
1790319634,0,,Aggregated,0.000000,0.000000,N/A,N/A,N/A,N/A,N/A,N/A,N/A,N/A,N/A,N/A,N/A,0,0,0,0.0,0,0,0
1790319635,1,,Aggregated,0.000000,0.000000,N/A,N/A,N/A,N/A,N/A,N/A,N/A,N/A,N/A,N/A,N/A,0,0,0,0.0,0,0,0
1790319636,2,,Aggregated,0.000000,0.000000,N/A,N/A,N/A,N/A,N/A,N/A,N/A,N/A,N/A,N/A,N/A,0,0,0,0.0,0,0,0
1790319637,3,,Aggregated,0.000000,0.000000,N/A,N/A,N/A,N/A,N/A,N/A,N/A,N/A,N/A,N/A,N/A,0,0,0,0.0,0,0,0
1790319638,4,,Aggregated,0.000000,0.000000,N/A,N/A,N/A,N/A,N/A,N/A,N/A,N/A,N/A,N/A,N/A,0,0,0,0.0,0,0,0
1790319639,5,,Aggregated,0.000000,0.000000,N/A,N/A,N/A,N/A,N/A,N/A,N/A,N/A,N/A,N/A,N/A,0,0,0,0.0,0,0,0
1790319640,6,,Aggregated,0.000000,0.000000,N/A,N/A,N/A,N/A,N/A,N/A,N/A,N/A,N/A,N/A,N/A,0,0,0,0.0,0,0,0
1790319641,7,,Aggregated,0.000000,0.000000,N/A,N/A,N/A,N/A,N/A,N/A,N/A,N/A,N/A,N/A,N/A,0,0,0,0.0,0,0,0
1790319642,8,,Aggregated,0.000000,0.000000,N/A,N/A,N/A,N/A,N/A,N/A,N/A,N/A,N/A,N/A,N/A,0,0,0,0.0,0,0,0
1790319643,9,,Aggregated,0.000000,0.000000,N/A,N/A,N/A,N/A,N/A,N/A,N/A,N/A,N/A,N/A,N/A,0,0,0,0.0,0,0,0
1790319644,10,,Aggregated,0.000000,0.000000,N/A,N/A,N/A,N/A,N/A,N/A,N/A,N/A,N/A,N/A,N/A,0,0,0,0.0,0,0,0
1790319645,11,,Aggregated,0.000000,0.000000,N/A,N/A,N/A,N/A,N/A,N/A,N/A,N/A,N/A,N/A,N/A,0,0,0,0.0,0,0,0
1790319646,12,,Aggregated,0.000000,0.000000,N/A,N/A,N/A,N/A,N/A,N/A,N/A,N/A,N/A,N/A,N/A,0,0,0,0.0,0,0,0
1790319647,13,,Aggregated,0.000000,0.000000,N/A,N/A,N/A,N/A,N/A,N/A,N/A,N/A,N/A,N/A,N/A,0,0,0,0.0,0,0,0
1790319648,14,,Aggregated,0.000000,0.000000,N/A,N/A,N/A,N/A,N/A,N/A,N/A,N/A,N/A,N/A,N/A,0,0,0,0.0,0,0,0
1790319649,15,,Aggregated,0.000000,0.000000,N/A,N/A,N/A,N/A,N/A,N/A,N/A,N/A,N/A,N/A,N/A,0,0,0,0.0,0,0,0
1790319650,16,,Aggregated,0.000000,0.000000,N/A,N/A,N/A,N/A,N/A,N/A,N/A,N/A,N/A,N/A,N/A,0,0,0,0.0,0,0,0
1790319651,16,,Aggregated,0.000000,0.000000,N/A,N/A,N/A,N/A,N/A,N/A,N/A,N/A,N/A,N/A,N/A,0,0,0,0.0,0,0,0
1790319652,16,,Aggregated,0.000000,0.000000,N/A,N/A,N/A,N/A,N/A,N/A,N/A,N/A,N/A,N/A,N/A,0,0,0,0.0,0,0,0
1790319653,16,,Aggregated,0.000000,0.000000,N/A,N/A,N/A,N/A,N/A,N/A,N/A,N/A,N/A,N/A,N/A,0,0,0,0.0,0,0,0
1790319654,16,,Aggregated,0.000000,0.000000,N/A,N/A,N/A,N/A,N/A,N/A,N/A,N/A,N/A,N/A,N/A,0,0,0,0.0,0,0,0
1790319655,16,,Aggregated,0.000000,0.000000,N/A,N/A,N/A,N/A,N/A,N/A,N/A,N/A,N/A,N/A,N/A,0,0,0,0.0,0,0,0
1790319656,16,,Aggregated,0.000000,0.000000,N/A,N/A,N/A,N/A,N/A,N/A,N/A,N/A,N/A,N/A,N/A,0,0,0,0.0,0,0,0
1790319657,16,,Aggregated,0.000000,0.000000,N/A,N/A,N/A,N/A,N/A,N/A,N/A,N/A,N/A,N/A,N/A,0,0,0,0.0,0,0,0
1790319658,16,,Aggregated,0.000000,0.000000,N/A,N/A,N/A,N/A,N/A,N/A,N/A,N/A,N/A,N/A,N/A,0,0,0,0.0,0,0,0
1790319659,16,,Aggregated,0.000000,0.000000,N/A,N/A,N/A,N/A,N/A,N/A,N/A,N/A,N/A,N/A,N/A,0,0,0,0.0,0,0,0
1790319660,16,,Aggregated,0.000000,0.000000,N/A,N/A,N/A,N/A,N/A,N/A,N/A,N/A,N/A,N/A,N/A,0,0,0,0.0,0,0,0
1790319661,16,,Aggregated,0.000000,0.000000,N/A,N/A,N/A,N/A,N/A,N/A,N/A,N/A,N/A,N/A,N/A,0,0,0,0.0,0,0,0
1790319662,16,,Aggregated,0.000000,0.000000,N/A,N/A,N/A,N/A,N/A,N/A,N/A,N/A,N/A,N/A,N/A,0,0,0,0.0,0,0,0
1790319663,16,,Aggregated,0.000000,0.000000,N/A,N/A,N/A,N/A,N/A,N/A,N/A,N/A,N/A,N/A,N/A,0,0,0,0.0,0,0,0
1790319664,16,,Aggregated,0.000000,0.000000,N/A,N/A,N/A,N/A,N/A,N/A,N/A,N/A,N/A,N/A,N/A,0,0,0,0.0,0,0,0
1790319665,16,,Aggregated,0.000000,0.000000,N/A,N/A,N/A,N/A,N/A,N/A,N/A,N/A,N/A,N/A,N/A,0,0,0,0.0,0,0,0
1790319666,16,,Aggregated,0.000000,0.000000,N/A,N/A,N/A,N/A,N/A,N/A,N/A,N/A,N/A,N/A,N/A,0,0,0,0.0,0,0,0
1790319667,16,,Aggregated,0.000000,0.000000,N/A,N/A,N/A,N/A,N/A,N/A,N/A,N/A,N/A,N/A,N/A,0,0,0,0.0,0,0,0
1790319668,16,,Aggregated,0.000000,0.000000,N/A,N/A,N/A,N/A,N/A,N/A,N/A,N/A,N/A,N/A,N/A,0,0,0,0.0,0,0,0
1790319669,16,,Aggregated,0.000000,0.000000,N/A,N/A,N/A,N/A,N/A,N/A,N/A,N/A,N/A,N/A,N/A,0,0,0,0.0,0,0,0
1790319670,16,,Aggregated,0.000000,0.000000,N/A,N/A,N/A,N/A,N/A,N/A,N/A,N/A,N/A,N/A,N/A,0,0,0,0.0,0,0,0
1790319671,16,,Aggregated,0.000000,0.000000,N/A,N/A,N/A,N/A,N/A,N/A,N/A,N/A,N/A,N/A,N/A,0,0,0,0.0,0,0,0
1790319672,16,,Aggregated,0.000000,0.000000,N/A,N/A,N/A,N/A,N/A,N/A,N/A,N/A,N/A,N/A,N/A,0,0,0,0.0,0,0,0
1790319673,16,,Aggregated,0.000000,0.000000,N/A,N/A,N/A,N/A,N/A,N/A,N/A,N/A,N/A,N/A,N/A,0,0,0,0.0,0,0,0
1790319674,16,,Aggregated,0.000000,0.000000,N/A,N/A,N/A,N/A,N/A,N/A,N/A,N/A,N/A,N/A,N/A,0,0,0,0.0,0,0,0
1790319675,16,,Aggregated,0.000000,0.000000,N/A,N/A,N/A,N/A,N/A,N/A,N/A,N/A,N/A,N/A,N/A,0,0,0,0.0,0,0,0
1790319676,16,,Aggregated,0.000000,0.000000,N/A,N/A,N/A,N/A,N/A,N/A,N/A,N/A,N/A,N/A,N/A,0,0,0,0.0,0,0,0
1790319677,16,,Aggregated,0.000000,0.000000,N/A,N/A,N/A,N/A,N/A,N/A,N/A,N/A,N/A,N/A,N/A,0,0,0,0.0,0,0,0
1790319678,16,,Aggregated,0.000000,0.000000,N/A,N/A,N/A,N/A,N/A,N/A,N/A,N/A,N/A,N/A,N/A,0,0,0,0.0,0,0,0
1790319679,16,,Aggregated,0.000000,0.000000,N/A,N/A,N/A,N/A,N/A,N/A,N/A,N/A,N/A,N/A,N/A,0,0,0,0.0,0,0,0
1790319680,16,,Aggregated,0.000000,0.000000,N/A,N/A,N/A,N/A,N/A,N/A,N/A,N/A,N/A,N/A,N/A,0,0,0,0.0,0,0,0
1790319681,16,,Aggregated,0.000000,0.000000,N/A,N/A,N/A,N/A,N/A,N/A,N/A,N/A,N/A,N/A,N/A,0,0,0,0.0,0,0,0
1790319682,16,,Aggregated,0.000000,0.000000,N/A,N/A,N/A,N/A,N/A,N/A,N/A,N/A,N/A,N/A,N/A,0,0,0,0.0,0,0,0
1790319683,16,,Aggregated,0.000000,0.000000,N/A,N/A,N/A,N/A,N/A,N/A,N/A,N/A,N/A,N/A,N/A,0,0,0,0.0,0,0,0
1790319684,16,,Aggregated,0.000000,0.000000,N/A,N/A,N/A,N/A,N/A,N/A,N/A,N/A,N/A,N/A,N/A,0,0,0,0.0,0,0,0
1790319685,16,,Aggregated,0.000000,0.000000,N/A,N/A,N/A,N/A,N/A,N/A,N/A,N/A,N/A,N/A,N/A,0,0,0,0.0,0,0,0
1790319686,16,,Aggregated,0.000000,0.000000,N/A,N/A,N/A,N/A,N/A,N/A,N/A,N/A,N/A,N/A,N/A,0,0,0,0.0,0,0,0
1790319687,16,,Aggregated,0.000000,0.000000,N/A,N/A,N/A,N/A,N/A,N/A,N/A,N/A,N/A,N/A,N/A,0,0,0,0.0,0,0,0
1790319688,16,,Aggregated,0.000000,0.000000,N/A,N/A,N/A,N/A,N/A,N/A,N/A,N/A,N/A,N/A,N/A,0,0,0,0.0,0,0,0
1790319689,16,,Aggregated,0.000000,0.000000,N/A,N/A,N/A,N/A,N/A,N/A,N/A,N/A,N/A,N/A,N/A,0,0,0,0.0,0,0,0
1790319690,16,,Aggregated,0.000000,0.000000,N/A,N/A,N/A,N/A,N/A,N/A,N/A,N/A,N/A,N/A,N/A,0,0,0,0.0,0,0,0
1790319691,16,,Aggregated,0.000000,0.000000,N/A,N/A,N/A,N/A,N/A,N/A,N/A,N/A,N/A,N/A,N/A,0,0,0,0.0,0,0,0
1790319692,16,,Aggregated,0.000000,0.000000,N/A,N/A,N/A,N/A,N/A,N/A,N/A,N/A,N/A,N/A,N/A,0,0,0,0.0,0,0,0
1790319693,16,,Aggregated,0.000000,0.000000,N/A,N/A,N/A,N/A,N/A,N/A,N/A,N/A,N/A,N/A,N/A,0,0,0,0.0,0,0,0
1790319694,16,,Aggregated,0.000000,0.000000,N/A,N/A,N/A,N/A,N/A,N/A,N/A,N/A,N/A,N/A,N/A,0,0,0,0.0,0,0,0
1790319695,16,,Aggregated,0.000000,0.000000,N/A,N/A,N/A,N/A,N/A,N/A,N/A,N/A,N/A,N/A,N/A,0,0,0,0.0,0,0,0
1790319696,16,,Aggregated,0.000000,0.000000,N/A,N/A,N/A,N/A,N/A,N/A,N/A,N/A,N/A,N/A,N/A,0,0,0,0.0,0,0,0
1790319697,16,,Aggregated,0.000000,0.000000,N/A,N/A,N/A,N/A,N/A,N/A,N/A,N/A,N/A,N/A,N/A,0,0,0,0.0,0,0,0
1790319698,16,,Aggregated,0.000000,0.000000,N/A,N/A,N/A,N/A,N/A,N/A,N/A,N/A,N/A,N/A,N/A,0,0,0,0.0,0,0,0
1790319699,16,,Aggregated,0.000000,0.000000,N/A,N/A,N/A,N/A,N/A,N/A,N/A,N/A,N/A,N/A,N/A,0,0,0,0.0,0,0,0
1790319700,16,,Aggregated,0.000000,0.000000,N/A,N/A,N/A,N/A,N/A,N/A,N/A,N/A,N/A,N/A,N/A,0,0,0,0.0,0,0,0
1790319701,16,,Aggregated,0.000000,0.000000,N/A,N/A,N/A,N/A,N/A,N/A,N/A,N/A,N/A,N/A,N/A,0,0,0,0.0,0,0,0
1790319702,16,,Aggregated,0.000000,0.000000,N/A,N/A,N/A,N/A,N/A,N/A,N/A,N/A,N/A,N/A,N/A,0,0,0,0.0,0,0,0
1790319703,16,,Aggregated,0.000000,0.000000,N/A,N/A,N/A,N/A,N/A,N/A,N/A,N/A,N/A,N/A,N/A,0,0,0,0.0,0,0,0
1790319704,16,,Aggregated,0.000000,0.000000,N/A,N/A,N/A,N/A,N/A,N/A,N/A,N/A,N/A,N/A,N/A,0,0,0,0.0,0,0,0
1790319705,16,,Aggregated,0.000000,0.000000,N/A,N/A,N/A,N/A,N/A,N/A,N/A,N/A,N/A,N/A,N/A,0,0,0,0.0,0,0,0
1790319706,16,,Aggregated,0.000000,0.000000,N/A,N/A,N/A,N/A,N/A,N/A,N/A,N/A,N/A,N/A,N/A,0,0,0,0.0,0,0,0
1790319707,16,,Aggregated,0.000000,0.000000,N/A,N/A,N/A,N/A,N/A,N/A,N/A,N/A,N/A,N/A,N/A,0,0,0,0.0,0,0,0
1790319708,16,,Aggregated,0.000000,0.000000,N/A,N/A,N/A,N/A,N/A,N/A,N/A,N/A,N/A,N/A,N/A,0,0,0,0.0,0,0,0
1790319709,16,,Aggregated,0.000000,0.000000,N/A,N/A,N/A,N/A,N/A,N/A,N/A,N/A,N/A,N/A,N/A,0,0,0,0.0,0,0,0
1790319710,16,,Aggregated,0.000000,0.000000,N/A,N/A,N/A,N/A,N/A,N/A,N/A,N/A,N/A,N/A,N/A,0,0,0,0.0,0,0,0
1790319711,16,,Aggregated,0.000000,0.000000,N/A,N/A,N/A,N/A,N/A,N/A,N/A,N/A,N/A,N/A,N/A,0,0,0,0.0,0,0,0
1790319712,16,,Aggregated,0.000000,0.000000,N/A,N/A,N/A,N/A,N/A,N/A,N/A,N/A,N/A,N/A,N/A,0,0,0,0.0,0,0,0
1790319713,16,,Aggregated,0.000000,0.000000,N/A,N/A,N/A,N/A,N/A,N/A,N/A,N/A,N/A,N/A,N/A,0,0,0,0.0,0,0,0
1790319714,16,,Aggregated,0.000000,0.000000,N/A,N/A,N/A,N/A,N/A,N/A,N/A,N/A,N/A,N/A,N/A,0,0,0,0.0,0,0,0
1790319715,16,,Aggregated,0.000000,0.000000,N/A,N/A,N/A,N/A,N/A,N/A,N/A,N/A,N/A,N/A,N/A,0,0,0,0.0,0,0,0
1790319716,16,,Aggregated,0.000000,0.000000,N/A,N/A,N/A,N/A,N/A,N/A,N/A,N/A,N/A,N/A,N/A,0,0,0,0.0,0,0,0
1790319717,16,,Aggregated,0.000000,0.000000,N/A,N/A,N/A,N/A,N/A,N/A,N/A,N/A,N/A,N/A,N/A,0,0,0,0.0,0,0,0
1790319718,16,,Aggregated,0.000000,0.000000,N/A,N/A,N/A,N/A,N/A,N/A,N/A,N/A,N/A,N/A,N/A,0,0,0,0.0,0,0,0
1790319719,16,,Aggregated,0.000000,0.000000,N/A,N/A,N/A,N/A,N/A,N/A,N/A,N/A,N/A,N/A,N/A,0,0,0,0.0,0,0,0
1790319720,16,,Aggregated,0.000000,0.000000,N/A,N/A,N/A,N/A,N/A,N/A,N/A,N/A,N/A,N/A,N/A,0,0,0,0.0,0,0,0
1790319721,16,,Aggregated,0.000000,0.000000,N/A,N/A,N/A,N/A,N/A,N/A,N/A,N/A,N/A,N/A,N/A,0,0,0,0.0,0,0,0
1790319722,16,,Aggregated,0.000000,0.000000,N/A,N/A,N/A,N/A,N/A,N/A,N/A,N/A,N/A,N/A,N/A,0,0,0,0.0,0,0,0
1790319723,16,,Aggregated,0.000000,0.000000,N/A,N/A,N/A,N/A,N/A,N/A,N/A,N/A,N/A,N/A,N/A,0,0,0,0.0,0,0,0
1790319724,16,,Aggregated,0.000000,0.000000,N/A,N/A,N/A,N/A,N/A,N/A,N/A,N/A,N/A,N/A,N/A,0,0,0,0.0,0,0,0
1790319725,16,,Aggregated,0.000000,0.000000,N/A,N/A,N/A,N/A,N/A,N/A,N/A,N/A,N/A,N/A,N/A,0,0,0,0.0,0,0,0
1790319726,16,,Aggregated,0.000000,0.000000,N/A,N/A,N/A,N/A,N/A,N/A,N/A,N/A,N/A,N/A,N/A,0,0,0,0.0,0,0,0
1790319727,16,,Aggregated,0.000000,0.000000,N/A,N/A,N/A,N/A,N/A,N/A,N/A,N/A,N/A,N/A,N/A,0,0,0,0.0,0,0,0
1790319728,16,,Aggregated,0.000000,0.000000,N/A,N/A,N/A,N/A,N/A,N/A,N/A,N/A,N/A,N/A,N/A,0,0,0,0.0,0,0,0
1790319729,16,,Aggregated,0.000000,0.000000,N/A,N/A,N/A,N/A,N/A,N/A,N/A,N/A,N/A,N/A,N/A,0,0,0,0.0,0,0,0
1790319730,16,,Aggregated,0.000000,0.000000,N/A,N/A,N/A,N/A,N/A,N/A,N/A,N/A,N/A,N/A,N/A,0,0,0,0.0,0,0,0
1790319731,16,,Aggregated,0.000000,0.000000,N/A,N/A,N/A,N/A,N/A,N/A,N/A,N/A,N/A,N/A,N/A,0,0,0,0.0,0,0,0
1790319732,16,,Aggregated,0.000000,0.000000,N/A,N/A,N/A,N/A,N/A,N/A,N/A,N/A,N/A,N/A,N/A,0,0,0,0.0,0,0,0
1790319733,16,,Aggregated,0.000000,0.000000,N/A,N/A,N/A,N/A,N/A,N/A,N/A,N/A,N/A,N/A,N/A,0,0,0,0.0,0,0,0
1790319734,16,,Aggregated,0.000000,0.000000,N/A,N/A,N/A,N/A,N/A,N/A,N/A,N/A,N/A,N/A,N/A,0,0,0,0.0,0,0,0
1790319735,16,,Aggregated,0.000000,0.000000,N/A,N/A,N/A,N/A,N/A,N/A,N/A,N/A,N/A,N/A,N/A,0,0,0,0.0,0,0,0
1790319736,16,,Aggregated,0.000000,0.000000,N/A,N/A,N/A,N/A,N/A,N/A,N/A,N/A,N/A,N/A,N/A,0,0,0,0.0,0,0,0
1790319737,16,,Aggregated,0.000000,0.000000,N/A,N/A,N/A,N/A,N/A,N/A,N/A,N/A,N/A,N/A,N/A,0,0,0,0.0,0,0,0
1790319738,16,,Aggregated,0.000000,0.000000,N/A,N/A,N/A,N/A,N/A,N/A,N/A,N/A,N/A,N/A,N/A,0,0,0,0.0,0,0,0
1790319739,16,,Aggregated,0.000000,0.000000,N/A,N/A,N/A,N/A,N/A,N/A,N/A,N/A,N/A,N/A,N/A,0,0,0,0.0,0,0,0
1790319740,16,,Aggregated,0.000000,0.000000,N/A,N/A,N/A,N/A,N/A,N/A,N/A,N/A,N/A,N/A,N/A,0,0,0,0.0,0,0,0
1790319741,16,,Aggregated,0.000000,0.000000,N/A,N/A,N/A,N/A,N/A,N/A,N/A,N/A,N/A,N/A,N/A,0,0,0,0.0,0,0,0
1790319742,16,,Aggregated,0.000000,0.000000,N/A,N/A,N/A,N/A,N/A,N/A,N/A,N/A,N/A,N/A,N/A,0,0,0,0.0,0,0,0
1790319743,16,,Aggregated,0.000000,0.000000,N/A,N/A,N/A,N/A,N/A,N/A,N/A,N/A,N/A,N/A,N/A,0,0,0,0.0,0,0,0
1790319744,16,,Aggregated,0.000000,0.000000,N/A,N/A,N/A,N/A,N/A,N/A,N/A,N/A,N/A,N/A,N/A,0,0,0,0.0,0,0,0
1790319745,16,,Aggregated,0.000000,0.000000,N/A,N/A,N/A,N/A,N/A,N/A,N/A,N/A,N/A,N/A,N/A,0,0,0,0.0,0,0,0
1790319746,16,,Aggregated,0.000000,0.000000,N/A,N/A,N/A,N/A,N/A,N/A,N/A,N/A,N/A,N/A,N/A,0,0,0,0.0,0,0,0
1790319747,16,,Aggregated,0.000000,0.000000,N/A,N/A,N/A,N/A,N/A,N/A,N/A,N/A,N/A,N/A,N/A,0,0,0,0.0,0,0,0
1790319748,16,,Aggregated,0.000000,0.000000,N/A,N/A,N/A,N/A,N/A,N/A,N/A,N/A,N/A,N/A,N/A,0,0,0,0.0,0,0,0
1790319749,16,,Aggregated,0.000000,0.000000,N/A,N/A,N/A,N/A,N/A,N/A,N/A,N/A,N/A,N/A,N/A,0,0,0,0.0,0,0,0
1790319750,16,,Aggregated,0.000000,0.000000,N/A,N/A,N/A,N/A,N/A,N/A,N/A,N/A,N/A,N/A,N/A,0,0,0,0.0,0,0,0
1790319751,16,,Aggregated,0.000000,0.000000,N/A,N/A,N/A,N/A,N/A,N/A,N/A,N/A,N/A,N/A,N/A,0,0,0,0.0,0,0,0
1790319752,16,,Aggregated,0.000000,0.000000,N/A,N/A,N/A,N/A,N/A,N/A,N/A,N/A,N/A,N/A,N/A,0,0,0,0.0,0,0,0
1790319753,16,,Aggregated,0.000000,0.000000,N/A,N/A,N/A,N/A,N/A,N/A,N/A,N/A,N/A,N/A,N/A,0,0,0,0.0,0,0,0
1790319754,16,,Aggregated,0.000000,0.000000,N/A,N/A,N/A,N/A,N/A,N/A,N/A,N/A,N/A,N/A,N/A,0,0,0,0.0,0,0,0
1790319755,16,,Aggregated,0.000000,0.000000,N/A,N/A,N/A,N/A,N/A,N/A,N/A,N/A,N/A,N/A,N/A,0,0,0,0.0,0,0,0
1790319756,16,,Aggregated,0.000000,0.000000,N/A,N/A,N/A,N/A,N/A,N/A,N/A,N/A,N/A,N/A,N/A,0,0,0,0.0,0,0,0
1790319757,16,,Aggregated,0.000000,0.000000,N/A,N/A,N/A,N/A,N/A,N/A,N/A,N/A,N/A,N/A,N/A,0,0,0,0.0,0,0,0
1790319758,16,,Aggregated,0.000000,0.000000,N/A,N/A,N/A,N/A,N/A,N/A,N/A,N/A,N/A,N/A,N/A,0,0,0,0.0,0,0,0
1790319759,16,,Aggregated,0.000000,0.000000,N/A,N/A,N/A,N/A,N/A,N/A,N/A,N/A,N/A,N/A,N/A,0,0,0,0.0,0,0,0
1790319761,16,,Aggregated,0.000000,0.000000,N/A,N/A,N/A,N/A,N/A,N/A,N/A,N/A,N/A,N/A,N/A,0,0,0,0.0,0,0,0
1790319762,16,,Aggregated,0.000000,0.000000,N/A,N/A,N/A,N/A,N/A,N/A,N/A,N/A,N/A,N/A,N/A,0,0,0,0.0,0,0,0
1790319763,16,,Aggregated,0.000000,0.000000,N/A,N/A,N/A,N/A,N/A,N/A,N/A,N/A,N/A,N/A,N/A,0,0,0,0.0,0,0,0
1790319764,16,,Aggregated,0.000000,0.000000,N/A,N/A,N/A,N/A,N/A,N/A,N/A,N/A,N/A,N/A,N/A,0,0,0,0.0,0,0,0
1790319765,16,,Aggregated,0.000000,0.000000,N/A,N/A,N/A,N/A,N/A,N/A,N/A,N/A,N/A,N/A,N/A,0,0,0,0.0,0,0,0
1790319766,16,,Aggregated,0.000000,0.000000,N/A,N/A,N/A,N/A,N/A,N/A,N/A,N/A,N/A,N/A,N/A,0,0,0,0.0,0,0,0
1790319767,16,,Aggregated,0.000000,0.000000,N/A,N/A,N/A,N/A,N/A,N/A,N/A,N/A,N/A,N/A,N/A,0,0,0,0.0,0,0,0
1790319768,16,,Aggregated,0.000000,0.000000,N/A,N/A,N/A,N/A,N/A,N/A,N/A,N/A,N/A,N/A,N/A,0,0,0,0.0,0,0,0
1790319769,16,,Aggregated,0.000000,0.000000,N/A,N/A,N/A,N/A,N/A,N/A,N/A,N/A,N/A,N/A,N/A,0,0,0,0.0,0,0,0
1790319770,16,,Aggregated,0.000000,0.000000,N/A,N/A,N/A,N/A,N/A,N/A,N/A,N/A,N/A,N/A,N/A,0,0,0,0.0,0,0,0
1790319771,16,,Aggregated,0.000000,0.000000,N/A,N/A,N/A,N/A,N/A,N/A,N/A,N/A,N/A,N/A,N/A,0,0,0,0.0,0,0,0
1790319772,16,,Aggregated,0.000000,0.000000,N/A,N/A,N/A,N/A,N/A,N/A,N/A,N/A,N/A,N/A,N/A,0,0,0,0.0,0,0,0
1790319773,16,,Aggregated,0.000000,0.000000,N/A,N/A,N/A,N/A,N/A,N/A,N/A,N/A,N/A,N/A,N/A,0,0,0,0.0,0,0,0
1790319774,16,,Aggregated,0.000000,0.000000,N/A,N/A,N/A,N/A,N/A,N/A,N/A,N/A,N/A,N/A,N/A,0,0,0,0.0,0,0,0
1790319775,16,,Aggregated,0.000000,0.000000,N/A,N/A,N/A,N/A,N/A,N/A,N/A,N/A,N/A,N/A,N/A,0,0,0,0.0,0,0,0
1790319776,16,,Aggregated,0.000000,0.000000,N/A,N/A,N/A,N/A,N/A,N/A,N/A,N/A,N/A,N/A,N/A,0,0,0,0.0,0,0,0
1790319777,16,POST,completion,0.000000,0.000000,0,0,0,0,0,0,0,0,0,0,0,1,0,138288.5496369563,138288.5496369563,138288.5496369563,138288.5496369563,128.0
1790319777,16,TPOT,completion,0.000000,0.000000,0,0,0,0,0,0,0,0,0,0,0,1,0,1043.9792052754676,1043.9792052754676,1043.9792052754676,1043.9792052754676,0.0
1790319777,16,TTFT,completion,0.000000,0.000000,0,0,0,0,0,0,0,0,0,0,0,1,0,5702.540090074763,5702.540090074763,5702.540090074763,5702.540090074763,0.0
1790319777,16,,Aggregated,0.000000,0.000000,0,0,0,0,0,0,0,0,0,0,0,3,0,5700,48345.02297743552,1043.9792052754676,138288.5496369563,42.666666666666664
1790319778,16,POST,completion,0.000000,0.000000,138000,138000,138000,138000,138000,138000,138000,138000,138000,138000,138000,1,0,138288.5496369563,138288.5496369563,138288.5496369563,138288.5496369563,128.0
1790319778,16,TPOT,completion,0.000000,0.000000,1000,1000,1000,1000,1000,1000,1000,1000,1000,1000,1000,1,0,1043.9792052754676,1043.9792052754676,1043.9792052754676,1043.9792052754676,0.0
1790319778,16,TTFT,completion,0.000000,0.000000,5700,5700,5700,5700,5700,5700,5700,5700,5700,5700,5700,1,0,5702.540090074763,5702.540090074763,5702.540090074763,5702.540090074763,0.0
1790319778,16,,Aggregated,0.000000,0.000000,0,0,0,0,0,0,0,0,0,0,0,3,0,5700,48345.02297743552,1043.9792052754676,138288.5496369563,42.666666666666664
1790319779,16,POST,completion,0.000000,0.000000,139000,139000,139000,139000,139000,139000,139000,139000,139000,139000,139000,2,0,138606.45084292628,138447.5002399413,138288.5496369563,138606.45084292628,128.0
1790319779,16,TPOT,completion,0.000000,0.000000,1000,1000,1000,1000,1000,1000,1000,1000,1000,1000,1000,2,0,1043.0390391880132,1043.5091222317405,1043.0390391880132,1043.9792052754676,0.0
1790319779,16,TTFT,completion,0.000000,0.000000,6100,6100,6100,6100,6100,6100,6100,6100,6100,6100,6100,2,0,6100,5921.161658596247,5702.540090074763,6139.783227117732,0.0
1790319779,16,,Aggregated,0.000000,0.000000,6100,6100,139000,139000,139000,139000,139000,139000,139000,139000,139000,6,0,6100,48470.72367358976,1043.0390391880132,138606.45084292628,42.666666666666664
1790319780,16,POST,completion,0.000000,0.000000,139000,139000,139000,139000,139000,139000,139000,139000,139000,139000,139000,2,0,138606.45084292628,138447.5002399413,138288.5496369563,138606.45084292628,128.0
1790319780,16,TPOT,completion,0.000000,0.000000,1000,1000,1000,1000,1000,1000,1000,1000,1000,1000,1000,2,0,1043.0390391880132,1043.5091222317405,1043.0390391880132,1043.9792052754676,0.0
1790319780,16,TTFT,completion,0.000000,0.000000,6100,6100,6100,6100,6100,6100,6100,6100,6100,6100,6100,2,0,6100,5921.161658596247,5702.540090074763,6139.783227117732,0.0
1790319780,16,,Aggregated,0.000000,0.000000,6100,6100,139000,139000,139000,139000,139000,139000,139000,139000,139000,6,0,6100,48470.72367358976,1043.0390391880132,138606.45084292628,42.666666666666664
1790319781,16,POST,completion,0.000000,0.000000,139000,139000,139000,139000,139000,139000,139000,139000,139000,139000,139000,2,0,138606.45084292628,138447.5002399413,138288.5496369563,138606.45084292628,128.0
1790319781,16,TPOT,completion,0.000000,0.000000,1000,1000,1000,1000,1000,1000,1000,1000,1000,1000,1000,2,0,1043.0390391880132,1043.5091222317405,1043.0390391880132,1043.9792052754676,0.0
1790319781,16,TTFT,completion,0.000000,0.000000,6100,6100,6100,6100,6100,6100,6100,6100,6100,6100,6100,2,0,6100,5921.161658596247,5702.540090074763,6139.783227117732,0.0
1790319781,16,,Aggregated,0.000000,0.000000,6100,6100,139000,139000,139000,139000,139000,139000,139000,139000,139000,6,0,6100,48470.72367358976,1043.0390391880132,138606.45084292628,42.666666666666664
1790319782,16,POST,completion,0.000000,0.000000,139000,139000,139000,139000,139000,139000,139000,139000,139000,139000,139000,2,0,138606.45084292628,138447.5002399413,138288.5496369563,138606.45084292628,128.0
1790319782,16,TPOT,completion,0.000000,0.000000,1000,1000,1000,1000,1000,1000,1000,1000,1000,1000,1000,2,0,1043.0390391880132,1043.5091222317405,1043.0390391880132,1043.9792052754676,0.0
1790319782,16,TTFT,completion,0.000000,0.000000,6100,6100,6100,6100,6100,6100,6100,6100,6100,6100,6100,2,0,6100,5921.161658596247,5702.540090074763,6139.783227117732,0.0
1790319782,16,,Aggregated,0.000000,0.000000,6100,6100,139000,139000,139000,139000,139000,139000,139000,139000,139000,6,0,6100,48470.72367358976,1043.0390391880132,138606.45084292628,42.666666666666664
1790319783,16,POST,completion,0.000000,0.000000,139000,139000,139000,139000,139000,139000,139000,139000,139000,139000,139000,2,0,138606.45084292628,138447.5002399413,138288.5496369563,138606.45084292628,128.0
1790319783,16,TPOT,completion,0.000000,0.000000,1000,1000,1000,1000,1000,1000,1000,1000,1000,1000,1000,2,0,1043.0390391880132,1043.5091222317405,1043.0390391880132,1043.9792052754676,0.0
1790319783,16,TTFT,completion,0.000000,0.000000,6100,6100,6100,6100,6100,6100,6100,6100,6100,6100,6100,2,0,6100,5921.161658596247,5702.540090074763,6139.783227117732,0.0
1790319783,16,,Aggregated,0.000000,0.000000,6100,6100,139000,139000,139000,139000,139000,139000,139000,139000,139000,6,0,6100,48470.72367358976,1043.0390391880132,138606.45084292628,42.666666666666664
1790319784,16,POST,completion,0.000000,0.000000,139000,139000,139000,139000,139000,139000,139000,139000,139000,139000,139000,2,0,138606.45084292628,138447.5002399413,138288.5496369563,138606.45084292628,128.0
1790319784,16,TPOT,completion,0.000000,0.000000,1000,1000,1000,1000,1000,1000,1000,1000,1000,1000,1000,2,0,1043.0390391880132,1043.5091222317405,1043.0390391880132,1043.9792052754676,0.0
1790319784,16,TTFT,completion,0.000000,0.000000,6100,6100,6100,6100,6100,6100,6100,6100,6100,6100,6100,2,0,6100,5921.161658596247,5702.540090074763,6139.783227117732,0.0
1790319784,16,,Aggregated,0.000000,0.000000,6100,6100,139000,139000,139000,139000,139000,139000,139000,139000,139000,6,0,6100,48470.72367358976,1043.0390391880132,138606.45084292628,42.666666666666664
1790319785,16,POST,completion,0.200000,0.000000,139000,139000,143000,143000,143000,143000,143000,143000,143000,143000,143000,3,0,139000,140113.94633127688,138288.5496369563,143446.83851394802,128.0
1790319785,16,TPOT,completion,0.200000,0.000000,1000,1000,1100,1100,1100,1100,1100,1100,1100,1100,1100,3,0,1043.0390391880132,1055.4052363565372,1043.0390391880132,1079.1974646061306,0.0
1790319785,16,TTFT,completion,0.200000,0.000000,6100,6100,6400,6400,6400,6400,6400,6400,6400,6400,6400,3,0,6100,6076.808719740559,5702.540090074763,6388.102842029184,0.0
1790319785,16,,Aggregated,0.600000,0.000000,6400,6400,139000,139000,143000,143000,143000,143000,143000,143000,143000,9,0,6100,49082.05342912466,1043.0390391880132,143446.83851394802,42.666666666666664
1790319786,16,POST,completion,0.200000,0.000000,139000,139000,143000,143000,143000,143000,143000,143000,143000,143000,143000,3,0,139000,140113.94633127688,138288.5496369563,143446.83851394802,128.0
1790319786,16,TPOT,completion,0.200000,0.000000,1000,1000,1100,1100,1100,1100,1100,1100,1100,1100,1100,3,0,1043.0390391880132,1055.4052363565372,1043.0390391880132,1079.1974646061306,0.0
1790319786,16,TTFT,completion,0.200000,0.000000,6100,6100,6400,6400,6400,6400,6400,6400,6400,6400,6400,3,0,6100,6076.808719740559,5702.540090074763,6388.102842029184,0.0
1790319786,16,,Aggregated,0.600000,0.000000,6400,6400,139000,139000,143000,143000,143000,143000,143000,143000,143000,9,0,6100,49082.05342912466,1043.0390391880132,143446.83851394802,42.666666666666664
1790319787,16,POST,completion,0.200000,0.000000,143000,143000,143000,143000,143000,143000,143000,143000,143000,143000,143000,3,0,139000,140113.94633127688,138288.5496369563,143446.83851394802,128.0
1790319787,16,TPOT,completion,0.200000,0.000000,1100,1100,1100,1100,1100,1100,1100,1100,1100,1100,1100,3,0,1043.0390391880132,1055.4052363565372,1043.0390391880132,1079.1974646061306,0.0
1790319787,16,TTFT,completion,0.200000,0.000000,6400,6400,6400,6400,6400,6400,6400,6400,6400,6400,6400,3,0,6100,6076.808719740559,5702.540090074763,6388.102842029184,0.0
1790319787,16,,Aggregated,0.600000,0.000000,6400,6400,139000,139000,143000,143000,143000,143000,143000,143000,143000,9,0,6100,49082.05342912466,1043.0390391880132,143446.83851394802,42.666666666666664
1790319788,16,POST,completion,0.200000,0.000000,143000,143000,147000,147000,147000,147000,147000,147000,147000,147000,147000,4,0,143000,141954.91267269244,138288.5496369563,147477.81169693917,128.0
1790319788,16,TPOT,completion,0.200000,0.000000,1100,1100,1100,1100,1100,1100,1100,1100,1100,1100,1100,4,0,1100,1069.7805742732264,1043.0390391880132,1112.9065880232938,0.0
1790319788,16,TTFT,completion,0.200000,0.000000,6100,6100,6400,6400,6400,6400,6400,6400,6400,6400,6400,4,0,6100,6092.117797059473,5702.540090074763,6388.102842029184,0.0
1790319788,16,,Aggregated,0.600000,0.000000,6100,6400,139000,143000,147000,147000,147000,147000,147000,147000,147000,12,0,6100,49705.603681341716,1043.0390391880132,147477.81169693917,42.666666666666664
1790319789,16,POST,completion,0.200000,0.000000,143000,143000,147000,147000,147000,147000,147000,147000,147000,147000,147000,4,0,143000,141954.91267269244,138288.5496369563,147477.81169693917,128.0
1790319789,16,TPOT,completion,0.200000,0.000000,1100,1100,1100,1100,1100,1100,1100,1100,1100,1100,1100,4,0,1100,1069.7805742732264,1043.0390391880132,1112.9065880232938,0.0
1790319789,16,TTFT,completion,0.200000,0.000000,6100,6100,6400,6400,6400,6400,6400,6400,6400,6400,6400,4,0,6100,6092.117797059473,5702.540090074763,6388.102842029184,0.0
1790319789,16,,Aggregated,0.600000,0.000000,6100,6400,139000,143000,147000,147000,147000,147000,147000,147000,147000,12,0,6100,49705.603681341716,1043.0390391880132,147477.81169693917,42.666666666666664
1790319790,16,POST,completion,0.200000,0.000000,143000,143000,147000,147000,147000,147000,147000,147000,147000,147000,147000,4,0,143000,141954.91267269244,138288.5496369563,147477.81169693917,128.0
1790319790,16,TPOT,completion,0.200000,0.000000,1100,1100,1100,1100,1100,1100,1100,1100,1100,1100,1100,4,0,1100,1069.7805742732264,1043.0390391880132,1112.9065880232938,0.0
1790319790,16,TTFT,completion,0.200000,0.000000,6100,6100,6400,6400,6400,6400,6400,6400,6400,6400,6400,4,0,6100,6092.117797059473,5702.540090074763,6388.102842029184,0.0
1790319790,16,,Aggregated,0.600000,0.000000,6100,6400,139000,143000,147000,147000,147000,147000,147000,147000,147000,12,0,6100,49705.603681341716,1043.0390391880132,147477.81169693917,42.666666666666664
1790319791,16,POST,completion,0.200000,0.000000,147000,147000,147000,147000,147000,147000,147000,147000,147000,147000,147000,4,0,143000,141954.91267269244,138288.5496369563,147477.81169693917,128.0
1790319791,16,TPOT,completion,0.200000,0.000000,1100,1100,1100,1100,1100,1100,1100,1100,1100,1100,1100,4,0,1100,1069.7805742732264,1043.0390391880132,1112.9065880232938,0.0
1790319791,16,TTFT,completion,0.200000,0.000000,6400,6400,6400,6400,6400,6400,6400,6400,6400,6400,6400,4,0,6100,6092.117797059473,5702.540090074763,6388.102842029184,0.0
1790319791,16,,Aggregated,0.600000,0.000000,6400,6400,143000,143000,147000,147000,147000,147000,147000,147000,147000,12,0,6100,49705.603681341716,1043.0390391880132,147477.81169693917,42.666666666666664
1790319792,16,POST,completion,0.200000,0.000000,147000,147000,147000,147000,147000,147000,147000,147000,147000,147000,147000,4,0,143000,141954.91267269244,138288.5496369563,147477.81169693917,128.0
1790319792,16,TPOT,completion,0.200000,0.000000,1100,1100,1100,1100,1100,1100,1100,1100,1100,1100,1100,4,0,1100,1069.7805742732264,1043.0390391880132,1112.9065880232938,0.0
1790319792,16,TTFT,completion,0.200000,0.000000,6400,6400,6400,6400,6400,6400,6400,6400,6400,6400,6400,4,0,6100,6092.117797059473,5702.540090074763,6388.102842029184,0.0
1790319792,16,,Aggregated,0.600000,0.000000,6400,6400,143000,143000,147000,147000,147000,147000,147000,147000,147000,12,0,6100,49705.603681341716,1043.0390391880132,147477.81169693917,42.666666666666664
1790319793,16,POST,completion,0.200000,0.000000,145000,145000,147000,147000,147000,147000,147000,147000,147000,147000,147000,5,0,143000,142649.86257296987,138288.5496369563,147477.81169693917,128.0
1790319793,16,TPOT,completion,0.200000,0.000000,1100,1100,1100,1100,1100,1100,1100,1100,1100,1100,1100,5,0,1100,1074.0865691557644,1043.0390391880132,1112.9065880232938,0.0
1790319793,16,TTFT,completion,0.200000,0.000000,6400,6400,6800,6800,6800,6800,6800,6800,6800,6800,6800,5,0,6100,6240.20600663498,5702.540090074763,6832.558844937012,0.0
1790319793,16,,Aggregated,0.600000,0.000000,6400,6800,143000,145000,147000,147000,147000,147000,147000,147000,147000,15,0,6100,49988.05171625354,1043.0390391880132,147477.81169693917,42.666666666666664
1790319794,16,POST,completion,0.200000,0.000000,145000,145000,147000,147000,147000,147000,147000,147000,147000,147000,147000,6,0,143000,142384.6439024977,138288.5496369563,147477.81169693917,128.0
1790319794,16,TPOT,completion,0.200000,0.000000,1100,1100,1100,1100,1100,1100,1100,1100,1100,1100,1100,6,0,1100,1068.846369937082,1042.645373843669,1112.9065880232938,0.0
1790319794,16,TTFT,completion,0.200000,0.000000,6800,6800,8600,8600,8600,8600,8600,8600,8600,8600,8600,6,0,6400,6640.50005201716,5702.540090074763,8641.970278928056,0.0
1790319794,16,,Aggregated,0.600000,0.000000,6800,8600,143000,143000,145000,147000,147000,147000,147000,147000,147000,18,0,6400,50031.33010815064,1042.645373843669,147477.81169693917,42.666666666666664
1790319795,16,POST,completion,0.200000,0.000000,145000,145000,147000,147000,147000,147000,147000,147000,147000,147000,147000,6,0,143000,142384.6439024977,138288.5496369563,147477.81169693917,128.0
1790319795,16,TPOT,completion,0.200000,0.000000,1100,1100,1100,1100,1100,1100,1100,1100,1100,1100,1100,6,0,1100,1068.846369937082,1042.645373843669,1112.9065880232938,0.0
1790319795,16,TTFT,completion,0.200000,0.000000,6800,6800,8600,8600,8600,8600,8600,8600,8600,8600,8600,6,0,6400,6640.50005201716,5702.540090074763,8641.970278928056,0.0
1790319795,16,,Aggregated,0.600000,0.000000,6800,8600,143000,143000,145000,147000,147000,147000,147000,147000,147000,18,0,6400,50031.33010815064,1042.645373843669,147477.81169693917,42.666666666666664
1790319796,16,POST,completion,0.200000,0.000000,145000,145000,147000,147000,147000,147000,147000,147000,147000,147000,147000,6,0,143000,142384.6439024977,138288.5496369563,147477.81169693917,128.0
1790319796,16,TPOT,completion,0.200000,0.000000,1100,1100,1100,1100,1100,1100,1100,1100,1100,1100,1100,6,0,1100,1068.846369937082,1042.645373843669,1112.9065880232938,0.0
1790319796,16,TTFT,completion,0.200000,0.000000,6800,6800,8600,8600,8600,8600,8600,8600,8600,8600,8600,6,0,6400,6640.50005201716,5702.540090074763,8641.970278928056,0.0
1790319796,16,,Aggregated,0.600000,0.000000,6800,8600,141000,145000,147000,147000,147000,147000,147000,147000,147000,18,0,6400,50031.33010815064,1042.645373843669,147477.81169693917,42.666666666666664
1790319797,16,POST,completion,0.400000,0.000000,145000,145000,145000,147000,147000,147000,147000,147000,147000,147000,147000,8,0,145000,143044.30527435034,138288.5496369563,147477.81169693917,128.0
1790319797,16,TPOT,completion,0.400000,0.000000,1100,1100,1100,1100,1100,1100,1100,1100,1100,1100,1100,8,0,1100,1073.270351660583,1042.645373843669,1112.9065880232938,0.0
1790319797,16,TTFT,completion,0.400000,0.000000,6800,7300,7300,8600,8600,8600,8600,8600,8600,8600,8600,8,0,6800,6738.307832740247,5702.540090074763,8641.970278928056,0.0
1790319797,16,,Aggregated,1.200000,0.000000,6800,8600,145000,145000,145000,147000,147000,147000,147000,147000,147000,24,0,6800,50285.29448625039,1042.645373843669,147477.81169693917,42.666666666666664
1790319798,16,POST,completion,0.400000,0.000000,145000,145000,145000,145000,147000,147000,147000,147000,147000,147000,147000,9,0,143000,142540.74825920784,138288.5496369563,147477.81169693917,128.0
1790319798,16,TPOT,completion,0.400000,0.000000,1100,1100,1100,1100,1100,1100,1100,1100,1100,1100,1100,9,0,1100,1068.3665015074334,1029.1357002822374,1112.9065880232938,0.0
1790319798,16,TTFT,completion,0.400000,0.000000,7300,7300,7800,7800,8600,8600,8600,8600,8600,8600,8600,9,0,6800,6857.539132340915,5702.540090074763,8641.970278928056,0.0
1790319798,16,,Aggregated,1.200000,0.000000,7300,8600,141000,145000,145000,147000,147000,147000,147000,147000,147000,27,0,6800,50155.5512976854,1029.1357002822374,147477.81169693917,42.666666666666664
1790319799,16,POST,completion,0.400000,0.000000,145000,145000,145000,145000,147000,147000,147000,147000,147000,147000,147000,9,0,143000,142540.74825920784,138288.5496369563,147477.81169693917,128.0
1790319799,16,TPOT,completion,0.400000,0.000000,1100,1100,1100,1100,1100,1100,1100,1100,1100,1100,1100,9,0,1100,1068.3665015074334,1029.1357002822374,1112.9065880232938,0.0
1790319799,16,TTFT,completion,0.400000,0.000000,7300,7300,7800,7800,8600,8600,8600,8600,8600,8600,8600,9,0,6800,6857.539132340915,5702.540090074763,8641.970278928056,0.0
1790319799,16,,Aggregated,1.200000,0.000000,7300,8600,141000,145000,145000,147000,147000,147000,147000,147000,147000,27,0,6800,50155.5512976854,1029.1357002822374,147477.81169693917,42.666666666666664
1790319800,16,POST,completion,0.400000,0.000000,145000,145000,145000,145000,145000,145000,145000,145000,145000,145000,145000,9,0,143000,142540.74825920784,138288.5496369563,147477.81169693917,128.0
1790319800,16,TPOT,completion,0.400000,0.000000,1100,1100,1100,1100,1100,1100,1100,1100,1100,1100,1100,9,0,1100,1068.3665015074334,1029.1357002822374,1112.9065880232938,0.0
1790319800,16,TTFT,completion,0.400000,0.000000,7300,7800,7800,8600,8600,8600,8600,8600,8600,8600,8600,9,0,6800,6857.539132340915,5702.540090074763,8641.970278928056,0.0
1790319800,16,,Aggregated,1.200000,0.000000,7300,8600,141000,145000,145000,145000,145000,145000,145000,145000,145000,27,0,6800,50155.5512976854,1029.1357002822374,147477.81169693917,42.666666666666664
1790319801,16,POST,completion,0.400000,0.000000,145000,145000,145000,145000,145000,145000,145000,145000,145000,145000,145000,9,0,143000,142540.74825920784,138288.5496369563,147477.81169693917,128.0
1790319801,16,TPOT,completion,0.400000,0.000000,1100,1100,1100,1100,1100,1100,1100,1100,1100,1100,1100,9,0,1100,1068.3665015074334,1029.1357002822374,1112.9065880232938,0.0
1790319801,16,TTFT,completion,0.400000,0.000000,7300,7800,7800,8600,8600,8600,8600,8600,8600,8600,8600,9,0,6800,6857.539132340915,5702.540090074763,8641.970278928056,0.0
1790319801,16,,Aggregated,1.200000,0.000000,7300,8600,141000,145000,145000,145000,145000,145000,145000,145000,145000,27,0,6800,50155.5512976854,1029.1357002822374,147477.81169693917,42.666666666666664
1790319802,16,POST,completion,0.500000,0.000000,145000,145000,146000,146000,152000,152000,152000,152000,152000,152000,152000,11,0,145000,143745.21218468857,138288.5496369563,152221.45277285017,128.0
1790319802,16,TPOT,completion,0.500000,0.000000,1100,1100,1100,1100,1100,1100,1100,1100,1100,1100,1100,11,0,1100,1077.4847629140736,1029.1357002822374,1143.1714957011643,0.0
1790319802,16,TTFT,completion,0.500000,0.000000,7200,7300,7800,7800,8600,8600,8600,8600,8600,8600,8600,11,0,6800,6903.985302090983,5702.540090074763,8641.970278928056,0.0
1790319802,16,,Aggregated,1.500000,0.000000,7200,8600,141000,145000,145000,146000,152000,152000,152000,152000,152000,33,0,6800,50575.56074989788,1029.1357002822374,152221.45277285017,42.666666666666664
1790319803,16,POST,completion,0.500000,0.000000,145000,145000,146000,146000,152000,152000,152000,152000,152000,152000,152000,11,0,145000,143745.21218468857,138288.5496369563,152221.45277285017,128.0
1790319803,16,TPOT,completion,0.500000,0.000000,1100,1100,1100,1100,1100,1100,1100,1100,1100,1100,1100,11,0,1100,1077.4847629140736,1029.1357002822374,1143.1714957011643,0.0
1790319803,16,TTFT,completion,0.500000,0.000000,7200,7300,7800,7800,8600,8600,8600,8600,8600,8600,8600,11,0,6800,6903.985302090983,5702.540090074763,8641.970278928056,0.0
1790319803,16,,Aggregated,1.500000,0.000000,7200,8600,141000,145000,145000,146000,152000,152000,152000,152000,152000,33,0,6800,50575.56074989788,1029.1357002822374,152221.45277285017,42.666666666666664
1790319804,16,POST,completion,0.700000,0.000000,146000,146000,146000,146000,152000,152000,152000,152000,152000,152000,152000,12,0,145000,143923.26626796662,138288.5496369563,152221.45277285017,128.0
1790319804,16,TPOT,completion,0.700000,0.000000,1100,1100,1100,1100,1100,1100,1100,1100,1100,1100,1100,12,0,1100,1078.7001064887793,1029.1357002822374,1143.1714957011643,0.0
1790319804,16,TTFT,completion,0.700000,0.000000,7200,7200,7300,7300,7800,7800,7800,7800,7800,7800,7800,12,0,7000,6927.685952163301,5702.540090074763,8641.970278928056,0.0
1790319804,16,,Aggregated,2.100000,0.000000,7200,7800,145000,145000,146000,152000,152000,152000,152000,152000,152000,36,0,7000,50643.21744220624,1029.1357002822374,152221.45277285017,42.666666666666664
1790319805,16,POST,completion,0.700000,0.000000,146000,146000,146000,146000,152000,152000,152000,152000,152000,152000,152000,12,0,145000,143923.26626796662,138288.5496369563,152221.45277285017,128.0
1790319805,16,TPOT,completion,0.700000,0.000000,1100,1100,1100,1100,1100,1100,1100,1100,1100,1100,1100,12,0,1100,1078.7001064887793,1029.1357002822374,1143.1714957011643,0.0
1790319805,16,TTFT,completion,0.700000,0.000000,7200,7200,7300,7300,7800,7800,7800,7800,7800,7800,7800,12,0,7000,6927.685952163301,5702.540090074763,8641.970278928056,0.0
1790319805,16,,Aggregated,2.100000,0.000000,7200,7800,145000,145000,146000,152000,152000,152000,152000,152000,152000,36,0,7000,50643.21744220624,1029.1357002822374,152221.45277285017,42.666666666666664
1790319806,16,POST,completion,0.700000,0.000000,146000,146000,146000,152000,152000,152000,152000,152000,152000,152000,152000,12,0,145000,143923.26626796662,138288.5496369563,152221.45277285017,128.0
1790319806,16,TPOT,completion,0.700000,0.000000,1100,1100,1100,1100,1100,1100,1100,1100,1100,1100,1100,12,0,1100,1078.7001064887793,1029.1357002822374,1143.1714957011643,0.0
1790319806,16,TTFT,completion,0.700000,0.000000,7200,7200,7200,7800,7800,7800,7800,7800,7800,7800,7800,12,0,7000,6927.685952163301,5702.540090074763,8641.970278928056,0.0
1790319806,16,,Aggregated,2.100000,0.000000,7200,7800,145000,146000,146000,152000,152000,152000,152000,152000,152000,36,0,7000,50643.21744220624,1029.1357002822374,152221.45277285017,42.666666666666664
1790319807,16,POST,completion,0.700000,0.000000,146000,146000,146000,152000,152000,152000,152000,152000,152000,152000,152000,12,0,145000,143923.26626796662,138288.5496369563,152221.45277285017,128.0
1790319807,16,TPOT,completion,0.700000,0.000000,1100,1100,1100,1100,1100,1100,1100,1100,1100,1100,1100,12,0,1100,1078.7001064887793,1029.1357002822374,1143.1714957011643,0.0
1790319807,16,TTFT,completion,0.700000,0.000000,7200,7200,7200,7800,7800,7800,7800,7800,7800,7800,7800,12,0,7000,6927.685952163301,5702.540090074763,8641.970278928056,0.0
1790319807,16,,Aggregated,2.100000,0.000000,7200,7800,145000,146000,146000,152000,152000,152000,152000,152000,152000,36,0,7000,50643.21744220624,1029.1357002822374,152221.45277285017,42.666666666666664
1790319808,16,POST,completion,0.600000,0.000000,146000,146000,146000,146000,152000,152000,152000,152000,152000,152000,152000,13,0,145000,144043.26096759178,138288.5496369563,152221.45277285017,128.0
1790319808,16,TPOT,completion,0.600000,0.000000,1100,1100,1100,1100,1100,1100,1100,1100,1100,1100,1100,13,0,1100,1079.3447953785378,1029.1357002822374,1143.1714957011643,0.0
1790319808,16,TTFT,completion,0.600000,0.000000,7200,7200,7400,7400,7800,7800,7800,7800,7800,7800,7800,13,0,7000,6965.805180621548,5702.540090074763,8641.970278928056,0.0
1790319808,16,,Aggregated,1.800000,0.000000,7200,7800,145000,145000,146000,152000,152000,152000,152000,152000,152000,39,0,7000,50696.13698119728,1029.1357002822374,152221.45277285017,42.666666666666664
1790319809,16,POST,completion,0.600000,0.000000,146000,146000,152000,152000,152000,152000,152000,152000,152000,152000,152000,13,0,145000,144043.26096759178,138288.5496369563,152221.45277285017,128.0
1790319809,16,TPOT,completion,0.600000,0.000000,1100,1100,1100,1100,1100,1100,1100,1100,1100,1100,1100,13,0,1100,1079.3447953785378,1029.1357002822374,1143.1714957011643,0.0
1790319809,16,TTFT,completion,0.600000,0.000000,7200,7200,7400,7400,7400,7400,7400,7400,7400,7400,7400,13,0,7000,6965.805180621548,5702.540090074763,8641.970278928056,0.0
1790319809,16,,Aggregated,1.800000,0.000000,7200,7400,146000,146000,146000,152000,152000,152000,152000,152000,152000,39,0,7000,50696.13698119728,1029.1357002822374,152221.45277285017,42.666666666666664
1790319810,16,POST,completion,0.600000,0.000000,146000,146000,152000,152000,152000,152000,152000,152000,152000,152000,152000,13,0,145000,144043.26096759178,138288.5496369563,152221.45277285017,128.0
1790319810,16,TPOT,completion,0.600000,0.000000,1100,1100,1100,1100,1100,1100,1100,1100,1100,1100,1100,13,0,1100,1079.3447953785378,1029.1357002822374,1143.1714957011643,0.0
1790319810,16,TTFT,completion,0.600000,0.000000,7200,7200,7400,7400,7400,7400,7400,7400,7400,7400,7400,13,0,7000,6965.805180621548,5702.540090074763,8641.970278928056,0.0
1790319810,16,,Aggregated,1.800000,0.000000,7200,7400,146000,146000,146000,152000,152000,152000,152000,152000,152000,39,0,7000,50696.13698119728,1029.1357002822374,152221.45277285017,42.666666666666664
1790319811,16,POST,completion,0.400000,0.000000,146000,146000,146000,152000,152000,152000,152000,152000,152000,152000,152000,14,0,145000,144039.0529991959,138288.5496369563,152221.45277285017,128.0
1790319811,16,TPOT,completion,0.400000,0.000000,1100,1100,1100,1100,1100,1100,1100,1100,1100,1100,1100,14,0,1100,1078.8191360500311,1029.1357002822374,1143.1714957011643,0.0
1790319811,16,TTFT,completion,0.400000,0.000000,7200,7400,7400,7800,7800,7800,7800,7800,7800,7800,7800,14,0,7200,7028.355266948763,5702.540090074763,8641.970278928056,0.0
1790319811,16,,Aggregated,1.200000,0.000000,7200,7800,145000,146000,146000,152000,152000,152000,152000,152000,152000,42,0,7200,50715.4091340649,1029.1357002822374,152221.45277285017,42.666666666666664
1790319812,16,POST,completion,0.400000,0.000000,145000,145000,146000,146000,146000,146000,146000,146000,146000,146000,146000,14,0,145000,144039.0529991959,138288.5496369563,152221.45277285017,128.0
1790319812,16,TPOT,completion,0.400000,0.000000,1100,1100,1100,1100,1100,1100,1100,1100,1100,1100,1100,14,0,1100,1078.8191360500311,1029.1357002822374,1143.1714957011643,0.0
1790319812,16,TTFT,completion,0.400000,0.000000,7400,7400,7800,7800,7800,7800,7800,7800,7800,7800,7800,14,0,7200,7028.355266948763,5702.540090074763,8641.970278928056,0.0
1790319812,16,,Aggregated,1.200000,0.000000,7400,7800,144000,145000,146000,146000,146000,146000,146000,146000,146000,42,0,7200,50715.4091340649,1029.1357002822374,152221.45277285017,42.666666666666664
1790319813,16,POST,completion,0.400000,0.000000,145000,145000,146000,146000,146000,146000,146000,146000,146000,146000,146000,14,0,145000,144039.0529991959,138288.5496369563,152221.45277285017,128.0
1790319813,16,TPOT,completion,0.400000,0.000000,1100,1100,1100,1100,1100,1100,1100,1100,1100,1100,1100,14,0,1100,1078.8191360500311,1029.1357002822374,1143.1714957011643,0.0
1790319813,16,TTFT,completion,0.400000,0.000000,7400,7400,7800,7800,7800,7800,7800,7800,7800,7800,7800,14,0,7200,7028.355266948763,5702.540090074763,8641.970278928056,0.0
1790319813,16,,Aggregated,1.200000,0.000000,7400,7800,144000,145000,146000,146000,146000,146000,146000,146000,146000,42,0,7200,50715.4091340649,1029.1357002822374,152221.45277285017,42.666666666666664
1790319814,16,POST,completion,0.400000,0.000000,145000,145000,146000,146000,146000,146000,146000,146000,146000,146000,146000,14,0,145000,144039.0529991959,138288.5496369563,152221.45277285017,128.0
1790319814,16,TPOT,completion,0.400000,0.000000,1100,1100,1100,1100,1100,1100,1100,1100,1100,1100,1100,14,0,1100,1078.8191360500311,1029.1357002822374,1143.1714957011643,0.0
1790319814,16,TTFT,completion,0.400000,0.000000,7400,7400,7800,7800,7800,7800,7800,7800,7800,7800,7800,14,0,7200,7028.355266948763,5702.540090074763,8641.970278928056,0.0
1790319814,16,,Aggregated,1.200000,0.000000,7400,7800,144000,145000,146000,146000,146000,146000,146000,146000,146000,42,0,7200,50715.4091340649,1029.1357002822374,152221.45277285017,42.666666666666664
1790319815,16,POST,completion,0.400000,0.000000,145000,145000,145000,145000,145000,145000,145000,145000,145000,145000,145000,14,0,145000,144039.0529991959,138288.5496369563,152221.45277285017,128.0
1790319815,16,TPOT,completion,0.400000,0.000000,1100,1100,1100,1100,1100,1100,1100,1100,1100,1100,1100,14,0,1100,1078.8191360500311,1029.1357002822374,1143.1714957011643,0.0
1790319815,16,TTFT,completion,0.400000,0.000000,7800,7800,7800,7800,7800,7800,7800,7800,7800,7800,7800,14,0,7200,7028.355266948763,5702.540090074763,8641.970278928056,0.0
1790319815,16,,Aggregated,1.200000,0.000000,7800,7800,144000,144000,145000,145000,145000,145000,145000,145000,145000,42,0,7200,50715.4091340649,1029.1357002822374,152221.45277285017,42.666666666666664
1790319816,16,POST,completion,0.300000,0.000000,144000,144000,145000,145000,145000,145000,145000,145000,145000,145000,145000,15,0,145000,143787.29731504185,138288.5496369563,152221.45277285017,128.0
1790319816,16,TPOT,completion,0.300000,0.000000,1100,1100,1100,1100,1100,1100,1100,1100,1100,1100,1100,15,0,1100,1076.4890331748063,1029.1357002822374,1143.1714957011643,0.0
1790319816,16,TTFT,completion,0.300000,0.000000,7700,7700,7800,7800,7800,7800,7800,7800,7800,7800,7800,15,0,7200,7072.53537834622,5702.540090074763,8641.970278928056,0.0
1790319816,16,,Aggregated,0.900000,0.000000,7700,7800,140000,144000,145000,145000,145000,145000,145000,145000,145000,45,0,7200,50645.44057552095,1029.1357002822374,152221.45277285017,42.666666666666664
1790319817,16,POST,completion,0.300000,0.000000,144000,144000,145000,145000,145000,145000,145000,145000,145000,145000,145000,15,0,145000,143787.29731504185,138288.5496369563,152221.45277285017,128.0
1790319817,16,TPOT,completion,0.300000,0.000000,1100,1100,1100,1100,1100,1100,1100,1100,1100,1100,1100,15,0,1100,1076.4890331748063,1029.1357002822374,1143.1714957011643,0.0
1790319817,16,TTFT,completion,0.300000,0.000000,7700,7700,7800,7800,7800,7800,7800,7800,7800,7800,7800,15,0,7200,7072.53537834622,5702.540090074763,8641.970278928056,0.0
1790319817,16,,Aggregated,0.900000,0.000000,7700,7800,140000,144000,145000,145000,145000,145000,145000,145000,145000,45,0,7200,50645.44057552095,1029.1357002822374,152221.45277285017,42.666666666666664
1790319818,16,POST,completion,0.300000,0.000000,144000,144000,145000,145000,145000,145000,145000,145000,145000,145000,145000,15,0,145000,143787.29731504185,138288.5496369563,152221.45277285017,128.0
1790319818,16,TPOT,completion,0.300000,0.000000,1100,1100,1100,1100,1100,1100,1100,1100,1100,1100,1100,15,0,1100,1076.4890331748063,1029.1357002822374,1143.1714957011643,0.0
1790319818,16,TTFT,completion,0.300000,0.000000,7700,7700,7800,7800,7800,7800,7800,7800,7800,7800,7800,15,0,7200,7072.53537834622,5702.540090074763,8641.970278928056,0.0
1790319818,16,,Aggregated,0.900000,0.000000,7700,7800,140000,144000,145000,145000,145000,145000,145000,145000,145000,45,0,7200,50645.44057552095,1029.1357002822374,152221.45277285017,42.666666666666664
1790319819,16,POST,completion,0.300000,0.000000,144000,144000,144000,144000,144000,144000,144000,144000,144000,144000,144000,15,0,145000,143787.29731504185,138288.5496369563,152221.45277285017,128.0
1790319819,16,TPOT,completion,0.300000,0.000000,1100,1100,1100,1100,1100,1100,1100,1100,1100,1100,1100,15,0,1100,1076.4890331748063,1029.1357002822374,1143.1714957011643,0.0
1790319819,16,TTFT,completion,0.300000,0.000000,7800,7800,7800,7800,7800,7800,7800,7800,7800,7800,7800,15,0,7200,7072.53537834622,5702.540090074763,8641.970278928056,0.0
1790319819,16,,Aggregated,0.900000,0.000000,7800,7800,140000,140000,144000,144000,144000,144000,144000,144000,144000,45,0,7200,50645.44057552095,1029.1357002822374,152221.45277285017,42.666666666666664
1790319820,16,POST,completion,0.300000,0.000000,144000,144000,144000,144000,144000,144000,144000,144000,144000,144000,144000,15,0,145000,143787.29731504185,138288.5496369563,152221.45277285017,128.0
1790319820,16,TPOT,completion,0.300000,0.000000,1100,1100,1100,1100,1100,1100,1100,1100,1100,1100,1100,15,0,1100,1076.4890331748063,1029.1357002822374,1143.1714957011643,0.0
1790319820,16,TTFT,completion,0.300000,0.000000,7800,7800,7800,7800,7800,7800,7800,7800,7800,7800,7800,15,0,7200,7072.53537834622,5702.540090074763,8641.970278928056,0.0
1790319820,16,,Aggregated,0.900000,0.000000,7800,7800,140000,140000,144000,144000,144000,144000,144000,144000,144000,45,0,7200,50645.44057552095,1029.1357002822374,152221.45277285017,42.666666666666664
1790319821,16,POST,completion,0.300000,0.000000,144000,144000,144000,144000,144000,144000,144000,144000,144000,144000,144000,15,0,145000,143787.29731504185,138288.5496369563,152221.45277285017,128.0
1790319821,16,TPOT,completion,0.300000,0.000000,1100,1100,1100,1100,1100,1100,1100,1100,1100,1100,1100,15,0,1100,1076.4890331748063,1029.1357002822374,1143.1714957011643,0.0
1790319821,16,TTFT,completion,0.300000,0.000000,7800,7800,7800,7800,7800,7800,7800,7800,7800,7800,7800,15,0,7200,7072.53537834622,5702.540090074763,8641.970278928056,0.0
1790319821,16,,Aggregated,0.900000,0.000000,7800,7800,140000,140000,144000,144000,144000,144000,144000,144000,144000,45,0,7200,50645.44057552095,1029.1357002822374,152221.45277285017,42.666666666666664
1790319822,16,POST,completion,0.300000,0.000000,144000,144000,144000,144000,144000,144000,144000,144000,144000,144000,144000,15,0,145000,143787.29731504185,138288.5496369563,152221.45277285017,128.0
1790319822,16,TPOT,completion,0.300000,0.000000,1100,1100,1100,1100,1100,1100,1100,1100,1100,1100,1100,15,0,1100,1076.4890331748063,1029.1357002822374,1143.1714957011643,0.0
1790319822,16,TTFT,completion,0.300000,0.000000,7800,7800,7800,7800,7800,7800,7800,7800,7800,7800,7800,15,0,7200,7072.53537834622,5702.540090074763,8641.970278928056,0.0
1790319822,16,,Aggregated,0.900000,0.000000,7800,7800,140000,140000,144000,144000,144000,144000,144000,144000,144000,45,0,7200,50645.44057552095,1029.1357002822374,152221.45277285017,42.666666666666664
1790319823,16,POST,completion,0.300000,0.000000,140000,140000,140000,140000,140000,140000,140000,140000,140000,140000,140000,15,0,145000,143787.29731504185,138288.5496369563,152221.45277285017,128.0
1790319823,16,TPOT,completion,0.300000,0.000000,1000,1000,1000,1000,1000,1000,1000,1000,1000,1000,1000,15,0,1100,1076.4890331748063,1029.1357002822374,1143.1714957011643,0.0
1790319823,16,TTFT,completion,0.300000,0.000000,7700,7700,7700,7700,7700,7700,7700,7700,7700,7700,7700,15,0,7200,7072.53537834622,5702.540090074763,8641.970278928056,0.0
1790319823,16,,Aggregated,0.900000,0.000000,7700,7700,140000,140000,140000,140000,140000,140000,140000,140000,140000,45,0,7200,50645.44057552095,1029.1357002822374,152221.45277285017,42.666666666666664
1790319824,16,POST,completion,0.300000,0.000000,140000,140000,140000,140000,140000,140000,140000,140000,140000,140000,140000,15,0,145000,143787.29731504185,138288.5496369563,152221.45277285017,128.0
1790319824,16,TPOT,completion,0.300000,0.000000,1000,1000,1000,1000,1000,1000,1000,1000,1000,1000,1000,15,0,1100,1076.4890331748063,1029.1357002822374,1143.1714957011643,0.0
1790319824,16,TTFT,completion,0.300000,0.000000,7700,7700,7700,7700,7700,7700,7700,7700,7700,7700,7700,15,0,7200,7072.53537834622,5702.540090074763,8641.970278928056,0.0
1790319824,16,,Aggregated,0.900000,0.000000,7700,7700,140000,140000,140000,140000,140000,140000,140000,140000,140000,45,0,7200,50645.44057552095,1029.1357002822374,152221.45277285017,42.666666666666664
1790319825,16,POST,completion,0.100000,0.000000,153000,153000,153000,153000,153000,153000,153000,153000,153000,153000,153000,16,0,145000,144341.19978216768,138288.5496369563,152649.73678905517,128.0
1790319825,16,TPOT,completion,0.100000,0.000000,1100,1100,1100,1100,1100,1100,1100,1100,1100,1100,1100,16,0,1100,1080.5485279586462,1029.1357002822374,1143.1714957011643,0.0
1790319825,16,TTFT,completion,0.100000,0.000000,7700,7700,7700,7700,7700,7700,7700,7700,7700,7700,7700,16,0,7200,7110.88064982323,5702.540090074763,8641.970278928056,0.0
1790319825,16,,Aggregated,0.300000,0.000000,7700,7700,140000,140000,153000,153000,153000,153000,153000,153000,153000,48,0,7200,50844.20965331651,1029.1357002822374,152649.73678905517,42.666666666666664
1790319826,16,POST,completion,0.100000,0.000000,153000,153000,153000,153000,153000,153000,153000,153000,153000,153000,153000,16,0,145000,144341.19978216768,138288.5496369563,152649.73678905517,128.0
1790319826,16,TPOT,completion,0.100000,0.000000,1100,1100,1100,1100,1100,1100,1100,1100,1100,1100,1100,16,0,1100,1080.5485279586462,1029.1357002822374,1143.1714957011643,0.0
1790319826,16,TTFT,completion,0.100000,0.000000,7700,7700,7700,7700,7700,7700,7700,7700,7700,7700,7700,16,0,7200,7110.88064982323,5702.540090074763,8641.970278928056,0.0
1790319826,16,,Aggregated,0.300000,0.000000,7700,7700,140000,140000,153000,153000,153000,153000,153000,153000,153000,48,0,7200,50844.20965331651,1029.1357002822374,152649.73678905517,42.666666666666664
1790319827,16,POST,completion,0.100000,0.000000,153000,153000,153000,153000,153000,153000,153000,153000,153000,153000,153000,16,0,145000,144341.19978216768,138288.5496369563,152649.73678905517,128.0
1790319827,16,TPOT,completion,0.100000,0.000000,1100,1100,1100,1100,1100,1100,1100,1100,1100,1100,1100,16,0,1100,1080.5485279586462,1029.1357002822374,1143.1714957011643,0.0
1790319827,16,TTFT,completion,0.100000,0.000000,7700,7700,7700,7700,7700,7700,7700,7700,7700,7700,7700,16,0,7200,7110.88064982323,5702.540090074763,8641.970278928056,0.0
1790319827,16,,Aggregated,0.300000,0.000000,7700,7700,140000,140000,153000,153000,153000,153000,153000,153000,153000,48,0,7200,50844.20965331651,1029.1357002822374,152649.73678905517,42.666666666666664
1790319828,16,POST,completion,0.100000,0.000000,153000,153000,153000,153000,153000,153000,153000,153000,153000,153000,153000,16,0,145000,144341.19978216768,138288.5496369563,152649.73678905517,128.0
1790319828,16,TPOT,completion,0.100000,0.000000,1100,1100,1100,1100,1100,1100,1100,1100,1100,1100,1100,16,0,1100,1080.5485279586462,1029.1357002822374,1143.1714957011643,0.0
1790319828,16,TTFT,completion,0.100000,0.000000,7700,7700,7700,7700,7700,7700,7700,7700,7700,7700,7700,16,0,7200,7110.88064982323,5702.540090074763,8641.970278928056,0.0
1790319828,16,,Aggregated,0.300000,0.000000,7700,7700,140000,140000,153000,153000,153000,153000,153000,153000,153000,48,0,7200,50844.20965331651,1029.1357002822374,152649.73678905517,42.666666666666664
1790319829,16,POST,completion,0.100000,0.000000,153000,153000,153000,153000,153000,153000,153000,153000,153000,153000,153000,16,0,145000,144341.19978216768,138288.5496369563,152649.73678905517,128.0
1790319829,16,TPOT,completion,0.100000,0.000000,1100,1100,1100,1100,1100,1100,1100,1100,1100,1100,1100,16,0,1100,1080.5485279586462,1029.1357002822374,1143.1714957011643,0.0
1790319829,16,TTFT,completion,0.100000,0.000000,7700,7700,7700,7700,7700,7700,7700,7700,7700,7700,7700,16,0,7200,7110.88064982323,5702.540090074763,8641.970278928056,0.0
1790319829,16,,Aggregated,0.300000,0.000000,7700,7700,153000,153000,153000,153000,153000,153000,153000,153000,153000,48,0,7200,50844.20965331651,1029.1357002822374,152649.73678905517,42.666666666666664
1790319830,16,POST,completion,0.100000,0.000000,153000,153000,153000,153000,153000,153000,153000,153000,153000,153000,153000,16,0,145000,144341.19978216768,138288.5496369563,152649.73678905517,128.0
1790319830,16,TPOT,completion,0.100000,0.000000,1100,1100,1100,1100,1100,1100,1100,1100,1100,1100,1100,16,0,1100,1080.5485279586462,1029.1357002822374,1143.1714957011643,0.0
1790319830,16,TTFT,completion,0.100000,0.000000,7700,7700,7700,7700,7700,7700,7700,7700,7700,7700,7700,16,0,7200,7110.88064982323,5702.540090074763,8641.970278928056,0.0
1790319830,16,,Aggregated,0.300000,0.000000,7700,7700,153000,153000,153000,153000,153000,153000,153000,153000,153000,48,0,7200,50844.20965331651,1029.1357002822374,152649.73678905517,42.666666666666664
1790319831,16,POST,completion,0.100000,0.000000,153000,153000,153000,153000,153000,153000,153000,153000,153000,153000,153000,16,0,145000,144341.19978216768,138288.5496369563,152649.73678905517,128.0
1790319831,16,TPOT,completion,0.100000,0.000000,1100,1100,1100,1100,1100,1100,1100,1100,1100,1100,1100,16,0,1100,1080.5485279586462,1029.1357002822374,1143.1714957011643,0.0
1790319831,16,TTFT,completion,0.100000,0.000000,7700,7700,7700,7700,7700,7700,7700,7700,7700,7700,7700,16,0,7200,7110.88064982323,5702.540090074763,8641.970278928056,0.0
1790319831,16,,Aggregated,0.300000,0.000000,7700,7700,153000,153000,153000,153000,153000,153000,153000,153000,153000,48,0,7200,50844.20965331651,1029.1357002822374,152649.73678905517,42.666666666666664
1790319832,16,POST,completion,0.100000,0.000000,153000,153000,153000,153000,153000,153000,153000,153000,153000,153000,153000,16,0,145000,144341.19978216768,138288.5496369563,152649.73678905517,128.0
1790319832,16,TPOT,completion,0.100000,0.000000,1100,1100,1100,1100,1100,1100,1100,1100,1100,1100,1100,16,0,1100,1080.5485279586462,1029.1357002822374,1143.1714957011643,0.0
1790319832,16,TTFT,completion,0.100000,0.000000,7700,7700,7700,7700,7700,7700,7700,7700,7700,7700,7700,16,0,7200,7110.88064982323,5702.540090074763,8641.970278928056,0.0
1790319832,16,,Aggregated,0.300000,0.000000,7700,7700,153000,153000,153000,153000,153000,153000,153000,153000,153000,48,0,7200,50844.20965331651,1029.1357002822374,152649.73678905517,42.666666666666664
1790319833,16,POST,completion,0.100000,0.000000,153000,153000,153000,153000,153000,153000,153000,153000,153000,153000,153000,16,0,145000,144341.19978216768,138288.5496369563,152649.73678905517,128.0
1790319833,16,TPOT,completion,0.100000,0.000000,1100,1100,1100,1100,1100,1100,1100,1100,1100,1100,1100,16,0,1100,1080.5485279586462,1029.1357002822374,1143.1714957011643,0.0
1790319833,16,TTFT,completion,0.100000,0.000000,7700,7700,7700,7700,7700,7700,7700,7700,7700,7700,7700,16,0,7200,7110.88064982323,5702.540090074763,8641.970278928056,0.0
1790319833,16,,Aggregated,0.300000,0.000000,7700,7700,153000,153000,153000,153000,153000,153000,153000,153000,153000,48,0,7200,50844.20965331651,1029.1357002822374,152649.73678905517,42.666666666666664
1790319834,16,POST,completion,0.100000,0.000000,153000,153000,153000,153000,153000,153000,153000,153000,153000,153000,153000,16,0,145000,144341.19978216768,138288.5496369563,152649.73678905517,128.0
1790319834,16,TPOT,completion,0.100000,0.000000,1100,1100,1100,1100,1100,1100,1100,1100,1100,1100,1100,16,0,1100,1080.5485279586462,1029.1357002822374,1143.1714957011643,0.0
1790319834,16,TTFT,completion,0.100000,0.000000,7700,7700,7700,7700,7700,7700,7700,7700,7700,7700,7700,16,0,7200,7110.88064982323,5702.540090074763,8641.970278928056,0.0
1790319834,16,,Aggregated,0.300000,0.000000,7700,7700,153000,153000,153000,153000,153000,153000,153000,153000,153000,48,0,7200,50844.20965331651,1029.1357002822374,152649.73678905517,42.666666666666664
1790319835,16,POST,completion,0.100000,0.000000,153000,153000,153000,153000,153000,153000,153000,153000,153000,153000,153000,16,0,145000,144341.19978216768,138288.5496369563,152649.73678905517,128.0
1790319835,16,TPOT,completion,0.100000,0.000000,1100,1100,1100,1100,1100,1100,1100,1100,1100,1100,1100,16,0,1100,1080.5485279586462,1029.1357002822374,1143.1714957011643,0.0
1790319835,16,TTFT,completion,0.100000,0.000000,7700,7700,7700,7700,7700,7700,7700,7700,7700,7700,7700,16,0,7200,7110.88064982323,5702.540090074763,8641.970278928056,0.0
1790319835,16,,Aggregated,0.300000,0.000000,7700,7700,153000,153000,153000,153000,153000,153000,153000,153000,153000,48,0,7200,50844.20965331651,1029.1357002822374,152649.73678905517,42.666666666666664
1790319836,16,POST,completion,0.100000,0.000000,153000,153000,153000,153000,153000,153000,153000,153000,153000,153000,153000,16,0,145000,144341.19978216768,138288.5496369563,152649.73678905517,128.0
1790319836,16,TPOT,completion,0.100000,0.000000,1100,1100,1100,1100,1100,1100,1100,1100,1100,1100,1100,16,0,1100,1080.5485279586462,1029.1357002822374,1143.1714957011643,0.0
1790319836,16,TTFT,completion,0.100000,0.000000,7700,7700,7700,7700,7700,7700,7700,7700,7700,7700,7700,16,0,7200,7110.88064982323,5702.540090074763,8641.970278928056,0.0
1790319836,16,,Aggregated,0.300000,0.000000,7700,7700,153000,153000,153000,153000,153000,153000,153000,153000,153000,48,0,7200,50844.20965331651,1029.1357002822374,152649.73678905517,42.666666666666664
1790319837,16,POST,completion,0.100000,0.000000,153000,153000,153000,153000,153000,153000,153000,153000,153000,153000,153000,16,0,145000,144341.19978216768,138288.5496369563,152649.73678905517,128.0
1790319837,16,TPOT,completion,0.100000,0.000000,1100,1100,1100,1100,1100,1100,1100,1100,1100,1100,1100,16,0,1100,1080.5485279586462,1029.1357002822374,1143.1714957011643,0.0
1790319837,16,TTFT,completion,0.100000,0.000000,7700,7700,7700,7700,7700,7700,7700,7700,7700,7700,7700,16,0,7200,7110.88064982323,5702.540090074763,8641.970278928056,0.0
1790319837,16,,Aggregated,0.300000,0.000000,7700,7700,153000,153000,153000,153000,153000,153000,153000,153000,153000,48,0,7200,50844.20965331651,1029.1357002822374,152649.73678905517,42.666666666666664
1790319838,16,POST,completion,0.100000,0.000000,153000,153000,153000,153000,153000,153000,153000,153000,153000,153000,153000,16,0,145000,144341.19978216768,138288.5496369563,152649.73678905517,128.0
1790319838,16,TPOT,completion,0.100000,0.000000,1100,1100,1100,1100,1100,1100,1100,1100,1100,1100,1100,16,0,1100,1080.5485279586462,1029.1357002822374,1143.1714957011643,0.0
1790319838,16,TTFT,completion,0.100000,0.000000,7700,7700,7700,7700,7700,7700,7700,7700,7700,7700,7700,16,0,7200,7110.88064982323,5702.540090074763,8641.970278928056,0.0
1790319838,16,,Aggregated,0.300000,0.000000,7700,7700,153000,153000,153000,153000,153000,153000,153000,153000,153000,48,0,7200,50844.20965331651,1029.1357002822374,152649.73678905517,42.666666666666664
1790319839,16,POST,completion,0.100000,0.000000,153000,153000,153000,153000,153000,153000,153000,153000,153000,153000,153000,16,0,145000,144341.19978216768,138288.5496369563,152649.73678905517,128.0
1790319839,16,TPOT,completion,0.100000,0.000000,1100,1100,1100,1100,1100,1100,1100,1100,1100,1100,1100,16,0,1100,1080.5485279586462,1029.1357002822374,1143.1714957011643,0.0
1790319839,16,TTFT,completion,0.100000,0.000000,7700,7700,7700,7700,7700,7700,7700,7700,7700,7700,7700,16,0,7200,7110.88064982323,5702.540090074763,8641.970278928056,0.0
1790319839,16,,Aggregated,0.300000,0.000000,7700,7700,153000,153000,153000,153000,153000,153000,153000,153000,153000,48,0,7200,50844.20965331651,1029.1357002822374,152649.73678905517,42.666666666666664
1790319840,16,POST,completion,0.100000,0.000000,153000,153000,153000,153000,153000,153000,153000,153000,153000,153000,153000,16,0,145000,144341.19978216768,138288.5496369563,152649.73678905517,128.0
1790319840,16,TPOT,completion,0.100000,0.000000,1100,1100,1100,1100,1100,1100,1100,1100,1100,1100,1100,16,0,1100,1080.5485279586462,1029.1357002822374,1143.1714957011643,0.0
1790319840,16,TTFT,completion,0.100000,0.000000,7700,7700,7700,7700,7700,7700,7700,7700,7700,7700,7700,16,0,7200,7110.88064982323,5702.540090074763,8641.970278928056,0.0
1790319840,16,,Aggregated,0.300000,0.000000,7700,7700,153000,153000,153000,153000,153000,153000,153000,153000,153000,48,0,7200,50844.20965331651,1029.1357002822374,152649.73678905517,42.666666666666664
1790319841,16,POST,completion,0.100000,0.000000,153000,153000,153000,153000,153000,153000,153000,153000,153000,153000,153000,16,0,145000,144341.19978216768,138288.5496369563,152649.73678905517,128.0
1790319841,16,TPOT,completion,0.100000,0.000000,1100,1100,1100,1100,1100,1100,1100,1100,1100,1100,1100,16,0,1100,1080.5485279586462,1029.1357002822374,1143.1714957011643,0.0
1790319841,16,TTFT,completion,0.100000,0.000000,7700,7700,7700,7700,7700,7700,7700,7700,7700,7700,7700,16,0,7200,7110.88064982323,5702.540090074763,8641.970278928056,0.0
1790319841,16,,Aggregated,0.300000,0.000000,7700,7700,153000,153000,153000,153000,153000,153000,153000,153000,153000,48,0,7200,50844.20965331651,1029.1357002822374,152649.73678905517,42.666666666666664
1790319842,16,POST,completion,0.100000,0.000000,0,0,0,0,0,0,0,0,0,0,0,16,0,145000,144341.19978216768,138288.5496369563,152649.73678905517,128.0
1790319842,16,TPOT,completion,0.100000,0.000000,0,0,0,0,0,0,0,0,0,0,0,16,0,1100,1080.5485279586462,1029.1357002822374,1143.1714957011643,0.0
1790319842,16,TTFT,completion,0.100000,0.000000,0,0,0,0,0,0,0,0,0,0,0,16,0,7200,7110.88064982323,5702.540090074763,8641.970278928056,0.0
1790319842,16,,Aggregated,0.300000,0.000000,0,0,0,0,0,0,0,0,0,0,0,48,0,7200,50844.20965331651,1029.1357002822374,152649.73678905517,42.666666666666664
1790319843,16,POST,completion,0.100000,0.000000,0,0,0,0,0,0,0,0,0,0,0,16,0,145000,144341.19978216768,138288.5496369563,152649.73678905517,128.0
1790319843,16,TPOT,completion,0.100000,0.000000,0,0,0,0,0,0,0,0,0,0,0,16,0,1100,1080.5485279586462,1029.1357002822374,1143.1714957011643,0.0
1790319843,16,TTFT,completion,0.100000,0.000000,0,0,0,0,0,0,0,0,0,0,0,16,0,7200,7110.88064982323,5702.540090074763,8641.970278928056,0.0
1790319843,16,,Aggregated,0.300000,0.000000,0,0,0,0,0,0,0,0,0,0,0,48,0,7200,50844.20965331651,1029.1357002822374,152649.73678905517,42.666666666666664
1790319844,16,POST,completion,0.100000,0.000000,0,0,0,0,0,0,0,0,0,0,0,16,0,145000,144341.19978216768,138288.5496369563,152649.73678905517,128.0
1790319844,16,TPOT,completion,0.100000,0.000000,0,0,0,0,0,0,0,0,0,0,0,16,0,1100,1080.5485279586462,1029.1357002822374,1143.1714957011643,0.0
1790319844,16,TTFT,completion,0.100000,0.000000,0,0,0,0,0,0,0,0,0,0,0,16,0,7200,7110.88064982323,5702.540090074763,8641.970278928056,0.0
1790319844,16,,Aggregated,0.300000,0.000000,0,0,0,0,0,0,0,0,0,0,0,48,0,7200,50844.20965331651,1029.1357002822374,152649.73678905517,42.666666666666664
1790319845,16,POST,completion,0.100000,0.000000,0,0,0,0,0,0,0,0,0,0,0,16,0,145000,144341.19978216768,138288.5496369563,152649.73678905517,128.0
1790319845,16,TPOT,completion,0.100000,0.000000,0,0,0,0,0,0,0,0,0,0,0,16,0,1100,1080.5485279586462,1029.1357002822374,1143.1714957011643,0.0
1790319845,16,TTFT,completion,0.100000,0.000000,0,0,0,0,0,0,0,0,0,0,0,16,0,7200,7110.88064982323,5702.540090074763,8641.970278928056,0.0
1790319845,16,,Aggregated,0.300000,0.000000,0,0,0,0,0,0,0,0,0,0,0,48,0,7200,50844.20965331651,1029.1357002822374,152649.73678905517,42.666666666666664
1790319846,16,POST,completion,0.100000,0.000000,0,0,0,0,0,0,0,0,0,0,0,16,0,145000,144341.19978216768,138288.5496369563,152649.73678905517,128.0
1790319846,16,TPOT,completion,0.100000,0.000000,0,0,0,0,0,0,0,0,0,0,0,16,0,1100,1080.5485279586462,1029.1357002822374,1143.1714957011643,0.0
1790319846,16,TTFT,completion,0.100000,0.000000,0,0,0,0,0,0,0,0,0,0,0,16,0,7200,7110.88064982323,5702.540090074763,8641.970278928056,0.0
1790319846,16,,Aggregated,0.300000,0.000000,0,0,0,0,0,0,0,0,0,0,0,48,0,7200,50844.20965331651,1029.1357002822374,152649.73678905517,42.666666666666664
1790319847,16,POST,completion,0.100000,0.000000,0,0,0,0,0,0,0,0,0,0,0,16,0,145000,144341.19978216768,138288.5496369563,152649.73678905517,128.0
1790319847,16,TPOT,completion,0.100000,0.000000,0,0,0,0,0,0,0,0,0,0,0,16,0,1100,1080.5485279586462,1029.1357002822374,1143.1714957011643,0.0
1790319847,16,TTFT,completion,0.100000,0.000000,0,0,0,0,0,0,0,0,0,0,0,16,0,7200,7110.88064982323,5702.540090074763,8641.970278928056,0.0
1790319847,16,,Aggregated,0.300000,0.000000,0,0,0,0,0,0,0,0,0,0,0,48,0,7200,50844.20965331651,1029.1357002822374,152649.73678905517,42.666666666666664
1790319848,16,POST,completion,0.100000,0.000000,0,0,0,0,0,0,0,0,0,0,0,16,0,145000,144341.19978216768,138288.5496369563,152649.73678905517,128.0
1790319848,16,TPOT,completion,0.100000,0.000000,0,0,0,0,0,0,0,0,0,0,0,16,0,1100,1080.5485279586462,1029.1357002822374,1143.1714957011643,0.0
1790319848,16,TTFT,completion,0.100000,0.000000,0,0,0,0,0,0,0,0,0,0,0,16,0,7200,7110.88064982323,5702.540090074763,8641.970278928056,0.0
1790319848,16,,Aggregated,0.300000,0.000000,0,0,0,0,0,0,0,0,0,0,0,48,0,7200,50844.20965331651,1029.1357002822374,152649.73678905517,42.666666666666664
1790319849,16,POST,completion,0.100000,0.000000,0,0,0,0,0,0,0,0,0,0,0,16,0,145000,144341.19978216768,138288.5496369563,152649.73678905517,128.0
1790319849,16,TPOT,completion,0.100000,0.000000,0,0,0,0,0,0,0,0,0,0,0,16,0,1100,1080.5485279586462,1029.1357002822374,1143.1714957011643,0.0
1790319849,16,TTFT,completion,0.100000,0.000000,0,0,0,0,0,0,0,0,0,0,0,16,0,7200,7110.88064982323,5702.540090074763,8641.970278928056,0.0
1790319849,16,,Aggregated,0.300000,0.000000,0,0,0,0,0,0,0,0,0,0,0,48,0,7200,50844.20965331651,1029.1357002822374,152649.73678905517,42.666666666666664
1790319850,16,POST,completion,0.100000,0.000000,0,0,0,0,0,0,0,0,0,0,0,16,0,145000,144341.19978216768,138288.5496369563,152649.73678905517,128.0
1790319850,16,TPOT,completion,0.100000,0.000000,0,0,0,0,0,0,0,0,0,0,0,16,0,1100,1080.5485279586462,1029.1357002822374,1143.1714957011643,0.0
1790319850,16,TTFT,completion,0.100000,0.000000,0,0,0,0,0,0,0,0,0,0,0,16,0,7200,7110.88064982323,5702.540090074763,8641.970278928056,0.0
1790319850,16,,Aggregated,0.300000,0.000000,0,0,0,0,0,0,0,0,0,0,0,48,0,7200,50844.20965331651,1029.1357002822374,152649.73678905517,42.666666666666664
1790319851,16,POST,completion,0.100000,0.000000,0,0,0,0,0,0,0,0,0,0,0,16,0,145000,144341.19978216768,138288.5496369563,152649.73678905517,128.0
1790319851,16,TPOT,completion,0.100000,0.000000,0,0,0,0,0,0,0,0,0,0,0,16,0,1100,1080.5485279586462,1029.1357002822374,1143.1714957011643,0.0
1790319851,16,TTFT,completion,0.100000,0.000000,0,0,0,0,0,0,0,0,0,0,0,16,0,7200,7110.88064982323,5702.540090074763,8641.970278928056,0.0
1790319851,16,,Aggregated,0.300000,0.000000,0,0,0,0,0,0,0,0,0,0,0,48,0,7200,50844.20965331651,1029.1357002822374,152649.73678905517,42.666666666666664
1790319852,16,POST,completion,0.100000,0.000000,0,0,0,0,0,0,0,0,0,0,0,16,0,145000,144341.19978216768,138288.5496369563,152649.73678905517,128.0
1790319852,16,TPOT,completion,0.100000,0.000000,0,0,0,0,0,0,0,0,0,0,0,16,0,1100,1080.5485279586462,1029.1357002822374,1143.1714957011643,0.0
1790319852,16,TTFT,completion,0.100000,0.000000,0,0,0,0,0,0,0,0,0,0,0,16,0,7200,7110.88064982323,5702.540090074763,8641.970278928056,0.0
1790319852,16,,Aggregated,0.300000,0.000000,0,0,0,0,0,0,0,0,0,0,0,48,0,7200,50844.20965331651,1029.1357002822374,152649.73678905517,42.666666666666664
1790319853,16,POST,completion,0.100000,0.000000,0,0,0,0,0,0,0,0,0,0,0,16,0,145000,144341.19978216768,138288.5496369563,152649.73678905517,128.0
1790319853,16,TPOT,completion,0.100000,0.000000,0,0,0,0,0,0,0,0,0,0,0,16,0,1100,1080.5485279586462,1029.1357002822374,1143.1714957011643,0.0
1790319853,16,TTFT,completion,0.100000,0.000000,0,0,0,0,0,0,0,0,0,0,0,16,0,7200,7110.88064982323,5702.540090074763,8641.970278928056,0.0
1790319853,16,,Aggregated,0.300000,0.000000,0,0,0,0,0,0,0,0,0,0,0,48,0,7200,50844.20965331651,1029.1357002822374,152649.73678905517,42.666666666666664
1790319854,16,POST,completion,0.100000,0.000000,0,0,0,0,0,0,0,0,0,0,0,16,0,145000,144341.19978216768,138288.5496369563,152649.73678905517,128.0
1790319854,16,TPOT,completion,0.100000,0.000000,0,0,0,0,0,0,0,0,0,0,0,16,0,1100,1080.5485279586462,1029.1357002822374,1143.1714957011643,0.0
1790319854,16,TTFT,completion,0.100000,0.000000,0,0,0,0,0,0,0,0,0,0,0,16,0,7200,7110.88064982323,5702.540090074763,8641.970278928056,0.0
1790319854,16,,Aggregated,0.300000,0.000000,0,0,0,0,0,0,0,0,0,0,0,48,0,7200,50844.20965331651,1029.1357002822374,152649.73678905517,42.666666666666664
1790319855,16,POST,completion,0.100000,0.000000,0,0,0,0,0,0,0,0,0,0,0,16,0,145000,144341.19978216768,138288.5496369563,152649.73678905517,128.0
1790319855,16,TPOT,completion,0.100000,0.000000,0,0,0,0,0,0,0,0,0,0,0,16,0,1100,1080.5485279586462,1029.1357002822374,1143.1714957011643,0.0
1790319855,16,TTFT,completion,0.100000,0.000000,0,0,0,0,0,0,0,0,0,0,0,16,0,7200,7110.88064982323,5702.540090074763,8641.970278928056,0.0
1790319855,16,,Aggregated,0.300000,0.000000,0,0,0,0,0,0,0,0,0,0,0,48,0,7200,50844.20965331651,1029.1357002822374,152649.73678905517,42.666666666666664
1790319856,16,POST,completion,0.100000,0.000000,0,0,0,0,0,0,0,0,0,0,0,16,0,145000,144341.19978216768,138288.5496369563,152649.73678905517,128.0
1790319856,16,TPOT,completion,0.100000,0.000000,0,0,0,0,0,0,0,0,0,0,0,16,0,1100,1080.5485279586462,1029.1357002822374,1143.1714957011643,0.0
1790319856,16,TTFT,completion,0.100000,0.000000,0,0,0,0,0,0,0,0,0,0,0,16,0,7200,7110.88064982323,5702.540090074763,8641.970278928056,0.0
1790319856,16,,Aggregated,0.300000,0.000000,0,0,0,0,0,0,0,0,0,0,0,48,0,7200,50844.20965331651,1029.1357002822374,152649.73678905517,42.666666666666664
1790319857,16,POST,completion,0.100000,0.000000,0,0,0,0,0,0,0,0,0,0,0,16,0,145000,144341.19978216768,138288.5496369563,152649.73678905517,128.0
1790319857,16,TPOT,completion,0.100000,0.000000,0,0,0,0,0,0,0,0,0,0,0,16,0,1100,1080.5485279586462,1029.1357002822374,1143.1714957011643,0.0
1790319857,16,TTFT,completion,0.100000,0.000000,0,0,0,0,0,0,0,0,0,0,0,16,0,7200,7110.88064982323,5702.540090074763,8641.970278928056,0.0
1790319857,16,,Aggregated,0.300000,0.000000,0,0,0,0,0,0,0,0,0,0,0,48,0,7200,50844.20965331651,1029.1357002822374,152649.73678905517,42.666666666666664
1790319858,16,POST,completion,0.100000,0.000000,0,0,0,0,0,0,0,0,0,0,0,16,0,145000,144341.19978216768,138288.5496369563,152649.73678905517,128.0
1790319858,16,TPOT,completion,0.100000,0.000000,0,0,0,0,0,0,0,0,0,0,0,16,0,1100,1080.5485279586462,1029.1357002822374,1143.1714957011643,0.0
1790319858,16,TTFT,completion,0.100000,0.000000,0,0,0,0,0,0,0,0,0,0,0,16,0,7200,7110.88064982323,5702.540090074763,8641.970278928056,0.0
1790319858,16,,Aggregated,0.300000,0.000000,0,0,0,0,0,0,0,0,0,0,0,48,0,7200,50844.20965331651,1029.1357002822374,152649.73678905517,42.666666666666664
1790319859,16,POST,completion,0.100000,0.000000,0,0,0,0,0,0,0,0,0,0,0,16,0,145000,144341.19978216768,138288.5496369563,152649.73678905517,128.0
1790319859,16,TPOT,completion,0.100000,0.000000,0,0,0,0,0,0,0,0,0,0,0,16,0,1100,1080.5485279586462,1029.1357002822374,1143.1714957011643,0.0
1790319859,16,TTFT,completion,0.100000,0.000000,0,0,0,0,0,0,0,0,0,0,0,16,0,7200,7110.88064982323,5702.540090074763,8641.970278928056,0.0
1790319859,16,,Aggregated,0.300000,0.000000,0,0,0,0,0,0,0,0,0,0,0,48,0,7200,50844.20965331651,1029.1357002822374,152649.73678905517,42.666666666666664
1790319860,16,POST,completion,0.100000,0.000000,0,0,0,0,0,0,0,0,0,0,0,16,0,145000,144341.19978216768,138288.5496369563,152649.73678905517,128.0
1790319860,16,TPOT,completion,0.100000,0.000000,0,0,0,0,0,0,0,0,0,0,0,16,0,1100,1080.5485279586462,1029.1357002822374,1143.1714957011643,0.0
1790319860,16,TTFT,completion,0.100000,0.000000,0,0,0,0,0,0,0,0,0,0,0,16,0,7200,7110.88064982323,5702.540090074763,8641.970278928056,0.0
1790319860,16,,Aggregated,0.300000,0.000000,0,0,0,0,0,0,0,0,0,0,0,48,0,7200,50844.20965331651,1029.1357002822374,152649.73678905517,42.666666666666664
1790319861,16,POST,completion,0.100000,0.000000,0,0,0,0,0,0,0,0,0,0,0,16,0,145000,144341.19978216768,138288.5496369563,152649.73678905517,128.0
1790319861,16,TPOT,completion,0.100000,0.000000,0,0,0,0,0,0,0,0,0,0,0,16,0,1100,1080.5485279586462,1029.1357002822374,1143.1714957011643,0.0
1790319861,16,TTFT,completion,0.100000,0.000000,0,0,0,0,0,0,0,0,0,0,0,16,0,7200,7110.88064982323,5702.540090074763,8641.970278928056,0.0
1790319861,16,,Aggregated,0.300000,0.000000,0,0,0,0,0,0,0,0,0,0,0,48,0,7200,50844.20965331651,1029.1357002822374,152649.73678905517,42.666666666666664
1790319862,16,POST,completion,0.100000,0.000000,0,0,0,0,0,0,0,0,0,0,0,16,0,145000,144341.19978216768,138288.5496369563,152649.73678905517,128.0
1790319862,16,TPOT,completion,0.100000,0.000000,0,0,0,0,0,0,0,0,0,0,0,16,0,1100,1080.5485279586462,1029.1357002822374,1143.1714957011643,0.0
1790319862,16,TTFT,completion,0.100000,0.000000,0,0,0,0,0,0,0,0,0,0,0,16,0,7200,7110.88064982323,5702.540090074763,8641.970278928056,0.0
1790319862,16,,Aggregated,0.300000,0.000000,0,0,0,0,0,0,0,0,0,0,0,48,0,7200,50844.20965331651,1029.1357002822374,152649.73678905517,42.666666666666664
1790319863,16,POST,completion,0.100000,0.000000,0,0,0,0,0,0,0,0,0,0,0,16,0,145000,144341.19978216768,138288.5496369563,152649.73678905517,128.0
1790319863,16,TPOT,completion,0.100000,0.000000,0,0,0,0,0,0,0,0,0,0,0,16,0,1100,1080.5485279586462,1029.1357002822374,1143.1714957011643,0.0
1790319863,16,TTFT,completion,0.100000,0.000000,0,0,0,0,0,0,0,0,0,0,0,16,0,7200,7110.88064982323,5702.540090074763,8641.970278928056,0.0
1790319863,16,,Aggregated,0.300000,0.000000,0,0,0,0,0,0,0,0,0,0,0,48,0,7200,50844.20965331651,1029.1357002822374,152649.73678905517,42.666666666666664
1790319865,16,POST,completion,0.100000,0.000000,0,0,0,0,0,0,0,0,0,0,0,16,0,145000,144341.19978216768,138288.5496369563,152649.73678905517,128.0
1790319865,16,TPOT,completion,0.100000,0.000000,0,0,0,0,0,0,0,0,0,0,0,16,0,1100,1080.5485279586462,1029.1357002822374,1143.1714957011643,0.0
1790319865,16,TTFT,completion,0.100000,0.000000,0,0,0,0,0,0,0,0,0,0,0,16,0,7200,7110.88064982323,5702.540090074763,8641.970278928056,0.0
1790319865,16,,Aggregated,0.300000,0.000000,0,0,0,0,0,0,0,0,0,0,0,48,0,7200,50844.20965331651,1029.1357002822374,152649.73678905517,42.666666666666664
1790319866,16,POST,completion,0.100000,0.000000,0,0,0,0,0,0,0,0,0,0,0,16,0,145000,144341.19978216768,138288.5496369563,152649.73678905517,128.0
1790319866,16,TPOT,completion,0.100000,0.000000,0,0,0,0,0,0,0,0,0,0,0,16,0,1100,1080.5485279586462,1029.1357002822374,1143.1714957011643,0.0
1790319866,16,TTFT,completion,0.100000,0.000000,0,0,0,0,0,0,0,0,0,0,0,16,0,7200,7110.88064982323,5702.540090074763,8641.970278928056,0.0
1790319866,16,,Aggregated,0.300000,0.000000,0,0,0,0,0,0,0,0,0,0,0,48,0,7200,50844.20965331651,1029.1357002822374,152649.73678905517,42.666666666666664
1790319867,16,POST,completion,0.100000,0.000000,0,0,0,0,0,0,0,0,0,0,0,16,0,145000,144341.19978216768,138288.5496369563,152649.73678905517,128.0
1790319867,16,TPOT,completion,0.100000,0.000000,0,0,0,0,0,0,0,0,0,0,0,16,0,1100,1080.5485279586462,1029.1357002822374,1143.1714957011643,0.0
1790319867,16,TTFT,completion,0.100000,0.000000,0,0,0,0,0,0,0,0,0,0,0,16,0,7200,7110.88064982323,5702.540090074763,8641.970278928056,0.0
1790319867,16,,Aggregated,0.300000,0.000000,0,0,0,0,0,0,0,0,0,0,0,48,0,7200,50844.20965331651,1029.1357002822374,152649.73678905517,42.666666666666664
1790319868,16,POST,completion,0.100000,0.000000,0,0,0,0,0,0,0,0,0,0,0,16,0,145000,144341.19978216768,138288.5496369563,152649.73678905517,128.0
1790319868,16,TPOT,completion,0.100000,0.000000,0,0,0,0,0,0,0,0,0,0,0,16,0,1100,1080.5485279586462,1029.1357002822374,1143.1714957011643,0.0
1790319868,16,TTFT,completion,0.100000,0.000000,0,0,0,0,0,0,0,0,0,0,0,16,0,7200,7110.88064982323,5702.540090074763,8641.970278928056,0.0
1790319868,16,,Aggregated,0.300000,0.000000,0,0,0,0,0,0,0,0,0,0,0,48,0,7200,50844.20965331651,1029.1357002822374,152649.73678905517,42.666666666666664
1790319869,16,POST,completion,0.100000,0.000000,0,0,0,0,0,0,0,0,0,0,0,16,0,145000,144341.19978216768,138288.5496369563,152649.73678905517,128.0
1790319869,16,TPOT,completion,0.100000,0.000000,0,0,0,0,0,0,0,0,0,0,0,16,0,1100,1080.5485279586462,1029.1357002822374,1143.1714957011643,0.0
1790319869,16,TTFT,completion,0.100000,0.000000,0,0,0,0,0,0,0,0,0,0,0,16,0,7200,7110.88064982323,5702.540090074763,8641.970278928056,0.0
1790319869,16,,Aggregated,0.300000,0.000000,0,0,0,0,0,0,0,0,0,0,0,48,0,7200,50844.20965331651,1029.1357002822374,152649.73678905517,42.666666666666664
1790319870,16,POST,completion,0.100000,0.000000,0,0,0,0,0,0,0,0,0,0,0,16,0,145000,144341.19978216768,138288.5496369563,152649.73678905517,128.0
1790319870,16,TPOT,completion,0.100000,0.000000,0,0,0,0,0,0,0,0,0,0,0,16,0,1100,1080.5485279586462,1029.1357002822374,1143.1714957011643,0.0
1790319870,16,TTFT,completion,0.100000,0.000000,0,0,0,0,0,0,0,0,0,0,0,16,0,7200,7110.88064982323,5702.540090074763,8641.970278928056,0.0
1790319870,16,,Aggregated,0.300000,0.000000,0,0,0,0,0,0,0,0,0,0,0,48,0,7200,50844.20965331651,1029.1357002822374,152649.73678905517,42.666666666666664
1790319871,16,POST,completion,0.000000,0.000000,94000,94000,94000,94000,94000,94000,94000,94000,94000,94000,94000,17,0,145000,141376.49115568082,93941.15313189104,152649.73678905517,128.0
1790319871,16,TPOT,completion,0.000000,0.000000,670,670,670,670,670,670,670,670,670,670,670,17,0,1100,1056.6920390981973,674.9882173310144,1143.1714957011643,0.0
1790319871,16,TTFT,completion,0.000000,0.000000,8200,8200,8200,8200,8200,8200,8200,8200,8200,8200,8200,17,0,7200,7175.9458957103025,5702.540090074763,8641.970278928056,0.0
1790319871,16,,Aggregated,0.000000,0.000000,8200,8200,94000,94000,94000,94000,94000,94000,94000,94000,94000,51,0,7200,49869.70969682976,674.9882173310144,152649.73678905517,42.666666666666664
1790319872,16,POST,completion,0.000000,0.000000,94000,94000,94000,94000,94000,94000,94000,94000,94000,94000,94000,18,0,145000,138683.9003734834,92909.85707612708,152649.73678905517,128.0
1790319872,16,TPOT,completion,0.000000,0.000000,670,670,670,670,670,670,670,670,670,670,670,18,0,1100,1035.2673940792395,671.0484287569549,1143.1714957011643,0.0
1790319872,16,TTFT,completion,0.000000,0.000000,8200,8200,8200,8200,8200,8200,8200,8200,8200,8200,8200,18,0,7300,7204.280557447217,5702.540090074763,8641.970278928056,0.0
1790319872,16,,Aggregated,0.000000,0.000000,8200,8200,93000,93000,94000,94000,94000,94000,94000,94000,94000,54,0,7300,48974.48277500328,671.0484287569549,152649.73678905517,42.666666666666664
1790319873,16,POST,completion,0.000000,0.000000,94000,94000,94000,94000,94000,94000,94000,94000,94000,94000,94000,18,0,145000,138683.9003734834,92909.85707612708,152649.73678905517,128.0
1790319873,16,TPOT,completion,0.000000,0.000000,670,670,670,670,670,670,670,670,670,670,670,18,0,1100,1035.2673940792395,671.0484287569549,1143.1714957011643,0.0
1790319873,16,TTFT,completion,0.000000,0.000000,8200,8200,8200,8200,8200,8200,8200,8200,8200,8200,8200,18,0,7300,7204.280557447217,5702.540090074763,8641.970278928056,0.0
1790319873,16,,Aggregated,0.000000,0.000000,8200,8200,93000,93000,94000,94000,94000,94000,94000,94000,94000,54,0,7300,48974.48277500328,671.0484287569549,152649.73678905517,42.666666666666664
1790319874,16,POST,completion,0.000000,0.000000,94000,94000,94000,94000,94000,94000,94000,94000,94000,94000,94000,18,0,145000,138683.9003734834,92909.85707612708,152649.73678905517,128.0
1790319874,16,TPOT,completion,0.000000,0.000000,670,670,670,670,670,670,670,670,670,670,670,18,0,1100,1035.2673940792395,671.0484287569549,1143.1714957011643,0.0
1790319874,16,TTFT,completion,0.000000,0.000000,8200,8200,8200,8200,8200,8200,8200,8200,8200,8200,8200,18,0,7300,7204.280557447217,5702.540090074763,8641.970278928056,0.0
1790319874,16,,Aggregated,0.000000,0.000000,8200,8200,93000,93000,94000,94000,94000,94000,94000,94000,94000,54,0,7300,48974.48277500328,671.0484287569549,152649.73678905517,42.666666666666664
1790319875,16,POST,completion,0.000000,0.000000,94000,94000,94000,94000,94000,94000,94000,94000,94000,94000,94000,18,0,145000,138683.9003734834,92909.85707612708,152649.73678905517,128.0
1790319875,16,TPOT,completion,0.000000,0.000000,670,670,670,670,670,670,670,670,670,670,670,18,0,1100,1035.2673940792395,671.0484287569549,1143.1714957011643,0.0
1790319875,16,TTFT,completion,0.000000,0.000000,8200,8200,8200,8200,8200,8200,8200,8200,8200,8200,8200,18,0,7300,7204.280557447217,5702.540090074763,8641.970278928056,0.0
1790319875,16,,Aggregated,0.000000,0.000000,8200,8200,93000,93000,94000,94000,94000,94000,94000,94000,94000,54,0,7300,48974.48277500328,671.0484287569549,152649.73678905517,42.666666666666664
1790319876,16,POST,completion,0.000000,0.000000,94000,94000,94000,94000,94000,94000,94000,94000,94000,94000,94000,18,0,145000,138683.9003734834,92909.85707612708,152649.73678905517,128.0
1790319876,16,TPOT,completion,0.000000,0.000000,670,670,670,670,670,670,670,670,670,670,670,18,0,1100,1035.2673940792395,671.0484287569549,1143.1714957011643,0.0
1790319876,16,TTFT,completion,0.000000,0.000000,8200,8200,8200,8200,8200,8200,8200,8200,8200,8200,8200,18,0,7300,7204.280557447217,5702.540090074763,8641.970278928056,0.0
1790319876,16,,Aggregated,0.000000,0.000000,8200,8200,93000,93000,94000,94000,94000,94000,94000,94000,94000,54,0,7300,48974.48277500328,671.0484287569549,152649.73678905517,42.666666666666664
1790319877,16,POST,completion,0.000000,0.000000,94000,94000,94000,94000,94000,94000,94000,94000,94000,94000,94000,18,0,145000,138683.9003734834,92909.85707612708,152649.73678905517,128.0
1790319877,16,TPOT,completion,0.000000,0.000000,670,670,670,670,670,670,670,670,670,670,670,18,0,1100,1035.2673940792395,671.0484287569549,1143.1714957011643,0.0
1790319877,16,TTFT,completion,0.000000,0.000000,8200,8200,8200,8200,8200,8200,8200,8200,8200,8200,8200,18,0,7300,7204.280557447217,5702.540090074763,8641.970278928056,0.0
1790319877,16,,Aggregated,0.000000,0.000000,8200,8200,93000,93000,94000,94000,94000,94000,94000,94000,94000,54,0,7300,48974.48277500328,671.0484287569549,152649.73678905517,42.666666666666664
1790319878,16,POST,completion,0.000000,0.000000,94000,94000,94000,94000,94000,94000,94000,94000,94000,94000,94000,18,0,145000,138683.9003734834,92909.85707612708,152649.73678905517,128.0
1790319878,16,TPOT,completion,0.000000,0.000000,670,670,670,670,670,670,670,670,670,670,670,18,0,1100,1035.2673940792395,671.0484287569549,1143.1714957011643,0.0
1790319878,16,TTFT,completion,0.000000,0.000000,8200,8200,8200,8200,8200,8200,8200,8200,8200,8200,8200,18,0,7300,7204.280557447217,5702.540090074763,8641.970278928056,0.0
1790319878,16,,Aggregated,0.000000,0.000000,8200,8200,93000,93000,94000,94000,94000,94000,94000,94000,94000,54,0,7300,48974.48277500328,671.0484287569549,152649.73678905517,42.666666666666664
1790319879,16,POST,completion,0.200000,0.000000,93000,93000,94000,94000,94000,94000,94000,94000,94000,94000,94000,19,0,144000,136175.0816203605,91016.34406414814,152649.73678905517,128.0
1790319879,16,TPOT,completion,0.200000,0.000000,670,670,670,670,670,670,670,670,670,670,670,19,0,1100,1015.524214458792,660.1469812907395,1143.1714957011643,0.0
1790319879,16,TTFT,completion,0.200000,0.000000,7700,7700,8200,8200,8200,8200,8200,8200,8200,8200,8200,19,0,7200,7202.845670748502,5702.540090074763,8641.970278928056,0.0
1790319879,16,,Aggregated,0.600000,0.000000,7700,8200,91000,93000,94000,94000,94000,94000,94000,94000,94000,57,0,7200,48131.15050185592,660.1469812907395,152649.73678905517,42.666666666666664
1790319880,16,POST,completion,0.200000,0.000000,93000,93000,93000,93000,93000,93000,93000,93000,93000,93000,93000,19,0,144000,136175.0816203605,91016.34406414814,152649.73678905517,128.0
1790319880,16,TPOT,completion,0.200000,0.000000,670,670,670,670,670,670,670,670,670,670,670,19,0,1100,1015.524214458792,660.1469812907395,1143.1714957011643,0.0
1790319880,16,TTFT,completion,0.200000,0.000000,7700,7700,7700,7700,7700,7700,7700,7700,7700,7700,7700,19,0,7200,7202.845670748502,5702.540090074763,8641.970278928056,0.0
1790319880,16,,Aggregated,0.600000,0.000000,7700,7700,91000,91000,93000,93000,93000,93000,93000,93000,93000,57,0,7200,48131.15050185592,660.1469812907395,152649.73678905517,42.666666666666664
1790319881,16,POST,completion,0.200000,0.000000,93000,93000,93000,93000,93000,93000,93000,93000,93000,93000,93000,19,0,144000,136175.0816203605,91016.34406414814,152649.73678905517,128.0
1790319881,16,TPOT,completion,0.200000,0.000000,670,670,670,670,670,670,670,670,670,670,670,19,0,1100,1015.524214458792,660.1469812907395,1143.1714957011643,0.0
1790319881,16,TTFT,completion,0.200000,0.000000,7700,7700,7700,7700,7700,7700,7700,7700,7700,7700,7700,19,0,7200,7202.845670748502,5702.540090074763,8641.970278928056,0.0
1790319881,16,,Aggregated,0.600000,0.000000,7700,7700,91000,91000,93000,93000,93000,93000,93000,93000,93000,57,0,7200,48131.15050185592,660.1469812907395,152649.73678905517,42.666666666666664
1790319882,16,POST,completion,0.300000,0.000000,91000,91000,93000,93000,93000,93000,93000,93000,93000,93000,93000,20,0,144000,133603.640823951,84746.26569217071,152649.73678905517,128.0
1790319882,16,TPOT,completion,0.300000,0.000000,660,660,670,670,670,670,670,670,670,670,670,20,0,1100,995.2402551512703,609.8450283083595,1143.1714957011643,0.0
1790319882,16,TTFT,completion,0.300000,0.000000,7300,7300,7700,7700,7700,7700,7700,7700,7700,7700,7700,20,0,7300,7207.460297760554,5702.540090074763,8641.970278928056,0.0
1790319882,16,,Aggregated,0.900000,0.000000,7300,7700,85000,91000,93000,93000,93000,93000,93000,93000,93000,60,0,7300,47268.780458954265,609.8450283083595,152649.73678905517,42.666666666666664
1790319883,16,POST,completion,0.300000,0.000000,89000,91000,91000,93000,93000,93000,93000,93000,93000,93000,93000,22,0,143000,129085.20024204203,78393.3719759807,152649.73678905517,128.0
1790319883,16,TPOT,completion,0.300000,0.000000,650,660,660,670,670,670,670,670,670,670,670,22,0,1100,959.4615402137467,557.3470756855214,1143.1714957011643,0.0
1790319883,16,TTFT,completion,0.300000,0.000000,7400,7600,7600,7700,7700,7700,7700,7700,7700,7700,7700,22,0,7300,7232.9108155099675,5702.540090074763,8641.970278928056,0.0
1790319883,16,,Aggregated,0.900000,0.000000,7400,7700,85000,89000,91000,93000,93000,93000,93000,93000,93000,66,0,7300,45759.190865921904,557.3470756855214,152649.73678905517,42.666666666666664
1790319884,16,POST,completion,0.300000,0.000000,89000,89000,91000,91000,91000,91000,91000,91000,91000,91000,91000,22,0,143000,129085.20024204203,78393.3719759807,152649.73678905517,128.0
1790319884,16,TPOT,completion,0.300000,0.000000,650,650,660,660,660,660,660,660,660,660,660,22,0,1100,959.4615402137467,557.3470756855214,1143.1714957011643,0.0
1790319884,16,TTFT,completion,0.300000,0.000000,7400,7400,7600,7600,7600,7600,7600,7600,7600,7600,7600,22,0,7300,7232.9108155099675,5702.540090074763,8641.970278928056,0.0
1790319884,16,,Aggregated,0.900000,0.000000,7400,7600,85000,85000,89000,91000,91000,91000,91000,91000,91000,66,0,7300,45759.190865921904,557.3470756855214,152649.73678905517,42.666666666666664
1790319885,16,POST,completion,0.300000,0.000000,89000,89000,91000,91000,91000,91000,91000,91000,91000,91000,91000,22,0,143000,129085.20024204203,78393.3719759807,152649.73678905517,128.0
1790319885,16,TPOT,completion,0.300000,0.000000,650,650,660,660,660,660,660,660,660,660,660,22,0,1100,959.4615402137467,557.3470756855214,1143.1714957011643,0.0
1790319885,16,TTFT,completion,0.300000,0.000000,7400,7400,7600,7600,7600,7600,7600,7600,7600,7600,7600,22,0,7300,7232.9108155099675,5702.540090074763,8641.970278928056,0.0
1790319885,16,,Aggregated,0.900000,0.000000,7400,7600,85000,85000,89000,91000,91000,91000,91000,91000,91000,66,0,7300,45759.190865921904,557.3470756855214,152649.73678905517,42.666666666666664
1790319886,16,POST,completion,0.400000,0.000000,89000,91000,91000,101000,101000,101000,101000,101000,101000,101000,101000,23,0,141000,127849.80550795064,78393.3719759807,152649.73678905517,128.0
1790319886,16,TPOT,completion,0.400000,0.000000,650,660,660,730,730,730,730,730,730,730,730,23,0,1000,949.5654835564028,557.3470756855214,1143.1714957011643,0.0
1790319886,16,TTFT,completion,0.400000,0.000000,7400,7600,7600,7700,7700,7700,7700,7700,7700,7700,7700,23,0,7300,7254.313264092754,5702.540090074763,8641.970278928056,0.0
1790319886,16,,Aggregated,1.200000,0.000000,7400,7700,85000,89000,91000,101000,101000,101000,101000,101000,101000,69,0,7300,45351.228085199924,557.3470756855214,152649.73678905517,42.666666666666664
1790319887,16,POST,completion,0.400000,0.000000,89000,91000,91000,101000,101000,101000,101000,101000,101000,101000,101000,23,0,141000,127849.80550795064,78393.3719759807,152649.73678905517,128.0
1790319887,16,TPOT,completion,0.400000,0.000000,650,660,660,730,730,730,730,730,730,730,730,23,0,1000,949.5654835564028,557.3470756855214,1143.1714957011643,0.0
1790319887,16,TTFT,completion,0.400000,0.000000,7400,7600,7600,7700,7700,7700,7700,7700,7700,7700,7700,23,0,7300,7254.313264092754,5702.540090074763,8641.970278928056,0.0
1790319887,16,,Aggregated,1.200000,0.000000,7400,7700,85000,89000,91000,101000,101000,101000,101000,101000,101000,69,0,7300,45351.228085199924,557.3470756855214,152649.73678905517,42.666666666666664
1790319888,16,POST,completion,0.400000,0.000000,89000,91000,91000,101000,101000,101000,101000,101000,101000,101000,101000,23,0,141000,127849.80550795064,78393.3719759807,152649.73678905517,128.0
1790319888,16,TPOT,completion,0.400000,0.000000,650,660,660,730,730,730,730,730,730,730,730,23,0,1000,949.5654835564028,557.3470756855214,1143.1714957011643,0.0
1790319888,16,TTFT,completion,0.400000,0.000000,7400,7600,7600,7700,7700,7700,7700,7700,7700,7700,7700,23,0,7300,7254.313264092754,5702.540090074763,8641.970278928056,0.0
1790319888,16,,Aggregated,1.200000,0.000000,7400,7700,85000,89000,91000,101000,101000,101000,101000,101000,101000,69,0,7300,45351.228085199924,557.3470756855214,152649.73678905517,42.666666666666664
1790319889,16,POST,completion,0.400000,0.000000,89000,89000,101000,101000,101000,101000,101000,101000,101000,101000,101000,23,0,141000,127849.80550795064,78393.3719759807,152649.73678905517,128.0
1790319889,16,TPOT,completion,0.400000,0.000000,650,650,730,730,730,730,730,730,730,730,730,23,0,1000,949.5654835564028,557.3470756855214,1143.1714957011643,0.0
1790319889,16,TTFT,completion,0.400000,0.000000,7600,7600,7700,7700,7700,7700,7700,7700,7700,7700,7700,23,0,7300,7254.313264092754,5702.540090074763,8641.970278928056,0.0
1790319889,16,,Aggregated,1.200000,0.000000,7600,7700,85000,85000,89000,101000,101000,101000,101000,101000,101000,69,0,7300,45351.228085199924,557.3470756855214,152649.73678905517,42.666666666666664
1790319890,16,POST,completion,0.500000,0.000000,92000,92000,96000,96000,101000,101000,101000,101000,101000,101000,101000,25,0,140000,125144.67624479905,78393.3719759807,152649.73678905517,128.0
1790319890,16,TPOT,completion,0.500000,0.000000,650,650,690,690,730,730,730,730,730,730,730,25,0,1000,927.2245218246208,557.3470756855214,1143.1714957011643,0.0
1790319890,16,TTFT,completion,0.500000,0.000000,7700,7700,7900,7900,9900,9900,9900,9900,9900,9900,9900,25,0,7400,7386.486851014197,5702.540090074763,9926.453180145472,0.0
1790319890,16,,Aggregated,1.500000,0.000000,7700,9900,85000,89000,96000,101000,101000,101000,101000,101000,101000,75,0,7400,44486.12920587928,557.3470756855214,152649.73678905517,42.666666666666664
1790319891,16,POST,completion,0.500000,0.000000,92000,92000,96000,96000,101000,101000,101000,101000,101000,101000,101000,26,0,140000,123753.93848233999,78393.3719759807,152649.73678905517,128.0
1790319891,16,TPOT,completion,0.500000,0.000000,650,650,690,690,730,730,730,730,730,730,730,26,0,1000,916.3342693573522,557.3470756855214,1143.1714957011643,0.0
1790319891,16,TTFT,completion,0.500000,0.000000,7700,7700,7900,7900,9900,9900,9900,9900,9900,9900,9900,26,0,7400,7378.809012051744,5702.540090074763,9926.453180145472,0.0
1790319891,16,,Aggregated,1.500000,0.000000,7700,9900,89000,89000,96000,101000,101000,101000,101000,101000,101000,78,0,7400,44016.36058791636,557.3470756855214,152649.73678905517,42.666666666666664
1790319892,16,POST,completion,0.500000,0.000000,92000,92000,96000,96000,101000,101000,101000,101000,101000,101000,101000,26,0,140000,123753.93848233999,78393.3719759807,152649.73678905517,128.0
1790319892,16,TPOT,completion,0.500000,0.000000,650,650,690,690,730,730,730,730,730,730,730,26,0,1000,916.3342693573522,557.3470756855214,1143.1714957011643,0.0
1790319892,16,TTFT,completion,0.500000,0.000000,7700,7700,7900,7900,9900,9900,9900,9900,9900,9900,9900,26,0,7400,7378.809012051744,5702.540090074763,9926.453180145472,0.0
1790319892,16,,Aggregated,1.500000,0.000000,7700,9900,89000,89000,96000,101000,101000,101000,101000,101000,101000,78,0,7400,44016.36058791636,557.3470756855214,152649.73678905517,42.666666666666664
1790319893,16,POST,completion,0.500000,0.000000,96000,96000,101000,101000,101000,101000,101000,101000,101000,101000,101000,26,0,140000,123753.93848233999,78393.3719759807,152649.73678905517,128.0
1790319893,16,TPOT,completion,0.500000,0.000000,690,690,730,730,730,730,730,730,730,730,730,26,0,1000,916.3342693573522,557.3470756855214,1143.1714957011643,0.0
1790319893,16,TTFT,completion,0.500000,0.000000,7900,7900,9900,9900,9900,9900,9900,9900,9900,9900,9900,26,0,7400,7378.809012051744,5702.540090074763,9926.453180145472,0.0
1790319893,16,,Aggregated,1.500000,0.000000,7900,9900,92000,92000,96000,101000,101000,101000,101000,101000,101000,78,0,7400,44016.36058791636,557.3470756855214,152649.73678905517,42.666666666666664
1790319894,16,POST,completion,0.500000,0.000000,96000,96000,101000,101000,101000,101000,101000,101000,101000,101000,101000,26,0,140000,123753.93848233999,78393.3719759807,152649.73678905517,128.0
1790319894,16,TPOT,completion,0.500000,0.000000,690,690,730,730,730,730,730,730,730,730,730,26,0,1000,916.3342693573522,557.3470756855214,1143.1714957011643,0.0
1790319894,16,TTFT,completion,0.500000,0.000000,7900,7900,9900,9900,9900,9900,9900,9900,9900,9900,9900,26,0,7400,7378.809012051744,5702.540090074763,9926.453180145472,0.0
1790319894,16,,Aggregated,1.500000,0.000000,7900,9900,92000,92000,96000,101000,101000,101000,101000,101000,101000,78,0,7400,44016.36058791636,557.3470756855214,152649.73678905517,42.666666666666664
1790319895,16,POST,completion,0.400000,0.000000,96000,96000,98000,98000,101000,101000,101000,101000,101000,101000,101000,28,0,139000,121734.61272446105,78393.3719759807,152649.73678905517,128.0
1790319895,16,TPOT,completion,0.400000,0.000000,690,690,710,710,730,730,730,730,730,730,730,28,0,1000,899.9931880261664,557.3470756855214,1143.1714957011643,0.0
1790319895,16,TTFT,completion,0.400000,0.000000,7900,7900,9300,9300,9900,9900,9900,9900,9900,9900,9900,28,0,7400,7434.79801268716,5702.540090074763,9926.453180145472,0.0
1790319895,16,,Aggregated,1.200000,0.000000,7900,9900,92000,93000,98000,101000,101000,101000,101000,101000,101000,84,0,7400,43356.46797505813,557.3470756855214,152649.73678905517,42.666666666666664
1790319896,16,POST,completion,0.400000,0.000000,96000,96000,98000,98000,101000,101000,101000,101000,101000,101000,101000,28,0,139000,121734.61272446105,78393.3719759807,152649.73678905517,128.0
1790319896,16,TPOT,completion,0.400000,0.000000,690,690,710,710,730,730,730,730,730,730,730,28,0,1000,899.9931880261664,557.3470756855214,1143.1714957011643,0.0
1790319896,16,TTFT,completion,0.400000,0.000000,7900,7900,9300,9300,9900,9900,9900,9900,9900,9900,9900,28,0,7400,7434.79801268716,5702.540090074763,9926.453180145472,0.0
1790319896,16,,Aggregated,1.200000,0.000000,7900,9900,92000,93000,98000,101000,101000,101000,101000,101000,101000,84,0,7400,43356.46797505813,557.3470756855214,152649.73678905517,42.666666666666664
1790319897,16,POST,completion,0.400000,0.000000,93000,96000,96000,98000,98000,98000,98000,98000,98000,98000,98000,28,0,139000,121734.61272446105,78393.3719759807,152649.73678905517,128.0
1790319897,16,TPOT,completion,0.400000,0.000000,660,690,690,710,710,710,710,710,710,710,710,28,0,1000,899.9931880261664,557.3470756855214,1143.1714957011643,0.0
1790319897,16,TTFT,completion,0.400000,0.000000,7900,9300,9300,9900,9900,9900,9900,9900,9900,9900,9900,28,0,7400,7434.79801268716,5702.540090074763,9926.453180145472,0.0
1790319897,16,,Aggregated,1.200000,0.000000,7900,9900,92000,93000,96000,98000,98000,98000,98000,98000,98000,84,0,7400,43356.46797505813,557.3470756855214,152649.73678905517,42.666666666666664
1790319898,16,POST,completion,0.500000,0.000000,93000,93000,96000,96000,98000,98000,98000,98000,98000,98000,98000,29,0,139000,120625.58206844401,78393.3719759807,152649.73678905517,128.0
1790319898,16,TPOT,completion,0.500000,0.000000,660,660,690,690,710,710,710,710,710,710,710,29,0,1000,891.3137238696997,557.3470756855214,1143.1714957011643,0.0
1790319898,16,TTFT,completion,0.500000,0.000000,7900,7900,9300,9300,9900,9900,9900,9900,9900,9900,9900,29,0,7300,7428.0574725266415,5702.540090074763,9926.453180145472,0.0
1790319898,16,,Aggregated,1.500000,0.000000,7900,9900,90000,92000,96000,98000,98000,98000,98000,98000,98000,87,0,7300,42981.651088280116,557.3470756855214,152649.73678905517,42.666666666666664
1790319899,16,POST,completion,0.500000,0.000000,93000,93000,98000,98000,98000,98000,98000,98000,98000,98000,98000,29,0,139000,120625.58206844401,78393.3719759807,152649.73678905517,128.0
1790319899,16,TPOT,completion,0.500000,0.000000,660,660,710,710,710,710,710,710,710,710,710,29,0,1000,891.3137238696997,557.3470756855214,1143.1714957011643,0.0
1790319899,16,TTFT,completion,0.500000,0.000000,7200,7200,9300,9300,9300,9300,9300,9300,9300,9300,9300,29,0,7300,7428.0574725266415,5702.540090074763,9926.453180145472,0.0
1790319899,16,,Aggregated,1.500000,0.000000,7200,9300,90000,90000,93000,98000,98000,98000,98000,98000,98000,87,0,7300,42981.651088280116,557.3470756855214,152649.73678905517,42.666666666666664
1790319900,16,POST,completion,0.600000,0.000000,90000,93000,93000,98000,98000,98000,98000,98000,98000,98000,98000,30,0,139000,119575.20558222507,78393.3719759807,152649.73678905517,128.0
1790319900,16,TPOT,completion,0.600000,0.000000,650,660,660,710,710,710,710,710,710,710,710,30,0,1000,883.0738289026285,557.3470756855214,1143.1714957011643,0.0
1790319900,16,TTFT,completion,0.600000,0.000000,7200,7300,7300,9300,9300,9300,9300,9300,9300,9300,9300,30,0,7300,7424.146739339146,5702.540090074763,9926.453180145472,0.0
1790319900,16,,Aggregated,1.800000,0.000000,7200,9300,89000,90000,93000,98000,98000,98000,98000,98000,98000,90,0,7300,42627.47538348895,557.3470756855214,152649.73678905517,42.666666666666664
1790319901,16,POST,completion,0.600000,0.000000,90000,93000,93000,98000,98000,98000,98000,98000,98000,98000,98000,30,0,139000,119575.20558222507,78393.3719759807,152649.73678905517,128.0
1790319901,16,TPOT,completion,0.600000,0.000000,650,660,660,710,710,710,710,710,710,710,710,30,0,1000,883.0738289026285,557.3470756855214,1143.1714957011643,0.0
1790319901,16,TTFT,completion,0.600000,0.000000,7200,7300,7300,9300,9300,9300,9300,9300,9300,9300,9300,30,0,7300,7424.146739339146,5702.540090074763,9926.453180145472,0.0
1790319901,16,,Aggregated,1.800000,0.000000,7200,9300,89000,90000,93000,98000,98000,98000,98000,98000,98000,90,0,7300,42627.47538348895,557.3470756855214,152649.73678905517,42.666666666666664
1790319902,16,POST,completion,0.600000,0.000000,93000,93000,98000,98000,98000,98000,98000,98000,98000,98000,98000,30,0,139000,119575.20558222507,78393.3719759807,152649.73678905517,128.0
1790319902,16,TPOT,completion,0.600000,0.000000,660,660,710,710,710,710,710,710,710,710,710,30,0,1000,883.0738289026285,557.3470756855214,1143.1714957011643,0.0
1790319902,16,TTFT,completion,0.600000,0.000000,7300,7300,9300,9300,9300,9300,9300,9300,9300,9300,9300,30,0,7300,7424.146739339146,5702.540090074763,9926.453180145472,0.0
1790319902,16,,Aggregated,1.800000,0.000000,7300,9300,90000,90000,93000,98000,98000,98000,98000,98000,98000,90,0,7300,42627.47538348895,557.3470756855214,152649.73678905517,42.666666666666664
1790319903,16,POST,completion,0.600000,0.000000,93000,93000,98000,98000,98000,98000,98000,98000,98000,98000,98000,30,0,139000,119575.20558222507,78393.3719759807,152649.73678905517,128.0
1790319903,16,TPOT,completion,0.600000,0.000000,660,660,710,710,710,710,710,710,710,710,710,30,0,1000,883.0738289026285,557.3470756855214,1143.1714957011643,0.0
1790319903,16,TTFT,completion,0.600000,0.000000,7300,7300,9300,9300,9300,9300,9300,9300,9300,9300,9300,30,0,7300,7424.146739339146,5702.540090074763,9926.453180145472,0.0
1790319903,16,,Aggregated,1.800000,0.000000,7300,9300,90000,90000,93000,98000,98000,98000,98000,98000,98000,90,0,7300,42627.47538348895,557.3470756855214,152649.73678905517,42.666666666666664
1790319904,16,POST,completion,0.600000,0.000000,90000,90000,93000,93000,93000,93000,93000,93000,93000,93000,93000,30,0,139000,119575.20558222507,78393.3719759807,152649.73678905517,128.0
1790319904,16,TPOT,completion,0.600000,0.000000,650,650,660,660,660,660,660,660,660,660,660,30,0,1000,883.0738289026285,557.3470756855214,1143.1714957011643,0.0
1790319904,16,TTFT,completion,0.600000,0.000000,7300,7300,9300,9300,9300,9300,9300,9300,9300,9300,9300,30,0,7300,7424.146739339146,5702.540090074763,9926.453180145472,0.0
1790319904,16,,Aggregated,1.800000,0.000000,7300,9300,89000,90000,93000,93000,93000,93000,93000,93000,93000,90,0,7300,42627.47538348895,557.3470756855214,152649.73678905517,42.666666666666664
1790319905,16,POST,completion,0.400000,0.000000,90000,90000,93000,93000,93000,93000,93000,93000,93000,93000,93000,31,0,138000,118578.34037763608,78393.3719759807,152649.73678905517,128.0
1790319905,16,TPOT,completion,0.400000,0.000000,650,650,660,660,660,660,660,660,660,660,660,31,0,1000,875.1154328821332,557.3470756855214,1143.1714957011643,0.0
1790319905,16,TTFT,completion,0.400000,0.000000,7900,7900,9300,9300,9300,9300,9300,9300,9300,9300,9300,31,0,7300,7437.997471135591,5702.540090074763,9926.453180145472,0.0
1790319905,16,,Aggregated,1.200000,0.000000,7900,9300,89000,89000,90000,93000,93000,93000,93000,93000,93000,93,0,7300,42297.1510938846,557.3470756855214,152649.73678905517,42.666666666666664
1790319906,16,POST,completion,0.400000,0.000000,89000,89000,90000,90000,90000,90000,90000,90000,90000,90000,90000,31,0,138000,118578.34037763608,78393.3719759807,152649.73678905517,128.0
1790319906,16,TPOT,completion,0.400000,0.000000,640,640,650,650,650,650,650,650,650,650,650,31,0,1000,875.1154328821332,557.3470756855214,1143.1714957011643,0.0
1790319906,16,TTFT,completion,0.400000,0.000000,7300,7300,7900,7900,7900,7900,7900,7900,7900,7900,7900,31,0,7300,7437.997471135591,5702.540090074763,9926.453180145472,0.0
1790319906,16,,Aggregated,1.200000,0.000000,7300,7900,89000,89000,90000,90000,90000,90000,90000,90000,90000,93,0,7300,42297.1510938846,557.3470756855214,152649.73678905517,42.666666666666664
1790319907,16,POST,completion,0.400000,0.000000,89000,89000,90000,90000,90000,90000,90000,90000,90000,90000,90000,31,0,138000,118578.34037763608,78393.3719759807,152649.73678905517,128.0
1790319907,16,TPOT,completion,0.400000,0.000000,640,640,650,650,650,650,650,650,650,650,650,31,0,1000,875.1154328821332,557.3470756855214,1143.1714957011643,0.0
1790319907,16,TTFT,completion,0.400000,0.000000,7300,7300,7900,7900,7900,7900,7900,7900,7900,7900,7900,31,0,7300,7437.997471135591,5702.540090074763,9926.453180145472,0.0
1790319907,16,,Aggregated,1.200000,0.000000,7300,7900,89000,89000,90000,90000,90000,90000,90000,90000,90000,93,0,7300,42297.1510938846,557.3470756855214,152649.73678905517,42.666666666666664
1790319908,16,POST,completion,0.400000,0.000000,89000,89000,89000,89000,89000,89000,89000,89000,89000,89000,89000,31,0,138000,118578.34037763608,78393.3719759807,152649.73678905517,128.0
1790319908,16,TPOT,completion,0.400000,0.000000,640,640,640,640,640,640,640,640,640,640,640,31,0,1000,875.1154328821332,557.3470756855214,1143.1714957011643,0.0
1790319908,16,TTFT,completion,0.400000,0.000000,7900,7900,7900,7900,7900,7900,7900,7900,7900,7900,7900,31,0,7300,7437.997471135591,5702.540090074763,9926.453180145472,0.0
1790319908,16,,Aggregated,1.200000,0.000000,7900,7900,89000,89000,89000,89000,89000,89000,89000,89000,89000,93,0,7300,42297.1510938846,557.3470756855214,152649.73678905517,42.666666666666664
1790319909,16,POST,completion,0.400000,0.000000,89000,89000,89000,89000,89000,89000,89000,89000,89000,89000,89000,31,0,138000,118578.34037763608,78393.3719759807,152649.73678905517,128.0
1790319909,16,TPOT,completion,0.400000,0.000000,640,640,640,640,640,640,640,640,640,640,640,31,0,1000,875.1154328821332,557.3470756855214,1143.1714957011643,0.0
1790319909,16,TTFT,completion,0.400000,0.000000,7900,7900,7900,7900,7900,7900,7900,7900,7900,7900,7900,31,0,7300,7437.997471135591,5702.540090074763,9926.453180145472,0.0
1790319909,16,,Aggregated,1.200000,0.000000,7900,7900,89000,89000,89000,89000,89000,89000,89000,89000,89000,93,0,7300,42297.1510938846,557.3470756855214,152649.73678905517,42.666666666666664
1790319910,16,POST,completion,0.400000,0.000000,89000,89000,89000,89000,89000,89000,89000,89000,89000,89000,89000,31,0,138000,118578.34037763608,78393.3719759807,152649.73678905517,128.0
1790319910,16,TPOT,completion,0.400000,0.000000,640,640,640,640,640,640,640,640,640,640,640,31,0,1000,875.1154328821332,557.3470756855214,1143.1714957011643,0.0
1790319910,16,TTFT,completion,0.400000,0.000000,7900,7900,7900,7900,7900,7900,7900,7900,7900,7900,7900,31,0,7300,7437.997471135591,5702.540090074763,9926.453180145472,0.0
1790319910,16,,Aggregated,1.200000,0.000000,7900,7900,89000,89000,89000,89000,89000,89000,89000,89000,89000,93,0,7300,42297.1510938846,557.3470756855214,152649.73678905517,42.666666666666664
1790319911,16,POST,completion,0.400000,0.000000,89000,89000,89000,89000,89000,89000,89000,89000,89000,89000,89000,31,0,138000,118578.34037763608,78393.3719759807,152649.73678905517,128.0
1790319911,16,TPOT,completion,0.400000,0.000000,640,640,640,640,640,640,640,640,640,640,640,31,0,1000,875.1154328821332,557.3470756855214,1143.1714957011643,0.0
1790319911,16,TTFT,completion,0.400000,0.000000,7900,7900,7900,7900,7900,7900,7900,7900,7900,7900,7900,31,0,7300,7437.997471135591,5702.540090074763,9926.453180145472,0.0
1790319911,16,,Aggregated,1.200000,0.000000,7900,7900,89000,89000,89000,89000,89000,89000,89000,89000,89000,93,0,7300,42297.1510938846,557.3470756855214,152649.73678905517,42.666666666666664
1790319912,16,POST,completion,0.400000,0.000000,89000,89000,89000,89000,89000,89000,89000,89000,89000,89000,89000,31,0,138000,118578.34037763608,78393.3719759807,152649.73678905517,128.0
1790319912,16,TPOT,completion,0.400000,0.000000,640,640,640,640,640,640,640,640,640,640,640,31,0,1000,875.1154328821332,557.3470756855214,1143.1714957011643,0.0
1790319912,16,TTFT,completion,0.400000,0.000000,7900,7900,7900,7900,7900,7900,7900,7900,7900,7900,7900,31,0,7300,7437.997471135591,5702.540090074763,9926.453180145472,0.0
1790319912,16,,Aggregated,1.200000,0.000000,7900,7900,89000,89000,89000,89000,89000,89000,89000,89000,89000,93,0,7300,42297.1510938846,557.3470756855214,152649.73678905517,42.666666666666664
1790319913,16,POST,completion,0.400000,0.000000,89000,89000,89000,89000,89000,89000,89000,89000,89000,89000,89000,31,0,138000,118578.34037763608,78393.3719759807,152649.73678905517,128.0
1790319913,16,TPOT,completion,0.400000,0.000000,640,640,640,640,640,640,640,640,640,640,640,31,0,1000,875.1154328821332,557.3470756855214,1143.1714957011643,0.0
1790319913,16,TTFT,completion,0.400000,0.000000,7900,7900,7900,7900,7900,7900,7900,7900,7900,7900,7900,31,0,7300,7437.997471135591,5702.540090074763,9926.453180145472,0.0
1790319913,16,,Aggregated,1.200000,0.000000,7900,7900,89000,89000,89000,89000,89000,89000,89000,89000,89000,93,0,7300,42297.1510938846,557.3470756855214,152649.73678905517,42.666666666666664
1790319914,16,POST,completion,0.400000,0.000000,89000,89000,89000,89000,89000,89000,89000,89000,89000,89000,89000,31,0,138000,118578.34037763608,78393.3719759807,152649.73678905517,128.0
1790319914,16,TPOT,completion,0.400000,0.000000,640,640,640,640,640,640,640,640,640,640,640,31,0,1000,875.1154328821332,557.3470756855214,1143.1714957011643,0.0
1790319914,16,TTFT,completion,0.400000,0.000000,7900,7900,7900,7900,7900,7900,7900,7900,7900,7900,7900,31,0,7300,7437.997471135591,5702.540090074763,9926.453180145472,0.0
1790319914,16,,Aggregated,1.200000,0.000000,7900,7900,89000,89000,89000,89000,89000,89000,89000,89000,89000,93,0,7300,42297.1510938846,557.3470756855214,152649.73678905517,42.666666666666664
1790319915,16,POST,completion,0.400000,0.000000,89000,89000,89000,89000,89000,89000,89000,89000,89000,89000,89000,31,0,138000,118578.34037763608,78393.3719759807,152649.73678905517,128.0
1790319915,16,TPOT,completion,0.400000,0.000000,640,640,640,640,640,640,640,640,640,640,640,31,0,1000,875.1154328821332,557.3470756855214,1143.1714957011643,0.0
1790319915,16,TTFT,completion,0.400000,0.000000,7900,7900,7900,7900,7900,7900,7900,7900,7900,7900,7900,31,0,7300,7437.997471135591,5702.540090074763,9926.453180145472,0.0
1790319915,16,,Aggregated,1.200000,0.000000,7900,7900,89000,89000,89000,89000,89000,89000,89000,89000,89000,93,0,7300,42297.1510938846,557.3470756855214,152649.73678905517,42.666666666666664
1790319916,16,POST,completion,0.400000,0.000000,89000,89000,89000,89000,89000,89000,89000,89000,89000,89000,89000,31,0,138000,118578.34037763608,78393.3719759807,152649.73678905517,128.0
1790319916,16,TPOT,completion,0.400000,0.000000,640,640,640,640,640,640,640,640,640,640,640,31,0,1000,875.1154328821332,557.3470756855214,1143.1714957011643,0.0
1790319916,16,TTFT,completion,0.400000,0.000000,7900,7900,7900,7900,7900,7900,7900,7900,7900,7900,7900,31,0,7300,7437.997471135591,5702.540090074763,9926.453180145472,0.0
1790319916,16,,Aggregated,1.200000,0.000000,7900,7900,89000,89000,89000,89000,89000,89000,89000,89000,89000,93,0,7300,42297.1510938846,557.3470756855214,152649.73678905517,42.666666666666664
1790319917,16,POST,completion,0.000000,0.000000,93000,93000,93000,93000,93000,93000,93000,93000,93000,93000,93000,32,0,138000,117764.74786033214,78393.3719759807,152649.73678905517,128.0
1790319917,16,TPOT,completion,0.000000,0.000000,670,670,670,670,670,670,670,670,670,670,670,32,0,1000,868.6922420105919,557.3470756855214,1143.1714957011643,0.0
1790319917,16,TTFT,completion,0.000000,0.000000,7900,7900,7900,7900,7900,7900,7900,7900,7900,7900,7900,32,0,7400,7440.150632566656,5702.540090074763,9926.453180145472,0.0
1790319917,16,,Aggregated,0.000000,0.000000,7900,7900,89000,89000,93000,93000,93000,93000,93000,93000,93000,96,0,7400,42024.53024496979,557.3470756855214,152649.73678905517,42.666666666666664
1790319918,16,POST,completion,0.000000,0.000000,93000,93000,93000,93000,93000,93000,93000,93000,93000,93000,93000,32,0,138000,117764.74786033214,78393.3719759807,152649.73678905517,128.0
1790319918,16,TPOT,completion,0.000000,0.000000,670,670,670,670,670,670,670,670,670,670,670,32,0,1000,868.6922420105919,557.3470756855214,1143.1714957011643,0.0
1790319918,16,TTFT,completion,0.000000,0.000000,7900,7900,7900,7900,7900,7900,7900,7900,7900,7900,7900,32,0,7400,7440.150632566656,5702.540090074763,9926.453180145472,0.0
1790319918,16,,Aggregated,0.000000,0.000000,7900,7900,89000,89000,93000,93000,93000,93000,93000,93000,93000,96,0,7400,42024.53024496979,557.3470756855214,152649.73678905517,42.666666666666664
1790319919,16,POST,completion,0.000000,0.000000,93000,93000,93000,93000,93000,93000,93000,93000,93000,93000,93000,32,0,138000,117764.74786033214,78393.3719759807,152649.73678905517,128.0
1790319919,16,TPOT,completion,0.000000,0.000000,670,670,670,670,670,670,670,670,670,670,670,32,0,1000,868.6922420105919,557.3470756855214,1143.1714957011643,0.0
1790319919,16,TTFT,completion,0.000000,0.000000,7900,7900,7900,7900,7900,7900,7900,7900,7900,7900,7900,32,0,7400,7440.150632566656,5702.540090074763,9926.453180145472,0.0
1790319919,16,,Aggregated,0.000000,0.000000,7900,7900,89000,89000,93000,93000,93000,93000,93000,93000,93000,96,0,7400,42024.53024496979,557.3470756855214,152649.73678905517,42.666666666666664
1790319920,16,POST,completion,0.000000,0.000000,93000,93000,93000,93000,93000,93000,93000,93000,93000,93000,93000,32,0,138000,117764.74786033214,78393.3719759807,152649.73678905517,128.0
1790319920,16,TPOT,completion,0.000000,0.000000,670,670,670,670,670,670,670,670,670,670,670,32,0,1000,868.6922420105919,557.3470756855214,1143.1714957011643,0.0
1790319920,16,TTFT,completion,0.000000,0.000000,7500,7500,7500,7500,7500,7500,7500,7500,7500,7500,7500,32,0,7400,7440.150632566656,5702.540090074763,9926.453180145472,0.0
1790319920,16,,Aggregated,0.000000,0.000000,7500,7500,93000,93000,93000,93000,93000,93000,93000,93000,93000,96,0,7400,42024.53024496979,557.3470756855214,152649.73678905517,42.666666666666664
1790319921,16,POST,completion,0.000000,0.000000,93000,93000,93000,93000,93000,93000,93000,93000,93000,93000,93000,32,0,138000,117764.74786033214,78393.3719759807,152649.73678905517,128.0
1790319921,16,TPOT,completion,0.000000,0.000000,670,670,670,670,670,670,670,670,670,670,670,32,0,1000,868.6922420105919,557.3470756855214,1143.1714957011643,0.0
1790319921,16,TTFT,completion,0.000000,0.000000,7500,7500,7500,7500,7500,7500,7500,7500,7500,7500,7500,32,0,7400,7440.150632566656,5702.540090074763,9926.453180145472,0.0
1790319921,16,,Aggregated,0.000000,0.000000,7500,7500,93000,93000,93000,93000,93000,93000,93000,93000,93000,96,0,7400,42024.53024496979,557.3470756855214,152649.73678905517,42.666666666666664
1790319922,16,POST,completion,0.000000,0.000000,93000,93000,93000,93000,93000,93000,93000,93000,93000,93000,93000,32,0,138000,117764.74786033214,78393.3719759807,152649.73678905517,128.0
1790319922,16,TPOT,completion,0.000000,0.000000,670,670,670,670,670,670,670,670,670,670,670,32,0,1000,868.6922420105919,557.3470756855214,1143.1714957011643,0.0
1790319922,16,TTFT,completion,0.000000,0.000000,7500,7500,7500,7500,7500,7500,7500,7500,7500,7500,7500,32,0,7400,7440.150632566656,5702.540090074763,9926.453180145472,0.0
1790319922,16,,Aggregated,0.000000,0.000000,7500,7500,93000,93000,93000,93000,93000,93000,93000,93000,93000,96,0,7400,42024.53024496979,557.3470756855214,152649.73678905517,42.666666666666664
1790319923,16,POST,completion,0.000000,0.000000,93000,93000,93000,93000,93000,93000,93000,93000,93000,93000,93000,32,0,138000,117764.74786033214,78393.3719759807,152649.73678905517,128.0
1790319923,16,TPOT,completion,0.000000,0.000000,670,670,670,670,670,670,670,670,670,670,670,32,0,1000,868.6922420105919,557.3470756855214,1143.1714957011643,0.0
1790319923,16,TTFT,completion,0.000000,0.000000,7500,7500,7500,7500,7500,7500,7500,7500,7500,7500,7500,32,0,7400,7440.150632566656,5702.540090074763,9926.453180145472,0.0
1790319923,16,,Aggregated,0.000000,0.000000,7500,7500,93000,93000,93000,93000,93000,93000,93000,93000,93000,96,0,7400,42024.53024496979,557.3470756855214,152649.73678905517,42.666666666666664
1790319924,16,POST,completion,0.000000,0.000000,93000,93000,93000,93000,93000,93000,93000,93000,93000,93000,93000,32,0,138000,117764.74786033214,78393.3719759807,152649.73678905517,128.0
1790319924,16,TPOT,completion,0.000000,0.000000,670,670,670,670,670,670,670,670,670,670,670,32,0,1000,868.6922420105919,557.3470756855214,1143.1714957011643,0.0
1790319924,16,TTFT,completion,0.000000,0.000000,7500,7500,7500,7500,7500,7500,7500,7500,7500,7500,7500,32,0,7400,7440.150632566656,5702.540090074763,9926.453180145472,0.0
1790319924,16,,Aggregated,0.000000,0.000000,7500,7500,93000,93000,93000,93000,93000,93000,93000,93000,93000,96,0,7400,42024.53024496979,557.3470756855214,152649.73678905517,42.666666666666664
1790319925,16,POST,completion,0.000000,0.000000,93000,93000,93000,93000,93000,93000,93000,93000,93000,93000,93000,32,0,138000,117764.74786033214,78393.3719759807,152649.73678905517,128.0
1790319925,16,TPOT,completion,0.000000,0.000000,670,670,670,670,670,670,670,670,670,670,670,32,0,1000,868.6922420105919,557.3470756855214,1143.1714957011643,0.0
1790319925,16,TTFT,completion,0.000000,0.000000,7500,7500,7500,7500,7500,7500,7500,7500,7500,7500,7500,32,0,7400,7440.150632566656,5702.540090074763,9926.453180145472,0.0
1790319925,16,,Aggregated,0.000000,0.000000,7500,7500,93000,93000,93000,93000,93000,93000,93000,93000,93000,96,0,7400,42024.53024496979,557.3470756855214,152649.73678905517,42.666666666666664
1790319926,16,POST,completion,0.000000,0.000000,93000,93000,93000,93000,93000,93000,93000,93000,93000,93000,93000,32,0,138000,117764.74786033214,78393.3719759807,152649.73678905517,128.0
1790319926,16,TPOT,completion,0.000000,0.000000,670,670,670,670,670,670,670,670,670,670,670,32,0,1000,868.6922420105919,557.3470756855214,1143.1714957011643,0.0
1790319926,16,TTFT,completion,0.000000,0.000000,7500,7500,7500,7500,7500,7500,7500,7500,7500,7500,7500,32,0,7400,7440.150632566656,5702.540090074763,9926.453180145472,0.0
1790319926,16,,Aggregated,0.000000,0.000000,7500,7500,93000,93000,93000,93000,93000,93000,93000,93000,93000,96,0,7400,42024.53024496979,557.3470756855214,152649.73678905517,42.666666666666664
1790319927,16,POST,completion,0.000000,0.000000,93000,93000,93000,93000,93000,93000,93000,93000,93000,93000,93000,32,0,138000,117764.74786033214,78393.3719759807,152649.73678905517,128.0
1790319927,16,TPOT,completion,0.000000,0.000000,670,670,670,670,670,670,670,670,670,670,670,32,0,1000,868.6922420105919,557.3470756855214,1143.1714957011643,0.0
1790319927,16,TTFT,completion,0.000000,0.000000,7500,7500,7500,7500,7500,7500,7500,7500,7500,7500,7500,32,0,7400,7440.150632566656,5702.540090074763,9926.453180145472,0.0
1790319927,16,,Aggregated,0.000000,0.000000,7500,7500,93000,93000,93000,93000,93000,93000,93000,93000,93000,96,0,7400,42024.53024496979,557.3470756855214,152649.73678905517,42.666666666666664
1790319928,16,POST,completion,0.000000,0.000000,93000,93000,93000,93000,93000,93000,93000,93000,93000,93000,93000,32,0,138000,117764.74786033214,78393.3719759807,152649.73678905517,128.0
1790319928,16,TPOT,completion,0.000000,0.000000,670,670,670,670,670,670,670,670,670,670,670,32,0,1000,868.6922420105919,557.3470756855214,1143.1714957011643,0.0
1790319928,16,TTFT,completion,0.000000,0.000000,7500,7500,7500,7500,7500,7500,7500,7500,7500,7500,7500,32,0,7400,7440.150632566656,5702.540090074763,9926.453180145472,0.0
1790319928,16,,Aggregated,0.000000,0.000000,7500,7500,93000,93000,93000,93000,93000,93000,93000,93000,93000,96,0,7400,42024.53024496979,557.3470756855214,152649.73678905517,42.666666666666664
1790319929,16,POST,completion,0.000000,0.000000,93000,93000,93000,93000,93000,93000,93000,93000,93000,93000,93000,32,0,138000,117764.74786033214,78393.3719759807,152649.73678905517,128.0
1790319929,16,TPOT,completion,0.000000,0.000000,670,670,670,670,670,670,670,670,670,670,670,32,0,1000,868.6922420105919,557.3470756855214,1143.1714957011643,0.0
1790319929,16,TTFT,completion,0.000000,0.000000,7500,7500,7500,7500,7500,7500,7500,7500,7500,7500,7500,32,0,7400,7440.150632566656,5702.540090074763,9926.453180145472,0.0
1790319929,16,,Aggregated,0.000000,0.000000,7500,7500,93000,93000,93000,93000,93000,93000,93000,93000,93000,96,0,7400,42024.53024496979,557.3470756855214,152649.73678905517,42.666666666666664
1790319930,16,POST,completion,0.000000,0.000000,93000,93000,93000,93000,93000,93000,93000,93000,93000,93000,93000,32,0,138000,117764.74786033214,78393.3719759807,152649.73678905517,128.0
1790319930,16,TPOT,completion,0.000000,0.000000,670,670,670,670,670,670,670,670,670,670,670,32,0,1000,868.6922420105919,557.3470756855214,1143.1714957011643,0.0
1790319930,16,TTFT,completion,0.000000,0.000000,7500,7500,7500,7500,7500,7500,7500,7500,7500,7500,7500,32,0,7400,7440.150632566656,5702.540090074763,9926.453180145472,0.0
1790319930,16,,Aggregated,0.000000,0.000000,7500,7500,93000,93000,93000,93000,93000,93000,93000,93000,93000,96,0,7400,42024.53024496979,557.3470756855214,152649.73678905517,42.666666666666664
1790319931,16,POST,completion,0.000000,0.000000,93000,93000,93000,93000,93000,93000,93000,93000,93000,93000,93000,32,0,138000,117764.74786033214,78393.3719759807,152649.73678905517,128.0
1790319931,16,TPOT,completion,0.000000,0.000000,670,670,670,670,670,670,670,670,670,670,670,32,0,1000,868.6922420105919,557.3470756855214,1143.1714957011643,0.0
1790319931,16,TTFT,completion,0.000000,0.000000,7500,7500,7500,7500,7500,7500,7500,7500,7500,7500,7500,32,0,7400,7440.150632566656,5702.540090074763,9926.453180145472,0.0
1790319931,16,,Aggregated,0.000000,0.000000,7500,7500,93000,93000,93000,93000,93000,93000,93000,93000,93000,96,0,7400,42024.53024496979,557.3470756855214,152649.73678905517,42.666666666666664
1790319932,16,POST,completion,0.000000,0.000000,93000,93000,93000,93000,93000,93000,93000,93000,93000,93000,93000,32,0,138000,117764.74786033214,78393.3719759807,152649.73678905517,128.0
1790319932,16,TPOT,completion,0.000000,0.000000,670,670,670,670,670,670,670,670,670,670,670,32,0,1000,868.6922420105919,557.3470756855214,1143.1714957011643,0.0
1790319932,16,TTFT,completion,0.000000,0.000000,7500,7500,7500,7500,7500,7500,7500,7500,7500,7500,7500,32,0,7400,7440.150632566656,5702.540090074763,9926.453180145472,0.0
1790319932,16,,Aggregated,0.000000,0.000000,7500,7500,93000,93000,93000,93000,93000,93000,93000,93000,93000,96,0,7400,42024.53024496979,557.3470756855214,152649.73678905517,42.666666666666664
1790319933,16,POST,completion,0.000000,0.000000,93000,93000,93000,93000,93000,93000,93000,93000,93000,93000,93000,32,0,138000,117764.74786033214,78393.3719759807,152649.73678905517,128.0
1790319933,16,TPOT,completion,0.000000,0.000000,670,670,670,670,670,670,670,670,670,670,670,32,0,1000,868.6922420105919,557.3470756855214,1143.1714957011643,0.0
1790319933,16,TTFT,completion,0.000000,0.000000,7500,7500,7500,7500,7500,7500,7500,7500,7500,7500,7500,32,0,7400,7440.150632566656,5702.540090074763,9926.453180145472,0.0
1790319933,16,,Aggregated,0.000000,0.000000,7500,7500,93000,93000,93000,93000,93000,93000,93000,93000,93000,96,0,7400,42024.53024496979,557.3470756855214,152649.73678905517,42.666666666666664
