Timestamp,User Count,Type,Name,Requests/s,Failures/s,50%,66%,75%,80%,90%,95%,98%,99%,99.9%,99.99%,100%,Total Request Count,Total Failure Count,Total Median Response Time,Total Average Response Time,Total Min Response Time,Total Max Response Time,Total Average Content Size
1790155489,0,,Aggregated,0.000000,0.000000,N/A,N/A,N/A,N/A,N/A,N/A,N/A,N/A,N/A,N/A,N/A,0,0,0,0.0,0,0,0
1790155490,1,,Aggregated,0.000000,0.000000,N/A,N/A,N/A,N/A,N/A,N/A,N/A,N/A,N/A,N/A,N/A,0,0,0,0.0,0,0,0
1790155491,2,,Aggregated,0.000000,0.000000,N/A,N/A,N/A,N/A,N/A,N/A,N/A,N/A,N/A,N/A,N/A,0,0,0,0.0,0,0,0
1790155492,3,,Aggregated,0.000000,0.000000,N/A,N/A,N/A,N/A,N/A,N/A,N/A,N/A,N/A,N/A,N/A,0,0,0,0.0,0,0,0
1790155493,4,,Aggregated,0.000000,0.000000,N/A,N/A,N/A,N/A,N/A,N/A,N/A,N/A,N/A,N/A,N/A,0,0,0,0.0,0,0,0
1790155494,5,,Aggregated,0.000000,0.000000,N/A,N/A,N/A,N/A,N/A,N/A,N/A,N/A,N/A,N/A,N/A,0,0,0,0.0,0,0,0
1790155496,6,,Aggregated,0.000000,0.000000,N/A,N/A,N/A,N/A,N/A,N/A,N/A,N/A,N/A,N/A,N/A,0,0,0,0.0,0,0,0
1790155497,7,,Aggregated,0.000000,0.000000,N/A,N/A,N/A,N/A,N/A,N/A,N/A,N/A,N/A,N/A,N/A,0,0,0,0.0,0,0,0
1790155498,8,,Aggregated,0.000000,0.000000,N/A,N/A,N/A,N/A,N/A,N/A,N/A,N/A,N/A,N/A,N/A,0,0,0,0.0,0,0,0
1790155499,9,,Aggregated,0.000000,0.000000,N/A,N/A,N/A,N/A,N/A,N/A,N/A,N/A,N/A,N/A,N/A,0,0,0,0.0,0,0,0
1790155500,10,,Aggregated,0.000000,0.000000,N/A,N/A,N/A,N/A,N/A,N/A,N/A,N/A,N/A,N/A,N/A,0,0,0,0.0,0,0,0
1790155501,11,,Aggregated,0.000000,0.000000,N/A,N/A,N/A,N/A,N/A,N/A,N/A,N/A,N/A,N/A,N/A,0,0,0,0.0,0,0,0
1790155502,12,,Aggregated,0.000000,0.000000,N/A,N/A,N/A,N/A,N/A,N/A,N/A,N/A,N/A,N/A,N/A,0,0,0,0.0,0,0,0
1790155503,13,,Aggregated,0.000000,0.000000,N/A,N/A,N/A,N/A,N/A,N/A,N/A,N/A,N/A,N/A,N/A,0,0,0,0.0,0,0,0
1790155504,14,,Aggregated,0.000000,0.000000,N/A,N/A,N/A,N/A,N/A,N/A,N/A,N/A,N/A,N/A,N/A,0,0,0,0.0,0,0,0
1790155505,15,,Aggregated,0.000000,0.000000,N/A,N/A,N/A,N/A,N/A,N/A,N/A,N/A,N/A,N/A,N/A,0,0,0,0.0,0,0,0
1790155506,16,,Aggregated,0.000000,0.000000,N/A,N/A,N/A,N/A,N/A,N/A,N/A,N/A,N/A,N/A,N/A,0,0,0,0.0,0,0,0
1790155507,16,,Aggregated,0.000000,0.000000,N/A,N/A,N/A,N/A,N/A,N/A,N/A,N/A,N/A,N/A,N/A,0,0,0,0.0,0,0,0
1790155508,16,,Aggregated,0.000000,0.000000,N/A,N/A,N/A,N/A,N/A,N/A,N/A,N/A,N/A,N/A,N/A,0,0,0,0.0,0,0,0
1790155509,16,,Aggregated,0.000000,0.000000,N/A,N/A,N/A,N/A,N/A,N/A,N/A,N/A,N/A,N/A,N/A,0,0,0,0.0,0,0,0
1790155510,16,,Aggregated,0.000000,0.000000,N/A,N/A,N/A,N/A,N/A,N/A,N/A,N/A,N/A,N/A,N/A,0,0,0,0.0,0,0,0
1790155511,16,,Aggregated,0.000000,0.000000,N/A,N/A,N/A,N/A,N/A,N/A,N/A,N/A,N/A,N/A,N/A,0,0,0,0.0,0,0,0
1790155512,16,,Aggregated,0.000000,0.000000,N/A,N/A,N/A,N/A,N/A,N/A,N/A,N/A,N/A,N/A,N/A,0,0,0,0.0,0,0,0
1790155513,16,,Aggregated,0.000000,0.000000,N/A,N/A,N/A,N/A,N/A,N/A,N/A,N/A,N/A,N/A,N/A,0,0,0,0.0,0,0,0
1790155514,16,,Aggregated,0.000000,0.000000,N/A,N/A,N/A,N/A,N/A,N/A,N/A,N/A,N/A,N/A,N/A,0,0,0,0.0,0,0,0
1790155515,16,,Aggregated,0.000000,0.000000,N/A,N/A,N/A,N/A,N/A,N/A,N/A,N/A,N/A,N/A,N/A,0,0,0,0.0,0,0,0
1790155516,16,,Aggregated,0.000000,0.000000,N/A,N/A,N/A,N/A,N/A,N/A,N/A,N/A,N/A,N/A,N/A,0,0,0,0.0,0,0,0
1790155517,16,,Aggregated,0.000000,0.000000,N/A,N/A,N/A,N/A,N/A,N/A,N/A,N/A,N/A,N/A,N/A,0,0,0,0.0,0,0,0
1790155518,16,,Aggregated,0.000000,0.000000,N/A,N/A,N/A,N/A,N/A,N/A,N/A,N/A,N/A,N/A,N/A,0,0,0,0.0,0,0,0
1790155519,16,,Aggregated,0.000000,0.000000,N/A,N/A,N/A,N/A,N/A,N/A,N/A,N/A,N/A,N/A,N/A,0,0,0,0.0,0,0,0
1790155520,16,POST,completion,0.000000,0.000000,0,0,0,0,0,0,0,0,0,0,0,1,0,28148.970214184374,28148.970214184374,28148.970214184374,28148.970214184374,128.0
1790155520,16,TPOT,completion,0.000000,0.000000,0,0,0,0,0,0,0,0,0,0,0,1,0,207.32506249635296,207.32506249635296,207.32506249635296,207.32506249635296,0.0
1790155520,16,TTFT,completion,0.000000,0.000000,0,0,0,0,0,0,0,0,0,0,0,1,0,1818.5066680889577,1818.5066680889577,1818.5066680889577,1818.5066680889577,0.0
1790155520,16,,Aggregated,0.000000,0.000000,0,0,0,0,0,0,0,0,0,0,0,3,0,1800,10058.267314923227,207.32506249635296,28148.970214184374,42.666666666666664
1790155521,16,POST,completion,0.000000,0.000000,0,0,0,0,0,0,0,0,0,0,0,1,0,28148.970214184374,28148.970214184374,28148.970214184374,28148.970214184374,128.0
1790155521,16,TPOT,completion,0.000000,0.000000,0,0,0,0,0,0,0,0,0,0,0,1,0,207.32506249635296,207.32506249635296,207.32506249635296,207.32506249635296,0.0
1790155521,16,TTFT,completion,0.000000,0.000000,0,0,0,0,0,0,0,0,0,0,0,1,0,1818.5066680889577,1818.5066680889577,1818.5066680889577,1818.5066680889577,0.0
1790155521,16,,Aggregated,0.000000,0.000000,0,0,0,0,0,0,0,0,0,0,0,3,0,1800,10058.267314923227,207.32506249635296,28148.970214184374,42.666666666666664
1790155522,16,POST,completion,0.000000,0.000000,27000,27000,27000,27000,27000,27000,27000,27000,27000,27000,27000,3,0,27000,26791.70405709495,25555.902345106006,28148.970214184374,128.0
1790155522,16,TPOT,completion,0.000000,0.000000,200,200,200,200,200,200,200,200,200,200,200,3,0,200,194.85062146449357,182.10923522857465,207.32506249635296,0.0
1790155522,16,TTFT,completion,0.000000,0.000000,2400,2400,2400,2400,2400,2400,2400,2400,2400,2400,2400,3,0,1900,2045.5799434178819,1818.5066680889577,2427.985150134191,0.0
1790155522,16,,Aggregated,0.000000,0.000000,2400,2400,26000,26000,27000,27000,27000,27000,27000,27000,27000,9,0,1900,9677.378207325775,182.10923522857465,28148.970214184374,42.666666666666664
1790155523,16,POST,completion,0.000000,0.000000,27000,27000,27000,27000,27000,27000,27000,27000,27000,27000,27000,3,0,27000,26791.70405709495,25555.902345106006,28148.970214184374,128.0
1790155523,16,TPOT,completion,0.000000,0.000000,200,200,200,200,200,200,200,200,200,200,200,3,0,200,194.85062146449357,182.10923522857465,207.32506249635296,0.0
1790155523,16,TTFT,completion,0.000000,0.000000,2400,2400,2400,2400,2400,2400,2400,2400,2400,2400,2400,3,0,1900,2045.5799434178819,1818.5066680889577,2427.985150134191,0.0
1790155523,16,,Aggregated,0.000000,0.000000,2400,2400,26000,26000,27000,27000,27000,27000,27000,27000,27000,9,0,1900,9677.378207325775,182.10923522857465,28148.970214184374,42.666666666666664
1790155524,16,POST,completion,0.000000,0.000000,27000,27000,27000,27000,27000,27000,27000,27000,27000,27000,27000,3,0,27000,26791.70405709495,25555.902345106006,28148.970214184374,128.0
1790155524,16,TPOT,completion,0.000000,0.000000,200,200,200,200,200,200,200,200,200,200,200,3,0,200,194.85062146449357,182.10923522857465,207.32506249635296,0.0
1790155524,16,TTFT,completion,0.000000,0.000000,2400,2400,2400,2400,2400,2400,2400,2400,2400,2400,2400,3,0,1900,2045.5799434178819,1818.5066680889577,2427.985150134191,0.0
1790155524,16,,Aggregated,0.000000,0.000000,2400,2400,26000,26000,27000,27000,27000,27000,27000,27000,27000,9,0,1900,9677.378207325775,182.10923522857465,28148.970214184374,42.666666666666664
1790155525,16,POST,completion,0.000000,0.000000,27000,27000,27000,27000,27000,27000,27000,27000,27000,27000,27000,3,0,27000,26791.70405709495,25555.902345106006,28148.970214184374,128.0
1790155525,16,TPOT,completion,0.000000,0.000000,200,200,200,200,200,200,200,200,200,200,200,3,0,200,194.85062146449357,182.10923522857465,207.32506249635296,0.0
1790155525,16,TTFT,completion,0.000000,0.000000,2400,2400,2400,2400,2400,2400,2400,2400,2400,2400,2400,3,0,1900,2045.5799434178819,1818.5066680889577,2427.985150134191,0.0
1790155525,16,,Aggregated,0.000000,0.000000,2400,2400,26000,26000,27000,27000,27000,27000,27000,27000,27000,9,0,1900,9677.378207325775,182.10923522857465,28148.970214184374,42.666666666666664
1790155526,16,POST,completion,0.000000,0.000000,27000,27000,27000,27000,27000,27000,27000,27000,27000,27000,27000,3,0,27000,26791.70405709495,25555.902345106006,28148.970214184374,128.0
1790155526,16,TPOT,completion,0.000000,0.000000,200,200,200,200,200,200,200,200,200,200,200,3,0,200,194.85062146449357,182.10923522857465,207.32506249635296,0.0
1790155526,16,TTFT,completion,0.000000,0.000000,2400,2400,2400,2400,2400,2400,2400,2400,2400,2400,2400,3,0,1900,2045.5799434178819,1818.5066680889577,2427.985150134191,0.0
1790155526,16,,Aggregated,0.000000,0.000000,2400,2400,26000,26000,27000,27000,27000,27000,27000,27000,27000,9,0,1900,9677.378207325775,182.10923522857465,28148.970214184374,42.666666666666664
1790155527,16,POST,completion,0.000000,0.000000,27000,27000,27000,27000,27000,27000,27000,27000,27000,27000,27000,3,0,27000,26791.70405709495,25555.902345106006,28148.970214184374,128.0
1790155527,16,TPOT,completion,0.000000,0.000000,200,200,200,200,200,200,200,200,200,200,200,3,0,200,194.85062146449357,182.10923522857465,207.32506249635296,0.0
1790155527,16,TTFT,completion,0.000000,0.000000,2400,2400,2400,2400,2400,2400,2400,2400,2400,2400,2400,3,0,1900,2045.5799434178819,1818.5066680889577,2427.985150134191,0.0
1790155527,16,,Aggregated,0.000000,0.000000,2400,2400,26000,26000,27000,27000,27000,27000,27000,27000,27000,9,0,1900,9677.378207325775,182.10923522857465,28148.970214184374,42.666666666666664
1790155528,16,POST,completion,0.000000,0.000000,27000,27000,27000,27000,27000,27000,27000,27000,27000,27000,27000,3,0,27000,26791.70405709495,25555.902345106006,28148.970214184374,128.0
1790155528,16,TPOT,completion,0.000000,0.000000,200,200,200,200,200,200,200,200,200,200,200,3,0,200,194.85062146449357,182.10923522857465,207.32506249635296,0.0
1790155528,16,TTFT,completion,0.000000,0.000000,2400,2400,2400,2400,2400,2400,2400,2400,2400,2400,2400,3,0,1900,2045.5799434178819,1818.5066680889577,2427.985150134191,0.0
1790155528,16,,Aggregated,0.000000,0.000000,2400,2400,26000,26000,27000,27000,27000,27000,27000,27000,27000,9,0,1900,9677.378207325775,182.10923522857465,28148.970214184374,42.666666666666664
1790155529,16,POST,completion,0.000000,0.000000,27000,27000,27000,27000,27000,27000,27000,27000,27000,27000,27000,3,0,27000,26791.70405709495,25555.902345106006,28148.970214184374,128.0
1790155529,16,TPOT,completion,0.000000,0.000000,200,200,200,200,200,200,200,200,200,200,200,3,0,200,194.85062146449357,182.10923522857465,207.32506249635296,0.0
1790155529,16,TTFT,completion,0.000000,0.000000,2400,2400,2400,2400,2400,2400,2400,2400,2400,2400,2400,3,0,1900,2045.5799434178819,1818.5066680889577,2427.985150134191,0.0
1790155529,16,,Aggregated,0.000000,0.000000,2400,2400,26000,26000,27000,27000,27000,27000,27000,27000,27000,9,0,1900,9677.378207325775,182.10923522857465,28148.970214184374,42.666666666666664
1790155530,16,POST,completion,0.000000,0.000000,27000,27000,27000,27000,27000,27000,27000,27000,27000,27000,27000,3,0,27000,26791.70405709495,25555.902345106006,28148.970214184374,128.0
1790155530,16,TPOT,completion,0.000000,0.000000,200,200,200,200,200,200,200,200,200,200,200,3,0,200,194.85062146449357,182.10923522857465,207.32506249635296,0.0
1790155530,16,TTFT,completion,0.000000,0.000000,2400,2400,2400,2400,2400,2400,2400,2400,2400,2400,2400,3,0,1900,2045.5799434178819,1818.5066680889577,2427.985150134191,0.0
1790155530,16,,Aggregated,0.000000,0.000000,2400,2400,26000,26000,27000,27000,27000,27000,27000,27000,27000,9,0,1900,9677.378207325775,182.10923522857465,28148.970214184374,42.666666666666664
1790155531,16,POST,completion,0.000000,0.000000,26000,26000,26000,26000,26000,26000,26000,26000,26000,26000,26000,3,0,27000,26791.70405709495,25555.902345106006,28148.970214184374,128.0
1790155531,16,TPOT,completion,0.000000,0.000000,180,180,180,180,180,180,180,180,180,180,180,3,0,200,194.85062146449357,182.10923522857465,207.32506249635296,0.0
1790155531,16,TTFT,completion,0.000000,0.000000,2400,2400,2400,2400,2400,2400,2400,2400,2400,2400,2400,3,0,1900,2045.5799434178819,1818.5066680889577,2427.985150134191,0.0
1790155531,16,,Aggregated,0.000000,0.000000,2400,2400,26000,26000,26000,26000,26000,26000,26000,26000,26000,9,0,1900,9677.378207325775,182.10923522857465,28148.970214184374,42.666666666666664
1790155532,16,POST,completion,0.000000,0.000000,26000,26000,26000,26000,26000,26000,26000,26000,26000,26000,26000,3,0,27000,26791.70405709495,25555.902345106006,28148.970214184374,128.0
1790155532,16,TPOT,completion,0.000000,0.000000,180,180,180,180,180,180,180,180,180,180,180,3,0,200,194.85062146449357,182.10923522857465,207.32506249635296,0.0
1790155532,16,TTFT,completion,0.000000,0.000000,2400,2400,2400,2400,2400,2400,2400,2400,2400,2400,2400,3,0,1900,2045.5799434178819,1818.5066680889577,2427.985150134191,0.0
1790155532,16,,Aggregated,0.000000,0.000000,2400,2400,26000,26000,26000,26000,26000,26000,26000,26000,26000,9,0,1900,9677.378207325775,182.10923522857465,28148.970214184374,42.666666666666664
1790155533,16,POST,completion,0.000000,0.000000,26000,26000,26000,26000,26000,26000,26000,26000,26000,26000,26000,3,0,27000,26791.70405709495,25555.902345106006,28148.970214184374,128.0
1790155533,16,TPOT,completion,0.000000,0.000000,180,180,180,180,180,180,180,180,180,180,180,3,0,200,194.85062146449357,182.10923522857465,207.32506249635296,0.0
1790155533,16,TTFT,completion,0.000000,0.000000,2400,2400,2400,2400,2400,2400,2400,2400,2400,2400,2400,3,0,1900,2045.5799434178819,1818.5066680889577,2427.985150134191,0.0
1790155533,16,,Aggregated,0.000000,0.000000,2400,2400,26000,26000,26000,26000,26000,26000,26000,26000,26000,9,0,1900,9677.378207325775,182.10923522857465,28148.970214184374,42.666666666666664
1790155534,16,POST,completion,0.100000,0.000000,28000,28000,28000,28000,28000,28000,28000,28000,28000,28000,28000,4,0,28000,27210.11853555683,25555.902345106006,28465.361970942467,128.0
1790155534,16,TPOT,completion,0.100000,0.000000,210,210,210,210,210,210,210,210,210,210,210,4,0,209.07852746450936,198.40759796449754,182.10923522857465,209.07852746450936,0.0
1790155534,16,TTFT,completion,0.100000,0.000000,2400,2400,2400,2400,2400,2400,2400,2400,2400,2400,2400,4,0,1900,2012.2687898110598,1818.5066680889577,2427.985150134191,0.0
1790155534,16,,Aggregated,0.300000,0.000000,2400,2400,26000,26000,28000,28000,28000,28000,28000,28000,28000,12,0,1900,9806.931641110796,182.10923522857465,28465.361970942467,42.666666666666664
1790155536,16,POST,completion,0.100000,0.000000,28000,28000,28000,28000,28000,28000,28000,28000,28000,28000,28000,4,0,28000,27210.11853555683,25555.902345106006,28465.361970942467,128.0
1790155536,16,TPOT,completion,0.100000,0.000000,210,210,210,210,210,210,210,210,210,210,210,4,0,209.07852746450936,198.40759796449754,182.10923522857465,209.07852746450936,0.0
1790155536,16,TTFT,completion,0.100000,0.000000,2400,2400,2400,2400,2400,2400,2400,2400,2400,2400,2400,4,0,1900,2012.2687898110598,1818.5066680889577,2427.985150134191,0.0
1790155536,16,,Aggregated,0.300000,0.000000,2400,2400,26000,26000,28000,28000,28000,28000,28000,28000,28000,12,0,1900,9806.931641110796,182.10923522857465,28465.361970942467,42.666666666666664
1790155537,16,POST,completion,0.100000,0.000000,28000,28000,28000,28000,28000,28000,28000,28000,28000,28000,28000,4,0,28000,27210.11853555683,25555.902345106006,28465.361970942467,128.0
1790155537,16,TPOT,completion,0.100000,0.000000,210,210,210,210,210,210,210,210,210,210,210,4,0,209.07852746450936,198.40759796449754,182.10923522857465,209.07852746450936,0.0
1790155537,16,TTFT,completion,0.100000,0.000000,2400,2400,2400,2400,2400,2400,2400,2400,2400,2400,2400,4,0,1900,2012.2687898110598,1818.5066680889577,2427.985150134191,0.0
1790155537,16,,Aggregated,0.300000,0.000000,2400,2400,26000,26000,28000,28000,28000,28000,28000,28000,28000,12,0,1900,9806.931641110796,182.10923522857465,28465.361970942467,42.666666666666664
1790155538,16,POST,completion,0.100000,0.000000,28000,28000,28000,28000,28000,28000,28000,28000,28000,28000,28000,4,0,28000,27210.11853555683,25555.902345106006,28465.361970942467,128.0
1790155538,16,TPOT,completion,0.100000,0.000000,210,210,210,210,210,210,210,210,210,210,210,4,0,209.07852746450936,198.40759796449754,182.10923522857465,209.07852746450936,0.0
1790155538,16,TTFT,completion,0.100000,0.000000,1900,1900,1900,1900,1900,1900,1900,1900,1900,1900,1900,4,0,1900,2012.2687898110598,1818.5066680889577,2427.985150134191,0.0
1790155538,16,,Aggregated,0.300000,0.000000,1900,1900,28000,28000,28000,28000,28000,28000,28000,28000,28000,12,0,1900,9806.931641110796,182.10923522857465,28465.361970942467,42.666666666666664
1790155539,16,POST,completion,0.100000,0.000000,28000,28000,28000,28000,28000,28000,28000,28000,28000,28000,28000,4,0,28000,27210.11853555683,25555.902345106006,28465.361970942467,128.0
1790155539,16,TPOT,completion,0.100000,0.000000,210,210,210,210,210,210,210,210,210,210,210,4,0,209.07852746450936,198.40759796449754,182.10923522857465,209.07852746450936,0.0
1790155539,16,TTFT,completion,0.100000,0.000000,1900,1900,1900,1900,1900,1900,1900,1900,1900,1900,1900,4,0,1900,2012.2687898110598,1818.5066680889577,2427.985150134191,0.0
1790155539,16,,Aggregated,0.300000,0.000000,1900,1900,28000,28000,28000,28000,28000,28000,28000,28000,28000,12,0,1900,9806.931641110796,182.10923522857465,28465.361970942467,42.666666666666664
1790155540,16,POST,completion,0.100000,0.000000,28000,28000,28000,28000,28000,28000,28000,28000,28000,28000,28000,4,0,28000,27210.11853555683,25555.902345106006,28465.361970942467,128.0
1790155540,16,TPOT,completion,0.100000,0.000000,210,210,210,210,210,210,210,210,210,210,210,4,0,209.07852746450936,198.40759796449754,182.10923522857465,209.07852746450936,0.0
1790155540,16,TTFT,completion,0.100000,0.000000,1900,1900,1900,1900,1900,1900,1900,1900,1900,1900,1900,4,0,1900,2012.2687898110598,1818.5066680889577,2427.985150134191,0.0
1790155540,16,,Aggregated,0.300000,0.000000,1900,1900,28000,28000,28000,28000,28000,28000,28000,28000,28000,12,0,1900,9806.931641110796,182.10923522857465,28465.361970942467,42.666666666666664
1790155541,16,POST,completion,0.100000,0.000000,28000,28000,28000,28000,28000,28000,28000,28000,28000,28000,28000,4,0,28000,27210.11853555683,25555.902345106006,28465.361970942467,128.0
1790155541,16,TPOT,completion,0.100000,0.000000,210,210,210,210,210,210,210,210,210,210,210,4,0,209.07852746450936,198.40759796449754,182.10923522857465,209.07852746450936,0.0
1790155541,16,TTFT,completion,0.100000,0.000000,1900,1900,1900,1900,1900,1900,1900,1900,1900,1900,1900,4,0,1900,2012.2687898110598,1818.5066680889577,2427.985150134191,0.0
1790155541,16,,Aggregated,0.300000,0.000000,1900,1900,28000,28000,28000,28000,28000,28000,28000,28000,28000,12,0,1900,9806.931641110796,182.10923522857465,28465.361970942467,42.666666666666664
1790155542,16,POST,completion,0.100000,0.000000,28000,28000,28000,28000,28000,28000,28000,28000,28000,28000,28000,6,0,28000,27549.616383699078,25555.902345106006,28465.361970942467,128.0
1790155542,16,TPOT,completion,0.100000,0.000000,210,210,210,210,210,210,210,210,210,210,210,6,0,209.07852746450936,199.60648378600513,182.10923522857465,209.07852746450936,0.0
1790155542,16,TTFT,completion,0.100000,0.000000,1900,1900,3300,3300,3300,3300,3300,3300,3300,3300,3300,6,0,1900,2199.51971519428,1818.5066680889577,3280.3851410280913,0.0
1790155542,16,,Aggregated,0.300000,0.000000,1900,3300,28000,28000,28000,28000,28000,28000,28000,28000,28000,18,0,1900,9982.914194226456,182.10923522857465,28465.361970942467,42.666666666666664
1790155543,16,POST,completion,0.100000,0.000000,28000,28000,28000,28000,28000,28000,28000,28000,28000,28000,28000,6,0,28000,27549.616383699078,25555.902345106006,28465.361970942467,128.0
1790155543,16,TPOT,completion,0.100000,0.000000,210,210,210,210,210,210,210,210,210,210,210,6,0,209.07852746450936,199.60648378600513,182.10923522857465,209.07852746450936,0.0
1790155543,16,TTFT,completion,0.100000,0.000000,1900,1900,3300,3300,3300,3300,3300,3300,3300,3300,3300,6,0,1900,2199.51971519428,1818.5066680889577,3280.3851410280913,0.0
1790155543,16,,Aggregated,0.300000,0.000000,1900,3300,28000,28000,28000,28000,28000,28000,28000,28000,28000,18,0,1900,9982.914194226456,182.10923522857465,28465.361970942467,42.666666666666664
1790155544,16,POST,completion,0.100000,0.000000,28000,28000,28000,28000,28000,28000,28000,28000,28000,28000,28000,6,0,28000,27549.616383699078,25555.902345106006,28465.361970942467,128.0
1790155544,16,TPOT,completion,0.100000,0.000000,210,210,210,210,210,210,210,210,210,210,210,6,0,209.07852746450936,199.60648378600513,182.10923522857465,209.07852746450936,0.0
1790155544,16,TTFT,completion,0.100000,0.000000,1900,1900,3300,3300,3300,3300,3300,3300,3300,3300,3300,6,0,1900,2199.51971519428,1818.5066680889577,3280.3851410280913,0.0
1790155544,16,,Aggregated,0.300000,0.000000,1900,3300,28000,28000,28000,28000,28000,28000,28000,28000,28000,18,0,1900,9982.914194226456,182.10923522857465,28465.361970942467,42.666666666666664
1790155545,16,POST,completion,0.100000,0.000000,28000,28000,28000,28000,28000,28000,28000,28000,28000,28000,28000,6,0,28000,27549.616383699078,25555.902345106006,28465.361970942467,128.0
1790155545,16,TPOT,completion,0.100000,0.000000,210,210,210,210,210,210,210,210,210,210,210,6,0,209.07852746450936,199.60648378600513,182.10923522857465,209.07852746450936,0.0
1790155545,16,TTFT,completion,0.100000,0.000000,1900,1900,3300,3300,3300,3300,3300,3300,3300,3300,3300,6,0,1900,2199.51971519428,1818.5066680889577,3280.3851410280913,0.0
1790155545,16,,Aggregated,0.300000,0.000000,1900,3300,28000,28000,28000,28000,28000,28000,28000,28000,28000,18,0,1900,9982.914194226456,182.10923522857465,28465.361970942467,42.666666666666664
1790155546,16,POST,completion,0.100000,0.000000,28000,28000,28000,28000,28000,28000,28000,28000,28000,28000,28000,6,0,28000,27549.616383699078,25555.902345106006,28465.361970942467,128.0
1790155546,16,TPOT,completion,0.100000,0.000000,210,210,210,210,210,210,210,210,210,210,210,6,0,209.07852746450936,199.60648378600513,182.10923522857465,209.07852746450936,0.0
1790155546,16,TTFT,completion,0.100000,0.000000,1900,1900,3300,3300,3300,3300,3300,3300,3300,3300,3300,6,0,1900,2199.51971519428,1818.5066680889577,3280.3851410280913,0.0
1790155546,16,,Aggregated,0.300000,0.000000,1900,3300,28000,28000,28000,28000,28000,28000,28000,28000,28000,18,0,1900,9982.914194226456,182.10923522857465,28465.361970942467,42.666666666666664
1790155547,16,POST,completion,0.100000,0.000000,28000,28000,28000,28000,28000,28000,28000,28000,28000,28000,28000,6,0,28000,27549.616383699078,25555.902345106006,28465.361970942467,128.0
1790155547,16,TPOT,completion,0.100000,0.000000,210,210,210,210,210,210,210,210,210,210,210,6,0,209.07852746450936,199.60648378600513,182.10923522857465,209.07852746450936,0.0
1790155547,16,TTFT,completion,0.100000,0.000000,3300,3300,3300,3300,3300,3300,3300,3300,3300,3300,3300,6,0,1900,2199.51971519428,1818.5066680889577,3280.3851410280913,0.0
1790155547,16,,Aggregated,0.300000,0.000000,3300,3300,28000,28000,28000,28000,28000,28000,28000,28000,28000,18,0,1900,9982.914194226456,182.10923522857465,28465.361970942467,42.666666666666664
1790155548,16,POST,completion,0.100000,0.000000,28000,28000,28000,28000,28000,28000,28000,28000,28000,28000,28000,6,0,28000,27549.616383699078,25555.902345106006,28465.361970942467,128.0
1790155548,16,TPOT,completion,0.100000,0.000000,210,210,210,210,210,210,210,210,210,210,210,6,0,209.07852746450936,199.60648378600513,182.10923522857465,209.07852746450936,0.0
1790155548,16,TTFT,completion,0.100000,0.000000,3300,3300,3300,3300,3300,3300,3300,3300,3300,3300,3300,6,0,1900,2199.51971519428,1818.5066680889577,3280.3851410280913,0.0
1790155548,16,,Aggregated,0.300000,0.000000,3300,3300,28000,28000,28000,28000,28000,28000,28000,28000,28000,18,0,1900,9982.914194226456,182.10923522857465,28465.361970942467,42.666666666666664
1790155549,16,POST,completion,0.100000,0.000000,28000,28000,28000,28000,28000,28000,28000,28000,28000,28000,28000,6,0,28000,27549.616383699078,25555.902345106006,28465.361970942467,128.0
1790155549,16,TPOT,completion,0.100000,0.000000,210,210,210,210,210,210,210,210,210,210,210,6,0,209.07852746450936,199.60648378600513,182.10923522857465,209.07852746450936,0.0
1790155549,16,TTFT,completion,0.100000,0.000000,3300,3300,3300,3300,3300,3300,3300,3300,3300,3300,3300,6,0,1900,2199.51971519428,1818.5066680889577,3280.3851410280913,0.0
1790155549,16,,Aggregated,0.300000,0.000000,3300,3300,28000,28000,28000,28000,28000,28000,28000,28000,28000,18,0,1900,9982.914194226456,182.10923522857465,28465.361970942467,42.666666666666664
1790155550,16,POST,completion,0.100000,0.000000,28000,28000,28000,28000,28000,28000,28000,28000,28000,28000,28000,6,0,28000,27549.616383699078,25555.902345106006,28465.361970942467,128.0
1790155550,16,TPOT,completion,0.100000,0.000000,210,210,210,210,210,210,210,210,210,210,210,6,0,209.07852746450936,199.60648378600513,182.10923522857465,209.07852746450936,0.0
1790155550,16,TTFT,completion,0.100000,0.000000,3300,3300,3300,3300,3300,3300,3300,3300,3300,3300,3300,6,0,1900,2199.51971519428,1818.5066680889577,3280.3851410280913,0.0
1790155550,16,,Aggregated,0.300000,0.000000,3300,3300,28000,28000,28000,28000,28000,28000,28000,28000,28000,18,0,1900,9982.914194226456,182.10923522857465,28465.361970942467,42.666666666666664
1790155551,16,POST,completion,0.100000,0.000000,28000,28000,28000,28000,28000,28000,28000,28000,28000,28000,28000,6,0,28000,27549.616383699078,25555.902345106006,28465.361970942467,128.0
1790155551,16,TPOT,completion,0.100000,0.000000,210,210,210,210,210,210,210,210,210,210,210,6,0,209.07852746450936,199.60648378600513,182.10923522857465,209.07852746450936,0.0
1790155551,16,TTFT,completion,0.100000,0.000000,3300,3300,3300,3300,3300,3300,3300,3300,3300,3300,3300,6,0,1900,2199.51971519428,1818.5066680889577,3280.3851410280913,0.0
1790155551,16,,Aggregated,0.300000,0.000000,3300,3300,28000,28000,28000,28000,28000,28000,28000,28000,28000,18,0,1900,9982.914194226456,182.10923522857465,28465.361970942467,42.666666666666664
1790155552,16,POST,completion,0.100000,0.000000,28000,28000,28000,28000,28000,28000,28000,28000,28000,28000,28000,6,0,28000,27549.616383699078,25555.902345106006,28465.361970942467,128.0
1790155552,16,TPOT,completion,0.100000,0.000000,210,210,210,210,210,210,210,210,210,210,210,6,0,209.07852746450936,199.60648378600513,182.10923522857465,209.07852746450936,0.0
1790155552,16,TTFT,completion,0.100000,0.000000,3300,3300,3300,3300,3300,3300,3300,3300,3300,3300,3300,6,0,1900,2199.51971519428,1818.5066680889577,3280.3851410280913,0.0
1790155552,16,,Aggregated,0.300000,0.000000,3300,3300,28000,28000,28000,28000,28000,28000,28000,28000,28000,18,0,1900,9982.914194226456,182.10923522857465,28465.361970942467,42.666666666666664
1790155553,16,POST,completion,0.100000,0.000000,28000,28000,28000,28000,28000,28000,28000,28000,28000,28000,28000,6,0,28000,27549.616383699078,25555.902345106006,28465.361970942467,128.0
1790155553,16,TPOT,completion,0.100000,0.000000,210,210,210,210,210,210,210,210,210,210,210,6,0,209.07852746450936,199.60648378600513,182.10923522857465,209.07852746450936,0.0
1790155553,16,TTFT,completion,0.100000,0.000000,3300,3300,3300,3300,3300,3300,3300,3300,3300,3300,3300,6,0,1900,2199.51971519428,1818.5066680889577,3280.3851410280913,0.0
1790155553,16,,Aggregated,0.300000,0.000000,3300,3300,28000,28000,28000,28000,28000,28000,28000,28000,28000,18,0,1900,9982.914194226456,182.10923522857465,28465.361970942467,42.666666666666664
1790155554,16,POST,completion,0.100000,0.000000,28000,28000,28000,28000,28000,28000,28000,28000,28000,28000,28000,6,0,28000,27549.616383699078,25555.902345106006,28465.361970942467,128.0
1790155554,16,TPOT,completion,0.100000,0.000000,210,210,210,210,210,210,210,210,210,210,210,6,0,209.07852746450936,199.60648378600513,182.10923522857465,209.07852746450936,0.0
1790155554,16,TTFT,completion,0.100000,0.000000,3300,3300,3300,3300,3300,3300,3300,3300,3300,3300,3300,6,0,1900,2199.51971519428,1818.5066680889577,3280.3851410280913,0.0
1790155554,16,,Aggregated,0.300000,0.000000,3300,3300,28000,28000,28000,28000,28000,28000,28000,28000,28000,18,0,1900,9982.914194226456,182.10923522857465,28465.361970942467,42.666666666666664
1790155555,16,POST,completion,0.100000,0.000000,28000,28000,28000,28000,28000,28000,28000,28000,28000,28000,28000,6,0,28000,27549.616383699078,25555.902345106006,28465.361970942467,128.0
1790155555,16,TPOT,completion,0.100000,0.000000,210,210,210,210,210,210,210,210,210,210,210,6,0,209.07852746450936,199.60648378600513,182.10923522857465,209.07852746450936,0.0
1790155555,16,TTFT,completion,0.100000,0.000000,3300,3300,3300,3300,3300,3300,3300,3300,3300,3300,3300,6,0,1900,2199.51971519428,1818.5066680889577,3280.3851410280913,0.0
1790155555,16,,Aggregated,0.300000,0.000000,3300,3300,28000,28000,28000,28000,28000,28000,28000,28000,28000,18,0,1900,9982.914194226456,182.10923522857465,28465.361970942467,42.666666666666664
1790155556,16,POST,completion,0.100000,0.000000,28000,28000,28000,28000,28000,28000,28000,28000,28000,28000,28000,6,0,28000,27549.616383699078,25555.902345106006,28465.361970942467,128.0
1790155556,16,TPOT,completion,0.100000,0.000000,210,210,210,210,210,210,210,210,210,210,210,6,0,209.07852746450936,199.60648378600513,182.10923522857465,209.07852746450936,0.0
1790155556,16,TTFT,completion,0.100000,0.000000,3300,3300,3300,3300,3300,3300,3300,3300,3300,3300,3300,6,0,1900,2199.51971519428,1818.5066680889577,3280.3851410280913,0.0
1790155556,16,,Aggregated,0.300000,0.000000,3300,3300,28000,28000,28000,28000,28000,28000,28000,28000,28000,18,0,1900,9982.914194226456,182.10923522857465,28465.361970942467,42.666666666666664
1790155557,16,POST,completion,0.100000,0.000000,28000,28000,28000,28000,28000,28000,28000,28000,28000,28000,28000,6,0,28000,27549.616383699078,25555.902345106006,28465.361970942467,128.0
1790155557,16,TPOT,completion,0.100000,0.000000,210,210,210,210,210,210,210,210,210,210,210,6,0,209.07852746450936,199.60648378600513,182.10923522857465,209.07852746450936,0.0
1790155557,16,TTFT,completion,0.100000,0.000000,3300,3300,3300,3300,3300,3300,3300,3300,3300,3300,3300,6,0,1900,2199.51971519428,1818.5066680889577,3280.3851410280913,0.0
1790155557,16,,Aggregated,0.300000,0.000000,3300,3300,28000,28000,28000,28000,28000,28000,28000,28000,28000,18,0,1900,9982.914194226456,182.10923522857465,28465.361970942467,42.666666666666664
1790155558,16,POST,completion,0.100000,0.000000,28000,28000,28000,28000,28000,28000,28000,28000,28000,28000,28000,6,0,28000,27549.616383699078,25555.902345106006,28465.361970942467,128.0
1790155558,16,TPOT,completion,0.100000,0.000000,210,210,210,210,210,210,210,210,210,210,210,6,0,209.07852746450936,199.60648378600513,182.10923522857465,209.07852746450936,0.0
1790155558,16,TTFT,completion,0.100000,0.000000,3300,3300,3300,3300,3300,3300,3300,3300,3300,3300,3300,6,0,1900,2199.51971519428,1818.5066680889577,3280.3851410280913,0.0
1790155558,16,,Aggregated,0.300000,0.000000,3300,3300,28000,28000,28000,28000,28000,28000,28000,28000,28000,18,0,1900,9982.914194226456,182.10923522857465,28465.361970942467,42.666666666666664
1790155559,16,POST,completion,0.100000,0.000000,0,0,0,0,0,0,0,0,0,0,0,6,0,28000,27549.616383699078,25555.902345106006,28465.361970942467,128.0
1790155559,16,TPOT,completion,0.100000,0.000000,0,0,0,0,0,0,0,0,0,0,0,6,0,209.07852746450936,199.60648378600513,182.10923522857465,209.07852746450936,0.0
1790155559,16,TTFT,completion,0.100000,0.000000,0,0,0,0,0,0,0,0,0,0,0,6,0,1900,2199.51971519428,1818.5066680889577,3280.3851410280913,0.0
1790155559,16,,Aggregated,0.300000,0.000000,0,0,0,0,0,0,0,0,0,0,0,18,0,1900,9982.914194226456,182.10923522857465,28465.361970942467,42.666666666666664
1790155560,16,POST,completion,0.100000,0.000000,0,0,0,0,0,0,0,0,0,0,0,6,0,28000,27549.616383699078,25555.902345106006,28465.361970942467,128.0
1790155560,16,TPOT,completion,0.100000,0.000000,0,0,0,0,0,0,0,0,0,0,0,6,0,209.07852746450936,199.60648378600513,182.10923522857465,209.07852746450936,0.0
1790155560,16,TTFT,completion,0.100000,0.000000,0,0,0,0,0,0,0,0,0,0,0,6,0,1900,2199.51971519428,1818.5066680889577,3280.3851410280913,0.0
1790155560,16,,Aggregated,0.300000,0.000000,0,0,0,0,0,0,0,0,0,0,0,18,0,1900,9982.914194226456,182.10923522857465,28465.361970942467,42.666666666666664
1790155561,16,POST,completion,0.100000,0.000000,0,0,0,0,0,0,0,0,0,0,0,6,0,28000,27549.616383699078,25555.902345106006,28465.361970942467,128.0
1790155561,16,TPOT,completion,0.100000,0.000000,0,0,0,0,0,0,0,0,0,0,0,6,0,209.07852746450936,199.60648378600513,182.10923522857465,209.07852746450936,0.0
1790155561,16,TTFT,completion,0.100000,0.000000,0,0,0,0,0,0,0,0,0,0,0,6,0,1900,2199.51971519428,1818.5066680889577,3280.3851410280913,0.0
1790155561,16,,Aggregated,0.300000,0.000000,0,0,0,0,0,0,0,0,0,0,0,18,0,1900,9982.914194226456,182.10923522857465,28465.361970942467,42.666666666666664
1790155562,16,POST,completion,0.100000,0.000000,0,0,0,0,0,0,0,0,0,0,0,6,0,28000,27549.616383699078,25555.902345106006,28465.361970942467,128.0
1790155562,16,TPOT,completion,0.100000,0.000000,0,0,0,0,0,0,0,0,0,0,0,6,0,209.07852746450936,199.60648378600513,182.10923522857465,209.07852746450936,0.0
1790155562,16,TTFT,completion,0.100000,0.000000,0,0,0,0,0,0,0,0,0,0,0,6,0,1900,2199.51971519428,1818.5066680889577,3280.3851410280913,0.0
1790155562,16,,Aggregated,0.300000,0.000000,0,0,0,0,0,0,0,0,0,0,0,18,0,1900,9982.914194226456,182.10923522857465,28465.361970942467,42.666666666666664
1790155563,16,POST,completion,0.100000,0.000000,0,0,0,0,0,0,0,0,0,0,0,6,0,28000,27549.616383699078,25555.902345106006,28465.361970942467,128.0
1790155563,16,TPOT,completion,0.100000,0.000000,0,0,0,0,0,0,0,0,0,0,0,6,0,209.07852746450936,199.60648378600513,182.10923522857465,209.07852746450936,0.0
1790155563,16,TTFT,completion,0.100000,0.000000,0,0,0,0,0,0,0,0,0,0,0,6,0,1900,2199.51971519428,1818.5066680889577,3280.3851410280913,0.0
1790155563,16,,Aggregated,0.300000,0.000000,0,0,0,0,0,0,0,0,0,0,0,18,0,1900,9982.914194226456,182.10923522857465,28465.361970942467,42.666666666666664
1790155564,16,POST,completion,0.100000,0.000000,0,0,0,0,0,0,0,0,0,0,0,6,0,28000,27549.616383699078,25555.902345106006,28465.361970942467,128.0
1790155564,16,TPOT,completion,0.100000,0.000000,0,0,0,0,0,0,0,0,0,0,0,6,0,209.07852746450936,199.60648378600513,182.10923522857465,209.07852746450936,0.0
1790155564,16,TTFT,completion,0.100000,0.000000,0,0,0,0,0,0,0,0,0,0,0,6,0,1900,2199.51971519428,1818.5066680889577,3280.3851410280913,0.0
1790155564,16,,Aggregated,0.300000,0.000000,0,0,0,0,0,0,0,0,0,0,0,18,0,1900,9982.914194226456,182.10923522857465,28465.361970942467,42.666666666666664
1790155565,16,POST,completion,0.100000,0.000000,0,0,0,0,0,0,0,0,0,0,0,6,0,28000,27549.616383699078,25555.902345106006,28465.361970942467,128.0
1790155565,16,TPOT,completion,0.100000,0.000000,0,0,0,0,0,0,0,0,0,0,0,6,0,209.07852746450936,199.60648378600513,182.10923522857465,209.07852746450936,0.0
1790155565,16,TTFT,completion,0.100000,0.000000,0,0,0,0,0,0,0,0,0,0,0,6,0,1900,2199.51971519428,1818.5066680889577,3280.3851410280913,0.0
1790155565,16,,Aggregated,0.300000,0.000000,0,0,0,0,0,0,0,0,0,0,0,18,0,1900,9982.914194226456,182.10923522857465,28465.361970942467,42.666666666666664
1790155566,16,POST,completion,0.100000,0.000000,0,0,0,0,0,0,0,0,0,0,0,6,0,28000,27549.616383699078,25555.902345106006,28465.361970942467,128.0
1790155566,16,TPOT,completion,0.100000,0.000000,0,0,0,0,0,0,0,0,0,0,0,6,0,209.07852746450936,199.60648378600513,182.10923522857465,209.07852746450936,0.0
1790155566,16,TTFT,completion,0.100000,0.000000,0,0,0,0,0,0,0,0,0,0,0,6,0,1900,2199.51971519428,1818.5066680889577,3280.3851410280913,0.0
1790155566,16,,Aggregated,0.300000,0.000000,0,0,0,0,0,0,0,0,0,0,0,18,0,1900,9982.914194226456,182.10923522857465,28465.361970942467,42.666666666666664
1790155567,16,POST,completion,0.100000,0.000000,0,0,0,0,0,0,0,0,0,0,0,6,0,28000,27549.616383699078,25555.902345106006,28465.361970942467,128.0
1790155567,16,TPOT,completion,0.100000,0.000000,0,0,0,0,0,0,0,0,0,0,0,6,0,209.07852746450936,199.60648378600513,182.10923522857465,209.07852746450936,0.0
1790155567,16,TTFT,completion,0.100000,0.000000,0,0,0,0,0,0,0,0,0,0,0,6,0,1900,2199.51971519428,1818.5066680889577,3280.3851410280913,0.0
1790155567,16,,Aggregated,0.300000,0.000000,0,0,0,0,0,0,0,0,0,0,0,18,0,1900,9982.914194226456,182.10923522857465,28465.361970942467,42.666666666666664
1790155568,16,POST,completion,0.100000,0.000000,0,0,0,0,0,0,0,0,0,0,0,6,0,28000,27549.616383699078,25555.902345106006,28465.361970942467,128.0
1790155568,16,TPOT,completion,0.100000,0.000000,0,0,0,0,0,0,0,0,0,0,0,6,0,209.07852746450936,199.60648378600513,182.10923522857465,209.07852746450936,0.0
1790155568,16,TTFT,completion,0.100000,0.000000,0,0,0,0,0,0,0,0,0,0,0,6,0,1900,2199.51971519428,1818.5066680889577,3280.3851410280913,0.0
1790155568,16,,Aggregated,0.300000,0.000000,0,0,0,0,0,0,0,0,0,0,0,18,0,1900,9982.914194226456,182.10923522857465,28465.361970942467,42.666666666666664
1790155569,16,POST,completion,0.100000,0.000000,0,0,0,0,0,0,0,0,0,0,0,6,0,28000,27549.616383699078,25555.902345106006,28465.361970942467,128.0
1790155569,16,TPOT,completion,0.100000,0.000000,0,0,0,0,0,0,0,0,0,0,0,6,0,209.07852746450936,199.60648378600513,182.10923522857465,209.07852746450936,0.0
1790155569,16,TTFT,completion,0.100000,0.000000,0,0,0,0,0,0,0,0,0,0,0,6,0,1900,2199.51971519428,1818.5066680889577,3280.3851410280913,0.0
1790155569,16,,Aggregated,0.300000,0.000000,0,0,0,0,0,0,0,0,0,0,0,18,0,1900,9982.914194226456,182.10923522857465,28465.361970942467,42.666666666666664
1790155570,16,POST,completion,0.100000,0.000000,0,0,0,0,0,0,0,0,0,0,0,6,0,28000,27549.616383699078,25555.902345106006,28465.361970942467,128.0
1790155570,16,TPOT,completion,0.100000,0.000000,0,0,0,0,0,0,0,0,0,0,0,6,0,209.07852746450936,199.60648378600513,182.10923522857465,209.07852746450936,0.0
1790155570,16,TTFT,completion,0.100000,0.000000,0,0,0,0,0,0,0,0,0,0,0,6,0,1900,2199.51971519428,1818.5066680889577,3280.3851410280913,0.0
1790155570,16,,Aggregated,0.300000,0.000000,0,0,0,0,0,0,0,0,0,0,0,18,0,1900,9982.914194226456,182.10923522857465,28465.361970942467,42.666666666666664
1790155571,16,POST,completion,0.100000,0.000000,0,0,0,0,0,0,0,0,0,0,0,6,0,28000,27549.616383699078,25555.902345106006,28465.361970942467,128.0
1790155571,16,TPOT,completion,0.100000,0.000000,0,0,0,0,0,0,0,0,0,0,0,6,0,209.07852746450936,199.60648378600513,182.10923522857465,209.07852746450936,0.0
1790155571,16,TTFT,completion,0.100000,0.000000,0,0,0,0,0,0,0,0,0,0,0,6,0,1900,2199.51971519428,1818.5066680889577,3280.3851410280913,0.0
1790155571,16,,Aggregated,0.300000,0.000000,0,0,0,0,0,0,0,0,0,0,0,18,0,1900,9982.914194226456,182.10923522857465,28465.361970942467,42.666666666666664
1790155572,16,POST,completion,0.100000,0.000000,0,0,0,0,0,0,0,0,0,0,0,6,0,28000,27549.616383699078,25555.902345106006,28465.361970942467,128.0
1790155572,16,TPOT,completion,0.100000,0.000000,0,0,0,0,0,0,0,0,0,0,0,6,0,209.07852746450936,199.60648378600513,182.10923522857465,209.07852746450936,0.0
1790155572,16,TTFT,completion,0.100000,0.000000,0,0,0,0,0,0,0,0,0,0,0,6,0,1900,2199.51971519428,1818.5066680889577,3280.3851410280913,0.0
1790155572,16,,Aggregated,0.300000,0.000000,0,0,0,0,0,0,0,0,0,0,0,18,0,1900,9982.914194226456,182.10923522857465,28465.361970942467,42.666666666666664
1790155573,16,POST,completion,0.100000,0.000000,0,0,0,0,0,0,0,0,0,0,0,6,0,28000,27549.616383699078,25555.902345106006,28465.361970942467,128.0
1790155573,16,TPOT,completion,0.100000,0.000000,0,0,0,0,0,0,0,0,0,0,0,6,0,209.07852746450936,199.60648378600513,182.10923522857465,209.07852746450936,0.0
1790155573,16,TTFT,completion,0.100000,0.000000,0,0,0,0,0,0,0,0,0,0,0,6,0,1900,2199.51971519428,1818.5066680889577,3280.3851410280913,0.0
1790155573,16,,Aggregated,0.300000,0.000000,0,0,0,0,0,0,0,0,0,0,0,18,0,1900,9982.914194226456,182.10923522857465,28465.361970942467,42.666666666666664
1790155574,16,POST,completion,0.000000,0.000000,46000,46000,46000,46000,46000,46000,46000,46000,46000,46000,46000,7,0,28000,30244.784978451207,25555.902345106006,46415.796546963975,128.0
1790155574,16,TPOT,completion,0.000000,0.000000,350,350,350,350,350,350,350,350,350,350,350,7,0,210,221.16834557582746,182.10923522857465,350.5395163147615,0.0
1790155574,16,TTFT,completion,0.000000,0.000000,1900,1900,1900,1900,1900,1900,1900,1900,1900,1900,1900,7,0,1900,2156.334813285087,1818.5066680889577,3280.3851410280913,0.0
1790155574,16,,Aggregated,0.000000,0.000000,1900,1900,46000,46000,46000,46000,46000,46000,46000,46000,46000,21,0,1900,10874.096045770708,182.10923522857465,46415.796546963975,42.666666666666664
1790155575,16,POST,completion,0.000000,0.000000,46000,46000,46000,46000,46000,46000,46000,46000,46000,46000,46000,7,0,28000,30244.784978451207,25555.902345106006,46415.796546963975,128.0
1790155575,16,TPOT,completion,0.000000,0.000000,350,350,350,350,350,350,350,350,350,350,350,7,0,210,221.16834557582746,182.10923522857465,350.5395163147615,0.0
1790155575,16,TTFT,completion,0.000000,0.000000,1900,1900,1900,1900,1900,1900,1900,1900,1900,1900,1900,7,0,1900,2156.334813285087,1818.5066680889577,3280.3851410280913,0.0
1790155575,16,,Aggregated,0.000000,0.000000,1900,1900,46000,46000,46000,46000,46000,46000,46000,46000,46000,21,0,1900,10874.096045770708,182.10923522857465,46415.796546963975,42.666666666666664
1790155576,16,POST,completion,0.000000,0.000000,46000,46000,46000,46000,46000,46000,46000,46000,46000,46000,46000,7,0,28000,30244.784978451207,25555.902345106006,46415.796546963975,128.0
1790155576,16,TPOT,completion,0.000000,0.000000,350,350,350,350,350,350,350,350,350,350,350,7,0,210,221.16834557582746,182.10923522857465,350.5395163147615,0.0
1790155576,16,TTFT,completion,0.000000,0.000000,1900,1900,1900,1900,1900,1900,1900,1900,1900,1900,1900,7,0,1900,2156.334813285087,1818.5066680889577,3280.3851410280913,0.0
1790155576,16,,Aggregated,0.000000,0.000000,1900,1900,46000,46000,46000,46000,46000,46000,46000,46000,46000,21,0,1900,10874.096045770708,182.10923522857465,46415.796546963975,42.666666666666664
1790155577,16,POST,completion,0.100000,0.000000,46000,46000,47000,47000,47000,47000,47000,47000,47000,47000,47000,9,0,28000,33779.0874063503,25555.902345106006,46697.792399907485,128.0
1790155577,16,TPOT,completion,0.100000,0.000000,350,350,350,350,350,350,350,350,350,350,350,9,0,210,248.97640992130366,182.10923522857465,352.7652563391561,0.0
1790155577,16,TTFT,completion,0.100000,0.000000,1900,1900,2400,2400,2400,2400,2400,2400,2400,2400,2400,9,0,1900,2159.0173919943886,1818.5066680889577,3280.3851410280913,0.0
1790155577,16,,Aggregated,0.300000,0.000000,1900,2400,46000,46000,47000,47000,47000,47000,47000,47000,47000,27,0,1900,12062.360402755332,182.10923522857465,46697.792399907485,42.666666666666664
1790155578,16,POST,completion,0.100000,0.000000,46000,46000,47000,47000,47000,47000,47000,47000,47000,47000,47000,9,0,28000,33779.0874063503,25555.902345106006,46697.792399907485,128.0
1790155578,16,TPOT,completion,0.100000,0.000000,350,350,350,350,350,350,350,350,350,350,350,9,0,210,248.97640992130366,182.10923522857465,352.7652563391561,0.0
1790155578,16,TTFT,completion,0.100000,0.000000,1900,1900,2400,2400,2400,2400,2400,2400,2400,2400,2400,9,0,1900,2159.0173919943886,1818.5066680889577,3280.3851410280913,0.0
1790155578,16,,Aggregated,0.300000,0.000000,1900,2400,46000,46000,47000,47000,47000,47000,47000,47000,47000,27,0,1900,12062.360402755332,182.10923522857465,46697.792399907485,42.666666666666664
1790155579,16,POST,completion,0.100000,0.000000,46000,46000,47000,47000,47000,47000,47000,47000,47000,47000,47000,9,0,28000,33779.0874063503,25555.902345106006,46697.792399907485,128.0
1790155579,16,TPOT,completion,0.100000,0.000000,350,350,350,350,350,350,350,350,350,350,350,9,0,210,248.97640992130366,182.10923522857465,352.7652563391561,0.0
1790155579,16,TTFT,completion,0.100000,0.000000,1900,1900,2400,2400,2400,2400,2400,2400,2400,2400,2400,9,0,1900,2159.0173919943886,1818.5066680889577,3280.3851410280913,0.0
1790155579,16,,Aggregated,0.300000,0.000000,1900,2400,46000,46000,47000,47000,47000,47000,47000,47000,47000,27,0,1900,12062.360402755332,182.10923522857465,46697.792399907485,42.666666666666664
1790155580,16,POST,completion,0.100000,0.000000,46000,46000,47000,47000,47000,47000,47000,47000,47000,47000,47000,9,0,28000,33779.0874063503,25555.902345106006,46697.792399907485,128.0
1790155580,16,TPOT,completion,0.100000,0.000000,350,350,350,350,350,350,350,350,350,350,350,9,0,210,248.97640992130366,182.10923522857465,352.7652563391561,0.0
1790155580,16,TTFT,completion,0.100000,0.000000,1900,1900,2400,2400,2400,2400,2400,2400,2400,2400,2400,9,0,1900,2159.0173919943886,1818.5066680889577,3280.3851410280913,0.0
1790155580,16,,Aggregated,0.300000,0.000000,1900,2400,46000,46000,47000,47000,47000,47000,47000,47000,47000,27,0,1900,12062.360402755332,182.10923522857465,46697.792399907485,42.666666666666664
1790155581,16,POST,completion,0.100000,0.000000,46000,46000,47000,47000,47000,47000,47000,47000,47000,47000,47000,9,0,28000,33779.0874063503,25555.902345106006,46697.792399907485,128.0
1790155581,16,TPOT,completion,0.100000,0.000000,350,350,350,350,350,350,350,350,350,350,350,9,0,210,248.97640992130366,182.10923522857465,352.7652563391561,0.0
1790155581,16,TTFT,completion,0.100000,0.000000,1900,1900,2400,2400,2400,2400,2400,2400,2400,2400,2400,9,0,1900,2159.0173919943886,1818.5066680889577,3280.3851410280913,0.0
1790155581,16,,Aggregated,0.300000,0.000000,1900,2400,46000,46000,47000,47000,47000,47000,47000,47000,47000,27,0,1900,12062.360402755332,182.10923522857465,46697.792399907485,42.666666666666664
1790155582,16,POST,completion,0.100000,0.000000,46000,46000,47000,47000,47000,47000,47000,47000,47000,47000,47000,9,0,28000,33779.0874063503,25555.902345106006,46697.792399907485,128.0
1790155582,16,TPOT,completion,0.100000,0.000000,350,350,350,350,350,350,350,350,350,350,350,9,0,210,248.97640992130366,182.10923522857465,352.7652563391561,0.0
1790155582,16,TTFT,completion,0.100000,0.000000,1900,1900,2400,2400,2400,2400,2400,2400,2400,2400,2400,9,0,1900,2159.0173919943886,1818.5066680889577,3280.3851410280913,0.0
1790155582,16,,Aggregated,0.300000,0.000000,1900,2400,46000,46000,47000,47000,47000,47000,47000,47000,47000,27,0,1900,12062.360402755332,182.10923522857465,46697.792399907485,42.666666666666664
1790155583,16,POST,completion,0.100000,0.000000,46000,46000,47000,47000,47000,47000,47000,47000,47000,47000,47000,9,0,28000,33779.0874063503,25555.902345106006,46697.792399907485,128.0
1790155583,16,TPOT,completion,0.100000,0.000000,350,350,350,350,350,350,350,350,350,350,350,9,0,210,248.97640992130366,182.10923522857465,352.7652563391561,0.0
1790155583,16,TTFT,completion,0.100000,0.000000,1900,1900,2400,2400,2400,2400,2400,2400,2400,2400,2400,9,0,1900,2159.0173919943886,1818.5066680889577,3280.3851410280913,0.0
1790155583,16,,Aggregated,0.300000,0.000000,1900,2400,46000,46000,47000,47000,47000,47000,47000,47000,47000,27,0,1900,12062.360402755332,182.10923522857465,46697.792399907485,42.666666666666664
1790155584,16,POST,completion,0.100000,0.000000,47000,47000,47000,47000,47000,47000,47000,47000,47000,47000,47000,9,0,28000,33779.0874063503,25555.902345106006,46697.792399907485,128.0
1790155584,16,TPOT,completion,0.100000,0.000000,350,350,350,350,350,350,350,350,350,350,350,9,0,210,248.97640992130366,182.10923522857465,352.7652563391561,0.0
1790155584,16,TTFT,completion,0.100000,0.000000,2400,2400,2400,2400,2400,2400,2400,2400,2400,2400,2400,9,0,1900,2159.0173919943886,1818.5066680889577,3280.3851410280913,0.0
1790155584,16,,Aggregated,0.300000,0.000000,2400,2400,46000,46000,47000,47000,47000,47000,47000,47000,47000,27,0,1900,12062.360402755332,182.10923522857465,46697.792399907485,42.666666666666664
1790155585,16,POST,completion,0.300000,0.000000,47000,47000,48000,48000,48000,48000,48000,48000,48000,48000,48000,10,0,28000,35153.93826991785,25555.902345106006,47527.596042025834,128.0
1790155585,16,TPOT,completion,0.300000,0.000000,350,350,360,360,360,360,360,360,360,360,360,10,0,210,260.0643519456975,182.10923522857465,359.85583016524225,0.0
1790155585,16,TTFT,completion,0.300000,0.000000,1900,1900,2400,2400,2400,2400,2400,2400,2400,2400,2400,10,0,1900,2125.7005219813436,1818.5066680889577,3280.3851410280913,0.0
1790155585,16,,Aggregated,0.900000,0.000000,1900,2400,46000,47000,48000,48000,48000,48000,48000,48000,48000,30,0,1900,12513.234381281633,182.10923522857465,47527.596042025834,42.666666666666664
1790155586,16,POST,completion,0.300000,0.000000,47000,47000,48000,48000,48000,48000,48000,48000,48000,48000,48000,10,0,28000,35153.93826991785,25555.902345106006,47527.596042025834,128.0
1790155586,16,TPOT,completion,0.300000,0.000000,350,350,360,360,360,360,360,360,360,360,360,10,0,210,260.0643519456975,182.10923522857465,359.85583016524225,0.0
1790155586,16,TTFT,completion,0.300000,0.000000,1900,1900,2400,2400,2400,2400,2400,2400,2400,2400,2400,10,0,1900,2125.7005219813436,1818.5066680889577,3280.3851410280913,0.0
1790155586,16,,Aggregated,0.900000,0.000000,1900,2400,46000,47000,48000,48000,48000,48000,48000,48000,48000,30,0,1900,12513.234381281633,182.10923522857465,47527.596042025834,42.666666666666664
1790155587,16,POST,completion,0.300000,0.000000,47000,47000,48000,48000,48000,48000,48000,48000,48000,48000,48000,10,0,28000,35153.93826991785,25555.902345106006,47527.596042025834,128.0
1790155587,16,TPOT,completion,0.300000,0.000000,350,350,360,360,360,360,360,360,360,360,360,10,0,210,260.0643519456975,182.10923522857465,359.85583016524225,0.0
1790155587,16,TTFT,completion,0.300000,0.000000,1900,1900,2400,2400,2400,2400,2400,2400,2400,2400,2400,10,0,1900,2125.7005219813436,1818.5066680889577,3280.3851410280913,0.0
1790155587,16,,Aggregated,0.900000,0.000000,1900,2400,46000,47000,48000,48000,48000,48000,48000,48000,48000,30,0,1900,12513.234381281633,182.10923522857465,47527.596042025834,42.666666666666664
1790155588,16,POST,completion,0.300000,0.000000,47000,47000,48000,48000,48000,48000,48000,48000,48000,48000,48000,10,0,28000,35153.93826991785,25555.902345106006,47527.596042025834,128.0
1790155588,16,TPOT,completion,0.300000,0.000000,350,350,360,360,360,360,360,360,360,360,360,10,0,210,260.0643519456975,182.10923522857465,359.85583016524225,0.0
1790155588,16,TTFT,completion,0.300000,0.000000,1900,1900,2400,2400,2400,2400,2400,2400,2400,2400,2400,10,0,1900,2125.7005219813436,1818.5066680889577,3280.3851410280913,0.0
1790155588,16,,Aggregated,0.900000,0.000000,1900,2400,46000,47000,48000,48000,48000,48000,48000,48000,48000,30,0,1900,12513.234381281633,182.10923522857465,47527.596042025834,42.666666666666664
1790155589,16,POST,completion,0.300000,0.000000,47000,47000,48000,48000,48000,48000,48000,48000,48000,48000,48000,10,0,28000,35153.93826991785,25555.902345106006,47527.596042025834,128.0
1790155589,16,TPOT,completion,0.300000,0.000000,350,350,360,360,360,360,360,360,360,360,360,10,0,210,260.0643519456975,182.10923522857465,359.85583016524225,0.0
1790155589,16,TTFT,completion,0.300000,0.000000,1900,1900,2400,2400,2400,2400,2400,2400,2400,2400,2400,10,0,1900,2125.7005219813436,1818.5066680889577,3280.3851410280913,0.0
1790155589,16,,Aggregated,0.900000,0.000000,1900,2400,46000,47000,48000,48000,48000,48000,48000,48000,48000,30,0,1900,12513.234381281633,182.10923522857465,47527.596042025834,42.666666666666664
1790155590,16,POST,completion,0.300000,0.000000,48000,48000,48000,48000,48000,48000,48000,48000,48000,48000,48000,10,0,28000,35153.93826991785,25555.902345106006,47527.596042025834,128.0
1790155590,16,TPOT,completion,0.300000,0.000000,360,360,360,360,360,360,360,360,360,360,360,10,0,210,260.0643519456975,182.10923522857465,359.85583016524225,0.0
1790155590,16,TTFT,completion,0.300000,0.000000,1800,1800,1800,1800,1800,1800,1800,1800,1800,1800,1800,10,0,1900,2125.7005219813436,1818.5066680889577,3280.3851410280913,0.0
1790155590,16,,Aggregated,0.900000,0.000000,1800,1800,48000,48000,48000,48000,48000,48000,48000,48000,48000,30,0,1900,12513.234381281633,182.10923522857465,47527.596042025834,42.666666666666664
1790155591,16,POST,completion,0.100000,0.000000,49000,49000,49000,49000,49000,49000,49000,49000,49000,49000,49000,11,0,28000,36370.02954909324,25555.902345106006,48530.942340847105,128.0
1790155591,16,TPOT,completion,0.100000,0.000000,370,370,370,370,370,370,370,370,370,370,370,11,0,210,269.77669295062213,182.10923522857465,366.900102999868,0.0
1790155591,16,TTFT,completion,0.100000,0.000000,1900,1900,1900,1900,1900,1900,1900,1900,1900,1900,1900,11,0,1900,2108.3256561647763,1818.5066680889577,3280.3851410280913,0.0
1790155591,16,,Aggregated,0.300000,0.000000,1900,1900,48000,48000,49000,49000,49000,49000,49000,49000,49000,33,0,1900,12916.043966069548,182.10923522857465,48530.942340847105,42.666666666666664
1790155592,16,POST,completion,0.100000,0.000000,49000,49000,49000,49000,49000,49000,49000,49000,49000,49000,49000,11,0,28000,36370.02954909324,25555.902345106006,48530.942340847105,128.0
1790155592,16,TPOT,completion,0.100000,0.000000,370,370,370,370,370,370,370,370,370,370,370,11,0,210,269.77669295062213,182.10923522857465,366.900102999868,0.0
1790155592,16,TTFT,completion,0.100000,0.000000,1900,1900,1900,1900,1900,1900,1900,1900,1900,1900,1900,11,0,1900,2108.3256561647763,1818.5066680889577,3280.3851410280913,0.0
1790155592,16,,Aggregated,0.300000,0.000000,1900,1900,48000,48000,49000,49000,49000,49000,49000,49000,49000,33,0,1900,12916.043966069548,182.10923522857465,48530.942340847105,42.666666666666664
1790155593,16,POST,completion,0.100000,0.000000,49000,49000,49000,49000,49000,49000,49000,49000,49000,49000,49000,11,0,28000,36370.02954909324,25555.902345106006,48530.942340847105,128.0
1790155593,16,TPOT,completion,0.100000,0.000000,370,370,370,370,370,370,370,370,370,370,370,11,0,210,269.77669295062213,182.10923522857465,366.900102999868,0.0
1790155593,16,TTFT,completion,0.100000,0.000000,1900,1900,1900,1900,1900,1900,1900,1900,1900,1900,1900,11,0,1900,2108.3256561647763,1818.5066680889577,3280.3851410280913,0.0
1790155593,16,,Aggregated,0.300000,0.000000,1900,1900,48000,48000,49000,49000,49000,49000,49000,49000,49000,33,0,1900,12916.043966069548,182.10923522857465,48530.942340847105,42.666666666666664
1790155594,16,POST,completion,0.100000,0.000000,49000,49000,49000,49000,49000,49000,49000,49000,49000,49000,49000,11,0,28000,36370.02954909324,25555.902345106006,48530.942340847105,128.0
1790155594,16,TPOT,completion,0.100000,0.000000,370,370,370,370,370,370,370,370,370,370,370,11,0,210,269.77669295062213,182.10923522857465,366.900102999868,0.0
1790155594,16,TTFT,completion,0.100000,0.000000,1900,1900,1900,1900,1900,1900,1900,1900,1900,1900,1900,11,0,1900,2108.3256561647763,1818.5066680889577,3280.3851410280913,0.0
1790155594,16,,Aggregated,0.300000,0.000000,1900,1900,48000,48000,49000,49000,49000,49000,49000,49000,49000,33,0,1900,12916.043966069548,182.10923522857465,48530.942340847105,42.666666666666664
1790155595,16,POST,completion,0.100000,0.000000,49000,49000,49000,49000,49000,49000,49000,49000,49000,49000,49000,11,0,28000,36370.02954909324,25555.902345106006,48530.942340847105,128.0
1790155595,16,TPOT,completion,0.100000,0.000000,370,370,370,370,370,370,370,370,370,370,370,11,0,210,269.77669295062213,182.10923522857465,366.900102999868,0.0
1790155595,16,TTFT,completion,0.100000,0.000000,1900,1900,1900,1900,1900,1900,1900,1900,1900,1900,1900,11,0,1900,2108.3256561647763,1818.5066680889577,3280.3851410280913,0.0
1790155595,16,,Aggregated,0.300000,0.000000,1900,1900,48000,48000,49000,49000,49000,49000,49000,49000,49000,33,0,1900,12916.043966069548,182.10923522857465,48530.942340847105,42.666666666666664
1790155596,16,POST,completion,0.100000,0.000000,49000,49000,49000,49000,49000,49000,49000,49000,49000,49000,49000,11,0,28000,36370.02954909324,25555.902345106006,48530.942340847105,128.0
1790155596,16,TPOT,completion,0.100000,0.000000,370,370,370,370,370,370,370,370,370,370,370,11,0,210,269.77669295062213,182.10923522857465,366.900102999868,0.0
1790155596,16,TTFT,completion,0.100000,0.000000,1900,1900,1900,1900,1900,1900,1900,1900,1900,1900,1900,11,0,1900,2108.3256561647763,1818.5066680889577,3280.3851410280913,0.0
1790155596,16,,Aggregated,0.300000,0.000000,1900,1900,48000,48000,49000,49000,49000,49000,49000,49000,49000,33,0,1900,12916.043966069548,182.10923522857465,48530.942340847105,42.666666666666664
1790155597,16,POST,completion,0.100000,0.000000,49000,49000,49000,49000,49000,49000,49000,49000,49000,49000,49000,11,0,28000,36370.02954909324,25555.902345106006,48530.942340847105,128.0
1790155597,16,TPOT,completion,0.100000,0.000000,370,370,370,370,370,370,370,370,370,370,370,11,0,210,269.77669295062213,182.10923522857465,366.900102999868,0.0
1790155597,16,TTFT,completion,0.100000,0.000000,1900,1900,1900,1900,1900,1900,1900,1900,1900,1900,1900,11,0,1900,2108.3256561647763,1818.5066680889577,3280.3851410280913,0.0
1790155597,16,,Aggregated,0.300000,0.000000,1900,1900,49000,49000,49000,49000,49000,49000,49000,49000,49000,33,0,1900,12916.043966069548,182.10923522857465,48530.942340847105,42.666666666666664
1790155598,16,POST,completion,0.100000,0.000000,49000,49000,49000,49000,49000,49000,49000,49000,49000,49000,49000,13,0,46000,38259.91398223246,25555.902345106006,49402.02960604802,128.0
1790155598,16,TPOT,completion,0.100000,0.000000,370,370,370,370,370,370,370,370,370,370,370,13,0,340,284.82309415745243,182.10923522857465,374.08026331471,0.0
1790155598,16,TTFT,completion,0.100000,0.000000,1900,1900,2000,2000,2000,2000,2000,2000,2000,2000,2000,13,0,1900,2087.318242133523,1818.5066680889577,3280.3851410280913,0.0
1790155598,16,,Aggregated,0.300000,0.000000,1900,2000,48000,49000,49000,49000,49000,49000,49000,49000,49000,39,0,1900,13544.018439507814,182.10923522857465,49402.02960604802,42.666666666666664
1790155599,16,POST,completion,0.100000,0.000000,49000,49000,49000,49000,49000,49000,49000,49000,49000,49000,49000,13,0,46000,38259.91398223246,25555.902345106006,49402.02960604802,128.0
1790155599,16,TPOT,completion,0.100000,0.000000,370,370,370,370,370,370,370,370,370,370,370,13,0,340,284.82309415745243,182.10923522857465,374.08026331471,0.0
1790155599,16,TTFT,completion,0.100000,0.000000,1900,1900,2000,2000,2000,2000,2000,2000,2000,2000,2000,13,0,1900,2087.318242133523,1818.5066680889577,3280.3851410280913,0.0
1790155599,16,,Aggregated,0.300000,0.000000,1900,2000,48000,49000,49000,49000,49000,49000,49000,49000,49000,39,0,1900,13544.018439507814,182.10923522857465,49402.02960604802,42.666666666666664
1790155600,16,POST,completion,0.100000,0.000000,49000,49000,49000,49000,49000,49000,49000,49000,49000,49000,49000,16,0,46000,39969.57666732487,25555.902345106006,49402.02960604802,128.0
1790155600,16,TPOT,completion,0.100000,0.000000,360,360,370,370,370,370,370,370,370,370,370,16,0,350,295.8427132608041,182.10923522857465,374.08026331471,0.0
1790155600,16,TTFT,completion,0.100000,0.000000,2100,2100,4000,4000,5000,5000,5000,5000,5000,5000,5000,16,0,1900,2397.490960676805,1818.5066680889577,5047.9396199807525,0.0
1790155600,16,,Aggregated,0.300000,0.000000,2100,5000,48000,48000,49000,49000,49000,49000,49000,49000,49000,48,0,1900,14220.970113754162,182.10923522857465,49402.02960604802,42.666666666666664
1790155601,16,POST,completion,0.100000,0.000000,49000,49000,49000,49000,49000,49000,49000,49000,49000,49000,49000,16,0,46000,39969.57666732487,25555.902345106006,49402.02960604802,128.0
1790155601,16,TPOT,completion,0.100000,0.000000,360,360,370,370,370,370,370,370,370,370,370,16,0,350,295.8427132608041,182.10923522857465,374.08026331471,0.0
1790155601,16,TTFT,completion,0.100000,0.000000,2100,2100,4000,4000,5000,5000,5000,5000,5000,5000,5000,16,0,1900,2397.490960676805,1818.5066680889577,5047.9396199807525,0.0
1790155601,16,,Aggregated,0.300000,0.000000,2100,5000,48000,48000,49000,49000,49000,49000,49000,49000,49000,48,0,1900,14220.970113754162,182.10923522857465,49402.02960604802,42.666666666666664
1790155602,16,POST,completion,0.100000,0.000000,49000,49000,49000,49000,49000,49000,49000,49000,49000,49000,49000,16,0,46000,39969.57666732487,25555.902345106006,49402.02960604802,128.0
1790155602,16,TPOT,completion,0.100000,0.000000,360,360,370,370,370,370,370,370,370,370,370,16,0,350,295.8427132608041,182.10923522857465,374.08026331471,0.0
1790155602,16,TTFT,completion,0.100000,0.000000,2100,2100,4000,4000,5000,5000,5000,5000,5000,5000,5000,16,0,1900,2397.490960676805,1818.5066680889577,5047.9396199807525,0.0
1790155602,16,,Aggregated,0.300000,0.000000,2100,5000,48000,48000,49000,49000,49000,49000,49000,49000,49000,48,0,1900,14220.970113754162,182.10923522857465,49402.02960604802,42.666666666666664
1790155603,16,POST,completion,0.600000,0.000000,48000,48000,49000,49000,49000,49000,49000,49000,49000,49000,49000,19,0,46000,41012.94325663414,25555.902345106006,49402.02960604802,128.0
1790155603,16,TPOT,completion,0.600000,0.000000,350,350,360,370,370,370,370,370,370,370,370,19,0,330,299.75887217724494,182.10923522857465,374.08026331471,0.0
1790155603,16,TTFT,completion,0.600000,0.000000,4000,5000,5300,5900,6400,6400,6400,6400,6400,6400,6400,19,0,2000,2943.5079224701776,1818.5066680889577,6377.323111053556,0.0
1790155603,16,,Aggregated,1.800000,0.000000,4000,6400,47000,47000,49000,49000,49000,49000,49000,49000,49000,57,0,2000,14752.070017093854,182.10923522857465,49402.02960604802,42.666666666666664
1790155604,16,POST,completion,0.600000,0.000000,47000,48000,48000,49000,49000,49000,49000,49000,49000,49000,49000,21,0,46000,41370.06799071761,25555.902345106006,49402.02960604802,128.0
1790155604,16,TPOT,completion,0.600000,0.000000,330,350,350,360,370,370,370,370,370,370,370,21,0,320,299.2614470639646,182.10923522857465,374.08026331471,0.0
1790155604,16,TTFT,completion,0.600000,0.000000,5300,5900,6400,6900,7900,7900,7900,7900,7900,7900,7900,21,0,2100,3363.806892574454,1818.5066680889577,7858.261662069708,0.0
1790155604,16,,Aggregated,1.800000,0.000000,5300,7900,45000,47000,48000,49000,49000,49000,49000,49000,49000,63,0,2100,15011.045443452009,182.10923522857465,49402.02960604802,42.666666666666664
1790155605,16,POST,completion,0.600000,0.000000,47000,48000,48000,49000,49000,49000,49000,49000,49000,49000,49000,21,0,46000,41370.06799071761,25555.902345106006,49402.02960604802,128.0
1790155605,16,TPOT,completion,0.600000,0.000000,330,350,350,360,370,370,370,370,370,370,370,21,0,320,299.2614470639646,182.10923522857465,374.08026331471,0.0
1790155605,16,TTFT,completion,0.600000,0.000000,5300,5900,6400,6900,7900,7900,7900,7900,7900,7900,7900,21,0,2100,3363.806892574454,1818.5066680889577,7858.261662069708,0.0
1790155605,16,,Aggregated,1.800000,0.000000,5300,7900,45000,47000,48000,49000,49000,49000,49000,49000,49000,63,0,2100,15011.045443452009,182.10923522857465,49402.02960604802,42.666666666666664
1790155606,16,POST,completion,0.600000,0.000000,47000,48000,48000,49000,49000,49000,49000,49000,49000,49000,49000,21,0,46000,41370.06799071761,25555.902345106006,49402.02960604802,128.0
1790155606,16,TPOT,completion,0.600000,0.000000,330,350,350,360,370,370,370,370,370,370,370,21,0,320,299.2614470639646,182.10923522857465,374.08026331471,0.0
1790155606,16,TTFT,completion,0.600000,0.000000,5300,5900,6400,6900,7900,7900,7900,7900,7900,7900,7900,21,0,2100,3363.806892574454,1818.5066680889577,7858.261662069708,0.0
1790155606,16,,Aggregated,1.800000,0.000000,5300,7900,45000,47000,48000,49000,49000,49000,49000,49000,49000,63,0,2100,15011.045443452009,182.10923522857465,49402.02960604802,42.666666666666664
1790155607,16,POST,completion,1.000000,0.000000,47000,48000,48000,48000,49000,49000,49000,49000,49000,49000,49000,22,0,46000,41371.93358295851,25555.902345106006,49402.02960604802,128.0
1790155607,16,TPOT,completion,1.000000,0.000000,320,350,350,350,360,370,370,370,370,370,370,22,0,320,299.6063562084733,182.10923522857465,374.08026331471,0.0
1790155607,16,TTFT,completion,1.000000,0.000000,5000,5900,6400,6400,6900,7900,7900,7900,7900,7900,7900,22,0,2400,3321.8692210502923,1818.5066680889577,7858.261662069708,0.0
1790155607,16,,Aggregated,3.000000,0.000000,5000,7900,45000,46000,48000,49000,49000,49000,49000,49000,49000,66,0,2400,14997.803053405758,182.10923522857465,49402.02960604802,42.666666666666664
1790155608,16,POST,completion,1.000000,0.000000,46000,47000,47000,48000,49000,49000,49000,49000,49000,49000,49000,22,0,46000,41371.93358295851,25555.902345106006,49402.02960604802,128.0
1790155608,16,TPOT,completion,1.000000,0.000000,320,320,330,350,350,350,350,350,350,350,350,22,0,320,299.6063562084733,182.10923522857465,374.08026331471,0.0
1790155608,16,TTFT,completion,1.000000,0.000000,5300,5900,6400,6900,7900,7900,7900,7900,7900,7900,7900,22,0,2400,3321.8692210502923,1818.5066680889577,7858.261662069708,0.0
1790155608,16,,Aggregated,3.000000,0.000000,5300,7900,45000,45000,47000,48000,49000,49000,49000,49000,49000,66,0,2400,14997.803053405758,182.10923522857465,49402.02960604802,42.666666666666664
1790155609,16,POST,completion,1.000000,0.000000,46000,47000,47000,48000,49000,49000,49000,49000,49000,49000,49000,22,0,46000,41371.93358295851,25555.902345106006,49402.02960604802,128.0
1790155609,16,TPOT,completion,1.000000,0.000000,320,320,330,350,350,350,350,350,350,350,350,22,0,320,299.6063562084733,182.10923522857465,374.08026331471,0.0
1790155609,16,TTFT,completion,1.000000,0.000000,5300,5900,6400,6900,7900,7900,7900,7900,7900,7900,7900,22,0,2400,3321.8692210502923,1818.5066680889577,7858.261662069708,0.0
1790155609,16,,Aggregated,3.000000,0.000000,5300,7900,45000,45000,47000,48000,49000,49000,49000,49000,49000,66,0,2400,14997.803053405758,182.10923522857465,49402.02960604802,42.666666666666664
1790155610,16,POST,completion,1.000000,0.000000,46000,47000,47000,48000,49000,49000,49000,49000,49000,49000,49000,22,0,46000,41371.93358295851,25555.902345106006,49402.02960604802,128.0
1790155610,16,TPOT,completion,1.000000,0.000000,320,320,330,350,350,350,350,350,350,350,350,22,0,320,299.6063562084733,182.10923522857465,374.08026331471,0.0
1790155610,16,TTFT,completion,1.000000,0.000000,5300,5900,6400,6900,7900,7900,7900,7900,7900,7900,7900,22,0,2400,3321.8692210502923,1818.5066680889577,7858.261662069708,0.0
1790155610,16,,Aggregated,3.000000,0.000000,5300,7900,45000,45000,47000,48000,49000,49000,49000,49000,49000,66,0,2400,14997.803053405758,182.10923522857465,49402.02960604802,42.666666666666664
1790155611,16,POST,completion,1.000000,0.000000,46000,46000,47000,47000,47000,47000,47000,47000,47000,47000,47000,22,0,46000,41371.93358295851,25555.902345106006,49402.02960604802,128.0
1790155611,16,TPOT,completion,1.000000,0.000000,320,320,320,320,320,320,320,320,320,320,320,22,0,320,299.6063562084733,182.10923522857465,374.08026331471,0.0
1790155611,16,TTFT,completion,1.000000,0.000000,6400,6400,6900,6900,7900,7900,7900,7900,7900,7900,7900,22,0,2400,3321.8692210502923,1818.5066680889577,7858.261662069708,0.0
1790155611,16,,Aggregated,3.000000,0.000000,6400,7900,44000,45000,47000,47000,47000,47000,47000,47000,47000,66,0,2400,14997.803053405758,182.10923522857465,49402.02960604802,42.666666666666664
1790155612,16,POST,completion,1.000000,0.000000,46000,46000,47000,47000,47000,47000,47000,47000,47000,47000,47000,22,0,46000,41371.93358295851,25555.902345106006,49402.02960604802,128.0
1790155612,16,TPOT,completion,1.000000,0.000000,320,320,320,320,320,320,320,320,320,320,320,22,0,320,299.6063562084733,182.10923522857465,374.08026331471,0.0
1790155612,16,TTFT,completion,1.000000,0.000000,6400,6400,6900,6900,7900,7900,7900,7900,7900,7900,7900,22,0,2400,3321.8692210502923,1818.5066680889577,7858.261662069708,0.0
1790155612,16,,Aggregated,3.000000,0.000000,6400,7900,44000,45000,47000,47000,47000,47000,47000,47000,47000,66,0,2400,14997.803053405758,182.10923522857465,49402.02960604802,42.666666666666664
1790155613,16,POST,completion,1.000000,0.000000,46000,46000,47000,47000,47000,47000,47000,47000,47000,47000,47000,22,0,46000,41371.93358295851,25555.902345106006,49402.02960604802,128.0
1790155613,16,TPOT,completion,1.000000,0.000000,320,320,320,320,320,320,320,320,320,320,320,22,0,320,299.6063562084733,182.10923522857465,374.08026331471,0.0
1790155613,16,TTFT,completion,1.000000,0.000000,6400,6400,6900,6900,7900,7900,7900,7900,7900,7900,7900,22,0,2400,3321.8692210502923,1818.5066680889577,7858.261662069708,0.0
1790155613,16,,Aggregated,3.000000,0.000000,6400,7900,44000,45000,47000,47000,47000,47000,47000,47000,47000,66,0,2400,14997.803053405758,182.10923522857465,49402.02960604802,42.666666666666664
1790155614,16,POST,completion,0.600000,0.000000,41000,41000,41000,41000,41000,41000,41000,41000,41000,41000,41000,23,0,46000,41329.168058516785,25555.902345106006,49402.02960604802,128.0
1790155614,16,TPOT,completion,0.600000,0.000000,310,310,310,310,310,310,310,310,310,310,310,23,0,320,299.72102471462455,182.10923522857465,374.08026331471,0.0
1790155614,16,TTFT,completion,0.600000,0.000000,2400,2400,2400,2400,2400,2400,2400,2400,2400,2400,2400,23,0,2100,3264.5410964791868,1818.5066680889577,7858.261662069708,0.0
1790155614,16,,Aggregated,1.800000,0.000000,2400,2400,40000,40000,41000,41000,41000,41000,41000,41000,41000,69,0,2100,14964.476726570198,182.10923522857465,49402.02960604802,42.666666666666664
1790155615,16,POST,completion,0.600000,0.000000,40000,40000,41000,41000,41000,41000,41000,41000,41000,41000,41000,24,0,46000,41213.89799299262,25555.902345106006,49402.02960604802,128.0
1790155615,16,TPOT,completion,0.600000,0.000000,300,300,310,310,310,310,310,310,310,310,310,24,0,320,299.2211294295834,182.10923522857465,374.08026331471,0.0
1790155615,16,TTFT,completion,0.600000,0.000000,2000,2000,2400,2400,2400,2400,2400,2400,2400,2400,2400,24,0,2100,3212.7581600410244,1818.5066680889577,7858.261662069708,0.0
1790155615,16,,Aggregated,1.800000,0.000000,2000,2400,39000,40000,41000,41000,41000,41000,41000,41000,41000,72,0,2100,14908.625760821076,182.10923522857465,49402.02960604802,42.666666666666664
1790155616,16,POST,completion,0.600000,0.000000,40000,40000,41000,41000,41000,41000,41000,41000,41000,41000,41000,24,0,46000,41213.89799299262,25555.902345106006,49402.02960604802,128.0
1790155616,16,TPOT,completion,0.600000,0.000000,300,300,310,310,310,310,310,310,310,310,310,24,0,320,299.2211294295834,182.10923522857465,374.08026331471,0.0
1790155616,16,TTFT,completion,0.600000,0.000000,2000,2000,2400,2400,2400,2400,2400,2400,2400,2400,2400,24,0,2100,3212.7581600410244,1818.5066680889577,7858.261662069708,0.0
1790155616,16,,Aggregated,1.800000,0.000000,2000,2400,39000,40000,41000,41000,41000,41000,41000,41000,41000,72,0,2100,14908.625760821076,182.10923522857465,49402.02960604802,42.666666666666664
1790155617,16,POST,completion,0.200000,0.000000,40000,40000,41000,41000,41000,41000,41000,41000,41000,41000,41000,25,0,45000,41172.286794986576,25555.902345106006,49402.02960604802,128.0
1790155617,16,TPOT,completion,0.200000,0.000000,300,300,310,310,310,310,310,310,310,310,310,25,0,320,298.74932010284084,182.10923522857465,374.08026331471,0.0
1790155617,16,TTFT,completion,0.200000,0.000000,2400,2400,3700,3700,3700,3700,3700,3700,3700,3700,3700,25,0,2100,3231.0669303126633,1818.5066680889577,7858.261662069708,0.0
1790155617,16,,Aggregated,0.600000,0.000000,2400,3700,40000,40000,40000,41000,41000,41000,41000,41000,41000,75,0,2100,14900.70101513403,182.10923522857465,49402.02960604802,42.666666666666664
1790155618,16,POST,completion,0.200000,0.000000,40000,40000,41000,41000,41000,41000,41000,41000,41000,41000,41000,25,0,45000,41172.286794986576,25555.902345106006,49402.02960604802,128.0
1790155618,16,TPOT,completion,0.200000,0.000000,300,300,310,310,310,310,310,310,310,310,310,25,0,320,298.74932010284084,182.10923522857465,374.08026331471,0.0
1790155618,16,TTFT,completion,0.200000,0.000000,2400,2400,3700,3700,3700,3700,3700,3700,3700,3700,3700,25,0,2100,3231.0669303126633,1818.5066680889577,7858.261662069708,0.0
1790155618,16,,Aggregated,0.600000,0.000000,2400,3700,40000,40000,40000,41000,41000,41000,41000,41000,41000,75,0,2100,14900.70101513403,182.10923522857465,49402.02960604802,42.666666666666664
1790155619,16,POST,completion,0.200000,0.000000,40000,40000,40000,40000,40000,40000,40000,40000,40000,40000,40000,25,0,45000,41172.286794986576,25555.902345106006,49402.02960604802,128.0
1790155619,16,TPOT,completion,0.200000,0.000000,290,290,300,300,300,300,300,300,300,300,300,25,0,320,298.74932010284084,182.10923522857465,374.08026331471,0.0
1790155619,16,TTFT,completion,0.200000,0.000000,2000,2000,3700,3700,3700,3700,3700,3700,3700,3700,3700,25,0,2100,3231.0669303126633,1818.5066680889577,7858.261662069708,0.0
1790155619,16,,Aggregated,0.600000,0.000000,2000,3700,39000,40000,40000,40000,40000,40000,40000,40000,40000,75,0,2100,14900.70101513403,182.10923522857465,49402.02960604802,42.666666666666664
1790155620,16,POST,completion,0.200000,0.000000,40000,40000,40000,40000,40000,40000,40000,40000,40000,40000,40000,25,0,45000,41172.286794986576,25555.902345106006,49402.02960604802,128.0
1790155620,16,TPOT,completion,0.200000,0.000000,290,290,300,300,300,300,300,300,300,300,300,25,0,320,298.74932010284084,182.10923522857465,374.08026331471,0.0
1790155620,16,TTFT,completion,0.200000,0.000000,2000,2000,3700,3700,3700,3700,3700,3700,3700,3700,3700,25,0,2100,3231.0669303126633,1818.5066680889577,7858.261662069708,0.0
1790155620,16,,Aggregated,0.600000,0.000000,2000,3700,39000,40000,40000,40000,40000,40000,40000,40000,40000,75,0,2100,14900.70101513403,182.10923522857465,49402.02960604802,42.666666666666664
1790155621,16,POST,completion,0.200000,0.000000,40000,40000,40000,40000,40000,40000,40000,40000,40000,40000,40000,25,0,45000,41172.286794986576,25555.902345106006,49402.02960604802,128.0
1790155621,16,TPOT,completion,0.200000,0.000000,290,290,300,300,300,300,300,300,300,300,300,25,0,320,298.74932010284084,182.10923522857465,374.08026331471,0.0
1790155621,16,TTFT,completion,0.200000,0.000000,2000,2000,3700,3700,3700,3700,3700,3700,3700,3700,3700,25,0,2100,3231.0669303126633,1818.5066680889577,7858.261662069708,0.0
1790155621,16,,Aggregated,0.600000,0.000000,2000,3700,39000,40000,40000,40000,40000,40000,40000,40000,40000,75,0,2100,14900.70101513403,182.10923522857465,49402.02960604802,42.666666666666664
1790155622,16,POST,completion,0.200000,0.000000,40000,40000,40000,40000,40000,40000,40000,40000,40000,40000,40000,25,0,45000,41172.286794986576,25555.902345106006,49402.02960604802,128.0
1790155622,16,TPOT,completion,0.200000,0.000000,290,290,300,300,300,300,300,300,300,300,300,25,0,320,298.74932010284084,182.10923522857465,374.08026331471,0.0
1790155622,16,TTFT,completion,0.200000,0.000000,2000,2000,3700,3700,3700,3700,3700,3700,3700,3700,3700,25,0,2100,3231.0669303126633,1818.5066680889577,7858.261662069708,0.0
1790155622,16,,Aggregated,0.600000,0.000000,2000,3700,39000,40000,40000,40000,40000,40000,40000,40000,40000,75,0,2100,14900.70101513403,182.10923522857465,49402.02960604802,42.666666666666664
1790155623,16,POST,completion,0.200000,0.000000,40000,40000,40000,40000,40000,40000,40000,40000,40000,40000,40000,25,0,45000,41172.286794986576,25555.902345106006,49402.02960604802,128.0
1790155623,16,TPOT,completion,0.200000,0.000000,290,290,300,300,300,300,300,300,300,300,300,25,0,320,298.74932010284084,182.10923522857465,374.08026331471,0.0
1790155623,16,TTFT,completion,0.200000,0.000000,2000,2000,3700,3700,3700,3700,3700,3700,3700,3700,3700,25,0,2100,3231.0669303126633,1818.5066680889577,7858.261662069708,0.0
1790155623,16,,Aggregated,0.600000,0.000000,2000,3700,39000,40000,40000,40000,40000,40000,40000,40000,40000,75,0,2100,14900.70101513403,182.10923522857465,49402.02960604802,42.666666666666664
1790155624,16,POST,completion,0.200000,0.000000,40000,40000,40000,40000,40000,40000,40000,40000,40000,40000,40000,25,0,45000,41172.286794986576,25555.902345106006,49402.02960604802,128.0
1790155624,16,TPOT,completion,0.200000,0.000000,290,290,290,290,290,290,290,290,290,290,290,25,0,320,298.74932010284084,182.10923522857465,374.08026331471,0.0
1790155624,16,TTFT,completion,0.200000,0.000000,3700,3700,3700,3700,3700,3700,3700,3700,3700,3700,3700,25,0,2100,3231.0669303126633,1818.5066680889577,7858.261662069708,0.0
1790155624,16,,Aggregated,0.600000,0.000000,3700,3700,39000,39000,40000,40000,40000,40000,40000,40000,40000,75,0,2100,14900.70101513403,182.10923522857465,49402.02960604802,42.666666666666664
1790155625,16,POST,completion,0.200000,0.000000,40000,40000,40000,40000,40000,40000,40000,40000,40000,40000,40000,25,0,45000,41172.286794986576,25555.902345106006,49402.02960604802,128.0
1790155625,16,TPOT,completion,0.200000,0.000000,290,290,290,290,290,290,290,290,290,290,290,25,0,320,298.74932010284084,182.10923522857465,374.08026331471,0.0
1790155625,16,TTFT,completion,0.200000,0.000000,3700,3700,3700,3700,3700,3700,3700,3700,3700,3700,3700,25,0,2100,3231.0669303126633,1818.5066680889577,7858.261662069708,0.0
1790155625,16,,Aggregated,0.600000,0.000000,3700,3700,40000,40000,40000,40000,40000,40000,40000,40000,40000,75,0,2100,14900.70101513403,182.10923522857465,49402.02960604802,42.666666666666664
1790155626,16,POST,completion,0.200000,0.000000,40000,40000,40000,40000,40000,40000,40000,40000,40000,40000,40000,25,0,45000,41172.286794986576,25555.902345106006,49402.02960604802,128.0
1790155626,16,TPOT,completion,0.200000,0.000000,290,290,290,290,290,290,290,290,290,290,290,25,0,320,298.74932010284084,182.10923522857465,374.08026331471,0.0
1790155626,16,TTFT,completion,0.200000,0.000000,3700,3700,3700,3700,3700,3700,3700,3700,3700,3700,3700,25,0,2100,3231.0669303126633,1818.5066680889577,7858.261662069708,0.0
1790155626,16,,Aggregated,0.600000,0.000000,3700,3700,40000,40000,40000,40000,40000,40000,40000,40000,40000,75,0,2100,14900.70101513403,182.10923522857465,49402.02960604802,42.666666666666664
1790155627,16,POST,completion,0.200000,0.000000,40000,40000,40000,40000,40000,40000,40000,40000,40000,40000,40000,25,0,45000,41172.286794986576,25555.902345106006,49402.02960604802,128.0
1790155627,16,TPOT,completion,0.200000,0.000000,290,290,290,290,290,290,290,290,290,290,290,25,0,320,298.74932010284084,182.10923522857465,374.08026331471,0.0
1790155627,16,TTFT,completion,0.200000,0.000000,3700,3700,3700,3700,3700,3700,3700,3700,3700,3700,3700,25,0,2100,3231.0669303126633,1818.5066680889577,7858.261662069708,0.0
1790155627,16,,Aggregated,0.600000,0.000000,3700,3700,40000,40000,40000,40000,40000,40000,40000,40000,40000,75,0,2100,14900.70101513403,182.10923522857465,49402.02960604802,42.666666666666664
1790155628,16,POST,completion,0.200000,0.000000,43000,43000,43000,43000,43000,43000,43000,43000,43000,43000,43000,26,0,45000,41241.575089256425,25555.902345106006,49402.02960604802,128.0
1790155628,16,TPOT,completion,0.200000,0.000000,320,320,320,320,320,320,320,320,320,320,320,26,0,320,299.6711403011332,182.10923522857465,374.08026331471,0.0
1790155628,16,TTFT,completion,0.200000,0.000000,3700,3700,3700,3700,3700,3700,3700,3700,3700,3700,3700,26,0,2100,3183.28416276759,1818.5066680889577,7858.261662069708,0.0
1790155628,16,,Aggregated,0.600000,0.000000,3700,3700,40000,40000,43000,43000,43000,43000,43000,43000,43000,78,0,2100,14908.176797441718,182.10923522857465,49402.02960604802,42.666666666666664
1790155629,16,POST,completion,0.200000,0.000000,43000,43000,43000,43000,43000,43000,43000,43000,43000,43000,43000,26,0,45000,41241.575089256425,25555.902345106006,49402.02960604802,128.0
1790155629,16,TPOT,completion,0.200000,0.000000,320,320,320,320,320,320,320,320,320,320,320,26,0,320,299.6711403011332,182.10923522857465,374.08026331471,0.0
1790155629,16,TTFT,completion,0.200000,0.000000,3700,3700,3700,3700,3700,3700,3700,3700,3700,3700,3700,26,0,2100,3183.28416276759,1818.5066680889577,7858.261662069708,0.0
1790155629,16,,Aggregated,0.600000,0.000000,3700,3700,40000,40000,43000,43000,43000,43000,43000,43000,43000,78,0,2100,14908.176797441718,182.10923522857465,49402.02960604802,42.666666666666664
1790155630,16,POST,completion,0.200000,0.000000,43000,43000,43000,43000,43000,43000,43000,43000,43000,43000,43000,26,0,45000,41241.575089256425,25555.902345106006,49402.02960604802,128.0
1790155630,16,TPOT,completion,0.200000,0.000000,320,320,320,320,320,320,320,320,320,320,320,26,0,320,299.6711403011332,182.10923522857465,374.08026331471,0.0
1790155630,16,TTFT,completion,0.200000,0.000000,3700,3700,3700,3700,3700,3700,3700,3700,3700,3700,3700,26,0,2100,3183.28416276759,1818.5066680889577,7858.261662069708,0.0
1790155630,16,,Aggregated,0.600000,0.000000,3700,3700,40000,40000,43000,43000,43000,43000,43000,43000,43000,78,0,2100,14908.176797441718,182.10923522857465,49402.02960604802,42.666666666666664
1790155631,16,POST,completion,0.200000,0.000000,43000,43000,43000,43000,43000,43000,43000,43000,43000,43000,43000,26,0,45000,41241.575089256425,25555.902345106006,49402.02960604802,128.0
1790155631,16,TPOT,completion,0.200000,0.000000,320,320,320,320,320,320,320,320,320,320,320,26,0,320,299.6711403011332,182.10923522857465,374.08026331471,0.0
1790155631,16,TTFT,completion,0.200000,0.000000,2000,2000,2000,2000,2000,2000,2000,2000,2000,2000,2000,26,0,2100,3183.28416276759,1818.5066680889577,7858.261662069708,0.0
1790155631,16,,Aggregated,0.600000,0.000000,2000,2000,43000,43000,43000,43000,43000,43000,43000,43000,43000,78,0,2100,14908.176797441718,182.10923522857465,49402.02960604802,42.666666666666664
1790155632,16,POST,completion,0.100000,0.000000,43000,43000,43000,43000,43000,43000,43000,43000,43000,43000,43000,27,0,45000,41232.50683754062,25555.902345106006,49402.02960604802,128.0
1790155632,16,TPOT,completion,0.100000,0.000000,320,320,320,320,320,320,320,320,320,320,320,27,0,320,299.9500439759098,182.10923522857465,374.08026331471,0.0
1790155632,16,TTFT,completion,0.100000,0.000000,2000,2000,2000,2000,2000,2000,2000,2000,2000,2000,2000,27,0,2000,3138.79513066193,1818.5066680889577,7858.261662069708,0.0
1790155632,16,,Aggregated,0.300000,0.000000,2000,2000,41000,41000,43000,43000,43000,43000,43000,43000,43000,81,0,2000,14890.417337392822,182.10923522857465,49402.02960604802,42.666666666666664
1790155633,16,POST,completion,0.100000,0.000000,43000,43000,43000,43000,43000,43000,43000,43000,43000,43000,43000,27,0,45000,41232.50683754062,25555.902345106006,49402.02960604802,128.0
1790155633,16,TPOT,completion,0.100000,0.000000,320,320,320,320,320,320,320,320,320,320,320,27,0,320,299.9500439759098,182.10923522857465,374.08026331471,0.0
1790155633,16,TTFT,completion,0.100000,0.000000,2000,2000,2000,2000,2000,2000,2000,2000,2000,2000,2000,27,0,2000,3138.79513066193,1818.5066680889577,7858.261662069708,0.0
1790155633,16,,Aggregated,0.300000,0.000000,2000,2000,41000,41000,43000,43000,43000,43000,43000,43000,43000,81,0,2000,14890.417337392822,182.10923522857465,49402.02960604802,42.666666666666664
1790155634,16,POST,completion,0.100000,0.000000,43000,43000,43000,43000,43000,43000,43000,43000,43000,43000,43000,27,0,45000,41232.50683754062,25555.902345106006,49402.02960604802,128.0
1790155634,16,TPOT,completion,0.100000,0.000000,320,320,320,320,320,320,320,320,320,320,320,27,0,320,299.9500439759098,182.10923522857465,374.08026331471,0.0
1790155634,16,TTFT,completion,0.100000,0.000000,2000,2000,2000,2000,2000,2000,2000,2000,2000,2000,2000,27,0,2000,3138.79513066193,1818.5066680889577,7858.261662069708,0.0
1790155634,16,,Aggregated,0.300000,0.000000,2000,2000,41000,41000,43000,43000,43000,43000,43000,43000,43000,81,0,2000,14890.417337392822,182.10923522857465,49402.02960604802,42.666666666666664
1790155635,16,POST,completion,0.100000,0.000000,43000,43000,43000,43000,43000,43000,43000,43000,43000,43000,43000,27,0,45000,41232.50683754062,25555.902345106006,49402.02960604802,128.0
1790155635,16,TPOT,completion,0.100000,0.000000,320,320,320,320,320,320,320,320,320,320,320,27,0,320,299.9500439759098,182.10923522857465,374.08026331471,0.0
1790155635,16,TTFT,completion,0.100000,0.000000,2000,2000,2000,2000,2000,2000,2000,2000,2000,2000,2000,27,0,2000,3138.79513066193,1818.5066680889577,7858.261662069708,0.0
1790155635,16,,Aggregated,0.300000,0.000000,2000,2000,41000,41000,43000,43000,43000,43000,43000,43000,43000,81,0,2000,14890.417337392822,182.10923522857465,49402.02960604802,42.666666666666664
1790155636,16,POST,completion,0.100000,0.000000,43000,43000,43000,43000,43000,43000,43000,43000,43000,43000,43000,27,0,45000,41232.50683754062,25555.902345106006,49402.02960604802,128.0
1790155636,16,TPOT,completion,0.100000,0.000000,320,320,320,320,320,320,320,320,320,320,320,27,0,320,299.9500439759098,182.10923522857465,374.08026331471,0.0
1790155636,16,TTFT,completion,0.100000,0.000000,2000,2000,2000,2000,2000,2000,2000,2000,2000,2000,2000,27,0,2000,3138.79513066193,1818.5066680889577,7858.261662069708,0.0
1790155636,16,,Aggregated,0.300000,0.000000,2000,2000,41000,41000,43000,43000,43000,43000,43000,43000,43000,81,0,2000,14890.417337392822,182.10923522857465,49402.02960604802,42.666666666666664
1790155637,16,POST,completion,0.100000,0.000000,43000,43000,43000,43000,43000,43000,43000,43000,43000,43000,43000,27,0,45000,41232.50683754062,25555.902345106006,49402.02960604802,128.0
1790155637,16,TPOT,completion,0.100000,0.000000,320,320,320,320,320,320,320,320,320,320,320,27,0,320,299.9500439759098,182.10923522857465,374.08026331471,0.0
1790155637,16,TTFT,completion,0.100000,0.000000,2000,2000,2000,2000,2000,2000,2000,2000,2000,2000,2000,27,0,2000,3138.79513066193,1818.5066680889577,7858.261662069708,0.0
1790155637,16,,Aggregated,0.300000,0.000000,2000,2000,41000,41000,43000,43000,43000,43000,43000,43000,43000,81,0,2000,14890.417337392822,182.10923522857465,49402.02960604802,42.666666666666664
1790155638,16,POST,completion,0.100000,0.000000,43000,43000,43000,43000,43000,43000,43000,43000,43000,43000,43000,27,0,45000,41232.50683754062,25555.902345106006,49402.02960604802,128.0
1790155638,16,TPOT,completion,0.100000,0.000000,320,320,320,320,320,320,320,320,320,320,320,27,0,320,299.9500439759098,182.10923522857465,374.08026331471,0.0
1790155638,16,TTFT,completion,0.100000,0.000000,2000,2000,2000,2000,2000,2000,2000,2000,2000,2000,2000,27,0,2000,3138.79513066193,1818.5066680889577,7858.261662069708,0.0
1790155638,16,,Aggregated,0.300000,0.000000,2000,2000,41000,41000,43000,43000,43000,43000,43000,43000,43000,81,0,2000,14890.417337392822,182.10923522857465,49402.02960604802,42.666666666666664
1790155639,16,POST,completion,0.100000,0.000000,41000,41000,41000,41000,41000,41000,41000,41000,41000,41000,41000,27,0,45000,41232.50683754062,25555.902345106006,49402.02960604802,128.0
1790155639,16,TPOT,completion,0.100000,0.000000,310,310,310,310,310,310,310,310,310,310,310,27,0,320,299.9500439759098,182.10923522857465,374.08026331471,0.0
1790155639,16,TTFT,completion,0.100000,0.000000,2000,2000,2000,2000,2000,2000,2000,2000,2000,2000,2000,27,0,2000,3138.79513066193,1818.5066680889577,7858.261662069708,0.0
1790155639,16,,Aggregated,0.300000,0.000000,2000,2000,41000,41000,41000,41000,41000,41000,41000,41000,41000,81,0,2000,14890.417337392822,182.10923522857465,49402.02960604802,42.666666666666664
1790155640,16,POST,completion,0.100000,0.000000,41000,41000,41000,41000,41000,41000,41000,41000,41000,41000,41000,27,0,45000,41232.50683754062,25555.902345106006,49402.02960604802,128.0
1790155640,16,TPOT,completion,0.100000,0.000000,310,310,310,310,310,310,310,310,310,310,310,27,0,320,299.9500439759098,182.10923522857465,374.08026331471,0.0
1790155640,16,TTFT,completion,0.100000,0.000000,2000,2000,2000,2000,2000,2000,2000,2000,2000,2000,2000,27,0,2000,3138.79513066193,1818.5066680889577,7858.261662069708,0.0
1790155640,16,,Aggregated,0.300000,0.000000,2000,2000,41000,41000,41000,41000,41000,41000,41000,41000,41000,81,0,2000,14890.417337392822,182.10923522857465,49402.02960604802,42.666666666666664
1790155641,16,POST,completion,0.100000,0.000000,41000,41000,41000,41000,41000,41000,41000,41000,41000,41000,41000,27,0,45000,41232.50683754062,25555.902345106006,49402.02960604802,128.0
1790155641,16,TPOT,completion,0.100000,0.000000,310,310,310,310,310,310,310,310,310,310,310,27,0,320,299.9500439759098,182.10923522857465,374.08026331471,0.0
1790155641,16,TTFT,completion,0.100000,0.000000,2000,2000,2000,2000,2000,2000,2000,2000,2000,2000,2000,27,0,2000,3138.79513066193,1818.5066680889577,7858.261662069708,0.0
1790155641,16,,Aggregated,0.300000,0.000000,2000,2000,41000,41000,41000,41000,41000,41000,41000,41000,41000,81,0,2000,14890.417337392822,182.10923522857465,49402.02960604802,42.666666666666664
1790155642,16,POST,completion,0.100000,0.000000,42000,42000,42000,42000,44000,44000,44000,44000,44000,44000,44000,32,0,44000,41261.59469511913,25555.902345106006,49402.02960604802,128.0
1790155642,16,TPOT,completion,0.100000,0.000000,310,310,310,310,330,330,330,330,330,330,330,32,0,310,300.01364576923163,182.10923522857465,374.08026331471,0.0
1790155642,16,TTFT,completion,0.100000,0.000000,3600,3600,3600,3600,3600,3600,3600,3600,3600,3600,3600,32,0,2400,3159.8068266539485,1818.5066680889577,7858.261662069708,0.0
1790155642,16,,Aggregated,0.300000,0.000000,3600,3600,39000,41000,42000,44000,44000,44000,44000,44000,44000,96,0,2400,14907.13838918077,182.10923522857465,49402.02960604802,42.666666666666664
1790155643,16,POST,completion,0.100000,0.000000,42000,42000,42000,42000,44000,44000,44000,44000,44000,44000,44000,32,0,44000,41261.59469511913,25555.902345106006,49402.02960604802,128.0
1790155643,16,TPOT,completion,0.100000,0.000000,310,310,310,310,330,330,330,330,330,330,330,32,0,310,300.01364576923163,182.10923522857465,374.08026331471,0.0
1790155643,16,TTFT,completion,0.100000,0.000000,3600,3600,3600,3600,3600,3600,3600,3600,3600,3600,3600,32,0,2400,3159.8068266539485,1818.5066680889577,7858.261662069708,0.0
1790155643,16,,Aggregated,0.300000,0.000000,3600,3600,39000,41000,42000,44000,44000,44000,44000,44000,44000,96,0,2400,14907.13838918077,182.10923522857465,49402.02960604802,42.666666666666664
1790155644,16,POST,completion,0.100000,0.000000,42000,42000,42000,42000,44000,44000,44000,44000,44000,44000,44000,32,0,44000,41261.59469511913,25555.902345106006,49402.02960604802,128.0
1790155644,16,TPOT,completion,0.100000,0.000000,310,310,310,310,330,330,330,330,330,330,330,32,0,310,300.01364576923163,182.10923522857465,374.08026331471,0.0
1790155644,16,TTFT,completion,0.100000,0.000000,3600,3600,3600,3600,3600,3600,3600,3600,3600,3600,3600,32,0,2400,3159.8068266539485,1818.5066680889577,7858.261662069708,0.0
1790155644,16,,Aggregated,0.300000,0.000000,3600,3600,39000,41000,42000,44000,44000,44000,44000,44000,44000,96,0,2400,14907.13838918077,182.10923522857465,49402.02960604802,42.666666666666664
1790155645,16,POST,completion,0.100000,0.000000,42000,42000,42000,42000,44000,44000,44000,44000,44000,44000,44000,32,0,44000,41261.59469511913,25555.902345106006,49402.02960604802,128.0
1790155645,16,TPOT,completion,0.100000,0.000000,310,310,310,310,330,330,330,330,330,330,330,32,0,310,300.01364576923163,182.10923522857465,374.08026331471,0.0
1790155645,16,TTFT,completion,0.100000,0.000000,3600,3600,3600,3600,3600,3600,3600,3600,3600,3600,3600,32,0,2400,3159.8068266539485,1818.5066680889577,7858.261662069708,0.0
1790155645,16,,Aggregated,0.300000,0.000000,3600,3600,39000,41000,42000,44000,44000,44000,44000,44000,44000,96,0,2400,14907.13838918077,182.10923522857465,49402.02960604802,42.666666666666664
1790155646,16,POST,completion,0.100000,0.000000,42000,42000,42000,44000,44000,44000,44000,44000,44000,44000,44000,32,0,44000,41261.59469511913,25555.902345106006,49402.02960604802,128.0
1790155646,16,TPOT,completion,0.100000,0.000000,310,310,310,330,330,330,330,330,330,330,330,32,0,310,300.01364576923163,182.10923522857465,374.08026331471,0.0
1790155646,16,TTFT,completion,0.100000,0.000000,3600,3600,3600,3600,3600,3600,3600,3600,3600,3600,3600,32,0,2400,3159.8068266539485,1818.5066680889577,7858.261662069708,0.0
1790155646,16,,Aggregated,0.300000,0.000000,3600,3600,39000,42000,42000,44000,44000,44000,44000,44000,44000,96,0,2400,14907.13838918077,182.10923522857465,49402.02960604802,42.666666666666664
1790155647,16,POST,completion,0.500000,0.000000,42000,42000,42000,42000,44000,44000,44000,44000,44000,44000,44000,33,0,43000,41143.970479299736,25555.902345106006,49402.02960604802,128.0
1790155647,16,TPOT,completion,0.500000,0.000000,310,310,310,310,330,330,330,330,330,330,330,33,0,310,299.39760714796023,182.10923522857465,374.08026331471,0.0
1790155647,16,TTFT,completion,0.500000,0.000000,3600,3600,3600,3600,3600,3600,3600,3600,3600,3600,3600,33,0,2100,3120.419826760719,1818.5066680889577,7858.261662069708,0.0
1790155647,16,,Aggregated,1.500000,0.000000,3600,3600,39000,39000,42000,44000,44000,44000,44000,44000,44000,99,0,2100,14854.595971069473,182.10923522857465,49402.02960604802,42.666666666666664
1790155648,16,POST,completion,0.500000,0.000000,42000,42000,42000,42000,44000,44000,44000,44000,44000,44000,44000,33,0,43000,41143.970479299736,25555.902345106006,49402.02960604802,128.0
1790155648,16,TPOT,completion,0.500000,0.000000,310,310,310,310,330,330,330,330,330,330,330,33,0,310,299.39760714796023,182.10923522857465,374.08026331471,0.0
1790155648,16,TTFT,completion,0.500000,0.000000,3600,3600,3600,3600,3600,3600,3600,3600,3600,3600,3600,33,0,2100,3120.419826760719,1818.5066680889577,7858.261662069708,0.0
1790155648,16,,Aggregated,1.500000,0.000000,3600,3600,39000,39000,42000,44000,44000,44000,44000,44000,44000,99,0,2100,14854.595971069473,182.10923522857465,49402.02960604802,42.666666666666664
1790155649,16,POST,completion,0.500000,0.000000,42000,42000,42000,42000,44000,44000,44000,44000,44000,44000,44000,33,0,43000,41143.970479299736,25555.902345106006,49402.02960604802,128.0
1790155649,16,TPOT,completion,0.500000,0.000000,310,310,310,310,330,330,330,330,330,330,330,33,0,310,299.39760714796023,182.10923522857465,374.08026331471,0.0
1790155649,16,TTFT,completion,0.500000,0.000000,3600,3600,3600,3600,3600,3600,3600,3600,3600,3600,3600,33,0,2100,3120.419826760719,1818.5066680889577,7858.261662069708,0.0
1790155649,16,,Aggregated,1.500000,0.000000,3600,3600,39000,39000,42000,44000,44000,44000,44000,44000,44000,99,0,2100,14854.595971069473,182.10923522857465,49402.02960604802,42.666666666666664
1790155650,16,POST,completion,0.500000,0.000000,42000,42000,42000,42000,44000,44000,44000,44000,44000,44000,44000,33,0,43000,41143.970479299736,25555.902345106006,49402.02960604802,128.0
1790155650,16,TPOT,completion,0.500000,0.000000,310,310,310,310,330,330,330,330,330,330,330,33,0,310,299.39760714796023,182.10923522857465,374.08026331471,0.0
1790155650,16,TTFT,completion,0.500000,0.000000,3600,3600,3600,3600,3600,3600,3600,3600,3600,3600,3600,33,0,2100,3120.419826760719,1818.5066680889577,7858.261662069708,0.0
1790155650,16,,Aggregated,1.500000,0.000000,3600,3600,39000,39000,42000,44000,44000,44000,44000,44000,44000,99,0,2100,14854.595971069473,182.10923522857465,49402.02960604802,42.666666666666664
1790155651,16,POST,completion,0.600000,0.000000,39000,39000,42000,42000,42000,42000,42000,42000,42000,42000,42000,36,0,42000,40584.52082750025,25555.902345106006,49402.02960604802,128.0
1790155651,16,TPOT,completion,0.600000,0.000000,280,280,310,310,310,310,310,310,310,310,310,36,0,310,295.5572459031827,182.10923522857465,374.08026331471,0.0
1790155651,16,TTFT,completion,0.600000,0.000000,3600,3600,3600,3600,3600,3600,3600,3600,3600,3600,3600,36,0,2400,3048.6969973943715,1813.5488152038306,7858.261662069708,0.0
1790155651,16,,Aggregated,1.800000,0.000000,3600,3600,36000,37000,39000,42000,42000,42000,42000,42000,42000,108,0,2400,14642.92502359927,182.10923522857465,49402.02960604802,42.666666666666664
1790155652,16,POST,completion,0.600000,0.000000,39000,39000,42000,42000,42000,42000,42000,42000,42000,42000,42000,36,0,42000,40584.52082750025,25555.902345106006,49402.02960604802,128.0
1790155652,16,TPOT,completion,0.600000,0.000000,280,280,310,310,310,310,310,310,310,310,310,36,0,310,295.5572459031827,182.10923522857465,374.08026331471,0.0
1790155652,16,TTFT,completion,0.600000,0.000000,3600,3600,3600,3600,3600,3600,3600,3600,3600,3600,3600,36,0,2400,3048.6969973943715,1813.5488152038306,7858.261662069708,0.0
1790155652,16,,Aggregated,1.800000,0.000000,3600,3600,36000,37000,39000,42000,42000,42000,42000,42000,42000,108,0,2400,14642.92502359927,182.10923522857465,49402.02960604802,42.666666666666664
1790155653,16,POST,completion,0.600000,0.000000,37000,39000,39000,42000,42000,42000,42000,42000,42000,42000,42000,37,0,42000,40398.3475470261,25555.902345106006,49402.02960604802,128.0
1790155653,16,TPOT,completion,0.600000,0.000000,280,280,280,310,310,310,310,310,310,310,310,37,0,310,294.0704736998433,182.10923522857465,374.08026331471,0.0
1790155653,16,TTFT,completion,0.600000,0.000000,3100,3600,3600,3600,3600,3600,3600,3600,3600,3600,3600,37,0,2400,3051.3439438922483,1813.5488152038306,7858.261662069708,0.0
1790155653,16,,Aggregated,1.800000,0.000000,3100,3600,35000,36000,39000,42000,42000,42000,42000,42000,42000,111,0,2400,14581.253988206063,182.10923522857465,49402.02960604802,42.666666666666664
1790155654,16,POST,completion,0.600000,0.000000,35000,36000,36000,37000,37000,37000,37000,37000,37000,37000,37000,37,0,42000,40398.3475470261,25555.902345106006,49402.02960604802,128.0
1790155654,16,TPOT,completion,0.600000,0.000000,250,270,270,280,280,280,280,280,280,280,280,37,0,310,294.0704736998433,182.10923522857465,374.08026331471,0.0
1790155654,16,TTFT,completion,0.600000,0.000000,2400,2600,2600,3100,3100,3100,3100,3100,3100,3100,3100,37,0,2400,3051.3439438922483,1813.5488152038306,7858.261662069708,0.0
1790155654,16,,Aggregated,1.800000,0.000000,2400,3100,34000,35000,36000,37000,37000,37000,37000,37000,37000,111,0,2400,14581.253988206063,182.10923522857465,49402.02960604802,42.666666666666664
1790155655,16,POST,completion,0.600000,0.000000,35000,36000,36000,37000,37000,37000,37000,37000,37000,37000,37000,37,0,42000,40398.3475470261,25555.902345106006,49402.02960604802,128.0
1790155655,16,TPOT,completion,0.600000,0.000000,250,270,270,280,280,280,280,280,280,280,280,37,0,310,294.0704736998433,182.10923522857465,374.08026331471,0.0
1790155655,16,TTFT,completion,0.600000,0.000000,2400,2600,2600,3100,3100,3100,3100,3100,3100,3100,3100,37,0,2400,3051.3439438922483,1813.5488152038306,7858.261662069708,0.0
1790155655,16,,Aggregated,1.800000,0.000000,2400,3100,34000,35000,36000,37000,37000,37000,37000,37000,37000,111,0,2400,14581.253988206063,182.10923522857465,49402.02960604802,42.666666666666664
1790155656,16,POST,completion,0.500000,0.000000,35000,35000,36000,36000,37000,37000,37000,37000,37000,37000,37000,38,0,42000,40137.50815694833,25555.902345106006,49402.02960604802,128.0
1790155656,16,TPOT,completion,0.500000,0.000000,250,250,270,270,280,280,280,280,280,280,280,38,0,310,292.2431506743651,182.10923522857465,374.08026331471,0.0
1790155656,16,TTFT,completion,0.500000,0.000000,2400,2400,2600,2600,3100,3100,3100,3100,3100,3100,3100,38,0,2400,3022.574774896432,1813.5488152038306,7858.261662069708,0.0
1790155656,16,,Aggregated,1.500000,0.000000,2400,3100,33000,34000,36000,37000,37000,37000,37000,37000,37000,114,0,2400,14484.108694173043,182.10923522857465,49402.02960604802,42.666666666666664
1790155657,16,POST,completion,0.500000,0.000000,35000,35000,36000,36000,37000,37000,37000,37000,37000,37000,37000,38,0,42000,40137.50815694833,25555.902345106006,49402.02960604802,128.0
1790155657,16,TPOT,completion,0.500000,0.000000,250,250,270,270,280,280,280,280,280,280,280,38,0,310,292.2431506743651,182.10923522857465,374.08026331471,0.0
1790155657,16,TTFT,completion,0.500000,0.000000,2400,2400,2600,2600,3100,3100,3100,3100,3100,3100,3100,38,0,2400,3022.574774896432,1813.5488152038306,7858.261662069708,0.0
1790155657,16,,Aggregated,1.500000,0.000000,2400,3100,33000,34000,36000,37000,37000,37000,37000,37000,37000,114,0,2400,14484.108694173043,182.10923522857465,49402.02960604802,42.666666666666664
1790155658,16,POST,completion,0.500000,0.000000,34000,35000,35000,36000,36000,36000,36000,36000,36000,36000,36000,38,0,42000,40137.50815694833,25555.902345106006,49402.02960604802,128.0
1790155658,16,TPOT,completion,0.500000,0.000000,240,250,250,270,270,270,270,270,270,270,270,38,0,310,292.2431506743651,182.10923522857465,374.08026331471,0.0
1790155658,16,TTFT,completion,0.500000,0.000000,2400,2600,2600,3100,3100,3100,3100,3100,3100,3100,3100,38,0,2400,3022.574774896432,1813.5488152038306,7858.261662069708,0.0
1790155658,16,,Aggregated,1.500000,0.000000,2400,3100,33000,34000,35000,36000,36000,36000,36000,36000,36000,114,0,2400,14484.108694173043,182.10923522857465,49402.02960604802,42.666666666666664
1790155659,16,POST,completion,0.500000,0.000000,34000,35000,35000,36000,36000,36000,36000,36000,36000,36000,36000,38,0,42000,40137.50815694833,25555.902345106006,49402.02960604802,128.0
1790155659,16,TPOT,completion,0.500000,0.000000,240,250,250,270,270,270,270,270,270,270,270,38,0,310,292.2431506743651,182.10923522857465,374.08026331471,0.0
1790155659,16,TTFT,completion,0.500000,0.000000,2400,2600,2600,3100,3100,3100,3100,3100,3100,3100,3100,38,0,2400,3022.574774896432,1813.5488152038306,7858.261662069708,0.0
1790155659,16,,Aggregated,1.500000,0.000000,2400,3100,33000,34000,35000,36000,36000,36000,36000,36000,36000,114,0,2400,14484.108694173043,182.10923522857465,49402.02960604802,42.666666666666664
1790155660,16,POST,completion,0.500000,0.000000,33000,33000,34000,34000,34000,34000,34000,34000,34000,34000,34000,38,0,42000,40137.50815694833,25555.902345106006,49402.02960604802,128.0
1790155660,16,TPOT,completion,0.500000,0.000000,240,240,240,240,240,240,240,240,240,240,240,38,0,310,292.2431506743651,182.10923522857465,374.08026331471,0.0
1790155660,16,TTFT,completion,0.500000,0.000000,2400,2400,3100,3100,3100,3100,3100,3100,3100,3100,3100,38,0,2400,3022.574774896432,1813.5488152038306,7858.261662069708,0.0
1790155660,16,,Aggregated,1.500000,0.000000,2400,3100,30000,33000,34000,34000,34000,34000,34000,34000,34000,114,0,2400,14484.108694173043,182.10923522857465,49402.02960604802,42.666666666666664
1790155661,16,POST,completion,0.500000,0.000000,34000,34000,34000,34000,34000,34000,34000,34000,34000,34000,34000,38,0,42000,40137.50815694833,25555.902345106006,49402.02960604802,128.0
1790155661,16,TPOT,completion,0.500000,0.000000,240,240,240,240,240,240,240,240,240,240,240,38,0,310,292.2431506743651,182.10923522857465,374.08026331471,0.0
1790155661,16,TTFT,completion,0.500000,0.000000,3100,3100,3100,3100,3100,3100,3100,3100,3100,3100,3100,38,0,2400,3022.574774896432,1813.5488152038306,7858.261662069708,0.0
1790155661,16,,Aggregated,1.500000,0.000000,3100,3100,30000,30000,34000,34000,34000,34000,34000,34000,34000,114,0,2400,14484.108694173043,182.10923522857465,49402.02960604802,42.666666666666664
1790155662,16,POST,completion,0.500000,0.000000,34000,34000,34000,34000,34000,34000,34000,34000,34000,34000,34000,38,0,42000,40137.50815694833,25555.902345106006,49402.02960604802,128.0
1790155662,16,TPOT,completion,0.500000,0.000000,240,240,240,240,240,240,240,240,240,240,240,38,0,310,292.2431506743651,182.10923522857465,374.08026331471,0.0
1790155662,16,TTFT,completion,0.500000,0.000000,3100,3100,3100,3100,3100,3100,3100,3100,3100,3100,3100,38,0,2400,3022.574774896432,1813.5488152038306,7858.261662069708,0.0
1790155662,16,,Aggregated,1.500000,0.000000,3100,3100,30000,30000,34000,34000,34000,34000,34000,34000,34000,114,0,2400,14484.108694173043,182.10923522857465,49402.02960604802,42.666666666666664
1790155663,16,POST,completion,0.500000,0.000000,30000,30000,30000,30000,30000,30000,30000,30000,30000,30000,30000,38,0,42000,40137.50815694833,25555.902345106006,49402.02960604802,128.0
1790155663,16,TPOT,completion,0.500000,0.000000,220,220,220,220,220,220,220,220,220,220,220,38,0,310,292.2431506743651,182.10923522857465,374.08026331471,0.0
1790155663,16,TTFT,completion,0.500000,0.000000,2000,2000,2000,2000,2000,2000,2000,2000,2000,2000,2000,38,0,2400,3022.574774896432,1813.5488152038306,7858.261662069708,0.0
1790155663,16,,Aggregated,1.500000,0.000000,2000,2000,30000,30000,30000,30000,30000,30000,30000,30000,30000,114,0,2400,14484.108694173043,182.10923522857465,49402.02960604802,42.666666666666664
1790155664,16,POST,completion,0.500000,0.000000,30000,30000,30000,30000,30000,30000,30000,30000,30000,30000,30000,38,0,42000,40137.50815694833,25555.902345106006,49402.02960604802,128.0
1790155664,16,TPOT,completion,0.500000,0.000000,220,220,220,220,220,220,220,220,220,220,220,38,0,310,292.2431506743651,182.10923522857465,374.08026331471,0.0
1790155664,16,TTFT,completion,0.500000,0.000000,2000,2000,2000,2000,2000,2000,2000,2000,2000,2000,2000,38,0,2400,3022.574774896432,1813.5488152038306,7858.261662069708,0.0
1790155664,16,,Aggregated,1.500000,0.000000,2000,2000,30000,30000,30000,30000,30000,30000,30000,30000,30000,114,0,2400,14484.108694173043,182.10923522857465,49402.02960604802,42.666666666666664
1790155665,16,POST,completion,0.500000,0.000000,30000,30000,30000,30000,30000,30000,30000,30000,30000,30000,30000,38,0,42000,40137.50815694833,25555.902345106006,49402.02960604802,128.0
1790155665,16,TPOT,completion,0.500000,0.000000,220,220,220,220,220,220,220,220,220,220,220,38,0,310,292.2431506743651,182.10923522857465,374.08026331471,0.0
1790155665,16,TTFT,completion,0.500000,0.000000,2000,2000,2000,2000,2000,2000,2000,2000,2000,2000,2000,38,0,2400,3022.574774896432,1813.5488152038306,7858.261662069708,0.0
1790155665,16,,Aggregated,1.500000,0.000000,2000,2000,30000,30000,30000,30000,30000,30000,30000,30000,30000,114,0,2400,14484.108694173043,182.10923522857465,49402.02960604802,42.666666666666664
1790155666,16,POST,completion,0.500000,0.000000,30000,30000,30000,30000,30000,30000,30000,30000,30000,30000,30000,38,0,42000,40137.50815694833,25555.902345106006,49402.02960604802,128.0
1790155666,16,TPOT,completion,0.500000,0.000000,220,220,220,220,220,220,220,220,220,220,220,38,0,310,292.2431506743651,182.10923522857465,374.08026331471,0.0
1790155666,16,TTFT,completion,0.500000,0.000000,2000,2000,2000,2000,2000,2000,2000,2000,2000,2000,2000,38,0,2400,3022.574774896432,1813.5488152038306,7858.261662069708,0.0
1790155666,16,,Aggregated,1.500000,0.000000,2000,2000,30000,30000,30000,30000,30000,30000,30000,30000,30000,114,0,2400,14484.108694173043,182.10923522857465,49402.02960604802,42.666666666666664
1790155667,16,POST,completion,0.500000,0.000000,30000,30000,30000,30000,30000,30000,30000,30000,30000,30000,30000,38,0,42000,40137.50815694833,25555.902345106006,49402.02960604802,128.0
1790155667,16,TPOT,completion,0.500000,0.000000,220,220,220,220,220,220,220,220,220,220,220,38,0,310,292.2431506743651,182.10923522857465,374.08026331471,0.0
1790155667,16,TTFT,completion,0.500000,0.000000,2000,2000,2000,2000,2000,2000,2000,2000,2000,2000,2000,38,0,2400,3022.574774896432,1813.5488152038306,7858.261662069708,0.0
1790155667,16,,Aggregated,1.500000,0.000000,2000,2000,30000,30000,30000,30000,30000,30000,30000,30000,30000,114,0,2400,14484.108694173043,182.10923522857465,49402.02960604802,42.666666666666664
1790155668,16,POST,completion,0.500000,0.000000,30000,30000,30000,30000,30000,30000,30000,30000,30000,30000,30000,38,0,42000,40137.50815694833,25555.902345106006,49402.02960604802,128.0
1790155668,16,TPOT,completion,0.500000,0.000000,220,220,220,220,220,220,220,220,220,220,220,38,0,310,292.2431506743651,182.10923522857465,374.08026331471,0.0
1790155668,16,TTFT,completion,0.500000,0.000000,2000,2000,2000,2000,2000,2000,2000,2000,2000,2000,2000,38,0,2400,3022.574774896432,1813.5488152038306,7858.261662069708,0.0
1790155668,16,,Aggregated,1.500000,0.000000,2000,2000,30000,30000,30000,30000,30000,30000,30000,30000,30000,114,0,2400,14484.108694173043,182.10923522857465,49402.02960604802,42.666666666666664
1790155669,16,POST,completion,0.500000,0.000000,30000,30000,30000,30000,30000,30000,30000,30000,30000,30000,30000,38,0,42000,40137.50815694833,25555.902345106006,49402.02960604802,128.0
1790155669,16,TPOT,completion,0.500000,0.000000,220,220,220,220,220,220,220,220,220,220,220,38,0,310,292.2431506743651,182.10923522857465,374.08026331471,0.0
1790155669,16,TTFT,completion,0.500000,0.000000,2000,2000,2000,2000,2000,2000,2000,2000,2000,2000,2000,38,0,2400,3022.574774896432,1813.5488152038306,7858.261662069708,0.0
1790155669,16,,Aggregated,1.500000,0.000000,2000,2000,30000,30000,30000,30000,30000,30000,30000,30000,30000,114,0,2400,14484.108694173043,182.10923522857465,49402.02960604802,42.666666666666664
1790155670,16,POST,completion,0.000000,0.000000,36000,36000,36000,36000,36000,36000,36000,36000,36000,36000,36000,39,0,41000,40040.95579049168,25555.902345106006,49402.02960604802,128.0
1790155670,16,TPOT,completion,0.000000,0.000000,270,270,270,270,270,270,270,270,270,270,270,39,0,300,291.7296296090313,182.10923522857465,374.08026331471,0.0
1790155670,16,TTFT,completion,0.000000,0.000000,2000,2000,2000,2000,2000,2000,2000,2000,2000,2000,2000,39,0,2100,2991.239717337661,1800.507530104369,7858.261662069708,0.0
1790155670,16,,Aggregated,0.000000,0.000000,2000,2000,30000,30000,36000,36000,36000,36000,36000,36000,36000,117,0,2100,14441.308379146123,182.10923522857465,49402.02960604802,42.666666666666664
1790155671,16,POST,completion,0.000000,0.000000,36000,36000,36000,36000,36000,36000,36000,36000,36000,36000,36000,39,0,41000,40040.95579049168,25555.902345106006,49402.02960604802,128.0
1790155671,16,TPOT,completion,0.000000,0.000000,270,270,270,270,270,270,270,270,270,270,270,39,0,300,291.7296296090313,182.10923522857465,374.08026331471,0.0
1790155671,16,TTFT,completion,0.000000,0.000000,2000,2000,2000,2000,2000,2000,2000,2000,2000,2000,2000,39,0,2100,2991.239717337661,1800.507530104369,7858.261662069708,0.0
1790155671,16,,Aggregated,0.000000,0.000000,2000,2000,30000,30000,36000,36000,36000,36000,36000,36000,36000,117,0,2100,14441.308379146123,182.10923522857465,49402.02960604802,42.666666666666664
1790155672,16,POST,completion,0.000000,0.000000,36000,36000,36000,36000,36000,36000,36000,36000,36000,36000,36000,39,0,41000,40040.95579049168,25555.902345106006,49402.02960604802,128.0
1790155672,16,TPOT,completion,0.000000,0.000000,270,270,270,270,270,270,270,270,270,270,270,39,0,300,291.7296296090313,182.10923522857465,374.08026331471,0.0
1790155672,16,TTFT,completion,0.000000,0.000000,1800,1800,1800,1800,1800,1800,1800,1800,1800,1800,1800,39,0,2100,2991.239717337661,1800.507530104369,7858.261662069708,0.0
1790155672,16,,Aggregated,0.000000,0.000000,1800,1800,36000,36000,36000,36000,36000,36000,36000,36000,36000,117,0,2100,14441.308379146123,182.10923522857465,49402.02960604802,42.666666666666664
1790155673,16,POST,completion,0.100000,0.000000,36000,36000,36000,36000,36000,36000,36000,36000,36000,36000,36000,41,0,41000,39860.065241389704,25555.902345106006,49402.02960604802,128.0
1790155673,16,TPOT,completion,0.100000,0.000000,270,270,270,270,270,270,270,270,270,270,270,41,0,290,290.4336252421035,182.10923522857465,374.08026331471,0.0
1790155673,16,TTFT,completion,0.100000,0.000000,1800,1800,3500,3500,3500,3500,3500,3500,3500,3500,3500,41,0,2100,2974.9422166837244,1800.507530104369,7858.261662069708,0.0
1790155673,16,,Aggregated,0.300000,0.000000,1800,3500,36000,36000,36000,36000,36000,36000,36000,36000,36000,123,0,2100,14375.147027771844,182.10923522857465,49402.02960604802,42.666666666666664
1790155674,16,POST,completion,0.100000,0.000000,36000,36000,36000,36000,36000,36000,36000,36000,36000,36000,36000,41,0,41000,39860.065241389704,25555.902345106006,49402.02960604802,128.0
1790155674,16,TPOT,completion,0.100000,0.000000,270,270,270,270,270,270,270,270,270,270,270,41,0,290,290.4336252421035,182.10923522857465,374.08026331471,0.0
1790155674,16,TTFT,completion,0.100000,0.000000,1800,1800,3500,3500,3500,3500,3500,3500,3500,3500,3500,41,0,2100,2974.9422166837244,1800.507530104369,7858.261662069708,0.0
1790155674,16,,Aggregated,0.300000,0.000000,1800,3500,36000,36000,36000,36000,36000,36000,36000,36000,36000,123,0,2100,14375.147027771844,182.10923522857465,49402.02960604802,42.666666666666664
1790155675,16,POST,completion,0.100000,0.000000,36000,36000,36000,36000,36000,36000,36000,36000,36000,36000,36000,41,0,41000,39860.065241389704,25555.902345106006,49402.02960604802,128.0
1790155675,16,TPOT,completion,0.100000,0.000000,270,270,270,270,270,270,270,270,270,270,270,41,0,290,290.4336252421035,182.10923522857465,374.08026331471,0.0
1790155675,16,TTFT,completion,0.100000,0.000000,1800,1800,3500,3500,3500,3500,3500,3500,3500,3500,3500,41,0,2100,2974.9422166837244,1800.507530104369,7858.261662069708,0.0
1790155675,16,,Aggregated,0.300000,0.000000,1800,3500,36000,36000,36000,36000,36000,36000,36000,36000,36000,123,0,2100,14375.147027771844,182.10923522857465,49402.02960604802,42.666666666666664
1790155676,16,POST,completion,0.100000,0.000000,36000,36000,36000,36000,36000,36000,36000,36000,36000,36000,36000,41,0,41000,39860.065241389704,25555.902345106006,49402.02960604802,128.0
1790155676,16,TPOT,completion,0.100000,0.000000,270,270,270,270,270,270,270,270,270,270,270,41,0,290,290.4336252421035,182.10923522857465,374.08026331471,0.0
1790155676,16,TTFT,completion,0.100000,0.000000,1800,1800,3500,3500,3500,3500,3500,3500,3500,3500,3500,41,0,2100,2974.9422166837244,1800.507530104369,7858.261662069708,0.0
1790155676,16,,Aggregated,0.300000,0.000000,1800,3500,36000,36000,36000,36000,36000,36000,36000,36000,36000,123,0,2100,14375.147027771844,182.10923522857465,49402.02960604802,42.666666666666664
1790155677,16,POST,completion,0.100000,0.000000,36000,36000,36000,36000,36000,36000,36000,36000,36000,36000,36000,41,0,41000,39860.065241389704,25555.902345106006,49402.02960604802,128.0
1790155677,16,TPOT,completion,0.100000,0.000000,270,270,270,270,270,270,270,270,270,270,270,41,0,290,290.4336252421035,182.10923522857465,374.08026331471,0.0
1790155677,16,TTFT,completion,0.100000,0.000000,1800,1800,3500,3500,3500,3500,3500,3500,3500,3500,3500,41,0,2100,2974.9422166837244,1800.507530104369,7858.261662069708,0.0
1790155677,16,,Aggregated,0.300000,0.000000,1800,3500,36000,36000,36000,36000,36000,36000,36000,36000,36000,123,0,2100,14375.147027771844,182.10923522857465,49402.02960604802,42.666666666666664
1790155678,16,POST,completion,0.100000,0.000000,36000,36000,36000,36000,36000,36000,36000,36000,36000,36000,36000,41,0,41000,39860.065241389704,25555.902345106006,49402.02960604802,128.0
1790155678,16,TPOT,completion,0.100000,0.000000,270,270,270,270,270,270,270,270,270,270,270,41,0,290,290.4336252421035,182.10923522857465,374.08026331471,0.0
1790155678,16,TTFT,completion,0.100000,0.000000,1800,1800,3500,3500,3500,3500,3500,3500,3500,3500,3500,41,0,2100,2974.9422166837244,1800.507530104369,7858.261662069708,0.0
1790155678,16,,Aggregated,0.300000,0.000000,1800,3500,36000,36000,36000,36000,36000,36000,36000,36000,36000,123,0,2100,14375.147027771844,182.10923522857465,49402.02960604802,42.666666666666664
1790155679,16,POST,completion,0.100000,0.000000,36000,36000,36000,36000,36000,36000,36000,36000,36000,36000,36000,41,0,41000,39860.065241389704,25555.902345106006,49402.02960604802,128.0
1790155679,16,TPOT,completion,0.100000,0.000000,270,270,270,270,270,270,270,270,270,270,270,41,0,290,290.4336252421035,182.10923522857465,374.08026331471,0.0
1790155679,16,TTFT,completion,0.100000,0.000000,1800,1800,3500,3500,3500,3500,3500,3500,3500,3500,3500,41,0,2100,2974.9422166837244,1800.507530104369,7858.261662069708,0.0
1790155679,16,,Aggregated,0.300000,0.000000,1800,3500,36000,36000,36000,36000,36000,36000,36000,36000,36000,123,0,2100,14375.147027771844,182.10923522857465,49402.02960604802,42.666666666666664
1790155680,16,POST,completion,0.100000,0.000000,36000,36000,36000,36000,36000,36000,36000,36000,36000,36000,36000,41,0,41000,39860.065241389704,25555.902345106006,49402.02960604802,128.0
1790155680,16,TPOT,completion,0.100000,0.000000,270,270,270,270,270,270,270,270,270,270,270,41,0,290,290.4336252421035,182.10923522857465,374.08026331471,0.0
1790155680,16,TTFT,completion,0.100000,0.000000,3500,3500,3500,3500,3500,3500,3500,3500,3500,3500,3500,41,0,2100,2974.9422166837244,1800.507530104369,7858.261662069708,0.0
1790155680,16,,Aggregated,0.300000,0.000000,3500,3500,36000,36000,36000,36000,36000,36000,36000,36000,36000,123,0,2100,14375.147027771844,182.10923522857465,49402.02960604802,42.666666666666664
1790155681,16,POST,completion,0.100000,0.000000,36000,36000,36000,36000,36000,36000,36000,36000,36000,36000,36000,41,0,41000,39860.065241389704,25555.902345106006,49402.02960604802,128.0
1790155681,16,TPOT,completion,0.100000,0.000000,270,270,270,270,270,270,270,270,270,270,270,41,0,290,290.4336252421035,182.10923522857465,374.08026331471,0.0
1790155681,16,TTFT,completion,0.100000,0.000000,3500,3500,3500,3500,3500,3500,3500,3500,3500,3500,3500,41,0,2100,2974.9422166837244,1800.507530104369,7858.261662069708,0.0
1790155681,16,,Aggregated,0.300000,0.000000,3500,3500,36000,36000,36000,36000,36000,36000,36000,36000,36000,123,0,2100,14375.147027771844,182.10923522857465,49402.02960604802,42.666666666666664
1790155682,16,POST,completion,0.100000,0.000000,36000,36000,36000,36000,36000,36000,36000,36000,36000,36000,36000,41,0,41000,39860.065241389704,25555.902345106006,49402.02960604802,128.0
1790155682,16,TPOT,completion,0.100000,0.000000,260,260,260,260,260,260,260,260,260,260,260,41,0,290,290.4336252421035,182.10923522857465,374.08026331471,0.0
1790155682,16,TTFT,completion,0.100000,0.000000,3500,3500,3500,3500,3500,3500,3500,3500,3500,3500,3500,41,0,2100,2974.9422166837244,1800.507530104369,7858.261662069708,0.0
1790155682,16,,Aggregated,0.300000,0.000000,3500,3500,36000,36000,36000,36000,36000,36000,36000,36000,36000,123,0,2100,14375.147027771844,182.10923522857465,49402.02960604802,42.666666666666664
1790155683,16,POST,completion,0.100000,0.000000,36000,36000,36000,36000,36000,36000,36000,36000,36000,36000,36000,41,0,41000,39860.065241389704,25555.902345106006,49402.02960604802,128.0
1790155683,16,TPOT,completion,0.100000,0.000000,260,260,260,260,260,260,260,260,260,260,260,41,0,290,290.4336252421035,182.10923522857465,374.08026331471,0.0
1790155683,16,TTFT,completion,0.100000,0.000000,3500,3500,3500,3500,3500,3500,3500,3500,3500,3500,3500,41,0,2100,2974.9422166837244,1800.507530104369,7858.261662069708,0.0
1790155683,16,,Aggregated,0.300000,0.000000,3500,3500,36000,36000,36000,36000,36000,36000,36000,36000,36000,123,0,2100,14375.147027771844,182.10923522857465,49402.02960604802,42.666666666666664
1790155684,16,POST,completion,0.200000,0.000000,40000,40000,40000,40000,40000,40000,40000,40000,40000,40000,40000,42,0,41000,39852.7075854252,25555.902345106006,49402.02960604802,128.0
1790155684,16,TPOT,completion,0.200000,0.000000,300,300,300,300,300,300,300,300,300,300,300,42,0,300,290.57403546091894,182.10923522857465,374.08026331471,0.0
1790155684,16,TTFT,completion,0.200000,0.000000,3500,3500,3500,3500,3500,3500,3500,3500,3500,3500,3500,42,0,2100,2949.7526640715523,1800.507530104369,7858.261662069708,0.0
1790155684,16,,Aggregated,0.600000,0.000000,3500,3500,36000,36000,40000,40000,40000,40000,40000,40000,40000,126,0,2100,14364.34476165256,182.10923522857465,49402.02960604802,42.666666666666664
1790155685,16,POST,completion,0.200000,0.000000,40000,40000,40000,40000,40000,40000,40000,40000,40000,40000,40000,42,0,41000,39852.7075854252,25555.902345106006,49402.02960604802,128.0
1790155685,16,TPOT,completion,0.200000,0.000000,300,300,300,300,300,300,300,300,300,300,300,42,0,300,290.57403546091894,182.10923522857465,374.08026331471,0.0
1790155685,16,TTFT,completion,0.200000,0.000000,3500,3500,3500,3500,3500,3500,3500,3500,3500,3500,3500,42,0,2100,2949.7526640715523,1800.507530104369,7858.261662069708,0.0
1790155685,16,,Aggregated,0.600000,0.000000,3500,3500,36000,36000,40000,40000,40000,40000,40000,40000,40000,126,0,2100,14364.34476165256,182.10923522857465,49402.02960604802,42.666666666666664
1790155686,16,POST,completion,0.200000,0.000000,40000,40000,40000,40000,40000,40000,40000,40000,40000,40000,40000,42,0,41000,39852.7075854252,25555.902345106006,49402.02960604802,128.0
1790155686,16,TPOT,completion,0.200000,0.000000,300,300,300,300,300,300,300,300,300,300,300,42,0,300,290.57403546091894,182.10923522857465,374.08026331471,0.0
1790155686,16,TTFT,completion,0.200000,0.000000,3500,3500,3500,3500,3500,3500,3500,3500,3500,3500,3500,42,0,2100,2949.7526640715523,1800.507530104369,7858.261662069708,0.0
1790155686,16,,Aggregated,0.600000,0.000000,3500,3500,36000,36000,40000,40000,40000,40000,40000,40000,40000,126,0,2100,14364.34476165256,182.10923522857465,49402.02960604802,42.666666666666664
1790155687,16,POST,completion,0.200000,0.000000,40000,40000,40000,40000,40000,40000,40000,40000,40000,40000,40000,42,0,41000,39852.7075854252,25555.902345106006,49402.02960604802,128.0
1790155687,16,TPOT,completion,0.200000,0.000000,300,300,300,300,300,300,300,300,300,300,300,42,0,300,290.57403546091894,182.10923522857465,374.08026331471,0.0
1790155687,16,TTFT,completion,0.200000,0.000000,3500,3500,3500,3500,3500,3500,3500,3500,3500,3500,3500,42,0,2100,2949.7526640715523,1800.507530104369,7858.261662069708,0.0
1790155687,16,,Aggregated,0.600000,0.000000,3500,3500,36000,36000,40000,40000,40000,40000,40000,40000,40000,126,0,2100,14364.34476165256,182.10923522857465,49402.02960604802,42.666666666666664
1790155688,16,POST,completion,0.200000,0.000000,40000,40000,40000,40000,40000,40000,40000,40000,40000,40000,40000,42,0,41000,39852.7075854252,25555.902345106006,49402.02960604802,128.0
1790155688,16,TPOT,completion,0.200000,0.000000,300,300,300,300,300,300,300,300,300,300,300,42,0,300,290.57403546091894,182.10923522857465,374.08026331471,0.0
1790155688,16,TTFT,completion,0.200000,0.000000,1900,1900,1900,1900,1900,1900,1900,1900,1900,1900,1900,42,0,2100,2949.7526640715523,1800.507530104369,7858.261662069708,0.0
1790155688,16,,Aggregated,0.600000,0.000000,1900,1900,40000,40000,40000,40000,40000,40000,40000,40000,40000,126,0,2100,14364.34476165256,182.10923522857465,49402.02960604802,42.666666666666664
1790155689,16,POST,completion,0.200000,0.000000,40000,40000,40000,40000,40000,40000,40000,40000,40000,40000,40000,42,0,41000,39852.7075854252,25555.902345106006,49402.02960604802,128.0
1790155689,16,TPOT,completion,0.200000,0.000000,300,300,300,300,300,300,300,300,300,300,300,42,0,300,290.57403546091894,182.10923522857465,374.08026331471,0.0
1790155689,16,TTFT,completion,0.200000,0.000000,1900,1900,1900,1900,1900,1900,1900,1900,1900,1900,1900,42,0,2100,2949.7526640715523,1800.507530104369,7858.261662069708,0.0
1790155689,16,,Aggregated,0.600000,0.000000,1900,1900,40000,40000,40000,40000,40000,40000,40000,40000,40000,126,0,2100,14364.34476165256,182.10923522857465,49402.02960604802,42.666666666666664
1790155690,16,POST,completion,0.200000,0.000000,40000,40000,40000,40000,40000,40000,40000,40000,40000,40000,40000,42,0,41000,39852.7075854252,25555.902345106006,49402.02960604802,128.0
1790155690,16,TPOT,completion,0.200000,0.000000,300,300,300,300,300,300,300,300,300,300,300,42,0,300,290.57403546091894,182.10923522857465,374.08026331471,0.0
1790155690,16,TTFT,completion,0.200000,0.000000,1900,1900,1900,1900,1900,1900,1900,1900,1900,1900,1900,42,0,2100,2949.7526640715523,1800.507530104369,7858.261662069708,0.0
1790155690,16,,Aggregated,0.600000,0.000000,1900,1900,40000,40000,40000,40000,40000,40000,40000,40000,40000,126,0,2100,14364.34476165256,182.10923522857465,49402.02960604802,42.666666666666664
1790155691,16,POST,completion,0.100000,0.000000,40000,40000,40000,40000,40000,40000,40000,40000,40000,40000,40000,43,0,40000,39848.570851674085,25555.902345106006,49402.02960604802,128.0
1790155691,16,TPOT,completion,0.100000,0.000000,300,300,300,300,300,300,300,300,300,300,300,43,0,300,290.7455556888172,182.10923522857465,374.08026331471,0.0
1790155691,16,TTFT,completion,0.100000,0.000000,1900,1900,1900,1900,1900,1900,1900,1900,1900,1900,1900,43,0,2000,2923.832901791388,1800.507530104369,7858.261662069708,0.0
1790155691,16,,Aggregated,0.300000,0.000000,1900,1900,40000,40000,40000,40000,40000,40000,40000,40000,40000,129,0,2000,14354.383103051432,182.10923522857465,49402.02960604802,42.666666666666664
1790155692,16,POST,completion,0.100000,0.000000,40000,40000,40000,40000,40000,40000,40000,40000,40000,40000,40000,43,0,40000,39848.570851674085,25555.902345106006,49402.02960604802,128.0
1790155692,16,TPOT,completion,0.100000,0.000000,300,300,300,300,300,300,300,300,300,300,300,43,0,300,290.7455556888172,182.10923522857465,374.08026331471,0.0
1790155692,16,TTFT,completion,0.100000,0.000000,1900,1900,1900,1900,1900,1900,1900,1900,1900,1900,1900,43,0,2000,2923.832901791388,1800.507530104369,7858.261662069708,0.0
1790155692,16,,Aggregated,0.300000,0.000000,1900,1900,40000,40000,40000,40000,40000,40000,40000,40000,40000,129,0,2000,14354.383103051432,182.10923522857465,49402.02960604802,42.666666666666664
1790155693,16,POST,completion,0.100000,0.000000,40000,40000,40000,40000,40000,40000,40000,40000,40000,40000,40000,43,0,40000,39848.570851674085,25555.902345106006,49402.02960604802,128.0
1790155693,16,TPOT,completion,0.100000,0.000000,300,300,300,300,300,300,300,300,300,300,300,43,0,300,290.7455556888172,182.10923522857465,374.08026331471,0.0
1790155693,16,TTFT,completion,0.100000,0.000000,1900,1900,1900,1900,1900,1900,1900,1900,1900,1900,1900,43,0,2000,2923.832901791388,1800.507530104369,7858.261662069708,0.0
1790155693,16,,Aggregated,0.300000,0.000000,1900,1900,40000,40000,40000,40000,40000,40000,40000,40000,40000,129,0,2000,14354.383103051432,182.10923522857465,49402.02960604802,42.666666666666664
1790155694,16,POST,completion,0.100000,0.000000,40000,40000,40000,40000,40000,40000,40000,40000,40000,40000,40000,43,0,40000,39848.570851674085,25555.902345106006,49402.02960604802,128.0
1790155694,16,TPOT,completion,0.100000,0.000000,300,300,300,300,300,300,300,300,300,300,300,43,0,300,290.7455556888172,182.10923522857465,374.08026331471,0.0
1790155694,16,TTFT,completion,0.100000,0.000000,1900,1900,1900,1900,1900,1900,1900,1900,1900,1900,1900,43,0,2000,2923.832901791388,1800.507530104369,7858.261662069708,0.0
1790155694,16,,Aggregated,0.300000,0.000000,1900,1900,40000,40000,40000,40000,40000,40000,40000,40000,40000,129,0,2000,14354.383103051432,182.10923522857465,49402.02960604802,42.666666666666664
1790155695,16,POST,completion,0.100000,0.000000,40000,40000,40000,40000,40000,40000,40000,40000,40000,40000,40000,43,0,40000,39848.570851674085,25555.902345106006,49402.02960604802,128.0
1790155695,16,TPOT,completion,0.100000,0.000000,300,300,300,300,300,300,300,300,300,300,300,43,0,300,290.7455556888172,182.10923522857465,374.08026331471,0.0
1790155695,16,TTFT,completion,0.100000,0.000000,1900,1900,1900,1900,1900,1900,1900,1900,1900,1900,1900,43,0,2000,2923.832901791388,1800.507530104369,7858.261662069708,0.0
1790155695,16,,Aggregated,0.300000,0.000000,1900,1900,40000,40000,40000,40000,40000,40000,40000,40000,40000,129,0,2000,14354.383103051432,182.10923522857465,49402.02960604802,42.666666666666664
1790155696,16,POST,completion,0.100000,0.000000,40000,40000,40000,40000,40000,40000,40000,40000,40000,40000,40000,43,0,40000,39848.570851674085,25555.902345106006,49402.02960604802,128.0
1790155696,16,TPOT,completion,0.100000,0.000000,300,300,300,300,300,300,300,300,300,300,300,43,0,300,290.7455556888172,182.10923522857465,374.08026331471,0.0
1790155696,16,TTFT,completion,0.100000,0.000000,1900,1900,1900,1900,1900,1900,1900,1900,1900,1900,1900,43,0,2000,2923.832901791388,1800.507530104369,7858.261662069708,0.0
1790155696,16,,Aggregated,0.300000,0.000000,1900,1900,40000,40000,40000,40000,40000,40000,40000,40000,40000,129,0,2000,14354.383103051432,182.10923522857465,49402.02960604802,42.666666666666664
1790155697,16,POST,completion,0.100000,0.000000,40000,40000,40000,40000,40000,40000,40000,40000,40000,40000,40000,43,0,40000,39848.570851674085,25555.902345106006,49402.02960604802,128.0
1790155697,16,TPOT,completion,0.100000,0.000000,300,300,300,300,300,300,300,300,300,300,300,43,0,300,290.7455556888172,182.10923522857465,374.08026331471,0.0
1790155697,16,TTFT,completion,0.100000,0.000000,1800,1800,1800,1800,1800,1800,1800,1800,1800,1800,1800,43,0,2000,2923.832901791388,1800.507530104369,7858.261662069708,0.0
1790155697,16,,Aggregated,0.300000,0.000000,1800,1800,40000,40000,40000,40000,40000,40000,40000,40000,40000,129,0,2000,14354.383103051432,182.10923522857465,49402.02960604802,42.666666666666664
1790155698,16,POST,completion,0.100000,0.000000,40000,40000,40000,40000,40000,40000,40000,40000,40000,40000,40000,43,0,40000,39848.570851674085,25555.902345106006,49402.02960604802,128.0
1790155698,16,TPOT,completion,0.100000,0.000000,300,300,300,300,300,300,300,300,300,300,300,43,0,300,290.7455556888172,182.10923522857465,374.08026331471,0.0
1790155698,16,TTFT,completion,0.100000,0.000000,1800,1800,1800,1800,1800,1800,1800,1800,1800,1800,1800,43,0,2000,2923.832901791388,1800.507530104369,7858.261662069708,0.0
1790155698,16,,Aggregated,0.300000,0.000000,1800,1800,40000,40000,40000,40000,40000,40000,40000,40000,40000,129,0,2000,14354.383103051432,182.10923522857465,49402.02960604802,42.666666666666664
1790155699,16,POST,completion,0.100000,0.000000,40000,40000,40000,40000,40000,40000,40000,40000,40000,40000,40000,43,0,40000,39848.570851674085,25555.902345106006,49402.02960604802,128.0
1790155699,16,TPOT,completion,0.100000,0.000000,300,300,300,300,300,300,300,300,300,300,300,43,0,300,290.7455556888172,182.10923522857465,374.08026331471,0.0
1790155699,16,TTFT,completion,0.100000,0.000000,1800,1800,1800,1800,1800,1800,1800,1800,1800,1800,1800,43,0,2000,2923.832901791388,1800.507530104369,7858.261662069708,0.0
1790155699,16,,Aggregated,0.300000,0.000000,1800,1800,40000,40000,40000,40000,40000,40000,40000,40000,40000,129,0,2000,14354.383103051432,182.10923522857465,49402.02960604802,42.666666666666664
1790155700,16,POST,completion,0.100000,0.000000,40000,40000,40000,40000,40000,40000,40000,40000,40000,40000,40000,43,0,40000,39848.570851674085,25555.902345106006,49402.02960604802,128.0
1790155700,16,TPOT,completion,0.100000,0.000000,300,300,300,300,300,300,300,300,300,300,300,43,0,300,290.7455556888172,182.10923522857465,374.08026331471,0.0
1790155700,16,TTFT,completion,0.100000,0.000000,1800,1800,1800,1800,1800,1800,1800,1800,1800,1800,1800,43,0,2000,2923.832901791388,1800.507530104369,7858.261662069708,0.0
1790155700,16,,Aggregated,0.300000,0.000000,1800,1800,40000,40000,40000,40000,40000,40000,40000,40000,40000,129,0,2000,14354.383103051432,182.10923522857465,49402.02960604802,42.666666666666664
1790155701,16,POST,completion,0.100000,0.000000,44000,44000,44000,44000,44000,44000,44000,44000,44000,44000,44000,44,0,41000,39937.84858415496,25555.902345106006,49402.02960604802,128.0
1790155701,16,TPOT,completion,0.100000,0.000000,330,330,330,330,330,330,330,330,330,330,330,44,0,300,291.63355324526515,182.10923522857465,374.08026331471,0.0
1790155701,16,TTFT,completion,0.100000,0.000000,1900,1900,1900,1900,1900,1900,1900,1900,1900,1900,1900,44,0,2000,2900.3347747281873,1800.507530104369,7858.261662069708,0.0
1790155701,16,,Aggregated,0.300000,0.000000,1900,1900,40000,40000,44000,44000,44000,44000,44000,44000,44000,132,0,2000,14376.605637376138,182.10923522857465,49402.02960604802,42.666666666666664
1790155702,16,POST,completion,0.100000,0.000000,42000,42000,42000,42000,44000,44000,44000,44000,44000,44000,44000,48,0,41000,39984.19306430636,25555.902345106006,49402.02960604802,128.0
1790155702,16,TPOT,completion,0.100000,0.000000,300,300,300,300,330,330,330,330,330,330,330,48,0,300,291.6356096396866,182.10923522857465,374.08026331471,0.0
1790155702,16,TTFT,completion,0.100000,0.000000,3400,3400,3500,3500,3500,3500,3500,3500,3500,3500,3500,48,0,2400,2946.419283602154,1800.507530104369,7858.261662069708,0.0
1790155702,16,,Aggregated,0.300000,0.000000,3400,3500,39000,40000,42000,44000,44000,44000,44000,44000,44000,144,0,2400,14407.415985849402,182.10923522857465,49402.02960604802,42.666666666666664
1790155703,16,POST,completion,0.100000,0.000000,42000,42000,42000,42000,44000,44000,44000,44000,44000,44000,44000,48,0,41000,39984.19306430636,25555.902345106006,49402.02960604802,128.0
1790155703,16,TPOT,completion,0.100000,0.000000,300,300,300,300,330,330,330,330,330,330,330,48,0,300,291.6356096396866,182.10923522857465,374.08026331471,0.0
1790155703,16,TTFT,completion,0.100000,0.000000,3400,3400,3500,3500,3500,3500,3500,3500,3500,3500,3500,48,0,2400,2946.419283602154,1800.507530104369,7858.261662069708,0.0
1790155703,16,,Aggregated,0.300000,0.000000,3400,3500,39000,40000,42000,44000,44000,44000,44000,44000,44000,144,0,2400,14407.415985849402,182.10923522857465,49402.02960604802,42.666666666666664
1790155704,16,POST,completion,0.100000,0.000000,42000,42000,42000,42000,44000,44000,44000,44000,44000,44000,44000,48,0,41000,39984.19306430636,25555.902345106006,49402.02960604802,128.0
1790155704,16,TPOT,completion,0.100000,0.000000,300,300,300,300,330,330,330,330,330,330,330,48,0,300,291.6356096396866,182.10923522857465,374.08026331471,0.0
1790155704,16,TTFT,completion,0.100000,0.000000,3400,3400,3500,3500,3500,3500,3500,3500,3500,3500,3500,48,0,2400,2946.419283602154,1800.507530104369,7858.261662069708,0.0
1790155704,16,,Aggregated,0.300000,0.000000,3400,3500,39000,40000,42000,44000,44000,44000,44000,44000,44000,144,0,2400,14407.415985849402,182.10923522857465,49402.02960604802,42.666666666666664
1790155705,16,POST,completion,0.100000,0.000000,42000,42000,42000,44000,44000,44000,44000,44000,44000,44000,44000,48,0,41000,39984.19306430636,25555.902345106006,49402.02960604802,128.0
1790155705,16,TPOT,completion,0.100000,0.000000,300,300,300,330,330,330,330,330,330,330,330,48,0,300,291.6356096396866,182.10923522857465,374.08026331471,0.0
1790155705,16,TTFT,completion,0.100000,0.000000,3400,3500,3500,3500,3500,3500,3500,3500,3500,3500,3500,48,0,2400,2946.419283602154,1800.507530104369,7858.261662069708,0.0
1790155705,16,,Aggregated,0.300000,0.000000,3400,3500,39000,42000,42000,44000,44000,44000,44000,44000,44000,144,0,2400,14407.415985849402,182.10923522857465,49402.02960604802,42.666666666666664
1790155706,16,POST,completion,0.100000,0.000000,42000,42000,42000,44000,44000,44000,44000,44000,44000,44000,44000,48,0,41000,39984.19306430636,25555.902345106006,49402.02960604802,128.0
1790155706,16,TPOT,completion,0.100000,0.000000,300,300,300,330,330,330,330,330,330,330,330,48,0,300,291.6356096396866,182.10923522857465,374.08026331471,0.0
1790155706,16,TTFT,completion,0.100000,0.000000,3400,3500,3500,3500,3500,3500,3500,3500,3500,3500,3500,48,0,2400,2946.419283602154,1800.507530104369,7858.261662069708,0.0
1790155706,16,,Aggregated,0.300000,0.000000,3400,3500,39000,42000,42000,44000,44000,44000,44000,44000,44000,144,0,2400,14407.415985849402,182.10923522857465,49402.02960604802,42.666666666666664
1790155707,16,POST,completion,0.500000,0.000000,42000,42000,42000,42000,44000,44000,44000,44000,44000,44000,44000,49,0,40000,39928.96866495246,25555.902345106006,49402.02960604802,128.0
1790155707,16,TPOT,completion,0.500000,0.000000,300,300,300,300,330,330,330,330,330,330,330,49,0,300,291.36810397771785,182.10923522857465,374.08026331471,0.0
1790155707,16,TTFT,completion,0.500000,0.000000,3400,3400,3500,3500,3500,3500,3500,3500,3500,3500,3500,49,0,2100,2925.1681798783948,1800.507530104369,7858.261662069708,0.0
1790155707,16,,Aggregated,1.500000,0.000000,3400,3500,39000,39000,42000,44000,44000,44000,44000,44000,44000,147,0,2100,14381.83498293619,182.10923522857465,49402.02960604802,42.666666666666664
1790155708,16,POST,completion,0.500000,0.000000,42000,42000,42000,42000,44000,44000,44000,44000,44000,44000,44000,49,0,40000,39928.96866495246,25555.902345106006,49402.02960604802,128.0
1790155708,16,TPOT,completion,0.500000,0.000000,300,300,300,300,330,330,330,330,330,330,330,49,0,300,291.36810397771785,182.10923522857465,374.08026331471,0.0
1790155708,16,TTFT,completion,0.500000,0.000000,3400,3400,3500,3500,3500,3500,3500,3500,3500,3500,3500,49,0,2100,2925.1681798783948,1800.507530104369,7858.261662069708,0.0
1790155708,16,,Aggregated,1.500000,0.000000,3400,3500,39000,39000,42000,44000,44000,44000,44000,44000,44000,147,0,2100,14381.83498293619,182.10923522857465,49402.02960604802,42.666666666666664
1790155709,16,POST,completion,0.500000,0.000000,42000,42000,42000,42000,44000,44000,44000,44000,44000,44000,44000,49,0,40000,39928.96866495246,25555.902345106006,49402.02960604802,128.0
1790155709,16,TPOT,completion,0.500000,0.000000,300,300,300,300,330,330,330,330,330,330,330,49,0,300,291.36810397771785,182.10923522857465,374.08026331471,0.0
1790155709,16,TTFT,completion,0.500000,0.000000,3400,3400,3500,3500,3500,3500,3500,3500,3500,3500,3500,49,0,2100,2925.1681798783948,1800.507530104369,7858.261662069708,0.0
1790155709,16,,Aggregated,1.500000,0.000000,3400,3500,39000,39000,42000,44000,44000,44000,44000,44000,44000,147,0,2100,14381.83498293619,182.10923522857465,49402.02960604802,42.666666666666664
1790155710,16,POST,completion,0.600000,0.000000,39000,42000,42000,42000,44000,44000,44000,44000,44000,44000,44000,51,0,40000,39738.79676550974,25555.902345106006,49402.02960604802,128.0
1790155710,16,TPOT,completion,0.600000,0.000000,280,300,300,300,330,330,330,330,330,330,330,51,0,290,290.0960700755678,182.10923522857465,374.08026331471,0.0
1790155710,16,TTFT,completion,0.600000,0.000000,3400,3400,3500,3500,3500,3500,3500,3500,3500,3500,3500,51,0,2100,2896.544833768013,1800.507530104369,7858.261662069708,0.0
1790155710,16,,Aggregated,1.800000,0.000000,3400,3500,37000,39000,42000,42000,44000,44000,44000,44000,44000,153,0,2100,14308.479223117774,182.10923522857465,49402.02960604802,42.666666666666664
1790155711,16,POST,completion,0.600000,0.000000,36000,37000,39000,39000,39000,39000,39000,39000,39000,39000,39000,53,0,40000,39461.03729443396,25555.902345106006,49402.02960604802,128.0
1790155711,16,TPOT,completion,0.600000,0.000000,270,280,280,280,280,280,280,280,280,280,280,53,0,290,287.9505701800107,182.10923522857465,374.08026331471,0.0
1790155711,16,TTFT,completion,0.600000,0.000000,2600,3100,3400,3400,3400,3400,3400,3400,3400,3400,3400,53,0,2400,2891.264202433445,1800.507530104369,7858.261662069708,0.0
1790155711,16,,Aggregated,1.800000,0.000000,2600,3400,33000,35000,37000,39000,39000,39000,39000,39000,39000,159,0,2400,14213.417355682472,182.10923522857465,49402.02960604802,42.666666666666664
1790155712,16,POST,completion,0.600000,0.000000,36000,37000,39000,39000,39000,39000,39000,39000,39000,39000,39000,53,0,40000,39461.03729443396,25555.902345106006,49402.02960604802,128.0
1790155712,16,TPOT,completion,0.600000,0.000000,270,280,280,280,280,280,280,280,280,280,280,53,0,290,287.9505701800107,182.10923522857465,374.08026331471,0.0
1790155712,16,TTFT,completion,0.600000,0.000000,2600,3100,3400,3400,3400,3400,3400,3400,3400,3400,3400,53,0,2400,2891.264202433445,1800.507530104369,7858.261662069708,0.0
1790155712,16,,Aggregated,1.800000,0.000000,2600,3400,33000,35000,37000,39000,39000,39000,39000,39000,39000,159,0,2400,14213.417355682472,182.10923522857465,49402.02960604802,42.666666666666664
1790155713,16,POST,completion,0.600000,0.000000,36000,37000,39000,39000,39000,39000,39000,39000,39000,39000,39000,53,0,40000,39461.03729443396,25555.902345106006,49402.02960604802,128.0
1790155713,16,TPOT,completion,0.600000,0.000000,270,280,280,280,280,280,280,280,280,280,280,53,0,290,287.9505701800107,182.10923522857465,374.08026331471,0.0
1790155713,16,TTFT,completion,0.600000,0.000000,2600,3100,3400,3400,3400,3400,3400,3400,3400,3400,3400,53,0,2400,2891.264202433445,1800.507530104369,7858.261662069708,0.0
1790155713,16,,Aggregated,1.800000,0.000000,2600,3400,33000,35000,37000,39000,39000,39000,39000,39000,39000,159,0,2400,14213.417355682472,182.10923522857465,49402.02960604802,42.666666666666664
1790155714,16,POST,completion,0.600000,0.000000,35000,36000,36000,37000,37000,37000,37000,37000,37000,37000,37000,53,0,40000,39461.03729443396,25555.902345106006,49402.02960604802,128.0
1790155714,16,TPOT,completion,0.600000,0.000000,250,270,270,280,280,280,280,280,280,280,280,53,0,290,287.9505701800107,182.10923522857465,374.08026331471,0.0
1790155714,16,TTFT,completion,0.600000,0.000000,2400,2600,2600,3100,3100,3100,3100,3100,3100,3100,3100,53,0,2400,2891.264202433445,1800.507530104369,7858.261662069708,0.0
1790155714,16,,Aggregated,1.800000,0.000000,2400,3100,33000,35000,36000,37000,37000,37000,37000,37000,37000,159,0,2400,14213.417355682472,182.10923522857465,49402.02960604802,42.666666666666664
1790155715,16,POST,completion,0.500000,0.000000,35000,35000,36000,36000,37000,37000,37000,37000,37000,37000,37000,54,0,40000,39290.1284520911,25555.902345106006,49402.02960604802,128.0
1790155715,16,TPOT,completion,0.500000,0.000000,250,250,270,270,280,280,280,280,280,280,280,54,0,290,286.7615791451871,182.10923522857465,374.08026331471,0.0
1790155715,16,TTFT,completion,0.500000,0.000000,2400,2400,2600,2600,3100,3100,3100,3100,3100,3100,3100,54,0,2400,2871.3572979042374,1800.507530104369,7858.261662069708,0.0
1790155715,16,,Aggregated,1.500000,0.000000,2400,3100,32000,33000,36000,37000,37000,37000,37000,37000,37000,162,0,2400,14149.415776380174,182.10923522857465,49402.02960604802,42.666666666666664
1790155716,16,POST,completion,0.500000,0.000000,35000,35000,36000,36000,37000,37000,37000,37000,37000,37000,37000,54,0,40000,39290.1284520911,25555.902345106006,49402.02960604802,128.0
1790155716,16,TPOT,completion,0.500000,0.000000,250,250,270,270,280,280,280,280,280,280,280,54,0,290,286.7615791451871,182.10923522857465,374.08026331471,0.0
1790155716,16,TTFT,completion,0.500000,0.000000,2400,2400,2600,2600,3100,3100,3100,3100,3100,3100,3100,54,0,2400,2871.3572979042374,1800.507530104369,7858.261662069708,0.0
1790155716,16,,Aggregated,1.500000,0.000000,2400,3100,32000,33000,36000,37000,37000,37000,37000,37000,37000,162,0,2400,14149.415776380174,182.10923522857465,49402.02960604802,42.666666666666664
1790155717,16,POST,completion,0.500000,0.000000,35000,35000,36000,36000,37000,37000,37000,37000,37000,37000,37000,54,0,40000,39290.1284520911,25555.902345106006,49402.02960604802,128.0
1790155717,16,TPOT,completion,0.500000,0.000000,250,250,270,270,280,280,280,280,280,280,280,54,0,290,286.7615791451871,182.10923522857465,374.08026331471,0.0
1790155717,16,TTFT,completion,0.500000,0.000000,2400,2400,2600,2600,3100,3100,3100,3100,3100,3100,3100,54,0,2400,2871.3572979042374,1800.507530104369,7858.261662069708,0.0
1790155717,16,,Aggregated,1.500000,0.000000,2400,3100,32000,33000,36000,37000,37000,37000,37000,37000,37000,162,0,2400,14149.415776380174,182.10923522857465,49402.02960604802,42.666666666666664
1790155718,16,POST,completion,0.500000,0.000000,33000,35000,35000,36000,36000,36000,36000,36000,36000,36000,36000,54,0,40000,39290.1284520911,25555.902345106006,49402.02960604802,128.0
1790155718,16,TPOT,completion,0.500000,0.000000,240,250,250,270,270,270,270,270,270,270,270,54,0,290,286.7615791451871,182.10923522857465,374.08026331471,0.0
1790155718,16,TTFT,completion,0.500000,0.000000,2400,2600,2600,3100,3100,3100,3100,3100,3100,3100,3100,54,0,2400,2871.3572979042374,1800.507530104369,7858.261662069708,0.0
1790155718,16,,Aggregated,1.500000,0.000000,2400,3100,32000,33000,35000,36000,36000,36000,36000,36000,36000,162,0,2400,14149.415776380174,182.10923522857465,49402.02960604802,42.666666666666664
1790155719,16,POST,completion,0.500000,0.000000,33000,35000,35000,36000,36000,36000,36000,36000,36000,36000,36000,54,0,40000,39290.1284520911,25555.902345106006,49402.02960604802,128.0
1790155719,16,TPOT,completion,0.500000,0.000000,240,250,250,270,270,270,270,270,270,270,270,54,0,290,286.7615791451871,182.10923522857465,374.08026331471,0.0
1790155719,16,TTFT,completion,0.500000,0.000000,2400,2600,2600,3100,3100,3100,3100,3100,3100,3100,3100,54,0,2400,2871.3572979042374,1800.507530104369,7858.261662069708,0.0
1790155719,16,,Aggregated,1.500000,0.000000,2400,3100,32000,33000,35000,36000,36000,36000,36000,36000,36000,162,0,2400,14149.415776380174,182.10923522857465,49402.02960604802,42.666666666666664
1790155720,16,POST,completion,0.500000,0.000000,32000,32000,32000,32000,32000,32000,32000,32000,32000,32000,32000,54,0,40000,39290.1284520911,25555.902345106006,49402.02960604802,128.0
1790155720,16,TPOT,completion,0.500000,0.000000,230,230,230,230,230,230,230,230,230,230,230,54,0,290,286.7615791451871,182.10923522857465,374.08026331471,0.0
1790155720,16,TTFT,completion,0.500000,0.000000,3100,3100,3100,3100,3100,3100,3100,3100,3100,3100,3100,54,0,2400,2871.3572979042374,1800.507530104369,7858.261662069708,0.0
1790155720,16,,Aggregated,1.500000,0.000000,3100,3100,30000,30000,32000,32000,32000,32000,32000,32000,32000,162,0,2400,14149.415776380174,182.10923522857465,49402.02960604802,42.666666666666664
1790155721,16,POST,completion,0.500000,0.000000,32000,32000,32000,32000,32000,32000,32000,32000,32000,32000,32000,54,0,40000,39290.1284520911,25555.902345106006,49402.02960604802,128.0
1790155721,16,TPOT,completion,0.500000,0.000000,230,230,230,230,230,230,230,230,230,230,230,54,0,290,286.7615791451871,182.10923522857465,374.08026331471,0.0
1790155721,16,TTFT,completion,0.500000,0.000000,3100,3100,3100,3100,3100,3100,3100,3100,3100,3100,3100,54,0,2400,2871.3572979042374,1800.507530104369,7858.261662069708,0.0
1790155721,16,,Aggregated,1.500000,0.000000,3100,3100,30000,30000,32000,32000,32000,32000,32000,32000,32000,162,0,2400,14149.415776380174,182.10923522857465,49402.02960604802,42.666666666666664
1790155722,16,POST,completion,0.500000,0.000000,32000,32000,32000,32000,32000,32000,32000,32000,32000,32000,32000,54,0,40000,39290.1284520911,25555.902345106006,49402.02960604802,128.0
1790155722,16,TPOT,completion,0.500000,0.000000,230,230,230,230,230,230,230,230,230,230,230,54,0,290,286.7615791451871,182.10923522857465,374.08026331471,0.0
1790155722,16,TTFT,completion,0.500000,0.000000,3100,3100,3100,3100,3100,3100,3100,3100,3100,3100,3100,54,0,2400,2871.3572979042374,1800.507530104369,7858.261662069708,0.0
1790155722,16,,Aggregated,1.500000,0.000000,3100,3100,30000,30000,32000,32000,32000,32000,32000,32000,32000,162,0,2400,14149.415776380174,182.10923522857465,49402.02960604802,42.666666666666664
1790155723,16,POST,completion,0.500000,0.000000,30000,30000,30000,30000,30000,30000,30000,30000,30000,30000,30000,54,0,40000,39290.1284520911,25555.902345106006,49402.02960604802,128.0
1790155723,16,TPOT,completion,0.500000,0.000000,220,220,220,220,220,220,220,220,220,220,220,54,0,290,286.7615791451871,182.10923522857465,374.08026331471,0.0
1790155723,16,TTFT,completion,0.500000,0.000000,1800,1800,1800,1800,1800,1800,1800,1800,1800,1800,1800,54,0,2400,2871.3572979042374,1800.507530104369,7858.261662069708,0.0
1790155723,16,,Aggregated,1.500000,0.000000,1800,1800,30000,30000,30000,30000,30000,30000,30000,30000,30000,162,0,2400,14149.415776380174,182.10923522857465,49402.02960604802,42.666666666666664
1790155724,16,POST,completion,0.500000,0.000000,30000,30000,30000,30000,30000,30000,30000,30000,30000,30000,30000,54,0,40000,39290.1284520911,25555.902345106006,49402.02960604802,128.0
1790155724,16,TPOT,completion,0.500000,0.000000,220,220,220,220,220,220,220,220,220,220,220,54,0,290,286.7615791451871,182.10923522857465,374.08026331471,0.0
1790155724,16,TTFT,completion,0.500000,0.000000,1800,1800,1800,1800,1800,1800,1800,1800,1800,1800,1800,54,0,2400,2871.3572979042374,1800.507530104369,7858.261662069708,0.0
1790155724,16,,Aggregated,1.500000,0.000000,1800,1800,30000,30000,30000,30000,30000,30000,30000,30000,30000,162,0,2400,14149.415776380174,182.10923522857465,49402.02960604802,42.666666666666664
1790155725,16,POST,completion,0.500000,0.000000,30000,30000,30000,30000,30000,30000,30000,30000,30000,30000,30000,54,0,40000,39290.1284520911,25555.902345106006,49402.02960604802,128.0
1790155725,16,TPOT,completion,0.500000,0.000000,220,220,220,220,220,220,220,220,220,220,220,54,0,290,286.7615791451871,182.10923522857465,374.08026331471,0.0
1790155725,16,TTFT,completion,0.500000,0.000000,1800,1800,1800,1800,1800,1800,1800,1800,1800,1800,1800,54,0,2400,2871.3572979042374,1800.507530104369,7858.261662069708,0.0
1790155725,16,,Aggregated,1.500000,0.000000,1800,1800,30000,30000,30000,30000,30000,30000,30000,30000,30000,162,0,2400,14149.415776380174,182.10923522857465,49402.02960604802,42.666666666666664
1790155726,16,POST,completion,0.500000,0.000000,30000,30000,30000,30000,30000,30000,30000,30000,30000,30000,30000,54,0,40000,39290.1284520911,25555.902345106006,49402.02960604802,128.0
1790155726,16,TPOT,completion,0.500000,0.000000,220,220,220,220,220,220,220,220,220,220,220,54,0,290,286.7615791451871,182.10923522857465,374.08026331471,0.0
1790155726,16,TTFT,completion,0.500000,0.000000,1800,1800,1800,1800,1800,1800,1800,1800,1800,1800,1800,54,0,2400,2871.3572979042374,1800.507530104369,7858.261662069708,0.0
1790155726,16,,Aggregated,1.500000,0.000000,1800,1800,30000,30000,30000,30000,30000,30000,30000,30000,30000,162,0,2400,14149.415776380174,182.10923522857465,49402.02960604802,42.666666666666664
1790155727,16,POST,completion,0.500000,0.000000,30000,30000,30000,30000,30000,30000,30000,30000,30000,30000,30000,54,0,40000,39290.1284520911,25555.902345106006,49402.02960604802,128.0
1790155727,16,TPOT,completion,0.500000,0.000000,220,220,220,220,220,220,220,220,220,220,220,54,0,290,286.7615791451871,182.10923522857465,374.08026331471,0.0
1790155727,16,TTFT,completion,0.500000,0.000000,1800,1800,1800,1800,1800,1800,1800,1800,1800,1800,1800,54,0,2400,2871.3572979042374,1800.507530104369,7858.261662069708,0.0
1790155727,16,,Aggregated,1.500000,0.000000,1800,1800,30000,30000,30000,30000,30000,30000,30000,30000,30000,162,0,2400,14149.415776380174,182.10923522857465,49402.02960604802,42.666666666666664
1790155728,16,POST,completion,0.500000,0.000000,30000,30000,30000,30000,30000,30000,30000,30000,30000,30000,30000,54,0,40000,39290.1284520911,25555.902345106006,49402.02960604802,128.0
1790155728,16,TPOT,completion,0.500000,0.000000,220,220,220,220,220,220,220,220,220,220,220,54,0,290,286.7615791451871,182.10923522857465,374.08026331471,0.0
1790155728,16,TTFT,completion,0.500000,0.000000,1800,1800,1800,1800,1800,1800,1800,1800,1800,1800,1800,54,0,2400,2871.3572979042374,1800.507530104369,7858.261662069708,0.0
1790155728,16,,Aggregated,1.500000,0.000000,1800,1800,30000,30000,30000,30000,30000,30000,30000,30000,30000,162,0,2400,14149.415776380174,182.10923522857465,49402.02960604802,42.666666666666664
1790155729,16,POST,completion,0.000000,0.000000,36000,36000,36000,36000,36000,36000,36000,36000,36000,36000,36000,55,0,40000,39236.988631868735,25555.902345106006,49402.02960604802,128.0
1790155729,16,TPOT,completion,0.000000,0.000000,270,270,270,270,270,270,270,270,270,270,270,55,0,290,286.4823129813406,182.10923522857465,374.08026331471,0.0
1790155729,16,TTFT,completion,0.000000,0.000000,1900,1900,1900,1900,1900,1900,1900,1900,1900,1900,1900,55,0,2100,2853.6843304310673,1800.507530104369,7858.261662069708,0.0
1790155729,16,,Aggregated,0.000000,0.000000,1900,1900,30000,30000,36000,36000,36000,36000,36000,36000,36000,165,0,2100,14125.718425093713,182.10923522857465,49402.02960604802,42.666666666666664
1790155730,16,POST,completion,0.000000,0.000000,36000,36000,36000,36000,36000,36000,36000,36000,36000,36000,36000,55,0,40000,39236.988631868735,25555.902345106006,49402.02960604802,128.0
1790155730,16,TPOT,completion,0.000000,0.000000,270,270,270,270,270,270,270,270,270,270,270,55,0,290,286.4823129813406,182.10923522857465,374.08026331471,0.0
1790155730,16,TTFT,completion,0.000000,0.000000,1900,1900,1900,1900,1900,1900,1900,1900,1900,1900,1900,55,0,2100,2853.6843304310673,1800.507530104369,7858.261662069708,0.0
1790155730,16,,Aggregated,0.000000,0.000000,1900,1900,30000,30000,36000,36000,36000,36000,36000,36000,36000,165,0,2100,14125.718425093713,182.10923522857465,49402.02960604802,42.666666666666664
1790155731,16,POST,completion,0.000000,0.000000,36000,36000,36000,36000,36000,36000,36000,36000,36000,36000,36000,55,0,40000,39236.988631868735,25555.902345106006,49402.02960604802,128.0
1790155731,16,TPOT,completion,0.000000,0.000000,270,270,270,270,270,270,270,270,270,270,270,55,0,290,286.4823129813406,182.10923522857465,374.08026331471,0.0
1790155731,16,TTFT,completion,0.000000,0.000000,1900,1900,1900,1900,1900,1900,1900,1900,1900,1900,1900,55,0,2100,2853.6843304310673,1800.507530104369,7858.261662069708,0.0
1790155731,16,,Aggregated,0.000000,0.000000,1900,1900,30000,30000,36000,36000,36000,36000,36000,36000,36000,165,0,2100,14125.718425093713,182.10923522857465,49402.02960604802,42.666666666666664
1790155732,16,POST,completion,0.000000,0.000000,36000,36000,36000,36000,36000,36000,36000,36000,36000,36000,36000,55,0,40000,39236.988631868735,25555.902345106006,49402.02960604802,128.0
1790155732,16,TPOT,completion,0.000000,0.000000,270,270,270,270,270,270,270,270,270,270,270,55,0,290,286.4823129813406,182.10923522857465,374.08026331471,0.0
1790155732,16,TTFT,completion,0.000000,0.000000,1900,1900,1900,1900,1900,1900,1900,1900,1900,1900,1900,55,0,2100,2853.6843304310673,1800.507530104369,7858.261662069708,0.0
1790155732,16,,Aggregated,0.000000,0.000000,1900,1900,36000,36000,36000,36000,36000,36000,36000,36000,36000,165,0,2100,14125.718425093713,182.10923522857465,49402.02960604802,42.666666666666664
1790155733,16,POST,completion,0.100000,0.000000,36000,36000,36000,36000,36000,36000,36000,36000,36000,36000,36000,57,0,39000,39134.618796171264,25555.902345106006,49402.02960604802,128.0
1790155733,16,TPOT,completion,0.100000,0.000000,270,270,270,270,270,270,270,270,270,270,270,57,0,290,285.70625452584756,182.10923522857465,374.08026331471,0.0
1790155733,16,TTFT,completion,0.100000,0.000000,1900,1900,3600,3600,3600,3600,3600,3600,3600,3600,3600,57,0,2100,2849.8741990862122,1800.507530104369,7858.261662069708,0.0
1790155733,16,,Aggregated,0.300000,0.000000,1900,3600,36000,36000,36000,36000,36000,36000,36000,36000,36000,171,0,2100,14090.06641659444,182.10923522857465,49402.02960604802,42.666666666666664
1790155734,16,POST,completion,0.100000,0.000000,36000,36000,36000,36000,36000,36000,36000,36000,36000,36000,36000,57,0,39000,39134.618796171264,25555.902345106006,49402.02960604802,128.0
1790155734,16,TPOT,completion,0.100000,0.000000,270,270,270,270,270,270,270,270,270,270,270,57,0,290,285.70625452584756,182.10923522857465,374.08026331471,0.0
1790155734,16,TTFT,completion,0.100000,0.000000,1900,1900,3600,3600,3600,3600,3600,3600,3600,3600,3600,57,0,2100,2849.8741990862122,1800.507530104369,7858.261662069708,0.0
1790155734,16,,Aggregated,0.300000,0.000000,1900,3600,36000,36000,36000,36000,36000,36000,36000,36000,36000,171,0,2100,14090.06641659444,182.10923522857465,49402.02960604802,42.666666666666664
1790155735,16,POST,completion,0.100000,0.000000,36000,36000,36000,36000,36000,36000,36000,36000,36000,36000,36000,57,0,39000,39134.618796171264,25555.902345106006,49402.02960604802,128.0
1790155735,16,TPOT,completion,0.100000,0.000000,270,270,270,270,270,270,270,270,270,270,270,57,0,290,285.70625452584756,182.10923522857465,374.08026331471,0.0
1790155735,16,TTFT,completion,0.100000,0.000000,1900,1900,3600,3600,3600,3600,3600,3600,3600,3600,3600,57,0,2100,2849.8741990862122,1800.507530104369,7858.261662069708,0.0
1790155735,16,,Aggregated,0.300000,0.000000,1900,3600,36000,36000,36000,36000,36000,36000,36000,36000,36000,171,0,2100,14090.06641659444,182.10923522857465,49402.02960604802,42.666666666666664
1790155736,16,POST,completion,0.100000,0.000000,36000,36000,36000,36000,36000,36000,36000,36000,36000,36000,36000,57,0,39000,39134.618796171264,25555.902345106006,49402.02960604802,128.0
1790155736,16,TPOT,completion,0.100000,0.000000,270,270,270,270,270,270,270,270,270,270,270,57,0,290,285.70625452584756,182.10923522857465,374.08026331471,0.0
1790155736,16,TTFT,completion,0.100000,0.000000,1900,1900,3600,3600,3600,3600,3600,3600,3600,3600,3600,57,0,2100,2849.8741990862122,1800.507530104369,7858.261662069708,0.0
1790155736,16,,Aggregated,0.300000,0.000000,1900,3600,36000,36000,36000,36000,36000,36000,36000,36000,36000,171,0,2100,14090.06641659444,182.10923522857465,49402.02960604802,42.666666666666664
1790155737,16,POST,completion,0.100000,0.000000,36000,36000,36000,36000,36000,36000,36000,36000,36000,36000,36000,57,0,39000,39134.618796171264,25555.902345106006,49402.02960604802,128.0
1790155737,16,TPOT,completion,0.100000,0.000000,270,270,270,270,270,270,270,270,270,270,270,57,0,290,285.70625452584756,182.10923522857465,374.08026331471,0.0
1790155737,16,TTFT,completion,0.100000,0.000000,1900,1900,3600,3600,3600,3600,3600,3600,3600,3600,3600,57,0,2100,2849.8741990862122,1800.507530104369,7858.261662069708,0.0
1790155737,16,,Aggregated,0.300000,0.000000,1900,3600,36000,36000,36000,36000,36000,36000,36000,36000,36000,171,0,2100,14090.06641659444,182.10923522857465,49402.02960604802,42.666666666666664
1790155738,16,POST,completion,0.100000,0.000000,36000,36000,36000,36000,36000,36000,36000,36000,36000,36000,36000,57,0,39000,39134.618796171264,25555.902345106006,49402.02960604802,128.0
1790155738,16,TPOT,completion,0.100000,0.000000,270,270,270,270,270,270,270,270,270,270,270,57,0,290,285.70625452584756,182.10923522857465,374.08026331471,0.0
1790155738,16,TTFT,completion,0.100000,0.000000,1900,1900,3600,3600,3600,3600,3600,3600,3600,3600,3600,57,0,2100,2849.8741990862122,1800.507530104369,7858.261662069708,0.0
1790155738,16,,Aggregated,0.300000,0.000000,1900,3600,36000,36000,36000,36000,36000,36000,36000,36000,36000,171,0,2100,14090.06641659444,182.10923522857465,49402.02960604802,42.666666666666664
1790155739,16,POST,completion,0.100000,0.000000,36000,36000,36000,36000,36000,36000,36000,36000,36000,36000,36000,57,0,39000,39134.618796171264,25555.902345106006,49402.02960604802,128.0
1790155739,16,TPOT,completion,0.100000,0.000000,270,270,270,270,270,270,270,270,270,270,270,57,0,290,285.70625452584756,182.10923522857465,374.08026331471,0.0
1790155739,16,TTFT,completion,0.100000,0.000000,1900,1900,3600,3600,3600,3600,3600,3600,3600,3600,3600,57,0,2100,2849.8741990862122,1800.507530104369,7858.261662069708,0.0
1790155739,16,,Aggregated,0.300000,0.000000,1900,3600,36000,36000,36000,36000,36000,36000,36000,36000,36000,171,0,2100,14090.06641659444,182.10923522857465,49402.02960604802,42.666666666666664
1790155740,16,POST,completion,0.100000,0.000000,36000,36000,36000,36000,36000,36000,36000,36000,36000,36000,36000,57,0,39000,39134.618796171264,25555.902345106006,49402.02960604802,128.0
1790155740,16,TPOT,completion,0.100000,0.000000,270,270,270,270,270,270,270,270,270,270,270,57,0,290,285.70625452584756,182.10923522857465,374.08026331471,0.0
1790155740,16,TTFT,completion,0.100000,0.000000,3600,3600,3600,3600,3600,3600,3600,3600,3600,3600,3600,57,0,2100,2849.8741990862122,1800.507530104369,7858.261662069708,0.0
1790155740,16,,Aggregated,0.300000,0.000000,3600,3600,36000,36000,36000,36000,36000,36000,36000,36000,36000,171,0,2100,14090.06641659444,182.10923522857465,49402.02960604802,42.666666666666664
1790155741,16,POST,completion,0.100000,0.000000,36000,36000,36000,36000,36000,36000,36000,36000,36000,36000,36000,57,0,39000,39134.618796171264,25555.902345106006,49402.02960604802,128.0
1790155741,16,TPOT,completion,0.100000,0.000000,270,270,270,270,270,270,270,270,270,270,270,57,0,290,285.70625452584756,182.10923522857465,374.08026331471,0.0
1790155741,16,TTFT,completion,0.100000,0.000000,3600,3600,3600,3600,3600,3600,3600,3600,3600,3600,3600,57,0,2100,2849.8741990862122,1800.507530104369,7858.261662069708,0.0
1790155741,16,,Aggregated,0.300000,0.000000,3600,3600,36000,36000,36000,36000,36000,36000,36000,36000,36000,171,0,2100,14090.06641659444,182.10923522857465,49402.02960604802,42.666666666666664
1790155742,16,POST,completion,0.100000,0.000000,36000,36000,36000,36000,36000,36000,36000,36000,36000,36000,36000,57,0,39000,39134.618796171264,25555.902345106006,49402.02960604802,128.0
1790155742,16,TPOT,completion,0.100000,0.000000,260,260,260,260,260,260,260,260,260,260,260,57,0,290,285.70625452584756,182.10923522857465,374.08026331471,0.0
1790155742,16,TTFT,completion,0.100000,0.000000,3600,3600,3600,3600,3600,3600,3600,3600,3600,3600,3600,57,0,2100,2849.8741990862122,1800.507530104369,7858.261662069708,0.0
1790155742,16,,Aggregated,0.300000,0.000000,3600,3600,36000,36000,36000,36000,36000,36000,36000,36000,36000,171,0,2100,14090.06641659444,182.10923522857465,49402.02960604802,42.666666666666664
1790155743,16,POST,completion,0.200000,0.000000,39000,39000,39000,39000,39000,39000,39000,39000,39000,39000,39000,58,0,39000,39138.92800332015,25555.902345106006,49402.02960604802,128.0
1790155743,16,TPOT,completion,0.200000,0.000000,300,300,300,300,300,300,300,300,300,300,300,58,0,290,285.88004717100114,182.10923522857465,374.08026331471,0.0
1790155743,16,TTFT,completion,0.200000,0.000000,3600,3600,3600,3600,3600,3600,3600,3600,3600,3600,3600,58,0,2100,2832.111741909918,1800.507530104369,7858.261662069708,0.0
1790155743,16,,Aggregated,0.600000,0.000000,3600,3600,36000,36000,39000,39000,39000,39000,39000,39000,39000,174,0,2100,14085.639930800355,182.10923522857465,49402.02960604802,42.666666666666664
1790155744,16,POST,completion,0.200000,0.000000,39000,39000,39000,39000,39000,39000,39000,39000,39000,39000,39000,58,0,39000,39138.92800332015,25555.902345106006,49402.02960604802,128.0
1790155744,16,TPOT,completion,0.200000,0.000000,300,300,300,300,300,300,300,300,300,300,300,58,0,290,285.88004717100114,182.10923522857465,374.08026331471,0.0
1790155744,16,TTFT,completion,0.200000,0.000000,3600,3600,3600,3600,3600,3600,3600,3600,3600,3600,3600,58,0,2100,2832.111741909918,1800.507530104369,7858.261662069708,0.0
1790155744,16,,Aggregated,0.600000,0.000000,3600,3600,36000,36000,39000,39000,39000,39000,39000,39000,39000,174,0,2100,14085.639930800355,182.10923522857465,49402.02960604802,42.666666666666664
1790155745,16,POST,completion,0.200000,0.000000,39000,39000,39000,39000,39000,39000,39000,39000,39000,39000,39000,58,0,39000,39138.92800332015,25555.902345106006,49402.02960604802,128.0
1790155745,16,TPOT,completion,0.200000,0.000000,300,300,300,300,300,300,300,300,300,300,300,58,0,290,285.88004717100114,182.10923522857465,374.08026331471,0.0
1790155745,16,TTFT,completion,0.200000,0.000000,3600,3600,3600,3600,3600,3600,3600,3600,3600,3600,3600,58,0,2100,2832.111741909918,1800.507530104369,7858.261662069708,0.0
1790155745,16,,Aggregated,0.600000,0.000000,3600,3600,36000,36000,39000,39000,39000,39000,39000,39000,39000,174,0,2100,14085.639930800355,182.10923522857465,49402.02960604802,42.666666666666664
1790155746,16,POST,completion,0.200000,0.000000,39000,39000,39000,39000,39000,39000,39000,39000,39000,39000,39000,58,0,39000,39138.92800332015,25555.902345106006,49402.02960604802,128.0
1790155746,16,TPOT,completion,0.200000,0.000000,300,300,300,300,300,300,300,300,300,300,300,58,0,290,285.88004717100114,182.10923522857465,374.08026331471,0.0
1790155746,16,TTFT,completion,0.200000,0.000000,3600,3600,3600,3600,3600,3600,3600,3600,3600,3600,3600,58,0,2100,2832.111741909918,1800.507530104369,7858.261662069708,0.0
1790155746,16,,Aggregated,0.600000,0.000000,3600,3600,36000,36000,39000,39000,39000,39000,39000,39000,39000,174,0,2100,14085.639930800355,182.10923522857465,49402.02960604802,42.666666666666664
1790155747,16,POST,completion,0.200000,0.000000,39000,39000,39000,39000,39000,39000,39000,39000,39000,39000,39000,58,0,39000,39138.92800332015,25555.902345106006,49402.02960604802,128.0
1790155747,16,TPOT,completion,0.200000,0.000000,300,300,300,300,300,300,300,300,300,300,300,58,0,290,285.88004717100114,182.10923522857465,374.08026331471,0.0
1790155747,16,TTFT,completion,0.200000,0.000000,3600,3600,3600,3600,3600,3600,3600,3600,3600,3600,3600,58,0,2100,2832.111741909918,1800.507530104369,7858.261662069708,0.0
1790155747,16,,Aggregated,0.600000,0.000000,3600,3600,36000,36000,39000,39000,39000,39000,39000,39000,39000,174,0,2100,14085.639930800355,182.10923522857465,49402.02960604802,42.666666666666664
1790155748,16,POST,completion,0.200000,0.000000,39000,39000,39000,39000,39000,39000,39000,39000,39000,39000,39000,58,0,39000,39138.92800332015,25555.902345106006,49402.02960604802,128.0
1790155748,16,TPOT,completion,0.200000,0.000000,300,300,300,300,300,300,300,300,300,300,300,58,0,290,285.88004717100114,182.10923522857465,374.08026331471,0.0
1790155748,16,TTFT,completion,0.200000,0.000000,1800,1800,1800,1800,1800,1800,1800,1800,1800,1800,1800,58,0,2100,2832.111741909918,1800.507530104369,7858.261662069708,0.0
1790155748,16,,Aggregated,0.600000,0.000000,1800,1800,39000,39000,39000,39000,39000,39000,39000,39000,39000,174,0,2100,14085.639930800355,182.10923522857465,49402.02960604802,42.666666666666664
1790155749,16,POST,completion,0.200000,0.000000,39000,39000,39000,39000,39000,39000,39000,39000,39000,39000,39000,58,0,39000,39138.92800332015,25555.902345106006,49402.02960604802,128.0
1790155749,16,TPOT,completion,0.200000,0.000000,300,300,300,300,300,300,300,300,300,300,300,58,0,290,285.88004717100114,182.10923522857465,374.08026331471,0.0
1790155749,16,TTFT,completion,0.200000,0.000000,1800,1800,1800,1800,1800,1800,1800,1800,1800,1800,1800,58,0,2100,2832.111741909918,1800.507530104369,7858.261662069708,0.0
1790155749,16,,Aggregated,0.600000,0.000000,1800,1800,39000,39000,39000,39000,39000,39000,39000,39000,39000,174,0,2100,14085.639930800355,182.10923522857465,49402.02960604802,42.666666666666664
1790155751,16,POST,completion,0.100000,0.000000,40000,40000,40000,40000,40000,40000,40000,40000,40000,40000,40000,59,0,39000,39148.11201661952,25555.902345106006,49402.02960604802,128.0
1790155751,16,TPOT,completion,0.100000,0.000000,300,300,300,300,300,300,300,300,300,300,300,59,0,290,286.0806101966556,182.10923522857465,374.08026331471,0.0
1790155751,16,TTFT,completion,0.100000,0.000000,1900,1900,1900,1900,1900,1900,1900,1900,1900,1900,1900,59,0,2000,2815.8242635397337,1800.507530104369,7858.261662069708,0.0
1790155751,16,,Aggregated,0.300000,0.000000,1900,1900,39000,39000,40000,40000,40000,40000,40000,40000,40000,177,0,2000,14083.338963451966,182.10923522857465,49402.02960604802,42.666666666666664
1790155752,16,POST,completion,0.100000,0.000000,40000,40000,40000,40000,40000,40000,40000,40000,40000,40000,40000,59,0,39000,39148.11201661952,25555.902345106006,49402.02960604802,128.0
1790155752,16,TPOT,completion,0.100000,0.000000,300,300,300,300,300,300,300,300,300,300,300,59,0,290,286.0806101966556,182.10923522857465,374.08026331471,0.0
1790155752,16,TTFT,completion,0.100000,0.000000,1900,1900,1900,1900,1900,1900,1900,1900,1900,1900,1900,59,0,2000,2815.8242635397337,1800.507530104369,7858.261662069708,0.0
1790155752,16,,Aggregated,0.300000,0.000000,1900,1900,39000,39000,40000,40000,40000,40000,40000,40000,40000,177,0,2000,14083.338963451966,182.10923522857465,49402.02960604802,42.666666666666664
1790155753,16,POST,completion,0.100000,0.000000,40000,40000,40000,40000,40000,40000,40000,40000,40000,40000,40000,59,0,39000,39148.11201661952,25555.902345106006,49402.02960604802,128.0
1790155753,16,TPOT,completion,0.100000,0.000000,300,300,300,300,300,300,300,300,300,300,300,59,0,290,286.0806101966556,182.10923522857465,374.08026331471,0.0
1790155753,16,TTFT,completion,0.100000,0.000000,1900,1900,1900,1900,1900,1900,1900,1900,1900,1900,1900,59,0,2000,2815.8242635397337,1800.507530104369,7858.261662069708,0.0
1790155753,16,,Aggregated,0.300000,0.000000,1900,1900,39000,39000,40000,40000,40000,40000,40000,40000,40000,177,0,2000,14083.338963451966,182.10923522857465,49402.02960604802,42.666666666666664
1790155754,16,POST,completion,0.100000,0.000000,40000,40000,40000,40000,40000,40000,40000,40000,40000,40000,40000,59,0,39000,39148.11201661952,25555.902345106006,49402.02960604802,128.0
1790155754,16,TPOT,completion,0.100000,0.000000,300,300,300,300,300,300,300,300,300,300,300,59,0,290,286.0806101966556,182.10923522857465,374.08026331471,0.0
1790155754,16,TTFT,completion,0.100000,0.000000,1900,1900,1900,1900,1900,1900,1900,1900,1900,1900,1900,59,0,2000,2815.8242635397337,1800.507530104369,7858.261662069708,0.0
1790155754,16,,Aggregated,0.300000,0.000000,1900,1900,39000,39000,40000,40000,40000,40000,40000,40000,40000,177,0,2000,14083.338963451966,182.10923522857465,49402.02960604802,42.666666666666664
1790155755,16,POST,completion,0.100000,0.000000,40000,40000,40000,40000,40000,40000,40000,40000,40000,40000,40000,59,0,39000,39148.11201661952,25555.902345106006,49402.02960604802,128.0
1790155755,16,TPOT,completion,0.100000,0.000000,300,300,300,300,300,300,300,300,300,300,300,59,0,290,286.0806101966556,182.10923522857465,374.08026331471,0.0
1790155755,16,TTFT,completion,0.100000,0.000000,1900,1900,1900,1900,1900,1900,1900,1900,1900,1900,1900,59,0,2000,2815.8242635397337,1800.507530104369,7858.261662069708,0.0
1790155755,16,,Aggregated,0.300000,0.000000,1900,1900,39000,39000,40000,40000,40000,40000,40000,40000,40000,177,0,2000,14083.338963451966,182.10923522857465,49402.02960604802,42.666666666666664
1790155756,16,POST,completion,0.100000,0.000000,40000,40000,40000,40000,40000,40000,40000,40000,40000,40000,40000,59,0,39000,39148.11201661952,25555.902345106006,49402.02960604802,128.0
1790155756,16,TPOT,completion,0.100000,0.000000,300,300,300,300,300,300,300,300,300,300,300,59,0,290,286.0806101966556,182.10923522857465,374.08026331471,0.0
1790155756,16,TTFT,completion,0.100000,0.000000,1900,1900,1900,1900,1900,1900,1900,1900,1900,1900,1900,59,0,2000,2815.8242635397337,1800.507530104369,7858.261662069708,0.0
1790155756,16,,Aggregated,0.300000,0.000000,1900,1900,40000,40000,40000,40000,40000,40000,40000,40000,40000,177,0,2000,14083.338963451966,182.10923522857465,49402.02960604802,42.666666666666664
1790155757,16,POST,completion,0.100000,0.000000,40000,40000,40000,40000,40000,40000,40000,40000,40000,40000,40000,59,0,39000,39148.11201661952,25555.902345106006,49402.02960604802,128.0
1790155757,16,TPOT,completion,0.100000,0.000000,300,300,300,300,300,300,300,300,300,300,300,59,0,290,286.0806101966556,182.10923522857465,374.08026331471,0.0
1790155757,16,TTFT,completion,0.100000,0.000000,1900,1900,1900,1900,1900,1900,1900,1900,1900,1900,1900,59,0,2000,2815.8242635397337,1800.507530104369,7858.261662069708,0.0
1790155757,16,,Aggregated,0.300000,0.000000,1900,1900,40000,40000,40000,40000,40000,40000,40000,40000,40000,177,0,2000,14083.338963451966,182.10923522857465,49402.02960604802,42.666666666666664
1790155758,16,POST,completion,0.100000,0.000000,40000,40000,40000,40000,40000,40000,40000,40000,40000,40000,40000,59,0,39000,39148.11201661952,25555.902345106006,49402.02960604802,128.0
1790155758,16,TPOT,completion,0.100000,0.000000,300,300,300,300,300,300,300,300,300,300,300,59,0,290,286.0806101966556,182.10923522857465,374.08026331471,0.0
1790155758,16,TTFT,completion,0.100000,0.000000,1900,1900,1900,1900,1900,1900,1900,1900,1900,1900,1900,59,0,2000,2815.8242635397337,1800.507530104369,7858.261662069708,0.0
1790155758,16,,Aggregated,0.300000,0.000000,1900,1900,40000,40000,40000,40000,40000,40000,40000,40000,40000,177,0,2000,14083.338963451966,182.10923522857465,49402.02960604802,42.666666666666664
1790155759,16,POST,completion,0.100000,0.000000,40000,40000,40000,40000,40000,40000,40000,40000,40000,40000,40000,59,0,39000,39148.11201661952,25555.902345106006,49402.02960604802,128.0
1790155759,16,TPOT,completion,0.100000,0.000000,300,300,300,300,300,300,300,300,300,300,300,59,0,290,286.0806101966556,182.10923522857465,374.08026331471,0.0
1790155759,16,TTFT,completion,0.100000,0.000000,1900,1900,1900,1900,1900,1900,1900,1900,1900,1900,1900,59,0,2000,2815.8242635397337,1800.507530104369,7858.261662069708,0.0
1790155759,16,,Aggregated,0.300000,0.000000,1900,1900,40000,40000,40000,40000,40000,40000,40000,40000,40000,177,0,2000,14083.338963451966,182.10923522857465,49402.02960604802,42.666666666666664
1790155760,16,POST,completion,0.100000,0.000000,40000,40000,40000,40000,40000,40000,40000,40000,40000,40000,40000,59,0,39000,39148.11201661952,25555.902345106006,49402.02960604802,128.0
1790155760,16,TPOT,completion,0.100000,0.000000,300,300,300,300,300,300,300,300,300,300,300,59,0,290,286.0806101966556,182.10923522857465,374.08026331471,0.0
1790155760,16,TTFT,completion,0.100000,0.000000,1900,1900,1900,1900,1900,1900,1900,1900,1900,1900,1900,59,0,2000,2815.8242635397337,1800.507530104369,7858.261662069708,0.0
1790155760,16,,Aggregated,0.300000,0.000000,1900,1900,40000,40000,40000,40000,40000,40000,40000,40000,40000,177,0,2000,14083.338963451966,182.10923522857465,49402.02960604802,42.666666666666664
1790155761,16,POST,completion,0.100000,0.000000,40000,40000,40000,40000,40000,40000,40000,40000,40000,40000,40000,59,0,39000,39148.11201661952,25555.902345106006,49402.02960604802,128.0
1790155761,16,TPOT,completion,0.100000,0.000000,300,300,300,300,300,300,300,300,300,300,300,59,0,290,286.0806101966556,182.10923522857465,374.08026331471,0.0
1790155761,16,TTFT,completion,0.100000,0.000000,1900,1900,1900,1900,1900,1900,1900,1900,1900,1900,1900,59,0,2000,2815.8242635397337,1800.507530104369,7858.261662069708,0.0
1790155761,16,,Aggregated,0.300000,0.000000,1900,1900,40000,40000,40000,40000,40000,40000,40000,40000,40000,177,0,2000,14083.338963451966,182.10923522857465,49402.02960604802,42.666666666666664
1790155762,16,POST,completion,0.100000,0.000000,42000,42000,44000,44000,44000,44000,44000,44000,44000,44000,44000,62,0,40000,39319.762218187774,25555.902345106006,49402.02960604802,128.0
1790155762,16,TPOT,completion,0.100000,0.000000,300,300,330,330,330,330,330,330,330,330,330,62,0,290,287.3838058117115,182.10923522857465,374.08026331471,0.0
1790155762,16,TTFT,completion,0.100000,0.000000,3500,3500,3500,3500,3500,3500,3500,3500,3500,3500,3500,62,0,2100,2821.968999710084,1800.507530104369,7858.261662069708,0.0
1790155762,16,,Aggregated,0.300000,0.000000,3500,3500,42000,42000,42000,44000,44000,44000,44000,44000,44000,186,0,2100,14143.038341236523,182.10923522857465,49402.02960604802,42.666666666666664
1790155763,16,POST,completion,0.100000,0.000000,42000,42000,42000,42000,44000,44000,44000,44000,44000,44000,44000,64,0,40000,39305.4108696997,25555.902345106006,49402.02960604802,128.0
1790155763,16,TPOT,completion,0.100000,0.000000,300,300,300,300,330,330,330,330,330,330,330,64,0,290,287.12091530616715,182.10923522857465,374.08026331471,0.0
1790155763,16,TTFT,completion,0.100000,0.000000,3400,3400,3500,3500,3500,3500,3500,3500,3500,3500,3500,64,0,2400,2841.0050522943493,1800.507530104369,7858.261662069708,0.0
1790155763,16,,Aggregated,0.300000,0.000000,3400,3500,39000,40000,42000,44000,44000,44000,44000,44000,44000,192,0,2400,14144.51227910007,182.10923522857465,49402.02960604802,42.666666666666664
1790155764,16,POST,completion,0.100000,0.000000,42000,42000,42000,42000,44000,44000,44000,44000,44000,44000,44000,64,0,40000,39305.4108696997,25555.902345106006,49402.02960604802,128.0
1790155764,16,TPOT,completion,0.100000,0.000000,300,300,300,300,330,330,330,330,330,330,330,64,0,290,287.12091530616715,182.10923522857465,374.08026331471,0.0
1790155764,16,TTFT,completion,0.100000,0.000000,3400,3400,3500,3500,3500,3500,3500,3500,3500,3500,3500,64,0,2400,2841.0050522943493,1800.507530104369,7858.261662069708,0.0
1790155764,16,,Aggregated,0.300000,0.000000,3400,3500,39000,40000,42000,44000,44000,44000,44000,44000,44000,192,0,2400,14144.51227910007,182.10923522857465,49402.02960604802,42.666666666666664
1790155765,16,POST,completion,0.100000,0.000000,42000,42000,42000,44000,44000,44000,44000,44000,44000,44000,44000,64,0,40000,39305.4108696997,25555.902345106006,49402.02960604802,128.0
1790155765,16,TPOT,completion,0.100000,0.000000,300,300,300,330,330,330,330,330,330,330,330,64,0,290,287.12091530616715,182.10923522857465,374.08026331471,0.0
1790155765,16,TTFT,completion,0.100000,0.000000,3400,3500,3500,3500,3500,3500,3500,3500,3500,3500,3500,64,0,2400,2841.0050522943493,1800.507530104369,7858.261662069708,0.0
1790155765,16,,Aggregated,0.300000,0.000000,3400,3500,39000,42000,42000,44000,44000,44000,44000,44000,44000,192,0,2400,14144.51227910007,182.10923522857465,49402.02960604802,42.666666666666664
1790155766,16,POST,completion,0.100000,0.000000,42000,42000,42000,44000,44000,44000,44000,44000,44000,44000,44000,64,0,40000,39305.4108696997,25555.902345106006,49402.02960604802,128.0
1790155766,16,TPOT,completion,0.100000,0.000000,300,300,300,330,330,330,330,330,330,330,330,64,0,290,287.12091530616715,182.10923522857465,374.08026331471,0.0
1790155766,16,TTFT,completion,0.100000,0.000000,3400,3500,3500,3500,3500,3500,3500,3500,3500,3500,3500,64,0,2400,2841.0050522943493,1800.507530104369,7858.261662069708,0.0
1790155766,16,,Aggregated,0.300000,0.000000,3400,3500,39000,42000,42000,44000,44000,44000,44000,44000,44000,192,0,2400,14144.51227910007,182.10923522857465,49402.02960604802,42.666666666666664
1790155767,16,POST,completion,0.100000,0.000000,42000,42000,42000,44000,44000,44000,44000,44000,44000,44000,44000,64,0,40000,39305.4108696997,25555.902345106006,49402.02960604802,128.0
1790155767,16,TPOT,completion,0.100000,0.000000,300,300,300,330,330,330,330,330,330,330,330,64,0,290,287.12091530616715,182.10923522857465,374.08026331471,0.0
1790155767,16,TTFT,completion,0.100000,0.000000,3400,3500,3500,3500,3500,3500,3500,3500,3500,3500,3500,64,0,2400,2841.0050522943493,1800.507530104369,7858.261662069708,0.0
1790155767,16,,Aggregated,0.300000,0.000000,3400,3500,39000,42000,42000,44000,44000,44000,44000,44000,44000,192,0,2400,14144.51227910007,182.10923522857465,49402.02960604802,42.666666666666664
1790155768,16,POST,completion,0.500000,0.000000,42000,42000,42000,42000,44000,44000,44000,44000,44000,44000,44000,65,0,39000,39274.21002805663,25555.902345106006,49402.02960604802,128.0
1790155768,16,TPOT,completion,0.500000,0.000000,300,300,300,300,330,330,330,330,330,330,330,65,0,290,286.9895577561031,182.10923522857465,374.08026331471,0.0
1790155768,16,TTFT,completion,0.500000,0.000000,3400,3400,3500,3500,3500,3500,3500,3500,3500,3500,3500,65,0,2100,2826.486657026152,1800.507530104369,7858.261662069708,0.0
1790155768,16,,Aggregated,1.500000,0.000000,3400,3500,39000,39000,42000,44000,44000,44000,44000,44000,44000,195,0,2100,14129.228747612962,182.10923522857465,49402.02960604802,42.666666666666664
1790155769,16,POST,completion,0.500000,0.000000,42000,42000,42000,42000,44000,44000,44000,44000,44000,44000,44000,65,0,39000,39274.21002805663,25555.902345106006,49402.02960604802,128.0
1790155769,16,TPOT,completion,0.500000,0.000000,300,300,300,300,330,330,330,330,330,330,330,65,0,290,286.9895577561031,182.10923522857465,374.08026331471,0.0
1790155769,16,TTFT,completion,0.500000,0.000000,3400,3400,3500,3500,3500,3500,3500,3500,3500,3500,3500,65,0,2100,2826.486657026152,1800.507530104369,7858.261662069708,0.0
1790155769,16,,Aggregated,1.500000,0.000000,3400,3500,39000,39000,42000,44000,44000,44000,44000,44000,44000,195,0,2100,14129.228747612962,182.10923522857465,49402.02960604802,42.666666666666664
1790155770,16,POST,completion,0.500000,0.000000,42000,42000,42000,42000,44000,44000,44000,44000,44000,44000,44000,65,0,39000,39274.21002805663,25555.902345106006,49402.02960604802,128.0
1790155770,16,TPOT,completion,0.500000,0.000000,300,300,300,300,330,330,330,330,330,330,330,65,0,290,286.9895577561031,182.10923522857465,374.08026331471,0.0
1790155770,16,TTFT,completion,0.500000,0.000000,3400,3400,3500,3500,3500,3500,3500,3500,3500,3500,3500,65,0,2100,2826.486657026152,1800.507530104369,7858.261662069708,0.0
1790155770,16,,Aggregated,1.500000,0.000000,3400,3500,39000,39000,42000,44000,44000,44000,44000,44000,44000,195,0,2100,14129.228747612962,182.10923522857465,49402.02960604802,42.666666666666664
1790155771,16,POST,completion,0.600000,0.000000,37000,37000,39000,39000,39000,39000,39000,39000,39000,39000,39000,68,0,39000,39055.08597565281,25555.902345106006,49402.02960604802,128.0
1790155771,16,TPOT,completion,0.600000,0.000000,280,280,280,280,280,280,280,280,280,280,280,68,0,290,285.46426133795666,182.10923522857465,374.08026331471,0.0
1790155771,16,TTFT,completion,0.600000,0.000000,2600,2600,3400,3400,3400,3400,3400,3400,3400,3400,3400,68,0,2400,2801.0754423928174,1800.3272679634392,7858.261662069708,0.0
1790155771,16,,Aggregated,1.800000,0.000000,2600,3400,35000,35000,39000,39000,39000,39000,39000,39000,39000,204,0,2400,14047.208559794528,182.10923522857465,49402.02960604802,42.666666666666664
1790155772,16,POST,completion,0.600000,0.000000,35000,37000,39000,39000,39000,39000,39000,39000,39000,39000,39000,69,0,39000,38951.886181196576,25555.902345106006,49402.02960604802,128.0
1790155772,16,TPOT,completion,0.600000,0.000000,270,280,280,280,280,280,280,280,280,280,280,69,0,280,284.6119519401544,182.10923522857465,374.08026331471,0.0
1790155772,16,TTFT,completion,0.600000,0.000000,2600,3100,3400,3400,3400,3400,3400,3400,3400,3400,3400,69,0,2400,2806.1190175763127,1800.3272679634392,7858.261662069708,0.0
1790155772,16,,Aggregated,1.800000,0.000000,2600,3400,33000,35000,37000,39000,39000,39000,39000,39000,39000,207,0,2400,14014.205716904347,182.10923522857465,49402.02960604802,42.666666666666664
1790155773,16,POST,completion,0.600000,0.000000,35000,37000,39000,39000,39000,39000,39000,39000,39000,39000,39000,69,0,39000,38951.886181196576,25555.902345106006,49402.02960604802,128.0
1790155773,16,TPOT,completion,0.600000,0.000000,270,280,280,280,280,280,280,280,280,280,280,69,0,280,284.6119519401544,182.10923522857465,374.08026331471,0.0
1790155773,16,TTFT,completion,0.600000,0.000000,2600,3100,3400,3400,3400,3400,3400,3400,3400,3400,3400,69,0,2400,2806.1190175763127,1800.3272679634392,7858.261662069708,0.0
1790155773,16,,Aggregated,1.800000,0.000000,2600,3400,33000,35000,37000,39000,39000,39000,39000,39000,39000,207,0,2400,14014.205716904347,182.10923522857465,49402.02960604802,42.666666666666664
1790155774,16,POST,completion,0.600000,0.000000,35000,35000,35000,37000,37000,37000,37000,37000,37000,37000,37000,69,0,39000,38951.886181196576,25555.902345106006,49402.02960604802,128.0
1790155774,16,TPOT,completion,0.600000,0.000000,250,270,270,280,280,280,280,280,280,280,280,69,0,280,284.6119519401544,182.10923522857465,374.08026331471,0.0
1790155774,16,TTFT,completion,0.600000,0.000000,2400,2600,2600,3100,3100,3100,3100,3100,3100,3100,3100,69,0,2400,2806.1190175763127,1800.3272679634392,7858.261662069708,0.0
1790155774,16,,Aggregated,1.800000,0.000000,2400,3100,33000,35000,35000,37000,37000,37000,37000,37000,37000,207,0,2400,14014.205716904347,182.10923522857465,49402.02960604802,42.666666666666664
1790155775,16,POST,completion,0.600000,0.000000,35000,35000,35000,37000,37000,37000,37000,37000,37000,37000,37000,69,0,39000,38951.886181196576,25555.902345106006,49402.02960604802,128.0
1790155775,16,TPOT,completion,0.600000,0.000000,250,270,270,280,280,280,280,280,280,280,280,69,0,280,284.6119519401544,182.10923522857465,374.08026331471,0.0
1790155775,16,TTFT,completion,0.600000,0.000000,2400,2600,2600,3100,3100,3100,3100,3100,3100,3100,3100,69,0,2400,2806.1190175763127,1800.3272679634392,7858.261662069708,0.0
1790155775,16,,Aggregated,1.800000,0.000000,2400,3100,33000,35000,35000,37000,37000,37000,37000,37000,37000,207,0,2400,14014.205716904347,182.10923522857465,49402.02960604802,42.666666666666664
1790155776,16,POST,completion,0.500000,0.000000,35000,35000,35000,35000,37000,37000,37000,37000,37000,37000,37000,70,0,39000,38827.29290099482,25555.902345106006,49402.02960604802,128.0
1790155776,16,TPOT,completion,0.500000,0.000000,250,250,270,270,280,280,280,280,280,280,280,70,0,280,283.7408098576567,182.10923522857465,374.08026331471,0.0
1790155776,16,TTFT,completion,0.500000,0.000000,2400,2400,2600,2600,3100,3100,3100,3100,3100,3100,3100,70,0,2400,2792.1608174552343,1800.3272679634392,7858.261662069708,0.0
1790155776,16,,Aggregated,1.500000,0.000000,2400,3100,32000,33000,35000,37000,37000,37000,37000,37000,37000,210,0,2400,13967.731509435902,182.10923522857465,49402.02960604802,42.666666666666664
1790155777,16,POST,completion,0.500000,0.000000,35000,35000,35000,35000,37000,37000,37000,37000,37000,37000,37000,70,0,39000,38827.29290099482,25555.902345106006,49402.02960604802,128.0
1790155777,16,TPOT,completion,0.500000,0.000000,250,250,270,270,280,280,280,280,280,280,280,70,0,280,283.7408098576567,182.10923522857465,374.08026331471,0.0
1790155777,16,TTFT,completion,0.500000,0.000000,2400,2400,2600,2600,3100,3100,3100,3100,3100,3100,3100,70,0,2400,2792.1608174552343,1800.3272679634392,7858.261662069708,0.0
1790155777,16,,Aggregated,1.500000,0.000000,2400,3100,32000,33000,35000,37000,37000,37000,37000,37000,37000,210,0,2400,13967.731509435902,182.10923522857465,49402.02960604802,42.666666666666664
1790155778,16,POST,completion,0.500000,0.000000,33000,35000,35000,35000,35000,35000,35000,35000,35000,35000,35000,70,0,39000,38827.29290099482,25555.902345106006,49402.02960604802,128.0
1790155778,16,TPOT,completion,0.500000,0.000000,240,250,250,270,270,270,270,270,270,270,270,70,0,280,283.7408098576567,182.10923522857465,374.08026331471,0.0
1790155778,16,TTFT,completion,0.500000,0.000000,2400,2600,2600,3100,3100,3100,3100,3100,3100,3100,3100,70,0,2400,2792.1608174552343,1800.3272679634392,7858.261662069708,0.0
1790155778,16,,Aggregated,1.500000,0.000000,2400,3100,32000,33000,35000,35000,35000,35000,35000,35000,35000,210,0,2400,13967.731509435902,182.10923522857465,49402.02960604802,42.666666666666664
1790155779,16,POST,completion,0.500000,0.000000,33000,35000,35000,35000,35000,35000,35000,35000,35000,35000,35000,70,0,39000,38827.29290099482,25555.902345106006,49402.02960604802,128.0
1790155779,16,TPOT,completion,0.500000,0.000000,240,250,250,270,270,270,270,270,270,270,270,70,0,280,283.7408098576567,182.10923522857465,374.08026331471,0.0
1790155779,16,TTFT,completion,0.500000,0.000000,2400,2600,2600,3100,3100,3100,3100,3100,3100,3100,3100,70,0,2400,2792.1608174552343,1800.3272679634392,7858.261662069708,0.0
1790155779,16,,Aggregated,1.500000,0.000000,2400,3100,32000,33000,35000,35000,35000,35000,35000,35000,35000,210,0,2400,13967.731509435902,182.10923522857465,49402.02960604802,42.666666666666664
1790155780,16,POST,completion,0.500000,0.000000,32000,32000,32000,32000,32000,32000,32000,32000,32000,32000,32000,70,0,39000,38827.29290099482,25555.902345106006,49402.02960604802,128.0
1790155780,16,TPOT,completion,0.500000,0.000000,230,230,230,230,230,230,230,230,230,230,230,70,0,280,283.7408098576567,182.10923522857465,374.08026331471,0.0
1790155780,16,TTFT,completion,0.500000,0.000000,3100,3100,3100,3100,3100,3100,3100,3100,3100,3100,3100,70,0,2400,2792.1608174552343,1800.3272679634392,7858.261662069708,0.0
1790155780,16,,Aggregated,1.500000,0.000000,3100,3100,30000,30000,32000,32000,32000,32000,32000,32000,32000,210,0,2400,13967.731509435902,182.10923522857465,49402.02960604802,42.666666666666664
1790155781,16,POST,completion,0.500000,0.000000,32000,32000,32000,32000,32000,32000,32000,32000,32000,32000,32000,70,0,39000,38827.29290099482,25555.902345106006,49402.02960604802,128.0
1790155781,16,TPOT,completion,0.500000,0.000000,230,230,230,230,230,230,230,230,230,230,230,70,0,280,283.7408098576567,182.10923522857465,374.08026331471,0.0
1790155781,16,TTFT,completion,0.500000,0.000000,3100,3100,3100,3100,3100,3100,3100,3100,3100,3100,3100,70,0,2400,2792.1608174552343,1800.3272679634392,7858.261662069708,0.0
1790155781,16,,Aggregated,1.500000,0.000000,3100,3100,30000,30000,32000,32000,32000,32000,32000,32000,32000,210,0,2400,13967.731509435902,182.10923522857465,49402.02960604802,42.666666666666664
1790155782,16,POST,completion,0.500000,0.000000,32000,32000,32000,32000,32000,32000,32000,32000,32000,32000,32000,70,0,39000,38827.29290099482,25555.902345106006,49402.02960604802,128.0
1790155782,16,TPOT,completion,0.500000,0.000000,230,230,230,230,230,230,230,230,230,230,230,70,0,280,283.7408098576567,182.10923522857465,374.08026331471,0.0
1790155782,16,TTFT,completion,0.500000,0.000000,3100,3100,3100,3100,3100,3100,3100,3100,3100,3100,3100,70,0,2400,2792.1608174552343,1800.3272679634392,7858.261662069708,0.0
1790155782,16,,Aggregated,1.500000,0.000000,3100,3100,30000,30000,32000,32000,32000,32000,32000,32000,32000,210,0,2400,13967.731509435902,182.10923522857465,49402.02960604802,42.666666666666664
1790155783,16,POST,completion,0.500000,0.000000,30000,30000,30000,30000,30000,30000,30000,30000,30000,30000,30000,70,0,39000,38827.29290099482,25555.902345106006,49402.02960604802,128.0
1790155783,16,TPOT,completion,0.500000,0.000000,220,220,220,220,220,220,220,220,220,220,220,70,0,280,283.7408098576567,182.10923522857465,374.08026331471,0.0
1790155783,16,TTFT,completion,0.500000,0.000000,1800,1800,1800,1800,1800,1800,1800,1800,1800,1800,1800,70,0,2400,2792.1608174552343,1800.3272679634392,7858.261662069708,0.0
1790155783,16,,Aggregated,1.500000,0.000000,1800,1800,30000,30000,30000,30000,30000,30000,30000,30000,30000,210,0,2400,13967.731509435902,182.10923522857465,49402.02960604802,42.666666666666664
1790155784,16,POST,completion,0.500000,0.000000,30000,30000,30000,30000,30000,30000,30000,30000,30000,30000,30000,70,0,39000,38827.29290099482,25555.902345106006,49402.02960604802,128.0
1790155784,16,TPOT,completion,0.500000,0.000000,220,220,220,220,220,220,220,220,220,220,220,70,0,280,283.7408098576567,182.10923522857465,374.08026331471,0.0
1790155784,16,TTFT,completion,0.500000,0.000000,1800,1800,1800,1800,1800,1800,1800,1800,1800,1800,1800,70,0,2400,2792.1608174552343,1800.3272679634392,7858.261662069708,0.0
1790155784,16,,Aggregated,1.500000,0.000000,1800,1800,30000,30000,30000,30000,30000,30000,30000,30000,30000,210,0,2400,13967.731509435902,182.10923522857465,49402.02960604802,42.666666666666664
1790155785,16,POST,completion,0.500000,0.000000,30000,30000,30000,30000,30000,30000,30000,30000,30000,30000,30000,70,0,39000,38827.29290099482,25555.902345106006,49402.02960604802,128.0
1790155785,16,TPOT,completion,0.500000,0.000000,220,220,220,220,220,220,220,220,220,220,220,70,0,280,283.7408098576567,182.10923522857465,374.08026331471,0.0
1790155785,16,TTFT,completion,0.500000,0.000000,1800,1800,1800,1800,1800,1800,1800,1800,1800,1800,1800,70,0,2400,2792.1608174552343,1800.3272679634392,7858.261662069708,0.0
1790155785,16,,Aggregated,1.500000,0.000000,1800,1800,30000,30000,30000,30000,30000,30000,30000,30000,30000,210,0,2400,13967.731509435902,182.10923522857465,49402.02960604802,42.666666666666664
1790155786,16,POST,completion,0.500000,0.000000,30000,30000,30000,30000,30000,30000,30000,30000,30000,30000,30000,70,0,39000,38827.29290099482,25555.902345106006,49402.02960604802,128.0
1790155786,16,TPOT,completion,0.500000,0.000000,220,220,220,220,220,220,220,220,220,220,220,70,0,280,283.7408098576567,182.10923522857465,374.08026331471,0.0
1790155786,16,TTFT,completion,0.500000,0.000000,1800,1800,1800,1800,1800,1800,1800,1800,1800,1800,1800,70,0,2400,2792.1608174552343,1800.3272679634392,7858.261662069708,0.0
1790155786,16,,Aggregated,1.500000,0.000000,1800,1800,30000,30000,30000,30000,30000,30000,30000,30000,30000,210,0,2400,13967.731509435902,182.10923522857465,49402.02960604802,42.666666666666664
1790155787,16,POST,completion,0.500000,0.000000,30000,30000,30000,30000,30000,30000,30000,30000,30000,30000,30000,70,0,39000,38827.29290099482,25555.902345106006,49402.02960604802,128.0
1790155787,16,TPOT,completion,0.500000,0.000000,220,220,220,220,220,220,220,220,220,220,220,70,0,280,283.7408098576567,182.10923522857465,374.08026331471,0.0
1790155787,16,TTFT,completion,0.500000,0.000000,1800,1800,1800,1800,1800,1800,1800,1800,1800,1800,1800,70,0,2400,2792.1608174552343,1800.3272679634392,7858.261662069708,0.0
1790155787,16,,Aggregated,1.500000,0.000000,1800,1800,30000,30000,30000,30000,30000,30000,30000,30000,30000,210,0,2400,13967.731509435902,182.10923522857465,49402.02960604802,42.666666666666664
1790155788,16,POST,completion,0.500000,0.000000,30000,30000,30000,30000,30000,30000,30000,30000,30000,30000,30000,70,0,39000,38827.29290099482,25555.902345106006,49402.02960604802,128.0
1790155788,16,TPOT,completion,0.500000,0.000000,220,220,220,220,220,220,220,220,220,220,220,70,0,280,283.7408098576567,182.10923522857465,374.08026331471,0.0
1790155788,16,TTFT,completion,0.500000,0.000000,1800,1800,1800,1800,1800,1800,1800,1800,1800,1800,1800,70,0,2400,2792.1608174552343,1800.3272679634392,7858.261662069708,0.0
1790155788,16,,Aggregated,1.500000,0.000000,1800,1800,30000,30000,30000,30000,30000,30000,30000,30000,30000,210,0,2400,13967.731509435902,182.10923522857465,49402.02960604802,42.666666666666664
1790155789,16,POST,completion,0.500000,0.000000,30000,30000,30000,30000,30000,30000,30000,30000,30000,30000,30000,70,0,39000,38827.29290099482,25555.902345106006,49402.02960604802,128.0
1790155789,16,TPOT,completion,0.500000,0.000000,220,220,220,220,220,220,220,220,220,220,220,70,0,280,283.7408098576567,182.10923522857465,374.08026331471,0.0
1790155789,16,TTFT,completion,0.500000,0.000000,1800,1800,1800,1800,1800,1800,1800,1800,1800,1800,1800,70,0,2400,2792.1608174552343,1800.3272679634392,7858.261662069708,0.0
1790155789,16,,Aggregated,1.500000,0.000000,1800,1800,30000,30000,30000,30000,30000,30000,30000,30000,30000,210,0,2400,13967.731509435902,182.10923522857465,49402.02960604802,42.666666666666664
