Timestamp,User Count,Type,Name,Requests/s,Failures/s,50%,66%,75%,80%,90%,95%,98%,99%,99.9%,99.99%,100%,Total Request Count,Total Failure Count,Total Median Response Time,Total Average Response Time,Total Min Response Time,Total Max Response Time,Total Average Content Size
1790233331,0,,Aggregated,0.000000,0.000000,N/A,N/A,N/A,N/A,N/A,N/A,N/A,N/A,N/A,N/A,N/A,0,0,0,0.0,0,0,0
1790233332,1,,Aggregated,0.000000,0.000000,N/A,N/A,N/A,N/A,N/A,N/A,N/A,N/A,N/A,N/A,N/A,0,0,0,0.0,0,0,0
1790233333,2,,Aggregated,0.000000,0.000000,N/A,N/A,N/A,N/A,N/A,N/A,N/A,N/A,N/A,N/A,N/A,0,0,0,0.0,0,0,0
1790233334,3,,Aggregated,0.000000,0.000000,N/A,N/A,N/A,N/A,N/A,N/A,N/A,N/A,N/A,N/A,N/A,0,0,0,0.0,0,0,0
1790233335,4,,Aggregated,0.000000,0.000000,N/A,N/A,N/A,N/A,N/A,N/A,N/A,N/A,N/A,N/A,N/A,0,0,0,0.0,0,0,0
1790233336,5,,Aggregated,0.000000,0.000000,N/A,N/A,N/A,N/A,N/A,N/A,N/A,N/A,N/A,N/A,N/A,0,0,0,0.0,0,0,0
1790233337,6,,Aggregated,0.000000,0.000000,N/A,N/A,N/A,N/A,N/A,N/A,N/A,N/A,N/A,N/A,N/A,0,0,0,0.0,0,0,0
1790233338,7,,Aggregated,0.000000,0.000000,N/A,N/A,N/A,N/A,N/A,N/A,N/A,N/A,N/A,N/A,N/A,0,0,0,0.0,0,0,0
1790233339,8,,Aggregated,0.000000,0.000000,N/A,N/A,N/A,N/A,N/A,N/A,N/A,N/A,N/A,N/A,N/A,0,0,0,0.0,0,0,0
1790233340,9,,Aggregated,0.000000,0.000000,N/A,N/A,N/A,N/A,N/A,N/A,N/A,N/A,N/A,N/A,N/A,0,0,0,0.0,0,0,0
1790233341,10,,Aggregated,0.000000,0.000000,N/A,N/A,N/A,N/A,N/A,N/A,N/A,N/A,N/A,N/A,N/A,0,0,0,0.0,0,0,0
1790233342,11,,Aggregated,0.000000,0.000000,N/A,N/A,N/A,N/A,N/A,N/A,N/A,N/A,N/A,N/A,N/A,0,0,0,0.0,0,0,0
1790233343,12,,Aggregated,0.000000,0.000000,N/A,N/A,N/A,N/A,N/A,N/A,N/A,N/A,N/A,N/A,N/A,0,0,0,0.0,0,0,0
1790233344,12,,Aggregated,0.000000,0.000000,N/A,N/A,N/A,N/A,N/A,N/A,N/A,N/A,N/A,N/A,N/A,0,0,0,0.0,0,0,0
1790233345,12,,Aggregated,0.000000,0.000000,N/A,N/A,N/A,N/A,N/A,N/A,N/A,N/A,N/A,N/A,N/A,0,0,0,0.0,0,0,0
1790233346,12,,Aggregated,0.000000,0.000000,N/A,N/A,N/A,N/A,N/A,N/A,N/A,N/A,N/A,N/A,N/A,0,0,0,0.0,0,0,0
1790233347,12,,Aggregated,0.000000,0.000000,N/A,N/A,N/A,N/A,N/A,N/A,N/A,N/A,N/A,N/A,N/A,0,0,0,0.0,0,0,0
1790233348,12,,Aggregated,0.000000,0.000000,N/A,N/A,N/A,N/A,N/A,N/A,N/A,N/A,N/A,N/A,N/A,0,0,0,0.0,0,0,0
1790233349,12,,Aggregated,0.000000,0.000000,N/A,N/A,N/A,N/A,N/A,N/A,N/A,N/A,N/A,N/A,N/A,0,0,0,0.0,0,0,0
1790233350,12,,Aggregated,0.000000,0.000000,N/A,N/A,N/A,N/A,N/A,N/A,N/A,N/A,N/A,N/A,N/A,0,0,0,0.0,0,0,0
1790233351,12,,Aggregated,0.000000,0.000000,N/A,N/A,N/A,N/A,N/A,N/A,N/A,N/A,N/A,N/A,N/A,0,0,0,0.0,0,0,0
1790233352,12,,Aggregated,0.000000,0.000000,N/A,N/A,N/A,N/A,N/A,N/A,N/A,N/A,N/A,N/A,N/A,0,0,0,0.0,0,0,0
1790233353,12,,Aggregated,0.000000,0.000000,N/A,N/A,N/A,N/A,N/A,N/A,N/A,N/A,N/A,N/A,N/A,0,0,0,0.0,0,0,0
1790233354,12,,Aggregated,0.000000,0.000000,N/A,N/A,N/A,N/A,N/A,N/A,N/A,N/A,N/A,N/A,N/A,0,0,0,0.0,0,0,0
1790233355,12,,Aggregated,0.000000,0.000000,N/A,N/A,N/A,N/A,N/A,N/A,N/A,N/A,N/A,N/A,N/A,0,0,0,0.0,0,0,0
1790233356,12,,Aggregated,0.000000,0.000000,N/A,N/A,N/A,N/A,N/A,N/A,N/A,N/A,N/A,N/A,N/A,0,0,0,0.0,0,0,0
1790233357,12,,Aggregated,0.000000,0.000000,N/A,N/A,N/A,N/A,N/A,N/A,N/A,N/A,N/A,N/A,N/A,0,0,0,0.0,0,0,0
1790233358,12,,Aggregated,0.000000,0.000000,N/A,N/A,N/A,N/A,N/A,N/A,N/A,N/A,N/A,N/A,N/A,0,0,0,0.0,0,0,0
1790233359,12,,Aggregated,0.000000,0.000000,N/A,N/A,N/A,N/A,N/A,N/A,N/A,N/A,N/A,N/A,N/A,0,0,0,0.0,0,0,0
1790233360,12,,Aggregated,0.000000,0.000000,N/A,N/A,N/A,N/A,N/A,N/A,N/A,N/A,N/A,N/A,N/A,0,0,0,0.0,0,0,0
1790233361,12,,Aggregated,0.000000,0.000000,N/A,N/A,N/A,N/A,N/A,N/A,N/A,N/A,N/A,N/A,N/A,0,0,0,0.0,0,0,0
1790233362,12,,Aggregated,0.000000,0.000000,N/A,N/A,N/A,N/A,N/A,N/A,N/A,N/A,N/A,N/A,N/A,0,0,0,0.0,0,0,0
1790233363,12,,Aggregated,0.000000,0.000000,N/A,N/A,N/A,N/A,N/A,N/A,N/A,N/A,N/A,N/A,N/A,0,0,0,0.0,0,0,0
1790233364,12,,Aggregated,0.000000,0.000000,N/A,N/A,N/A,N/A,N/A,N/A,N/A,N/A,N/A,N/A,N/A,0,0,0,0.0,0,0,0
1790233365,12,,Aggregated,0.000000,0.000000,N/A,N/A,N/A,N/A,N/A,N/A,N/A,N/A,N/A,N/A,N/A,0,0,0,0.0,0,0,0
1790233366,12,,Aggregated,0.000000,0.000000,N/A,N/A,N/A,N/A,N/A,N/A,N/A,N/A,N/A,N/A,N/A,0,0,0,0.0,0,0,0
1790233367,12,,Aggregated,0.000000,0.000000,N/A,N/A,N/A,N/A,N/A,N/A,N/A,N/A,N/A,N/A,N/A,0,0,0,0.0,0,0,0
1790233368,12,,Aggregated,0.000000,0.000000,N/A,N/A,N/A,N/A,N/A,N/A,N/A,N/A,N/A,N/A,N/A,0,0,0,0.0,0,0,0
1790233369,12,,Aggregated,0.000000,0.000000,N/A,N/A,N/A,N/A,N/A,N/A,N/A,N/A,N/A,N/A,N/A,0,0,0,0.0,0,0,0
1790233370,12,,Aggregated,0.000000,0.000000,N/A,N/A,N/A,N/A,N/A,N/A,N/A,N/A,N/A,N/A,N/A,0,0,0,0.0,0,0,0
1790233371,12,,Aggregated,0.000000,0.000000,N/A,N/A,N/A,N/A,N/A,N/A,N/A,N/A,N/A,N/A,N/A,0,0,0,0.0,0,0,0
1790233372,12,,Aggregated,0.000000,0.000000,N/A,N/A,N/A,N/A,N/A,N/A,N/A,N/A,N/A,N/A,N/A,0,0,0,0.0,0,0,0
1790233373,12,,Aggregated,0.000000,0.000000,N/A,N/A,N/A,N/A,N/A,N/A,N/A,N/A,N/A,N/A,N/A,0,0,0,0.0,0,0,0
1790233374,12,,Aggregated,0.000000,0.000000,N/A,N/A,N/A,N/A,N/A,N/A,N/A,N/A,N/A,N/A,N/A,0,0,0,0.0,0,0,0
1790233375,12,,Aggregated,0.000000,0.000000,N/A,N/A,N/A,N/A,N/A,N/A,N/A,N/A,N/A,N/A,N/A,0,0,0,0.0,0,0,0
1790233376,12,,Aggregated,0.000000,0.000000,N/A,N/A,N/A,N/A,N/A,N/A,N/A,N/A,N/A,N/A,N/A,0,0,0,0.0,0,0,0
1790233377,12,,Aggregated,0.000000,0.000000,N/A,N/A,N/A,N/A,N/A,N/A,N/A,N/A,N/A,N/A,N/A,0,0,0,0.0,0,0,0
1790233378,12,,Aggregated,0.000000,0.000000,N/A,N/A,N/A,N/A,N/A,N/A,N/A,N/A,N/A,N/A,N/A,0,0,0,0.0,0,0,0
1790233379,12,,Aggregated,0.000000,0.000000,N/A,N/A,N/A,N/A,N/A,N/A,N/A,N/A,N/A,N/A,N/A,0,0,0,0.0,0,0,0
1790233380,12,,Aggregated,0.000000,0.000000,N/A,N/A,N/A,N/A,N/A,N/A,N/A,N/A,N/A,N/A,N/A,0,0,0,0.0,0,0,0
1790233381,12,,Aggregated,0.000000,0.000000,N/A,N/A,N/A,N/A,N/A,N/A,N/A,N/A,N/A,N/A,N/A,0,0,0,0.0,0,0,0
1790233382,12,,Aggregated,0.000000,0.000000,N/A,N/A,N/A,N/A,N/A,N/A,N/A,N/A,N/A,N/A,N/A,0,0,0,0.0,0,0,0
1790233383,12,,Aggregated,0.000000,0.000000,N/A,N/A,N/A,N/A,N/A,N/A,N/A,N/A,N/A,N/A,N/A,0,0,0,0.0,0,0,0
1790233384,12,,Aggregated,0.000000,0.000000,N/A,N/A,N/A,N/A,N/A,N/A,N/A,N/A,N/A,N/A,N/A,0,0,0,0.0,0,0,0
1790233385,12,,Aggregated,0.000000,0.000000,N/A,N/A,N/A,N/A,N/A,N/A,N/A,N/A,N/A,N/A,N/A,0,0,0,0.0,0,0,0
1790233386,12,,Aggregated,0.000000,0.000000,N/A,N/A,N/A,N/A,N/A,N/A,N/A,N/A,N/A,N/A,N/A,0,0,0,0.0,0,0,0
1790233387,12,,Aggregated,0.000000,0.000000,N/A,N/A,N/A,N/A,N/A,N/A,N/A,N/A,N/A,N/A,N/A,0,0,0,0.0,0,0,0
1790233388,12,,Aggregated,0.000000,0.000000,N/A,N/A,N/A,N/A,N/A,N/A,N/A,N/A,N/A,N/A,N/A,0,0,0,0.0,0,0,0
1790233389,12,POST,completion,0.000000,0.000000,0,0,0,0,0,0,0,0,0,0,0,1,0,49809.99541585334,49809.99541585334,49809.99541585334,49809.99541585334,128.0
1790233389,12,TPOT,completion,0.000000,0.000000,0,0,0,0,0,0,0,0,0,0,0,1,0,368.5864586837766,368.5864586837766,368.5864586837766,368.5864586837766,0.0
1790233389,12,TTFT,completion,0.000000,0.000000,0,0,0,0,0,0,0,0,0,0,0,1,0,2998.8738580141217,2998.8738580141217,2998.8738580141217,2998.8738580141217,0.0
1790233389,12,,Aggregated,0.000000,0.000000,0,0,0,0,0,0,0,0,0,0,0,3,0,3000,17725.81857751708,368.5864586837766,49809.99541585334,42.666666666666664
1790233390,12,POST,completion,0.000000,0.000000,50000,50000,50000,50000,50000,50000,50000,50000,50000,50000,50000,2,0,49809.99541585334,48559.4172955025,47308.83917515166,49809.99541585334,128.0
1790233390,12,TPOT,completion,0.000000,0.000000,370,370,370,370,370,370,370,370,370,370,370,2,0,368.5864586837766,357.3789956482626,346.17153261274865,368.5864586837766,0.0
1790233390,12,TTFT,completion,0.000000,0.000000,3300,3300,3300,3300,3300,3300,3300,3300,3300,3300,3300,2,0,3300,3171.60311259795,2998.8738580141217,3344.332367181778,0.0
1790233390,12,,Aggregated,0.000000,0.000000,0,0,0,0,0,0,0,0,0,0,0,6,0,3300,17362.79980124957,346.17153261274865,49809.99541585334,42.666666666666664
1790233391,12,POST,completion,0.000000,0.000000,50000,50000,50000,50000,50000,50000,50000,50000,50000,50000,50000,2,0,49809.99541585334,48559.4172955025,47308.83917515166,49809.99541585334,128.0
1790233391,12,TPOT,completion,0.000000,0.000000,370,370,370,370,370,370,370,370,370,370,370,2,0,368.5864586837766,357.3789956482626,346.17153261274865,368.5864586837766,0.0
1790233391,12,TTFT,completion,0.000000,0.000000,3300,3300,3300,3300,3300,3300,3300,3300,3300,3300,3300,2,0,3300,3171.60311259795,2998.8738580141217,3344.332367181778,0.0
1790233391,12,,Aggregated,0.000000,0.000000,3300,3300,47000,47000,47000,47000,47000,47000,47000,47000,47000,6,0,3300,17362.79980124957,346.17153261274865,49809.99541585334,42.666666666666664
1790233392,12,POST,completion,0.000000,0.000000,50000,50000,50000,50000,50000,50000,50000,50000,50000,50000,50000,2,0,49809.99541585334,48559.4172955025,47308.83917515166,49809.99541585334,128.0
1790233392,12,TPOT,completion,0.000000,0.000000,370,370,370,370,370,370,370,370,370,370,370,2,0,368.5864586837766,357.3789956482626,346.17153261274865,368.5864586837766,0.0
1790233392,12,TTFT,completion,0.000000,0.000000,3300,3300,3300,3300,3300,3300,3300,3300,3300,3300,3300,2,0,3300,3171.60311259795,2998.8738580141217,3344.332367181778,0.0
1790233392,12,,Aggregated,0.000000,0.000000,3300,3300,47000,47000,47000,47000,47000,47000,47000,47000,47000,6,0,3300,17362.79980124957,346.17153261274865,49809.99541585334,42.666666666666664
1790233393,12,POST,completion,0.000000,0.000000,50000,50000,50000,50000,50000,50000,50000,50000,50000,50000,50000,2,0,49809.99541585334,48559.4172955025,47308.83917515166,49809.99541585334,128.0
1790233393,12,TPOT,completion,0.000000,0.000000,370,370,370,370,370,370,370,370,370,370,370,2,0,368.5864586837766,357.3789956482626,346.17153261274865,368.5864586837766,0.0
1790233393,12,TTFT,completion,0.000000,0.000000,3300,3300,3300,3300,3300,3300,3300,3300,3300,3300,3300,2,0,3300,3171.60311259795,2998.8738580141217,3344.332367181778,0.0
1790233393,12,,Aggregated,0.000000,0.000000,3300,3300,47000,47000,47000,47000,47000,47000,47000,47000,47000,6,0,3300,17362.79980124957,346.17153261274865,49809.99541585334,42.666666666666664
1790233394,12,POST,completion,0.000000,0.000000,50000,50000,50000,50000,50000,50000,50000,50000,50000,50000,50000,2,0,49809.99541585334,48559.4172955025,47308.83917515166,49809.99541585334,128.0
1790233394,12,TPOT,completion,0.000000,0.000000,370,370,370,370,370,370,370,370,370,370,370,2,0,368.5864586837766,357.3789956482626,346.17153261274865,368.5864586837766,0.0
1790233394,12,TTFT,completion,0.000000,0.000000,3300,3300,3300,3300,3300,3300,3300,3300,3300,3300,3300,2,0,3300,3171.60311259795,2998.8738580141217,3344.332367181778,0.0
1790233394,12,,Aggregated,0.000000,0.000000,3300,3300,47000,47000,47000,47000,47000,47000,47000,47000,47000,6,0,3300,17362.79980124957,346.17153261274865,49809.99541585334,42.666666666666664
1790233395,12,POST,completion,0.200000,0.000000,50000,50000,56000,56000,56000,56000,56000,56000,56000,56000,56000,3,0,50000,51121.11694497677,47308.83917515166,56244.51624392532,128.0
1790233395,12,TPOT,completion,0.200000,0.000000,370,370,420,420,420,420,420,420,420,420,420,3,0,370,377.92021619080225,346.17153261274865,419.0026572758816,0.0
1790233395,12,TTFT,completion,0.200000,0.000000,3000,3000,3300,3300,3300,3300,3300,3300,3300,3300,3300,3,0,3000,3124.5684827057025,2998.8738580141217,3344.332367181778,0.0
1790233395,12,,Aggregated,0.600000,0.000000,3300,3300,47000,47000,56000,56000,56000,56000,56000,56000,56000,9,0,3000,18207.868547957758,346.17153261274865,56244.51624392532,42.666666666666664
1790233396,12,POST,completion,0.200000,0.000000,48000,50000,50000,56000,56000,56000,56000,56000,56000,56000,56000,5,0,48000,49197.07356276922,45033.28213794157,56244.51624392532,128.0
1790233396,12,TPOT,completion,0.200000,0.000000,350,370,370,420,420,420,420,420,420,420,420,5,0,350,361.73656253166143,325.6976112125691,419.0026572758816,0.0
1790233396,12,TTFT,completion,0.200000,0.000000,3200,3300,3300,3700,3700,3700,3700,3700,3700,3700,3700,5,0,3200,3255.8620918542147,2998.8738580141217,3669.010373065248,0.0
1790233396,12,,Aggregated,0.600000,0.000000,3300,3700,47000,47000,48000,56000,56000,56000,56000,56000,56000,15,0,3200,17604.890739051698,325.6976112125691,56244.51624392532,42.666666666666664
1790233397,12,POST,completion,0.200000,0.000000,48000,50000,50000,56000,56000,56000,56000,56000,56000,56000,56000,5,0,48000,49197.07356276922,45033.28213794157,56244.51624392532,128.0
1790233397,12,TPOT,completion,0.200000,0.000000,350,370,370,420,420,420,420,420,420,420,420,5,0,350,361.73656253166143,325.6976112125691,419.0026572758816,0.0
1790233397,12,TTFT,completion,0.200000,0.000000,3200,3300,3300,3700,3700,3700,3700,3700,3700,3700,3700,5,0,3200,3255.8620918542147,2998.8738580141217,3669.010373065248,0.0
1790233397,12,,Aggregated,0.600000,0.000000,3300,3700,47000,47000,48000,56000,56000,56000,56000,56000,56000,15,0,3200,17604.890739051698,325.6976112125691,56244.51624392532,42.666666666666664
1790233398,12,POST,completion,0.200000,0.000000,48000,50000,50000,56000,56000,56000,56000,56000,56000,56000,56000,5,0,48000,49197.07356276922,45033.28213794157,56244.51624392532,128.0
1790233398,12,TPOT,completion,0.200000,0.000000,350,370,370,420,420,420,420,420,420,420,420,5,0,350,361.73656253166143,325.6976112125691,419.0026572758816,0.0
1790233398,12,TTFT,completion,0.200000,0.000000,3200,3300,3300,3700,3700,3700,3700,3700,3700,3700,3700,5,0,3200,3255.8620918542147,2998.8738580141217,3669.010373065248,0.0
1790233398,12,,Aggregated,0.600000,0.000000,3300,3700,47000,47000,48000,56000,56000,56000,56000,56000,56000,15,0,3200,17604.890739051698,325.6976112125691,56244.51624392532,42.666666666666664
1790233399,12,POST,completion,0.200000,0.000000,48000,48000,56000,56000,56000,56000,56000,56000,56000,56000,56000,5,0,48000,49197.07356276922,45033.28213794157,56244.51624392532,128.0
1790233399,12,TPOT,completion,0.200000,0.000000,350,350,420,420,420,420,420,420,420,420,420,5,0,350,361.73656253166143,325.6976112125691,419.0026572758816,0.0
1790233399,12,TTFT,completion,0.200000,0.000000,3300,3300,3700,3700,3700,3700,3700,3700,3700,3700,3700,5,0,3200,3255.8620918542147,2998.8738580141217,3669.010373065248,0.0
1790233399,12,,Aggregated,0.600000,0.000000,3300,3700,47000,47000,48000,56000,56000,56000,56000,56000,56000,15,0,3200,17604.890739051698,325.6976112125691,56244.51624392532,42.666666666666664
1790233400,12,POST,completion,0.200000,0.000000,48000,48000,56000,56000,56000,56000,56000,56000,56000,56000,56000,5,0,48000,49197.07356276922,45033.28213794157,56244.51624392532,128.0
1790233400,12,TPOT,completion,0.200000,0.000000,350,350,420,420,420,420,420,420,420,420,420,5,0,350,361.73656253166143,325.6976112125691,419.0026572758816,0.0
1790233400,12,TTFT,completion,0.200000,0.000000,3300,3300,3700,3700,3700,3700,3700,3700,3700,3700,3700,5,0,3200,3255.8620918542147,2998.8738580141217,3669.010373065248,0.0
1790233400,12,,Aggregated,0.600000,0.000000,3300,3700,47000,47000,48000,56000,56000,56000,56000,56000,56000,15,0,3200,17604.890739051698,325.6976112125691,56244.51624392532,42.666666666666664
1790233401,12,POST,completion,0.200000,0.000000,48000,48000,56000,56000,56000,56000,56000,56000,56000,56000,56000,5,0,48000,49197.07356276922,45033.28213794157,56244.51624392532,128.0
1790233401,12,TPOT,completion,0.200000,0.000000,350,350,420,420,420,420,420,420,420,420,420,5,0,350,361.73656253166143,325.6976112125691,419.0026572758816,0.0
1790233401,12,TTFT,completion,0.200000,0.000000,3300,3300,3700,3700,3700,3700,3700,3700,3700,3700,3700,5,0,3200,3255.8620918542147,2998.8738580141217,3669.010373065248,0.0
1790233401,12,,Aggregated,0.600000,0.000000,3300,3700,47000,47000,48000,56000,56000,56000,56000,56000,56000,15,0,3200,17604.890739051698,325.6976112125691,56244.51624392532,42.666666666666664
1790233402,12,POST,completion,0.200000,0.000000,48000,48000,56000,56000,56000,56000,56000,56000,56000,56000,56000,5,0,48000,49197.07356276922,45033.28213794157,56244.51624392532,128.0
1790233402,12,TPOT,completion,0.200000,0.000000,350,350,420,420,420,420,420,420,420,420,420,5,0,350,361.73656253166143,325.6976112125691,419.0026572758816,0.0
1790233402,12,TTFT,completion,0.200000,0.000000,3200,3200,3700,3700,3700,3700,3700,3700,3700,3700,3700,5,0,3200,3255.8620918542147,2998.8738580141217,3669.010373065248,0.0
1790233402,12,,Aggregated,0.600000,0.000000,3200,3700,45000,48000,56000,56000,56000,56000,56000,56000,56000,15,0,3200,17604.890739051698,325.6976112125691,56244.51624392532,42.666666666666664
1790233403,12,POST,completion,0.200000,0.000000,48000,48000,56000,56000,56000,56000,56000,56000,56000,56000,56000,5,0,48000,49197.07356276922,45033.28213794157,56244.51624392532,128.0
1790233403,12,TPOT,completion,0.200000,0.000000,350,350,420,420,420,420,420,420,420,420,420,5,0,350,361.73656253166143,325.6976112125691,419.0026572758816,0.0
1790233403,12,TTFT,completion,0.200000,0.000000,3200,3200,3700,3700,3700,3700,3700,3700,3700,3700,3700,5,0,3200,3255.8620918542147,2998.8738580141217,3669.010373065248,0.0
1790233403,12,,Aggregated,0.600000,0.000000,3200,3700,45000,48000,56000,56000,56000,56000,56000,56000,56000,15,0,3200,17604.890739051698,325.6976112125691,56244.51624392532,42.666666666666664
1790233404,12,POST,completion,0.300000,0.000000,56000,56000,61000,61000,61000,61000,61000,61000,61000,61000,61000,6,0,50000,51225.19635347029,45033.28213794157,61365.81030697562,128.0
1790233404,12,TPOT,completion,0.300000,0.000000,420,420,460,460,460,460,460,460,460,460,460,6,0,370,377.56227256896415,325.6976112125691,456.6908227554779,0.0
1790233404,12,TTFT,completion,0.300000,0.000000,3400,3400,3700,3700,3700,3700,3700,3700,3700,3700,3700,6,0,3300,3274.125780716228,2998.8738580141217,3669.010373065248,0.0
1790233404,12,,Aggregated,0.900000,0.000000,3400,3700,48000,48000,56000,61000,61000,61000,61000,61000,61000,18,0,3300,18292.294802251825,325.6976112125691,61365.81030697562,42.666666666666664
1790233405,12,POST,completion,0.300000,0.000000,59000,59000,61000,61000,61000,61000,61000,61000,61000,61000,61000,7,0,50000,52293.53753081523,45033.28213794157,61365.81030697562,128.0
1790233405,12,TPOT,completion,0.300000,0.000000,430,430,460,460,460,460,460,460,460,460,460,7,0,370,385.53531265202633,325.6976112125691,456.6908227554779,0.0
1790233405,12,TTFT,completion,0.300000,0.000000,3700,3700,3700,3700,3700,3700,3700,3700,3700,3700,3700,7,0,3300,3329.8938921652734,2998.8738580141217,3669.010373065248,0.0
1790233405,12,,Aggregated,0.900000,0.000000,3700,3700,48000,48000,59000,61000,61000,61000,61000,61000,61000,21,0,3300,18669.655578544174,325.6976112125691,61365.81030697562,42.666666666666664
1790233406,12,POST,completion,0.300000,0.000000,59000,59000,61000,61000,61000,61000,61000,61000,61000,61000,61000,7,0,50000,52293.53753081523,45033.28213794157,61365.81030697562,128.0
1790233406,12,TPOT,completion,0.300000,0.000000,430,430,460,460,460,460,460,460,460,460,460,7,0,370,385.53531265202633,325.6976112125691,456.6908227554779,0.0
1790233406,12,TTFT,completion,0.300000,0.000000,3700,3700,3700,3700,3700,3700,3700,3700,3700,3700,3700,7,0,3300,3329.8938921652734,2998.8738580141217,3669.010373065248,0.0
1790233406,12,,Aggregated,0.900000,0.000000,3700,3700,48000,48000,59000,61000,61000,61000,61000,61000,61000,21,0,3300,18669.655578544174,325.6976112125691,61365.81030697562,42.666666666666664
1790233407,12,POST,completion,0.300000,0.000000,59000,59000,61000,61000,61000,61000,61000,61000,61000,61000,61000,7,0,50000,52293.53753081523,45033.28213794157,61365.81030697562,128.0
1790233407,12,TPOT,completion,0.300000,0.000000,430,430,460,460,460,460,460,460,460,460,460,7,0,370,385.53531265202633,325.6976112125691,456.6908227554779,0.0
1790233407,12,TTFT,completion,0.300000,0.000000,3700,3700,3700,3700,3700,3700,3700,3700,3700,3700,3700,7,0,3300,3329.8938921652734,2998.8738580141217,3669.010373065248,0.0
1790233407,12,,Aggregated,0.900000,0.000000,3700,3700,48000,48000,59000,61000,61000,61000,61000,61000,61000,21,0,3300,18669.655578544174,325.6976112125691,61365.81030697562,42.666666666666664
1790233408,12,POST,completion,0.300000,0.000000,59000,59000,61000,61000,61000,61000,61000,61000,61000,61000,61000,7,0,50000,52293.53753081523,45033.28213794157,61365.81030697562,128.0
1790233408,12,TPOT,completion,0.300000,0.000000,430,430,460,460,460,460,460,460,460,460,460,7,0,370,385.53531265202633,325.6976112125691,456.6908227554779,0.0
1790233408,12,TTFT,completion,0.300000,0.000000,3700,3700,3700,3700,3700,3700,3700,3700,3700,3700,3700,7,0,3300,3329.8938921652734,2998.8738580141217,3669.010373065248,0.0
1790233408,12,,Aggregated,0.900000,0.000000,3700,3700,48000,48000,59000,61000,61000,61000,61000,61000,61000,21,0,3300,18669.655578544174,325.6976112125691,61365.81030697562,42.666666666666664
1790233409,12,POST,completion,0.200000,0.000000,59000,59000,59000,61000,61000,61000,61000,61000,61000,61000,61000,8,0,56000,53121.052742237225,45033.28213794157,61365.81030697562,128.0
1790233409,12,TPOT,completion,0.200000,0.000000,430,430,430,460,460,460,460,460,460,460,460,8,0,420,391.5788370350057,325.6976112125691,456.6908227554779,0.0
1790233409,12,TTFT,completion,0.200000,0.000000,3700,3700,3700,3800,3800,3800,3800,3800,3800,3800,3800,8,0,3400,3389.9091930361465,2998.8738580141217,3810.0162991322577,0.0
1790233409,12,,Aggregated,0.600000,0.000000,3700,3800,48000,59000,59000,61000,61000,61000,61000,61000,61000,24,0,3400,18967.51359076946,325.6976112125691,61365.81030697562,42.666666666666664
1790233410,12,POST,completion,0.200000,0.000000,59000,59000,61000,61000,61000,61000,61000,61000,61000,61000,61000,9,0,56000,53538.772544228574,45033.28213794157,61365.81030697562,128.0
1790233410,12,TPOT,completion,0.200000,0.000000,430,430,460,460,460,460,460,460,460,460,460,9,0,410,393.65981509322376,325.6976112125691,456.6908227554779,0.0
1790233410,12,TTFT,completion,0.200000,0.000000,3800,3800,4800,4800,4800,4800,4800,4800,4800,4800,4800,9,0,3400,3543.3504978298315,2998.8738580141217,4770.88093617931,0.0
1790233410,12,,Aggregated,0.600000,0.000000,3800,4800,59000,59000,59000,61000,61000,61000,61000,61000,61000,27,0,3400,19158.59428571721,325.6976112125691,61365.81030697562,42.666666666666664
1790233411,12,POST,completion,0.200000,0.000000,59000,59000,61000,61000,61000,61000,61000,61000,61000,61000,61000,9,0,56000,53538.772544228574,45033.28213794157,61365.81030697562,128.0
1790233411,12,TPOT,completion,0.200000,0.000000,430,430,460,460,460,460,460,460,460,460,460,9,0,410,393.65981509322376,325.6976112125691,456.6908227554779,0.0
1790233411,12,TTFT,completion,0.200000,0.000000,3800,3800,4800,4800,4800,4800,4800,4800,4800,4800,4800,9,0,3400,3543.3504978298315,2998.8738580141217,4770.88093617931,0.0
1790233411,12,,Aggregated,0.600000,0.000000,3800,4800,59000,59000,59000,61000,61000,61000,61000,61000,61000,27,0,3400,19158.59428571721,325.6976112125691,61365.81030697562,42.666666666666664
1790233412,12,POST,completion,0.200000,0.000000,59000,59000,61000,61000,61000,61000,61000,61000,61000,61000,61000,9,0,56000,53538.772544228574,45033.28213794157,61365.81030697562,128.0
1790233412,12,TPOT,completion,0.200000,0.000000,430,430,460,460,460,460,460,460,460,460,460,9,0,410,393.65981509322376,325.6976112125691,456.6908227554779,0.0
1790233412,12,TTFT,completion,0.200000,0.000000,3800,3800,4800,4800,4800,4800,4800,4800,4800,4800,4800,9,0,3400,3543.3504978298315,2998.8738580141217,4770.88093617931,0.0
1790233412,12,,Aggregated,0.600000,0.000000,3800,4800,59000,59000,59000,61000,61000,61000,61000,61000,61000,27,0,3400,19158.59428571721,325.6976112125691,61365.81030697562,42.666666666666664
1790233413,12,POST,completion,0.200000,0.000000,59000,59000,61000,61000,61000,61000,61000,61000,61000,61000,61000,9,0,56000,53538.772544228574,45033.28213794157,61365.81030697562,128.0
1790233413,12,TPOT,completion,0.200000,0.000000,430,430,460,460,460,460,460,460,460,460,460,9,0,410,393.65981509322376,325.6976112125691,456.6908227554779,0.0
1790233413,12,TTFT,completion,0.200000,0.000000,3800,3800,4800,4800,4800,4800,4800,4800,4800,4800,4800,9,0,3400,3543.3504978298315,2998.8738580141217,4770.88093617931,0.0
1790233413,12,,Aggregated,0.600000,0.000000,3800,4800,59000,59000,59000,61000,61000,61000,61000,61000,61000,27,0,3400,19158.59428571721,325.6976112125691,61365.81030697562,42.666666666666664
1790233414,12,POST,completion,0.400000,0.000000,59000,59000,59000,59000,59000,59000,59000,59000,59000,59000,59000,10,0,56000,53221.10933160875,45033.28213794157,61365.81030697562,128.0
1790233414,12,TPOT,completion,0.400000,0.000000,430,430,430,430,430,430,430,430,430,430,430,10,0,410,391.31647230191965,325.6976112125691,456.6908227554779,0.0
1790233414,12,TTFT,completion,0.400000,0.000000,3800,3800,4800,4800,4800,4800,4800,4800,4800,4800,4800,10,0,3400,3523.2928868616,2998.8738580141217,4770.88093617931,0.0
1790233414,12,,Aggregated,1.200000,0.000000,3800,4800,57000,57000,59000,59000,59000,59000,59000,59000,59000,30,0,3400,19045.239563590752,325.6976112125691,61365.81030697562,42.666666666666664
1790233416,12,POST,completion,0.400000,0.000000,59000,59000,59000,59000,59000,59000,59000,59000,59000,59000,59000,10,0,56000,53221.10933160875,45033.28213794157,61365.81030697562,128.0
1790233416,12,TPOT,completion,0.400000,0.000000,430,430,430,430,430,430,430,430,430,430,430,10,0,410,391.31647230191965,325.6976112125691,456.6908227554779,0.0
1790233416,12,TTFT,completion,0.400000,0.000000,3800,3800,4800,4800,4800,4800,4800,4800,4800,4800,4800,10,0,3400,3523.2928868616,2998.8738580141217,4770.88093617931,0.0
1790233416,12,,Aggregated,1.200000,0.000000,3800,4800,57000,57000,59000,59000,59000,59000,59000,59000,59000,30,0,3400,19045.239563590752,325.6976112125691,61365.81030697562,42.666666666666664
1790233417,12,POST,completion,0.400000,0.000000,57000,57000,59000,59000,59000,59000,59000,59000,59000,59000,59000,10,0,56000,53221.10933160875,45033.28213794157,61365.81030697562,128.0
1790233417,12,TPOT,completion,0.400000,0.000000,410,410,430,430,430,430,430,430,430,430,430,10,0,410,391.31647230191965,325.6976112125691,456.6908227554779,0.0
1790233417,12,TTFT,completion,0.400000,0.000000,3800,3800,4800,4800,4800,4800,4800,4800,4800,4800,4800,10,0,3400,3523.2928868616,2998.8738580141217,4770.88093617931,0.0
1790233417,12,,Aggregated,1.200000,0.000000,3800,4800,50000,57000,59000,59000,59000,59000,59000,59000,59000,30,0,3400,19045.239563590752,325.6976112125691,61365.81030697562,42.666666666666664
1790233418,12,POST,completion,0.400000,0.000000,57000,57000,59000,59000,59000,59000,59000,59000,59000,59000,59000,10,0,56000,53221.10933160875,45033.28213794157,61365.81030697562,128.0
1790233418,12,TPOT,completion,0.400000,0.000000,410,410,430,430,430,430,430,430,430,430,430,10,0,410,391.31647230191965,325.6976112125691,456.6908227554779,0.0
1790233418,12,TTFT,completion,0.400000,0.000000,3800,3800,4800,4800,4800,4800,4800,4800,4800,4800,4800,10,0,3400,3523.2928868616,2998.8738580141217,4770.88093617931,0.0
1790233418,12,,Aggregated,1.200000,0.000000,3800,4800,50000,57000,59000,59000,59000,59000,59000,59000,59000,30,0,3400,19045.239563590752,325.6976112125691,61365.81030697562,42.666666666666664
1790233419,12,POST,completion,0.400000,0.000000,57000,57000,57000,57000,57000,57000,57000,57000,57000,57000,57000,10,0,56000,53221.10933160875,45033.28213794157,61365.81030697562,128.0
1790233419,12,TPOT,completion,0.400000,0.000000,410,410,410,410,410,410,410,410,410,410,410,10,0,410,391.31647230191965,325.6976112125691,456.6908227554779,0.0
1790233419,12,TTFT,completion,0.400000,0.000000,4800,4800,4800,4800,4800,4800,4800,4800,4800,4800,4800,10,0,3400,3523.2928868616,2998.8738580141217,4770.88093617931,0.0
1790233419,12,,Aggregated,1.200000,0.000000,4800,4800,50000,50000,57000,57000,57000,57000,57000,57000,57000,30,0,3400,19045.239563590752,325.6976112125691,61365.81030697562,42.666666666666664
1790233420,12,POST,completion,0.400000,0.000000,57000,57000,57000,57000,57000,57000,57000,57000,57000,57000,57000,10,0,56000,53221.10933160875,45033.28213794157,61365.81030697562,128.0
1790233420,12,TPOT,completion,0.400000,0.000000,410,410,410,410,410,410,410,410,410,410,410,10,0,410,391.31647230191965,325.6976112125691,456.6908227554779,0.0
1790233420,12,TTFT,completion,0.400000,0.000000,4800,4800,4800,4800,4800,4800,4800,4800,4800,4800,4800,10,0,3400,3523.2928868616,2998.8738580141217,4770.88093617931,0.0
1790233420,12,,Aggregated,1.200000,0.000000,4800,4800,50000,50000,57000,57000,57000,57000,57000,57000,57000,30,0,3400,19045.239563590752,325.6976112125691,61365.81030697562,42.666666666666664
1790233421,12,POST,completion,0.400000,0.000000,57000,57000,57000,57000,57000,57000,57000,57000,57000,57000,57000,10,0,56000,53221.10933160875,45033.28213794157,61365.81030697562,128.0
1790233421,12,TPOT,completion,0.400000,0.000000,410,410,410,410,410,410,410,410,410,410,410,10,0,410,391.31647230191965,325.6976112125691,456.6908227554779,0.0
1790233421,12,TTFT,completion,0.400000,0.000000,4800,4800,4800,4800,4800,4800,4800,4800,4800,4800,4800,10,0,3400,3523.2928868616,2998.8738580141217,4770.88093617931,0.0
1790233421,12,,Aggregated,1.200000,0.000000,4800,4800,50000,50000,57000,57000,57000,57000,57000,57000,57000,30,0,3400,19045.239563590752,325.6976112125691,61365.81030697562,42.666666666666664
1790233422,12,POST,completion,0.400000,0.000000,50000,50000,50000,50000,50000,50000,50000,50000,50000,50000,50000,10,0,56000,53221.10933160875,45033.28213794157,61365.81030697562,128.0
1790233422,12,TPOT,completion,0.400000,0.000000,370,370,370,370,370,370,370,370,370,370,370,10,0,410,391.31647230191965,325.6976112125691,456.6908227554779,0.0
1790233422,12,TTFT,completion,0.400000,0.000000,3300,3300,3300,3300,3300,3300,3300,3300,3300,3300,3300,10,0,3400,3523.2928868616,2998.8738580141217,4770.88093617931,0.0
1790233422,12,,Aggregated,1.200000,0.000000,3300,3300,50000,50000,50000,50000,50000,50000,50000,50000,50000,30,0,3400,19045.239563590752,325.6976112125691,61365.81030697562,42.666666666666664
1790233423,12,POST,completion,0.200000,0.000000,51000,51000,51000,51000,51000,51000,51000,51000,51000,51000,51000,11,0,51000,53037.90601482615,45033.28213794157,61365.81030697562,128.0
1790233423,12,TPOT,completion,0.200000,0.000000,380,380,380,380,380,380,380,380,380,380,380,11,0,380,389.8591855077544,325.6976112125691,456.6908227554779,0.0
1790233423,12,TTFT,completion,0.200000,0.000000,3500,3500,3500,3500,3500,3500,3500,3500,3500,3500,3500,11,0,3400,3525.1886692448434,2998.8738580141217,4770.88093617931,0.0
1790233423,12,,Aggregated,0.600000,0.000000,3500,3500,50000,50000,51000,51000,51000,51000,51000,51000,51000,33,0,3400,18984.317956526244,325.6976112125691,61365.81030697562,42.666666666666664
1790233424,12,POST,completion,0.200000,0.000000,51000,51000,51000,51000,51000,51000,51000,51000,51000,51000,51000,11,0,51000,53037.90601482615,45033.28213794157,61365.81030697562,128.0
1790233424,12,TPOT,completion,0.200000,0.000000,380,380,380,380,380,380,380,380,380,380,380,11,0,380,389.8591855077544,325.6976112125691,456.6908227554779,0.0
1790233424,12,TTFT,completion,0.200000,0.000000,3500,3500,3500,3500,3500,3500,3500,3500,3500,3500,3500,11,0,3400,3525.1886692448434,2998.8738580141217,4770.88093617931,0.0
1790233424,12,,Aggregated,0.600000,0.000000,3500,3500,50000,50000,51000,51000,51000,51000,51000,51000,51000,33,0,3400,18984.317956526244,325.6976112125691,61365.81030697562,42.666666666666664
1790233425,12,POST,completion,0.200000,0.000000,51000,51000,51000,51000,51000,51000,51000,51000,51000,51000,51000,11,0,51000,53037.90601482615,45033.28213794157,61365.81030697562,128.0
1790233425,12,TPOT,completion,0.200000,0.000000,380,380,380,380,380,380,380,380,380,380,380,11,0,380,389.8591855077544,325.6976112125691,456.6908227554779,0.0
1790233425,12,TTFT,completion,0.200000,0.000000,3500,3500,3500,3500,3500,3500,3500,3500,3500,3500,3500,11,0,3400,3525.1886692448434,2998.8738580141217,4770.88093617931,0.0
1790233425,12,,Aggregated,0.600000,0.000000,3500,3500,50000,50000,51000,51000,51000,51000,51000,51000,51000,33,0,3400,18984.317956526244,325.6976112125691,61365.81030697562,42.666666666666664
1790233426,12,POST,completion,0.200000,0.000000,51000,51000,51000,51000,51000,51000,51000,51000,51000,51000,51000,11,0,51000,53037.90601482615,45033.28213794157,61365.81030697562,128.0
1790233426,12,TPOT,completion,0.200000,0.000000,380,380,380,380,380,380,380,380,380,380,380,11,0,380,389.8591855077544,325.6976112125691,456.6908227554779,0.0
1790233426,12,TTFT,completion,0.200000,0.000000,3500,3500,3500,3500,3500,3500,3500,3500,3500,3500,3500,11,0,3400,3525.1886692448434,2998.8738580141217,4770.88093617931,0.0
1790233426,12,,Aggregated,0.600000,0.000000,3500,3500,50000,50000,51000,51000,51000,51000,51000,51000,51000,33,0,3400,18984.317956526244,325.6976112125691,61365.81030697562,42.666666666666664
1790233427,12,POST,completion,0.200000,0.000000,51000,51000,59000,59000,59000,59000,59000,59000,59000,59000,59000,12,0,56000,53546.03213700466,45033.28213794157,61365.81030697562,128.0
1790233427,12,TPOT,completion,0.200000,0.000000,380,380,440,440,440,440,440,440,440,440,440,12,0,410,393.88993169514714,325.6976112125691,456.6908227554779,0.0
1790233427,12,TTFT,completion,0.200000,0.000000,3500,3500,3500,3500,3500,3500,3500,3500,3500,3500,3500,12,0,3500,3521.407533553429,2998.8738580141217,4770.88093617931,0.0
1790233427,12,,Aggregated,0.600000,0.000000,3500,3500,50000,51000,59000,59000,59000,59000,59000,59000,59000,36,0,3500,19153.77653408441,325.6976112125691,61365.81030697562,42.666666666666664
1790233428,12,POST,completion,0.200000,0.000000,59000,59000,59000,59000,59000,59000,59000,59000,59000,59000,59000,12,0,56000,53546.03213700466,45033.28213794157,61365.81030697562,128.0
1790233428,12,TPOT,completion,0.200000,0.000000,440,440,440,440,440,440,440,440,440,440,440,12,0,410,393.88993169514714,325.6976112125691,456.6908227554779,0.0
1790233428,12,TTFT,completion,0.200000,0.000000,3500,3500,3500,3500,3500,3500,3500,3500,3500,3500,3500,12,0,3500,3521.407533553429,2998.8738580141217,4770.88093617931,0.0
1790233428,12,,Aggregated,0.600000,0.000000,3500,3500,51000,51000,59000,59000,59000,59000,59000,59000,59000,36,0,3500,19153.77653408441,325.6976112125691,61365.81030697562,42.666666666666664
1790233429,12,POST,completion,0.200000,0.000000,59000,59000,59000,59000,59000,59000,59000,59000,59000,59000,59000,12,0,56000,53546.03213700466,45033.28213794157,61365.81030697562,128.0
1790233429,12,TPOT,completion,0.200000,0.000000,440,440,440,440,440,440,440,440,440,440,440,12,0,410,393.88993169514714,325.6976112125691,456.6908227554779,0.0
1790233429,12,TTFT,completion,0.200000,0.000000,3500,3500,3500,3500,3500,3500,3500,3500,3500,3500,3500,12,0,3500,3521.407533553429,2998.8738580141217,4770.88093617931,0.0
1790233429,12,,Aggregated,0.600000,0.000000,3500,3500,51000,51000,59000,59000,59000,59000,59000,59000,59000,36,0,3500,19153.77653408441,325.6976112125691,61365.81030697562,42.666666666666664
1790233430,12,POST,completion,0.200000,0.000000,59000,59000,59000,59000,59000,59000,59000,59000,59000,59000,59000,12,0,56000,53546.03213700466,45033.28213794157,61365.81030697562,128.0
1790233430,12,TPOT,completion,0.200000,0.000000,440,440,440,440,440,440,440,440,440,440,440,12,0,410,393.88993169514714,325.6976112125691,456.6908227554779,0.0
1790233430,12,TTFT,completion,0.200000,0.000000,3500,3500,3500,3500,3500,3500,3500,3500,3500,3500,3500,12,0,3500,3521.407533553429,2998.8738580141217,4770.88093617931,0.0
1790233430,12,,Aggregated,0.600000,0.000000,3500,3500,51000,51000,59000,59000,59000,59000,59000,59000,59000,36,0,3500,19153.77653408441,325.6976112125691,61365.81030697562,42.666666666666664
1790233431,12,POST,completion,0.200000,0.000000,59000,59000,59000,59000,59000,59000,59000,59000,59000,59000,59000,12,0,56000,53546.03213700466,45033.28213794157,61365.81030697562,128.0
1790233431,12,TPOT,completion,0.200000,0.000000,440,440,440,440,440,440,440,440,440,440,440,12,0,410,393.88993169514714,325.6976112125691,456.6908227554779,0.0
1790233431,12,TTFT,completion,0.200000,0.000000,3500,3500,3500,3500,3500,3500,3500,3500,3500,3500,3500,12,0,3500,3521.407533553429,2998.8738580141217,4770.88093617931,0.0
1790233431,12,,Aggregated,0.600000,0.000000,3500,3500,51000,51000,59000,59000,59000,59000,59000,59000,59000,36,0,3500,19153.77653408441,325.6976112125691,61365.81030697562,42.666666666666664
1790233432,12,POST,completion,0.200000,0.000000,59000,59000,59000,59000,59000,59000,59000,59000,59000,59000,59000,12,0,56000,53546.03213700466,45033.28213794157,61365.81030697562,128.0
1790233432,12,TPOT,completion,0.200000,0.000000,440,440,440,440,440,440,440,440,440,440,440,12,0,410,393.88993169514714,325.6976112125691,456.6908227554779,0.0
1790233432,12,TTFT,completion,0.200000,0.000000,3500,3500,3500,3500,3500,3500,3500,3500,3500,3500,3500,12,0,3500,3521.407533553429,2998.8738580141217,4770.88093617931,0.0
1790233432,12,,Aggregated,0.600000,0.000000,3500,3500,51000,51000,59000,59000,59000,59000,59000,59000,59000,36,0,3500,19153.77653408441,325.6976112125691,61365.81030697562,42.666666666666664
1790233433,12,POST,completion,0.200000,0.000000,59000,59000,59000,59000,59000,59000,59000,59000,59000,59000,59000,12,0,56000,53546.03213700466,45033.28213794157,61365.81030697562,128.0
1790233433,12,TPOT,completion,0.200000,0.000000,440,440,440,440,440,440,440,440,440,440,440,12,0,410,393.88993169514714,325.6976112125691,456.6908227554779,0.0
1790233433,12,TTFT,completion,0.200000,0.000000,3500,3500,3500,3500,3500,3500,3500,3500,3500,3500,3500,12,0,3500,3521.407533553429,2998.8738580141217,4770.88093617931,0.0
1790233433,12,,Aggregated,0.600000,0.000000,3500,3500,51000,51000,59000,59000,59000,59000,59000,59000,59000,36,0,3500,19153.77653408441,325.6976112125691,61365.81030697562,42.666666666666664
1790233434,12,POST,completion,0.200000,0.000000,59000,59000,59000,59000,59000,59000,59000,59000,59000,59000,59000,12,0,56000,53546.03213700466,45033.28213794157,61365.81030697562,128.0
1790233434,12,TPOT,completion,0.200000,0.000000,440,440,440,440,440,440,440,440,440,440,440,12,0,410,393.88993169514714,325.6976112125691,456.6908227554779,0.0
1790233434,12,TTFT,completion,0.200000,0.000000,3500,3500,3500,3500,3500,3500,3500,3500,3500,3500,3500,12,0,3500,3521.407533553429,2998.8738580141217,4770.88093617931,0.0
1790233434,12,,Aggregated,0.600000,0.000000,3500,3500,59000,59000,59000,59000,59000,59000,59000,59000,59000,36,0,3500,19153.77653408441,325.6976112125691,61365.81030697562,42.666666666666664
1790233435,12,POST,completion,0.200000,0.000000,59000,59000,59000,59000,59000,59000,59000,59000,59000,59000,59000,12,0,56000,53546.03213700466,45033.28213794157,61365.81030697562,128.0
1790233435,12,TPOT,completion,0.200000,0.000000,440,440,440,440,440,440,440,440,440,440,440,12,0,410,393.88993169514714,325.6976112125691,456.6908227554779,0.0
1790233435,12,TTFT,completion,0.200000,0.000000,3500,3500,3500,3500,3500,3500,3500,3500,3500,3500,3500,12,0,3500,3521.407533553429,2998.8738580141217,4770.88093617931,0.0
1790233435,12,,Aggregated,0.600000,0.000000,3500,3500,59000,59000,59000,59000,59000,59000,59000,59000,59000,36,0,3500,19153.77653408441,325.6976112125691,61365.81030697562,42.666666666666664
1790233436,12,POST,completion,0.200000,0.000000,59000,59000,59000,59000,59000,59000,59000,59000,59000,59000,59000,12,0,56000,53546.03213700466,45033.28213794157,61365.81030697562,128.0
1790233436,12,TPOT,completion,0.200000,0.000000,440,440,440,440,440,440,440,440,440,440,440,12,0,410,393.88993169514714,325.6976112125691,456.6908227554779,0.0
1790233436,12,TTFT,completion,0.200000,0.000000,3500,3500,3500,3500,3500,3500,3500,3500,3500,3500,3500,12,0,3500,3521.407533553429,2998.8738580141217,4770.88093617931,0.0
1790233436,12,,Aggregated,0.600000,0.000000,3500,3500,59000,59000,59000,59000,59000,59000,59000,59000,59000,36,0,3500,19153.77653408441,325.6976112125691,61365.81030697562,42.666666666666664
1790233437,12,POST,completion,0.200000,0.000000,59000,59000,59000,59000,59000,59000,59000,59000,59000,59000,59000,12,0,56000,53546.03213700466,45033.28213794157,61365.81030697562,128.0
1790233437,12,TPOT,completion,0.200000,0.000000,440,440,440,440,440,440,440,440,440,440,440,12,0,410,393.88993169514714,325.6976112125691,456.6908227554779,0.0
1790233437,12,TTFT,completion,0.200000,0.000000,3500,3500,3500,3500,3500,3500,3500,3500,3500,3500,3500,12,0,3500,3521.407533553429,2998.8738580141217,4770.88093617931,0.0
1790233437,12,,Aggregated,0.600000,0.000000,3500,3500,59000,59000,59000,59000,59000,59000,59000,59000,59000,36,0,3500,19153.77653408441,325.6976112125691,61365.81030697562,42.666666666666664
1790233438,12,POST,completion,0.200000,0.000000,59000,59000,59000,59000,59000,59000,59000,59000,59000,59000,59000,12,0,56000,53546.03213700466,45033.28213794157,61365.81030697562,128.0
1790233438,12,TPOT,completion,0.200000,0.000000,440,440,440,440,440,440,440,440,440,440,440,12,0,410,393.88993169514714,325.6976112125691,456.6908227554779,0.0
1790233438,12,TTFT,completion,0.200000,0.000000,3500,3500,3500,3500,3500,3500,3500,3500,3500,3500,3500,12,0,3500,3521.407533553429,2998.8738580141217,4770.88093617931,0.0
1790233438,12,,Aggregated,0.600000,0.000000,3500,3500,59000,59000,59000,59000,59000,59000,59000,59000,59000,36,0,3500,19153.77653408441,325.6976112125691,61365.81030697562,42.666666666666664
1790233439,12,POST,completion,0.200000,0.000000,59000,59000,59000,59000,59000,59000,59000,59000,59000,59000,59000,12,0,56000,53546.03213700466,45033.28213794157,61365.81030697562,128.0
1790233439,12,TPOT,completion,0.200000,0.000000,440,440,440,440,440,440,440,440,440,440,440,12,0,410,393.88993169514714,325.6976112125691,456.6908227554779,0.0
1790233439,12,TTFT,completion,0.200000,0.000000,3500,3500,3500,3500,3500,3500,3500,3500,3500,3500,3500,12,0,3500,3521.407533553429,2998.8738580141217,4770.88093617931,0.0
1790233439,12,,Aggregated,0.600000,0.000000,3500,3500,59000,59000,59000,59000,59000,59000,59000,59000,59000,36,0,3500,19153.77653408441,325.6976112125691,61365.81030697562,42.666666666666664
1790233440,12,POST,completion,0.200000,0.000000,59000,59000,59000,59000,59000,59000,59000,59000,59000,59000,59000,12,0,56000,53546.03213700466,45033.28213794157,61365.81030697562,128.0
1790233440,12,TPOT,completion,0.200000,0.000000,440,440,440,440,440,440,440,440,440,440,440,12,0,410,393.88993169514714,325.6976112125691,456.6908227554779,0.0
1790233440,12,TTFT,completion,0.200000,0.000000,3500,3500,3500,3500,3500,3500,3500,3500,3500,3500,3500,12,0,3500,3521.407533553429,2998.8738580141217,4770.88093617931,0.0
1790233440,12,,Aggregated,0.600000,0.000000,3500,3500,59000,59000,59000,59000,59000,59000,59000,59000,59000,36,0,3500,19153.77653408441,325.6976112125691,61365.81030697562,42.666666666666664
1790233441,12,POST,completion,0.200000,0.000000,59000,59000,59000,59000,59000,59000,59000,59000,59000,59000,59000,12,0,56000,53546.03213700466,45033.28213794157,61365.81030697562,128.0
1790233441,12,TPOT,completion,0.200000,0.000000,440,440,440,440,440,440,440,440,440,440,440,12,0,410,393.88993169514714,325.6976112125691,456.6908227554779,0.0
1790233441,12,TTFT,completion,0.200000,0.000000,3500,3500,3500,3500,3500,3500,3500,3500,3500,3500,3500,12,0,3500,3521.407533553429,2998.8738580141217,4770.88093617931,0.0
1790233441,12,,Aggregated,0.600000,0.000000,3500,3500,59000,59000,59000,59000,59000,59000,59000,59000,59000,36,0,3500,19153.77653408441,325.6976112125691,61365.81030697562,42.666666666666664
1790233442,12,POST,completion,0.200000,0.000000,59000,59000,59000,59000,59000,59000,59000,59000,59000,59000,59000,12,0,56000,53546.03213700466,45033.28213794157,61365.81030697562,128.0
1790233442,12,TPOT,completion,0.200000,0.000000,440,440,440,440,440,440,440,440,440,440,440,12,0,410,393.88993169514714,325.6976112125691,456.6908227554779,0.0
1790233442,12,TTFT,completion,0.200000,0.000000,3500,3500,3500,3500,3500,3500,3500,3500,3500,3500,3500,12,0,3500,3521.407533553429,2998.8738580141217,4770.88093617931,0.0
1790233442,12,,Aggregated,0.600000,0.000000,3500,3500,59000,59000,59000,59000,59000,59000,59000,59000,59000,36,0,3500,19153.77653408441,325.6976112125691,61365.81030697562,42.666666666666664
1790233443,12,POST,completion,0.200000,0.000000,59000,59000,59000,59000,59000,59000,59000,59000,59000,59000,59000,12,0,56000,53546.03213700466,45033.28213794157,61365.81030697562,128.0
1790233443,12,TPOT,completion,0.200000,0.000000,440,440,440,440,440,440,440,440,440,440,440,12,0,410,393.88993169514714,325.6976112125691,456.6908227554779,0.0
1790233443,12,TTFT,completion,0.200000,0.000000,3500,3500,3500,3500,3500,3500,3500,3500,3500,3500,3500,12,0,3500,3521.407533553429,2998.8738580141217,4770.88093617931,0.0
1790233443,12,,Aggregated,0.600000,0.000000,3500,3500,59000,59000,59000,59000,59000,59000,59000,59000,59000,36,0,3500,19153.77653408441,325.6976112125691,61365.81030697562,42.666666666666664
1790233444,12,POST,completion,0.200000,0.000000,0,0,0,0,0,0,0,0,0,0,0,12,0,56000,53546.03213700466,45033.28213794157,61365.81030697562,128.0
1790233444,12,TPOT,completion,0.200000,0.000000,0,0,0,0,0,0,0,0,0,0,0,12,0,410,393.88993169514714,325.6976112125691,456.6908227554779,0.0
1790233444,12,TTFT,completion,0.200000,0.000000,0,0,0,0,0,0,0,0,0,0,0,12,0,3500,3521.407533553429,2998.8738580141217,4770.88093617931,0.0
1790233444,12,,Aggregated,0.600000,0.000000,0,0,0,0,0,0,0,0,0,0,0,36,0,3500,19153.77653408441,325.6976112125691,61365.81030697562,42.666666666666664
1790233445,12,POST,completion,0.200000,0.000000,0,0,0,0,0,0,0,0,0,0,0,12,0,56000,53546.03213700466,45033.28213794157,61365.81030697562,128.0
1790233445,12,TPOT,completion,0.200000,0.000000,0,0,0,0,0,0,0,0,0,0,0,12,0,410,393.88993169514714,325.6976112125691,456.6908227554779,0.0
1790233445,12,TTFT,completion,0.200000,0.000000,0,0,0,0,0,0,0,0,0,0,0,12,0,3500,3521.407533553429,2998.8738580141217,4770.88093617931,0.0
1790233445,12,,Aggregated,0.600000,0.000000,0,0,0,0,0,0,0,0,0,0,0,36,0,3500,19153.77653408441,325.6976112125691,61365.81030697562,42.666666666666664
1790233446,12,POST,completion,0.200000,0.000000,0,0,0,0,0,0,0,0,0,0,0,12,0,56000,53546.03213700466,45033.28213794157,61365.81030697562,128.0
1790233446,12,TPOT,completion,0.200000,0.000000,0,0,0,0,0,0,0,0,0,0,0,12,0,410,393.88993169514714,325.6976112125691,456.6908227554779,0.0
1790233446,12,TTFT,completion,0.200000,0.000000,0,0,0,0,0,0,0,0,0,0,0,12,0,3500,3521.407533553429,2998.8738580141217,4770.88093617931,0.0
1790233446,12,,Aggregated,0.600000,0.000000,0,0,0,0,0,0,0,0,0,0,0,36,0,3500,19153.77653408441,325.6976112125691,61365.81030697562,42.666666666666664
1790233447,12,POST,completion,0.200000,0.000000,0,0,0,0,0,0,0,0,0,0,0,12,0,56000,53546.03213700466,45033.28213794157,61365.81030697562,128.0
1790233447,12,TPOT,completion,0.200000,0.000000,0,0,0,0,0,0,0,0,0,0,0,12,0,410,393.88993169514714,325.6976112125691,456.6908227554779,0.0
1790233447,12,TTFT,completion,0.200000,0.000000,0,0,0,0,0,0,0,0,0,0,0,12,0,3500,3521.407533553429,2998.8738580141217,4770.88093617931,0.0
1790233447,12,,Aggregated,0.600000,0.000000,0,0,0,0,0,0,0,0,0,0,0,36,0,3500,19153.77653408441,325.6976112125691,61365.81030697562,42.666666666666664
1790233448,12,POST,completion,0.200000,0.000000,0,0,0,0,0,0,0,0,0,0,0,12,0,56000,53546.03213700466,45033.28213794157,61365.81030697562,128.0
1790233448,12,TPOT,completion,0.200000,0.000000,0,0,0,0,0,0,0,0,0,0,0,12,0,410,393.88993169514714,325.6976112125691,456.6908227554779,0.0
1790233448,12,TTFT,completion,0.200000,0.000000,0,0,0,0,0,0,0,0,0,0,0,12,0,3500,3521.407533553429,2998.8738580141217,4770.88093617931,0.0
1790233448,12,,Aggregated,0.600000,0.000000,0,0,0,0,0,0,0,0,0,0,0,36,0,3500,19153.77653408441,325.6976112125691,61365.81030697562,42.666666666666664
1790233449,12,POST,completion,0.200000,0.000000,0,0,0,0,0,0,0,0,0,0,0,12,0,56000,53546.03213700466,45033.28213794157,61365.81030697562,128.0
1790233449,12,TPOT,completion,0.200000,0.000000,0,0,0,0,0,0,0,0,0,0,0,12,0,410,393.88993169514714,325.6976112125691,456.6908227554779,0.0
1790233449,12,TTFT,completion,0.200000,0.000000,0,0,0,0,0,0,0,0,0,0,0,12,0,3500,3521.407533553429,2998.8738580141217,4770.88093617931,0.0
1790233449,12,,Aggregated,0.600000,0.000000,0,0,0,0,0,0,0,0,0,0,0,36,0,3500,19153.77653408441,325.6976112125691,61365.81030697562,42.666666666666664
1790233450,12,POST,completion,0.200000,0.000000,0,0,0,0,0,0,0,0,0,0,0,12,0,56000,53546.03213700466,45033.28213794157,61365.81030697562,128.0
1790233450,12,TPOT,completion,0.200000,0.000000,0,0,0,0,0,0,0,0,0,0,0,12,0,410,393.88993169514714,325.6976112125691,456.6908227554779,0.0
1790233450,12,TTFT,completion,0.200000,0.000000,0,0,0,0,0,0,0,0,0,0,0,12,0,3500,3521.407533553429,2998.8738580141217,4770.88093617931,0.0
1790233450,12,,Aggregated,0.600000,0.000000,0,0,0,0,0,0,0,0,0,0,0,36,0,3500,19153.77653408441,325.6976112125691,61365.81030697562,42.666666666666664
1790233451,12,POST,completion,0.000000,0.000000,0,0,0,0,0,0,0,0,0,0,0,13,0,56000,54058.15488314973,45033.28213794157,61365.81030697562,128.0
1790233451,12,TPOT,completion,0.000000,0.000000,0,0,0,0,0,0,0,0,0,0,0,13,0,410,397.95506183610274,325.6976112125691,456.6908227554779,0.0
1790233451,12,TTFT,completion,0.000000,0.000000,0,0,0,0,0,0,0,0,0,0,0,13,0,3500,3517.27515951587,2998.8738580141217,4770.88093617931,0.0
1790233451,12,,Aggregated,0.000000,0.000000,0,0,0,0,0,0,0,0,0,0,0,39,0,3500,19324.461701500564,325.6976112125691,61365.81030697562,42.666666666666664
1790233452,12,POST,completion,0.000000,0.000000,60000,60000,60000,60000,60000,60000,60000,60000,60000,60000,60000,13,0,56000,54058.15488314973,45033.28213794157,61365.81030697562,128.0
1790233452,12,TPOT,completion,0.000000,0.000000,450,450,450,450,450,450,450,450,450,450,450,13,0,410,397.95506183610274,325.6976112125691,456.6908227554779,0.0
1790233452,12,TTFT,completion,0.000000,0.000000,3500,3500,3500,3500,3500,3500,3500,3500,3500,3500,3500,13,0,3500,3517.27515951587,2998.8738580141217,4770.88093617931,0.0
1790233452,12,,Aggregated,0.000000,0.000000,3500,3500,60000,60000,60000,60000,60000,60000,60000,60000,60000,39,0,3500,19324.461701500564,325.6976112125691,61365.81030697562,42.666666666666664
1790233453,12,POST,completion,0.000000,0.000000,60000,60000,60000,60000,60000,60000,60000,60000,60000,60000,60000,13,0,56000,54058.15488314973,45033.28213794157,61365.81030697562,128.0
1790233453,12,TPOT,completion,0.000000,0.000000,450,450,450,450,450,450,450,450,450,450,450,13,0,410,397.95506183610274,325.6976112125691,456.6908227554779,0.0
1790233453,12,TTFT,completion,0.000000,0.000000,3500,3500,3500,3500,3500,3500,3500,3500,3500,3500,3500,13,0,3500,3517.27515951587,2998.8738580141217,4770.88093617931,0.0
1790233453,12,,Aggregated,0.000000,0.000000,3500,3500,60000,60000,60000,60000,60000,60000,60000,60000,60000,39,0,3500,19324.461701500564,325.6976112125691,61365.81030697562,42.666666666666664
1790233454,12,POST,completion,0.000000,0.000000,60000,60000,60000,60000,60000,60000,60000,60000,60000,60000,60000,13,0,56000,54058.15488314973,45033.28213794157,61365.81030697562,128.0
1790233454,12,TPOT,completion,0.000000,0.000000,450,450,450,450,450,450,450,450,450,450,450,13,0,410,397.95506183610274,325.6976112125691,456.6908227554779,0.0
1790233454,12,TTFT,completion,0.000000,0.000000,3500,3500,3500,3500,3500,3500,3500,3500,3500,3500,3500,13,0,3500,3517.27515951587,2998.8738580141217,4770.88093617931,0.0
1790233454,12,,Aggregated,0.000000,0.000000,3500,3500,60000,60000,60000,60000,60000,60000,60000,60000,60000,39,0,3500,19324.461701500564,325.6976112125691,61365.81030697562,42.666666666666664
1790233455,12,POST,completion,0.100000,0.000000,60000,60000,60000,60000,60000,60000,60000,60000,60000,60000,60000,14,0,57000,54396.26288613571,45033.28213794157,61365.81030697562,128.0
1790233455,12,TPOT,completion,0.100000,0.000000,450,450,450,450,450,450,450,450,450,450,450,14,0,420,400.6689200992304,325.6976112125691,456.6908227554779,0.0
1790233455,12,TTFT,completion,0.100000,0.000000,3500,3500,3500,3500,3500,3500,3500,3500,3500,3500,3500,14,0,3500,3510.721990755493,2998.8738580141217,4770.88093617931,0.0
1790233455,12,,Aggregated,0.300000,0.000000,3500,3500,59000,59000,60000,60000,60000,60000,60000,60000,60000,42,0,3500,19435.88459899681,325.6976112125691,61365.81030697562,42.666666666666664
1790233456,12,POST,completion,0.100000,0.000000,60000,60000,60000,60000,60000,60000,60000,60000,60000,60000,60000,14,0,57000,54396.26288613571,45033.28213794157,61365.81030697562,128.0
1790233456,12,TPOT,completion,0.100000,0.000000,450,450,450,450,450,450,450,450,450,450,450,14,0,420,400.6689200992304,325.6976112125691,456.6908227554779,0.0
1790233456,12,TTFT,completion,0.100000,0.000000,3500,3500,3500,3500,3500,3500,3500,3500,3500,3500,3500,14,0,3500,3510.721990755493,2998.8738580141217,4770.88093617931,0.0
1790233456,12,,Aggregated,0.300000,0.000000,3500,3500,59000,59000,60000,60000,60000,60000,60000,60000,60000,42,0,3500,19435.88459899681,325.6976112125691,61365.81030697562,42.666666666666664
1790233457,12,POST,completion,0.100000,0.000000,60000,60000,60000,60000,60000,60000,60000,60000,60000,60000,60000,14,0,57000,54396.26288613571,45033.28213794157,61365.81030697562,128.0
1790233457,12,TPOT,completion,0.100000,0.000000,450,450,450,450,450,450,450,450,450,450,450,14,0,420,400.6689200992304,325.6976112125691,456.6908227554779,0.0
1790233457,12,TTFT,completion,0.100000,0.000000,3500,3500,3500,3500,3500,3500,3500,3500,3500,3500,3500,14,0,3500,3510.721990755493,2998.8738580141217,4770.88093617931,0.0
1790233457,12,,Aggregated,0.300000,0.000000,3500,3500,59000,59000,60000,60000,60000,60000,60000,60000,60000,42,0,3500,19435.88459899681,325.6976112125691,61365.81030697562,42.666666666666664
1790233458,12,POST,completion,0.100000,0.000000,60000,60000,60000,60000,60000,60000,60000,60000,60000,60000,60000,14,0,57000,54396.26288613571,45033.28213794157,61365.81030697562,128.0
1790233458,12,TPOT,completion,0.100000,0.000000,450,450,450,450,450,450,450,450,450,450,450,14,0,420,400.6689200992304,325.6976112125691,456.6908227554779,0.0
1790233458,12,TTFT,completion,0.100000,0.000000,3500,3500,3500,3500,3500,3500,3500,3500,3500,3500,3500,14,0,3500,3510.721990755493,2998.8738580141217,4770.88093617931,0.0
1790233458,12,,Aggregated,0.300000,0.000000,3500,3500,59000,59000,60000,60000,60000,60000,60000,60000,60000,42,0,3500,19435.88459899681,325.6976112125691,61365.81030697562,42.666666666666664
1790233459,12,POST,completion,0.100000,0.000000,60000,60000,60000,60000,60000,60000,60000,60000,60000,60000,60000,14,0,57000,54396.26288613571,45033.28213794157,61365.81030697562,128.0
1790233459,12,TPOT,completion,0.100000,0.000000,450,450,450,450,450,450,450,450,450,450,450,14,0,420,400.6689200992304,325.6976112125691,456.6908227554779,0.0
1790233459,12,TTFT,completion,0.100000,0.000000,3500,3500,3500,3500,3500,3500,3500,3500,3500,3500,3500,14,0,3500,3510.721990755493,2998.8738580141217,4770.88093617931,0.0
1790233459,12,,Aggregated,0.300000,0.000000,3500,3500,59000,59000,60000,60000,60000,60000,60000,60000,60000,42,0,3500,19435.88459899681,325.6976112125691,61365.81030697562,42.666666666666664
1790233460,12,POST,completion,0.100000,0.000000,60000,60000,60000,60000,60000,60000,60000,60000,60000,60000,60000,14,0,57000,54396.26288613571,45033.28213794157,61365.81030697562,128.0
1790233460,12,TPOT,completion,0.100000,0.000000,450,450,450,450,450,450,450,450,450,450,450,14,0,420,400.6689200992304,325.6976112125691,456.6908227554779,0.0
1790233460,12,TTFT,completion,0.100000,0.000000,3500,3500,3500,3500,3500,3500,3500,3500,3500,3500,3500,14,0,3500,3510.721990755493,2998.8738580141217,4770.88093617931,0.0
1790233460,12,,Aggregated,0.300000,0.000000,3500,3500,59000,59000,60000,60000,60000,60000,60000,60000,60000,42,0,3500,19435.88459899681,325.6976112125691,61365.81030697562,42.666666666666664
1790233461,12,POST,completion,0.100000,0.000000,60000,60000,60000,60000,60000,60000,60000,60000,60000,60000,60000,14,0,57000,54396.26288613571,45033.28213794157,61365.81030697562,128.0
1790233461,12,TPOT,completion,0.100000,0.000000,450,450,450,450,450,450,450,450,450,450,450,14,0,420,400.6689200992304,325.6976112125691,456.6908227554779,0.0
1790233461,12,TTFT,completion,0.100000,0.000000,3500,3500,3500,3500,3500,3500,3500,3500,3500,3500,3500,14,0,3500,3510.721990755493,2998.8738580141217,4770.88093617931,0.0
1790233461,12,,Aggregated,0.300000,0.000000,3500,3500,59000,59000,60000,60000,60000,60000,60000,60000,60000,42,0,3500,19435.88459899681,325.6976112125691,61365.81030697562,42.666666666666664
1790233462,12,POST,completion,0.100000,0.000000,59000,59000,59000,59000,59000,59000,59000,59000,59000,59000,59000,14,0,57000,54396.26288613571,45033.28213794157,61365.81030697562,128.0
1790233462,12,TPOT,completion,0.100000,0.000000,440,440,440,440,440,440,440,440,440,440,440,14,0,420,400.6689200992304,325.6976112125691,456.6908227554779,0.0
1790233462,12,TTFT,completion,0.100000,0.000000,3400,3400,3400,3400,3400,3400,3400,3400,3400,3400,3400,14,0,3500,3510.721990755493,2998.8738580141217,4770.88093617931,0.0
1790233462,12,,Aggregated,0.300000,0.000000,3400,3400,59000,59000,59000,59000,59000,59000,59000,59000,59000,42,0,3500,19435.88459899681,325.6976112125691,61365.81030697562,42.666666666666664
1790233463,12,POST,completion,0.100000,0.000000,59000,59000,59000,59000,59000,59000,59000,59000,59000,59000,59000,14,0,57000,54396.26288613571,45033.28213794157,61365.81030697562,128.0
1790233463,12,TPOT,completion,0.100000,0.000000,440,440,440,440,440,440,440,440,440,440,440,14,0,420,400.6689200992304,325.6976112125691,456.6908227554779,0.0
1790233463,12,TTFT,completion,0.100000,0.000000,3400,3400,3400,3400,3400,3400,3400,3400,3400,3400,3400,14,0,3500,3510.721990755493,2998.8738580141217,4770.88093617931,0.0
1790233463,12,,Aggregated,0.300000,0.000000,3400,3400,59000,59000,59000,59000,59000,59000,59000,59000,59000,42,0,3500,19435.88459899681,325.6976112125691,61365.81030697562,42.666666666666664
1790233464,12,POST,completion,0.200000,0.000000,75000,75000,75000,75000,75000,75000,75000,75000,75000,75000,75000,15,0,57000,55757.537513179705,45033.28213794157,74815.38229179569,128.0
1790233464,12,TPOT,completion,0.200000,0.000000,560,560,560,560,560,560,560,560,560,560,560,15,0,420,411.3428116789494,325.6976112125691,560.7772937950157,0.0
1790233464,12,TTFT,completion,0.200000,0.000000,3600,3600,3600,3600,3600,3600,3600,3600,3600,3600,3600,15,0,3500,3516.4098056964576,2998.8738580141217,4770.88093617931,0.0
1790233464,12,,Aggregated,0.600000,0.000000,3600,3600,59000,59000,75000,75000,75000,75000,75000,75000,75000,45,0,3500,19895.096710185036,325.6976112125691,74815.38229179569,42.666666666666664
1790233465,12,POST,completion,0.200000,0.000000,75000,75000,75000,75000,75000,75000,75000,75000,75000,75000,75000,15,0,57000,55757.537513179705,45033.28213794157,74815.38229179569,128.0
1790233465,12,TPOT,completion,0.200000,0.000000,560,560,560,560,560,560,560,560,560,560,560,15,0,420,411.3428116789494,325.6976112125691,560.7772937950157,0.0
1790233465,12,TTFT,completion,0.200000,0.000000,3600,3600,3600,3600,3600,3600,3600,3600,3600,3600,3600,15,0,3500,3516.4098056964576,2998.8738580141217,4770.88093617931,0.0
1790233465,12,,Aggregated,0.600000,0.000000,3600,3600,59000,59000,75000,75000,75000,75000,75000,75000,75000,45,0,3500,19895.096710185036,325.6976112125691,74815.38229179569,42.666666666666664
1790233466,12,POST,completion,0.200000,0.000000,75000,75000,75000,75000,75000,75000,75000,75000,75000,75000,75000,15,0,57000,55757.537513179705,45033.28213794157,74815.38229179569,128.0
1790233466,12,TPOT,completion,0.200000,0.000000,560,560,560,560,560,560,560,560,560,560,560,15,0,420,411.3428116789494,325.6976112125691,560.7772937950157,0.0
1790233466,12,TTFT,completion,0.200000,0.000000,3600,3600,3600,3600,3600,3600,3600,3600,3600,3600,3600,15,0,3500,3516.4098056964576,2998.8738580141217,4770.88093617931,0.0
1790233466,12,,Aggregated,0.600000,0.000000,3600,3600,59000,59000,75000,75000,75000,75000,75000,75000,75000,45,0,3500,19895.096710185036,325.6976112125691,74815.38229179569,42.666666666666664
1790233467,12,POST,completion,0.200000,0.000000,75000,75000,75000,75000,75000,75000,75000,75000,75000,75000,75000,15,0,57000,55757.537513179705,45033.28213794157,74815.38229179569,128.0
1790233467,12,TPOT,completion,0.200000,0.000000,560,560,560,560,560,560,560,560,560,560,560,15,0,420,411.3428116789494,325.6976112125691,560.7772937950157,0.0
1790233467,12,TTFT,completion,0.200000,0.000000,3600,3600,3600,3600,3600,3600,3600,3600,3600,3600,3600,15,0,3500,3516.4098056964576,2998.8738580141217,4770.88093617931,0.0
1790233467,12,,Aggregated,0.600000,0.000000,3600,3600,59000,59000,75000,75000,75000,75000,75000,75000,75000,45,0,3500,19895.096710185036,325.6976112125691,74815.38229179569,42.666666666666664
1790233468,12,POST,completion,0.100000,0.000000,75000,75000,75000,75000,75000,75000,75000,75000,75000,75000,75000,16,0,59000,56266.67572117003,45033.28213794157,74815.38229179569,128.0
1790233468,12,TPOT,completion,0.100000,0.000000,560,560,560,560,560,560,560,560,560,560,560,16,0,430,415.4405474731989,325.6976112125691,560.7772937950157,0.0
1790233468,12,TTFT,completion,0.100000,0.000000,3600,3600,3600,3600,3600,3600,3600,3600,3600,3600,3600,16,0,3500,3505.1339874626137,2998.8738580141217,4770.88093617931,0.0
1790233468,12,,Aggregated,0.300000,0.000000,3600,3600,64000,64000,75000,75000,75000,75000,75000,75000,75000,48,0,3500,20062.416752035282,325.6976112125691,74815.38229179569,42.666666666666664
1790233469,12,POST,completion,0.100000,0.000000,75000,75000,75000,75000,75000,75000,75000,75000,75000,75000,75000,16,0,59000,56266.67572117003,45033.28213794157,74815.38229179569,128.0
1790233469,12,TPOT,completion,0.100000,0.000000,560,560,560,560,560,560,560,560,560,560,560,16,0,430,415.4405474731989,325.6976112125691,560.7772937950157,0.0
1790233469,12,TTFT,completion,0.100000,0.000000,3600,3600,3600,3600,3600,3600,3600,3600,3600,3600,3600,16,0,3500,3505.1339874626137,2998.8738580141217,4770.88093617931,0.0
1790233469,12,,Aggregated,0.300000,0.000000,3600,3600,64000,64000,75000,75000,75000,75000,75000,75000,75000,48,0,3500,20062.416752035282,325.6976112125691,74815.38229179569,42.666666666666664
1790233470,12,POST,completion,0.100000,0.000000,75000,75000,75000,75000,75000,75000,75000,75000,75000,75000,75000,16,0,59000,56266.67572117003,45033.28213794157,74815.38229179569,128.0
1790233470,12,TPOT,completion,0.100000,0.000000,560,560,560,560,560,560,560,560,560,560,560,16,0,430,415.4405474731989,325.6976112125691,560.7772937950157,0.0
1790233470,12,TTFT,completion,0.100000,0.000000,3600,3600,3600,3600,3600,3600,3600,3600,3600,3600,3600,16,0,3500,3505.1339874626137,2998.8738580141217,4770.88093617931,0.0
1790233470,12,,Aggregated,0.300000,0.000000,3600,3600,64000,64000,75000,75000,75000,75000,75000,75000,75000,48,0,3500,20062.416752035282,325.6976112125691,74815.38229179569,42.666666666666664
1790233471,12,POST,completion,0.100000,0.000000,75000,75000,75000,75000,75000,75000,75000,75000,75000,75000,75000,16,0,59000,56266.67572117003,45033.28213794157,74815.38229179569,128.0
1790233471,12,TPOT,completion,0.100000,0.000000,560,560,560,560,560,560,560,560,560,560,560,16,0,430,415.4405474731989,325.6976112125691,560.7772937950157,0.0
1790233471,12,TTFT,completion,0.100000,0.000000,3600,3600,3600,3600,3600,3600,3600,3600,3600,3600,3600,16,0,3500,3505.1339874626137,2998.8738580141217,4770.88093617931,0.0
1790233471,12,,Aggregated,0.300000,0.000000,3600,3600,64000,64000,75000,75000,75000,75000,75000,75000,75000,48,0,3500,20062.416752035282,325.6976112125691,74815.38229179569,42.666666666666664
1790233472,12,POST,completion,0.100000,0.000000,75000,75000,75000,75000,75000,75000,75000,75000,75000,75000,75000,16,0,59000,56266.67572117003,45033.28213794157,74815.38229179569,128.0
1790233472,12,TPOT,completion,0.100000,0.000000,560,560,560,560,560,560,560,560,560,560,560,16,0,430,415.4405474731989,325.6976112125691,560.7772937950157,0.0
1790233472,12,TTFT,completion,0.100000,0.000000,3600,3600,3600,3600,3600,3600,3600,3600,3600,3600,3600,16,0,3500,3505.1339874626137,2998.8738580141217,4770.88093617931,0.0
1790233472,12,,Aggregated,0.300000,0.000000,3600,3600,64000,64000,75000,75000,75000,75000,75000,75000,75000,48,0,3500,20062.416752035282,325.6976112125691,74815.38229179569,42.666666666666664
1790233473,12,POST,completion,0.200000,0.000000,77000,77000,78000,78000,78000,78000,78000,78000,78000,78000,78000,18,0,59000,58599.31722270428,45033.28213794157,77633.6741480045,128.0
1790233473,12,TPOT,completion,0.200000,0.000000,560,560,580,580,580,580,580,580,580,580,580,18,0,430,432.27282593551087,325.6976112125691,578.9321729378026,0.0
1790233473,12,TTFT,completion,0.200000,0.000000,4100,4100,6400,6400,6400,6400,6400,6400,6400,6400,6400,18,0,3500,3700.070793908607,2998.8738580141217,6410.516866017133,0.0
1790233473,12,,Aggregated,0.600000,0.000000,4100,6400,75000,75000,77000,78000,78000,78000,78000,78000,78000,54,0,3500,20910.5536141828,325.6976112125691,77633.6741480045,42.666666666666664
1790233474,12,POST,completion,0.200000,0.000000,77000,77000,78000,78000,78000,78000,78000,78000,78000,78000,78000,18,0,59000,58599.31722270428,45033.28213794157,77633.6741480045,128.0
1790233474,12,TPOT,completion,0.200000,0.000000,560,560,580,580,580,580,580,580,580,580,580,18,0,430,432.27282593551087,325.6976112125691,578.9321729378026,0.0
1790233474,12,TTFT,completion,0.200000,0.000000,4100,4100,6400,6400,6400,6400,6400,6400,6400,6400,6400,18,0,3500,3700.070793908607,2998.8738580141217,6410.516866017133,0.0
1790233474,12,,Aggregated,0.600000,0.000000,4100,6400,75000,75000,77000,78000,78000,78000,78000,78000,78000,54,0,3500,20910.5536141828,325.6976112125691,77633.6741480045,42.666666666666664
1790233475,12,POST,completion,0.200000,0.000000,77000,77000,78000,78000,78000,78000,78000,78000,78000,78000,78000,18,0,59000,58599.31722270428,45033.28213794157,77633.6741480045,128.0
1790233475,12,TPOT,completion,0.200000,0.000000,550,550,580,580,580,580,580,580,580,580,580,18,0,430,432.27282593551087,325.6976112125691,578.9321729378026,0.0
1790233475,12,TTFT,completion,0.200000,0.000000,4100,4100,6400,6400,6400,6400,6400,6400,6400,6400,6400,18,0,3500,3700.070793908607,2998.8738580141217,6410.516866017133,0.0
1790233475,12,,Aggregated,0.600000,0.000000,4100,6400,64000,77000,78000,78000,78000,78000,78000,78000,78000,54,0,3500,20910.5536141828,325.6976112125691,77633.6741480045,42.666666666666664
1790233476,12,POST,completion,0.200000,0.000000,77000,77000,78000,78000,78000,78000,78000,78000,78000,78000,78000,18,0,59000,58599.31722270428,45033.28213794157,77633.6741480045,128.0
1790233476,12,TPOT,completion,0.200000,0.000000,550,550,580,580,580,580,580,580,580,580,580,18,0,430,432.27282593551087,325.6976112125691,578.9321729378026,0.0
1790233476,12,TTFT,completion,0.200000,0.000000,4100,4100,6400,6400,6400,6400,6400,6400,6400,6400,6400,18,0,3500,3700.070793908607,2998.8738580141217,6410.516866017133,0.0
1790233476,12,,Aggregated,0.600000,0.000000,4100,6400,64000,77000,78000,78000,78000,78000,78000,78000,78000,54,0,3500,20910.5536141828,325.6976112125691,77633.6741480045,42.666666666666664
1790233477,12,POST,completion,0.200000,0.000000,77000,77000,78000,78000,78000,78000,78000,78000,78000,78000,78000,18,0,59000,58599.31722270428,45033.28213794157,77633.6741480045,128.0
1790233477,12,TPOT,completion,0.200000,0.000000,550,550,580,580,580,580,580,580,580,580,580,18,0,430,432.27282593551087,325.6976112125691,578.9321729378026,0.0
1790233477,12,TTFT,completion,0.200000,0.000000,4100,4100,6400,6400,6400,6400,6400,6400,6400,6400,6400,18,0,3500,3700.070793908607,2998.8738580141217,6410.516866017133,0.0
1790233477,12,,Aggregated,0.600000,0.000000,4100,6400,64000,77000,78000,78000,78000,78000,78000,78000,78000,54,0,3500,20910.5536141828,325.6976112125691,77633.6741480045,42.666666666666664
1790233478,12,POST,completion,0.200000,0.000000,77000,77000,78000,78000,78000,78000,78000,78000,78000,78000,78000,18,0,59000,58599.31722270428,45033.28213794157,77633.6741480045,128.0
1790233478,12,TPOT,completion,0.200000,0.000000,550,550,580,580,580,580,580,580,580,580,580,18,0,430,432.27282593551087,325.6976112125691,578.9321729378026,0.0
1790233478,12,TTFT,completion,0.200000,0.000000,4100,4100,6400,6400,6400,6400,6400,6400,6400,6400,6400,18,0,3500,3700.070793908607,2998.8738580141217,6410.516866017133,0.0
1790233478,12,,Aggregated,0.600000,0.000000,4100,6400,64000,77000,78000,78000,78000,78000,78000,78000,78000,54,0,3500,20910.5536141828,325.6976112125691,77633.6741480045,42.666666666666664
1790233479,12,POST,completion,0.200000,0.000000,77000,77000,78000,78000,78000,78000,78000,78000,78000,78000,78000,18,0,59000,58599.31722270428,45033.28213794157,77633.6741480045,128.0
1790233479,12,TPOT,completion,0.200000,0.000000,550,550,580,580,580,580,580,580,580,580,580,18,0,430,432.27282593551087,325.6976112125691,578.9321729378026,0.0
1790233479,12,TTFT,completion,0.200000,0.000000,4100,4100,6400,6400,6400,6400,6400,6400,6400,6400,6400,18,0,3500,3700.070793908607,2998.8738580141217,6410.516866017133,0.0
1790233479,12,,Aggregated,0.600000,0.000000,4100,6400,64000,77000,78000,78000,78000,78000,78000,78000,78000,54,0,3500,20910.5536141828,325.6976112125691,77633.6741480045,42.666666666666664
1790233480,12,POST,completion,0.300000,0.000000,77000,77000,78000,78000,78000,78000,78000,78000,78000,78000,78000,20,0,59000,59968.721376534086,45033.28213794157,77633.6741480045,128.0
1790233480,12,TPOT,completion,0.300000,0.000000,560,560,580,580,580,580,580,580,580,580,580,20,0,440,443.05865252857996,325.6976112125691,578.9321729378026,0.0
1790233480,12,TTFT,completion,0.300000,0.000000,4100,4100,6400,6400,6400,6400,6400,6400,6400,6400,6400,20,0,3500,3699.6751632657833,2998.8738580141217,6410.516866017133,0.0
1790233480,12,,Aggregated,0.900000,0.000000,4100,6400,75000,75000,77000,78000,78000,78000,78000,78000,78000,60,0,3500,21370.485064109485,325.6976112125691,77633.6741480045,42.666666666666664
1790233481,12,POST,completion,0.300000,0.000000,77000,77000,78000,78000,78000,78000,78000,78000,78000,78000,78000,20,0,59000,59968.721376534086,45033.28213794157,77633.6741480045,128.0
1790233481,12,TPOT,completion,0.300000,0.000000,560,560,580,580,580,580,580,580,580,580,580,20,0,440,443.05865252857996,325.6976112125691,578.9321729378026,0.0
1790233481,12,TTFT,completion,0.300000,0.000000,4100,4100,6400,6400,6400,6400,6400,6400,6400,6400,6400,20,0,3500,3699.6751632657833,2998.8738580141217,6410.516866017133,0.0
1790233481,12,,Aggregated,0.900000,0.000000,4100,6400,75000,75000,77000,78000,78000,78000,78000,78000,78000,60,0,3500,21370.485064109485,325.6976112125691,77633.6741480045,42.666666666666664
1790233482,12,POST,completion,0.300000,0.000000,75000,75000,77000,77000,77000,77000,77000,77000,77000,77000,77000,20,0,59000,59968.721376534086,45033.28213794157,77633.6741480045,128.0
1790233482,12,TPOT,completion,0.300000,0.000000,550,550,560,560,560,560,560,560,560,560,560,20,0,440,443.05865252857996,325.6976112125691,578.9321729378026,0.0
1790233482,12,TTFT,completion,0.300000,0.000000,4000,4000,6400,6400,6400,6400,6400,6400,6400,6400,6400,20,0,3500,3699.6751632657833,2998.8738580141217,6410.516866017133,0.0
1790233482,12,,Aggregated,0.900000,0.000000,4000,6400,70000,75000,77000,77000,77000,77000,77000,77000,77000,60,0,3500,21370.485064109485,325.6976112125691,77633.6741480045,42.666666666666664
1790233483,12,POST,completion,0.300000,0.000000,75000,75000,77000,77000,77000,77000,77000,77000,77000,77000,77000,20,0,59000,59968.721376534086,45033.28213794157,77633.6741480045,128.0
1790233483,12,TPOT,completion,0.300000,0.000000,550,550,560,560,560,560,560,560,560,560,560,20,0,440,443.05865252857996,325.6976112125691,578.9321729378026,0.0
1790233483,12,TTFT,completion,0.300000,0.000000,4000,4000,6400,6400,6400,6400,6400,6400,6400,6400,6400,20,0,3500,3699.6751632657833,2998.8738580141217,6410.516866017133,0.0
1790233483,12,,Aggregated,0.900000,0.000000,4000,6400,70000,75000,77000,77000,77000,77000,77000,77000,77000,60,0,3500,21370.485064109485,325.6976112125691,77633.6741480045,42.666666666666664
1790233484,12,POST,completion,0.300000,0.000000,75000,75000,77000,77000,77000,77000,77000,77000,77000,77000,77000,20,0,59000,59968.721376534086,45033.28213794157,77633.6741480045,128.0
1790233484,12,TPOT,completion,0.300000,0.000000,550,550,560,560,560,560,560,560,560,560,560,20,0,440,443.05865252857996,325.6976112125691,578.9321729378026,0.0
1790233484,12,TTFT,completion,0.300000,0.000000,4000,4000,6400,6400,6400,6400,6400,6400,6400,6400,6400,20,0,3500,3699.6751632657833,2998.8738580141217,6410.516866017133,0.0
1790233484,12,,Aggregated,0.900000,0.000000,4000,6400,70000,75000,77000,77000,77000,77000,77000,77000,77000,60,0,3500,21370.485064109485,325.6976112125691,77633.6741480045,42.666666666666664
1790233485,12,POST,completion,0.300000,0.000000,75000,75000,77000,77000,77000,77000,77000,77000,77000,77000,77000,21,0,59000,60687.93625602986,45033.28213794157,77633.6741480045,128.0
1790233485,12,TPOT,completion,0.300000,0.000000,560,560,560,560,560,560,560,560,560,560,560,21,0,440,448.7672578419457,325.6976112125691,578.9321729378026,0.0
1790233485,12,TTFT,completion,0.300000,0.000000,4000,4000,6400,6400,6400,6400,6400,6400,6400,6400,6400,21,0,3500,3693.8909855449483,2998.8738580141217,6410.516866017133,0.0
1790233485,12,,Aggregated,0.900000,0.000000,4000,6400,75000,75000,75000,77000,77000,77000,77000,77000,77000,63,0,3500,21610.19816647225,325.6976112125691,77633.6741480045,42.666666666666664
1790233486,12,POST,completion,0.300000,0.000000,75000,75000,75000,75000,75000,75000,75000,75000,75000,75000,75000,21,0,59000,60687.93625602986,45033.28213794157,77633.6741480045,128.0
1790233486,12,TPOT,completion,0.300000,0.000000,560,560,560,560,560,560,560,560,560,560,560,21,0,440,448.7672578419457,325.6976112125691,578.9321729378026,0.0
1790233486,12,TTFT,completion,0.300000,0.000000,3600,3600,4000,4000,4000,4000,4000,4000,4000,4000,4000,21,0,3500,3693.8909855449483,2998.8738580141217,6410.516866017133,0.0
1790233486,12,,Aggregated,0.900000,0.000000,3600,4000,70000,75000,75000,75000,75000,75000,75000,75000,75000,63,0,3500,21610.19816647225,325.6976112125691,77633.6741480045,42.666666666666664
1790233487,12,POST,completion,0.200000,0.000000,75000,75000,75000,75000,75000,75000,75000,75000,75000,75000,75000,22,0,59000,61188.9176848027,45033.28213794157,77633.6741480045,128.0
1790233487,12,TPOT,completion,0.200000,0.000000,560,560,560,560,560,560,560,560,560,560,560,22,0,440,452.7685804973051,325.6976112125691,578.9321729378026,0.0
1790233487,12,TTFT,completion,0.200000,0.000000,3600,3600,4000,4000,4000,4000,4000,4000,4000,4000,4000,22,0,3500,3686.704131287777,2998.8738580141217,6410.516866017133,0.0
1790233487,12,,Aggregated,0.600000,0.000000,3600,4000,72000,72000,75000,75000,75000,75000,75000,75000,75000,66,0,3500,21776.13013219593,325.6976112125691,77633.6741480045,42.666666666666664
1790233488,12,POST,completion,0.200000,0.000000,75000,75000,75000,75000,75000,75000,75000,75000,75000,75000,75000,22,0,59000,61188.9176848027,45033.28213794157,77633.6741480045,128.0
1790233488,12,TPOT,completion,0.200000,0.000000,560,560,560,560,560,560,560,560,560,560,560,22,0,440,452.7685804973051,325.6976112125691,578.9321729378026,0.0
1790233488,12,TTFT,completion,0.200000,0.000000,3600,3600,4000,4000,4000,4000,4000,4000,4000,4000,4000,22,0,3500,3686.704131287777,2998.8738580141217,6410.516866017133,0.0
1790233488,12,,Aggregated,0.600000,0.000000,3600,4000,72000,72000,75000,75000,75000,75000,75000,75000,75000,66,0,3500,21776.13013219593,325.6976112125691,77633.6741480045,42.666666666666664
1790233489,12,POST,completion,0.200000,0.000000,75000,75000,75000,75000,75000,75000,75000,75000,75000,75000,75000,22,0,59000,61188.9176848027,45033.28213794157,77633.6741480045,128.0
1790233489,12,TPOT,completion,0.200000,0.000000,560,560,560,560,560,560,560,560,560,560,560,22,0,440,452.7685804973051,325.6976112125691,578.9321729378026,0.0
1790233489,12,TTFT,completion,0.200000,0.000000,3600,3600,4000,4000,4000,4000,4000,4000,4000,4000,4000,22,0,3500,3686.704131287777,2998.8738580141217,6410.516866017133,0.0
1790233489,12,,Aggregated,0.600000,0.000000,3600,4000,72000,75000,75000,75000,75000,75000,75000,75000,75000,66,0,3500,21776.13013219593,325.6976112125691,77633.6741480045,42.666666666666664
1790233490,12,POST,completion,0.200000,0.000000,75000,75000,75000,75000,75000,75000,75000,75000,75000,75000,75000,22,0,59000,61188.9176848027,45033.28213794157,77633.6741480045,128.0
1790233490,12,TPOT,completion,0.200000,0.000000,560,560,560,560,560,560,560,560,560,560,560,22,0,440,452.7685804973051,325.6976112125691,578.9321729378026,0.0
1790233490,12,TTFT,completion,0.200000,0.000000,3600,3600,4000,4000,4000,4000,4000,4000,4000,4000,4000,22,0,3500,3686.704131287777,2998.8738580141217,6410.516866017133,0.0
1790233490,12,,Aggregated,0.600000,0.000000,3600,4000,72000,75000,75000,75000,75000,75000,75000,75000,75000,66,0,3500,21776.13013219593,325.6976112125691,77633.6741480045,42.666666666666664
1790233491,12,POST,completion,0.200000,0.000000,75000,75000,75000,75000,75000,75000,75000,75000,75000,75000,75000,22,0,59000,61188.9176848027,45033.28213794157,77633.6741480045,128.0
1790233491,12,TPOT,completion,0.200000,0.000000,560,560,560,560,560,560,560,560,560,560,560,22,0,440,452.7685804973051,325.6976112125691,578.9321729378026,0.0
1790233491,12,TTFT,completion,0.200000,0.000000,3600,3600,4000,4000,4000,4000,4000,4000,4000,4000,4000,22,0,3500,3686.704131287777,2998.8738580141217,6410.516866017133,0.0
1790233491,12,,Aggregated,0.600000,0.000000,3600,4000,72000,75000,75000,75000,75000,75000,75000,75000,75000,66,0,3500,21776.13013219593,325.6976112125691,77633.6741480045,42.666666666666664
1790233492,12,POST,completion,0.200000,0.000000,75000,75000,75000,75000,75000,75000,75000,75000,75000,75000,75000,22,0,59000,61188.9176848027,45033.28213794157,77633.6741480045,128.0
1790233492,12,TPOT,completion,0.200000,0.000000,560,560,560,560,560,560,560,560,560,560,560,22,0,440,452.7685804973051,325.6976112125691,578.9321729378026,0.0
1790233492,12,TTFT,completion,0.200000,0.000000,3600,3600,3600,3600,3600,3600,3600,3600,3600,3600,3600,22,0,3500,3686.704131287777,2998.8738580141217,6410.516866017133,0.0
1790233492,12,,Aggregated,0.600000,0.000000,3600,3600,72000,72000,75000,75000,75000,75000,75000,75000,75000,66,0,3500,21776.13013219593,325.6976112125691,77633.6741480045,42.666666666666664
1790233493,12,POST,completion,0.200000,0.000000,75000,75000,75000,75000,75000,75000,75000,75000,75000,75000,75000,22,0,59000,61188.9176848027,45033.28213794157,77633.6741480045,128.0
1790233493,12,TPOT,completion,0.200000,0.000000,560,560,560,560,560,560,560,560,560,560,560,22,0,440,452.7685804973051,325.6976112125691,578.9321729378026,0.0
1790233493,12,TTFT,completion,0.200000,0.000000,3600,3600,3600,3600,3600,3600,3600,3600,3600,3600,3600,22,0,3500,3686.704131287777,2998.8738580141217,6410.516866017133,0.0
1790233493,12,,Aggregated,0.600000,0.000000,3600,3600,72000,72000,75000,75000,75000,75000,75000,75000,75000,66,0,3500,21776.13013219593,325.6976112125691,77633.6741480045,42.666666666666664
1790233494,12,POST,completion,0.200000,0.000000,75000,75000,75000,75000,75000,75000,75000,75000,75000,75000,75000,22,0,59000,61188.9176848027,45033.28213794157,77633.6741480045,128.0
1790233494,12,TPOT,completion,0.200000,0.000000,560,560,560,560,560,560,560,560,560,560,560,22,0,440,452.7685804973051,325.6976112125691,578.9321729378026,0.0
1790233494,12,TTFT,completion,0.200000,0.000000,3600,3600,3600,3600,3600,3600,3600,3600,3600,3600,3600,22,0,3500,3686.704131287777,2998.8738580141217,6410.516866017133,0.0
1790233494,12,,Aggregated,0.600000,0.000000,3600,3600,72000,72000,75000,75000,75000,75000,75000,75000,75000,66,0,3500,21776.13013219593,325.6976112125691,77633.6741480045,42.666666666666664
1790233495,12,POST,completion,0.200000,0.000000,72000,72000,72000,72000,72000,72000,72000,72000,72000,72000,72000,22,0,59000,61188.9176848027,45033.28213794157,77633.6741480045,128.0
1790233495,12,TPOT,completion,0.200000,0.000000,540,540,540,540,540,540,540,540,540,540,540,22,0,440,452.7685804973051,325.6976112125691,578.9321729378026,0.0
1790233495,12,TTFT,completion,0.200000,0.000000,3500,3500,3500,3500,3500,3500,3500,3500,3500,3500,3500,22,0,3500,3686.704131287777,2998.8738580141217,6410.516866017133,0.0
1790233495,12,,Aggregated,0.600000,0.000000,3500,3500,72000,72000,72000,72000,72000,72000,72000,72000,72000,66,0,3500,21776.13013219593,325.6976112125691,77633.6741480045,42.666666666666664
1790233496,12,POST,completion,0.200000,0.000000,72000,72000,72000,72000,72000,72000,72000,72000,72000,72000,72000,22,0,59000,61188.9176848027,45033.28213794157,77633.6741480045,128.0
1790233496,12,TPOT,completion,0.200000,0.000000,540,540,540,540,540,540,540,540,540,540,540,22,0,440,452.7685804973051,325.6976112125691,578.9321729378026,0.0
1790233496,12,TTFT,completion,0.200000,0.000000,3500,3500,3500,3500,3500,3500,3500,3500,3500,3500,3500,22,0,3500,3686.704131287777,2998.8738580141217,6410.516866017133,0.0
1790233496,12,,Aggregated,0.600000,0.000000,3500,3500,72000,72000,72000,72000,72000,72000,72000,72000,72000,66,0,3500,21776.13013219593,325.6976112125691,77633.6741480045,42.666666666666664
1790233497,12,POST,completion,0.200000,0.000000,72000,72000,72000,72000,72000,72000,72000,72000,72000,72000,72000,22,0,59000,61188.9176848027,45033.28213794157,77633.6741480045,128.0
1790233497,12,TPOT,completion,0.200000,0.000000,540,540,540,540,540,540,540,540,540,540,540,22,0,440,452.7685804973051,325.6976112125691,578.9321729378026,0.0
1790233497,12,TTFT,completion,0.200000,0.000000,3500,3500,3500,3500,3500,3500,3500,3500,3500,3500,3500,22,0,3500,3686.704131287777,2998.8738580141217,6410.516866017133,0.0
1790233497,12,,Aggregated,0.600000,0.000000,3500,3500,72000,72000,72000,72000,72000,72000,72000,72000,72000,66,0,3500,21776.13013219593,325.6976112125691,77633.6741480045,42.666666666666664
1790233498,12,POST,completion,0.200000,0.000000,72000,72000,72000,72000,72000,72000,72000,72000,72000,72000,72000,22,0,59000,61188.9176848027,45033.28213794157,77633.6741480045,128.0
1790233498,12,TPOT,completion,0.200000,0.000000,540,540,540,540,540,540,540,540,540,540,540,22,0,440,452.7685804973051,325.6976112125691,578.9321729378026,0.0
1790233498,12,TTFT,completion,0.200000,0.000000,3500,3500,3500,3500,3500,3500,3500,3500,3500,3500,3500,22,0,3500,3686.704131287777,2998.8738580141217,6410.516866017133,0.0
1790233498,12,,Aggregated,0.600000,0.000000,3500,3500,72000,72000,72000,72000,72000,72000,72000,72000,72000,66,0,3500,21776.13013219593,325.6976112125691,77633.6741480045,42.666666666666664
1790233499,12,POST,completion,0.100000,0.000000,72000,72000,72000,72000,72000,72000,72000,72000,72000,72000,72000,23,0,59000,61664.70920959609,45033.28213794157,77633.6741480045,128.0
1790233499,12,TPOT,completion,0.100000,0.000000,540,540,540,540,540,540,540,540,540,540,540,23,0,440,456.60199639046266,325.6976112125691,578.9321729378026,0.0
1790233499,12,TTFT,completion,0.100000,0.000000,3500,3500,3500,3500,3500,3500,3500,3500,3500,3500,3500,23,0,3500,3675.6529551424574,2998.8738580141217,6410.516866017133,0.0
1790233499,12,,Aggregated,0.300000,0.000000,3500,3500,72000,72000,72000,72000,72000,72000,72000,72000,72000,69,0,3500,21932.321387043005,325.6976112125691,77633.6741480045,42.666666666666664
1790233500,12,POST,completion,0.100000,0.000000,72000,72000,72000,72000,72000,72000,72000,72000,72000,72000,72000,23,0,59000,61664.70920959609,45033.28213794157,77633.6741480045,128.0
1790233500,12,TPOT,completion,0.100000,0.000000,540,540,540,540,540,540,540,540,540,540,540,23,0,440,456.60199639046266,325.6976112125691,578.9321729378026,0.0
1790233500,12,TTFT,completion,0.100000,0.000000,3500,3500,3500,3500,3500,3500,3500,3500,3500,3500,3500,23,0,3500,3675.6529551424574,2998.8738580141217,6410.516866017133,0.0
1790233500,12,,Aggregated,0.300000,0.000000,3500,3500,72000,72000,72000,72000,72000,72000,72000,72000,72000,69,0,3500,21932.321387043005,325.6976112125691,77633.6741480045,42.666666666666664
1790233501,12,POST,completion,0.100000,0.000000,72000,72000,72000,72000,72000,72000,72000,72000,72000,72000,72000,23,0,59000,61664.70920959609,45033.28213794157,77633.6741480045,128.0
1790233501,12,TPOT,completion,0.100000,0.000000,540,540,540,540,540,540,540,540,540,540,540,23,0,440,456.60199639046266,325.6976112125691,578.9321729378026,0.0
1790233501,12,TTFT,completion,0.100000,0.000000,3500,3500,3500,3500,3500,3500,3500,3500,3500,3500,3500,23,0,3500,3675.6529551424574,2998.8738580141217,6410.516866017133,0.0
1790233501,12,,Aggregated,0.300000,0.000000,3500,3500,72000,72000,72000,72000,72000,72000,72000,72000,72000,69,0,3500,21932.321387043005,325.6976112125691,77633.6741480045,42.666666666666664
1790233502,12,POST,completion,0.100000,0.000000,72000,72000,72000,72000,72000,72000,72000,72000,72000,72000,72000,23,0,59000,61664.70920959609,45033.28213794157,77633.6741480045,128.0
1790233502,12,TPOT,completion,0.100000,0.000000,540,540,540,540,540,540,540,540,540,540,540,23,0,440,456.60199639046266,325.6976112125691,578.9321729378026,0.0
1790233502,12,TTFT,completion,0.100000,0.000000,3400,3400,3400,3400,3400,3400,3400,3400,3400,3400,3400,23,0,3500,3675.6529551424574,2998.8738580141217,6410.516866017133,0.0
1790233502,12,,Aggregated,0.300000,0.000000,3400,3400,72000,72000,72000,72000,72000,72000,72000,72000,72000,69,0,3500,21932.321387043005,325.6976112125691,77633.6741480045,42.666666666666664
1790233503,12,POST,completion,0.100000,0.000000,72000,72000,72000,72000,72000,72000,72000,72000,72000,72000,72000,23,0,59000,61664.70920959609,45033.28213794157,77633.6741480045,128.0
1790233503,12,TPOT,completion,0.100000,0.000000,540,540,540,540,540,540,540,540,540,540,540,23,0,440,456.60199639046266,325.6976112125691,578.9321729378026,0.0
1790233503,12,TTFT,completion,0.100000,0.000000,3400,3400,3400,3400,3400,3400,3400,3400,3400,3400,3400,23,0,3500,3675.6529551424574,2998.8738580141217,6410.516866017133,0.0
1790233503,12,,Aggregated,0.300000,0.000000,3400,3400,72000,72000,72000,72000,72000,72000,72000,72000,72000,69,0,3500,21932.321387043005,325.6976112125691,77633.6741480045,42.666666666666664
1790233504,12,POST,completion,0.100000,0.000000,72000,72000,72000,72000,72000,72000,72000,72000,72000,72000,72000,23,0,59000,61664.70920959609,45033.28213794157,77633.6741480045,128.0
1790233504,12,TPOT,completion,0.100000,0.000000,540,540,540,540,540,540,540,540,540,540,540,23,0,440,456.60199639046266,325.6976112125691,578.9321729378026,0.0
1790233504,12,TTFT,completion,0.100000,0.000000,3400,3400,3400,3400,3400,3400,3400,3400,3400,3400,3400,23,0,3500,3675.6529551424574,2998.8738580141217,6410.516866017133,0.0
1790233504,12,,Aggregated,0.300000,0.000000,3400,3400,72000,72000,72000,72000,72000,72000,72000,72000,72000,69,0,3500,21932.321387043005,325.6976112125691,77633.6741480045,42.666666666666664
1790233505,12,POST,completion,0.100000,0.000000,72000,72000,72000,72000,72000,72000,72000,72000,72000,72000,72000,23,0,59000,61664.70920959609,45033.28213794157,77633.6741480045,128.0
1790233505,12,TPOT,completion,0.100000,0.000000,540,540,540,540,540,540,540,540,540,540,540,23,0,440,456.60199639046266,325.6976112125691,578.9321729378026,0.0
1790233505,12,TTFT,completion,0.100000,0.000000,3400,3400,3400,3400,3400,3400,3400,3400,3400,3400,3400,23,0,3500,3675.6529551424574,2998.8738580141217,6410.516866017133,0.0
1790233505,12,,Aggregated,0.300000,0.000000,3400,3400,72000,72000,72000,72000,72000,72000,72000,72000,72000,69,0,3500,21932.321387043005,325.6976112125691,77633.6741480045,42.666666666666664
1790233506,12,POST,completion,0.100000,0.000000,72000,72000,72000,72000,72000,72000,72000,72000,72000,72000,72000,23,0,59000,61664.70920959609,45033.28213794157,77633.6741480045,128.0
1790233506,12,TPOT,completion,0.100000,0.000000,540,540,540,540,540,540,540,540,540,540,540,23,0,440,456.60199639046266,325.6976112125691,578.9321729378026,0.0
1790233506,12,TTFT,completion,0.100000,0.000000,3400,3400,3400,3400,3400,3400,3400,3400,3400,3400,3400,23,0,3500,3675.6529551424574,2998.8738580141217,6410.516866017133,0.0
1790233506,12,,Aggregated,0.300000,0.000000,3400,3400,72000,72000,72000,72000,72000,72000,72000,72000,72000,69,0,3500,21932.321387043005,325.6976112125691,77633.6741480045,42.666666666666664
1790233507,12,POST,completion,0.100000,0.000000,72000,72000,72000,72000,72000,72000,72000,72000,72000,72000,72000,23,0,59000,61664.70920959609,45033.28213794157,77633.6741480045,128.0
1790233507,12,TPOT,completion,0.100000,0.000000,540,540,540,540,540,540,540,540,540,540,540,23,0,440,456.60199639046266,325.6976112125691,578.9321729378026,0.0
1790233507,12,TTFT,completion,0.100000,0.000000,3400,3400,3400,3400,3400,3400,3400,3400,3400,3400,3400,23,0,3500,3675.6529551424574,2998.8738580141217,6410.516866017133,0.0
1790233507,12,,Aggregated,0.300000,0.000000,3400,3400,72000,72000,72000,72000,72000,72000,72000,72000,72000,69,0,3500,21932.321387043005,325.6976112125691,77633.6741480045,42.666666666666664
1790233508,12,POST,completion,0.100000,0.000000,72000,72000,72000,72000,72000,72000,72000,72000,72000,72000,72000,23,0,59000,61664.70920959609,45033.28213794157,77633.6741480045,128.0
1790233508,12,TPOT,completion,0.100000,0.000000,540,540,540,540,540,540,540,540,540,540,540,23,0,440,456.60199639046266,325.6976112125691,578.9321729378026,0.0
1790233508,12,TTFT,completion,0.100000,0.000000,3400,3400,3400,3400,3400,3400,3400,3400,3400,3400,3400,23,0,3500,3675.6529551424574,2998.8738580141217,6410.516866017133,0.0
1790233508,12,,Aggregated,0.300000,0.000000,3400,3400,72000,72000,72000,72000,72000,72000,72000,72000,72000,69,0,3500,21932.321387043005,325.6976112125691,77633.6741480045,42.666666666666664
1790233509,12,POST,completion,0.100000,0.000000,86000,86000,86000,86000,86000,86000,86000,86000,86000,86000,86000,24,0,60000,62698.608671780676,45033.28213794157,86478.29630202614,128.0
1790233509,12,TPOT,completion,0.100000,0.000000,650,650,650,650,650,650,650,650,650,650,650,24,0,450,464.80411212121953,325.6976112125691,653.4527739286276,0.0
1790233509,12,TTFT,completion,0.100000,0.000000,3500,3500,3500,3500,3500,3500,3500,3500,3500,3500,3500,24,0,3500,3667.883544762541,2998.8738580141217,6410.516866017133,0.0
1790233509,12,,Aggregated,0.300000,0.000000,3500,3500,72000,72000,86000,86000,86000,86000,86000,86000,86000,72,0,3500,22277.09877622148,325.6976112125691,86478.29630202614,42.666666666666664
1790233510,12,POST,completion,0.100000,0.000000,86000,86000,86000,86000,86000,86000,86000,86000,86000,86000,86000,24,0,60000,62698.608671780676,45033.28213794157,86478.29630202614,128.0
1790233510,12,TPOT,completion,0.100000,0.000000,650,650,650,650,650,650,650,650,650,650,650,24,0,450,464.80411212121953,325.6976112125691,653.4527739286276,0.0
1790233510,12,TTFT,completion,0.100000,0.000000,3500,3500,3500,3500,3500,3500,3500,3500,3500,3500,3500,24,0,3500,3667.883544762541,2998.8738580141217,6410.516866017133,0.0
1790233510,12,,Aggregated,0.300000,0.000000,3500,3500,72000,72000,86000,86000,86000,86000,86000,86000,86000,72,0,3500,22277.09877622148,325.6976112125691,86478.29630202614,42.666666666666664
1790233511,12,POST,completion,0.100000,0.000000,86000,86000,86000,86000,86000,86000,86000,86000,86000,86000,86000,24,0,60000,62698.608671780676,45033.28213794157,86478.29630202614,128.0
1790233511,12,TPOT,completion,0.100000,0.000000,650,650,650,650,650,650,650,650,650,650,650,24,0,450,464.80411212121953,325.6976112125691,653.4527739286276,0.0
1790233511,12,TTFT,completion,0.100000,0.000000,3500,3500,3500,3500,3500,3500,3500,3500,3500,3500,3500,24,0,3500,3667.883544762541,2998.8738580141217,6410.516866017133,0.0
1790233511,12,,Aggregated,0.300000,0.000000,3500,3500,72000,72000,86000,86000,86000,86000,86000,86000,86000,72,0,3500,22277.09877622148,325.6976112125691,86478.29630202614,42.666666666666664
1790233512,12,POST,completion,0.100000,0.000000,86000,86000,86000,86000,86000,86000,86000,86000,86000,86000,86000,24,0,60000,62698.608671780676,45033.28213794157,86478.29630202614,128.0
1790233512,12,TPOT,completion,0.100000,0.000000,650,650,650,650,650,650,650,650,650,650,650,24,0,450,464.80411212121953,325.6976112125691,653.4527739286276,0.0
1790233512,12,TTFT,completion,0.100000,0.000000,3500,3500,3500,3500,3500,3500,3500,3500,3500,3500,3500,24,0,3500,3667.883544762541,2998.8738580141217,6410.516866017133,0.0
1790233512,12,,Aggregated,0.300000,0.000000,3500,3500,72000,72000,86000,86000,86000,86000,86000,86000,86000,72,0,3500,22277.09877622148,325.6976112125691,86478.29630202614,42.666666666666664
1790233513,12,POST,completion,0.100000,0.000000,86000,86000,86000,86000,86000,86000,86000,86000,86000,86000,86000,24,0,60000,62698.608671780676,45033.28213794157,86478.29630202614,128.0
1790233513,12,TPOT,completion,0.100000,0.000000,650,650,650,650,650,650,650,650,650,650,650,24,0,450,464.80411212121953,325.6976112125691,653.4527739286276,0.0
1790233513,12,TTFT,completion,0.100000,0.000000,3500,3500,3500,3500,3500,3500,3500,3500,3500,3500,3500,24,0,3500,3667.883544762541,2998.8738580141217,6410.516866017133,0.0
1790233513,12,,Aggregated,0.300000,0.000000,3500,3500,86000,86000,86000,86000,86000,86000,86000,86000,86000,72,0,3500,22277.09877622148,325.6976112125691,86478.29630202614,42.666666666666664
1790233514,12,POST,completion,0.100000,0.000000,86000,86000,86000,86000,86000,86000,86000,86000,86000,86000,86000,24,0,60000,62698.608671780676,45033.28213794157,86478.29630202614,128.0
1790233514,12,TPOT,completion,0.100000,0.000000,650,650,650,650,650,650,650,650,650,650,650,24,0,450,464.80411212121953,325.6976112125691,653.4527739286276,0.0
1790233514,12,TTFT,completion,0.100000,0.000000,3500,3500,3500,3500,3500,3500,3500,3500,3500,3500,3500,24,0,3500,3667.883544762541,2998.8738580141217,6410.516866017133,0.0
1790233514,12,,Aggregated,0.300000,0.000000,3500,3500,86000,86000,86000,86000,86000,86000,86000,86000,86000,72,0,3500,22277.09877622148,325.6976112125691,86478.29630202614,42.666666666666664
1790233515,12,POST,completion,0.100000,0.000000,86000,86000,86000,86000,86000,86000,86000,86000,86000,86000,86000,25,0,60000,62604.32812090963,45033.28213794157,86478.29630202614,128.0
1790233515,12,TPOT,completion,0.100000,0.000000,650,650,650,650,650,650,650,650,650,650,650,25,0,440,463.98096283729086,325.6976112125691,653.4527739286276,0.0
1790233515,12,TTFT,completion,0.100000,0.000000,3900,3900,3900,3900,3900,3900,3900,3900,3900,3900,3900,25,0,3500,3678.1428057700396,2998.8738580141217,6410.516866017133,0.0
1790233515,12,,Aggregated,0.300000,0.000000,3900,3900,60000,60000,86000,86000,86000,86000,86000,86000,86000,75,0,3500,22248.817296505655,325.6976112125691,86478.29630202614,42.666666666666664
1790233516,12,POST,completion,0.100000,0.000000,86000,86000,86000,86000,86000,86000,86000,86000,86000,86000,86000,25,0,60000,62604.32812090963,45033.28213794157,86478.29630202614,128.0
1790233516,12,TPOT,completion,0.100000,0.000000,650,650,650,650,650,650,650,650,650,650,650,25,0,440,463.98096283729086,325.6976112125691,653.4527739286276,0.0
1790233516,12,TTFT,completion,0.100000,0.000000,3900,3900,3900,3900,3900,3900,3900,3900,3900,3900,3900,25,0,3500,3678.1428057700396,2998.8738580141217,6410.516866017133,0.0
1790233516,12,,Aggregated,0.300000,0.000000,3900,3900,60000,60000,86000,86000,86000,86000,86000,86000,86000,75,0,3500,22248.817296505655,325.6976112125691,86478.29630202614,42.666666666666664
1790233517,12,POST,completion,0.100000,0.000000,86000,86000,86000,86000,86000,86000,86000,86000,86000,86000,86000,25,0,60000,62604.32812090963,45033.28213794157,86478.29630202614,128.0
1790233517,12,TPOT,completion,0.100000,0.000000,650,650,650,650,650,650,650,650,650,650,650,25,0,440,463.98096283729086,325.6976112125691,653.4527739286276,0.0
1790233517,12,TTFT,completion,0.100000,0.000000,3900,3900,3900,3900,3900,3900,3900,3900,3900,3900,3900,25,0,3500,3678.1428057700396,2998.8738580141217,6410.516866017133,0.0
1790233517,12,,Aggregated,0.300000,0.000000,3900,3900,60000,60000,86000,86000,86000,86000,86000,86000,86000,75,0,3500,22248.817296505655,325.6976112125691,86478.29630202614,42.666666666666664
1790233518,12,POST,completion,0.100000,0.000000,86000,86000,86000,86000,86000,86000,86000,86000,86000,86000,86000,25,0,60000,62604.32812090963,45033.28213794157,86478.29630202614,128.0
1790233518,12,TPOT,completion,0.100000,0.000000,650,650,650,650,650,650,650,650,650,650,650,25,0,440,463.98096283729086,325.6976112125691,653.4527739286276,0.0
1790233518,12,TTFT,completion,0.100000,0.000000,3900,3900,3900,3900,3900,3900,3900,3900,3900,3900,3900,25,0,3500,3678.1428057700396,2998.8738580141217,6410.516866017133,0.0
1790233518,12,,Aggregated,0.300000,0.000000,3900,3900,60000,60000,86000,86000,86000,86000,86000,86000,86000,75,0,3500,22248.817296505655,325.6976112125691,86478.29630202614,42.666666666666664
1790233519,12,POST,completion,0.100000,0.000000,86000,86000,86000,86000,86000,86000,86000,86000,86000,86000,86000,25,0,60000,62604.32812090963,45033.28213794157,86478.29630202614,128.0
1790233519,12,TPOT,completion,0.100000,0.000000,650,650,650,650,650,650,650,650,650,650,650,25,0,440,463.98096283729086,325.6976112125691,653.4527739286276,0.0
1790233519,12,TTFT,completion,0.100000,0.000000,3900,3900,3900,3900,3900,3900,3900,3900,3900,3900,3900,25,0,3500,3678.1428057700396,2998.8738580141217,6410.516866017133,0.0
1790233519,12,,Aggregated,0.300000,0.000000,3900,3900,60000,60000,86000,86000,86000,86000,86000,86000,86000,75,0,3500,22248.817296505655,325.6976112125691,86478.29630202614,42.666666666666664
1790233520,12,POST,completion,0.200000,0.000000,60000,60000,86000,86000,86000,86000,86000,86000,86000,86000,86000,26,0,60000,62205.75889076393,45033.28213794157,86478.29630202614,128.0
1790233520,12,TPOT,completion,0.200000,0.000000,440,440,650,650,650,650,650,650,650,650,650,26,0,440,460.7500407372633,325.6976112125691,653.4527739286276,0.0
1790233520,12,TTFT,completion,0.200000,0.000000,3900,3900,4000,4000,4000,4000,4000,4000,4000,4000,4000,26,0,3500,3689.898908433791,2998.8738580141217,6410.516866017133,0.0
1790233520,12,,Aggregated,0.600000,0.000000,3900,4000,52000,60000,86000,86000,86000,86000,86000,86000,86000,78,0,3500,22118.802613311662,325.6976112125691,86478.29630202614,42.666666666666664
1790233521,12,POST,completion,0.200000,0.000000,60000,60000,86000,86000,86000,86000,86000,86000,86000,86000,86000,26,0,60000,62205.75889076393,45033.28213794157,86478.29630202614,128.0
1790233521,12,TPOT,completion,0.200000,0.000000,440,440,650,650,650,650,650,650,650,650,650,26,0,440,460.7500407372633,325.6976112125691,653.4527739286276,0.0
1790233521,12,TTFT,completion,0.200000,0.000000,3900,3900,4000,4000,4000,4000,4000,4000,4000,4000,4000,26,0,3500,3689.898908433791,2998.8738580141217,6410.516866017133,0.0
1790233521,12,,Aggregated,0.600000,0.000000,3900,4000,52000,60000,86000,86000,86000,86000,86000,86000,86000,78,0,3500,22118.802613311662,325.6976112125691,86478.29630202614,42.666666666666664
1790233522,12,POST,completion,0.200000,0.000000,60000,60000,60000,60000,60000,60000,60000,60000,60000,60000,60000,26,0,60000,62205.75889076393,45033.28213794157,86478.29630202614,128.0
1790233522,12,TPOT,completion,0.200000,0.000000,440,440,440,440,440,440,440,440,440,440,440,26,0,440,460.7500407372633,325.6976112125691,653.4527739286276,0.0
1790233522,12,TTFT,completion,0.200000,0.000000,4000,4000,4000,4000,4000,4000,4000,4000,4000,4000,4000,26,0,3500,3689.898908433791,2998.8738580141217,6410.516866017133,0.0
1790233522,12,,Aggregated,0.600000,0.000000,4000,4000,52000,52000,60000,60000,60000,60000,60000,60000,60000,78,0,3500,22118.802613311662,325.6976112125691,86478.29630202614,42.666666666666664
1790233523,12,POST,completion,0.200000,0.000000,60000,60000,60000,60000,60000,60000,60000,60000,60000,60000,60000,26,0,60000,62205.75889076393,45033.28213794157,86478.29630202614,128.0
1790233523,12,TPOT,completion,0.200000,0.000000,440,440,440,440,440,440,440,440,440,440,440,26,0,440,460.7500407372633,325.6976112125691,653.4527739286276,0.0
1790233523,12,TTFT,completion,0.200000,0.000000,4000,4000,4000,4000,4000,4000,4000,4000,4000,4000,4000,26,0,3500,3689.898908433791,2998.8738580141217,6410.516866017133,0.0
1790233523,12,,Aggregated,0.600000,0.000000,4000,4000,52000,52000,60000,60000,60000,60000,60000,60000,60000,78,0,3500,22118.802613311662,325.6976112125691,86478.29630202614,42.666666666666664
1790233524,12,POST,completion,0.200000,0.000000,52000,52000,60000,60000,60000,60000,60000,60000,60000,60000,60000,27,0,59000,61792.222368211864,45033.28213794157,86478.29630202614,128.0
1790233524,12,TPOT,completion,0.200000,0.000000,380,380,440,440,440,440,440,440,440,440,440,27,0,440,457.5455418347766,325.6976112125691,653.4527739286276,0.0
1790233524,12,TTFT,completion,0.200000,0.000000,3900,3900,4000,4000,4000,4000,4000,4000,4000,4000,4000,27,0,3500,3683.333986973459,2998.8738580141217,6410.516866017133,0.0
1790233524,12,,Aggregated,0.600000,0.000000,3900,4000,51000,52000,60000,60000,60000,60000,60000,60000,60000,81,0,3500,21977.700632340035,325.6976112125691,86478.29630202614,42.666666666666664
1790233525,12,POST,completion,0.200000,0.000000,52000,52000,60000,60000,60000,60000,60000,60000,60000,60000,60000,27,0,59000,61792.222368211864,45033.28213794157,86478.29630202614,128.0
1790233525,12,TPOT,completion,0.200000,0.000000,380,380,440,440,440,440,440,440,440,440,440,27,0,440,457.5455418347766,325.6976112125691,653.4527739286276,0.0
1790233525,12,TTFT,completion,0.200000,0.000000,3900,3900,4000,4000,4000,4000,4000,4000,4000,4000,4000,27,0,3500,3683.333986973459,2998.8738580141217,6410.516866017133,0.0
1790233525,12,,Aggregated,0.600000,0.000000,3900,4000,51000,52000,60000,60000,60000,60000,60000,60000,60000,81,0,3500,21977.700632340035,325.6976112125691,86478.29630202614,42.666666666666664
1790233526,12,POST,completion,0.200000,0.000000,52000,52000,60000,60000,60000,60000,60000,60000,60000,60000,60000,28,0,59000,61232.35549892498,45033.28213794157,86478.29630202614,128.0
1790233526,12,TPOT,completion,0.200000,0.000000,380,380,440,440,440,440,440,440,440,440,440,28,0,440,453.13867214578437,325.6976112125691,653.4527739286276,0.0
1790233526,12,TTFT,completion,0.200000,0.000000,3900,3900,4000,4000,4000,4000,4000,4000,4000,4000,4000,28,0,3500,3683.140009658278,2998.8738580141217,6410.516866017133,0.0
1790233526,12,,Aggregated,0.600000,0.000000,3900,4000,51000,51000,52000,60000,60000,60000,60000,60000,60000,84,0,3500,21789.544726909684,325.6976112125691,86478.29630202614,42.666666666666664
1790233527,12,POST,completion,0.200000,0.000000,51000,51000,52000,52000,52000,52000,52000,52000,52000,52000,52000,28,0,59000,61232.35549892498,45033.28213794157,86478.29630202614,128.0
1790233527,12,TPOT,completion,0.200000,0.000000,370,370,380,380,380,380,380,380,380,380,380,28,0,440,453.13867214578437,325.6976112125691,653.4527739286276,0.0
1790233527,12,TTFT,completion,0.200000,0.000000,3700,3700,4000,4000,4000,4000,4000,4000,4000,4000,4000,28,0,3500,3683.140009658278,2998.8738580141217,6410.516866017133,0.0
1790233527,12,,Aggregated,0.600000,0.000000,3700,4000,46000,51000,52000,52000,52000,52000,52000,52000,52000,84,0,3500,21789.544726909684,325.6976112125691,86478.29630202614,42.666666666666664
1790233528,12,POST,completion,0.200000,0.000000,51000,51000,52000,52000,52000,52000,52000,52000,52000,52000,52000,28,0,59000,61232.35549892498,45033.28213794157,86478.29630202614,128.0
1790233528,12,TPOT,completion,0.200000,0.000000,370,370,380,380,380,380,380,380,380,380,380,28,0,440,453.13867214578437,325.6976112125691,653.4527739286276,0.0
1790233528,12,TTFT,completion,0.200000,0.000000,3700,3700,4000,4000,4000,4000,4000,4000,4000,4000,4000,28,0,3500,3683.140009658278,2998.8738580141217,6410.516866017133,0.0
1790233528,12,,Aggregated,0.600000,0.000000,3700,4000,46000,51000,52000,52000,52000,52000,52000,52000,52000,84,0,3500,21789.544726909684,325.6976112125691,86478.29630202614,42.666666666666664
1790233529,12,POST,completion,0.200000,0.000000,51000,51000,52000,52000,52000,52000,52000,52000,52000,52000,52000,28,0,59000,61232.35549892498,45033.28213794157,86478.29630202614,128.0
1790233529,12,TPOT,completion,0.200000,0.000000,370,370,380,380,380,380,380,380,380,380,380,28,0,440,453.13867214578437,325.6976112125691,653.4527739286276,0.0
1790233529,12,TTFT,completion,0.200000,0.000000,3700,3700,4000,4000,4000,4000,4000,4000,4000,4000,4000,28,0,3500,3683.140009658278,2998.8738580141217,6410.516866017133,0.0
1790233529,12,,Aggregated,0.600000,0.000000,3700,4000,46000,51000,52000,52000,52000,52000,52000,52000,52000,84,0,3500,21789.544726909684,325.6976112125691,86478.29630202614,42.666666666666664
1790233530,12,POST,completion,0.200000,0.000000,51000,51000,52000,52000,52000,52000,52000,52000,52000,52000,52000,28,0,59000,61232.35549892498,45033.28213794157,86478.29630202614,128.0
1790233530,12,TPOT,completion,0.200000,0.000000,370,370,380,380,380,380,380,380,380,380,380,28,0,440,453.13867214578437,325.6976112125691,653.4527739286276,0.0
1790233530,12,TTFT,completion,0.200000,0.000000,3700,3700,4000,4000,4000,4000,4000,4000,4000,4000,4000,28,0,3500,3683.140009658278,2998.8738580141217,6410.516866017133,0.0
1790233530,12,,Aggregated,0.600000,0.000000,3700,4000,46000,51000,52000,52000,52000,52000,52000,52000,52000,84,0,3500,21789.544726909684,325.6976112125691,86478.29630202614,42.666666666666664
1790233531,12,POST,completion,0.300000,0.000000,51000,51000,52000,52000,52000,52000,52000,52000,52000,52000,52000,29,0,59000,60651.41336051426,44385.03348501399,86478.29630202614,128.0
1790233531,12,TPOT,completion,0.300000,0.000000,370,370,380,380,380,380,380,380,380,380,380,29,0,440,448.6869555697484,324.03889144074145,653.4527739286276,0.0
1790233531,12,TTFT,completion,0.300000,0.000000,3700,3700,4000,4000,4000,4000,4000,4000,4000,4000,4000,29,0,3500,3667.5645532969643,2998.8738580141217,6410.516866017133,0.0
1790233531,12,,Aggregated,0.900000,0.000000,3700,4000,46000,46000,51000,52000,52000,52000,52000,52000,52000,87,0,3500,21589.221623126992,324.03889144074145,86478.29630202614,42.666666666666664
1790233532,12,POST,completion,0.300000,0.000000,46000,46000,51000,51000,51000,51000,51000,51000,51000,51000,51000,29,0,59000,60651.41336051426,44385.03348501399,86478.29630202614,128.0
1790233532,12,TPOT,completion,0.300000,0.000000,330,330,370,370,370,370,370,370,370,370,370,29,0,440,448.6869555697484,324.03889144074145,653.4527739286276,0.0
1790233532,12,TTFT,completion,0.300000,0.000000,3500,3500,3700,3700,3700,3700,3700,3700,3700,3700,3700,29,0,3500,3667.5645532969643,2998.8738580141217,6410.516866017133,0.0
1790233532,12,,Aggregated,0.900000,0.000000,3500,3700,44000,46000,51000,51000,51000,51000,51000,51000,51000,87,0,3500,21589.221623126992,324.03889144074145,86478.29630202614,42.666666666666664
1790233533,12,POST,completion,0.300000,0.000000,46000,46000,51000,51000,51000,51000,51000,51000,51000,51000,51000,29,0,59000,60651.41336051426,44385.03348501399,86478.29630202614,128.0
1790233533,12,TPOT,completion,0.300000,0.000000,330,330,370,370,370,370,370,370,370,370,370,29,0,440,448.6869555697484,324.03889144074145,653.4527739286276,0.0
1790233533,12,TTFT,completion,0.300000,0.000000,3500,3500,3700,3700,3700,3700,3700,3700,3700,3700,3700,29,0,3500,3667.5645532969643,2998.8738580141217,6410.516866017133,0.0
1790233533,12,,Aggregated,0.900000,0.000000,3500,3700,44000,46000,51000,51000,51000,51000,51000,51000,51000,87,0,3500,21589.221623126992,324.03889144074145,86478.29630202614,42.666666666666664
1790233534,12,POST,completion,0.300000,0.000000,46000,46000,51000,51000,51000,51000,51000,51000,51000,51000,51000,29,0,59000,60651.41336051426,44385.03348501399,86478.29630202614,128.0
1790233534,12,TPOT,completion,0.300000,0.000000,330,330,370,370,370,370,370,370,370,370,370,29,0,440,448.6869555697484,324.03889144074145,653.4527739286276,0.0
1790233534,12,TTFT,completion,0.300000,0.000000,3500,3500,3700,3700,3700,3700,3700,3700,3700,3700,3700,29,0,3500,3667.5645532969643,2998.8738580141217,6410.516866017133,0.0
1790233534,12,,Aggregated,0.900000,0.000000,3500,3700,44000,46000,51000,51000,51000,51000,51000,51000,51000,87,0,3500,21589.221623126992,324.03889144074145,86478.29630202614,42.666666666666664
1790233535,12,POST,completion,0.300000,0.000000,46000,46000,46000,46000,46000,46000,46000,46000,46000,46000,46000,29,0,59000,60651.41336051426,44385.03348501399,86478.29630202614,128.0
1790233535,12,TPOT,completion,0.300000,0.000000,330,330,330,330,330,330,330,330,330,330,330,29,0,440,448.6869555697484,324.03889144074145,653.4527739286276,0.0
1790233535,12,TTFT,completion,0.300000,0.000000,3700,3700,3700,3700,3700,3700,3700,3700,3700,3700,3700,29,0,3500,3667.5645532969643,2998.8738580141217,6410.516866017133,0.0
1790233535,12,,Aggregated,0.900000,0.000000,3700,3700,44000,44000,46000,46000,46000,46000,46000,46000,46000,87,0,3500,21589.221623126992,324.03889144074145,86478.29630202614,42.666666666666664
1790233536,12,POST,completion,0.300000,0.000000,46000,46000,46000,46000,46000,46000,46000,46000,46000,46000,46000,29,0,59000,60651.41336051426,44385.03348501399,86478.29630202614,128.0
1790233536,12,TPOT,completion,0.300000,0.000000,330,330,330,330,330,330,330,330,330,330,330,29,0,440,448.6869555697484,324.03889144074145,653.4527739286276,0.0
1790233536,12,TTFT,completion,0.300000,0.000000,3700,3700,3700,3700,3700,3700,3700,3700,3700,3700,3700,29,0,3500,3667.5645532969643,2998.8738580141217,6410.516866017133,0.0
1790233536,12,,Aggregated,0.900000,0.000000,3700,3700,44000,44000,46000,46000,46000,46000,46000,46000,46000,87,0,3500,21589.221623126992,324.03889144074145,86478.29630202614,42.666666666666664
1790233537,12,POST,completion,0.300000,0.000000,46000,46000,46000,46000,46000,46000,46000,46000,46000,46000,46000,29,0,59000,60651.41336051426,44385.03348501399,86478.29630202614,128.0
1790233537,12,TPOT,completion,0.300000,0.000000,330,330,330,330,330,330,330,330,330,330,330,29,0,440,448.6869555697484,324.03889144074145,653.4527739286276,0.0
1790233537,12,TTFT,completion,0.300000,0.000000,3700,3700,3700,3700,3700,3700,3700,3700,3700,3700,3700,29,0,3500,3667.5645532969643,2998.8738580141217,6410.516866017133,0.0
1790233537,12,,Aggregated,0.900000,0.000000,3700,3700,44000,44000,46000,46000,46000,46000,46000,46000,46000,87,0,3500,21589.221623126992,324.03889144074145,86478.29630202614,42.666666666666664
1790233538,12,POST,completion,0.200000,0.000000,87000,87000,87000,87000,87000,87000,87000,87000,87000,87000,87000,30,0,59000,61532.14804789362,44385.03348501399,87073.453981895,128.0
1790233538,12,TPOT,completion,0.200000,0.000000,660,660,660,660,660,660,660,660,660,660,660,30,0,440,455.6438908005974,324.03889144074145,657.3950124952179,0.0
1790233538,12,TTFT,completion,0.200000,0.000000,3600,3600,3600,3600,3600,3600,3600,3600,3600,3600,3600,30,0,3500,3664.7692268869528,2998.8738580141217,6410.516866017133,0.0
1790233538,12,,Aggregated,0.600000,0.000000,3600,3600,44000,44000,87000,87000,87000,87000,87000,87000,87000,90,0,3500,21884.187055193725,324.03889144074145,87073.453981895,42.666666666666664
1790233539,12,POST,completion,0.200000,0.000000,87000,87000,87000,87000,87000,87000,87000,87000,87000,87000,87000,30,0,59000,61532.14804789362,44385.03348501399,87073.453981895,128.0
1790233539,12,TPOT,completion,0.200000,0.000000,660,660,660,660,660,660,660,660,660,660,660,30,0,440,455.6438908005974,324.03889144074145,657.3950124952179,0.0
1790233539,12,TTFT,completion,0.200000,0.000000,3600,3600,3600,3600,3600,3600,3600,3600,3600,3600,3600,30,0,3500,3664.7692268869528,2998.8738580141217,6410.516866017133,0.0
1790233539,12,,Aggregated,0.600000,0.000000,3600,3600,44000,44000,87000,87000,87000,87000,87000,87000,87000,90,0,3500,21884.187055193725,324.03889144074145,87073.453981895,42.666666666666664
1790233540,12,POST,completion,0.200000,0.000000,87000,87000,87000,87000,87000,87000,87000,87000,87000,87000,87000,30,0,59000,61532.14804789362,44385.03348501399,87073.453981895,128.0
1790233540,12,TPOT,completion,0.200000,0.000000,660,660,660,660,660,660,660,660,660,660,660,30,0,440,455.6438908005974,324.03889144074145,657.3950124952179,0.0
1790233540,12,TTFT,completion,0.200000,0.000000,3600,3600,3600,3600,3600,3600,3600,3600,3600,3600,3600,30,0,3500,3664.7692268869528,2998.8738580141217,6410.516866017133,0.0
1790233540,12,,Aggregated,0.600000,0.000000,3600,3600,44000,44000,87000,87000,87000,87000,87000,87000,87000,90,0,3500,21884.187055193725,324.03889144074145,87073.453981895,42.666666666666664
1790233541,12,POST,completion,0.200000,0.000000,87000,87000,87000,87000,87000,87000,87000,87000,87000,87000,87000,30,0,59000,61532.14804789362,44385.03348501399,87073.453981895,128.0
1790233541,12,TPOT,completion,0.200000,0.000000,660,660,660,660,660,660,660,660,660,660,660,30,0,440,455.6438908005974,324.03889144074145,657.3950124952179,0.0
1790233541,12,TTFT,completion,0.200000,0.000000,3600,3600,3600,3600,3600,3600,3600,3600,3600,3600,3600,30,0,3500,3664.7692268869528,2998.8738580141217,6410.516866017133,0.0
1790233541,12,,Aggregated,0.600000,0.000000,3600,3600,44000,44000,87000,87000,87000,87000,87000,87000,87000,90,0,3500,21884.187055193725,324.03889144074145,87073.453981895,42.666666666666664
1790233542,12,POST,completion,0.200000,0.000000,87000,87000,87000,87000,87000,87000,87000,87000,87000,87000,87000,30,0,59000,61532.14804789362,44385.03348501399,87073.453981895,128.0
1790233542,12,TPOT,completion,0.200000,0.000000,660,660,660,660,660,660,660,660,660,660,660,30,0,440,455.6438908005974,324.03889144074145,657.3950124952179,0.0
1790233542,12,TTFT,completion,0.200000,0.000000,3600,3600,3600,3600,3600,3600,3600,3600,3600,3600,3600,30,0,3500,3664.7692268869528,2998.8738580141217,6410.516866017133,0.0
1790233542,12,,Aggregated,0.600000,0.000000,3600,3600,44000,44000,87000,87000,87000,87000,87000,87000,87000,90,0,3500,21884.187055193725,324.03889144074145,87073.453981895,42.666666666666664
1790233543,12,POST,completion,0.100000,0.000000,80000,80000,87000,87000,87000,87000,87000,87000,87000,87000,87000,31,0,59000,62116.72482369918,44385.03348501399,87073.453981895,128.0
1790233543,12,TPOT,completion,0.100000,0.000000,590,590,660,660,660,660,660,660,660,660,660,31,0,440,460.12631929167276,324.03889144074145,657.3950124952179,0.0
1790233543,12,TTFT,completion,0.100000,0.000000,3600,3600,4100,4100,4100,4100,4100,4100,4100,4100,4100,31,0,3500,3680.077427502481,2998.8738580141217,6410.516866017133,0.0
1790233543,12,,Aggregated,0.300000,0.000000,3600,4100,44000,80000,87000,87000,87000,87000,87000,87000,87000,93,0,3500,22085.642856831113,324.03889144074145,87073.453981895,42.666666666666664
1790233544,12,POST,completion,0.100000,0.000000,87000,87000,87000,87000,87000,87000,87000,87000,87000,87000,87000,31,0,59000,62116.72482369918,44385.03348501399,87073.453981895,128.0
1790233544,12,TPOT,completion,0.100000,0.000000,660,660,660,660,660,660,660,660,660,660,660,31,0,440,460.12631929167276,324.03889144074145,657.3950124952179,0.0
1790233544,12,TTFT,completion,0.100000,0.000000,4100,4100,4100,4100,4100,4100,4100,4100,4100,4100,4100,31,0,3500,3680.077427502481,2998.8738580141217,6410.516866017133,0.0
1790233544,12,,Aggregated,0.300000,0.000000,4100,4100,80000,80000,87000,87000,87000,87000,87000,87000,87000,93,0,3500,22085.642856831113,324.03889144074145,87073.453981895,42.666666666666664
1790233545,12,POST,completion,0.100000,0.000000,87000,87000,87000,87000,87000,87000,87000,87000,87000,87000,87000,31,0,59000,62116.72482369918,44385.03348501399,87073.453981895,128.0
1790233545,12,TPOT,completion,0.100000,0.000000,660,660,660,660,660,660,660,660,660,660,660,31,0,440,460.12631929167276,324.03889144074145,657.3950124952179,0.0
1790233545,12,TTFT,completion,0.100000,0.000000,4100,4100,4100,4100,4100,4100,4100,4100,4100,4100,4100,31,0,3500,3680.077427502481,2998.8738580141217,6410.516866017133,0.0
1790233545,12,,Aggregated,0.300000,0.000000,4100,4100,80000,80000,87000,87000,87000,87000,87000,87000,87000,93,0,3500,22085.642856831113,324.03889144074145,87073.453981895,42.666666666666664
1790233546,12,POST,completion,0.100000,0.000000,87000,87000,87000,87000,87000,87000,87000,87000,87000,87000,87000,31,0,59000,62116.72482369918,44385.03348501399,87073.453981895,128.0
1790233546,12,TPOT,completion,0.100000,0.000000,660,660,660,660,660,660,660,660,660,660,660,31,0,440,460.12631929167276,324.03889144074145,657.3950124952179,0.0
1790233546,12,TTFT,completion,0.100000,0.000000,4100,4100,4100,4100,4100,4100,4100,4100,4100,4100,4100,31,0,3500,3680.077427502481,2998.8738580141217,6410.516866017133,0.0
1790233546,12,,Aggregated,0.300000,0.000000,4100,4100,80000,80000,87000,87000,87000,87000,87000,87000,87000,93,0,3500,22085.642856831113,324.03889144074145,87073.453981895,42.666666666666664
1790233547,12,POST,completion,0.100000,0.000000,87000,87000,87000,87000,87000,87000,87000,87000,87000,87000,87000,31,0,59000,62116.72482369918,44385.03348501399,87073.453981895,128.0
1790233547,12,TPOT,completion,0.100000,0.000000,660,660,660,660,660,660,660,660,660,660,660,31,0,440,460.12631929167276,324.03889144074145,657.3950124952179,0.0
1790233547,12,TTFT,completion,0.100000,0.000000,4100,4100,4100,4100,4100,4100,4100,4100,4100,4100,4100,31,0,3500,3680.077427502481,2998.8738580141217,6410.516866017133,0.0
1790233547,12,,Aggregated,0.300000,0.000000,4100,4100,80000,80000,87000,87000,87000,87000,87000,87000,87000,93,0,3500,22085.642856831113,324.03889144074145,87073.453981895,42.666666666666664
1790233548,12,POST,completion,0.100000,0.000000,87000,87000,87000,87000,87000,87000,87000,87000,87000,87000,87000,31,0,59000,62116.72482369918,44385.03348501399,87073.453981895,128.0
1790233548,12,TPOT,completion,0.100000,0.000000,660,660,660,660,660,660,660,660,660,660,660,31,0,440,460.12631929167276,324.03889144074145,657.3950124952179,0.0
1790233548,12,TTFT,completion,0.100000,0.000000,4100,4100,4100,4100,4100,4100,4100,4100,4100,4100,4100,31,0,3500,3680.077427502481,2998.8738580141217,6410.516866017133,0.0
1790233548,12,,Aggregated,0.300000,0.000000,4100,4100,80000,80000,87000,87000,87000,87000,87000,87000,87000,93,0,3500,22085.642856831113,324.03889144074145,87073.453981895,42.666666666666664
1790233549,12,POST,completion,0.100000,0.000000,87000,87000,87000,87000,87000,87000,87000,87000,87000,87000,87000,31,0,59000,62116.72482369918,44385.03348501399,87073.453981895,128.0
1790233549,12,TPOT,completion,0.100000,0.000000,660,660,660,660,660,660,660,660,660,660,660,31,0,440,460.12631929167276,324.03889144074145,657.3950124952179,0.0
1790233549,12,TTFT,completion,0.100000,0.000000,4100,4100,4100,4100,4100,4100,4100,4100,4100,4100,4100,31,0,3500,3680.077427502481,2998.8738580141217,6410.516866017133,0.0
1790233549,12,,Aggregated,0.300000,0.000000,4100,4100,80000,80000,87000,87000,87000,87000,87000,87000,87000,93,0,3500,22085.642856831113,324.03889144074145,87073.453981895,42.666666666666664
1790233550,12,POST,completion,0.200000,0.000000,80000,80000,80000,80000,80000,80000,80000,80000,80000,80000,80000,32,0,60000,62591.90438796213,44385.03348501399,87073.453981895,128.0
1790233550,12,TPOT,completion,0.200000,0.000000,590,590,590,590,590,590,590,590,590,590,590,32,0,440,463.7398339555792,324.03889144074145,657.3950124952179,0.0
1790233550,12,TTFT,completion,0.200000,0.000000,4200,4200,4200,4200,4200,4200,4200,4200,4200,4200,4200,32,0,3500,3696.3458019527025,2998.8738580141217,6410.516866017133,0.0
1790233550,12,,Aggregated,0.600000,0.000000,4200,4200,77000,77000,80000,80000,80000,80000,80000,80000,80000,96,0,3500,22250.66334129014,324.03889144074145,87073.453981895,42.666666666666664
1790233551,12,POST,completion,0.200000,0.000000,80000,80000,80000,80000,80000,80000,80000,80000,80000,80000,80000,32,0,60000,62591.90438796213,44385.03348501399,87073.453981895,128.0
1790233551,12,TPOT,completion,0.200000,0.000000,590,590,590,590,590,590,590,590,590,590,590,32,0,440,463.7398339555792,324.03889144074145,657.3950124952179,0.0
1790233551,12,TTFT,completion,0.200000,0.000000,4200,4200,4200,4200,4200,4200,4200,4200,4200,4200,4200,32,0,3500,3696.3458019527025,2998.8738580141217,6410.516866017133,0.0
1790233551,12,,Aggregated,0.600000,0.000000,4200,4200,77000,77000,80000,80000,80000,80000,80000,80000,80000,96,0,3500,22250.66334129014,324.03889144074145,87073.453981895,42.666666666666664
1790233552,12,POST,completion,0.100000,0.000000,77000,77000,80000,80000,80000,80000,80000,80000,80000,80000,80000,33,0,60000,62878.732773538846,44385.03348501399,87073.453981895,128.0
1790233552,12,TPOT,completion,0.100000,0.000000,580,580,590,590,590,590,590,590,590,590,590,33,0,440,465.94328279276993,324.03889144074145,657.3950124952179,0.0
1790233552,12,TTFT,completion,0.100000,0.000000,4100,4100,4200,4200,4200,4200,4200,4200,4200,4200,4200,33,0,3500,3703.3511982228833,2998.8738580141217,6410.516866017133,0.0
1790233552,12,,Aggregated,0.300000,0.000000,4100,4200,72000,77000,80000,80000,80000,80000,80000,80000,80000,99,0,3500,22349.342418184835,324.03889144074145,87073.453981895,42.666666666666664
1790233553,12,POST,completion,0.100000,0.000000,77000,77000,80000,80000,80000,80000,80000,80000,80000,80000,80000,33,0,60000,62878.732773538846,44385.03348501399,87073.453981895,128.0
1790233553,12,TPOT,completion,0.100000,0.000000,580,580,590,590,590,590,590,590,590,590,590,33,0,440,465.94328279276993,324.03889144074145,657.3950124952179,0.0
1790233553,12,TTFT,completion,0.100000,0.000000,4100,4100,4200,4200,4200,4200,4200,4200,4200,4200,4200,33,0,3500,3703.3511982228833,2998.8738580141217,6410.516866017133,0.0
1790233553,12,,Aggregated,0.300000,0.000000,4100,4200,72000,77000,80000,80000,80000,80000,80000,80000,80000,99,0,3500,22349.342418184835,324.03889144074145,87073.453981895,42.666666666666664
1790233554,12,POST,completion,0.100000,0.000000,77000,77000,80000,80000,80000,80000,80000,80000,80000,80000,80000,33,0,60000,62878.732773538846,44385.03348501399,87073.453981895,128.0
1790233554,12,TPOT,completion,0.100000,0.000000,580,580,590,590,590,590,590,590,590,590,590,33,0,440,465.94328279276993,324.03889144074145,657.3950124952179,0.0
1790233554,12,TTFT,completion,0.100000,0.000000,4100,4100,4200,4200,4200,4200,4200,4200,4200,4200,4200,33,0,3500,3703.3511982228833,2998.8738580141217,6410.516866017133,0.0
1790233554,12,,Aggregated,0.300000,0.000000,4100,4200,72000,77000,80000,80000,80000,80000,80000,80000,80000,99,0,3500,22349.342418184835,324.03889144074145,87073.453981895,42.666666666666664
1790233555,12,POST,completion,0.300000,0.000000,77000,77000,80000,80000,80000,80000,80000,80000,80000,80000,80000,34,0,60000,62388.28626388054,44385.03348501399,87073.453981895,128.0
1790233555,12,TPOT,completion,0.300000,0.000000,580,580,590,590,590,590,590,590,590,590,590,34,0,440,462.1670263041964,324.03889144074145,657.3950124952179,0.0
1790233555,12,TTFT,completion,0.300000,0.000000,4100,4100,4200,4200,4200,4200,4200,4200,4200,4200,4200,34,0,3500,3692.5038555089163,2998.8738580141217,6410.516866017133,0.0
1790233555,12,,Aggregated,0.900000,0.000000,4100,4200,72000,72000,77000,80000,80000,80000,80000,80000,80000,102,0,3500,22180.985715231214,324.03889144074145,87073.453981895,42.666666666666664
1790233556,12,POST,completion,0.200000,0.000000,72000,72000,77000,77000,77000,77000,77000,77000,77000,77000,77000,35,0,60000,62635.114531112566,44385.03348501399,87073.453981895,128.0
1790233556,12,TPOT,completion,0.200000,0.000000,540,540,580,580,580,580,580,580,580,580,580,35,0,440,464.11332247723243,324.03889144074145,657.3950124952179,0.0
1790233556,12,TTFT,completion,0.200000,0.000000,3900,3900,4200,4200,4200,4200,4200,4200,4200,4200,4200,35,0,3500,3692.1638350135513,2998.8738580141217,6410.516866017133,0.0
1790233556,12,,Aggregated,0.600000,0.000000,3900,4200,71000,71000,72000,77000,77000,77000,77000,77000,77000,105,0,3500,22263.797229534448,324.03889144074145,87073.453981895,42.666666666666664
1790233557,12,POST,completion,0.200000,0.000000,72000,72000,77000,77000,77000,77000,77000,77000,77000,77000,77000,35,0,60000,62635.114531112566,44385.03348501399,87073.453981895,128.0
1790233557,12,TPOT,completion,0.200000,0.000000,540,540,580,580,580,580,580,580,580,580,580,35,0,440,464.11332247723243,324.03889144074145,657.3950124952179,0.0
1790233557,12,TTFT,completion,0.200000,0.000000,3900,3900,4200,4200,4200,4200,4200,4200,4200,4200,4200,35,0,3500,3692.1638350135513,2998.8738580141217,6410.516866017133,0.0
1790233557,12,,Aggregated,0.600000,0.000000,3900,4200,71000,71000,72000,77000,77000,77000,77000,77000,77000,105,0,3500,22263.797229534448,324.03889144074145,87073.453981895,42.666666666666664
1790233558,12,POST,completion,0.200000,0.000000,72000,72000,77000,77000,77000,77000,77000,77000,77000,77000,77000,35,0,60000,62635.114531112566,44385.03348501399,87073.453981895,128.0
1790233558,12,TPOT,completion,0.200000,0.000000,540,540,580,580,580,580,580,580,580,580,580,35,0,440,464.11332247723243,324.03889144074145,657.3950124952179,0.0
1790233558,12,TTFT,completion,0.200000,0.000000,3900,3900,4200,4200,4200,4200,4200,4200,4200,4200,4200,35,0,3500,3692.1638350135513,2998.8738580141217,6410.516866017133,0.0
1790233558,12,,Aggregated,0.600000,0.000000,3900,4200,71000,71000,72000,77000,77000,77000,77000,77000,77000,105,0,3500,22263.797229534448,324.03889144074145,87073.453981895,42.666666666666664
1790233559,12,POST,completion,0.200000,0.000000,71000,71000,72000,72000,72000,72000,72000,72000,72000,72000,72000,35,0,60000,62635.114531112566,44385.03348501399,87073.453981895,128.0
1790233559,12,TPOT,completion,0.200000,0.000000,530,530,540,540,540,540,540,540,540,540,540,35,0,440,464.11332247723243,324.03889144074145,657.3950124952179,0.0
1790233559,12,TTFT,completion,0.200000,0.000000,3700,3700,3900,3900,3900,3900,3900,3900,3900,3900,3900,35,0,3500,3692.1638350135513,2998.8738580141217,6410.516866017133,0.0
1790233559,12,,Aggregated,0.600000,0.000000,3700,3900,46000,71000,72000,72000,72000,72000,72000,72000,72000,105,0,3500,22263.797229534448,324.03889144074145,87073.453981895,42.666666666666664
1790233561,12,POST,completion,0.200000,0.000000,71000,71000,72000,72000,72000,72000,72000,72000,72000,72000,72000,35,0,60000,62635.114531112566,44385.03348501399,87073.453981895,128.0
1790233561,12,TPOT,completion,0.200000,0.000000,530,530,540,540,540,540,540,540,540,540,540,35,0,440,464.11332247723243,324.03889144074145,657.3950124952179,0.0
1790233561,12,TTFT,completion,0.200000,0.000000,3700,3700,3900,3900,3900,3900,3900,3900,3900,3900,3900,35,0,3500,3692.1638350135513,2998.8738580141217,6410.516866017133,0.0
1790233561,12,,Aggregated,0.600000,0.000000,3700,3900,46000,71000,72000,72000,72000,72000,72000,72000,72000,105,0,3500,22263.797229534448,324.03889144074145,87073.453981895,42.666666666666664
1790233562,12,POST,completion,0.200000,0.000000,71000,71000,72000,72000,72000,72000,72000,72000,72000,72000,72000,35,0,60000,62635.114531112566,44385.03348501399,87073.453981895,128.0
1790233562,12,TPOT,completion,0.200000,0.000000,530,530,540,540,540,540,540,540,540,540,540,35,0,440,464.11332247723243,324.03889144074145,657.3950124952179,0.0
1790233562,12,TTFT,completion,0.200000,0.000000,3700,3700,3900,3900,3900,3900,3900,3900,3900,3900,3900,35,0,3500,3692.1638350135513,2998.8738580141217,6410.516866017133,0.0
1790233562,12,,Aggregated,0.600000,0.000000,3700,3900,46000,71000,72000,72000,72000,72000,72000,72000,72000,105,0,3500,22263.797229534448,324.03889144074145,87073.453981895,42.666666666666664
1790233563,12,POST,completion,0.200000,0.000000,71000,71000,71000,71000,71000,71000,71000,71000,71000,71000,71000,35,0,60000,62635.114531112566,44385.03348501399,87073.453981895,128.0
1790233563,12,TPOT,completion,0.200000,0.000000,530,530,530,530,530,530,530,530,530,530,530,35,0,440,464.11332247723243,324.03889144074145,657.3950124952179,0.0
1790233563,12,TTFT,completion,0.200000,0.000000,3700,3700,3700,3700,3700,3700,3700,3700,3700,3700,3700,35,0,3500,3692.1638350135513,2998.8738580141217,6410.516866017133,0.0
1790233563,12,,Aggregated,0.600000,0.000000,3700,3700,46000,46000,71000,71000,71000,71000,71000,71000,71000,105,0,3500,22263.797229534448,324.03889144074145,87073.453981895,42.666666666666664
1790233564,12,POST,completion,0.200000,0.000000,71000,71000,71000,71000,71000,71000,71000,71000,71000,71000,71000,35,0,60000,62635.114531112566,44385.03348501399,87073.453981895,128.0
1790233564,12,TPOT,completion,0.200000,0.000000,530,530,530,530,530,530,530,530,530,530,530,35,0,440,464.11332247723243,324.03889144074145,657.3950124952179,0.0
1790233564,12,TTFT,completion,0.200000,0.000000,3700,3700,3700,3700,3700,3700,3700,3700,3700,3700,3700,35,0,3500,3692.1638350135513,2998.8738580141217,6410.516866017133,0.0
1790233564,12,,Aggregated,0.600000,0.000000,3700,3700,46000,46000,71000,71000,71000,71000,71000,71000,71000,105,0,3500,22263.797229534448,324.03889144074145,87073.453981895,42.666666666666664
1790233565,12,POST,completion,0.200000,0.000000,71000,71000,71000,71000,71000,71000,71000,71000,71000,71000,71000,35,0,60000,62635.114531112566,44385.03348501399,87073.453981895,128.0
1790233565,12,TPOT,completion,0.200000,0.000000,530,530,530,530,530,530,530,530,530,530,530,35,0,440,464.11332247723243,324.03889144074145,657.3950124952179,0.0
1790233565,12,TTFT,completion,0.200000,0.000000,3700,3700,3700,3700,3700,3700,3700,3700,3700,3700,3700,35,0,3500,3692.1638350135513,2998.8738580141217,6410.516866017133,0.0
1790233565,12,,Aggregated,0.600000,0.000000,3700,3700,71000,71000,71000,71000,71000,71000,71000,71000,71000,105,0,3500,22263.797229534448,324.03889144074145,87073.453981895,42.666666666666664
1790233566,12,POST,completion,0.200000,0.000000,71000,71000,71000,71000,71000,71000,71000,71000,71000,71000,71000,35,0,60000,62635.114531112566,44385.03348501399,87073.453981895,128.0
1790233566,12,TPOT,completion,0.200000,0.000000,530,530,530,530,530,530,530,530,530,530,530,35,0,440,464.11332247723243,324.03889144074145,657.3950124952179,0.0
1790233566,12,TTFT,completion,0.200000,0.000000,3700,3700,3700,3700,3700,3700,3700,3700,3700,3700,3700,35,0,3500,3692.1638350135513,2998.8738580141217,6410.516866017133,0.0
1790233566,12,,Aggregated,0.600000,0.000000,3700,3700,71000,71000,71000,71000,71000,71000,71000,71000,71000,105,0,3500,22263.797229534448,324.03889144074145,87073.453981895,42.666666666666664
1790233567,12,POST,completion,0.200000,0.000000,71000,71000,71000,71000,71000,71000,71000,71000,71000,71000,71000,35,0,60000,62635.114531112566,44385.03348501399,87073.453981895,128.0
1790233567,12,TPOT,completion,0.200000,0.000000,530,530,530,530,530,530,530,530,530,530,530,35,0,440,464.11332247723243,324.03889144074145,657.3950124952179,0.0
1790233567,12,TTFT,completion,0.200000,0.000000,3700,3700,3700,3700,3700,3700,3700,3700,3700,3700,3700,35,0,3500,3692.1638350135513,2998.8738580141217,6410.516866017133,0.0
1790233567,12,,Aggregated,0.600000,0.000000,3700,3700,71000,71000,71000,71000,71000,71000,71000,71000,71000,105,0,3500,22263.797229534448,324.03889144074145,87073.453981895,42.666666666666664
1790233568,12,POST,completion,0.200000,0.000000,71000,71000,71000,71000,71000,71000,71000,71000,71000,71000,71000,36,0,60000,62192.282113026726,44385.03348501399,87073.453981895,128.0
1790233568,12,TPOT,completion,0.200000,0.000000,530,530,530,530,530,530,530,530,530,530,530,36,0,440,460.66684864379124,324.03889144074145,657.3950124952179,0.0
1790233568,12,TTFT,completion,0.200000,0.000000,3700,3700,3700,3700,3700,3700,3700,3700,3700,3700,3700,36,0,3500,3687.0420944307825,2998.8738580141217,6410.516866017133,0.0
1790233568,12,,Aggregated,0.600000,0.000000,3700,3700,47000,47000,71000,71000,71000,71000,71000,71000,71000,108,0,3500,22113.330352033765,324.03889144074145,87073.453981895,42.666666666666664
1790233569,12,POST,completion,0.200000,0.000000,71000,71000,71000,71000,71000,71000,71000,71000,71000,71000,71000,36,0,60000,62192.282113026726,44385.03348501399,87073.453981895,128.0
1790233569,12,TPOT,completion,0.200000,0.000000,530,530,530,530,530,530,530,530,530,530,530,36,0,440,460.66684864379124,324.03889144074145,657.3950124952179,0.0
1790233569,12,TTFT,completion,0.200000,0.000000,3700,3700,3700,3700,3700,3700,3700,3700,3700,3700,3700,36,0,3500,3687.0420944307825,2998.8738580141217,6410.516866017133,0.0
1790233569,12,,Aggregated,0.600000,0.000000,3700,3700,47000,47000,71000,71000,71000,71000,71000,71000,71000,108,0,3500,22113.330352033765,324.03889144074145,87073.453981895,42.666666666666664
1790233570,12,POST,completion,0.100000,0.000000,71000,71000,71000,71000,71000,71000,71000,71000,71000,71000,71000,37,0,60000,62434.81787572917,44385.03348501399,87073.453981895,128.0
1790233570,12,TPOT,completion,0.100000,0.000000,530,530,530,530,530,530,530,530,530,530,530,37,0,440,462.51557108350164,324.03889144074145,657.3950124952179,0.0
1790233570,12,TTFT,completion,0.100000,0.000000,3700,3700,4000,4000,4000,4000,4000,4000,4000,4000,4000,37,0,3500,3694.785669848726,2998.8738580141217,6410.516866017133,0.0
1790233570,12,,Aggregated,0.300000,0.000000,3700,4000,47000,71000,71000,71000,71000,71000,71000,71000,71000,111,0,3500,22197.37303888713,324.03889144074145,87073.453981895,42.666666666666664
1790233571,12,POST,completion,0.100000,0.000000,71000,71000,71000,71000,71000,71000,71000,71000,71000,71000,71000,37,0,60000,62434.81787572917,44385.03348501399,87073.453981895,128.0
1790233571,12,TPOT,completion,0.100000,0.000000,530,530,530,530,530,530,530,530,530,530,530,37,0,440,462.51557108350164,324.03889144074145,657.3950124952179,0.0
1790233571,12,TTFT,completion,0.100000,0.000000,4000,4000,4000,4000,4000,4000,4000,4000,4000,4000,4000,37,0,3500,3694.785669848726,2998.8738580141217,6410.516866017133,0.0
1790233571,12,,Aggregated,0.300000,0.000000,4000,4000,47000,47000,71000,71000,71000,71000,71000,71000,71000,111,0,3500,22197.37303888713,324.03889144074145,87073.453981895,42.666666666666664
1790233572,12,POST,completion,0.100000,0.000000,71000,71000,71000,71000,71000,71000,71000,71000,71000,71000,71000,37,0,60000,62434.81787572917,44385.03348501399,87073.453981895,128.0
1790233572,12,TPOT,completion,0.100000,0.000000,530,530,530,530,530,530,530,530,530,530,530,37,0,440,462.51557108350164,324.03889144074145,657.3950124952179,0.0
1790233572,12,TTFT,completion,0.100000,0.000000,4000,4000,4000,4000,4000,4000,4000,4000,4000,4000,4000,37,0,3500,3694.785669848726,2998.8738580141217,6410.516866017133,0.0
1790233572,12,,Aggregated,0.300000,0.000000,4000,4000,47000,47000,71000,71000,71000,71000,71000,71000,71000,111,0,3500,22197.37303888713,324.03889144074145,87073.453981895,42.666666666666664
1790233573,12,POST,completion,0.100000,0.000000,47000,47000,71000,71000,71000,71000,71000,71000,71000,71000,71000,38,0,60000,62019.158858897805,44385.03348501399,87073.453981895,128.0
1790233573,12,TPOT,completion,0.100000,0.000000,340,340,530,530,530,530,530,530,530,530,530,38,0,440,459.28564294912167,324.03889144074145,657.3950124952179,0.0
1790233573,12,TTFT,completion,0.100000,0.000000,3500,3500,4000,4000,4000,4000,4000,4000,4000,4000,4000,38,0,3500,3689.3297692478977,2998.8738580141217,6410.516866017133,0.0
1790233573,12,,Aggregated,0.300000,0.000000,3500,4000,47000,47000,71000,71000,71000,71000,71000,71000,71000,114,0,3500,22055.924757031604,324.03889144074145,87073.453981895,42.666666666666664
1790233574,12,POST,completion,0.100000,0.000000,47000,47000,71000,71000,71000,71000,71000,71000,71000,71000,71000,38,0,60000,62019.158858897805,44385.03348501399,87073.453981895,128.0
1790233574,12,TPOT,completion,0.100000,0.000000,340,340,530,530,530,530,530,530,530,530,530,38,0,440,459.28564294912167,324.03889144074145,657.3950124952179,0.0
1790233574,12,TTFT,completion,0.100000,0.000000,3500,3500,4000,4000,4000,4000,4000,4000,4000,4000,4000,38,0,3500,3689.3297692478977,2998.8738580141217,6410.516866017133,0.0
1790233574,12,,Aggregated,0.300000,0.000000,3500,4000,47000,47000,71000,71000,71000,71000,71000,71000,71000,114,0,3500,22055.924757031604,324.03889144074145,87073.453981895,42.666666666666664
1790233575,12,POST,completion,0.100000,0.000000,47000,47000,71000,71000,71000,71000,71000,71000,71000,71000,71000,38,0,60000,62019.158858897805,44385.03348501399,87073.453981895,128.0
1790233575,12,TPOT,completion,0.100000,0.000000,340,340,530,530,530,530,530,530,530,530,530,38,0,440,459.28564294912167,324.03889144074145,657.3950124952179,0.0
1790233575,12,TTFT,completion,0.100000,0.000000,3500,3500,4000,4000,4000,4000,4000,4000,4000,4000,4000,38,0,3500,3689.3297692478977,2998.8738580141217,6410.516866017133,0.0
1790233575,12,,Aggregated,0.300000,0.000000,3500,4000,47000,47000,71000,71000,71000,71000,71000,71000,71000,114,0,3500,22055.924757031604,324.03889144074145,87073.453981895,42.666666666666664
1790233576,12,POST,completion,0.100000,0.000000,47000,47000,71000,71000,71000,71000,71000,71000,71000,71000,71000,38,0,60000,62019.158858897805,44385.03348501399,87073.453981895,128.0
1790233576,12,TPOT,completion,0.100000,0.000000,340,340,530,530,530,530,530,530,530,530,530,38,0,440,459.28564294912167,324.03889144074145,657.3950124952179,0.0
1790233576,12,TTFT,completion,0.100000,0.000000,3500,3500,4000,4000,4000,4000,4000,4000,4000,4000,4000,38,0,3500,3689.3297692478977,2998.8738580141217,6410.516866017133,0.0
1790233576,12,,Aggregated,0.300000,0.000000,3500,4000,47000,47000,71000,71000,71000,71000,71000,71000,71000,114,0,3500,22055.924757031604,324.03889144074145,87073.453981895,42.666666666666664
1790233577,12,POST,completion,0.100000,0.000000,47000,47000,71000,71000,71000,71000,71000,71000,71000,71000,71000,38,0,60000,62019.158858897805,44385.03348501399,87073.453981895,128.0
1790233577,12,TPOT,completion,0.100000,0.000000,340,340,530,530,530,530,530,530,530,530,530,38,0,440,459.28564294912167,324.03889144074145,657.3950124952179,0.0
1790233577,12,TTFT,completion,0.100000,0.000000,3500,3500,4000,4000,4000,4000,4000,4000,4000,4000,4000,38,0,3500,3689.3297692478977,2998.8738580141217,6410.516866017133,0.0
1790233577,12,,Aggregated,0.300000,0.000000,3500,4000,47000,47000,71000,71000,71000,71000,71000,71000,71000,114,0,3500,22055.924757031604,324.03889144074145,87073.453981895,42.666666666666664
1790233578,12,POST,completion,0.100000,0.000000,71000,71000,71000,71000,71000,71000,71000,71000,71000,71000,71000,38,0,60000,62019.158858897805,44385.03348501399,87073.453981895,128.0
1790233578,12,TPOT,completion,0.100000,0.000000,530,530,530,530,530,530,530,530,530,530,530,38,0,440,459.28564294912167,324.03889144074145,657.3950124952179,0.0
1790233578,12,TTFT,completion,0.100000,0.000000,4000,4000,4000,4000,4000,4000,4000,4000,4000,4000,4000,38,0,3500,3689.3297692478977,2998.8738580141217,6410.516866017133,0.0
1790233578,12,,Aggregated,0.300000,0.000000,4000,4000,47000,47000,71000,71000,71000,71000,71000,71000,71000,114,0,3500,22055.924757031604,324.03889144074145,87073.453981895,42.666666666666664
1790233579,12,POST,completion,0.100000,0.000000,71000,71000,71000,71000,71000,71000,71000,71000,71000,71000,71000,38,0,60000,62019.158858897805,44385.03348501399,87073.453981895,128.0
1790233579,12,TPOT,completion,0.100000,0.000000,530,530,530,530,530,530,530,530,530,530,530,38,0,440,459.28564294912167,324.03889144074145,657.3950124952179,0.0
1790233579,12,TTFT,completion,0.100000,0.000000,4000,4000,4000,4000,4000,4000,4000,4000,4000,4000,4000,38,0,3500,3689.3297692478977,2998.8738580141217,6410.516866017133,0.0
1790233579,12,,Aggregated,0.300000,0.000000,4000,4000,47000,47000,71000,71000,71000,71000,71000,71000,71000,114,0,3500,22055.924757031604,324.03889144074145,87073.453981895,42.666666666666664
1790233580,12,POST,completion,0.100000,0.000000,71000,71000,71000,71000,71000,71000,71000,71000,71000,71000,71000,38,0,60000,62019.158858897805,44385.03348501399,87073.453981895,128.0
1790233580,12,TPOT,completion,0.100000,0.000000,530,530,530,530,530,530,530,530,530,530,530,38,0,440,459.28564294912167,324.03889144074145,657.3950124952179,0.0
1790233580,12,TTFT,completion,0.100000,0.000000,4000,4000,4000,4000,4000,4000,4000,4000,4000,4000,4000,38,0,3500,3689.3297692478977,2998.8738580141217,6410.516866017133,0.0
1790233580,12,,Aggregated,0.300000,0.000000,4000,4000,47000,47000,71000,71000,71000,71000,71000,71000,71000,114,0,3500,22055.924757031604,324.03889144074145,87073.453981895,42.666666666666664
1790233581,12,POST,completion,0.100000,0.000000,47000,47000,47000,47000,47000,47000,47000,47000,47000,47000,47000,38,0,60000,62019.158858897805,44385.03348501399,87073.453981895,128.0
1790233581,12,TPOT,completion,0.100000,0.000000,340,340,340,340,340,340,340,340,340,340,340,38,0,440,459.28564294912167,324.03889144074145,657.3950124952179,0.0
1790233581,12,TTFT,completion,0.100000,0.000000,3500,3500,3500,3500,3500,3500,3500,3500,3500,3500,3500,38,0,3500,3689.3297692478977,2998.8738580141217,6410.516866017133,0.0
1790233581,12,,Aggregated,0.300000,0.000000,3500,3500,47000,47000,47000,47000,47000,47000,47000,47000,47000,114,0,3500,22055.924757031604,324.03889144074145,87073.453981895,42.666666666666664
1790233582,12,POST,completion,0.100000,0.000000,47000,47000,47000,47000,47000,47000,47000,47000,47000,47000,47000,38,0,60000,62019.158858897805,44385.03348501399,87073.453981895,128.0
1790233582,12,TPOT,completion,0.100000,0.000000,340,340,340,340,340,340,340,340,340,340,340,38,0,440,459.28564294912167,324.03889144074145,657.3950124952179,0.0
1790233582,12,TTFT,completion,0.100000,0.000000,3500,3500,3500,3500,3500,3500,3500,3500,3500,3500,3500,38,0,3500,3689.3297692478977,2998.8738580141217,6410.516866017133,0.0
1790233582,12,,Aggregated,0.300000,0.000000,3500,3500,47000,47000,47000,47000,47000,47000,47000,47000,47000,114,0,3500,22055.924757031604,324.03889144074145,87073.453981895,42.666666666666664
1790233583,12,POST,completion,0.100000,0.000000,47000,47000,47000,47000,47000,47000,47000,47000,47000,47000,47000,38,0,60000,62019.158858897805,44385.03348501399,87073.453981895,128.0
1790233583,12,TPOT,completion,0.100000,0.000000,340,340,340,340,340,340,340,340,340,340,340,38,0,440,459.28564294912167,324.03889144074145,657.3950124952179,0.0
1790233583,12,TTFT,completion,0.100000,0.000000,3500,3500,3500,3500,3500,3500,3500,3500,3500,3500,3500,38,0,3500,3689.3297692478977,2998.8738580141217,6410.516866017133,0.0
1790233583,12,,Aggregated,0.300000,0.000000,3500,3500,47000,47000,47000,47000,47000,47000,47000,47000,47000,114,0,3500,22055.924757031604,324.03889144074145,87073.453981895,42.666666666666664
1790233584,12,POST,completion,0.100000,0.000000,47000,47000,47000,47000,47000,47000,47000,47000,47000,47000,47000,38,0,60000,62019.158858897805,44385.03348501399,87073.453981895,128.0
1790233584,12,TPOT,completion,0.100000,0.000000,340,340,340,340,340,340,340,340,340,340,340,38,0,440,459.28564294912167,324.03889144074145,657.3950124952179,0.0
1790233584,12,TTFT,completion,0.100000,0.000000,3500,3500,3500,3500,3500,3500,3500,3500,3500,3500,3500,38,0,3500,3689.3297692478977,2998.8738580141217,6410.516866017133,0.0
1790233584,12,,Aggregated,0.300000,0.000000,3500,3500,47000,47000,47000,47000,47000,47000,47000,47000,47000,114,0,3500,22055.924757031604,324.03889144074145,87073.453981895,42.666666666666664
1790233585,12,POST,completion,0.100000,0.000000,47000,47000,47000,47000,47000,47000,47000,47000,47000,47000,47000,38,0,60000,62019.158858897805,44385.03348501399,87073.453981895,128.0
1790233585,12,TPOT,completion,0.100000,0.000000,340,340,340,340,340,340,340,340,340,340,340,38,0,440,459.28564294912167,324.03889144074145,657.3950124952179,0.0
1790233585,12,TTFT,completion,0.100000,0.000000,3500,3500,3500,3500,3500,3500,3500,3500,3500,3500,3500,38,0,3500,3689.3297692478977,2998.8738580141217,6410.516866017133,0.0
1790233585,12,,Aggregated,0.300000,0.000000,3500,3500,47000,47000,47000,47000,47000,47000,47000,47000,47000,114,0,3500,22055.924757031604,324.03889144074145,87073.453981895,42.666666666666664
1790233586,12,POST,completion,0.000000,0.000000,47000,47000,47000,47000,47000,47000,47000,47000,47000,47000,47000,39,0,59000,61645.236822567545,44385.03348501399,87073.453981895,128.0
1790233586,12,TPOT,completion,0.000000,0.000000,350,350,350,350,350,350,350,350,350,350,350,39,0,440,456.38341969241065,324.03889144074145,657.3950124952179,0.0
1790233586,12,TTFT,completion,0.000000,0.000000,3500,3500,3500,3500,3500,3500,3500,3500,3500,3500,3500,39,0,3500,3683.989539163378,2998.8738580141217,6410.516866017133,0.0
1790233586,12,,Aggregated,0.000000,0.000000,3500,3500,47000,47000,47000,47000,47000,47000,47000,47000,47000,117,0,3500,21928.536593807778,324.03889144074145,87073.453981895,42.666666666666664
1790233587,12,POST,completion,0.000000,0.000000,47000,47000,47000,47000,47000,47000,47000,47000,47000,47000,47000,39,0,59000,61645.236822567545,44385.03348501399,87073.453981895,128.0
1790233587,12,TPOT,completion,0.000000,0.000000,350,350,350,350,350,350,350,350,350,350,350,39,0,440,456.38341969241065,324.03889144074145,657.3950124952179,0.0
1790233587,12,TTFT,completion,0.000000,0.000000,3500,3500,3500,3500,3500,3500,3500,3500,3500,3500,3500,39,0,3500,3683.989539163378,2998.8738580141217,6410.516866017133,0.0
1790233587,12,,Aggregated,0.000000,0.000000,3500,3500,47000,47000,47000,47000,47000,47000,47000,47000,47000,117,0,3500,21928.536593807778,324.03889144074145,87073.453981895,42.666666666666664
1790233588,12,POST,completion,0.000000,0.000000,47000,47000,47000,47000,47000,47000,47000,47000,47000,47000,47000,39,0,59000,61645.236822567545,44385.03348501399,87073.453981895,128.0
1790233588,12,TPOT,completion,0.000000,0.000000,350,350,350,350,350,350,350,350,350,350,350,39,0,440,456.38341969241065,324.03889144074145,657.3950124952179,0.0
1790233588,12,TTFT,completion,0.000000,0.000000,3500,3500,3500,3500,3500,3500,3500,3500,3500,3500,3500,39,0,3500,3683.989539163378,2998.8738580141217,6410.516866017133,0.0
1790233588,12,,Aggregated,0.000000,0.000000,3500,3500,47000,47000,47000,47000,47000,47000,47000,47000,47000,117,0,3500,21928.536593807778,324.03889144074145,87073.453981895,42.666666666666664
1790233589,12,POST,completion,0.000000,0.000000,47000,47000,47000,47000,47000,47000,47000,47000,47000,47000,47000,39,0,59000,61645.236822567545,44385.03348501399,87073.453981895,128.0
1790233589,12,TPOT,completion,0.000000,0.000000,350,350,350,350,350,350,350,350,350,350,350,39,0,440,456.38341969241065,324.03889144074145,657.3950124952179,0.0
1790233589,12,TTFT,completion,0.000000,0.000000,3500,3500,3500,3500,3500,3500,3500,3500,3500,3500,3500,39,0,3500,3683.989539163378,2998.8738580141217,6410.516866017133,0.0
1790233589,12,,Aggregated,0.000000,0.000000,3500,3500,47000,47000,47000,47000,47000,47000,47000,47000,47000,117,0,3500,21928.536593807778,324.03889144074145,87073.453981895,42.666666666666664
1790233590,12,POST,completion,0.100000,0.000000,74000,74000,74000,74000,74000,74000,74000,74000,74000,74000,74000,40,0,60000,61964.84061397496,44385.03348501399,87073.453981895,128.0
1790233590,12,TPOT,completion,0.100000,0.000000,560,560,560,560,560,560,560,560,560,560,560,40,0,440,458.86188833240976,324.03889144074145,657.3950124952179,0.0
1790233590,12,TTFT,completion,0.100000,0.000000,3900,3900,3900,3900,3900,3900,3900,3900,3900,3900,3900,40,0,3500,3688.826047105249,2998.8738580141217,6410.516866017133,0.0
1790233590,12,,Aggregated,0.300000,0.000000,3900,3900,47000,47000,74000,74000,74000,74000,74000,74000,74000,120,0,3500,22037.509516470873,324.03889144074145,87073.453981895,42.666666666666664
1790233591,12,POST,completion,0.100000,0.000000,74000,74000,74000,74000,74000,74000,74000,74000,74000,74000,74000,40,0,60000,61964.84061397496,44385.03348501399,87073.453981895,128.0
1790233591,12,TPOT,completion,0.100000,0.000000,560,560,560,560,560,560,560,560,560,560,560,40,0,440,458.86188833240976,324.03889144074145,657.3950124952179,0.0
1790233591,12,TTFT,completion,0.100000,0.000000,3900,3900,3900,3900,3900,3900,3900,3900,3900,3900,3900,40,0,3500,3688.826047105249,2998.8738580141217,6410.516866017133,0.0
1790233591,12,,Aggregated,0.300000,0.000000,3900,3900,47000,47000,74000,74000,74000,74000,74000,74000,74000,120,0,3500,22037.509516470873,324.03889144074145,87073.453981895,42.666666666666664
1790233592,12,POST,completion,0.100000,0.000000,74000,74000,74000,74000,74000,74000,74000,74000,74000,74000,74000,40,0,60000,61964.84061397496,44385.03348501399,87073.453981895,128.0
1790233592,12,TPOT,completion,0.100000,0.000000,560,560,560,560,560,560,560,560,560,560,560,40,0,440,458.86188833240976,324.03889144074145,657.3950124952179,0.0
1790233592,12,TTFT,completion,0.100000,0.000000,3900,3900,3900,3900,3900,3900,3900,3900,3900,3900,3900,40,0,3500,3688.826047105249,2998.8738580141217,6410.516866017133,0.0
1790233592,12,,Aggregated,0.300000,0.000000,3900,3900,47000,47000,74000,74000,74000,74000,74000,74000,74000,120,0,3500,22037.509516470873,324.03889144074145,87073.453981895,42.666666666666664
1790233593,12,POST,completion,0.100000,0.000000,74000,74000,74000,74000,74000,74000,74000,74000,74000,74000,74000,40,0,60000,61964.84061397496,44385.03348501399,87073.453981895,128.0
1790233593,12,TPOT,completion,0.100000,0.000000,560,560,560,560,560,560,560,560,560,560,560,40,0,440,458.86188833240976,324.03889144074145,657.3950124952179,0.0
1790233593,12,TTFT,completion,0.100000,0.000000,3900,3900,3900,3900,3900,3900,3900,3900,3900,3900,3900,40,0,3500,3688.826047105249,2998.8738580141217,6410.516866017133,0.0
1790233593,12,,Aggregated,0.300000,0.000000,3900,3900,47000,47000,74000,74000,74000,74000,74000,74000,74000,120,0,3500,22037.509516470873,324.03889144074145,87073.453981895,42.666666666666664
1790233594,12,POST,completion,0.100000,0.000000,74000,74000,74000,74000,74000,74000,74000,74000,74000,74000,74000,40,0,60000,61964.84061397496,44385.03348501399,87073.453981895,128.0
1790233594,12,TPOT,completion,0.100000,0.000000,560,560,560,560,560,560,560,560,560,560,560,40,0,440,458.86188833240976,324.03889144074145,657.3950124952179,0.0
1790233594,12,TTFT,completion,0.100000,0.000000,3900,3900,3900,3900,3900,3900,3900,3900,3900,3900,3900,40,0,3500,3688.826047105249,2998.8738580141217,6410.516866017133,0.0
1790233594,12,,Aggregated,0.300000,0.000000,3900,3900,47000,47000,74000,74000,74000,74000,74000,74000,74000,120,0,3500,22037.509516470873,324.03889144074145,87073.453981895,42.666666666666664
1790233595,12,POST,completion,0.200000,0.000000,71000,71000,74000,74000,74000,74000,74000,74000,74000,74000,74000,41,0,60000,62190.14162953557,44385.03348501399,87073.453981895,128.0
1790233595,12,TPOT,completion,0.200000,0.000000,530,530,560,560,560,560,560,560,560,560,560,41,0,440,460.59690837614914,324.03889144074145,657.3950124952179,0.0
1790233595,12,TTFT,completion,0.200000,0.000000,3900,3900,3900,3900,3900,3900,3900,3900,3900,3900,3900,41,0,3500,3693.777205467951,2998.8738580141217,6410.516866017133,0.0
1790233595,12,,Aggregated,0.600000,0.000000,3900,3900,47000,71000,74000,74000,74000,74000,74000,74000,74000,123,0,3500,22114.838581126554,324.03889144074145,87073.453981895,42.666666666666664
1790233596,12,POST,completion,0.200000,0.000000,71000,71000,74000,74000,74000,74000,74000,74000,74000,74000,74000,41,0,60000,62190.14162953557,44385.03348501399,87073.453981895,128.0
1790233596,12,TPOT,completion,0.200000,0.000000,530,530,560,560,560,560,560,560,560,560,560,41,0,440,460.59690837614914,324.03889144074145,657.3950124952179,0.0
1790233596,12,TTFT,completion,0.200000,0.000000,3900,3900,3900,3900,3900,3900,3900,3900,3900,3900,3900,41,0,3500,3693.777205467951,2998.8738580141217,6410.516866017133,0.0
1790233596,12,,Aggregated,0.600000,0.000000,3900,3900,47000,71000,74000,74000,74000,74000,74000,74000,74000,123,0,3500,22114.838581126554,324.03889144074145,87073.453981895,42.666666666666664
1790233597,12,POST,completion,0.200000,0.000000,71000,71000,74000,74000,74000,74000,74000,74000,74000,74000,74000,42,0,60000,61832.62909780855,44385.03348501399,87073.453981895,128.0
1790233597,12,TPOT,completion,0.200000,0.000000,530,530,560,560,560,560,560,560,560,560,560,42,0,440,457.84728275956826,324.03889144074145,657.3950124952179,0.0
1790233597,12,TTFT,completion,0.200000,0.000000,3900,3900,3900,3900,3900,3900,3900,3900,3900,3900,3900,42,0,3500,3685.465425191935,2998.8738580141217,6410.516866017133,0.0
1790233597,12,,Aggregated,0.600000,0.000000,3900,3900,47000,71000,74000,74000,74000,74000,74000,74000,74000,126,0,3500,21991.98060192002,324.03889144074145,87073.453981895,42.666666666666664
1790233598,12,POST,completion,0.200000,0.000000,71000,71000,74000,74000,74000,74000,74000,74000,74000,74000,74000,42,0,60000,61832.62909780855,44385.03348501399,87073.453981895,128.0
1790233598,12,TPOT,completion,0.200000,0.000000,530,530,560,560,560,560,560,560,560,560,560,42,0,440,457.84728275956826,324.03889144074145,657.3950124952179,0.0
1790233598,12,TTFT,completion,0.200000,0.000000,3900,3900,3900,3900,3900,3900,3900,3900,3900,3900,3900,42,0,3500,3685.465425191935,2998.8738580141217,6410.516866017133,0.0
1790233598,12,,Aggregated,0.600000,0.000000,3900,3900,47000,71000,74000,74000,74000,74000,74000,74000,74000,126,0,3500,21991.98060192002,324.03889144074145,87073.453981895,42.666666666666664
1790233599,12,POST,completion,0.200000,0.000000,71000,71000,74000,74000,74000,74000,74000,74000,74000,74000,74000,42,0,60000,61832.62909780855,44385.03348501399,87073.453981895,128.0
1790233599,12,TPOT,completion,0.200000,0.000000,530,530,560,560,560,560,560,560,560,560,560,42,0,440,457.84728275956826,324.03889144074145,657.3950124952179,0.0
1790233599,12,TTFT,completion,0.200000,0.000000,3900,3900,3900,3900,3900,3900,3900,3900,3900,3900,3900,42,0,3500,3685.465425191935,2998.8738580141217,6410.516866017133,0.0
1790233599,12,,Aggregated,0.600000,0.000000,3900,3900,47000,71000,74000,74000,74000,74000,74000,74000,74000,126,0,3500,21991.98060192002,324.03889144074145,87073.453981895,42.666666666666664
1790233600,12,POST,completion,0.200000,0.000000,71000,71000,74000,74000,74000,74000,74000,74000,74000,74000,74000,42,0,60000,61832.62909780855,44385.03348501399,87073.453981895,128.0
1790233600,12,TPOT,completion,0.200000,0.000000,530,530,560,560,560,560,560,560,560,560,560,42,0,440,457.84728275956826,324.03889144074145,657.3950124952179,0.0
1790233600,12,TTFT,completion,0.200000,0.000000,3900,3900,3900,3900,3900,3900,3900,3900,3900,3900,3900,42,0,3500,3685.465425191935,2998.8738580141217,6410.516866017133,0.0
1790233600,12,,Aggregated,0.600000,0.000000,3900,3900,47000,71000,74000,74000,74000,74000,74000,74000,74000,126,0,3500,21991.98060192002,324.03889144074145,87073.453981895,42.666666666666664
1790233601,12,POST,completion,0.200000,0.000000,71000,71000,74000,74000,74000,74000,74000,74000,74000,74000,74000,42,0,60000,61832.62909780855,44385.03348501399,87073.453981895,128.0
1790233601,12,TPOT,completion,0.200000,0.000000,530,530,560,560,560,560,560,560,560,560,560,42,0,440,457.84728275956826,324.03889144074145,657.3950124952179,0.0
1790233601,12,TTFT,completion,0.200000,0.000000,3900,3900,3900,3900,3900,3900,3900,3900,3900,3900,3900,42,0,3500,3685.465425191935,2998.8738580141217,6410.516866017133,0.0
1790233601,12,,Aggregated,0.600000,0.000000,3900,3900,47000,71000,74000,74000,74000,74000,74000,74000,74000,126,0,3500,21991.98060192002,324.03889144074145,87073.453981895,42.666666666666664
1790233602,12,POST,completion,0.300000,0.000000,71000,71000,71000,71000,71000,71000,71000,71000,71000,71000,71000,43,0,60000,62042.34297781489,44385.03348501399,87073.453981895,128.0
1790233602,12,TPOT,completion,0.300000,0.000000,530,530,530,530,530,530,530,530,530,530,530,43,0,440,459.51794746156713,324.03889144074145,657.3950124952179,0.0
1790233602,12,TTFT,completion,0.300000,0.000000,3600,3600,3900,3900,3900,3900,3900,3900,3900,3900,3900,43,0,3500,3683.002667793961,2998.8738580141217,6410.516866017133,0.0
1790233602,12,,Aggregated,0.900000,0.000000,3600,3900,47000,71000,71000,71000,71000,71000,71000,71000,71000,129,0,3500,22061.62119769014,324.03889144074145,87073.453981895,42.666666666666664
1790233603,12,POST,completion,0.200000,0.000000,71000,71000,71000,71000,71000,71000,71000,71000,71000,71000,71000,44,0,60000,61713.89609124956,44385.03348501399,87073.453981895,128.0
1790233603,12,TPOT,completion,0.200000,0.000000,530,530,530,530,530,530,530,530,530,530,530,44,0,440,456.9564968970124,324.03889144074145,657.3950124952179,0.0
1790233603,12,TTFT,completion,0.200000,0.000000,3600,3600,3900,3900,3900,3900,3900,3900,3900,3900,3900,44,0,3500,3679.8583749597046,2998.8738580141217,6410.516866017133,0.0
1790233603,12,,Aggregated,0.600000,0.000000,3600,3900,48000,48000,71000,71000,71000,71000,71000,71000,71000,132,0,3500,21950.23698770209,324.03889144074145,87073.453981895,42.666666666666664
1790233604,12,POST,completion,0.200000,0.000000,71000,71000,71000,71000,71000,71000,71000,71000,71000,71000,71000,44,0,60000,61713.89609124956,44385.03348501399,87073.453981895,128.0
1790233604,12,TPOT,completion,0.200000,0.000000,530,530,530,530,530,530,530,530,530,530,530,44,0,440,456.9564968970124,324.03889144074145,657.3950124952179,0.0
1790233604,12,TTFT,completion,0.200000,0.000000,3600,3600,3900,3900,3900,3900,3900,3900,3900,3900,3900,44,0,3500,3679.8583749597046,2998.8738580141217,6410.516866017133,0.0
1790233604,12,,Aggregated,0.600000,0.000000,3600,3900,48000,48000,71000,71000,71000,71000,71000,71000,71000,132,0,3500,21950.23698770209,324.03889144074145,87073.453981895,42.666666666666664
1790233605,12,POST,completion,0.200000,0.000000,71000,71000,71000,71000,71000,71000,71000,71000,71000,71000,71000,44,0,60000,61713.89609124956,44385.03348501399,87073.453981895,128.0
1790233605,12,TPOT,completion,0.200000,0.000000,530,530,530,530,530,530,530,530,530,530,530,44,0,440,456.9564968970124,324.03889144074145,657.3950124952179,0.0
1790233605,12,TTFT,completion,0.200000,0.000000,3600,3600,3900,3900,3900,3900,3900,3900,3900,3900,3900,44,0,3500,3679.8583749597046,2998.8738580141217,6410.516866017133,0.0
1790233605,12,,Aggregated,0.600000,0.000000,3600,3900,48000,48000,71000,71000,71000,71000,71000,71000,71000,132,0,3500,21950.23698770209,324.03889144074145,87073.453981895,42.666666666666664
1790233606,12,POST,completion,0.200000,0.000000,48000,48000,71000,71000,71000,71000,71000,71000,71000,71000,71000,44,0,60000,61713.89609124956,44385.03348501399,87073.453981895,128.0
1790233606,12,TPOT,completion,0.200000,0.000000,350,350,530,530,530,530,530,530,530,530,530,44,0,440,456.9564968970124,324.03889144074145,657.3950124952179,0.0
1790233606,12,TTFT,completion,0.200000,0.000000,3500,3500,3600,3600,3600,3600,3600,3600,3600,3600,3600,44,0,3500,3679.8583749597046,2998.8738580141217,6410.516866017133,0.0
1790233606,12,,Aggregated,0.600000,0.000000,3500,3600,47000,48000,71000,71000,71000,71000,71000,71000,71000,132,0,3500,21950.23698770209,324.03889144074145,87073.453981895,42.666666666666664
1790233607,12,POST,completion,0.200000,0.000000,48000,48000,71000,71000,71000,71000,71000,71000,71000,71000,71000,44,0,60000,61713.89609124956,44385.03348501399,87073.453981895,128.0
1790233607,12,TPOT,completion,0.200000,0.000000,350,350,530,530,530,530,530,530,530,530,530,44,0,440,456.9564968970124,324.03889144074145,657.3950124952179,0.0
1790233607,12,TTFT,completion,0.200000,0.000000,3500,3500,3600,3600,3600,3600,3600,3600,3600,3600,3600,44,0,3500,3679.8583749597046,2998.8738580141217,6410.516866017133,0.0
1790233607,12,,Aggregated,0.600000,0.000000,3500,3600,47000,48000,71000,71000,71000,71000,71000,71000,71000,132,0,3500,21950.23698770209,324.03889144074145,87073.453981895,42.666666666666664
1790233608,12,POST,completion,0.200000,0.000000,48000,48000,71000,71000,71000,71000,71000,71000,71000,71000,71000,44,0,60000,61713.89609124956,44385.03348501399,87073.453981895,128.0
1790233608,12,TPOT,completion,0.200000,0.000000,350,350,530,530,530,530,530,530,530,530,530,44,0,440,456.9564968970124,324.03889144074145,657.3950124952179,0.0
1790233608,12,TTFT,completion,0.200000,0.000000,3500,3500,3600,3600,3600,3600,3600,3600,3600,3600,3600,44,0,3500,3679.8583749597046,2998.8738580141217,6410.516866017133,0.0
1790233608,12,,Aggregated,0.600000,0.000000,3500,3600,47000,48000,71000,71000,71000,71000,71000,71000,71000,132,0,3500,21950.23698770209,324.03889144074145,87073.453981895,42.666666666666664
1790233609,12,POST,completion,0.200000,0.000000,71000,71000,71000,71000,71000,71000,71000,71000,71000,71000,71000,44,0,60000,61713.89609124956,44385.03348501399,87073.453981895,128.0
1790233609,12,TPOT,completion,0.200000,0.000000,530,530,530,530,530,530,530,530,530,530,530,44,0,440,456.9564968970124,324.03889144074145,657.3950124952179,0.0
1790233609,12,TTFT,completion,0.200000,0.000000,3600,3600,3600,3600,3600,3600,3600,3600,3600,3600,3600,44,0,3500,3679.8583749597046,2998.8738580141217,6410.516866017133,0.0
1790233609,12,,Aggregated,0.600000,0.000000,3600,3600,48000,48000,71000,71000,71000,71000,71000,71000,71000,132,0,3500,21950.23698770209,324.03889144074145,87073.453981895,42.666666666666664
1790233610,12,POST,completion,0.200000,0.000000,71000,71000,71000,71000,71000,71000,71000,71000,71000,71000,71000,44,0,60000,61713.89609124956,44385.03348501399,87073.453981895,128.0
1790233610,12,TPOT,completion,0.200000,0.000000,530,530,530,530,530,530,530,530,530,530,530,44,0,440,456.9564968970124,324.03889144074145,657.3950124952179,0.0
1790233610,12,TTFT,completion,0.200000,0.000000,3600,3600,3600,3600,3600,3600,3600,3600,3600,3600,3600,44,0,3500,3679.8583749597046,2998.8738580141217,6410.516866017133,0.0
1790233610,12,,Aggregated,0.600000,0.000000,3600,3600,48000,48000,71000,71000,71000,71000,71000,71000,71000,132,0,3500,21950.23698770209,324.03889144074145,87073.453981895,42.666666666666664
1790233611,12,POST,completion,0.200000,0.000000,48000,48000,48000,48000,48000,48000,48000,48000,48000,48000,48000,44,0,60000,61713.89609124956,44385.03348501399,87073.453981895,128.0
1790233611,12,TPOT,completion,0.200000,0.000000,350,350,350,350,350,350,350,350,350,350,350,44,0,440,456.9564968970124,324.03889144074145,657.3950124952179,0.0
1790233611,12,TTFT,completion,0.200000,0.000000,3500,3500,3500,3500,3500,3500,3500,3500,3500,3500,3500,44,0,3500,3679.8583749597046,2998.8738580141217,6410.516866017133,0.0
1790233611,12,,Aggregated,0.600000,0.000000,3500,3500,48000,48000,48000,48000,48000,48000,48000,48000,48000,132,0,3500,21950.23698770209,324.03889144074145,87073.453981895,42.666666666666664
1790233612,12,POST,completion,0.200000,0.000000,48000,48000,48000,48000,48000,48000,48000,48000,48000,48000,48000,44,0,60000,61713.89609124956,44385.03348501399,87073.453981895,128.0
1790233612,12,TPOT,completion,0.200000,0.000000,350,350,350,350,350,350,350,350,350,350,350,44,0,440,456.9564968970124,324.03889144074145,657.3950124952179,0.0
1790233612,12,TTFT,completion,0.200000,0.000000,3500,3500,3500,3500,3500,3500,3500,3500,3500,3500,3500,44,0,3500,3679.8583749597046,2998.8738580141217,6410.516866017133,0.0
1790233612,12,,Aggregated,0.600000,0.000000,3500,3500,48000,48000,48000,48000,48000,48000,48000,48000,48000,132,0,3500,21950.23698770209,324.03889144074145,87073.453981895,42.666666666666664
1790233613,12,POST,completion,0.200000,0.000000,48000,48000,48000,48000,48000,48000,48000,48000,48000,48000,48000,44,0,60000,61713.89609124956,44385.03348501399,87073.453981895,128.0
1790233613,12,TPOT,completion,0.200000,0.000000,350,350,350,350,350,350,350,350,350,350,350,44,0,440,456.9564968970124,324.03889144074145,657.3950124952179,0.0
1790233613,12,TTFT,completion,0.200000,0.000000,3500,3500,3500,3500,3500,3500,3500,3500,3500,3500,3500,44,0,3500,3679.8583749597046,2998.8738580141217,6410.516866017133,0.0
1790233613,12,,Aggregated,0.600000,0.000000,3500,3500,48000,48000,48000,48000,48000,48000,48000,48000,48000,132,0,3500,21950.23698770209,324.03889144074145,87073.453981895,42.666666666666664
1790233614,12,POST,completion,0.200000,0.000000,48000,48000,48000,48000,48000,48000,48000,48000,48000,48000,48000,44,0,60000,61713.89609124956,44385.03348501399,87073.453981895,128.0
1790233614,12,TPOT,completion,0.200000,0.000000,350,350,350,350,350,350,350,350,350,350,350,44,0,440,456.9564968970124,324.03889144074145,657.3950124952179,0.0
1790233614,12,TTFT,completion,0.200000,0.000000,3500,3500,3500,3500,3500,3500,3500,3500,3500,3500,3500,44,0,3500,3679.8583749597046,2998.8738580141217,6410.516866017133,0.0
1790233614,12,,Aggregated,0.600000,0.000000,3500,3500,48000,48000,48000,48000,48000,48000,48000,48000,48000,132,0,3500,21950.23698770209,324.03889144074145,87073.453981895,42.666666666666664
1790233615,12,POST,completion,0.200000,0.000000,48000,48000,48000,48000,48000,48000,48000,48000,48000,48000,48000,44,0,60000,61713.89609124956,44385.03348501399,87073.453981895,128.0
1790233615,12,TPOT,completion,0.200000,0.000000,350,350,350,350,350,350,350,350,350,350,350,44,0,440,456.9564968970124,324.03889144074145,657.3950124952179,0.0
1790233615,12,TTFT,completion,0.200000,0.000000,3500,3500,3500,3500,3500,3500,3500,3500,3500,3500,3500,44,0,3500,3679.8583749597046,2998.8738580141217,6410.516866017133,0.0
1790233615,12,,Aggregated,0.600000,0.000000,3500,3500,48000,48000,48000,48000,48000,48000,48000,48000,48000,132,0,3500,21950.23698770209,324.03889144074145,87073.453981895,42.666666666666664
1790233616,12,POST,completion,0.200000,0.000000,48000,48000,48000,48000,48000,48000,48000,48000,48000,48000,48000,44,0,60000,61713.89609124956,44385.03348501399,87073.453981895,128.0
1790233616,12,TPOT,completion,0.200000,0.000000,350,350,350,350,350,350,350,350,350,350,350,44,0,440,456.9564968970124,324.03889144074145,657.3950124952179,0.0
1790233616,12,TTFT,completion,0.200000,0.000000,3500,3500,3500,3500,3500,3500,3500,3500,3500,3500,3500,44,0,3500,3679.8583749597046,2998.8738580141217,6410.516866017133,0.0
1790233616,12,,Aggregated,0.600000,0.000000,3500,3500,48000,48000,48000,48000,48000,48000,48000,48000,48000,132,0,3500,21950.23698770209,324.03889144074145,87073.453981895,42.666666666666664
1790233617,12,POST,completion,0.200000,0.000000,48000,48000,48000,48000,48000,48000,48000,48000,48000,48000,48000,44,0,60000,61713.89609124956,44385.03348501399,87073.453981895,128.0
1790233617,12,TPOT,completion,0.200000,0.000000,350,350,350,350,350,350,350,350,350,350,350,44,0,440,456.9564968970124,324.03889144074145,657.3950124952179,0.0
1790233617,12,TTFT,completion,0.200000,0.000000,3500,3500,3500,3500,3500,3500,3500,3500,3500,3500,3500,44,0,3500,3679.8583749597046,2998.8738580141217,6410.516866017133,0.0
1790233617,12,,Aggregated,0.600000,0.000000,3500,3500,48000,48000,48000,48000,48000,48000,48000,48000,48000,132,0,3500,21950.23698770209,324.03889144074145,87073.453981895,42.666666666666664
1790233618,12,POST,completion,0.200000,0.000000,48000,48000,48000,48000,48000,48000,48000,48000,48000,48000,48000,44,0,60000,61713.89609124956,44385.03348501399,87073.453981895,128.0
1790233618,12,TPOT,completion,0.200000,0.000000,350,350,350,350,350,350,350,350,350,350,350,44,0,440,456.9564968970124,324.03889144074145,657.3950124952179,0.0
1790233618,12,TTFT,completion,0.200000,0.000000,3500,3500,3500,3500,3500,3500,3500,3500,3500,3500,3500,44,0,3500,3679.8583749597046,2998.8738580141217,6410.516866017133,0.0
1790233618,12,,Aggregated,0.600000,0.000000,3500,3500,48000,48000,48000,48000,48000,48000,48000,48000,48000,132,0,3500,21950.23698770209,324.03889144074145,87073.453981895,42.666666666666664
1790233619,12,POST,completion,0.200000,0.000000,48000,48000,48000,48000,48000,48000,48000,48000,48000,48000,48000,44,0,60000,61713.89609124956,44385.03348501399,87073.453981895,128.0
1790233619,12,TPOT,completion,0.200000,0.000000,350,350,350,350,350,350,350,350,350,350,350,44,0,440,456.9564968970124,324.03889144074145,657.3950124952179,0.0
1790233619,12,TTFT,completion,0.200000,0.000000,3500,3500,3500,3500,3500,3500,3500,3500,3500,3500,3500,44,0,3500,3679.8583749597046,2998.8738580141217,6410.516866017133,0.0
1790233619,12,,Aggregated,0.600000,0.000000,3500,3500,48000,48000,48000,48000,48000,48000,48000,48000,48000,132,0,3500,21950.23698770209,324.03889144074145,87073.453981895,42.666666666666664
1790233620,12,POST,completion,0.200000,0.000000,0,0,0,0,0,0,0,0,0,0,0,44,0,60000,61713.89609124956,44385.03348501399,87073.453981895,128.0
1790233620,12,TPOT,completion,0.200000,0.000000,0,0,0,0,0,0,0,0,0,0,0,44,0,440,456.9564968970124,324.03889144074145,657.3950124952179,0.0
1790233620,12,TTFT,completion,0.200000,0.000000,0,0,0,0,0,0,0,0,0,0,0,44,0,3500,3679.8583749597046,2998.8738580141217,6410.516866017133,0.0
1790233620,12,,Aggregated,0.600000,0.000000,0,0,0,0,0,0,0,0,0,0,0,132,0,3500,21950.23698770209,324.03889144074145,87073.453981895,42.666666666666664
1790233621,12,POST,completion,0.200000,0.000000,0,0,0,0,0,0,0,0,0,0,0,44,0,60000,61713.89609124956,44385.03348501399,87073.453981895,128.0
1790233621,12,TPOT,completion,0.200000,0.000000,0,0,0,0,0,0,0,0,0,0,0,44,0,440,456.9564968970124,324.03889144074145,657.3950124952179,0.0
1790233621,12,TTFT,completion,0.200000,0.000000,0,0,0,0,0,0,0,0,0,0,0,44,0,3500,3679.8583749597046,2998.8738580141217,6410.516866017133,0.0
1790233621,12,,Aggregated,0.600000,0.000000,0,0,0,0,0,0,0,0,0,0,0,132,0,3500,21950.23698770209,324.03889144074145,87073.453981895,42.666666666666664
1790233622,12,POST,completion,0.000000,0.000000,0,0,0,0,0,0,0,0,0,0,0,46,0,60000,61935.65456608675,44385.03348501399,87073.453981895,128.0
1790233622,12,TPOT,completion,0.000000,0.000000,0,0,0,0,0,0,0,0,0,0,0,46,0,440,458.71580354782463,324.03889144074145,657.3950124952179,0.0
1790233622,12,TTFT,completion,0.000000,0.000000,0,0,0,0,0,0,0,0,0,0,0,46,0,3500,3678.182957850842,2998.8738580141217,6410.516866017133,0.0
1790233622,12,,Aggregated,0.000000,0.000000,0,0,0,0,0,0,0,0,0,0,0,138,0,3500,22024.184442495134,324.03889144074145,87073.453981895,42.666666666666664
1790233623,12,POST,completion,0.000000,0.000000,79000,79000,79000,79000,79000,79000,79000,79000,79000,79000,79000,46,0,60000,61935.65456608675,44385.03348501399,87073.453981895,128.0
1790233623,12,TPOT,completion,0.000000,0.000000,590,590,590,590,590,590,590,590,590,590,590,46,0,440,458.71580354782463,324.03889144074145,657.3950124952179,0.0
1790233623,12,TTFT,completion,0.000000,0.000000,3700,3700,3700,3700,3700,3700,3700,3700,3700,3700,3700,46,0,3500,3678.182957850842,2998.8738580141217,6410.516866017133,0.0
1790233623,12,,Aggregated,0.000000,0.000000,3700,3700,55000,55000,79000,79000,79000,79000,79000,79000,79000,138,0,3500,22024.184442495134,324.03889144074145,87073.453981895,42.666666666666664
1790233624,12,POST,completion,0.000000,0.000000,79000,79000,79000,79000,79000,79000,79000,79000,79000,79000,79000,46,0,60000,61935.65456608675,44385.03348501399,87073.453981895,128.0
1790233624,12,TPOT,completion,0.000000,0.000000,590,590,590,590,590,590,590,590,590,590,590,46,0,440,458.71580354782463,324.03889144074145,657.3950124952179,0.0
1790233624,12,TTFT,completion,0.000000,0.000000,3700,3700,3700,3700,3700,3700,3700,3700,3700,3700,3700,46,0,3500,3678.182957850842,2998.8738580141217,6410.516866017133,0.0
1790233624,12,,Aggregated,0.000000,0.000000,3700,3700,55000,55000,79000,79000,79000,79000,79000,79000,79000,138,0,3500,22024.184442495134,324.03889144074145,87073.453981895,42.666666666666664
1790233625,12,POST,completion,0.000000,0.000000,79000,79000,79000,79000,79000,79000,79000,79000,79000,79000,79000,46,0,60000,61935.65456608675,44385.03348501399,87073.453981895,128.0
1790233625,12,TPOT,completion,0.000000,0.000000,590,590,590,590,590,590,590,590,590,590,590,46,0,440,458.71580354782463,324.03889144074145,657.3950124952179,0.0
1790233625,12,TTFT,completion,0.000000,0.000000,3700,3700,3700,3700,3700,3700,3700,3700,3700,3700,3700,46,0,3500,3678.182957850842,2998.8738580141217,6410.516866017133,0.0
1790233625,12,,Aggregated,0.000000,0.000000,3700,3700,55000,55000,79000,79000,79000,79000,79000,79000,79000,138,0,3500,22024.184442495134,324.03889144074145,87073.453981895,42.666666666666664
1790233626,12,POST,completion,0.000000,0.000000,79000,79000,79000,79000,79000,79000,79000,79000,79000,79000,79000,46,0,60000,61935.65456608675,44385.03348501399,87073.453981895,128.0
1790233626,12,TPOT,completion,0.000000,0.000000,590,590,590,590,590,590,590,590,590,590,590,46,0,440,458.71580354782463,324.03889144074145,657.3950124952179,0.0
1790233626,12,TTFT,completion,0.000000,0.000000,3700,3700,3700,3700,3700,3700,3700,3700,3700,3700,3700,46,0,3500,3678.182957850842,2998.8738580141217,6410.516866017133,0.0
1790233626,12,,Aggregated,0.000000,0.000000,3700,3700,55000,55000,79000,79000,79000,79000,79000,79000,79000,138,0,3500,22024.184442495134,324.03889144074145,87073.453981895,42.666666666666664
1790233627,12,POST,completion,0.000000,0.000000,79000,79000,79000,79000,79000,79000,79000,79000,79000,79000,79000,46,0,60000,61935.65456608675,44385.03348501399,87073.453981895,128.0
1790233627,12,TPOT,completion,0.000000,0.000000,590,590,590,590,590,590,590,590,590,590,590,46,0,440,458.71580354782463,324.03889144074145,657.3950124952179,0.0
1790233627,12,TTFT,completion,0.000000,0.000000,3700,3700,3700,3700,3700,3700,3700,3700,3700,3700,3700,46,0,3500,3678.182957850842,2998.8738580141217,6410.516866017133,0.0
1790233627,12,,Aggregated,0.000000,0.000000,3700,3700,55000,55000,79000,79000,79000,79000,79000,79000,79000,138,0,3500,22024.184442495134,324.03889144074145,87073.453981895,42.666666666666664
1790233628,12,POST,completion,0.000000,0.000000,79000,79000,79000,79000,79000,79000,79000,79000,79000,79000,79000,46,0,60000,61935.65456608675,44385.03348501399,87073.453981895,128.0
1790233628,12,TPOT,completion,0.000000,0.000000,590,590,590,590,590,590,590,590,590,590,590,46,0,440,458.71580354782463,324.03889144074145,657.3950124952179,0.0
1790233628,12,TTFT,completion,0.000000,0.000000,3700,3700,3700,3700,3700,3700,3700,3700,3700,3700,3700,46,0,3500,3678.182957850842,2998.8738580141217,6410.516866017133,0.0
1790233628,12,,Aggregated,0.000000,0.000000,3700,3700,55000,55000,79000,79000,79000,79000,79000,79000,79000,138,0,3500,22024.184442495134,324.03889144074145,87073.453981895,42.666666666666664
1790233629,12,POST,completion,0.000000,0.000000,79000,79000,79000,79000,79000,79000,79000,79000,79000,79000,79000,46,0,60000,61935.65456608675,44385.03348501399,87073.453981895,128.0
1790233629,12,TPOT,completion,0.000000,0.000000,590,590,590,590,590,590,590,590,590,590,590,46,0,440,458.71580354782463,324.03889144074145,657.3950124952179,0.0
1790233629,12,TTFT,completion,0.000000,0.000000,3700,3700,3700,3700,3700,3700,3700,3700,3700,3700,3700,46,0,3500,3678.182957850842,2998.8738580141217,6410.516866017133,0.0
1790233629,12,,Aggregated,0.000000,0.000000,3700,3700,55000,55000,79000,79000,79000,79000,79000,79000,79000,138,0,3500,22024.184442495134,324.03889144074145,87073.453981895,42.666666666666664
1790233630,12,POST,completion,0.200000,0.000000,58000,58000,79000,79000,79000,79000,79000,79000,79000,79000,79000,47,0,59000,61846.49879446729,44385.03348501399,87073.453981895,128.0
1790233630,12,TPOT,completion,0.200000,0.000000,430,430,590,590,590,590,590,590,590,590,590,47,0,440,458.0532447509463,324.03889144074145,657.3950124952179,0.0
1790233630,12,TTFT,completion,0.200000,0.000000,3500,3500,3700,3700,3700,3700,3700,3700,3700,3700,3700,47,0,3500,3673.1713352566385,2998.8738580141217,6410.516866017133,0.0
1790233630,12,,Aggregated,0.600000,0.000000,3500,3700,55000,58000,79000,79000,79000,79000,79000,79000,79000,141,0,3500,21992.574458158288,324.03889144074145,87073.453981895,42.666666666666664
